solid OpenSCAD_Model
  facet normal 0.995183 0.0980371 0
    outer loop
      vertex 45.4026 62.4758 9
      vertex 45.1107 65.4389 0
      vertex 45.1107 65.4389 9
    endloop
  endfacet
  facet normal 0.995183 0.0980371 0
    outer loop
      vertex 45.1107 65.4389 0
      vertex 45.4026 62.4758 9
      vertex 45.4026 62.4758 0
    endloop
  endfacet
  facet normal 0.999465 0.0327132 -0
    outer loop
      vertex 45.5 59.5 5
      vertex 45.4026 62.4758 9
      vertex 45.5 59.5 9
    endloop
  endfacet
  facet normal 0.999465 0.0327132 0
    outer loop
      vertex 45.4026 62.4758 9
      vertex 45.5 59.5 5
      vertex 45.4026 62.4758 0
    endloop
  endfacet
  facet normal 0.999465 0.0327132 0
    outer loop
      vertex 45.4026 62.4758 0
      vertex 45.5 59.5 5
      vertex 45.5 59.5 0
    endloop
  endfacet
  facet normal 0.412709 -0.910863 0
    outer loop
      vertex 17.4121 17.4635 5
      vertex 20.1241 18.6923 9
      vertex 17.4121 17.4635 9
    endloop
  endfacet
  facet normal 0.412709 -0.910863 0
    outer loop
      vertex 20.1241 18.6923 9
      vertex 17.4121 17.4635 5
      vertex 20.1241 18.6923 5
    endloop
  endfacet
  facet normal 0.95694 -0.290286 0
    outer loop
      vertex 43.0853 44.8745 9
      vertex 43.9496 47.7237 5
      vertex 43.9496 47.7237 9
    endloop
  endfacet
  facet normal 0.95694 -0.290286 0
    outer loop
      vertex 43.9496 47.7237 5
      vertex 43.0853 44.8745 9
      vertex 43.0853 44.8745 5
    endloop
  endfacet
  facet normal 0.634398 0.773006 -0
    outer loop
      vertex 30.0002 93.7087 0
      vertex 27.6986 95.5976 9
      vertex 30.0002 93.7087 9
    endloop
  endfacet
  facet normal 0.634398 0.773006 0
    outer loop
      vertex 27.6986 95.5976 9
      vertex 30.0002 93.7087 0
      vertex 27.6986 95.5976 0
    endloop
  endfacet
  facet normal -0.773006 0.634398 0
    outer loop
      vertex -36.0976 87.1986 0
      vertex -34.2087 89.5002 9
      vertex -34.2087 89.5002 0
    endloop
  endfacet
  facet normal -0.773006 0.634398 0
    outer loop
      vertex -34.2087 89.5002 9
      vertex -36.0976 87.1986 0
      vertex -36.0976 87.1986 9
    endloop
  endfacet
  facet normal -0.352249 -0.935906 0
    outer loop
      vertex -17.4121 17.4635 5
      vertex -14.6255 16.4147 9
      vertex -17.4121 17.4635 9
    endloop
  endfacet
  facet normal -0.352249 -0.935906 -0
    outer loop
      vertex -14.6255 16.4147 9
      vertex -17.4121 17.4635 5
      vertex -14.6255 16.4147 5
    endloop
  endfacet
  facet normal -0.58248 0.812845 0
    outer loop
      vertex -25.2784 97.3319 0
      vertex -27.6986 95.5976 9
      vertex -25.2784 97.3319 9
    endloop
  endfacet
  facet normal -0.58248 0.812845 0
    outer loop
      vertex -27.6986 95.5976 9
      vertex -25.2784 97.3319 0
      vertex -27.6986 95.5976 0
    endloop
  endfacet
  facet normal -0.68357 0.729885 0
    outer loop
      vertex -30.0002 93.7087 0
      vertex -32.1734 91.6734 9
      vertex -30.0002 93.7087 9
    endloop
  endfacet
  facet normal -0.68357 0.729885 0
    outer loop
      vertex -32.1734 91.6734 9
      vertex -30.0002 93.7087 0
      vertex -32.1734 91.6734 0
    endloop
  endfacet
  facet normal 0.0325785 0.999469 -0
    outer loop
      vertex 2.97584 104.903 6.05
      vertex 0 105 9
      vertex 2.97584 104.903 9
    endloop
  endfacet
  facet normal 0.0325785 0.999469 0
    outer loop
      vertex 0 105 9
      vertex 2.97584 104.903 6.05
      vertex 0 105 6.05
    endloop
  endfacet
  facet normal -0.729885 -0.68357 0
    outer loop
      vertex -32.1734 27.3266 5
      vertex -34.2087 29.4998 9
      vertex -34.2087 29.4998 5
    endloop
  endfacet
  facet normal -0.729885 -0.68357 0
    outer loop
      vertex -34.2087 29.4998 9
      vertex -32.1734 27.3266 5
      vertex -32.1734 27.3266 9
    endloop
  endfacet
  facet normal 0.68357 0.729885 -0
    outer loop
      vertex 32.1734 91.6734 0
      vertex 30.0002 93.7087 9
      vertex 32.1734 91.6734 9
    endloop
  endfacet
  facet normal 0.68357 0.729885 0
    outer loop
      vertex 30.0002 93.7087 9
      vertex 32.1734 91.6734 0
      vertex 30.0002 93.7087 0
    endloop
  endfacet
  facet normal 0.352014 0.935995 -0
    outer loop
      vertex 17.4121 101.537 6
      vertex 14.6255 102.585 9
      vertex 17.4121 101.537 9
    endloop
  endfacet
  facet normal 0.352014 0.935995 0
    outer loop
      vertex 14.6255 102.585 9
      vertex 17.4121 101.537 6
      vertex 14.6255 102.585 6
    endloop
  endfacet
  facet normal -0.68357 -0.729885 0
    outer loop
      vertex -32.1734 27.3266 5
      vertex -30.0002 25.2913 9
      vertex -32.1734 27.3266 9
    endloop
  endfacet
  facet normal -0.68357 -0.729885 -0
    outer loop
      vertex -30.0002 25.2913 9
      vertex -32.1734 27.3266 5
      vertex -30.0002 25.2913 5
    endloop
  endfacet
  facet normal -0.973878 0.227071 0
    outer loop
      vertex -44.6257 68.3766 0
      vertex -43.9496 71.2763 9
      vertex -43.9496 71.2763 0
    endloop
  endfacet
  facet normal -0.973878 0.227071 0
    outer loop
      vertex -43.9496 71.2763 9
      vertex -44.6257 68.3766 0
      vertex -44.6257 68.3766 9
    endloop
  endfacet
  facet normal -0.58248 -0.812845 0
    outer loop
      vertex -27.6986 23.4024 5
      vertex -25.2784 21.6681 9
      vertex -27.6986 23.4024 9
    endloop
  endfacet
  facet normal -0.58248 -0.812845 -0
    outer loop
      vertex -25.2784 21.6681 9
      vertex -27.6986 23.4024 5
      vertex -25.2784 21.6681 5
    endloop
  endfacet
  facet normal -0.935906 -0.352249 0
    outer loop
      vertex -42.0365 42.0879 5
      vertex -43.0853 44.8745 9
      vertex -43.0853 44.8745 5
    endloop
  endfacet
  facet normal -0.935906 -0.352249 0
    outer loop
      vertex -43.0853 44.8745 9
      vertex -42.0365 42.0879 5
      vertex -42.0365 42.0879 9
    endloop
  endfacet
  facet normal -0.812845 -0.58248 0
    outer loop
      vertex -36.0976 31.8014 5
      vertex -37.8319 34.2216 9
      vertex -37.8319 34.2216 5
    endloop
  endfacet
  facet normal -0.812845 -0.58248 0
    outer loop
      vertex -37.8319 34.2216 9
      vertex -36.0976 31.8014 5
      vertex -36.0976 31.8014 9
    endloop
  endfacet
  facet normal 0.729885 -0.68357 0
    outer loop
      vertex 32.1734 27.3266 9
      vertex 34.2087 29.4998 5
      vertex 34.2087 29.4998 9
    endloop
  endfacet
  facet normal 0.729885 -0.68357 0
    outer loop
      vertex 34.2087 29.4998 5
      vertex 32.1734 27.3266 9
      vertex 32.1734 27.3266 5
    endloop
  endfacet
  facet normal -0.0325785 0.999469 0
    outer loop
      vertex 0 105 6.05
      vertex -2.97584 104.903 9
      vertex 0 105 9
    endloop
  endfacet
  facet normal -0.0325785 0.999469 0
    outer loop
      vertex -2.97584 104.903 9
      vertex 0 105 6.05
      vertex -2.97584 104.903 6.05
    endloop
  endfacet
  facet normal -0.95694 0.290286 0
    outer loop
      vertex -43.9496 71.2763 0
      vertex -43.0853 74.1255 9
      vertex -43.0853 74.1255 0
    endloop
  endfacet
  facet normal -0.95694 0.290286 0
    outer loop
      vertex -43.0853 74.1255 9
      vertex -43.9496 71.2763 0
      vertex -43.9496 71.2763 9
    endloop
  endfacet
  facet normal 0.935906 0.352249 0
    outer loop
      vertex 43.0853 74.1255 9
      vertex 42.0365 76.9121 0
      vertex 42.0365 76.9121 9
    endloop
  endfacet
  facet normal 0.935906 0.352249 0
    outer loop
      vertex 42.0365 76.9121 0
      vertex 43.0853 74.1255 9
      vertex 43.0853 74.1255 0
    endloop
  endfacet
  facet normal -0.849196 -0.528078 0
    outer loop
      vertex -37.8319 34.2216 5
      vertex -39.4042 36.75 9
      vertex -39.4042 36.75 5
    endloop
  endfacet
  facet normal -0.849196 -0.528078 0
    outer loop
      vertex -39.4042 36.75 9
      vertex -37.8319 34.2216 5
      vertex -37.8319 34.2216 9
    endloop
  endfacet
  facet normal 0.227072 -0.973878 0
    outer loop
      vertex 8.87661 14.8743 5
      vertex 11.7763 15.5504 9
      vertex 8.87661 14.8743 9
    endloop
  endfacet
  facet normal 0.227072 -0.973878 0
    outer loop
      vertex 11.7763 15.5504 9
      vertex 8.87661 14.8743 5
      vertex 11.7763 15.5504 5
    endloop
  endfacet
  facet normal 0.910863 0.412709 0
    outer loop
      vertex 42.0365 76.9121 9
      vertex 40.8077 79.6241 0
      vertex 40.8077 79.6241 9
    endloop
  endfacet
  facet normal 0.910863 0.412709 0
    outer loop
      vertex 40.8077 79.6241 0
      vertex 42.0365 76.9121 9
      vertex 42.0365 76.9121 0
    endloop
  endfacet
  facet normal 0.162932 -0.986637 0
    outer loop
      vertex 7 14.5644 5
      vertex 8.87661 14.8743 9
      vertex 7 14.5644 9
    endloop
  endfacet
  facet normal 0.162932 -0.986637 0
    outer loop
      vertex 8.87661 14.8743 9
      vertex 7 14.5644 5
      vertex 8.87661 14.8743 5
    endloop
  endfacet
  facet normal -0.881931 -0.471378 0
    outer loop
      vertex -39.4042 36.75 5
      vertex -40.8077 39.3759 9
      vertex -40.8077 39.3759 5
    endloop
  endfacet
  facet normal -0.881931 -0.471378 0
    outer loop
      vertex -40.8077 39.3759 9
      vertex -39.4042 36.75 5
      vertex -39.4042 36.75 9
    endloop
  endfacet
  facet normal 0.95694 0.290286 0
    outer loop
      vertex 43.9496 71.2763 9
      vertex 43.0853 74.1255 0
      vertex 43.0853 74.1255 9
    endloop
  endfacet
  facet normal 0.95694 0.290286 0
    outer loop
      vertex 43.0853 74.1255 0
      vertex 43.9496 71.2763 9
      vertex 43.9496 71.2763 0
    endloop
  endfacet
  facet normal -0.528078 -0.849196 0
    outer loop
      vertex -25.2784 21.6681 5
      vertex -22.75 20.0958 9
      vertex -25.2784 21.6681 9
    endloop
  endfacet
  facet normal -0.528078 -0.849196 -0
    outer loop
      vertex -22.75 20.0958 9
      vertex -25.2784 21.6681 5
      vertex -22.75 20.0958 5
    endloop
  endfacet
  facet normal -0.352014 0.935995 0
    outer loop
      vertex -14.6255 102.585 6
      vertex -17.4121 101.537 9
      vertex -14.6255 102.585 9
    endloop
  endfacet
  facet normal -0.352014 0.935995 0
    outer loop
      vertex -17.4121 101.537 9
      vertex -14.6255 102.585 6
      vertex -17.4121 101.537 6
    endloop
  endfacet
  facet normal 0.0980704 0.995179 -0
    outer loop
      vertex 5.93894 104.611 6.05
      vertex 2.97584 104.903 9
      vertex 5.93894 104.611 9
    endloop
  endfacet
  facet normal 0.0980704 0.995179 0
    outer loop
      vertex 2.97584 104.903 9
      vertex 5.93894 104.611 6.05
      vertex 2.97584 104.903 6.05
    endloop
  endfacet
  facet normal -0.162892 0.986644 0
    outer loop
      vertex -5.93894 104.611 6.05
      vertex -8.87661 104.126 9
      vertex -5.93894 104.611 9
    endloop
  endfacet
  facet normal -0.162892 0.986644 0
    outer loop
      vertex -8.87661 104.126 9
      vertex -5.93894 104.611 6.05
      vertex -8.87661 104.126 6.05
    endloop
  endfacet
  facet normal -0.986644 0.16289 0
    outer loop
      vertex -45.1107 65.4389 0
      vertex -44.6257 68.3766 9
      vertex -44.6257 68.3766 0
    endloop
  endfacet
  facet normal -0.986644 0.16289 0
    outer loop
      vertex -44.6257 68.3766 9
      vertex -45.1107 65.4389 0
      vertex -45.1107 65.4389 9
    endloop
  endfacet
  facet normal 0.22704 0.973885 -9.65701e-05
    outer loop
      vertex 11.7763 103.45 9
      vertex 9.41583 104 6.05
      vertex 8.87661 104.126 9
    endloop
  endfacet
  facet normal 0.226926 0.973912 -0
    outer loop
      vertex 11.7763 103.45 6
      vertex 9.41583 104 6.05
      vertex 11.7763 103.45 9
    endloop
  endfacet
  facet normal 0.226926 0.973912 0
    outer loop
      vertex 9.41583 104 6.05
      vertex 11.7763 103.45 6
      vertex 9.41583 104 6
    endloop
  endfacet
  facet normal 0.227541 0.973768 0
    outer loop
      vertex 8.87661 104.126 9
      vertex 9.41583 104 6.05
      vertex 8.87661 104.126 6.05
    endloop
  endfacet
  facet normal -0.999465 0.0327132 0
    outer loop
      vertex -45.5 59.5 5
      vertex -45.4026 62.4758 0
      vertex -45.5 59.5 0
    endloop
  endfacet
  facet normal -0.999465 0.0327132 0
    outer loop
      vertex -45.4026 62.4758 0
      vertex -45.5 59.5 5
      vertex -45.4026 62.4758 9
    endloop
  endfacet
  facet normal -0.999465 0.0327132 0
    outer loop
      vertex -45.4026 62.4758 9
      vertex -45.5 59.5 5
      vertex -45.5 59.5 9
    endloop
  endfacet
  facet normal 0.935906 -0.352249 0
    outer loop
      vertex 42.0365 42.0879 9
      vertex 43.0853 44.8745 5
      vertex 43.0853 44.8745 9
    endloop
  endfacet
  facet normal 0.935906 -0.352249 0
    outer loop
      vertex 43.0853 44.8745 5
      vertex 42.0365 42.0879 9
      vertex 42.0365 42.0879 5
    endloop
  endfacet
  facet normal -0.881931 0.471378 0
    outer loop
      vertex -40.8077 79.6241 0
      vertex -39.4042 82.25 9
      vertex -39.4042 82.25 0
    endloop
  endfacet
  facet normal -0.881931 0.471378 0
    outer loop
      vertex -39.4042 82.25 9
      vertex -40.8077 79.6241 0
      vertex -40.8077 79.6241 9
    endloop
  endfacet
  facet normal -0.849196 0.528078 0
    outer loop
      vertex -39.4042 82.25 0
      vertex -37.8319 84.7784 9
      vertex -37.8319 84.7784 0
    endloop
  endfacet
  facet normal -0.849196 0.528078 0
    outer loop
      vertex -37.8319 84.7784 9
      vertex -39.4042 82.25 0
      vertex -39.4042 82.25 9
    endloop
  endfacet
  facet normal -0.471456 0.88189 0
    outer loop
      vertex -20.1241 100.308 0
      vertex -22.75 98.9042 9
      vertex -20.1241 100.308 9
    endloop
  endfacet
  facet normal -0.471456 0.88189 0
    outer loop
      vertex -22.75 98.9042 9
      vertex -20.1241 100.308 0
      vertex -22.75 98.9042 0
    endloop
  endfacet
  facet normal 0.471456 0.88189 -0
    outer loop
      vertex 22.75 98.9042 0
      vertex 20.1241 100.308 9
      vertex 22.75 98.9042 9
    endloop
  endfacet
  facet normal 0.471456 0.88189 0
    outer loop
      vertex 20.1241 100.308 9
      vertex 22.75 98.9042 0
      vertex 20.1241 100.308 0
    endloop
  endfacet
  facet normal 0.412765 0.910837 -0.000121479
    outer loop
      vertex 20.1241 100.308 9
      vertex 18.5962 101 6
      vertex 17.4121 101.537 9
    endloop
  endfacet
  facet normal 0.412567 0.910927 -0
    outer loop
      vertex 20.1241 100.308 0
      vertex 18.5962 101 6
      vertex 20.1241 100.308 9
    endloop
  endfacet
  facet normal 0.412567 0.910927 0
    outer loop
      vertex 18.5962 101 6
      vertex 20.1241 100.308 0
      vertex 18.5962 101 0
    endloop
  endfacet
  facet normal 0.41302 0.910722 0
    outer loop
      vertex 17.4121 101.537 9
      vertex 18.5962 101 6
      vertex 17.4121 101.537 6
    endloop
  endfacet
  facet normal 0.849196 0.528078 0
    outer loop
      vertex 39.4042 82.25 9
      vertex 37.8319 84.7784 0
      vertex 37.8319 84.7784 9
    endloop
  endfacet
  facet normal 0.849196 0.528078 0
    outer loop
      vertex 37.8319 84.7784 0
      vertex 39.4042 82.25 9
      vertex 39.4042 82.25 0
    endloop
  endfacet
  facet normal 0.986644 -0.16289 0
    outer loop
      vertex 44.6257 50.6234 9
      vertex 45.1107 53.5611 5
      vertex 45.1107 53.5611 9
    endloop
  endfacet
  facet normal 0.986644 -0.16289 0
    outer loop
      vertex 45.1107 53.5611 5
      vertex 44.6257 50.6234 9
      vertex 44.6257 50.6234 5
    endloop
  endfacet
  facet normal -0.910863 -0.412709 0
    outer loop
      vertex -40.8077 39.3759 5
      vertex -42.0365 42.0879 9
      vertex -42.0365 42.0879 5
    endloop
  endfacet
  facet normal -0.910863 -0.412709 0
    outer loop
      vertex -42.0365 42.0879 9
      vertex -40.8077 39.3759 5
      vertex -40.8077 39.3759 9
    endloop
  endfacet
  facet normal -0.773006 -0.634398 0
    outer loop
      vertex -34.2087 29.4998 5
      vertex -36.0976 31.8014 9
      vertex -36.0976 31.8014 5
    endloop
  endfacet
  facet normal -0.773006 -0.634398 0
    outer loop
      vertex -36.0976 31.8014 9
      vertex -34.2087 29.4998 5
      vertex -34.2087 29.4998 9
    endloop
  endfacet
  facet normal -0.986644 -0.16289 0
    outer loop
      vertex -44.6257 50.6234 5
      vertex -45.1107 53.5611 9
      vertex -45.1107 53.5611 5
    endloop
  endfacet
  facet normal -0.986644 -0.16289 0
    outer loop
      vertex -45.1107 53.5611 9
      vertex -44.6257 50.6234 5
      vertex -44.6257 50.6234 9
    endloop
  endfacet
  facet normal 0.881931 0.471378 0
    outer loop
      vertex 40.8077 79.6241 9
      vertex 39.4042 82.25 0
      vertex 39.4042 82.25 9
    endloop
  endfacet
  facet normal 0.881931 0.471378 0
    outer loop
      vertex 39.4042 82.25 0
      vertex 40.8077 79.6241 9
      vertex 40.8077 79.6241 0
    endloop
  endfacet
  facet normal 0.881931 -0.471378 0
    outer loop
      vertex 39.4042 36.75 9
      vertex 40.8077 39.3759 5
      vertex 40.8077 39.3759 9
    endloop
  endfacet
  facet normal 0.881931 -0.471378 0
    outer loop
      vertex 40.8077 39.3759 5
      vertex 39.4042 36.75 9
      vertex 39.4042 36.75 5
    endloop
  endfacet
  facet normal 0.849196 -0.528078 0
    outer loop
      vertex 37.8319 34.2216 9
      vertex 39.4042 36.75 5
      vertex 39.4042 36.75 9
    endloop
  endfacet
  facet normal 0.849196 -0.528078 0
    outer loop
      vertex 39.4042 36.75 5
      vertex 37.8319 34.2216 9
      vertex 37.8319 34.2216 5
    endloop
  endfacet
  facet normal 0.68357 -0.729885 0
    outer loop
      vertex 30.0002 25.2913 5
      vertex 32.1734 27.3266 9
      vertex 30.0002 25.2913 9
    endloop
  endfacet
  facet normal 0.68357 -0.729885 0
    outer loop
      vertex 32.1734 27.3266 9
      vertex 30.0002 25.2913 5
      vertex 32.1734 27.3266 5
    endloop
  endfacet
  facet normal -0.999465 -0.0327132 0
    outer loop
      vertex -45.4026 56.5242 5
      vertex -45.5 59.5 9
      vertex -45.5 59.5 5
    endloop
  endfacet
  facet normal -0.999465 -0.0327132 0
    outer loop
      vertex -45.5 59.5 9
      vertex -45.4026 56.5242 5
      vertex -45.4026 56.5242 9
    endloop
  endfacet
  facet normal 0.634398 -0.773006 0
    outer loop
      vertex 27.6986 23.4024 5
      vertex 30.0002 25.2913 9
      vertex 27.6986 23.4024 9
    endloop
  endfacet
  facet normal 0.634398 -0.773006 0
    outer loop
      vertex 30.0002 25.2913 9
      vertex 27.6986 23.4024 5
      vertex 30.0002 25.2913 5
    endloop
  endfacet
  facet normal 0.471378 -0.881931 0
    outer loop
      vertex 20.1241 18.6923 5
      vertex 22.75 20.0958 9
      vertex 20.1241 18.6923 9
    endloop
  endfacet
  facet normal 0.471378 -0.881931 0
    outer loop
      vertex 22.75 20.0958 9
      vertex 20.1241 18.6923 5
      vertex 22.75 20.0958 5
    endloop
  endfacet
  facet normal 0.999465 -0.0327132 0
    outer loop
      vertex 45.4026 56.5242 9
      vertex 45.5 59.5 5
      vertex 45.5 59.5 9
    endloop
  endfacet
  facet normal 0.999465 -0.0327132 0
    outer loop
      vertex 45.5 59.5 5
      vertex 45.4026 56.5242 9
      vertex 45.4026 56.5242 5
    endloop
  endfacet
  facet normal 0 0 1
    outer loop
      vertex -8.58397 16.3454 9
      vertex -7 14.5644 9
      vertex -6.49162 16 9
    endloop
  endfacet
  facet normal 0 0 1
    outer loop
      vertex -8.58397 16.3454 9
      vertex -8.87661 14.8743 9
      vertex -7 14.5644 9
    endloop
  endfacet
  facet normal 0 0 1
    outer loop
      vertex -11.388 16.9993 9
      vertex -8.87661 14.8743 9
      vertex -8.58397 16.3454 9
    endloop
  endfacet
  facet normal 0 0 1
    outer loop
      vertex -11.388 16.9993 9
      vertex -11.7763 15.5504 9
      vertex -8.87661 14.8743 9
    endloop
  endfacet
  facet normal 0 0 1
    outer loop
      vertex -14.1433 17.8351 9
      vertex -11.7763 15.5504 9
      vertex -11.388 16.9993 9
    endloop
  endfacet
  facet normal 0 0 1
    outer loop
      vertex -14.1433 17.8351 9
      vertex -14.6255 16.4147 9
      vertex -11.7763 15.5504 9
    endloop
  endfacet
  facet normal 0 0 1
    outer loop
      vertex -16.8381 18.8493 9
      vertex -14.6255 16.4147 9
      vertex -14.1433 17.8351 9
    endloop
  endfacet
  facet normal 0 0 1
    outer loop
      vertex -16.8381 18.8493 9
      vertex -17.4121 17.4635 9
      vertex -14.6255 16.4147 9
    endloop
  endfacet
  facet normal 0 0 1
    outer loop
      vertex -19.4607 20.0376 9
      vertex -17.4121 17.4635 9
      vertex -16.8381 18.8493 9
    endloop
  endfacet
  facet normal 0 0 1
    outer loop
      vertex -19.4607 20.0376 9
      vertex -20.1241 18.6923 9
      vertex -17.4121 17.4635 9
    endloop
  endfacet
  facet normal 0 0 1
    outer loop
      vertex -22 21.3949 9
      vertex -20.1241 18.6923 9
      vertex -19.4607 20.0376 9
    endloop
  endfacet
  facet normal 0 0 1
    outer loop
      vertex -22 21.3949 9
      vertex -22.75 20.0958 9
      vertex -20.1241 18.6923 9
    endloop
  endfacet
  facet normal 0 0 1
    outer loop
      vertex -24.4451 22.9153 9
      vertex -22.75 20.0958 9
      vertex -22 21.3949 9
    endloop
  endfacet
  facet normal 0 0 1
    outer loop
      vertex -24.4451 22.9153 9
      vertex -25.2784 21.6681 9
      vertex -22.75 20.0958 9
    endloop
  endfacet
  facet normal 0 0 1
    outer loop
      vertex -26.7855 24.5925 9
      vertex -25.2784 21.6681 9
      vertex -24.4451 22.9153 9
    endloop
  endfacet
  facet normal 0 0 1
    outer loop
      vertex -26.7855 24.5925 9
      vertex -27.6986 23.4024 9
      vertex -25.2784 21.6681 9
    endloop
  endfacet
  facet normal 0 0 1
    outer loop
      vertex -29.0112 26.419 9
      vertex -27.6986 23.4024 9
      vertex -26.7855 24.5925 9
    endloop
  endfacet
  facet normal 0 0 1
    outer loop
      vertex -29.0112 26.419 9
      vertex -30.0002 25.2913 9
      vertex -27.6986 23.4024 9
    endloop
  endfacet
  facet normal 0 0 1
    outer loop
      vertex -31.1127 28.3873 9
      vertex -30.0002 25.2913 9
      vertex -29.0112 26.419 9
    endloop
  endfacet
  facet normal 0 0 1
    outer loop
      vertex -31.1127 28.3873 9
      vertex -32.1734 27.3266 9
      vertex -30.0002 25.2913 9
    endloop
  endfacet
  facet normal 0 0 1
    outer loop
      vertex -33.081 30.4888 9
      vertex -32.1734 27.3266 9
      vertex -31.1127 28.3873 9
    endloop
  endfacet
  facet normal 0 0 1
    outer loop
      vertex -33.081 30.4888 9
      vertex -34.2087 29.4998 9
      vertex -32.1734 27.3266 9
    endloop
  endfacet
  facet normal 0 0 1
    outer loop
      vertex -34.9075 32.7145 9
      vertex -34.2087 29.4998 9
      vertex -33.081 30.4888 9
    endloop
  endfacet
  facet normal 0 0 1
    outer loop
      vertex -34.9075 32.7145 9
      vertex -36.0976 31.8014 9
      vertex -34.2087 29.4998 9
    endloop
  endfacet
  facet normal 0 0 1
    outer loop
      vertex -36.5847 35.0549 9
      vertex -36.0976 31.8014 9
      vertex -34.9075 32.7145 9
    endloop
  endfacet
  facet normal 0 0 1
    outer loop
      vertex -36.5847 35.0549 9
      vertex -37.8319 34.2216 9
      vertex -36.0976 31.8014 9
    endloop
  endfacet
  facet normal 0 0 1
    outer loop
      vertex -38.1051 37.5 9
      vertex -37.8319 34.2216 9
      vertex -36.5847 35.0549 9
    endloop
  endfacet
  facet normal 0 0 1
    outer loop
      vertex -38.1051 37.5 9
      vertex -39.4042 36.75 9
      vertex -37.8319 34.2216 9
    endloop
  endfacet
  facet normal 0 0 1
    outer loop
      vertex -39.4624 40.0393 9
      vertex -39.4042 36.75 9
      vertex -38.1051 37.5 9
    endloop
  endfacet
  facet normal 0 0 1
    outer loop
      vertex -40.8077 39.3759 9
      vertex -39.4624 40.0393 9
      vertex -40.6507 42.6619 9
    endloop
  endfacet
  facet normal 0 0 1
    outer loop
      vertex -39.4624 40.0393 9
      vertex -40.8077 39.3759 9
      vertex -39.4042 36.75 9
    endloop
  endfacet
  facet normal 0 0 1
    outer loop
      vertex -42.0365 42.0879 9
      vertex -40.6507 42.6619 9
      vertex -41.6649 45.3567 9
    endloop
  endfacet
  facet normal 0 0 1
    outer loop
      vertex -40.6507 42.6619 9
      vertex -42.0365 42.0879 9
      vertex -40.8077 39.3759 9
    endloop
  endfacet
  facet normal 0 0 1
    outer loop
      vertex -43.0853 44.8745 9
      vertex -41.6649 45.3567 9
      vertex -42.5007 48.112 9
    endloop
  endfacet
  facet normal 0 0 1
    outer loop
      vertex -41.6649 45.3567 9
      vertex -43.0853 44.8745 9
      vertex -42.0365 42.0879 9
    endloop
  endfacet
  facet normal 0 0 1
    outer loop
      vertex -43.9496 47.7237 9
      vertex -42.5007 48.112 9
      vertex -43.1546 50.916 9
    endloop
  endfacet
  facet normal 0 0 1
    outer loop
      vertex -44.6257 50.6234 9
      vertex -43.1546 50.916 9
      vertex -43.6236 53.7568 9
    endloop
  endfacet
  facet normal 0 0 1
    outer loop
      vertex -45.1107 53.5611 9
      vertex -43.6236 53.7568 9
      vertex -43.9058 56.6223 9
    endloop
  endfacet
  facet normal 0 0 1
    outer loop
      vertex -42.5007 48.112 9
      vertex -43.9496 47.7237 9
      vertex -43.0853 44.8745 9
    endloop
  endfacet
  facet normal 0 0 1
    outer loop
      vertex -45.4026 56.5242 9
      vertex -43.9058 56.6223 9
      vertex -44 59.5 9
    endloop
  endfacet
  facet normal -0 0 1
    outer loop
      vertex -45.4026 62.4758 9
      vertex -43.9058 62.3777 9
      vertex -45.1107 65.4389 9
    endloop
  endfacet
  facet normal 0 0 1
    outer loop
      vertex -43.1546 50.916 9
      vertex -44.6257 50.6234 9
      vertex -43.9496 47.7237 9
    endloop
  endfacet
  facet normal 0 0 1
    outer loop
      vertex -43.9058 62.3777 9
      vertex -45.4026 62.4758 9
      vertex -44 59.5 9
    endloop
  endfacet
  facet normal 0 0 1
    outer loop
      vertex -43.6236 53.7568 9
      vertex -45.1107 53.5611 9
      vertex -44.6257 50.6234 9
    endloop
  endfacet
  facet normal 0 0 1
    outer loop
      vertex -45.5 59.5 9
      vertex -44 59.5 9
      vertex -45.4026 62.4758 9
    endloop
  endfacet
  facet normal 0 0 1
    outer loop
      vertex -43.9058 56.6223 9
      vertex -45.4026 56.5242 9
      vertex -45.1107 53.5611 9
    endloop
  endfacet
  facet normal 0 0 1
    outer loop
      vertex -44 59.5 9
      vertex -45.5 59.5 9
      vertex -45.4026 56.5242 9
    endloop
  endfacet
  facet normal 0 0 1
    outer loop
      vertex 44 59.5 9
      vertex 45.5 59.5 9
      vertex 45.4026 62.4758 9
    endloop
  endfacet
  facet normal 0 0 1
    outer loop
      vertex 43.9058 62.3777 9
      vertex 45.4026 62.4758 9
      vertex 45.1107 65.4389 9
    endloop
  endfacet
  facet normal 0 0 1
    outer loop
      vertex 45.5 59.5 9
      vertex 44 59.5 9
      vertex 45.4026 56.5242 9
    endloop
  endfacet
  facet normal 0 0 1
    outer loop
      vertex 43.6236 65.2431 9
      vertex 45.1107 65.4389 9
      vertex 44.6257 68.3766 9
    endloop
  endfacet
  facet normal -0 0 1
    outer loop
      vertex 43.9058 56.6223 9
      vertex 45.4026 56.5242 9
      vertex 44 59.5 9
    endloop
  endfacet
  facet normal 0 0 1
    outer loop
      vertex 45.4026 56.5242 9
      vertex 43.9058 56.6223 9
      vertex 45.1107 53.5611 9
    endloop
  endfacet
  facet normal 0 0 1
    outer loop
      vertex 43.1546 68.084 9
      vertex 44.6257 68.3766 9
      vertex 43.9496 71.2763 9
    endloop
  endfacet
  facet normal 0 0 1
    outer loop
      vertex 45.4026 62.4758 9
      vertex 43.9058 62.3777 9
      vertex 44 59.5 9
    endloop
  endfacet
  facet normal 0 0 1
    outer loop
      vertex 45.1107 65.4389 9
      vertex 43.6236 65.2431 9
      vertex 43.9058 62.3777 9
    endloop
  endfacet
  facet normal 0 0 1
    outer loop
      vertex 44.6257 68.3766 9
      vertex 43.1546 68.084 9
      vertex 43.6236 65.2431 9
    endloop
  endfacet
  facet normal 0 0 1
    outer loop
      vertex 42.5007 70.888 9
      vertex 43.9496 71.2763 9
      vertex 43.0853 74.1255 9
    endloop
  endfacet
  facet normal 0 0 1
    outer loop
      vertex 43.9496 71.2763 9
      vertex 42.5007 70.888 9
      vertex 43.1546 68.084 9
    endloop
  endfacet
  facet normal 0 0 1
    outer loop
      vertex 41.6649 73.6433 9
      vertex 43.0853 74.1255 9
      vertex 42.0365 76.9121 9
    endloop
  endfacet
  facet normal 0 0 1
    outer loop
      vertex 43.0853 74.1255 9
      vertex 41.6649 73.6433 9
      vertex 42.5007 70.888 9
    endloop
  endfacet
  facet normal 0 0 1
    outer loop
      vertex 40.6507 76.3381 9
      vertex 42.0365 76.9121 9
      vertex 40.8077 79.6241 9
    endloop
  endfacet
  facet normal 0 0 1
    outer loop
      vertex 42.0365 76.9121 9
      vertex 40.6507 76.3381 9
      vertex 41.6649 73.6433 9
    endloop
  endfacet
  facet normal 0 0 1
    outer loop
      vertex 40.8077 79.6241 9
      vertex 39.4624 78.9607 9
      vertex 40.6507 76.3381 9
    endloop
  endfacet
  facet normal 0 0 1
    outer loop
      vertex 39.4042 82.25 9
      vertex 39.4624 78.9607 9
      vertex 40.8077 79.6241 9
    endloop
  endfacet
  facet normal 0 0 1
    outer loop
      vertex 39.4042 82.25 9
      vertex 38.1051 81.5 9
      vertex 39.4624 78.9607 9
    endloop
  endfacet
  facet normal 0 0 1
    outer loop
      vertex 37.8319 84.7784 9
      vertex 38.1051 81.5 9
      vertex 39.4042 82.25 9
    endloop
  endfacet
  facet normal 0 0 1
    outer loop
      vertex 37.8319 84.7784 9
      vertex 36.5847 83.9451 9
      vertex 38.1051 81.5 9
    endloop
  endfacet
  facet normal 0 0 1
    outer loop
      vertex 36.0976 87.1986 9
      vertex 36.5847 83.9451 9
      vertex 37.8319 84.7784 9
    endloop
  endfacet
  facet normal 0 0 1
    outer loop
      vertex 36.0976 87.1986 9
      vertex 34.9075 86.2855 9
      vertex 36.5847 83.9451 9
    endloop
  endfacet
  facet normal 0 0 1
    outer loop
      vertex 34.2087 89.5002 9
      vertex 34.9075 86.2855 9
      vertex 36.0976 87.1986 9
    endloop
  endfacet
  facet normal 0 0 1
    outer loop
      vertex 34.2087 89.5002 9
      vertex 33.081 88.5112 9
      vertex 34.9075 86.2855 9
    endloop
  endfacet
  facet normal 0 0 1
    outer loop
      vertex 32.1734 91.6734 9
      vertex 33.081 88.5112 9
      vertex 34.2087 89.5002 9
    endloop
  endfacet
  facet normal 0 0 1
    outer loop
      vertex 32.1734 91.6734 9
      vertex 31.1127 90.6127 9
      vertex 33.081 88.5112 9
    endloop
  endfacet
  facet normal 0 0 1
    outer loop
      vertex 30.0002 93.7087 9
      vertex 31.1127 90.6127 9
      vertex 32.1734 91.6734 9
    endloop
  endfacet
  facet normal 0 0 1
    outer loop
      vertex 30.0002 93.7087 9
      vertex 29.0112 92.5809 9
      vertex 31.1127 90.6127 9
    endloop
  endfacet
  facet normal 0 0 1
    outer loop
      vertex 27.6986 95.5976 9
      vertex 29.0112 92.5809 9
      vertex 30.0002 93.7087 9
    endloop
  endfacet
  facet normal 0 0 1
    outer loop
      vertex 27.6986 95.5976 9
      vertex 26.7855 94.4075 9
      vertex 29.0112 92.5809 9
    endloop
  endfacet
  facet normal 0 0 1
    outer loop
      vertex 25.2784 97.3319 9
      vertex 26.7855 94.4075 9
      vertex 27.6986 95.5976 9
    endloop
  endfacet
  facet normal 0 0 1
    outer loop
      vertex 25.2784 97.3319 9
      vertex 24.4451 96.0847 9
      vertex 26.7855 94.4075 9
    endloop
  endfacet
  facet normal 0 0 1
    outer loop
      vertex 22.75 98.9042 9
      vertex 24.4451 96.0847 9
      vertex 25.2784 97.3319 9
    endloop
  endfacet
  facet normal 0 0 1
    outer loop
      vertex 22.75 98.9042 9
      vertex 22 97.6051 9
      vertex 24.4451 96.0847 9
    endloop
  endfacet
  facet normal 0 0 1
    outer loop
      vertex 20.1241 100.308 9
      vertex 22 97.6051 9
      vertex 22.75 98.9042 9
    endloop
  endfacet
  facet normal 0 0 1
    outer loop
      vertex 20.1241 100.308 9
      vertex 19.4607 98.9624 9
      vertex 22 97.6051 9
    endloop
  endfacet
  facet normal 0 0 1
    outer loop
      vertex 17.4121 101.537 9
      vertex 19.4607 98.9624 9
      vertex 20.1241 100.308 9
    endloop
  endfacet
  facet normal 0 0 1
    outer loop
      vertex 17.4121 101.537 9
      vertex 16.8381 100.151 9
      vertex 19.4607 98.9624 9
    endloop
  endfacet
  facet normal 0 0 1
    outer loop
      vertex 14.6255 102.585 9
      vertex 16.8381 100.151 9
      vertex 17.4121 101.537 9
    endloop
  endfacet
  facet normal 0 0 1
    outer loop
      vertex 14.6255 102.585 9
      vertex 14.1433 101.165 9
      vertex 16.8381 100.151 9
    endloop
  endfacet
  facet normal 0 0 1
    outer loop
      vertex 11.7763 103.45 9
      vertex 14.1433 101.165 9
      vertex 14.6255 102.585 9
    endloop
  endfacet
  facet normal 0 0 1
    outer loop
      vertex 11.7763 103.45 9
      vertex 11.388 102.001 9
      vertex 14.1433 101.165 9
    endloop
  endfacet
  facet normal 0 0 1
    outer loop
      vertex 8.87661 104.126 9
      vertex 11.388 102.001 9
      vertex 11.7763 103.45 9
    endloop
  endfacet
  facet normal 0 0 1
    outer loop
      vertex 8.87661 104.126 9
      vertex 8.58397 102.655 9
      vertex 11.388 102.001 9
    endloop
  endfacet
  facet normal 0 0 1
    outer loop
      vertex 5.93894 104.611 9
      vertex 8.58397 102.655 9
      vertex 8.87661 104.126 9
    endloop
  endfacet
  facet normal 0 0 1
    outer loop
      vertex 5.93894 104.611 9
      vertex 5.74315 103.124 9
      vertex 8.58397 102.655 9
    endloop
  endfacet
  facet normal 0 0 1
    outer loop
      vertex 2.97584 104.903 9
      vertex 5.74315 103.124 9
      vertex 5.93894 104.611 9
    endloop
  endfacet
  facet normal 0 0 1
    outer loop
      vertex 2.97584 104.903 9
      vertex 2.87774 103.406 9
      vertex 5.74315 103.124 9
    endloop
  endfacet
  facet normal 0 0 1
    outer loop
      vertex 0 105 9
      vertex 2.87774 103.406 9
      vertex 2.97584 104.903 9
    endloop
  endfacet
  facet normal 0 0 1
    outer loop
      vertex 0 105 9
      vertex 0 103.5 9
      vertex 2.87774 103.406 9
    endloop
  endfacet
  facet normal 0 0 1
    outer loop
      vertex 0 105 9
      vertex -2.87774 103.406 9
      vertex 0 103.5 9
    endloop
  endfacet
  facet normal -0 0 1
    outer loop
      vertex -2.97584 104.903 9
      vertex -2.87774 103.406 9
      vertex 0 105 9
    endloop
  endfacet
  facet normal 0 0 1
    outer loop
      vertex -2.97584 104.903 9
      vertex -5.74315 103.124 9
      vertex -2.87774 103.406 9
    endloop
  endfacet
  facet normal -0 0 1
    outer loop
      vertex -5.93894 104.611 9
      vertex -5.74315 103.124 9
      vertex -2.97584 104.903 9
    endloop
  endfacet
  facet normal 0 0 1
    outer loop
      vertex -5.93894 104.611 9
      vertex -8.58397 102.655 9
      vertex -5.74315 103.124 9
    endloop
  endfacet
  facet normal -0 0 1
    outer loop
      vertex -8.87661 104.126 9
      vertex -8.58397 102.655 9
      vertex -5.93894 104.611 9
    endloop
  endfacet
  facet normal 0 0 1
    outer loop
      vertex -8.87661 104.126 9
      vertex -11.388 102.001 9
      vertex -8.58397 102.655 9
    endloop
  endfacet
  facet normal -0 0 1
    outer loop
      vertex -11.7763 103.45 9
      vertex -11.388 102.001 9
      vertex -8.87661 104.126 9
    endloop
  endfacet
  facet normal 0 0 1
    outer loop
      vertex -11.7763 103.45 9
      vertex -14.1433 101.165 9
      vertex -11.388 102.001 9
    endloop
  endfacet
  facet normal -0 0 1
    outer loop
      vertex -14.6255 102.585 9
      vertex -14.1433 101.165 9
      vertex -11.7763 103.45 9
    endloop
  endfacet
  facet normal 0 0 1
    outer loop
      vertex -14.6255 102.585 9
      vertex -16.8381 100.151 9
      vertex -14.1433 101.165 9
    endloop
  endfacet
  facet normal -0 0 1
    outer loop
      vertex -17.4121 101.537 9
      vertex -16.8381 100.151 9
      vertex -14.6255 102.585 9
    endloop
  endfacet
  facet normal 0 0 1
    outer loop
      vertex -17.4121 101.537 9
      vertex -19.4607 98.9624 9
      vertex -16.8381 100.151 9
    endloop
  endfacet
  facet normal -0 0 1
    outer loop
      vertex -20.1241 100.308 9
      vertex -19.4607 98.9624 9
      vertex -17.4121 101.537 9
    endloop
  endfacet
  facet normal 0 0 1
    outer loop
      vertex -20.1241 100.308 9
      vertex -22 97.6051 9
      vertex -19.4607 98.9624 9
    endloop
  endfacet
  facet normal -0 0 1
    outer loop
      vertex -22.75 98.9042 9
      vertex -22 97.6051 9
      vertex -20.1241 100.308 9
    endloop
  endfacet
  facet normal 0 0 1
    outer loop
      vertex -22.75 98.9042 9
      vertex -24.4451 96.0847 9
      vertex -22 97.6051 9
    endloop
  endfacet
  facet normal -0 0 1
    outer loop
      vertex -25.2784 97.3319 9
      vertex -24.4451 96.0847 9
      vertex -22.75 98.9042 9
    endloop
  endfacet
  facet normal 0 0 1
    outer loop
      vertex -25.2784 97.3319 9
      vertex -26.7855 94.4075 9
      vertex -24.4451 96.0847 9
    endloop
  endfacet
  facet normal -0 0 1
    outer loop
      vertex -27.6986 95.5976 9
      vertex -26.7855 94.4075 9
      vertex -25.2784 97.3319 9
    endloop
  endfacet
  facet normal 0 0 1
    outer loop
      vertex -27.6986 95.5976 9
      vertex -29.0112 92.5809 9
      vertex -26.7855 94.4075 9
    endloop
  endfacet
  facet normal -0 0 1
    outer loop
      vertex -30.0002 93.7087 9
      vertex -29.0112 92.5809 9
      vertex -27.6986 95.5976 9
    endloop
  endfacet
  facet normal 0 0 1
    outer loop
      vertex -30.0002 93.7087 9
      vertex -31.1127 90.6127 9
      vertex -29.0112 92.5809 9
    endloop
  endfacet
  facet normal -0 0 1
    outer loop
      vertex -32.1734 91.6734 9
      vertex -31.1127 90.6127 9
      vertex -30.0002 93.7087 9
    endloop
  endfacet
  facet normal 0 0 1
    outer loop
      vertex -32.1734 91.6734 9
      vertex -33.081 88.5112 9
      vertex -31.1127 90.6127 9
    endloop
  endfacet
  facet normal -0 0 1
    outer loop
      vertex -34.2087 89.5002 9
      vertex -33.081 88.5112 9
      vertex -32.1734 91.6734 9
    endloop
  endfacet
  facet normal 0 0 1
    outer loop
      vertex -34.2087 89.5002 9
      vertex -34.9075 86.2855 9
      vertex -33.081 88.5112 9
    endloop
  endfacet
  facet normal -0 0 1
    outer loop
      vertex -36.0976 87.1986 9
      vertex -34.9075 86.2855 9
      vertex -34.2087 89.5002 9
    endloop
  endfacet
  facet normal 0 0 1
    outer loop
      vertex -36.0976 87.1986 9
      vertex -36.5847 83.9451 9
      vertex -34.9075 86.2855 9
    endloop
  endfacet
  facet normal -0 0 1
    outer loop
      vertex -37.8319 84.7784 9
      vertex -36.5847 83.9451 9
      vertex -36.0976 87.1986 9
    endloop
  endfacet
  facet normal 0 0 1
    outer loop
      vertex -37.8319 84.7784 9
      vertex -38.1051 81.5 9
      vertex -36.5847 83.9451 9
    endloop
  endfacet
  facet normal -0 0 1
    outer loop
      vertex -39.4042 82.25 9
      vertex -38.1051 81.5 9
      vertex -37.8319 84.7784 9
    endloop
  endfacet
  facet normal 0 0 1
    outer loop
      vertex -39.4042 82.25 9
      vertex -39.4624 78.9607 9
      vertex -38.1051 81.5 9
    endloop
  endfacet
  facet normal -0 0 1
    outer loop
      vertex -40.8077 79.6241 9
      vertex -39.4624 78.9607 9
      vertex -39.4042 82.25 9
    endloop
  endfacet
  facet normal 0 0 1
    outer loop
      vertex -39.4624 78.9607 9
      vertex -40.8077 79.6241 9
      vertex -40.6507 76.3381 9
    endloop
  endfacet
  facet normal -0 0 1
    outer loop
      vertex -42.0365 76.9121 9
      vertex -40.6507 76.3381 9
      vertex -40.8077 79.6241 9
    endloop
  endfacet
  facet normal 0 0 1
    outer loop
      vertex -40.6507 76.3381 9
      vertex -42.0365 76.9121 9
      vertex -41.6649 73.6433 9
    endloop
  endfacet
  facet normal -0 0 1
    outer loop
      vertex -43.0853 74.1255 9
      vertex -41.6649 73.6433 9
      vertex -42.0365 76.9121 9
    endloop
  endfacet
  facet normal 0 0 1
    outer loop
      vertex -41.6649 73.6433 9
      vertex -43.0853 74.1255 9
      vertex -42.5007 70.888 9
    endloop
  endfacet
  facet normal -0 0 1
    outer loop
      vertex -43.9496 71.2763 9
      vertex -42.5007 70.888 9
      vertex -43.0853 74.1255 9
    endloop
  endfacet
  facet normal 0 0 1
    outer loop
      vertex -42.5007 70.888 9
      vertex -43.9496 71.2763 9
      vertex -43.1546 68.084 9
    endloop
  endfacet
  facet normal -0 0 1
    outer loop
      vertex -44.6257 68.3766 9
      vertex -43.1546 68.084 9
      vertex -43.9496 71.2763 9
    endloop
  endfacet
  facet normal 0 0 1
    outer loop
      vertex -43.1546 68.084 9
      vertex -44.6257 68.3766 9
      vertex -43.6236 65.2431 9
    endloop
  endfacet
  facet normal -0 0 1
    outer loop
      vertex -45.1107 65.4389 9
      vertex -43.6236 65.2431 9
      vertex -44.6257 68.3766 9
    endloop
  endfacet
  facet normal 0 0 1
    outer loop
      vertex -43.6236 65.2431 9
      vertex -45.1107 65.4389 9
      vertex -43.9058 62.3777 9
    endloop
  endfacet
  facet normal -0 0 1
    outer loop
      vertex 43.6236 53.7568 9
      vertex 45.1107 53.5611 9
      vertex 43.9058 56.6223 9
    endloop
  endfacet
  facet normal 0 0 1
    outer loop
      vertex 45.1107 53.5611 9
      vertex 43.6236 53.7568 9
      vertex 44.6257 50.6234 9
    endloop
  endfacet
  facet normal -0 0 1
    outer loop
      vertex 43.1546 50.916 9
      vertex 44.6257 50.6234 9
      vertex 43.6236 53.7568 9
    endloop
  endfacet
  facet normal 0 0 1
    outer loop
      vertex 44.6257 50.6234 9
      vertex 43.1546 50.916 9
      vertex 43.9496 47.7237 9
    endloop
  endfacet
  facet normal -0 0 1
    outer loop
      vertex 42.5007 48.112 9
      vertex 43.9496 47.7237 9
      vertex 43.1546 50.916 9
    endloop
  endfacet
  facet normal 0 0 1
    outer loop
      vertex 43.9496 47.7237 9
      vertex 42.5007 48.112 9
      vertex 43.0853 44.8745 9
    endloop
  endfacet
  facet normal -0 0 1
    outer loop
      vertex 41.6649 45.3567 9
      vertex 43.0853 44.8745 9
      vertex 42.5007 48.112 9
    endloop
  endfacet
  facet normal 0 0 1
    outer loop
      vertex 43.0853 44.8745 9
      vertex 41.6649 45.3567 9
      vertex 42.0365 42.0879 9
    endloop
  endfacet
  facet normal -0 0 1
    outer loop
      vertex 40.6507 42.6619 9
      vertex 42.0365 42.0879 9
      vertex 41.6649 45.3567 9
    endloop
  endfacet
  facet normal 0 0 1
    outer loop
      vertex 42.0365 42.0879 9
      vertex 40.6507 42.6619 9
      vertex 40.8077 39.3759 9
    endloop
  endfacet
  facet normal -0 0 1
    outer loop
      vertex 39.4624 40.0393 9
      vertex 40.8077 39.3759 9
      vertex 40.6507 42.6619 9
    endloop
  endfacet
  facet normal 0 0 1
    outer loop
      vertex 39.4624 40.0393 9
      vertex 39.4042 36.75 9
      vertex 40.8077 39.3759 9
    endloop
  endfacet
  facet normal -0 0 1
    outer loop
      vertex 38.1051 37.5 9
      vertex 39.4042 36.75 9
      vertex 39.4624 40.0393 9
    endloop
  endfacet
  facet normal 0 0 1
    outer loop
      vertex 38.1051 37.5 9
      vertex 37.8319 34.2216 9
      vertex 39.4042 36.75 9
    endloop
  endfacet
  facet normal -0 0 1
    outer loop
      vertex 36.5847 35.0549 9
      vertex 37.8319 34.2216 9
      vertex 38.1051 37.5 9
    endloop
  endfacet
  facet normal 0 0 1
    outer loop
      vertex 36.5847 35.0549 9
      vertex 36.0976 31.8014 9
      vertex 37.8319 34.2216 9
    endloop
  endfacet
  facet normal -0 0 1
    outer loop
      vertex 34.9075 32.7145 9
      vertex 36.0976 31.8014 9
      vertex 36.5847 35.0549 9
    endloop
  endfacet
  facet normal 0 0 1
    outer loop
      vertex 34.9075 32.7145 9
      vertex 34.2087 29.4998 9
      vertex 36.0976 31.8014 9
    endloop
  endfacet
  facet normal -0 0 1
    outer loop
      vertex 33.081 30.4888 9
      vertex 34.2087 29.4998 9
      vertex 34.9075 32.7145 9
    endloop
  endfacet
  facet normal 0 0 1
    outer loop
      vertex 33.081 30.4888 9
      vertex 32.1734 27.3266 9
      vertex 34.2087 29.4998 9
    endloop
  endfacet
  facet normal -0 0 1
    outer loop
      vertex 31.1127 28.3873 9
      vertex 32.1734 27.3266 9
      vertex 33.081 30.4888 9
    endloop
  endfacet
  facet normal 0 0 1
    outer loop
      vertex 31.1127 28.3873 9
      vertex 30.0002 25.2913 9
      vertex 32.1734 27.3266 9
    endloop
  endfacet
  facet normal -0 0 1
    outer loop
      vertex 29.0112 26.419 9
      vertex 30.0002 25.2913 9
      vertex 31.1127 28.3873 9
    endloop
  endfacet
  facet normal 0 0 1
    outer loop
      vertex 29.0112 26.419 9
      vertex 27.6986 23.4024 9
      vertex 30.0002 25.2913 9
    endloop
  endfacet
  facet normal -0 0 1
    outer loop
      vertex 26.7855 24.5925 9
      vertex 27.6986 23.4024 9
      vertex 29.0112 26.419 9
    endloop
  endfacet
  facet normal 0 0 1
    outer loop
      vertex 26.7855 24.5925 9
      vertex 25.2784 21.6681 9
      vertex 27.6986 23.4024 9
    endloop
  endfacet
  facet normal -0 0 1
    outer loop
      vertex 24.4451 22.9153 9
      vertex 25.2784 21.6681 9
      vertex 26.7855 24.5925 9
    endloop
  endfacet
  facet normal 0 0 1
    outer loop
      vertex 24.4451 22.9153 9
      vertex 22.75 20.0958 9
      vertex 25.2784 21.6681 9
    endloop
  endfacet
  facet normal -0 0 1
    outer loop
      vertex 22 21.3949 9
      vertex 22.75 20.0958 9
      vertex 24.4451 22.9153 9
    endloop
  endfacet
  facet normal 0 0 1
    outer loop
      vertex 22 21.3949 9
      vertex 20.1241 18.6923 9
      vertex 22.75 20.0958 9
    endloop
  endfacet
  facet normal -0 0 1
    outer loop
      vertex 19.4607 20.0376 9
      vertex 20.1241 18.6923 9
      vertex 22 21.3949 9
    endloop
  endfacet
  facet normal 0 0 1
    outer loop
      vertex 19.4607 20.0376 9
      vertex 17.4121 17.4635 9
      vertex 20.1241 18.6923 9
    endloop
  endfacet
  facet normal -0 0 1
    outer loop
      vertex 16.8381 18.8493 9
      vertex 17.4121 17.4635 9
      vertex 19.4607 20.0376 9
    endloop
  endfacet
  facet normal 0 0 1
    outer loop
      vertex 16.8381 18.8493 9
      vertex 14.6255 16.4147 9
      vertex 17.4121 17.4635 9
    endloop
  endfacet
  facet normal -0 0 1
    outer loop
      vertex 14.1433 17.8351 9
      vertex 14.6255 16.4147 9
      vertex 16.8381 18.8493 9
    endloop
  endfacet
  facet normal 0 0 1
    outer loop
      vertex 14.1433 17.8351 9
      vertex 11.7763 15.5504 9
      vertex 14.6255 16.4147 9
    endloop
  endfacet
  facet normal -0 0 1
    outer loop
      vertex 11.388 16.9993 9
      vertex 11.7763 15.5504 9
      vertex 14.1433 17.8351 9
    endloop
  endfacet
  facet normal 0 0 1
    outer loop
      vertex 11.388 16.9993 9
      vertex 8.87661 14.8743 9
      vertex 11.7763 15.5504 9
    endloop
  endfacet
  facet normal -0 0 1
    outer loop
      vertex 8.58397 16.3454 9
      vertex 8.87661 14.8743 9
      vertex 11.388 16.9993 9
    endloop
  endfacet
  facet normal 0 0 1
    outer loop
      vertex 8.58397 16.3454 9
      vertex 7 14.5644 9
      vertex 8.87661 14.8743 9
    endloop
  endfacet
  facet normal -0 0 1
    outer loop
      vertex 6.49162 16 9
      vertex 7 14.5644 9
      vertex 8.58397 16.3454 9
    endloop
  endfacet
  facet normal 0 0 1
    outer loop
      vertex 3 8 9
      vertex 7 14.5644 9
      vertex 6.49162 16 9
    endloop
  endfacet
  facet normal 0 0 1
    outer loop
      vertex 7 14.5644 9
      vertex 3 8 9
      vertex 7 8 9
    endloop
  endfacet
  facet normal 0 0 1
    outer loop
      vertex 3 8 9
      vertex -3 8 9
      vertex 3 -14 9
    endloop
  endfacet
  facet normal 0 0 1
    outer loop
      vertex 6.49162 16 9
      vertex -3 8 9
      vertex 3 8 9
    endloop
  endfacet
  facet normal -0 0 1
    outer loop
      vertex -6.49162 16 9
      vertex -3 8 9
      vertex 6.49162 16 9
    endloop
  endfacet
  facet normal -0 0 1
    outer loop
      vertex -7 14.5644 9
      vertex -3 8 9
      vertex -6.49162 16 9
    endloop
  endfacet
  facet normal 0 0 1
    outer loop
      vertex -3 8 9
      vertex -7 14.5644 9
      vertex -7 8 9
    endloop
  endfacet
  facet normal 0 0 1
    outer loop
      vertex 3 -14 9
      vertex -3 8 9
      vertex -3 -14 9
    endloop
  endfacet
  facet normal 0.773006 -0.634398 0
    outer loop
      vertex 34.2087 29.4998 9
      vertex 36.0976 31.8014 5
      vertex 36.0976 31.8014 9
    endloop
  endfacet
  facet normal 0.773006 -0.634398 0
    outer loop
      vertex 36.0976 31.8014 5
      vertex 34.2087 29.4998 9
      vertex 34.2087 29.4998 5
    endloop
  endfacet
  facet normal -0.227541 0.973768 0
    outer loop
      vertex -9.41583 104 6.05
      vertex -8.87661 104.126 9
      vertex -8.87661 104.126 6.05
    endloop
  endfacet
  facet normal -0.22704 0.973885 -9.65701e-05
    outer loop
      vertex -8.87661 104.126 9
      vertex -9.41583 104 6.05
      vertex -11.7763 103.45 9
    endloop
  endfacet
  facet normal -0.226926 0.973912 0
    outer loop
      vertex -11.7763 103.45 6
      vertex -9.41583 104 6.05
      vertex -9.41583 104 6
    endloop
  endfacet
  facet normal -0.226926 0.973912 0
    outer loop
      vertex -9.41583 104 6.05
      vertex -11.7763 103.45 6
      vertex -11.7763 103.45 9
    endloop
  endfacet
  facet normal 0.528078 -0.849196 0
    outer loop
      vertex 22.75 20.0958 5
      vertex 25.2784 21.6681 9
      vertex 22.75 20.0958 9
    endloop
  endfacet
  facet normal 0.528078 -0.849196 0
    outer loop
      vertex 25.2784 21.6681 9
      vertex 22.75 20.0958 5
      vertex 25.2784 21.6681 5
    endloop
  endfacet
  facet normal -0.973878 -0.227071 0
    outer loop
      vertex -43.9496 47.7237 5
      vertex -44.6257 50.6234 9
      vertex -44.6257 50.6234 5
    endloop
  endfacet
  facet normal -0.973878 -0.227071 0
    outer loop
      vertex -44.6257 50.6234 9
      vertex -43.9496 47.7237 5
      vertex -43.9496 47.7237 9
    endloop
  endfacet
  facet normal 0.290501 0.956875 -0
    outer loop
      vertex 14.6255 102.585 6
      vertex 11.7763 103.45 9
      vertex 14.6255 102.585 9
    endloop
  endfacet
  facet normal 0.290501 0.956875 0
    outer loop
      vertex 11.7763 103.45 9
      vertex 14.6255 102.585 6
      vertex 11.7763 103.45 6
    endloop
  endfacet
  facet normal -0.528078 0.849196 0
    outer loop
      vertex -22.75 98.9042 0
      vertex -25.2784 97.3319 9
      vertex -22.75 98.9042 9
    endloop
  endfacet
  facet normal -0.528078 0.849196 0
    outer loop
      vertex -25.2784 97.3319 9
      vertex -22.75 98.9042 0
      vertex -25.2784 97.3319 0
    endloop
  endfacet
  facet normal 0.162892 0.986644 -0
    outer loop
      vertex 8.87661 104.126 6.05
      vertex 5.93894 104.611 9
      vertex 8.87661 104.126 9
    endloop
  endfacet
  facet normal 0.162892 0.986644 0
    outer loop
      vertex 5.93894 104.611 9
      vertex 8.87661 104.126 6.05
      vertex 5.93894 104.611 6.05
    endloop
  endfacet
  facet normal -0.0980704 0.995179 0
    outer loop
      vertex -2.97584 104.903 6.05
      vertex -5.93894 104.611 9
      vertex -2.97584 104.903 9
    endloop
  endfacet
  facet normal -0.0980704 0.995179 0
    outer loop
      vertex -5.93894 104.611 9
      vertex -2.97584 104.903 6.05
      vertex -5.93894 104.611 6.05
    endloop
  endfacet
  facet normal -0.41302 0.910722 0
    outer loop
      vertex -18.5962 101 6
      vertex -17.4121 101.537 9
      vertex -17.4121 101.537 6
    endloop
  endfacet
  facet normal -0.412765 0.910837 -0.000121479
    outer loop
      vertex -17.4121 101.537 9
      vertex -18.5962 101 6
      vertex -20.1241 100.308 9
    endloop
  endfacet
  facet normal -0.412567 0.910927 0
    outer loop
      vertex -20.1241 100.308 0
      vertex -18.5962 101 6
      vertex -18.5962 101 0
    endloop
  endfacet
  facet normal -0.412567 0.910927 0
    outer loop
      vertex -18.5962 101 6
      vertex -20.1241 100.308 0
      vertex -20.1241 100.308 9
    endloop
  endfacet
  facet normal -0.95694 -0.290286 0
    outer loop
      vertex -43.0853 44.8745 5
      vertex -43.9496 47.7237 9
      vertex -43.9496 47.7237 5
    endloop
  endfacet
  facet normal -0.95694 -0.290286 0
    outer loop
      vertex -43.9496 47.7237 9
      vertex -43.0853 44.8745 5
      vertex -43.0853 44.8745 9
    endloop
  endfacet
  facet normal -0.729885 0.68357 0
    outer loop
      vertex -34.2087 89.5002 0
      vertex -32.1734 91.6734 9
      vertex -32.1734 91.6734 0
    endloop
  endfacet
  facet normal -0.729885 0.68357 0
    outer loop
      vertex -32.1734 91.6734 9
      vertex -34.2087 89.5002 0
      vertex -34.2087 89.5002 9
    endloop
  endfacet
  facet normal 0.58248 -0.812845 0
    outer loop
      vertex 25.2784 21.6681 5
      vertex 27.6986 23.4024 9
      vertex 25.2784 21.6681 9
    endloop
  endfacet
  facet normal 0.58248 -0.812845 0
    outer loop
      vertex 27.6986 23.4024 9
      vertex 25.2784 21.6681 5
      vertex 27.6986 23.4024 5
    endloop
  endfacet
  facet normal -0.471378 -0.881931 0
    outer loop
      vertex -22.75 20.0958 5
      vertex -20.1241 18.6923 9
      vertex -22.75 20.0958 9
    endloop
  endfacet
  facet normal -0.471378 -0.881931 -0
    outer loop
      vertex -20.1241 18.6923 9
      vertex -22.75 20.0958 5
      vertex -20.1241 18.6923 5
    endloop
  endfacet
  facet normal 0.995183 -0.0980371 0
    outer loop
      vertex 45.1107 53.5611 9
      vertex 45.4026 56.5242 5
      vertex 45.4026 56.5242 9
    endloop
  endfacet
  facet normal 0.995183 -0.0980371 0
    outer loop
      vertex 45.4026 56.5242 5
      vertex 45.1107 53.5611 9
      vertex 45.1107 53.5611 5
    endloop
  endfacet
  facet normal 0.973878 -0.227071 0
    outer loop
      vertex 43.9496 47.7237 9
      vertex 44.6257 50.6234 5
      vertex 44.6257 50.6234 9
    endloop
  endfacet
  facet normal 0.973878 -0.227071 0
    outer loop
      vertex 44.6257 50.6234 5
      vertex 43.9496 47.7237 9
      vertex 43.9496 47.7237 5
    endloop
  endfacet
  facet normal 0.910863 -0.412709 0
    outer loop
      vertex 40.8077 39.3759 9
      vertex 42.0365 42.0879 5
      vertex 42.0365 42.0879 9
    endloop
  endfacet
  facet normal 0.910863 -0.412709 0
    outer loop
      vertex 42.0365 42.0879 5
      vertex 40.8077 39.3759 9
      vertex 40.8077 39.3759 5
    endloop
  endfacet
  facet normal 0.528078 0.849196 -0
    outer loop
      vertex 25.2784 97.3319 0
      vertex 22.75 98.9042 9
      vertex 25.2784 97.3319 9
    endloop
  endfacet
  facet normal 0.528078 0.849196 0
    outer loop
      vertex 22.75 98.9042 9
      vertex 25.2784 97.3319 0
      vertex 22.75 98.9042 0
    endloop
  endfacet
  facet normal 0.290286 -0.95694 0
    outer loop
      vertex 11.7763 15.5504 5
      vertex 14.6255 16.4147 9
      vertex 11.7763 15.5504 9
    endloop
  endfacet
  facet normal 0.290286 -0.95694 0
    outer loop
      vertex 14.6255 16.4147 9
      vertex 11.7763 15.5504 5
      vertex 14.6255 16.4147 5
    endloop
  endfacet
  facet normal 0.973878 0.227071 0
    outer loop
      vertex 44.6257 68.3766 9
      vertex 43.9496 71.2763 0
      vertex 43.9496 71.2763 9
    endloop
  endfacet
  facet normal 0.973878 0.227071 0
    outer loop
      vertex 43.9496 71.2763 0
      vertex 44.6257 68.3766 9
      vertex 44.6257 68.3766 0
    endloop
  endfacet
  facet normal 0.729885 0.68357 0
    outer loop
      vertex 34.2087 89.5002 9
      vertex 32.1734 91.6734 0
      vertex 32.1734 91.6734 9
    endloop
  endfacet
  facet normal 0.729885 0.68357 0
    outer loop
      vertex 32.1734 91.6734 0
      vertex 34.2087 89.5002 9
      vertex 34.2087 89.5002 0
    endloop
  endfacet
  facet normal 0.58248 0.812845 -0
    outer loop
      vertex 27.6986 95.5976 0
      vertex 25.2784 97.3319 9
      vertex 27.6986 95.5976 9
    endloop
  endfacet
  facet normal 0.58248 0.812845 0
    outer loop
      vertex 25.2784 97.3319 9
      vertex 27.6986 95.5976 0
      vertex 25.2784 97.3319 0
    endloop
  endfacet
  facet normal 0.986644 0.16289 0
    outer loop
      vertex 45.1107 65.4389 9
      vertex 44.6257 68.3766 0
      vertex 44.6257 68.3766 9
    endloop
  endfacet
  facet normal 0.986644 0.16289 0
    outer loop
      vertex 44.6257 68.3766 0
      vertex 45.1107 65.4389 9
      vertex 45.1107 65.4389 0
    endloop
  endfacet
  facet normal -0.290501 0.956875 0
    outer loop
      vertex -11.7763 103.45 6
      vertex -14.6255 102.585 9
      vertex -11.7763 103.45 9
    endloop
  endfacet
  facet normal -0.290501 0.956875 0
    outer loop
      vertex -14.6255 102.585 9
      vertex -11.7763 103.45 6
      vertex -14.6255 102.585 6
    endloop
  endfacet
  facet normal 0.812845 -0.58248 0
    outer loop
      vertex 36.0976 31.8014 9
      vertex 37.8319 34.2216 5
      vertex 37.8319 34.2216 9
    endloop
  endfacet
  facet normal 0.812845 -0.58248 0
    outer loop
      vertex 37.8319 34.2216 5
      vertex 36.0976 31.8014 9
      vertex 36.0976 31.8014 5
    endloop
  endfacet
  facet normal -0.227072 -0.973878 0
    outer loop
      vertex -11.7763 15.5504 5
      vertex -8.87661 14.8743 9
      vertex -11.7763 15.5504 9
    endloop
  endfacet
  facet normal -0.227072 -0.973878 -0
    outer loop
      vertex -8.87661 14.8743 9
      vertex -11.7763 15.5504 5
      vertex -8.87661 14.8743 5
    endloop
  endfacet
  facet normal -0.995183 -0.0980371 0
    outer loop
      vertex -45.1107 53.5611 5
      vertex -45.4026 56.5242 9
      vertex -45.4026 56.5242 5
    endloop
  endfacet
  facet normal -0.995183 -0.0980371 0
    outer loop
      vertex -45.4026 56.5242 9
      vertex -45.1107 53.5611 5
      vertex -45.1107 53.5611 9
    endloop
  endfacet
  facet normal -0.162932 -0.986637 0
    outer loop
      vertex -8.87661 14.8743 5
      vertex -7 14.5644 9
      vertex -8.87661 14.8743 9
    endloop
  endfacet
  facet normal -0.162932 -0.986637 -0
    outer loop
      vertex -7 14.5644 9
      vertex -8.87661 14.8743 5
      vertex -7 14.5644 5
    endloop
  endfacet
  facet normal 0.773006 0.634398 0
    outer loop
      vertex 36.0976 87.1986 9
      vertex 34.2087 89.5002 0
      vertex 34.2087 89.5002 9
    endloop
  endfacet
  facet normal 0.773006 0.634398 0
    outer loop
      vertex 34.2087 89.5002 0
      vertex 36.0976 87.1986 9
      vertex 36.0976 87.1986 0
    endloop
  endfacet
  facet normal -0.290286 -0.95694 0
    outer loop
      vertex -14.6255 16.4147 5
      vertex -11.7763 15.5504 9
      vertex -14.6255 16.4147 9
    endloop
  endfacet
  facet normal -0.290286 -0.95694 -0
    outer loop
      vertex -11.7763 15.5504 9
      vertex -14.6255 16.4147 5
      vertex -11.7763 15.5504 5
    endloop
  endfacet
  facet normal -0.935906 0.352249 0
    outer loop
      vertex -43.0853 74.1255 0
      vertex -42.0365 76.9121 9
      vertex -42.0365 76.9121 0
    endloop
  endfacet
  facet normal -0.935906 0.352249 0
    outer loop
      vertex -42.0365 76.9121 9
      vertex -43.0853 74.1255 0
      vertex -43.0853 74.1255 9
    endloop
  endfacet
  facet normal -0.634398 -0.773006 0
    outer loop
      vertex -30.0002 25.2913 5
      vertex -27.6986 23.4024 9
      vertex -30.0002 25.2913 9
    endloop
  endfacet
  facet normal -0.634398 -0.773006 -0
    outer loop
      vertex -27.6986 23.4024 9
      vertex -30.0002 25.2913 5
      vertex -27.6986 23.4024 5
    endloop
  endfacet
  facet normal 0.812845 0.58248 0
    outer loop
      vertex 37.8319 84.7784 9
      vertex 36.0976 87.1986 0
      vertex 36.0976 87.1986 9
    endloop
  endfacet
  facet normal 0.812845 0.58248 0
    outer loop
      vertex 36.0976 87.1986 0
      vertex 37.8319 84.7784 9
      vertex 37.8319 84.7784 0
    endloop
  endfacet
  facet normal -0.812845 0.58248 0
    outer loop
      vertex -37.8319 84.7784 0
      vertex -36.0976 87.1986 9
      vertex -36.0976 87.1986 0
    endloop
  endfacet
  facet normal -0.812845 0.58248 0
    outer loop
      vertex -36.0976 87.1986 9
      vertex -37.8319 84.7784 0
      vertex -37.8319 84.7784 9
    endloop
  endfacet
  facet normal 0.352249 -0.935906 0
    outer loop
      vertex 14.6255 16.4147 5
      vertex 17.4121 17.4635 9
      vertex 14.6255 16.4147 9
    endloop
  endfacet
  facet normal 0.352249 -0.935906 0
    outer loop
      vertex 17.4121 17.4635 9
      vertex 14.6255 16.4147 5
      vertex 17.4121 17.4635 5
    endloop
  endfacet
  facet normal -0.995183 0.0980371 0
    outer loop
      vertex -45.4026 62.4758 0
      vertex -45.1107 65.4389 9
      vertex -45.1107 65.4389 0
    endloop
  endfacet
  facet normal -0.995183 0.0980371 0
    outer loop
      vertex -45.1107 65.4389 9
      vertex -45.4026 62.4758 0
      vertex -45.4026 62.4758 9
    endloop
  endfacet
  facet normal -0.634398 0.773006 0
    outer loop
      vertex -27.6986 95.5976 0
      vertex -30.0002 93.7087 9
      vertex -27.6986 95.5976 9
    endloop
  endfacet
  facet normal -0.634398 0.773006 0
    outer loop
      vertex -30.0002 93.7087 9
      vertex -27.6986 95.5976 0
      vertex -30.0002 93.7087 0
    endloop
  endfacet
  facet normal -0.412709 -0.910863 0
    outer loop
      vertex -20.1241 18.6923 5
      vertex -17.4121 17.4635 9
      vertex -20.1241 18.6923 9
    endloop
  endfacet
  facet normal -0.412709 -0.910863 -0
    outer loop
      vertex -17.4121 17.4635 9
      vertex -20.1241 18.6923 5
      vertex -17.4121 17.4635 5
    endloop
  endfacet
  facet normal -0.910863 0.412709 0
    outer loop
      vertex -42.0365 76.9121 0
      vertex -40.8077 79.6241 9
      vertex -40.8077 79.6241 0
    endloop
  endfacet
  facet normal -0.910863 0.412709 0
    outer loop
      vertex -40.8077 79.6241 9
      vertex -42.0365 76.9121 0
      vertex -42.0365 76.9121 9
    endloop
  endfacet
  facet normal 0 0 -1
    outer loop
      vertex 9.14207 8.56001 0
      vertex 12 14 0
      vertex 9.14207 -8.56001 0
    endloop
  endfacet
  facet normal 0 0 -1
    outer loop
      vertex 12 14 0
      vertex 9.14207 8.56001 0
      vertex 9.2 9 0
    endloop
  endfacet
  facet normal 0 0 -1
    outer loop
      vertex 8.97224 -8.15 0
      vertex 9.14207 8.56001 0
      vertex 9.14207 -8.56001 0
    endloop
  endfacet
  facet normal 0 0 -1
    outer loop
      vertex 8.97224 -8.15 0
      vertex 8.97224 8.15 0
      vertex 9.14207 8.56001 0
    endloop
  endfacet
  facet normal 0 0 -1
    outer loop
      vertex 8.70208 -7.79792 0
      vertex 8.97224 8.15 0
      vertex 8.97224 -8.15 0
    endloop
  endfacet
  facet normal 0 0 -1
    outer loop
      vertex 8.70208 -7.79792 0
      vertex 8.70208 7.79792 0
      vertex 8.97224 8.15 0
    endloop
  endfacet
  facet normal 0 0 -1
    outer loop
      vertex 8.35 -7.52776 0
      vertex 8.70208 7.79792 0
      vertex 8.70208 -7.79792 0
    endloop
  endfacet
  facet normal 0 0 -1
    outer loop
      vertex 8.35 -7.52776 0
      vertex 8.35 7.52776 0
      vertex 8.70208 7.79792 0
    endloop
  endfacet
  facet normal 0 0 -1
    outer loop
      vertex 7.93999 -7.35793 0
      vertex 8.35 7.52776 0
      vertex 8.35 -7.52776 0
    endloop
  endfacet
  facet normal 0 0 -1
    outer loop
      vertex 7.93999 -7.35793 0
      vertex 7.93999 7.35793 0
      vertex 8.35 7.52776 0
    endloop
  endfacet
  facet normal 0 0 -1
    outer loop
      vertex 7.5 -7.3 0
      vertex 7.93999 7.35793 0
      vertex 7.93999 -7.35793 0
    endloop
  endfacet
  facet normal 0 0 -1
    outer loop
      vertex 7.5 -7.3 0
      vertex 7.5 7.3 0
      vertex 7.93999 7.35793 0
    endloop
  endfacet
  facet normal 0 0 -1
    outer loop
      vertex 7.06001 -7.35793 0
      vertex 7.5 7.3 0
      vertex 7.5 -7.3 0
    endloop
  endfacet
  facet normal 0 0 -1
    outer loop
      vertex 7.06001 -7.35793 0
      vertex 7.06001 7.35793 0
      vertex 7.5 7.3 0
    endloop
  endfacet
  facet normal 0 0 -1
    outer loop
      vertex 6.65 -7.52776 0
      vertex 7.06001 7.35793 0
      vertex 7.06001 -7.35793 0
    endloop
  endfacet
  facet normal 0 0 -1
    outer loop
      vertex 6.65 -7.52776 0
      vertex 6.65 7.52776 0
      vertex 7.06001 7.35793 0
    endloop
  endfacet
  facet normal 0 0 -1
    outer loop
      vertex 6.29792 -7.79792 0
      vertex 6.65 7.52776 0
      vertex 6.65 -7.52776 0
    endloop
  endfacet
  facet normal 0 0 -1
    outer loop
      vertex 6.29792 -7.79792 0
      vertex 6.29792 7.79792 0
      vertex 6.65 7.52776 0
    endloop
  endfacet
  facet normal 0 0 -1
    outer loop
      vertex -6.29792 -7.79792 0
      vertex 6.29792 -7.79792 0
      vertex 6.02776 -8.15 0
    endloop
  endfacet
  facet normal 0 0 -1
    outer loop
      vertex 6.29792 -7.79792 0
      vertex -6.29792 -7.79792 0
      vertex 6.29792 7.79792 0
    endloop
  endfacet
  facet normal 0 0 -1
    outer loop
      vertex -6.02776 -8.15 0
      vertex 6.02776 -8.15 0
      vertex 5.85793 -8.56001 0
    endloop
  endfacet
  facet normal 0 0 -1
    outer loop
      vertex -6.29792 7.79792 0
      vertex 6.29792 7.79792 0
      vertex -6.29792 -7.79792 0
    endloop
  endfacet
  facet normal 0 0 -1
    outer loop
      vertex -5.85793 -8.56001 0
      vertex 5.85793 -8.56001 0
      vertex 5.8 -9 0
    endloop
  endfacet
  facet normal 0 0 -1
    outer loop
      vertex 6.29792 7.79792 0
      vertex -6.29792 7.79792 0
      vertex 6.02776 8.15 0
    endloop
  endfacet
  facet normal 0 0 -1
    outer loop
      vertex 9.14207 -8.56001 0
      vertex 12 -14 0
      vertex 9.2 -9 0
    endloop
  endfacet
  facet normal 0 0 -1
    outer loop
      vertex 12 -14 0
      vertex 9.14207 -9.43999 0
      vertex 9.2 -9 0
    endloop
  endfacet
  facet normal 0 0 -1
    outer loop
      vertex 12 -14 0
      vertex 8.97224 -9.85 0
      vertex 9.14207 -9.43999 0
    endloop
  endfacet
  facet normal 0 0 -1
    outer loop
      vertex 12 -14 0
      vertex 8.70208 -10.2021 0
      vertex 8.97224 -9.85 0
    endloop
  endfacet
  facet normal 0 0 -1
    outer loop
      vertex 12 -14 0
      vertex 8.35 -10.4722 0
      vertex 8.70208 -10.2021 0
    endloop
  endfacet
  facet normal 0 0 -1
    outer loop
      vertex 12 -14 0
      vertex 7.93999 -10.6421 0
      vertex 8.35 -10.4722 0
    endloop
  endfacet
  facet normal 0 0 -1
    outer loop
      vertex 12 -14 0
      vertex 7.5 -10.7 0
      vertex 7.93999 -10.6421 0
    endloop
  endfacet
  facet normal 0 0 -1
    outer loop
      vertex 12 -14 0
      vertex 7.06001 -10.6421 0
      vertex 7.5 -10.7 0
    endloop
  endfacet
  facet normal 0 0 -1
    outer loop
      vertex 12 -14 0
      vertex 6.65 -10.4722 0
      vertex 7.06001 -10.6421 0
    endloop
  endfacet
  facet normal 0 0 -1
    outer loop
      vertex 6.02776 8.15 0
      vertex -6.02776 8.15 0
      vertex 5.85793 8.56001 0
    endloop
  endfacet
  facet normal 0 -0 -1
    outer loop
      vertex -5.8 9 0
      vertex 5.8 9 0
      vertex -5.85793 8.56001 0
    endloop
  endfacet
  facet normal 0 0 -1
    outer loop
      vertex 5.8 9 0
      vertex 2.51802 21.0824 0
      vertex 5.02526 21.3294 0
    endloop
  endfacet
  facet normal 0 0 -1
    outer loop
      vertex -5.8 -9 0
      vertex 5.8 -9 0
      vertex 5.85793 -9.43999 0
    endloop
  endfacet
  facet normal 0 0 -1
    outer loop
      vertex -6.02776 9.85 0
      vertex 5.8 9 0
      vertex -5.85793 9.43999 0
    endloop
  endfacet
  facet normal 0 -0 -1
    outer loop
      vertex 0 21 0
      vertex 5.8 9 0
      vertex -6.02776 9.85 0
    endloop
  endfacet
  facet normal 0 0 -1
    outer loop
      vertex 5.8 -9 0
      vertex -5.8 -9 0
      vertex -5.85793 -8.56001 0
    endloop
  endfacet
  facet normal 0 0 -1
    outer loop
      vertex -5.85793 -9.43999 0
      vertex 5.85793 -9.43999 0
      vertex 6.02776 -9.85 0
    endloop
  endfacet
  facet normal 0 0 -1
    outer loop
      vertex -6.02776 -9.85 0
      vertex 6.02776 -9.85 0
      vertex 6.29792 -10.2021 0
    endloop
  endfacet
  facet normal 0 0 -1
    outer loop
      vertex -6.29792 -10.2021 0
      vertex 6.29792 -10.2021 0
      vertex 6.65 -10.4722 0
    endloop
  endfacet
  facet normal 0 0 -1
    outer loop
      vertex -6.65 -10.4722 0
      vertex 6.65 -10.4722 0
      vertex 12 -14 0
    endloop
  endfacet
  facet normal 0 0 -1
    outer loop
      vertex 5.85793 -9.43999 0
      vertex -5.85793 -9.43999 0
      vertex -5.8 -9 0
    endloop
  endfacet
  facet normal 0 0 -1
    outer loop
      vertex 6.02776 -9.85 0
      vertex -6.02776 -9.85 0
      vertex -5.85793 -9.43999 0
    endloop
  endfacet
  facet normal 0 0 -1
    outer loop
      vertex 6.29792 -10.2021 0
      vertex -6.29792 -10.2021 0
      vertex -6.02776 -9.85 0
    endloop
  endfacet
  facet normal 0 0 -1
    outer loop
      vertex 6.65 -10.4722 0
      vertex -6.65 -10.4722 0
      vertex -6.29792 -10.2021 0
    endloop
  endfacet
  facet normal 0 0 -1
    outer loop
      vertex -12 -14 0
      vertex -6.65 -10.4722 0
      vertex 12 -14 0
    endloop
  endfacet
  facet normal 0 0 -1
    outer loop
      vertex -6.65 -10.4722 0
      vertex -12 -14 0
      vertex -7.06001 -10.6421 0
    endloop
  endfacet
  facet normal 0 0 -1
    outer loop
      vertex -7.06001 -10.6421 0
      vertex -12 -14 0
      vertex -7.5 -10.7 0
    endloop
  endfacet
  facet normal 0 0 -1
    outer loop
      vertex -12 14 0
      vertex -9.14207 8.56001 0
      vertex -12 -14 0
    endloop
  endfacet
  facet normal -0 0 -1
    outer loop
      vertex -9.14207 -9.43999 0
      vertex -12 -14 0
      vertex -9.2 -9 0
    endloop
  endfacet
  facet normal -0 0 -1
    outer loop
      vertex -8.97224 -9.85 0
      vertex -12 -14 0
      vertex -9.14207 -9.43999 0
    endloop
  endfacet
  facet normal -0 0 -1
    outer loop
      vertex -8.70208 -10.2021 0
      vertex -12 -14 0
      vertex -8.97224 -9.85 0
    endloop
  endfacet
  facet normal -0 0 -1
    outer loop
      vertex -8.35 -10.4722 0
      vertex -12 -14 0
      vertex -8.70208 -10.2021 0
    endloop
  endfacet
  facet normal -0 0 -1
    outer loop
      vertex -7.93999 -10.6421 0
      vertex -12 -14 0
      vertex -8.35 -10.4722 0
    endloop
  endfacet
  facet normal -0 0 -1
    outer loop
      vertex -7.5 -10.7 0
      vertex -12 -14 0
      vertex -7.93999 -10.6421 0
    endloop
  endfacet
  facet normal 0 0 -1
    outer loop
      vertex 12 -14 0
      vertex 9.14207 -8.56001 0
      vertex 12 14 0
    endloop
  endfacet
  facet normal 0 0 -1
    outer loop
      vertex 9.14207 9.43999 0
      vertex 12 14 0
      vertex 9.2 9 0
    endloop
  endfacet
  facet normal 0 0 -1
    outer loop
      vertex 8.97224 9.85 0
      vertex 12 14 0
      vertex 9.14207 9.43999 0
    endloop
  endfacet
  facet normal -0 0 -1
    outer loop
      vertex 12 14 0
      vertex 8.70208 10.2021 0
      vertex 9 14 0
    endloop
  endfacet
  facet normal 0 0 -1
    outer loop
      vertex 8.70208 10.2021 0
      vertex 12 14 0
      vertex 8.97224 9.85 0
    endloop
  endfacet
  facet normal 0 0 -1
    outer loop
      vertex 38.5 59.5 0
      vertex 45.5 59.5 0
      vertex 45.4026 56.5242 0
    endloop
  endfacet
  facet normal 0 0 -1
    outer loop
      vertex 38.4176 56.982 0
      vertex 45.4026 56.5242 0
      vertex 45.1107 53.5611 0
    endloop
  endfacet
  facet normal 0 0 -1
    outer loop
      vertex 45.5 59.5 0
      vertex 38.5 59.5 0
      vertex 45.4026 62.4758 0
    endloop
  endfacet
  facet normal 0 0 -1
    outer loop
      vertex 38.1706 54.4747 0
      vertex 45.1107 53.5611 0
      vertex 44.6257 50.6234 0
    endloop
  endfacet
  facet normal 0 0 -1
    outer loop
      vertex 38.4176 62.018 0
      vertex 45.4026 62.4758 0
      vertex 38.5 59.5 0
    endloop
  endfacet
  facet normal 0 0 -1
    outer loop
      vertex 37.7602 51.989 0
      vertex 44.6257 50.6234 0
      vertex 43.9496 47.7237 0
    endloop
  endfacet
  facet normal -0 0 -1
    outer loop
      vertex 45.4026 62.4758 0
      vertex 38.4176 62.018 0
      vertex 45.1107 65.4389 0
    endloop
  endfacet
  facet normal 0 0 -1
    outer loop
      vertex 37.1881 49.5355 0
      vertex 43.9496 47.7237 0
      vertex 43.0853 44.8745 0
    endloop
  endfacet
  facet normal 0 0 -1
    outer loop
      vertex 38.1706 64.5253 0
      vertex 45.1107 65.4389 0
      vertex 38.4176 62.018 0
    endloop
  endfacet
  facet normal 0 0 -1
    outer loop
      vertex 36.4568 47.1246 0
      vertex 43.0853 44.8745 0
      vertex 42.0365 42.0879 0
    endloop
  endfacet
  facet normal -0 0 -1
    outer loop
      vertex 45.1107 65.4389 0
      vertex 38.1706 64.5253 0
      vertex 44.6257 68.3766 0
    endloop
  endfacet
  facet normal 0 0 -1
    outer loop
      vertex 35.5694 44.7667 0
      vertex 42.0365 42.0879 0
      vertex 40.8077 39.3759 0
    endloop
  endfacet
  facet normal 0 0 -1
    outer loop
      vertex 37.7602 67.011 0
      vertex 44.6257 68.3766 0
      vertex 38.1706 64.5253 0
    endloop
  endfacet
  facet normal 0 0 -1
    outer loop
      vertex 34.5296 42.4719 0
      vertex 40.8077 39.3759 0
      vertex 39.4042 36.75 0
    endloop
  endfacet
  facet normal -0 0 -1
    outer loop
      vertex 44.6257 68.3766 0
      vertex 37.7602 67.011 0
      vertex 43.9496 71.2763 0
    endloop
  endfacet
  facet normal 0 0 -1
    outer loop
      vertex 37.1881 69.4645 0
      vertex 43.9496 71.2763 0
      vertex 37.7602 67.011 0
    endloop
  endfacet
  facet normal 0 0 -1
    outer loop
      vertex 45.4026 56.5242 0
      vertex 38.4176 56.982 0
      vertex 38.5 59.5 0
    endloop
  endfacet
  facet normal 0 0 -1
    outer loop
      vertex 45.1107 53.5611 0
      vertex 38.1706 54.4747 0
      vertex 38.4176 56.982 0
    endloop
  endfacet
  facet normal 0 0 -1
    outer loop
      vertex 33.342 40.25 0
      vertex 39.4042 36.75 0
      vertex 37.8319 34.2216 0
    endloop
  endfacet
  facet normal 0 0 -1
    outer loop
      vertex 44.6257 50.6234 0
      vertex 37.7602 51.989 0
      vertex 38.1706 54.4747 0
    endloop
  endfacet
  facet normal 0 0 -1
    outer loop
      vertex 43.9496 47.7237 0
      vertex 37.1881 49.5355 0
      vertex 37.7602 51.989 0
    endloop
  endfacet
  facet normal 0 0 -1
    outer loop
      vertex 43.0853 44.8745 0
      vertex 36.4568 47.1246 0
      vertex 37.1881 49.5355 0
    endloop
  endfacet
  facet normal 0 0 -1
    outer loop
      vertex 32.0116 38.1105 0
      vertex 37.8319 34.2216 0
      vertex 36.0976 31.8014 0
    endloop
  endfacet
  facet normal 0 0 -1
    outer loop
      vertex 42.0365 42.0879 0
      vertex 35.5694 44.7667 0
      vertex 36.4568 47.1246 0
    endloop
  endfacet
  facet normal 0 0 -1
    outer loop
      vertex 40.8077 39.3759 0
      vertex 34.5296 42.4719 0
      vertex 35.5694 44.7667 0
    endloop
  endfacet
  facet normal 0 0 -1
    outer loop
      vertex 30.5441 36.0627 0
      vertex 36.0976 31.8014 0
      vertex 34.2087 29.4998 0
    endloop
  endfacet
  facet normal 0 0 -1
    outer loop
      vertex 39.4042 36.75 0
      vertex 33.342 40.25 0
      vertex 34.5296 42.4719 0
    endloop
  endfacet
  facet normal 0 0 -1
    outer loop
      vertex 28.9458 34.1152 0
      vertex 34.2087 29.4998 0
      vertex 32.1734 27.3266 0
    endloop
  endfacet
  facet normal 0 0 -1
    outer loop
      vertex 37.8319 34.2216 0
      vertex 32.0116 38.1105 0
      vertex 33.342 40.25 0
    endloop
  endfacet
  facet normal 0 0 -1
    outer loop
      vertex 36.0976 31.8014 0
      vertex 30.5441 36.0627 0
      vertex 32.0116 38.1105 0
    endloop
  endfacet
  facet normal 0 0 -1
    outer loop
      vertex 27.2236 32.2764 0
      vertex 32.1734 27.3266 0
      vertex 30.0002 25.2913 0
    endloop
  endfacet
  facet normal 0 0 -1
    outer loop
      vertex 34.2087 29.4998 0
      vertex 28.9458 34.1152 0
      vertex 30.5441 36.0627 0
    endloop
  endfacet
  facet normal 0 0 -1
    outer loop
      vertex 25.3848 30.5542 0
      vertex 30.0002 25.2913 0
      vertex 27.6986 23.4024 0
    endloop
  endfacet
  facet normal 0 0 -1
    outer loop
      vertex 32.1734 27.3266 0
      vertex 27.2236 32.2764 0
      vertex 28.9458 34.1152 0
    endloop
  endfacet
  facet normal 0 0 -1
    outer loop
      vertex 30.0002 25.2913 0
      vertex 25.3848 30.5542 0
      vertex 27.2236 32.2764 0
    endloop
  endfacet
  facet normal 0 0 -1
    outer loop
      vertex 23.4373 28.9559 0
      vertex 27.6986 23.4024 0
      vertex 25.2784 21.6681 0
    endloop
  endfacet
  facet normal 0 0 -1
    outer loop
      vertex 27.6986 23.4024 0
      vertex 23.4373 28.9559 0
      vertex 25.3848 30.5542 0
    endloop
  endfacet
  facet normal 0 0 -1
    outer loop
      vertex 21.3895 27.4884 0
      vertex 25.2784 21.6681 0
      vertex 22.75 20.0958 0
    endloop
  endfacet
  facet normal 0 0 -1
    outer loop
      vertex 25.2784 21.6681 0
      vertex 21.3895 27.4884 0
      vertex 23.4373 28.9559 0
    endloop
  endfacet
  facet normal 0 0 -1
    outer loop
      vertex 19.25 26.158 0
      vertex 22.75 20.0958 0
      vertex 20.1241 18.6923 0
    endloop
  endfacet
  facet normal 0 0 -1
    outer loop
      vertex 22.75 20.0958 0
      vertex 19.25 26.158 0
      vertex 21.3895 27.4884 0
    endloop
  endfacet
  facet normal 0 0 -1
    outer loop
      vertex 17.0281 24.9704 0
      vertex 20.1241 18.6923 0
      vertex 17.4121 17.4635 0
    endloop
  endfacet
  facet normal 0 0 -1
    outer loop
      vertex 20.1241 18.6923 0
      vertex 17.0281 24.9704 0
      vertex 19.25 26.158 0
    endloop
  endfacet
  facet normal 0 0 -1
    outer loop
      vertex 17.4121 17.4635 0
      vertex 14.7333 23.9306 0
      vertex 17.0281 24.9704 0
    endloop
  endfacet
  facet normal 0 0 -1
    outer loop
      vertex 14.6255 16.4147 0
      vertex 14.7333 23.9306 0
      vertex 17.4121 17.4635 0
    endloop
  endfacet
  facet normal 0 0 -1
    outer loop
      vertex 14.6255 16.4147 0
      vertex 12.3754 23.0432 0
      vertex 14.7333 23.9306 0
    endloop
  endfacet
  facet normal 0 0 -1
    outer loop
      vertex 11.7763 15.5504 0
      vertex 12.3754 23.0432 0
      vertex 14.6255 16.4147 0
    endloop
  endfacet
  facet normal 0 0 -1
    outer loop
      vertex 11.7763 15.5504 0
      vertex 9.96453 22.3119 0
      vertex 12.3754 23.0432 0
    endloop
  endfacet
  facet normal 0 0 -1
    outer loop
      vertex 9 14.903 0
      vertex 9.96453 22.3119 0
      vertex 11.7763 15.5504 0
    endloop
  endfacet
  facet normal 0 0 -1
    outer loop
      vertex 8.35 10.4722 0
      vertex 9 14 0
      vertex 8.70208 10.2021 0
    endloop
  endfacet
  facet normal 0 0 -1
    outer loop
      vertex 7.93999 10.6421 0
      vertex 9 14 0
      vertex 8.35 10.4722 0
    endloop
  endfacet
  facet normal 0 0 -1
    outer loop
      vertex 7.5 10.7 0
      vertex 9 14 0
      vertex 7.93999 10.6421 0
    endloop
  endfacet
  facet normal 0 0 -1
    outer loop
      vertex 7.06001 10.6421 0
      vertex 9 14 0
      vertex 7.5 10.7 0
    endloop
  endfacet
  facet normal 0 0 -1
    outer loop
      vertex 9 14.903 0
      vertex 7.51098 21.7398 0
      vertex 9.96453 22.3119 0
    endloop
  endfacet
  facet normal 0 0 -1
    outer loop
      vertex 6.65 10.4722 0
      vertex 9 14 0
      vertex 7.06001 10.6421 0
    endloop
  endfacet
  facet normal -0 0 -1
    outer loop
      vertex 9 14 0
      vertex 6.65 10.4722 0
      vertex 9 14.903 0
    endloop
  endfacet
  facet normal -0 0 -1
    outer loop
      vertex 9 14.903 0
      vertex 6.65 10.4722 0
      vertex 5.02526 21.3294 0
    endloop
  endfacet
  facet normal 0 0 -1
    outer loop
      vertex 5.02526 21.3294 0
      vertex 6.65 10.4722 0
      vertex 6.29792 10.2021 0
    endloop
  endfacet
  facet normal 0 0 -1
    outer loop
      vertex 5.02526 21.3294 0
      vertex 6.29792 10.2021 0
      vertex 6.02776 9.85 0
    endloop
  endfacet
  facet normal 0 0 -1
    outer loop
      vertex 5.02526 21.3294 0
      vertex 6.02776 9.85 0
      vertex 5.85793 9.43999 0
    endloop
  endfacet
  facet normal 0 0 -1
    outer loop
      vertex 9 14.903 0
      vertex 5.02526 21.3294 0
      vertex 7.51098 21.7398 0
    endloop
  endfacet
  facet normal 0 0 -1
    outer loop
      vertex 5.02526 21.3294 0
      vertex 5.85793 9.43999 0
      vertex 5.8 9 0
    endloop
  endfacet
  facet normal -0 0 -1
    outer loop
      vertex 43.9496 71.2763 0
      vertex 37.1881 69.4645 0
      vertex 43.0853 74.1255 0
    endloop
  endfacet
  facet normal 0 0 -1
    outer loop
      vertex 36.4568 71.8754 0
      vertex 43.0853 74.1255 0
      vertex 37.1881 69.4645 0
    endloop
  endfacet
  facet normal -0 0 -1
    outer loop
      vertex 43.0853 74.1255 0
      vertex 36.4568 71.8754 0
      vertex 42.0365 76.9121 0
    endloop
  endfacet
  facet normal 0 0 -1
    outer loop
      vertex 35.5694 74.2333 0
      vertex 42.0365 76.9121 0
      vertex 36.4568 71.8754 0
    endloop
  endfacet
  facet normal -0 0 -1
    outer loop
      vertex 42.0365 76.9121 0
      vertex 35.5694 74.2333 0
      vertex 40.8077 79.6241 0
    endloop
  endfacet
  facet normal 0 0 -1
    outer loop
      vertex 34.5296 76.5281 0
      vertex 40.8077 79.6241 0
      vertex 35.5694 74.2333 0
    endloop
  endfacet
  facet normal -0 0 -1
    outer loop
      vertex 40.8077 79.6241 0
      vertex 34.5296 76.5281 0
      vertex 39.4042 82.25 0
    endloop
  endfacet
  facet normal 0 0 -1
    outer loop
      vertex 33.342 78.75 0
      vertex 39.4042 82.25 0
      vertex 34.5296 76.5281 0
    endloop
  endfacet
  facet normal -0 0 -1
    outer loop
      vertex 39.4042 82.25 0
      vertex 33.342 78.75 0
      vertex 37.8319 84.7784 0
    endloop
  endfacet
  facet normal 0 0 -1
    outer loop
      vertex 32.0116 80.8895 0
      vertex 37.8319 84.7784 0
      vertex 33.342 78.75 0
    endloop
  endfacet
  facet normal -0 0 -1
    outer loop
      vertex 37.8319 84.7784 0
      vertex 32.0116 80.8895 0
      vertex 36.0976 87.1986 0
    endloop
  endfacet
  facet normal 0 0 -1
    outer loop
      vertex 30.5441 82.9373 0
      vertex 36.0976 87.1986 0
      vertex 32.0116 80.8895 0
    endloop
  endfacet
  facet normal -0 0 -1
    outer loop
      vertex 36.0976 87.1986 0
      vertex 30.5441 82.9373 0
      vertex 34.2087 89.5002 0
    endloop
  endfacet
  facet normal 0 0 -1
    outer loop
      vertex 28.9458 84.8848 0
      vertex 34.2087 89.5002 0
      vertex 30.5441 82.9373 0
    endloop
  endfacet
  facet normal -0 0 -1
    outer loop
      vertex 34.2087 89.5002 0
      vertex 28.9458 84.8848 0
      vertex 32.1734 91.6734 0
    endloop
  endfacet
  facet normal 0 0 -1
    outer loop
      vertex 27.2236 86.7236 0
      vertex 32.1734 91.6734 0
      vertex 28.9458 84.8848 0
    endloop
  endfacet
  facet normal -0 0 -1
    outer loop
      vertex 32.1734 91.6734 0
      vertex 27.2236 86.7236 0
      vertex 30.0002 93.7087 0
    endloop
  endfacet
  facet normal 0 0 -1
    outer loop
      vertex 25.3848 88.4458 0
      vertex 30.0002 93.7087 0
      vertex 27.2236 86.7236 0
    endloop
  endfacet
  facet normal -0 0 -1
    outer loop
      vertex 30.0002 93.7087 0
      vertex 25.3848 88.4458 0
      vertex 27.6986 95.5976 0
    endloop
  endfacet
  facet normal 0 0 -1
    outer loop
      vertex 23.4373 90.0441 0
      vertex 27.6986 95.5976 0
      vertex 25.3848 88.4458 0
    endloop
  endfacet
  facet normal -0 0 -1
    outer loop
      vertex 27.6986 95.5976 0
      vertex 23.4373 90.0441 0
      vertex 25.2784 97.3319 0
    endloop
  endfacet
  facet normal 0 0 -1
    outer loop
      vertex 21.3895 91.5116 0
      vertex 25.2784 97.3319 0
      vertex 23.4373 90.0441 0
    endloop
  endfacet
  facet normal -0 0 -1
    outer loop
      vertex 25.2784 97.3319 0
      vertex 21.3895 91.5116 0
      vertex 22.75 98.9042 0
    endloop
  endfacet
  facet normal 0 0 -1
    outer loop
      vertex 19.25 92.842 0
      vertex 22.75 98.9042 0
      vertex 21.3895 91.5116 0
    endloop
  endfacet
  facet normal -0 0 -1
    outer loop
      vertex 22.75 98.9042 0
      vertex 19.25 92.842 0
      vertex 20.1241 100.308 0
    endloop
  endfacet
  facet normal 0 0 -1
    outer loop
      vertex 17.0281 94.0296 0
      vertex 20.1241 100.308 0
      vertex 19.25 92.842 0
    endloop
  endfacet
  facet normal -0 0 -1
    outer loop
      vertex 20.1241 100.308 0
      vertex 17.0281 94.0296 0
      vertex 18.5962 101 0
    endloop
  endfacet
  facet normal 0 0 -1
    outer loop
      vertex 33 101 0
      vertex 28.7 114 0
      vertex 33 127 0
    endloop
  endfacet
  facet normal 0 0 -1
    outer loop
      vertex 33 101 0
      vertex 28.6421 113.56 0
      vertex 28.7 114 0
    endloop
  endfacet
  facet normal 0 0 -1
    outer loop
      vertex 33 101 0
      vertex 28.4722 113.15 0
      vertex 28.6421 113.56 0
    endloop
  endfacet
  facet normal 0 0 -1
    outer loop
      vertex 33 101 0
      vertex 28.2021 112.798 0
      vertex 28.4722 113.15 0
    endloop
  endfacet
  facet normal 0 0 -1
    outer loop
      vertex 33 101 0
      vertex 27.85 112.528 0
      vertex 28.2021 112.798 0
    endloop
  endfacet
  facet normal 0 0 -1
    outer loop
      vertex 33 101 0
      vertex 27.44 112.358 0
      vertex 27.85 112.528 0
    endloop
  endfacet
  facet normal 0 0 -1
    outer loop
      vertex 33 101 0
      vertex 27 112.3 0
      vertex 27.44 112.358 0
    endloop
  endfacet
  facet normal 0 0 -1
    outer loop
      vertex 22 109 0
      vertex 27 112.3 0
      vertex 33 101 0
    endloop
  endfacet
  facet normal -0 0 -1
    outer loop
      vertex 27 112.3 0
      vertex 22 109 0
      vertex 26.56 112.358 0
    endloop
  endfacet
  facet normal -0 0 -1
    outer loop
      vertex 26.56 112.358 0
      vertex 22 109 0
      vertex 26.15 112.528 0
    endloop
  endfacet
  facet normal -0 0 -1
    outer loop
      vertex 26.15 112.528 0
      vertex 22 109 0
      vertex 25.7979 112.798 0
    endloop
  endfacet
  facet normal -0 0 -1
    outer loop
      vertex 25.3579 113.56 0
      vertex 22 109 0
      vertex 25.3 114 0
    endloop
  endfacet
  facet normal -0 0 -1
    outer loop
      vertex 25.5278 113.15 0
      vertex 22 109 0
      vertex 25.3579 113.56 0
    endloop
  endfacet
  facet normal -0 0 -1
    outer loop
      vertex 25.7979 112.798 0
      vertex 22 109 0
      vertex 25.5278 113.15 0
    endloop
  endfacet
  facet normal 0 0 -1
    outer loop
      vertex 18.5962 101 0
      vertex 22 109 0
      vertex 33 101 0
    endloop
  endfacet
  facet normal 0 0 -1
    outer loop
      vertex 14.7333 95.0694 0
      vertex 18.5962 101 0
      vertex 17.0281 94.0296 0
    endloop
  endfacet
  facet normal 0 0 -1
    outer loop
      vertex 12.3754 95.9568 0
      vertex 18.5962 101 0
      vertex 14.7333 95.0694 0
    endloop
  endfacet
  facet normal 0 0 -1
    outer loop
      vertex 9.96453 96.6881 0
      vertex 18.5962 101 0
      vertex 12.3754 95.9568 0
    endloop
  endfacet
  facet normal 0 0 -1
    outer loop
      vertex 7.51098 97.2602 0
      vertex 18.5962 101 0
      vertex 9.96453 96.6881 0
    endloop
  endfacet
  facet normal -0 0 -1
    outer loop
      vertex 18.5962 101 0
      vertex 7.51098 97.2602 0
      vertex 22 109 0
    endloop
  endfacet
  facet normal 0 0 -1
    outer loop
      vertex 5.02526 97.6706 0
      vertex 22 109 0
      vertex 7.51098 97.2602 0
    endloop
  endfacet
  facet normal 0 0 -1
    outer loop
      vertex 2.51802 97.9176 0
      vertex 22 109 0
      vertex 5.02526 97.6706 0
    endloop
  endfacet
  facet normal 0 0 -1
    outer loop
      vertex 0 98 0
      vertex 22 109 0
      vertex 2.51802 97.9176 0
    endloop
  endfacet
  facet normal 0 0 -1
    outer loop
      vertex -22 109 0
      vertex 0 98 0
      vertex -2.51802 97.9176 0
    endloop
  endfacet
  facet normal 0 0 -1
    outer loop
      vertex -22 109 0
      vertex -2.51802 97.9176 0
      vertex -5.02526 97.6706 0
    endloop
  endfacet
  facet normal 0 0 -1
    outer loop
      vertex -22 109 0
      vertex -5.02526 97.6706 0
      vertex -7.51098 97.2602 0
    endloop
  endfacet
  facet normal 0 0 -1
    outer loop
      vertex -18.5962 101 0
      vertex -7.51098 97.2602 0
      vertex -9.96453 96.6881 0
    endloop
  endfacet
  facet normal 0 0 -1
    outer loop
      vertex -18.5962 101 0
      vertex -9.96453 96.6881 0
      vertex -12.3754 95.9568 0
    endloop
  endfacet
  facet normal 0 0 -1
    outer loop
      vertex -18.5962 101 0
      vertex -12.3754 95.9568 0
      vertex -14.7333 95.0694 0
    endloop
  endfacet
  facet normal 0 0 -1
    outer loop
      vertex -18.5962 101 0
      vertex -14.7333 95.0694 0
      vertex -17.0281 94.0296 0
    endloop
  endfacet
  facet normal 0 0 -1
    outer loop
      vertex -7.51098 97.2602 0
      vertex -18.5962 101 0
      vertex -22 109 0
    endloop
  endfacet
  facet normal 0 0 -1
    outer loop
      vertex 0 98 0
      vertex -22 109 0
      vertex 22 109 0
    endloop
  endfacet
  facet normal 0 0 -1
    outer loop
      vertex -22 109 0
      vertex -25.3 114 0
      vertex -22 119 0
    endloop
  endfacet
  facet normal 0 0 -1
    outer loop
      vertex -33 101 0
      vertex -22 109 0
      vertex -18.5962 101 0
    endloop
  endfacet
  facet normal 0 0 -1
    outer loop
      vertex -22 109 0
      vertex -25.3579 113.56 0
      vertex -25.3 114 0
    endloop
  endfacet
  facet normal 0 0 -1
    outer loop
      vertex -22 109 0
      vertex -25.5278 113.15 0
      vertex -25.3579 113.56 0
    endloop
  endfacet
  facet normal 0 0 -1
    outer loop
      vertex -22 109 0
      vertex -25.7979 112.798 0
      vertex -25.5278 113.15 0
    endloop
  endfacet
  facet normal 0 0 -1
    outer loop
      vertex -22 109 0
      vertex -26.15 112.528 0
      vertex -25.7979 112.798 0
    endloop
  endfacet
  facet normal 0 0 -1
    outer loop
      vertex -22 109 0
      vertex -26.56 112.358 0
      vertex -26.15 112.528 0
    endloop
  endfacet
  facet normal 0 0 -1
    outer loop
      vertex -22 109 0
      vertex -27 112.3 0
      vertex -26.56 112.358 0
    endloop
  endfacet
  facet normal -0 0 -1
    outer loop
      vertex -22 109 0
      vertex -33 101 0
      vertex -27 112.3 0
    endloop
  endfacet
  facet normal -0 0 -1
    outer loop
      vertex -27 112.3 0
      vertex -33 101 0
      vertex -27.44 112.358 0
    endloop
  endfacet
  facet normal -0 0 -1
    outer loop
      vertex -27.44 112.358 0
      vertex -33 101 0
      vertex -27.85 112.528 0
    endloop
  endfacet
  facet normal -0 0 -1
    outer loop
      vertex -28.6421 113.56 0
      vertex -33 101 0
      vertex -28.7 114 0
    endloop
  endfacet
  facet normal -0 0 -1
    outer loop
      vertex -28.4722 113.15 0
      vertex -33 101 0
      vertex -28.6421 113.56 0
    endloop
  endfacet
  facet normal -0 0 -1
    outer loop
      vertex -28.2021 112.798 0
      vertex -33 101 0
      vertex -28.4722 113.15 0
    endloop
  endfacet
  facet normal -0 0 -1
    outer loop
      vertex -27.85 112.528 0
      vertex -33 101 0
      vertex -28.2021 112.798 0
    endloop
  endfacet
  facet normal 0 0 -1
    outer loop
      vertex 28.6421 114.44 0
      vertex 33 127 0
      vertex 28.7 114 0
    endloop
  endfacet
  facet normal 0 0 -1
    outer loop
      vertex 28.4722 114.85 0
      vertex 33 127 0
      vertex 28.6421 114.44 0
    endloop
  endfacet
  facet normal 0 0 -1
    outer loop
      vertex 28.2021 115.202 0
      vertex 33 127 0
      vertex 28.4722 114.85 0
    endloop
  endfacet
  facet normal 0 0 -1
    outer loop
      vertex 27.85 115.472 0
      vertex 33 127 0
      vertex 28.2021 115.202 0
    endloop
  endfacet
  facet normal 0 0 -1
    outer loop
      vertex 27.44 115.642 0
      vertex 33 127 0
      vertex 27.85 115.472 0
    endloop
  endfacet
  facet normal 0 0 -1
    outer loop
      vertex 27 115.7 0
      vertex 33 127 0
      vertex 27.44 115.642 0
    endloop
  endfacet
  facet normal 0 0 -1
    outer loop
      vertex 22 119 0
      vertex 27 115.7 0
      vertex 26.56 115.642 0
    endloop
  endfacet
  facet normal 0 0 -1
    outer loop
      vertex 22 119 0
      vertex 26.56 115.642 0
      vertex 26.15 115.472 0
    endloop
  endfacet
  facet normal 0 0 -1
    outer loop
      vertex 22 119 0
      vertex 26.15 115.472 0
      vertex 25.7979 115.202 0
    endloop
  endfacet
  facet normal 0 0 -1
    outer loop
      vertex 22 119 0
      vertex 25.7979 115.202 0
      vertex 25.5278 114.85 0
    endloop
  endfacet
  facet normal 0 0 -1
    outer loop
      vertex 22 119 0
      vertex 25.3 114 0
      vertex 22 109 0
    endloop
  endfacet
  facet normal 0 0 -1
    outer loop
      vertex 25.3 114 0
      vertex 22 119 0
      vertex 25.3579 114.44 0
    endloop
  endfacet
  facet normal 0 0 -1
    outer loop
      vertex 25.3579 114.44 0
      vertex 22 119 0
      vertex 25.5278 114.85 0
    endloop
  endfacet
  facet normal 0 0 -1
    outer loop
      vertex 27 115.7 0
      vertex 22 119 0
      vertex 33 127 0
    endloop
  endfacet
  facet normal 0 0 -1
    outer loop
      vertex -22 119 0
      vertex 33 127 0
      vertex 22 119 0
    endloop
  endfacet
  facet normal 0 0 -1
    outer loop
      vertex -25.3579 114.44 0
      vertex -22 119 0
      vertex -25.3 114 0
    endloop
  endfacet
  facet normal 0 0 -1
    outer loop
      vertex -25.5278 114.85 0
      vertex -22 119 0
      vertex -25.3579 114.44 0
    endloop
  endfacet
  facet normal 0 0 -1
    outer loop
      vertex -25.7979 115.202 0
      vertex -22 119 0
      vertex -25.5278 114.85 0
    endloop
  endfacet
  facet normal 0 0 -1
    outer loop
      vertex -26.15 115.472 0
      vertex -22 119 0
      vertex -25.7979 115.202 0
    endloop
  endfacet
  facet normal 0 0 -1
    outer loop
      vertex -26.56 115.642 0
      vertex -22 119 0
      vertex -26.15 115.472 0
    endloop
  endfacet
  facet normal 0 0 -1
    outer loop
      vertex -27 115.7 0
      vertex -22 119 0
      vertex -26.56 115.642 0
    endloop
  endfacet
  facet normal 0 0 -1
    outer loop
      vertex -33 127 0
      vertex -27 115.7 0
      vertex -27.44 115.642 0
    endloop
  endfacet
  facet normal 0 0 -1
    outer loop
      vertex -33 127 0
      vertex -27.44 115.642 0
      vertex -27.85 115.472 0
    endloop
  endfacet
  facet normal 0 0 -1
    outer loop
      vertex -33 127 0
      vertex -28.7 114 0
      vertex -33 101 0
    endloop
  endfacet
  facet normal 0 0 -1
    outer loop
      vertex -22 119 0
      vertex -33 127 0
      vertex 33 127 0
    endloop
  endfacet
  facet normal 0 0 -1
    outer loop
      vertex -27 115.7 0
      vertex -33 127 0
      vertex -22 119 0
    endloop
  endfacet
  facet normal 0 0 -1
    outer loop
      vertex -28.2021 115.202 0
      vertex -33 127 0
      vertex -27.85 115.472 0
    endloop
  endfacet
  facet normal 0 0 -1
    outer loop
      vertex -28.4722 114.85 0
      vertex -33 127 0
      vertex -28.2021 115.202 0
    endloop
  endfacet
  facet normal 0 0 -1
    outer loop
      vertex -28.6421 114.44 0
      vertex -33 127 0
      vertex -28.4722 114.85 0
    endloop
  endfacet
  facet normal 0 0 -1
    outer loop
      vertex -28.7 114 0
      vertex -33 127 0
      vertex -28.6421 114.44 0
    endloop
  endfacet
  facet normal 0 0 -1
    outer loop
      vertex -20.1241 100.308 0
      vertex -17.0281 94.0296 0
      vertex -19.25 92.842 0
    endloop
  endfacet
  facet normal 0 0 -1
    outer loop
      vertex -17.0281 94.0296 0
      vertex -20.1241 100.308 0
      vertex -18.5962 101 0
    endloop
  endfacet
  facet normal 0 0 -1
    outer loop
      vertex -22.75 98.9042 0
      vertex -19.25 92.842 0
      vertex -21.3895 91.5116 0
    endloop
  endfacet
  facet normal 0 0 -1
    outer loop
      vertex -19.25 92.842 0
      vertex -22.75 98.9042 0
      vertex -20.1241 100.308 0
    endloop
  endfacet
  facet normal 0 0 -1
    outer loop
      vertex -25.2784 97.3319 0
      vertex -21.3895 91.5116 0
      vertex -23.4373 90.0441 0
    endloop
  endfacet
  facet normal 0 0 -1
    outer loop
      vertex -21.3895 91.5116 0
      vertex -25.2784 97.3319 0
      vertex -22.75 98.9042 0
    endloop
  endfacet
  facet normal 0 0 -1
    outer loop
      vertex -27.6986 95.5976 0
      vertex -23.4373 90.0441 0
      vertex -25.3848 88.4458 0
    endloop
  endfacet
  facet normal 0 0 -1
    outer loop
      vertex -30.0002 93.7087 0
      vertex -25.3848 88.4458 0
      vertex -27.2236 86.7236 0
    endloop
  endfacet
  facet normal 0 0 -1
    outer loop
      vertex -23.4373 90.0441 0
      vertex -27.6986 95.5976 0
      vertex -25.2784 97.3319 0
    endloop
  endfacet
  facet normal 0 0 -1
    outer loop
      vertex -32.1734 91.6734 0
      vertex -27.2236 86.7236 0
      vertex -28.9458 84.8848 0
    endloop
  endfacet
  facet normal 0 0 -1
    outer loop
      vertex -25.3848 88.4458 0
      vertex -30.0002 93.7087 0
      vertex -27.6986 95.5976 0
    endloop
  endfacet
  facet normal 0 0 -1
    outer loop
      vertex -34.2087 89.5002 0
      vertex -28.9458 84.8848 0
      vertex -30.5441 82.9373 0
    endloop
  endfacet
  facet normal 0 0 -1
    outer loop
      vertex -36.0976 87.1986 0
      vertex -30.5441 82.9373 0
      vertex -32.0116 80.8895 0
    endloop
  endfacet
  facet normal 0 0 -1
    outer loop
      vertex -27.2236 86.7236 0
      vertex -32.1734 91.6734 0
      vertex -30.0002 93.7087 0
    endloop
  endfacet
  facet normal 0 0 -1
    outer loop
      vertex -37.8319 84.7784 0
      vertex -32.0116 80.8895 0
      vertex -33.342 78.75 0
    endloop
  endfacet
  facet normal 0 0 -1
    outer loop
      vertex -28.9458 84.8848 0
      vertex -34.2087 89.5002 0
      vertex -32.1734 91.6734 0
    endloop
  endfacet
  facet normal 0 0 -1
    outer loop
      vertex -39.4042 82.25 0
      vertex -33.342 78.75 0
      vertex -34.5296 76.5281 0
    endloop
  endfacet
  facet normal 0 0 -1
    outer loop
      vertex -40.8077 79.6241 0
      vertex -34.5296 76.5281 0
      vertex -35.5694 74.2333 0
    endloop
  endfacet
  facet normal 0 0 -1
    outer loop
      vertex -30.5441 82.9373 0
      vertex -36.0976 87.1986 0
      vertex -34.2087 89.5002 0
    endloop
  endfacet
  facet normal 0 0 -1
    outer loop
      vertex -42.0365 76.9121 0
      vertex -35.5694 74.2333 0
      vertex -36.4568 71.8754 0
    endloop
  endfacet
  facet normal 0 0 -1
    outer loop
      vertex -43.0853 74.1255 0
      vertex -36.4568 71.8754 0
      vertex -37.1881 69.4645 0
    endloop
  endfacet
  facet normal 0 0 -1
    outer loop
      vertex -43.9496 71.2763 0
      vertex -37.1881 69.4645 0
      vertex -37.7602 67.011 0
    endloop
  endfacet
  facet normal 0 0 -1
    outer loop
      vertex -32.0116 80.8895 0
      vertex -37.8319 84.7784 0
      vertex -36.0976 87.1986 0
    endloop
  endfacet
  facet normal 0 0 -1
    outer loop
      vertex -44.6257 68.3766 0
      vertex -37.7602 67.011 0
      vertex -38.1706 64.5253 0
    endloop
  endfacet
  facet normal 0 0 -1
    outer loop
      vertex -45.1107 65.4389 0
      vertex -38.1706 64.5253 0
      vertex -38.4176 62.018 0
    endloop
  endfacet
  facet normal 0 0 -1
    outer loop
      vertex -45.4026 62.4758 0
      vertex -38.4176 62.018 0
      vertex -38.5 59.5 0
    endloop
  endfacet
  facet normal -0 0 -1
    outer loop
      vertex -37.1881 49.5355 0
      vertex -43.9496 47.7237 0
      vertex -37.7602 51.989 0
    endloop
  endfacet
  facet normal 0 0 -1
    outer loop
      vertex -33.342 78.75 0
      vertex -39.4042 82.25 0
      vertex -37.8319 84.7784 0
    endloop
  endfacet
  facet normal 0 0 -1
    outer loop
      vertex -44.6257 50.6234 0
      vertex -37.7602 51.989 0
      vertex -43.9496 47.7237 0
    endloop
  endfacet
  facet normal 0 0 -1
    outer loop
      vertex -34.5296 76.5281 0
      vertex -40.8077 79.6241 0
      vertex -39.4042 82.25 0
    endloop
  endfacet
  facet normal -0 0 -1
    outer loop
      vertex -37.7602 51.989 0
      vertex -44.6257 50.6234 0
      vertex -38.1706 54.4747 0
    endloop
  endfacet
  facet normal 0 0 -1
    outer loop
      vertex -35.5694 74.2333 0
      vertex -42.0365 76.9121 0
      vertex -40.8077 79.6241 0
    endloop
  endfacet
  facet normal 0 0 -1
    outer loop
      vertex -45.1107 53.5611 0
      vertex -38.1706 54.4747 0
      vertex -44.6257 50.6234 0
    endloop
  endfacet
  facet normal 0 0 -1
    outer loop
      vertex -36.4568 71.8754 0
      vertex -43.0853 74.1255 0
      vertex -42.0365 76.9121 0
    endloop
  endfacet
  facet normal -0 0 -1
    outer loop
      vertex -38.1706 54.4747 0
      vertex -45.1107 53.5611 0
      vertex -38.4176 56.982 0
    endloop
  endfacet
  facet normal 0 0 -1
    outer loop
      vertex -37.1881 69.4645 0
      vertex -43.9496 71.2763 0
      vertex -43.0853 74.1255 0
    endloop
  endfacet
  facet normal 0 0 -1
    outer loop
      vertex -45.4026 56.5242 0
      vertex -38.4176 56.982 0
      vertex -45.1107 53.5611 0
    endloop
  endfacet
  facet normal 0 0 -1
    outer loop
      vertex -37.7602 67.011 0
      vertex -44.6257 68.3766 0
      vertex -43.9496 71.2763 0
    endloop
  endfacet
  facet normal -0 0 -1
    outer loop
      vertex -38.4176 56.982 0
      vertex -45.4026 56.5242 0
      vertex -38.5 59.5 0
    endloop
  endfacet
  facet normal 0 0 -1
    outer loop
      vertex -38.1706 64.5253 0
      vertex -45.1107 65.4389 0
      vertex -44.6257 68.3766 0
    endloop
  endfacet
  facet normal 0 0 -1
    outer loop
      vertex -45.5 59.5 0
      vertex -38.5 59.5 0
      vertex -45.4026 56.5242 0
    endloop
  endfacet
  facet normal 0 0 -1
    outer loop
      vertex -38.4176 62.018 0
      vertex -45.4026 62.4758 0
      vertex -45.1107 65.4389 0
    endloop
  endfacet
  facet normal 0 0 -1
    outer loop
      vertex -38.5 59.5 0
      vertex -45.5 59.5 0
      vertex -45.4026 62.4758 0
    endloop
  endfacet
  facet normal 0 0 -1
    outer loop
      vertex -12 14 0
      vertex -8.97224 9.85 0
      vertex -9.14207 9.43999 0
    endloop
  endfacet
  facet normal 0 0 -1
    outer loop
      vertex -12 14 0
      vertex -9.14207 9.43999 0
      vertex -9.2 9 0
    endloop
  endfacet
  facet normal 0 0 -1
    outer loop
      vertex -9.14207 8.56001 0
      vertex -12 14 0
      vertex -9.2 9 0
    endloop
  endfacet
  facet normal 0 0 -1
    outer loop
      vertex -8.97224 9.85 0
      vertex -12 14 0
      vertex -9 14 0
    endloop
  endfacet
  facet normal 0 0 -1
    outer loop
      vertex 5.85793 -8.56001 0
      vertex -5.85793 -8.56001 0
      vertex -6.02776 -8.15 0
    endloop
  endfacet
  facet normal 0 0 -1
    outer loop
      vertex -5.85793 9.43999 0
      vertex 5.8 9 0
      vertex -5.8 9 0
    endloop
  endfacet
  facet normal 0 0 -1
    outer loop
      vertex 6.02776 -8.15 0
      vertex -6.02776 -8.15 0
      vertex -6.29792 -7.79792 0
    endloop
  endfacet
  facet normal 0 0 -1
    outer loop
      vertex 5.85793 8.56001 0
      vertex -5.85793 8.56001 0
      vertex 5.8 9 0
    endloop
  endfacet
  facet normal 0 -0 -1
    outer loop
      vertex -6.02776 8.15 0
      vertex 6.02776 8.15 0
      vertex -6.29792 7.79792 0
    endloop
  endfacet
  facet normal 0 -0 -1
    outer loop
      vertex -5.85793 8.56001 0
      vertex 5.85793 8.56001 0
      vertex -6.02776 8.15 0
    endloop
  endfacet
  facet normal 0 0 -1
    outer loop
      vertex -6.65 -7.52776 0
      vertex -6.29792 7.79792 0
      vertex -6.29792 -7.79792 0
    endloop
  endfacet
  facet normal 0 0 -1
    outer loop
      vertex -6.65 -7.52776 0
      vertex -6.65 7.52776 0
      vertex -6.29792 7.79792 0
    endloop
  endfacet
  facet normal 0 0 -1
    outer loop
      vertex -7.06001 -7.35793 0
      vertex -6.65 7.52776 0
      vertex -6.65 -7.52776 0
    endloop
  endfacet
  facet normal 0 0 -1
    outer loop
      vertex -7.06001 -7.35793 0
      vertex -7.06001 7.35793 0
      vertex -6.65 7.52776 0
    endloop
  endfacet
  facet normal 0 0 -1
    outer loop
      vertex -7.5 -7.3 0
      vertex -7.06001 7.35793 0
      vertex -7.06001 -7.35793 0
    endloop
  endfacet
  facet normal 0 0 -1
    outer loop
      vertex -7.5 -7.3 0
      vertex -7.5 7.3 0
      vertex -7.06001 7.35793 0
    endloop
  endfacet
  facet normal 0 0 -1
    outer loop
      vertex -7.93999 -7.35793 0
      vertex -7.5 7.3 0
      vertex -7.5 -7.3 0
    endloop
  endfacet
  facet normal 0 0 -1
    outer loop
      vertex -7.93999 -7.35793 0
      vertex -7.93999 7.35793 0
      vertex -7.5 7.3 0
    endloop
  endfacet
  facet normal 0 0 -1
    outer loop
      vertex -8.35 -7.52776 0
      vertex -7.93999 7.35793 0
      vertex -7.93999 -7.35793 0
    endloop
  endfacet
  facet normal 0 0 -1
    outer loop
      vertex -8.35 -7.52776 0
      vertex -8.35 7.52776 0
      vertex -7.93999 7.35793 0
    endloop
  endfacet
  facet normal 0 0 -1
    outer loop
      vertex -8.70208 -7.79792 0
      vertex -8.35 7.52776 0
      vertex -8.35 -7.52776 0
    endloop
  endfacet
  facet normal 0 0 -1
    outer loop
      vertex -8.70208 -7.79792 0
      vertex -8.70208 7.79792 0
      vertex -8.35 7.52776 0
    endloop
  endfacet
  facet normal 0 0 -1
    outer loop
      vertex -8.97224 -8.15 0
      vertex -8.70208 7.79792 0
      vertex -8.70208 -7.79792 0
    endloop
  endfacet
  facet normal 0 0 -1
    outer loop
      vertex -8.97224 -8.15 0
      vertex -8.97224 8.15 0
      vertex -8.70208 7.79792 0
    endloop
  endfacet
  facet normal 0 0 -1
    outer loop
      vertex -9.14207 -8.56001 0
      vertex -8.97224 8.15 0
      vertex -8.97224 -8.15 0
    endloop
  endfacet
  facet normal 0 0 -1
    outer loop
      vertex -9.14207 -8.56001 0
      vertex -9.14207 8.56001 0
      vertex -8.97224 8.15 0
    endloop
  endfacet
  facet normal 0 0 -1
    outer loop
      vertex -12 -14 0
      vertex -9.14207 -8.56001 0
      vertex -9.2 -9 0
    endloop
  endfacet
  facet normal -0 0 -1
    outer loop
      vertex -9.14207 -8.56001 0
      vertex -12 -14 0
      vertex -9.14207 8.56001 0
    endloop
  endfacet
  facet normal 0 0 -1
    outer loop
      vertex 5.8 9 0
      vertex 0 21 0
      vertex 2.51802 21.0824 0
    endloop
  endfacet
  facet normal 0 0 -1
    outer loop
      vertex -6.29792 10.2021 0
      vertex 0 21 0
      vertex -6.02776 9.85 0
    endloop
  endfacet
  facet normal -0 0 -1
    outer loop
      vertex 0 21 0
      vertex -6.29792 10.2021 0
      vertex -2.51802 21.0824 0
    endloop
  endfacet
  facet normal 0 0 -1
    outer loop
      vertex -6.65 10.4722 0
      vertex -2.51802 21.0824 0
      vertex -6.29792 10.2021 0
    endloop
  endfacet
  facet normal 0 0 -1
    outer loop
      vertex -9 14.903 0
      vertex -2.51802 21.0824 0
      vertex -6.65 10.4722 0
    endloop
  endfacet
  facet normal 0 0 -1
    outer loop
      vertex -9 14 0
      vertex -6.65 10.4722 0
      vertex -7.06001 10.6421 0
    endloop
  endfacet
  facet normal 0 0 -1
    outer loop
      vertex -9 14 0
      vertex -7.06001 10.6421 0
      vertex -7.5 10.7 0
    endloop
  endfacet
  facet normal -0 0 -1
    outer loop
      vertex -2.51802 21.0824 0
      vertex -9 14.903 0
      vertex -5.02526 21.3294 0
    endloop
  endfacet
  facet normal 0 0 -1
    outer loop
      vertex -9 14 0
      vertex -7.5 10.7 0
      vertex -7.93999 10.6421 0
    endloop
  endfacet
  facet normal 0 0 -1
    outer loop
      vertex -9 14 0
      vertex -7.93999 10.6421 0
      vertex -8.35 10.4722 0
    endloop
  endfacet
  facet normal 0 0 -1
    outer loop
      vertex -9 14 0
      vertex -8.35 10.4722 0
      vertex -8.70208 10.2021 0
    endloop
  endfacet
  facet normal 0 0 -1
    outer loop
      vertex -9 14 0
      vertex -8.70208 10.2021 0
      vertex -8.97224 9.85 0
    endloop
  endfacet
  facet normal 0 0 -1
    outer loop
      vertex -6.65 10.4722 0
      vertex -9 14 0
      vertex -9 14.903 0
    endloop
  endfacet
  facet normal -0 0 -1
    outer loop
      vertex -5.02526 21.3294 0
      vertex -9 14.903 0
      vertex -7.51098 21.7398 0
    endloop
  endfacet
  facet normal 0 0 -1
    outer loop
      vertex -9 14.903 0
      vertex -9.96453 22.3119 0
      vertex -7.51098 21.7398 0
    endloop
  endfacet
  facet normal 0 0 -1
    outer loop
      vertex -11.7763 15.5504 0
      vertex -9.96453 22.3119 0
      vertex -9 14.903 0
    endloop
  endfacet
  facet normal 0 0 -1
    outer loop
      vertex -11.7763 15.5504 0
      vertex -12.3754 23.0432 0
      vertex -9.96453 22.3119 0
    endloop
  endfacet
  facet normal 0 0 -1
    outer loop
      vertex -14.6255 16.4147 0
      vertex -12.3754 23.0432 0
      vertex -11.7763 15.5504 0
    endloop
  endfacet
  facet normal 0 0 -1
    outer loop
      vertex -14.6255 16.4147 0
      vertex -14.7333 23.9306 0
      vertex -12.3754 23.0432 0
    endloop
  endfacet
  facet normal 0 0 -1
    outer loop
      vertex -17.4121 17.4635 0
      vertex -14.7333 23.9306 0
      vertex -14.6255 16.4147 0
    endloop
  endfacet
  facet normal -0 0 -1
    outer loop
      vertex -14.7333 23.9306 0
      vertex -17.4121 17.4635 0
      vertex -17.0281 24.9704 0
    endloop
  endfacet
  facet normal 0 0 -1
    outer loop
      vertex -20.1241 18.6923 0
      vertex -17.0281 24.9704 0
      vertex -17.4121 17.4635 0
    endloop
  endfacet
  facet normal -0 0 -1
    outer loop
      vertex -17.0281 24.9704 0
      vertex -20.1241 18.6923 0
      vertex -19.25 26.158 0
    endloop
  endfacet
  facet normal 0 0 -1
    outer loop
      vertex -22.75 20.0958 0
      vertex -19.25 26.158 0
      vertex -20.1241 18.6923 0
    endloop
  endfacet
  facet normal -0 0 -1
    outer loop
      vertex -19.25 26.158 0
      vertex -22.75 20.0958 0
      vertex -21.3895 27.4884 0
    endloop
  endfacet
  facet normal 0 0 -1
    outer loop
      vertex -25.2784 21.6681 0
      vertex -21.3895 27.4884 0
      vertex -22.75 20.0958 0
    endloop
  endfacet
  facet normal -0 0 -1
    outer loop
      vertex -21.3895 27.4884 0
      vertex -25.2784 21.6681 0
      vertex -23.4373 28.9559 0
    endloop
  endfacet
  facet normal 0 0 -1
    outer loop
      vertex -27.6986 23.4024 0
      vertex -23.4373 28.9559 0
      vertex -25.2784 21.6681 0
    endloop
  endfacet
  facet normal -0 0 -1
    outer loop
      vertex -23.4373 28.9559 0
      vertex -27.6986 23.4024 0
      vertex -25.3848 30.5542 0
    endloop
  endfacet
  facet normal 0 0 -1
    outer loop
      vertex -30.0002 25.2913 0
      vertex -25.3848 30.5542 0
      vertex -27.6986 23.4024 0
    endloop
  endfacet
  facet normal -0 0 -1
    outer loop
      vertex -25.3848 30.5542 0
      vertex -30.0002 25.2913 0
      vertex -27.2236 32.2764 0
    endloop
  endfacet
  facet normal 0 0 -1
    outer loop
      vertex -32.1734 27.3266 0
      vertex -27.2236 32.2764 0
      vertex -30.0002 25.2913 0
    endloop
  endfacet
  facet normal -0 0 -1
    outer loop
      vertex -27.2236 32.2764 0
      vertex -32.1734 27.3266 0
      vertex -28.9458 34.1152 0
    endloop
  endfacet
  facet normal 0 0 -1
    outer loop
      vertex -34.2087 29.4998 0
      vertex -28.9458 34.1152 0
      vertex -32.1734 27.3266 0
    endloop
  endfacet
  facet normal -0 0 -1
    outer loop
      vertex -28.9458 34.1152 0
      vertex -34.2087 29.4998 0
      vertex -30.5441 36.0627 0
    endloop
  endfacet
  facet normal 0 0 -1
    outer loop
      vertex -36.0976 31.8014 0
      vertex -30.5441 36.0627 0
      vertex -34.2087 29.4998 0
    endloop
  endfacet
  facet normal -0 0 -1
    outer loop
      vertex -30.5441 36.0627 0
      vertex -36.0976 31.8014 0
      vertex -32.0116 38.1105 0
    endloop
  endfacet
  facet normal 0 0 -1
    outer loop
      vertex -37.8319 34.2216 0
      vertex -32.0116 38.1105 0
      vertex -36.0976 31.8014 0
    endloop
  endfacet
  facet normal -0 0 -1
    outer loop
      vertex -32.0116 38.1105 0
      vertex -37.8319 34.2216 0
      vertex -33.342 40.25 0
    endloop
  endfacet
  facet normal 0 0 -1
    outer loop
      vertex -39.4042 36.75 0
      vertex -33.342 40.25 0
      vertex -37.8319 34.2216 0
    endloop
  endfacet
  facet normal -0 0 -1
    outer loop
      vertex -33.342 40.25 0
      vertex -39.4042 36.75 0
      vertex -34.5296 42.4719 0
    endloop
  endfacet
  facet normal 0 0 -1
    outer loop
      vertex -40.8077 39.3759 0
      vertex -34.5296 42.4719 0
      vertex -39.4042 36.75 0
    endloop
  endfacet
  facet normal -0 0 -1
    outer loop
      vertex -34.5296 42.4719 0
      vertex -40.8077 39.3759 0
      vertex -35.5694 44.7667 0
    endloop
  endfacet
  facet normal 0 0 -1
    outer loop
      vertex -42.0365 42.0879 0
      vertex -35.5694 44.7667 0
      vertex -40.8077 39.3759 0
    endloop
  endfacet
  facet normal -0 0 -1
    outer loop
      vertex -35.5694 44.7667 0
      vertex -42.0365 42.0879 0
      vertex -36.4568 47.1246 0
    endloop
  endfacet
  facet normal 0 0 -1
    outer loop
      vertex -43.0853 44.8745 0
      vertex -36.4568 47.1246 0
      vertex -42.0365 42.0879 0
    endloop
  endfacet
  facet normal -0 0 -1
    outer loop
      vertex -36.4568 47.1246 0
      vertex -43.0853 44.8745 0
      vertex -37.1881 49.5355 0
    endloop
  endfacet
  facet normal 0 0 -1
    outer loop
      vertex -43.9496 47.7237 0
      vertex -37.1881 49.5355 0
      vertex -43.0853 44.8745 0
    endloop
  endfacet
  facet normal -0.995185 -0.0980112 0
    outer loop
      vertex 43.9058 62.3777 5
      vertex 43.6236 65.2431 9
      vertex 43.6236 65.2431 5
    endloop
  endfacet
  facet normal -0.995185 -0.0980112 0
    outer loop
      vertex 43.6236 65.2431 9
      vertex 43.9058 62.3777 5
      vertex 43.9058 62.3777 9
    endloop
  endfacet
  facet normal -0.999465 -0.032717 0
    outer loop
      vertex 44 59.5 5
      vertex 43.9058 62.3777 9
      vertex 43.9058 62.3777 5
    endloop
  endfacet
  facet normal -0.999465 -0.032717 0
    outer loop
      vertex 43.9058 62.3777 9
      vertex 44 59.5 5
      vertex 44 59.5 9
    endloop
  endfacet
  facet normal -0.412711 0.910862 0
    outer loop
      vertex 19.4607 20.0376 5
      vertex 16.8381 18.8493 9
      vertex 19.4607 20.0376 9
    endloop
  endfacet
  facet normal -0.412711 0.910862 0
    outer loop
      vertex 16.8381 18.8493 9
      vertex 19.4607 20.0376 5
      vertex 16.8381 18.8493 5
    endloop
  endfacet
  facet normal 0.935912 -0.352235 0
    outer loop
      vertex -41.6649 73.6433 9
      vertex -40.6507 76.3381 5
      vertex -40.6507 76.3381 9
    endloop
  endfacet
  facet normal 0.935912 -0.352235 0
    outer loop
      vertex -40.6507 76.3381 5
      vertex -41.6649 73.6433 9
      vertex -41.6649 73.6433 5
    endloop
  endfacet
  facet normal -0.0979421 -0.995192 0
    outer loop
      vertex 2.87774 103.406 6
      vertex 5.74315 103.124 9
      vertex 2.87774 103.406 9
    endloop
  endfacet
  facet normal -0.0979421 -0.995192 -0
    outer loop
      vertex 5.74315 103.124 9
      vertex 2.87774 103.406 6
      vertex 5.74315 103.124 6
    endloop
  endfacet
  facet normal -0.582499 0.812831 0
    outer loop
      vertex 26.7855 24.5925 5
      vertex 24.4451 22.9153 9
      vertex 26.7855 24.5925 9
    endloop
  endfacet
  facet normal -0.582499 0.812831 0
    outer loop
      vertex 24.4451 22.9153 9
      vertex 26.7855 24.5925 5
      vertex 24.4451 22.9153 5
    endloop
  endfacet
  facet normal 0.683579 -0.729876 0
    outer loop
      vertex -31.1127 90.6127 5
      vertex -29.0112 92.5809 9
      vertex -31.1127 90.6127 9
    endloop
  endfacet
  facet normal 0.683579 -0.729876 0
    outer loop
      vertex -29.0112 92.5809 9
      vertex -31.1127 90.6127 5
      vertex -29.0112 92.5809 5
    endloop
  endfacet
  facet normal -0.973869 -0.227109 0
    outer loop
      vertex 43.1546 68.084 5
      vertex 42.5007 70.888 9
      vertex 42.5007 70.888 5
    endloop
  endfacet
  facet normal -0.973869 -0.227109 0
    outer loop
      vertex 42.5007 70.888 9
      vertex 43.1546 68.084 5
      vertex 43.1546 68.084 9
    endloop
  endfacet
  facet normal -0.995186 0.0980078 0
    outer loop
      vertex 43.6236 53.7568 5
      vertex 43.9058 56.6223 9
      vertex 43.9058 56.6223 5
    endloop
  endfacet
  facet normal -0.995186 0.0980078 0
    outer loop
      vertex 43.9058 56.6223 9
      vertex 43.6236 53.7568 5
      vertex 43.6236 53.7568 9
    endloop
  endfacet
  facet normal 0.352174 -0.935935 3.55647e-05
    outer loop
      vertex -16.8381 100.151 9
      vertex -14.5815 101 6
      vertex -14.1433 101.165 9
    endloop
  endfacet
  facet normal 0.352132 -0.93595 0
    outer loop
      vertex -16.8381 100.151 5
      vertex -14.5815 101 6
      vertex -16.8381 100.151 9
    endloop
  endfacet
  facet normal 0.352132 -0.93595 0
    outer loop
      vertex -14.5815 101 6
      vertex -16.8381 100.151 5
      vertex -14.5815 101 5
    endloop
  endfacet
  facet normal 0.352387 -0.935854 0
    outer loop
      vertex -14.1433 101.165 9
      vertex -14.5815 101 6
      vertex -14.1433 101.165 6
    endloop
  endfacet
  facet normal -0.773025 0.634376 0
    outer loop
      vertex 33.081 30.4888 5
      vertex 34.9075 32.7145 9
      vertex 34.9075 32.7145 5
    endloop
  endfacet
  facet normal -0.773025 0.634376 0
    outer loop
      vertex 34.9075 32.7145 9
      vertex 33.081 30.4888 5
      vertex 33.081 30.4888 9
    endloop
  endfacet
  facet normal -0.956941 0.290281 0
    outer loop
      vertex 41.6649 45.3567 5
      vertex 42.5007 48.112 9
      vertex 42.5007 48.112 5
    endloop
  endfacet
  facet normal -0.956941 0.290281 0
    outer loop
      vertex 42.5007 48.112 9
      vertex 41.6649 45.3567 5
      vertex 41.6649 45.3567 9
    endloop
  endfacet
  facet normal -0.849212 -0.528053 0
    outer loop
      vertex 38.1051 81.5 5
      vertex 36.5847 83.9451 9
      vertex 36.5847 83.9451 5
    endloop
  endfacet
  facet normal -0.849212 -0.528053 0
    outer loop
      vertex 36.5847 83.9451 9
      vertex 38.1051 81.5 5
      vertex 38.1051 81.5 9
    endloop
  endfacet
  facet normal -0.986645 -0.162884 0
    outer loop
      vertex 43.6236 65.2431 5
      vertex 43.1546 68.084 9
      vertex 43.1546 68.084 5
    endloop
  endfacet
  facet normal -0.986645 -0.162884 0
    outer loop
      vertex 43.1546 68.084 9
      vertex 43.6236 65.2431 5
      vertex 43.6236 65.2431 9
    endloop
  endfacet
  facet normal 0.999465 0.032717 0
    outer loop
      vertex -43.9058 56.6223 9
      vertex -44 59.5 5
      vertex -44 59.5 9
    endloop
  endfacet
  facet normal 0.999465 0.032717 0
    outer loop
      vertex -44 59.5 5
      vertex -43.9058 56.6223 9
      vertex -43.9058 56.6223 5
    endloop
  endfacet
  facet normal 0.729859 0.683598 0
    outer loop
      vertex -31.1127 28.3873 9
      vertex -33.081 30.4888 5
      vertex -33.081 30.4888 9
    endloop
  endfacet
  facet normal 0.729859 0.683598 0
    outer loop
      vertex -33.081 30.4888 5
      vertex -31.1127 28.3873 9
      vertex -31.1127 28.3873 5
    endloop
  endfacet
  facet normal 0.986644 0.162889 0
    outer loop
      vertex -43.1546 50.916 9
      vertex -43.6236 53.7568 5
      vertex -43.6236 53.7568 9
    endloop
  endfacet
  facet normal 0.986644 0.162889 0
    outer loop
      vertex -43.6236 53.7568 5
      vertex -43.1546 50.916 9
      vertex -43.1546 50.916 5
    endloop
  endfacet
  facet normal -0.582499 -0.812831 0
    outer loop
      vertex 24.4451 96.0847 5
      vertex 26.7855 94.4075 9
      vertex 24.4451 96.0847 9
    endloop
  endfacet
  facet normal -0.582499 -0.812831 -0
    outer loop
      vertex 26.7855 94.4075 9
      vertex 24.4451 96.0847 5
      vertex 26.7855 94.4075 5
    endloop
  endfacet
  facet normal -0.956941 -0.290281 0
    outer loop
      vertex 42.5007 70.888 5
      vertex 41.6649 73.6433 9
      vertex 41.6649 73.6433 5
    endloop
  endfacet
  facet normal -0.956941 -0.290281 0
    outer loop
      vertex 41.6649 73.6433 9
      vertex 42.5007 70.888 5
      vertex 42.5007 70.888 9
    endloop
  endfacet
  facet normal -0.634396 -0.773008 0
    outer loop
      vertex 26.7855 94.4075 5
      vertex 29.0112 92.5809 9
      vertex 26.7855 94.4075 9
    endloop
  endfacet
  facet normal -0.634396 -0.773008 -0
    outer loop
      vertex 29.0112 92.5809 9
      vertex 26.7855 94.4075 5
      vertex 29.0112 92.5809 5
    endloop
  endfacet
  facet normal 0.634376 0.773025 -0
    outer loop
      vertex -26.7855 24.5925 5
      vertex -29.0112 26.419 9
      vertex -26.7855 24.5925 9
    endloop
  endfacet
  facet normal 0.634376 0.773025 0
    outer loop
      vertex -29.0112 26.419 9
      vertex -26.7855 24.5925 5
      vertex -29.0112 26.419 5
    endloop
  endfacet
  facet normal -0.290345 -0.956922 0
    outer loop
      vertex 11.388 102.001 6
      vertex 14.1433 101.165 9
      vertex 11.388 102.001 9
    endloop
  endfacet
  facet normal -0.290345 -0.956922 -0
    outer loop
      vertex 14.1433 101.165 9
      vertex 11.388 102.001 6
      vertex 14.1433 101.165 6
    endloop
  endfacet
  facet normal -0.352235 0.935912 0
    outer loop
      vertex 16.8381 18.8493 5
      vertex 14.1433 17.8351 9
      vertex 16.8381 18.8493 9
    endloop
  endfacet
  facet normal -0.352235 0.935912 0
    outer loop
      vertex 14.1433 17.8351 9
      vertex 16.8381 18.8493 5
      vertex 14.1433 17.8351 5
    endloop
  endfacet
  facet normal 0.0326471 -0.999467 0
    outer loop
      vertex -2.87774 103.406 6
      vertex 0 103.5 9
      vertex -2.87774 103.406 9
    endloop
  endfacet
  facet normal 0.0326471 -0.999467 0
    outer loop
      vertex 0 103.5 9
      vertex -2.87774 103.406 6
      vertex 0 103.5 6
    endloop
  endfacet
  facet normal 0.935912 0.352235 0
    outer loop
      vertex -40.6507 42.6619 9
      vertex -41.6649 45.3567 5
      vertex -41.6649 45.3567 9
    endloop
  endfacet
  facet normal 0.935912 0.352235 0
    outer loop
      vertex -41.6649 45.3567 5
      vertex -40.6507 42.6619 9
      vertex -40.6507 42.6619 5
    endloop
  endfacet
  facet normal 0.0979421 -0.995192 0
    outer loop
      vertex -5.74315 103.124 6
      vertex -2.87774 103.406 9
      vertex -5.74315 103.124 9
    endloop
  endfacet
  facet normal 0.0979421 -0.995192 0
    outer loop
      vertex -2.87774 103.406 9
      vertex -5.74315 103.124 6
      vertex -2.87774 103.406 6
    endloop
  endfacet
  facet normal 0.582499 -0.812831 0
    outer loop
      vertex -26.7855 94.4075 5
      vertex -24.4451 96.0847 9
      vertex -26.7855 94.4075 9
    endloop
  endfacet
  facet normal 0.582499 -0.812831 0
    outer loop
      vertex -24.4451 96.0847 9
      vertex -26.7855 94.4075 5
      vertex -24.4451 96.0847 5
    endloop
  endfacet
  facet normal -0.528053 0.849212 0
    outer loop
      vertex 24.4451 22.9153 5
      vertex 22 21.3949 9
      vertex 24.4451 22.9153 9
    endloop
  endfacet
  facet normal -0.528053 0.849212 0
    outer loop
      vertex 22 21.3949 9
      vertex 24.4451 22.9153 5
      vertex 22 21.3949 5
    endloop
  endfacet
  facet normal -0.471401 0.881919 0
    outer loop
      vertex 22 21.3949 5
      vertex 19.4607 20.0376 9
      vertex 22 21.3949 9
    endloop
  endfacet
  facet normal -0.471401 0.881919 0
    outer loop
      vertex 19.4607 20.0376 9
      vertex 22 21.3949 5
      vertex 19.4607 20.0376 5
    endloop
  endfacet
  facet normal -0.773025 -0.634376 0
    outer loop
      vertex 34.9075 86.2855 5
      vertex 33.081 88.5112 9
      vertex 33.081 88.5112 5
    endloop
  endfacet
  facet normal -0.773025 -0.634376 0
    outer loop
      vertex 33.081 88.5112 9
      vertex 34.9075 86.2855 5
      vertex 34.9075 86.2855 9
    endloop
  endfacet
  facet normal -0.999465 0.032717 0
    outer loop
      vertex 43.9058 56.6223 5
      vertex 44 59.5 9
      vertex 44 59.5 5
    endloop
  endfacet
  facet normal -0.999465 0.032717 0
    outer loop
      vertex 44 59.5 9
      vertex 43.9058 56.6223 5
      vertex 43.9058 56.6223 9
    endloop
  endfacet
  facet normal -0.729859 0.683598 0
    outer loop
      vertex 31.1127 28.3873 5
      vertex 33.081 30.4888 9
      vertex 33.081 30.4888 5
    endloop
  endfacet
  facet normal -0.729859 0.683598 0
    outer loop
      vertex 33.081 30.4888 9
      vertex 31.1127 28.3873 5
      vertex 31.1127 28.3873 9
    endloop
  endfacet
  facet normal -0.471401 -0.881919 0
    outer loop
      vertex 19.4607 98.9624 5
      vertex 22 97.6051 9
      vertex 19.4607 98.9624 9
    endloop
  endfacet
  facet normal -0.471401 -0.881919 -0
    outer loop
      vertex 22 97.6051 9
      vertex 19.4607 98.9624 5
      vertex 22 97.6051 5
    endloop
  endfacet
  facet normal -0.729859 -0.683598 0
    outer loop
      vertex 33.081 88.5112 5
      vertex 31.1127 90.6127 9
      vertex 31.1127 90.6127 5
    endloop
  endfacet
  facet normal -0.729859 -0.683598 0
    outer loop
      vertex 31.1127 90.6127 9
      vertex 33.081 88.5112 5
      vertex 33.081 88.5112 9
    endloop
  endfacet
  facet normal 0.973869 -0.227109 0
    outer loop
      vertex -43.1546 68.084 9
      vertex -42.5007 70.888 5
      vertex -42.5007 70.888 9
    endloop
  endfacet
  facet normal 0.973869 -0.227109 0
    outer loop
      vertex -42.5007 70.888 5
      vertex -43.1546 68.084 9
      vertex -43.1546 68.084 5
    endloop
  endfacet
  facet normal 0.683598 0.729859 -0
    outer loop
      vertex -29.0112 26.419 5
      vertex -31.1127 28.3873 9
      vertex -29.0112 26.419 9
    endloop
  endfacet
  facet normal 0.683598 0.729859 0
    outer loop
      vertex -31.1127 28.3873 9
      vertex -29.0112 26.419 5
      vertex -31.1127 28.3873 5
    endloop
  endfacet
  facet normal -0.812831 -0.582499 0
    outer loop
      vertex 36.5847 83.9451 5
      vertex 34.9075 86.2855 9
      vertex 34.9075 86.2855 5
    endloop
  endfacet
  facet normal -0.812831 -0.582499 0
    outer loop
      vertex 34.9075 86.2855 9
      vertex 36.5847 83.9451 5
      vertex 36.5847 83.9451 9
    endloop
  endfacet
  facet normal -0.227139 -0.973862 0
    outer loop
      vertex 8.58397 102.655 6
      vertex 11.388 102.001 9
      vertex 8.58397 102.655 9
    endloop
  endfacet
  facet normal -0.227139 -0.973862 -0
    outer loop
      vertex 11.388 102.001 9
      vertex 8.58397 102.655 6
      vertex 11.388 102.001 6
    endloop
  endfacet
  facet normal -0.162888 -0.986645 0
    outer loop
      vertex 5.74315 103.124 6
      vertex 8.58397 102.655 9
      vertex 5.74315 103.124 9
    endloop
  endfacet
  facet normal -0.162888 -0.986645 -0
    outer loop
      vertex 8.58397 102.655 9
      vertex 5.74315 103.124 6
      vertex 8.58397 102.655 6
    endloop
  endfacet
  facet normal 0.812831 0.582499 0
    outer loop
      vertex -34.9075 32.7145 9
      vertex -36.5847 35.0549 5
      vertex -36.5847 35.0549 9
    endloop
  endfacet
  facet normal 0.812831 0.582499 0
    outer loop
      vertex -36.5847 35.0549 5
      vertex -34.9075 32.7145 9
      vertex -34.9075 32.7145 5
    endloop
  endfacet
  facet normal 0.290345 -0.956922 0
    outer loop
      vertex -14.1433 101.165 6
      vertex -11.388 102.001 9
      vertex -14.1433 101.165 9
    endloop
  endfacet
  facet normal 0.290345 -0.956922 0
    outer loop
      vertex -11.388 102.001 9
      vertex -14.1433 101.165 6
      vertex -11.388 102.001 6
    endloop
  endfacet
  facet normal -0.683598 0.729859 0
    outer loop
      vertex 31.1127 28.3873 5
      vertex 29.0112 26.419 9
      vertex 31.1127 28.3873 9
    endloop
  endfacet
  facet normal -0.683598 0.729859 0
    outer loop
      vertex 29.0112 26.419 9
      vertex 31.1127 28.3873 5
      vertex 29.0112 26.419 5
    endloop
  endfacet
  facet normal 0.729859 -0.683598 0
    outer loop
      vertex -33.081 88.5112 9
      vertex -31.1127 90.6127 5
      vertex -31.1127 90.6127 9
    endloop
  endfacet
  facet normal 0.729859 -0.683598 0
    outer loop
      vertex -31.1127 90.6127 5
      vertex -33.081 88.5112 9
      vertex -33.081 88.5112 5
    endloop
  endfacet
  facet normal -0.290281 0.956941 0
    outer loop
      vertex 14.1433 17.8351 5
      vertex 11.388 16.9993 9
      vertex 14.1433 17.8351 9
    endloop
  endfacet
  facet normal -0.290281 0.956941 0
    outer loop
      vertex 11.388 16.9993 9
      vertex 14.1433 17.8351 5
      vertex 11.388 16.9993 5
    endloop
  endfacet
  facet normal 0.910862 0.412711 0
    outer loop
      vertex -39.4624 40.0393 9
      vertex -40.6507 42.6619 5
      vertex -40.6507 42.6619 9
    endloop
  endfacet
  facet normal 0.910862 0.412711 0
    outer loop
      vertex -40.6507 42.6619 5
      vertex -39.4624 40.0393 9
      vertex -39.4624 40.0393 5
    endloop
  endfacet
  facet normal -0.0326471 -0.999467 0
    outer loop
      vertex 0 103.5 6
      vertex 2.87774 103.406 9
      vertex 0 103.5 9
    endloop
  endfacet
  facet normal -0.0326471 -0.999467 -0
    outer loop
      vertex 2.87774 103.406 9
      vertex 0 103.5 6
      vertex 2.87774 103.406 6
    endloop
  endfacet
  facet normal 0.995185 -0.0980112 0
    outer loop
      vertex -43.9058 62.3777 9
      vertex -43.6236 65.2431 5
      vertex -43.6236 65.2431 9
    endloop
  endfacet
  facet normal 0.995185 -0.0980112 0
    outer loop
      vertex -43.6236 65.2431 5
      vertex -43.9058 62.3777 9
      vertex -43.9058 62.3777 5
    endloop
  endfacet
  facet normal -0.935912 0.352235 0
    outer loop
      vertex 40.6507 42.6619 5
      vertex 41.6649 45.3567 9
      vertex 41.6649 45.3567 5
    endloop
  endfacet
  facet normal -0.935912 0.352235 0
    outer loop
      vertex 41.6649 45.3567 9
      vertex 40.6507 42.6619 5
      vertex 40.6507 42.6619 9
    endloop
  endfacet
  facet normal 0.162888 -0.986645 0
    outer loop
      vertex -8.58397 102.655 6
      vertex -5.74315 103.124 9
      vertex -8.58397 102.655 9
    endloop
  endfacet
  facet normal 0.162888 -0.986645 0
    outer loop
      vertex -5.74315 103.124 9
      vertex -8.58397 102.655 6
      vertex -5.74315 103.124 6
    endloop
  endfacet
  facet normal -0.683579 -0.729876 0
    outer loop
      vertex 29.0112 92.5809 5
      vertex 31.1127 90.6127 9
      vertex 29.0112 92.5809 9
    endloop
  endfacet
  facet normal -0.683579 -0.729876 -0
    outer loop
      vertex 31.1127 90.6127 9
      vertex 29.0112 92.5809 5
      vertex 31.1127 90.6127 5
    endloop
  endfacet
  facet normal 0.773025 -0.634376 0
    outer loop
      vertex -34.9075 86.2855 9
      vertex -33.081 88.5112 5
      vertex -33.081 88.5112 9
    endloop
  endfacet
  facet normal 0.773025 -0.634376 0
    outer loop
      vertex -33.081 88.5112 5
      vertex -34.9075 86.2855 9
      vertex -34.9075 86.2855 5
    endloop
  endfacet
  facet normal -0.227107 0.97387 0
    outer loop
      vertex 11.388 16.9993 5
      vertex 8.58397 16.3454 9
      vertex 11.388 16.9993 9
    endloop
  endfacet
  facet normal -0.227107 0.97387 0
    outer loop
      vertex 8.58397 16.3454 9
      vertex 11.388 16.9993 5
      vertex 8.58397 16.3454 5
    endloop
  endfacet
  facet normal -0.812831 0.582499 0
    outer loop
      vertex 34.9075 32.7145 5
      vertex 36.5847 35.0549 9
      vertex 36.5847 35.0549 5
    endloop
  endfacet
  facet normal -0.812831 0.582499 0
    outer loop
      vertex 36.5847 35.0549 9
      vertex 34.9075 32.7145 5
      vertex 34.9075 32.7145 9
    endloop
  endfacet
  facet normal 0.227107 0.97387 -0
    outer loop
      vertex -8.58397 16.3454 5
      vertex -11.388 16.9993 9
      vertex -8.58397 16.3454 9
    endloop
  endfacet
  facet normal 0.227107 0.97387 0
    outer loop
      vertex -11.388 16.9993 9
      vertex -8.58397 16.3454 5
      vertex -11.388 16.9993 5
    endloop
  endfacet
  facet normal 0.352235 0.935912 -0
    outer loop
      vertex -14.1433 17.8351 5
      vertex -16.8381 18.8493 9
      vertex -14.1433 17.8351 9
    endloop
  endfacet
  facet normal 0.352235 0.935912 0
    outer loop
      vertex -16.8381 18.8493 9
      vertex -14.1433 17.8351 5
      vertex -16.8381 18.8493 5
    endloop
  endfacet
  facet normal 0.290281 0.956941 -0
    outer loop
      vertex -11.388 16.9993 5
      vertex -14.1433 17.8351 9
      vertex -11.388 16.9993 9
    endloop
  endfacet
  facet normal 0.290281 0.956941 0
    outer loop
      vertex -14.1433 17.8351 9
      vertex -11.388 16.9993 5
      vertex -14.1433 17.8351 5
    endloop
  endfacet
  facet normal -0.162873 0.986647 0
    outer loop
      vertex 8.58397 16.3454 5
      vertex 6.49162 16 9
      vertex 8.58397 16.3454 9
    endloop
  endfacet
  facet normal -0.162873 0.986647 0
    outer loop
      vertex 6.49162 16 9
      vertex 8.58397 16.3454 5
      vertex 6.49162 16 5
    endloop
  endfacet
  facet normal -0.528053 -0.849212 0
    outer loop
      vertex 22 97.6051 5
      vertex 24.4451 96.0847 9
      vertex 22 97.6051 9
    endloop
  endfacet
  facet normal -0.528053 -0.849212 -0
    outer loop
      vertex 24.4451 96.0847 9
      vertex 22 97.6051 5
      vertex 24.4451 96.0847 5
    endloop
  endfacet
  facet normal -0.881919 -0.471401 0
    outer loop
      vertex 39.4624 78.9607 5
      vertex 38.1051 81.5 9
      vertex 38.1051 81.5 5
    endloop
  endfacet
  facet normal -0.881919 -0.471401 0
    outer loop
      vertex 38.1051 81.5 9
      vertex 39.4624 78.9607 5
      vertex 39.4624 78.9607 9
    endloop
  endfacet
  facet normal -0.973869 0.227109 0
    outer loop
      vertex 42.5007 48.112 5
      vertex 43.1546 50.916 9
      vertex 43.1546 50.916 5
    endloop
  endfacet
  facet normal -0.973869 0.227109 0
    outer loop
      vertex 43.1546 50.916 9
      vertex 42.5007 48.112 5
      vertex 42.5007 48.112 9
    endloop
  endfacet
  facet normal -0.881919 0.471401 0
    outer loop
      vertex 38.1051 37.5 5
      vertex 39.4624 40.0393 9
      vertex 39.4624 40.0393 5
    endloop
  endfacet
  facet normal -0.881919 0.471401 0
    outer loop
      vertex 39.4624 40.0393 9
      vertex 38.1051 37.5 5
      vertex 38.1051 37.5 9
    endloop
  endfacet
  facet normal 0.881919 -0.471401 0
    outer loop
      vertex -39.4624 78.9607 9
      vertex -38.1051 81.5 5
      vertex -38.1051 81.5 9
    endloop
  endfacet
  facet normal 0.881919 -0.471401 0
    outer loop
      vertex -38.1051 81.5 5
      vertex -39.4624 78.9607 9
      vertex -39.4624 78.9607 5
    endloop
  endfacet
  facet normal 0.412798 -0.910823 0
    outer loop
      vertex -19.4607 98.9624 5
      vertex -16.8381 100.151 9
      vertex -19.4607 98.9624 9
    endloop
  endfacet
  facet normal 0.412798 -0.910823 0
    outer loop
      vertex -16.8381 100.151 9
      vertex -19.4607 98.9624 5
      vertex -16.8381 100.151 5
    endloop
  endfacet
  facet normal 0.162873 0.986647 -0
    outer loop
      vertex -6.49162 16 5
      vertex -8.58397 16.3454 9
      vertex -6.49162 16 9
    endloop
  endfacet
  facet normal 0.162873 0.986647 0
    outer loop
      vertex -8.58397 16.3454 9
      vertex -6.49162 16 5
      vertex -8.58397 16.3454 5
    endloop
  endfacet
  facet normal 0.973869 0.227109 0
    outer loop
      vertex -42.5007 48.112 9
      vertex -43.1546 50.916 5
      vertex -43.1546 50.916 9
    endloop
  endfacet
  facet normal 0.973869 0.227109 0
    outer loop
      vertex -43.1546 50.916 5
      vertex -42.5007 48.112 9
      vertex -42.5007 48.112 5
    endloop
  endfacet
  facet normal 0.956941 0.290281 0
    outer loop
      vertex -41.6649 45.3567 9
      vertex -42.5007 48.112 5
      vertex -42.5007 48.112 9
    endloop
  endfacet
  facet normal 0.956941 0.290281 0
    outer loop
      vertex -42.5007 48.112 5
      vertex -41.6649 45.3567 9
      vertex -41.6649 45.3567 5
    endloop
  endfacet
  facet normal 0.582499 0.812831 -0
    outer loop
      vertex -24.4451 22.9153 5
      vertex -26.7855 24.5925 9
      vertex -24.4451 22.9153 9
    endloop
  endfacet
  facet normal 0.582499 0.812831 0
    outer loop
      vertex -26.7855 24.5925 9
      vertex -24.4451 22.9153 5
      vertex -26.7855 24.5925 5
    endloop
  endfacet
  facet normal -0.412798 -0.910823 0
    outer loop
      vertex 16.8381 100.151 5
      vertex 19.4607 98.9624 9
      vertex 16.8381 100.151 9
    endloop
  endfacet
  facet normal -0.412798 -0.910823 -0
    outer loop
      vertex 19.4607 98.9624 9
      vertex 16.8381 100.151 5
      vertex 19.4607 98.9624 5
    endloop
  endfacet
  facet normal -0.910862 0.412711 0
    outer loop
      vertex 39.4624 40.0393 5
      vertex 40.6507 42.6619 9
      vertex 40.6507 42.6619 5
    endloop
  endfacet
  facet normal -0.910862 0.412711 0
    outer loop
      vertex 40.6507 42.6619 9
      vertex 39.4624 40.0393 5
      vertex 39.4624 40.0393 9
    endloop
  endfacet
  facet normal -0.986644 0.162889 0
    outer loop
      vertex 43.1546 50.916 5
      vertex 43.6236 53.7568 9
      vertex 43.6236 53.7568 5
    endloop
  endfacet
  facet normal -0.986644 0.162889 0
    outer loop
      vertex 43.6236 53.7568 9
      vertex 43.1546 50.916 5
      vertex 43.1546 50.916 9
    endloop
  endfacet
  facet normal -0.849212 0.528053 0
    outer loop
      vertex 36.5847 35.0549 5
      vertex 38.1051 37.5 9
      vertex 38.1051 37.5 5
    endloop
  endfacet
  facet normal -0.849212 0.528053 0
    outer loop
      vertex 38.1051 37.5 9
      vertex 36.5847 35.0549 5
      vertex 36.5847 35.0549 9
    endloop
  endfacet
  facet normal -0.352387 -0.935854 0
    outer loop
      vertex 14.5815 101 6
      vertex 14.1433 101.165 9
      vertex 14.1433 101.165 6
    endloop
  endfacet
  facet normal -0.352174 -0.935935 3.55647e-05
    outer loop
      vertex 14.1433 101.165 9
      vertex 14.5815 101 6
      vertex 16.8381 100.151 9
    endloop
  endfacet
  facet normal -0.352132 -0.93595 0
    outer loop
      vertex 16.8381 100.151 5
      vertex 14.5815 101 6
      vertex 14.5815 101 5
    endloop
  endfacet
  facet normal -0.352132 -0.93595 0
    outer loop
      vertex 14.5815 101 6
      vertex 16.8381 100.151 5
      vertex 16.8381 100.151 9
    endloop
  endfacet
  facet normal 0.471401 -0.881919 0
    outer loop
      vertex -22 97.6051 5
      vertex -19.4607 98.9624 9
      vertex -22 97.6051 9
    endloop
  endfacet
  facet normal 0.471401 -0.881919 0
    outer loop
      vertex -19.4607 98.9624 9
      vertex -22 97.6051 5
      vertex -19.4607 98.9624 5
    endloop
  endfacet
  facet normal 0.528053 -0.849212 0
    outer loop
      vertex -24.4451 96.0847 5
      vertex -22 97.6051 9
      vertex -24.4451 96.0847 9
    endloop
  endfacet
  facet normal 0.528053 -0.849212 0
    outer loop
      vertex -22 97.6051 9
      vertex -24.4451 96.0847 5
      vertex -22 97.6051 5
    endloop
  endfacet
  facet normal 0.986645 -0.162884 0
    outer loop
      vertex -43.6236 65.2431 9
      vertex -43.1546 68.084 5
      vertex -43.1546 68.084 9
    endloop
  endfacet
  facet normal 0.986645 -0.162884 0
    outer loop
      vertex -43.1546 68.084 5
      vertex -43.6236 65.2431 9
      vertex -43.6236 65.2431 5
    endloop
  endfacet
  facet normal -0.935912 -0.352235 0
    outer loop
      vertex 41.6649 73.6433 5
      vertex 40.6507 76.3381 9
      vertex 40.6507 76.3381 5
    endloop
  endfacet
  facet normal -0.935912 -0.352235 0
    outer loop
      vertex 40.6507 76.3381 9
      vertex 41.6649 73.6433 5
      vertex 41.6649 73.6433 9
    endloop
  endfacet
  facet normal -0.910862 -0.412711 0
    outer loop
      vertex 40.6507 76.3381 5
      vertex 39.4624 78.9607 9
      vertex 39.4624 78.9607 5
    endloop
  endfacet
  facet normal -0.910862 -0.412711 0
    outer loop
      vertex 39.4624 78.9607 9
      vertex 40.6507 76.3381 5
      vertex 40.6507 76.3381 9
    endloop
  endfacet
  facet normal 0.881919 0.471401 0
    outer loop
      vertex -38.1051 37.5 9
      vertex -39.4624 40.0393 5
      vertex -39.4624 40.0393 9
    endloop
  endfacet
  facet normal 0.881919 0.471401 0
    outer loop
      vertex -39.4624 40.0393 5
      vertex -38.1051 37.5 9
      vertex -38.1051 37.5 5
    endloop
  endfacet
  facet normal 0.849212 0.528053 0
    outer loop
      vertex -36.5847 35.0549 9
      vertex -38.1051 37.5 5
      vertex -38.1051 37.5 9
    endloop
  endfacet
  facet normal 0.849212 0.528053 0
    outer loop
      vertex -38.1051 37.5 5
      vertex -36.5847 35.0549 9
      vertex -36.5847 35.0549 5
    endloop
  endfacet
  facet normal 0.995186 0.0980078 0
    outer loop
      vertex -43.6236 53.7568 9
      vertex -43.9058 56.6223 5
      vertex -43.9058 56.6223 9
    endloop
  endfacet
  facet normal 0.995186 0.0980078 0
    outer loop
      vertex -43.9058 56.6223 5
      vertex -43.6236 53.7568 9
      vertex -43.6236 53.7568 5
    endloop
  endfacet
  facet normal -0.634376 0.773025 0
    outer loop
      vertex 29.0112 26.419 5
      vertex 26.7855 24.5925 9
      vertex 29.0112 26.419 9
    endloop
  endfacet
  facet normal -0.634376 0.773025 0
    outer loop
      vertex 26.7855 24.5925 9
      vertex 29.0112 26.419 5
      vertex 26.7855 24.5925 5
    endloop
  endfacet
  facet normal 0.227139 -0.973862 0
    outer loop
      vertex -11.388 102.001 6
      vertex -8.58397 102.655 9
      vertex -11.388 102.001 9
    endloop
  endfacet
  facet normal 0.227139 -0.973862 0
    outer loop
      vertex -8.58397 102.655 9
      vertex -11.388 102.001 6
      vertex -8.58397 102.655 6
    endloop
  endfacet
  facet normal 0.634396 -0.773008 0
    outer loop
      vertex -29.0112 92.5809 5
      vertex -26.7855 94.4075 9
      vertex -29.0112 92.5809 9
    endloop
  endfacet
  facet normal 0.634396 -0.773008 0
    outer loop
      vertex -26.7855 94.4075 9
      vertex -29.0112 92.5809 5
      vertex -26.7855 94.4075 5
    endloop
  endfacet
  facet normal 0.773025 0.634376 0
    outer loop
      vertex -33.081 30.4888 9
      vertex -34.9075 32.7145 5
      vertex -34.9075 32.7145 9
    endloop
  endfacet
  facet normal 0.773025 0.634376 0
    outer loop
      vertex -34.9075 32.7145 5
      vertex -33.081 30.4888 9
      vertex -33.081 30.4888 5
    endloop
  endfacet
  facet normal 0.812831 -0.582499 0
    outer loop
      vertex -36.5847 83.9451 9
      vertex -34.9075 86.2855 5
      vertex -34.9075 86.2855 9
    endloop
  endfacet
  facet normal 0.812831 -0.582499 0
    outer loop
      vertex -34.9075 86.2855 5
      vertex -36.5847 83.9451 9
      vertex -36.5847 83.9451 5
    endloop
  endfacet
  facet normal 0.956941 -0.290281 0
    outer loop
      vertex -42.5007 70.888 9
      vertex -41.6649 73.6433 5
      vertex -41.6649 73.6433 9
    endloop
  endfacet
  facet normal 0.956941 -0.290281 0
    outer loop
      vertex -41.6649 73.6433 5
      vertex -42.5007 70.888 9
      vertex -42.5007 70.888 5
    endloop
  endfacet
  facet normal 0.412711 0.910862 -0
    outer loop
      vertex -16.8381 18.8493 5
      vertex -19.4607 20.0376 9
      vertex -16.8381 18.8493 9
    endloop
  endfacet
  facet normal 0.412711 0.910862 0
    outer loop
      vertex -19.4607 20.0376 9
      vertex -16.8381 18.8493 5
      vertex -19.4607 20.0376 5
    endloop
  endfacet
  facet normal 0.849212 -0.528053 0
    outer loop
      vertex -38.1051 81.5 9
      vertex -36.5847 83.9451 5
      vertex -36.5847 83.9451 9
    endloop
  endfacet
  facet normal 0.849212 -0.528053 0
    outer loop
      vertex -36.5847 83.9451 5
      vertex -38.1051 81.5 9
      vertex -38.1051 81.5 5
    endloop
  endfacet
  facet normal 0.528053 0.849212 -0
    outer loop
      vertex -22 21.3949 5
      vertex -24.4451 22.9153 9
      vertex -22 21.3949 9
    endloop
  endfacet
  facet normal 0.528053 0.849212 0
    outer loop
      vertex -24.4451 22.9153 9
      vertex -22 21.3949 5
      vertex -24.4451 22.9153 5
    endloop
  endfacet
  facet normal 0.471401 0.881919 -0
    outer loop
      vertex -19.4607 20.0376 5
      vertex -22 21.3949 9
      vertex -19.4607 20.0376 9
    endloop
  endfacet
  facet normal 0.471401 0.881919 0
    outer loop
      vertex -22 21.3949 9
      vertex -19.4607 20.0376 5
      vertex -22 21.3949 5
    endloop
  endfacet
  facet normal 0.999465 -0.032717 0
    outer loop
      vertex -44 59.5 9
      vertex -43.9058 62.3777 5
      vertex -43.9058 62.3777 9
    endloop
  endfacet
  facet normal 0.999465 -0.032717 0
    outer loop
      vertex -43.9058 62.3777 5
      vertex -44 59.5 9
      vertex -44 59.5 5
    endloop
  endfacet
  facet normal 0.910862 -0.412711 0
    outer loop
      vertex -40.6507 76.3381 9
      vertex -39.4624 78.9607 5
      vertex -39.4624 78.9607 9
    endloop
  endfacet
  facet normal 0.910862 -0.412711 0
    outer loop
      vertex -39.4624 78.9607 5
      vertex -40.6507 76.3381 9
      vertex -40.6507 76.3381 5
    endloop
  endfacet
  facet normal 1 -0 0
    outer loop
      vertex 12 -14 5
      vertex 12 14 0
      vertex 12 14 5
    endloop
  endfacet
  facet normal 1 0 0
    outer loop
      vertex 12 14 0
      vertex 12 -14 5
      vertex 12 -14 0
    endloop
  endfacet
  facet normal 0 0 1
    outer loop
      vertex -7 14.5644 5
      vertex -7.06001 10.6421 5
      vertex -7 10.6172 5
    endloop
  endfacet
  facet normal 0 0 1
    outer loop
      vertex -7 14.5644 5
      vertex -7.5 10.7 5
      vertex -7.06001 10.6421 5
    endloop
  endfacet
  facet normal -0 0 1
    outer loop
      vertex -9 14 5
      vertex -7.5 10.7 5
      vertex -7 14.5644 5
    endloop
  endfacet
  facet normal 0 0 1
    outer loop
      vertex -7.5 10.7 5
      vertex -9 14 5
      vertex -7.93999 10.6421 5
    endloop
  endfacet
  facet normal 0 0 1
    outer loop
      vertex -7.93999 10.6421 5
      vertex -9 14 5
      vertex -8.35 10.4722 5
    endloop
  endfacet
  facet normal 0 0 1
    outer loop
      vertex -9 14 5
      vertex -7 14.5644 5
      vertex -8.87661 14.8743 5
    endloop
  endfacet
  facet normal 0 0 1
    outer loop
      vertex -8.35 10.4722 5
      vertex -9 14 5
      vertex -8.70208 10.2021 5
    endloop
  endfacet
  facet normal 0 0 1
    outer loop
      vertex -9 14 5
      vertex -8.87661 14.8743 5
      vertex -9 14.903 5
    endloop
  endfacet
  facet normal 0 0 1
    outer loop
      vertex -11.7763 15.5504 5
      vertex -9 14.903 5
      vertex -8.87661 14.8743 5
    endloop
  endfacet
  facet normal -0 0 1
    outer loop
      vertex -12 14 5
      vertex -8.70208 10.2021 5
      vertex -9 14 5
    endloop
  endfacet
  facet normal 0 0 1
    outer loop
      vertex -8.70208 10.2021 5
      vertex -12 14 5
      vertex -8.97224 9.85 5
    endloop
  endfacet
  facet normal 0 0 1
    outer loop
      vertex -8.97224 9.85 5
      vertex -12 14 5
      vertex -9.14207 9.43999 5
    endloop
  endfacet
  facet normal 0 0 1
    outer loop
      vertex -12 -14 5
      vertex -9.14207 -8.56001 5
      vertex -12 14 5
    endloop
  endfacet
  facet normal 0 0 1
    outer loop
      vertex -9.14207 9.43999 5
      vertex -12 14 5
      vertex -9.2 9 5
    endloop
  endfacet
  facet normal -0 0 1
    outer loop
      vertex -5.85793 -8.56001 5
      vertex -3 -14 5
      vertex -3 8 5
    endloop
  endfacet
  facet normal 0 0 1
    outer loop
      vertex -3 -14 5
      vertex -5.85793 -8.56001 5
      vertex -5.8 -9 5
    endloop
  endfacet
  facet normal 0 0 1
    outer loop
      vertex -3 8 5
      vertex -6.02776 -8.15 5
      vertex -5.85793 -8.56001 5
    endloop
  endfacet
  facet normal 0 0 1
    outer loop
      vertex -6.29792 7.79792 5
      vertex -3 8 5
      vertex -6.14286 8 5
    endloop
  endfacet
  facet normal 0 0 1
    outer loop
      vertex -6.65 7.52776 5
      vertex -3 8 5
      vertex -6.29792 7.79792 5
    endloop
  endfacet
  facet normal 0 0 1
    outer loop
      vertex -3 8 5
      vertex -6.29792 -7.79792 5
      vertex -6.02776 -8.15 5
    endloop
  endfacet
  facet normal 0 0 1
    outer loop
      vertex -6.65 -7.52776 5
      vertex -3 8 5
      vertex -6.65 7.52776 5
    endloop
  endfacet
  facet normal 0 0 1
    outer loop
      vertex -3 8 5
      vertex -6.65 -7.52776 5
      vertex -6.29792 -7.79792 5
    endloop
  endfacet
  facet normal -0 0 1
    outer loop
      vertex -7.06001 7.35793 5
      vertex -6.65 -7.52776 5
      vertex -6.65 7.52776 5
    endloop
  endfacet
  facet normal 0 0 1
    outer loop
      vertex -7.06001 7.35793 5
      vertex -7.06001 -7.35793 5
      vertex -6.65 -7.52776 5
    endloop
  endfacet
  facet normal -0 0 1
    outer loop
      vertex -7.5 7.3 5
      vertex -7.06001 -7.35793 5
      vertex -7.06001 7.35793 5
    endloop
  endfacet
  facet normal 0 0 1
    outer loop
      vertex -7.5 7.3 5
      vertex -7.5 -7.3 5
      vertex -7.06001 -7.35793 5
    endloop
  endfacet
  facet normal 0 0 1
    outer loop
      vertex -7.93999 7.35793 5
      vertex -7.5 -7.3 5
      vertex -7.5 7.3 5
    endloop
  endfacet
  facet normal 0 0 1
    outer loop
      vertex -7.93999 7.35793 5
      vertex -7.93999 -7.35793 5
      vertex -7.5 -7.3 5
    endloop
  endfacet
  facet normal 0 0 1
    outer loop
      vertex -8.35 7.52776 5
      vertex -7.93999 -7.35793 5
      vertex -7.93999 7.35793 5
    endloop
  endfacet
  facet normal 0 0 1
    outer loop
      vertex -8.35 7.52776 5
      vertex -8.35 -7.52776 5
      vertex -7.93999 -7.35793 5
    endloop
  endfacet
  facet normal 0 0 1
    outer loop
      vertex -8.70208 7.79792 5
      vertex -8.35 -7.52776 5
      vertex -8.35 7.52776 5
    endloop
  endfacet
  facet normal 0 0 1
    outer loop
      vertex -8.70208 7.79792 5
      vertex -8.70208 -7.79792 5
      vertex -8.35 -7.52776 5
    endloop
  endfacet
  facet normal 0 0 1
    outer loop
      vertex -8.97224 8.15 5
      vertex -8.70208 -7.79792 5
      vertex -8.70208 7.79792 5
    endloop
  endfacet
  facet normal 0 0 1
    outer loop
      vertex -8.97224 8.15 5
      vertex -8.97224 -8.15 5
      vertex -8.70208 -7.79792 5
    endloop
  endfacet
  facet normal 0 0 1
    outer loop
      vertex -9.14207 8.56001 5
      vertex -8.97224 -8.15 5
      vertex -8.97224 8.15 5
    endloop
  endfacet
  facet normal 0 0 1
    outer loop
      vertex -9.14207 8.56001 5
      vertex -9.14207 -8.56001 5
      vertex -8.97224 -8.15 5
    endloop
  endfacet
  facet normal 0 0 1
    outer loop
      vertex -12 14 5
      vertex -9.14207 8.56001 5
      vertex -9.2 9 5
    endloop
  endfacet
  facet normal 0 0 1
    outer loop
      vertex -9.14207 8.56001 5
      vertex -12 14 5
      vertex -9.14207 -8.56001 5
    endloop
  endfacet
  facet normal -0 0 1
    outer loop
      vertex -5.85793 -9.43999 5
      vertex -3 -14 5
      vertex -5.8 -9 5
    endloop
  endfacet
  facet normal -0 0 1
    outer loop
      vertex -6.02776 -9.85 5
      vertex -3 -14 5
      vertex -5.85793 -9.43999 5
    endloop
  endfacet
  facet normal -0 0 1
    outer loop
      vertex -6.29792 -10.2021 5
      vertex -3 -14 5
      vertex -6.02776 -9.85 5
    endloop
  endfacet
  facet normal -0 0 1
    outer loop
      vertex -6.65 -10.4722 5
      vertex -3 -14 5
      vertex -6.29792 -10.2021 5
    endloop
  endfacet
  facet normal -0 0 1
    outer loop
      vertex -7.06001 -10.6421 5
      vertex -3 -14 5
      vertex -6.65 -10.4722 5
    endloop
  endfacet
  facet normal -0 0 1
    outer loop
      vertex -7.5 -10.7 5
      vertex -3 -14 5
      vertex -7.06001 -10.6421 5
    endloop
  endfacet
  facet normal 0 0 1
    outer loop
      vertex -12 -14 5
      vertex -7.5 -10.7 5
      vertex -7.93999 -10.6421 5
    endloop
  endfacet
  facet normal 0 0 1
    outer loop
      vertex -12 -14 5
      vertex -7.93999 -10.6421 5
      vertex -8.35 -10.4722 5
    endloop
  endfacet
  facet normal 0 0 1
    outer loop
      vertex -7.5 -10.7 5
      vertex -12 -14 5
      vertex -3 -14 5
    endloop
  endfacet
  facet normal 0 0 1
    outer loop
      vertex -8.70208 -10.2021 5
      vertex -12 -14 5
      vertex -8.35 -10.4722 5
    endloop
  endfacet
  facet normal 0 0 1
    outer loop
      vertex -8.97224 -9.85 5
      vertex -12 -14 5
      vertex -8.70208 -10.2021 5
    endloop
  endfacet
  facet normal 0 0 1
    outer loop
      vertex -9.14207 -9.43999 5
      vertex -12 -14 5
      vertex -8.97224 -9.85 5
    endloop
  endfacet
  facet normal 0 0 1
    outer loop
      vertex -9.2 -9 5
      vertex -12 -14 5
      vertex -9.14207 -9.43999 5
    endloop
  endfacet
  facet normal 0 0 1
    outer loop
      vertex -9.14207 -8.56001 5
      vertex -12 -14 5
      vertex -9.2 -9 5
    endloop
  endfacet
  facet normal -0 0 1
    outer loop
      vertex 8.87661 14.8743 5
      vertex 9 14 5
      vertex 9 14.903 5
    endloop
  endfacet
  facet normal 0 0 1
    outer loop
      vertex 8.87661 14.8743 5
      vertex 9 14.903 5
      vertex 11.7763 15.5504 5
    endloop
  endfacet
  facet normal -0 0 1
    outer loop
      vertex 7 14.5644 5
      vertex 9 14 5
      vertex 8.87661 14.8743 5
    endloop
  endfacet
  facet normal 0 0 1
    outer loop
      vertex 9 14 5
      vertex 8.70208 10.2021 5
      vertex 8.97224 9.85 5
    endloop
  endfacet
  facet normal 0 0 1
    outer loop
      vertex 9 14 5
      vertex 8.35 10.4722 5
      vertex 8.70208 10.2021 5
    endloop
  endfacet
  facet normal 0 0 1
    outer loop
      vertex 9 14 5
      vertex 7.93999 10.6421 5
      vertex 8.35 10.4722 5
    endloop
  endfacet
  facet normal 0 -0 1
    outer loop
      vertex 7.5 10.7 5
      vertex 9 14 5
      vertex 7 14.5644 5
    endloop
  endfacet
  facet normal 0 0 1
    outer loop
      vertex 9 14 5
      vertex 7.5 10.7 5
      vertex 7.93999 10.6421 5
    endloop
  endfacet
  facet normal 0 0 1
    outer loop
      vertex 7.5 10.7 5
      vertex 7 14.5644 5
      vertex 7.06001 10.6421 5
    endloop
  endfacet
  facet normal 0 0 1
    outer loop
      vertex 7.06001 10.6421 5
      vertex 7 14.5644 5
      vertex 7 10.6172 5
    endloop
  endfacet
  facet normal -0 0 1
    outer loop
      vertex 9.14207 -8.56001 5
      vertex 12 -14 5
      vertex 9.14207 8.56001 5
    endloop
  endfacet
  facet normal 0 0 1
    outer loop
      vertex 12 -14 5
      vertex 9.14207 -8.56001 5
      vertex 9.2 -9 5
    endloop
  endfacet
  facet normal -0 0 1
    outer loop
      vertex 8.97224 8.15 5
      vertex 9.14207 -8.56001 5
      vertex 9.14207 8.56001 5
    endloop
  endfacet
  facet normal 0 0 1
    outer loop
      vertex 8.97224 8.15 5
      vertex 8.97224 -8.15 5
      vertex 9.14207 -8.56001 5
    endloop
  endfacet
  facet normal -0 0 1
    outer loop
      vertex 8.70208 7.79792 5
      vertex 8.97224 -8.15 5
      vertex 8.97224 8.15 5
    endloop
  endfacet
  facet normal 0 0 1
    outer loop
      vertex 8.70208 7.79792 5
      vertex 8.70208 -7.79792 5
      vertex 8.97224 -8.15 5
    endloop
  endfacet
  facet normal -0 0 1
    outer loop
      vertex 8.35 7.52776 5
      vertex 8.70208 -7.79792 5
      vertex 8.70208 7.79792 5
    endloop
  endfacet
  facet normal 0 0 1
    outer loop
      vertex 8.35 7.52776 5
      vertex 8.35 -7.52776 5
      vertex 8.70208 -7.79792 5
    endloop
  endfacet
  facet normal -0 0 1
    outer loop
      vertex 7.93999 7.35793 5
      vertex 8.35 -7.52776 5
      vertex 8.35 7.52776 5
    endloop
  endfacet
  facet normal 0 0 1
    outer loop
      vertex 7.93999 7.35793 5
      vertex 7.93999 -7.35793 5
      vertex 8.35 -7.52776 5
    endloop
  endfacet
  facet normal -0 0 1
    outer loop
      vertex 7.5 7.3 5
      vertex 7.93999 -7.35793 5
      vertex 7.93999 7.35793 5
    endloop
  endfacet
  facet normal 0 0 1
    outer loop
      vertex 7.5 7.3 5
      vertex 7.5 -7.3 5
      vertex 7.93999 -7.35793 5
    endloop
  endfacet
  facet normal 0 0 1
    outer loop
      vertex 7.06001 7.35793 5
      vertex 7.5 -7.3 5
      vertex 7.5 7.3 5
    endloop
  endfacet
  facet normal 0 0 1
    outer loop
      vertex 7.06001 7.35793 5
      vertex 7.06001 -7.35793 5
      vertex 7.5 -7.3 5
    endloop
  endfacet
  facet normal 0 0 1
    outer loop
      vertex 6.65 7.52776 5
      vertex 7.06001 -7.35793 5
      vertex 7.06001 7.35793 5
    endloop
  endfacet
  facet normal 0 0 1
    outer loop
      vertex 6.65 7.52776 5
      vertex 6.65 -7.52776 5
      vertex 7.06001 -7.35793 5
    endloop
  endfacet
  facet normal 0 0 1
    outer loop
      vertex 3 8 5
      vertex 6.65 7.52776 5
      vertex 6.29792 7.79792 5
    endloop
  endfacet
  facet normal 0 0 1
    outer loop
      vertex 6.65 7.52776 5
      vertex 3 8 5
      vertex 6.65 -7.52776 5
    endloop
  endfacet
  facet normal -0 0 1
    outer loop
      vertex 3 8 5
      vertex 6.29792 7.79792 5
      vertex 6.14286 8 5
    endloop
  endfacet
  facet normal 0 0 1
    outer loop
      vertex 6.65 -7.52776 5
      vertex 3 8 5
      vertex 6.29792 -7.79792 5
    endloop
  endfacet
  facet normal 0 0 1
    outer loop
      vertex 6.29792 -7.79792 5
      vertex 3 8 5
      vertex 6.02776 -8.15 5
    endloop
  endfacet
  facet normal 0 0 1
    outer loop
      vertex 6.02776 -8.15 5
      vertex 3 8 5
      vertex 5.85793 -8.56001 5
    endloop
  endfacet
  facet normal 0 0 1
    outer loop
      vertex 3 -14 5
      vertex 5.85793 -8.56001 5
      vertex 3 8 5
    endloop
  endfacet
  facet normal 0 0 1
    outer loop
      vertex 9.14207 8.56001 5
      vertex 12 14 5
      vertex 9.2 9 5
    endloop
  endfacet
  facet normal 0 0 1
    outer loop
      vertex 12 14 5
      vertex 9.14207 9.43999 5
      vertex 9.2 9 5
    endloop
  endfacet
  facet normal 0 0 1
    outer loop
      vertex 8.97224 9.85 5
      vertex 12 14 5
      vertex 9 14 5
    endloop
  endfacet
  facet normal 0 0 1
    outer loop
      vertex 12 14 5
      vertex 8.97224 9.85 5
      vertex 9.14207 9.43999 5
    endloop
  endfacet
  facet normal 0 0 1
    outer loop
      vertex 12 14 5
      vertex 9.14207 8.56001 5
      vertex 12 -14 5
    endloop
  endfacet
  facet normal -0 0 1
    outer loop
      vertex 9.14207 -9.43999 5
      vertex 12 -14 5
      vertex 9.2 -9 5
    endloop
  endfacet
  facet normal -0 0 1
    outer loop
      vertex 8.97224 -9.85 5
      vertex 12 -14 5
      vertex 9.14207 -9.43999 5
    endloop
  endfacet
  facet normal -0 0 1
    outer loop
      vertex 8.70208 -10.2021 5
      vertex 12 -14 5
      vertex 8.97224 -9.85 5
    endloop
  endfacet
  facet normal -0 0 1
    outer loop
      vertex 8.35 -10.4722 5
      vertex 12 -14 5
      vertex 8.70208 -10.2021 5
    endloop
  endfacet
  facet normal -0 0 1
    outer loop
      vertex 7.93999 -10.6421 5
      vertex 12 -14 5
      vertex 8.35 -10.4722 5
    endloop
  endfacet
  facet normal -0 0 1
    outer loop
      vertex 7.5 -10.7 5
      vertex 12 -14 5
      vertex 7.93999 -10.6421 5
    endloop
  endfacet
  facet normal 0 0 1
    outer loop
      vertex 3 -14 5
      vertex 7.5 -10.7 5
      vertex 7.06001 -10.6421 5
    endloop
  endfacet
  facet normal 0 0 1
    outer loop
      vertex 3 -14 5
      vertex 7.06001 -10.6421 5
      vertex 6.65 -10.4722 5
    endloop
  endfacet
  facet normal 0 0 1
    outer loop
      vertex 5.85793 -8.56001 5
      vertex 3 -14 5
      vertex 5.8 -9 5
    endloop
  endfacet
  facet normal 0 0 1
    outer loop
      vertex 7.5 -10.7 5
      vertex 3 -14 5
      vertex 12 -14 5
    endloop
  endfacet
  facet normal 0 0 1
    outer loop
      vertex 6.29792 -10.2021 5
      vertex 3 -14 5
      vertex 6.65 -10.4722 5
    endloop
  endfacet
  facet normal 0 0 1
    outer loop
      vertex 6.02776 -9.85 5
      vertex 3 -14 5
      vertex 6.29792 -10.2021 5
    endloop
  endfacet
  facet normal 0 0 1
    outer loop
      vertex 5.85793 -9.43999 5
      vertex 3 -14 5
      vertex 6.02776 -9.85 5
    endloop
  endfacet
  facet normal 0 0 1
    outer loop
      vertex 5.8 -9 5
      vertex 3 -14 5
      vertex 5.85793 -9.43999 5
    endloop
  endfacet
  facet normal 0 0 1
    outer loop
      vertex 41 59.5 5
      vertex 44 59.5 5
      vertex 43.9058 62.3777 5
    endloop
  endfacet
  facet normal 0 0 1
    outer loop
      vertex 40.9122 62.1815 5
      vertex 43.9058 62.3777 5
      vertex 43.6236 65.2431 5
    endloop
  endfacet
  facet normal 0 0 1
    outer loop
      vertex 44 59.5 5
      vertex 41 59.5 5
      vertex 43.9058 56.6223 5
    endloop
  endfacet
  facet normal 0 0 1
    outer loop
      vertex 40.6492 64.8516 5
      vertex 43.6236 65.2431 5
      vertex 43.1546 68.084 5
    endloop
  endfacet
  facet normal -0 0 1
    outer loop
      vertex 40.9122 56.8185 5
      vertex 43.9058 56.6223 5
      vertex 41 59.5 5
    endloop
  endfacet
  facet normal 0 0 1
    outer loop
      vertex 40.2122 67.4987 5
      vertex 43.1546 68.084 5
      vertex 42.5007 70.888 5
    endloop
  endfacet
  facet normal 0 0 1
    outer loop
      vertex 43.9058 56.6223 5
      vertex 40.9122 56.8185 5
      vertex 43.6236 53.7568 5
    endloop
  endfacet
  facet normal 0 0 1
    outer loop
      vertex 39.603 70.1116 5
      vertex 42.5007 70.888 5
      vertex 41.6649 73.6433 5
    endloop
  endfacet
  facet normal -0 0 1
    outer loop
      vertex 40.6492 54.1484 5
      vertex 43.6236 53.7568 5
      vertex 40.9122 56.8185 5
    endloop
  endfacet
  facet normal 0 0 1
    outer loop
      vertex 43.6236 53.7568 5
      vertex 40.6492 54.1484 5
      vertex 43.1546 50.916 5
    endloop
  endfacet
  facet normal 0 0 1
    outer loop
      vertex 43.9058 62.3777 5
      vertex 40.9122 62.1815 5
      vertex 41 59.5 5
    endloop
  endfacet
  facet normal 0 0 1
    outer loop
      vertex 38.8241 72.679 5
      vertex 41.6649 73.6433 5
      vertex 40.6507 76.3381 5
    endloop
  endfacet
  facet normal 0 0 1
    outer loop
      vertex 43.6236 65.2431 5
      vertex 40.6492 64.8516 5
      vertex 40.9122 62.1815 5
    endloop
  endfacet
  facet normal 0 0 1
    outer loop
      vertex 43.1546 68.084 5
      vertex 40.2122 67.4987 5
      vertex 40.6492 64.8516 5
    endloop
  endfacet
  facet normal 0 0 1
    outer loop
      vertex 42.5007 70.888 5
      vertex 39.603 70.1116 5
      vertex 40.2122 67.4987 5
    endloop
  endfacet
  facet normal 0 0 1
    outer loop
      vertex 37.8791 75.19 5
      vertex 40.6507 76.3381 5
      vertex 39.4624 78.9607 5
    endloop
  endfacet
  facet normal 0 0 1
    outer loop
      vertex 41.6649 73.6433 5
      vertex 38.8241 72.679 5
      vertex 39.603 70.1116 5
    endloop
  endfacet
  facet normal 0 0 1
    outer loop
      vertex 36.7718 77.6338 5
      vertex 39.4624 78.9607 5
      vertex 38.1051 81.5 5
    endloop
  endfacet
  facet normal 0 0 1
    outer loop
      vertex 40.6507 76.3381 5
      vertex 37.8791 75.19 5
      vertex 38.8241 72.679 5
    endloop
  endfacet
  facet normal 0 0 1
    outer loop
      vertex 39.4624 78.9607 5
      vertex 36.7718 77.6338 5
      vertex 37.8791 75.19 5
    endloop
  endfacet
  facet normal 0 0 1
    outer loop
      vertex 35.507 80 5
      vertex 38.1051 81.5 5
      vertex 36.5847 83.9451 5
    endloop
  endfacet
  facet normal 0 0 1
    outer loop
      vertex 38.1051 81.5 5
      vertex 35.507 80 5
      vertex 36.7718 77.6338 5
    endloop
  endfacet
  facet normal 0 0 1
    outer loop
      vertex 34.0903 82.2784 5
      vertex 36.5847 83.9451 5
      vertex 34.9075 86.2855 5
    endloop
  endfacet
  facet normal 0 0 1
    outer loop
      vertex 36.5847 83.9451 5
      vertex 34.0903 82.2784 5
      vertex 35.507 80 5
    endloop
  endfacet
  facet normal 0 0 1
    outer loop
      vertex 32.5275 84.4592 5
      vertex 34.9075 86.2855 5
      vertex 33.081 88.5112 5
    endloop
  endfacet
  facet normal 0 0 1
    outer loop
      vertex 34.9075 86.2855 5
      vertex 32.5275 84.4592 5
      vertex 34.0903 82.2784 5
    endloop
  endfacet
  facet normal 0 0 1
    outer loop
      vertex 30.8254 86.5332 5
      vertex 33.081 88.5112 5
      vertex 31.1127 90.6127 5
    endloop
  endfacet
  facet normal 0 0 1
    outer loop
      vertex 33.081 88.5112 5
      vertex 30.8254 86.5332 5
      vertex 32.5275 84.4592 5
    endloop
  endfacet
  facet normal 0 0 1
    outer loop
      vertex 28.9914 88.4914 5
      vertex 31.1127 90.6127 5
      vertex 29.0112 92.5809 5
    endloop
  endfacet
  facet normal 0 0 1
    outer loop
      vertex 31.1127 90.6127 5
      vertex 28.9914 88.4914 5
      vertex 30.8254 86.5332 5
    endloop
  endfacet
  facet normal 0 0 1
    outer loop
      vertex 29.0112 92.5809 5
      vertex 27.0332 90.3254 5
      vertex 28.9914 88.4914 5
    endloop
  endfacet
  facet normal 0 0 1
    outer loop
      vertex 26.7855 94.4075 5
      vertex 27.0332 90.3254 5
      vertex 29.0112 92.5809 5
    endloop
  endfacet
  facet normal 0 0 1
    outer loop
      vertex 26.7855 94.4075 5
      vertex 24.9592 92.0275 5
      vertex 27.0332 90.3254 5
    endloop
  endfacet
  facet normal 0 0 1
    outer loop
      vertex 24.4451 96.0847 5
      vertex 24.9592 92.0275 5
      vertex 26.7855 94.4075 5
    endloop
  endfacet
  facet normal 0 0 1
    outer loop
      vertex 24.4451 96.0847 5
      vertex 22.7784 93.5903 5
      vertex 24.9592 92.0275 5
    endloop
  endfacet
  facet normal 0 0 1
    outer loop
      vertex 22 97.6051 5
      vertex 22.7784 93.5903 5
      vertex 24.4451 96.0847 5
    endloop
  endfacet
  facet normal 0 0 1
    outer loop
      vertex 22 97.6051 5
      vertex 20.5 95.007 5
      vertex 22.7784 93.5903 5
    endloop
  endfacet
  facet normal 0 0 1
    outer loop
      vertex 19.4607 98.9624 5
      vertex 20.5 95.007 5
      vertex 22 97.6051 5
    endloop
  endfacet
  facet normal 0 0 1
    outer loop
      vertex 19.4607 98.9624 5
      vertex 18.1338 96.2718 5
      vertex 20.5 95.007 5
    endloop
  endfacet
  facet normal 0 0 1
    outer loop
      vertex 16.8381 100.151 5
      vertex 18.1338 96.2718 5
      vertex 19.4607 98.9624 5
    endloop
  endfacet
  facet normal 0 0 1
    outer loop
      vertex 16.8381 100.151 5
      vertex 15.69 97.3791 5
      vertex 18.1338 96.2718 5
    endloop
  endfacet
  facet normal 0 0 1
    outer loop
      vertex 14.5815 101 5
      vertex 15.69 97.3791 5
      vertex 16.8381 100.151 5
    endloop
  endfacet
  facet normal 0 0 1
    outer loop
      vertex 14.5815 101 5
      vertex 13.179 98.3241 5
      vertex 15.69 97.3791 5
    endloop
  endfacet
  facet normal 0 0 1
    outer loop
      vertex 14.5815 101 5
      vertex 10.6116 99.103 5
      vertex 13.179 98.3241 5
    endloop
  endfacet
  facet normal 0 0 1
    outer loop
      vertex 14.5815 101 5
      vertex 7.9987 99.7122 5
      vertex 10.6116 99.103 5
    endloop
  endfacet
  facet normal 0 0 1
    outer loop
      vertex 14.5815 101 5
      vertex 5.35157 100.149 5
      vertex 7.9987 99.7122 5
    endloop
  endfacet
  facet normal 0 0 1
    outer loop
      vertex 14.5815 101 5
      vertex 2.68153 100.412 5
      vertex 5.35157 100.149 5
    endloop
  endfacet
  facet normal 0 0 1
    outer loop
      vertex 14.5815 101 5
      vertex 0 100.5 5
      vertex 2.68153 100.412 5
    endloop
  endfacet
  facet normal -0 0 1
    outer loop
      vertex -14.5815 101 5
      vertex 0 100.5 5
      vertex 14.5815 101 5
    endloop
  endfacet
  facet normal 0 0 1
    outer loop
      vertex 0 100.5 5
      vertex -14.5815 101 5
      vertex -2.68153 100.412 5
    endloop
  endfacet
  facet normal 0 0 1
    outer loop
      vertex -14.5815 101 5
      vertex -5.35157 100.149 5
      vertex -2.68153 100.412 5
    endloop
  endfacet
  facet normal 0 0 1
    outer loop
      vertex -14.5815 101 5
      vertex -7.9987 99.7122 5
      vertex -5.35157 100.149 5
    endloop
  endfacet
  facet normal 0 0 1
    outer loop
      vertex -14.5815 101 5
      vertex -10.6116 99.103 5
      vertex -7.9987 99.7122 5
    endloop
  endfacet
  facet normal 0 0 1
    outer loop
      vertex -14.5815 101 5
      vertex -13.179 98.3241 5
      vertex -10.6116 99.103 5
    endloop
  endfacet
  facet normal 0 0 1
    outer loop
      vertex -14.5815 101 5
      vertex -15.69 97.3791 5
      vertex -13.179 98.3241 5
    endloop
  endfacet
  facet normal -0 0 1
    outer loop
      vertex -16.8381 100.151 5
      vertex -15.69 97.3791 5
      vertex -14.5815 101 5
    endloop
  endfacet
  facet normal 0 0 1
    outer loop
      vertex -16.8381 100.151 5
      vertex -18.1338 96.2718 5
      vertex -15.69 97.3791 5
    endloop
  endfacet
  facet normal -0 0 1
    outer loop
      vertex -19.4607 98.9624 5
      vertex -18.1338 96.2718 5
      vertex -16.8381 100.151 5
    endloop
  endfacet
  facet normal 0 0 1
    outer loop
      vertex -19.4607 98.9624 5
      vertex -20.5 95.007 5
      vertex -18.1338 96.2718 5
    endloop
  endfacet
  facet normal -0 0 1
    outer loop
      vertex -22 97.6051 5
      vertex -20.5 95.007 5
      vertex -19.4607 98.9624 5
    endloop
  endfacet
  facet normal 0 0 1
    outer loop
      vertex -22 97.6051 5
      vertex -22.7784 93.5903 5
      vertex -20.5 95.007 5
    endloop
  endfacet
  facet normal -0 0 1
    outer loop
      vertex -24.4451 96.0847 5
      vertex -22.7784 93.5903 5
      vertex -22 97.6051 5
    endloop
  endfacet
  facet normal 0 0 1
    outer loop
      vertex -24.4451 96.0847 5
      vertex -24.9592 92.0275 5
      vertex -22.7784 93.5903 5
    endloop
  endfacet
  facet normal -0 0 1
    outer loop
      vertex -26.7855 94.4075 5
      vertex -24.9592 92.0275 5
      vertex -24.4451 96.0847 5
    endloop
  endfacet
  facet normal 0 0 1
    outer loop
      vertex -26.7855 94.4075 5
      vertex -27.0332 90.3254 5
      vertex -24.9592 92.0275 5
    endloop
  endfacet
  facet normal -0 0 1
    outer loop
      vertex -29.0112 92.5809 5
      vertex -27.0332 90.3254 5
      vertex -26.7855 94.4075 5
    endloop
  endfacet
  facet normal 0 0 1
    outer loop
      vertex -27.0332 90.3254 5
      vertex -29.0112 92.5809 5
      vertex -28.9914 88.4914 5
    endloop
  endfacet
  facet normal -0 0 1
    outer loop
      vertex -31.1127 90.6127 5
      vertex -28.9914 88.4914 5
      vertex -29.0112 92.5809 5
    endloop
  endfacet
  facet normal 0 0 1
    outer loop
      vertex -28.9914 88.4914 5
      vertex -31.1127 90.6127 5
      vertex -30.8254 86.5332 5
    endloop
  endfacet
  facet normal -0 0 1
    outer loop
      vertex -33.081 88.5112 5
      vertex -30.8254 86.5332 5
      vertex -31.1127 90.6127 5
    endloop
  endfacet
  facet normal 0 0 1
    outer loop
      vertex -30.8254 86.5332 5
      vertex -33.081 88.5112 5
      vertex -32.5275 84.4592 5
    endloop
  endfacet
  facet normal -0 0 1
    outer loop
      vertex -34.9075 86.2855 5
      vertex -32.5275 84.4592 5
      vertex -33.081 88.5112 5
    endloop
  endfacet
  facet normal 0 0 1
    outer loop
      vertex -32.5275 84.4592 5
      vertex -34.9075 86.2855 5
      vertex -34.0903 82.2784 5
    endloop
  endfacet
  facet normal -0 0 1
    outer loop
      vertex -36.5847 83.9451 5
      vertex -34.0903 82.2784 5
      vertex -34.9075 86.2855 5
    endloop
  endfacet
  facet normal 0 0 1
    outer loop
      vertex -34.0903 82.2784 5
      vertex -36.5847 83.9451 5
      vertex -35.507 80 5
    endloop
  endfacet
  facet normal -0 0 1
    outer loop
      vertex -38.1051 81.5 5
      vertex -35.507 80 5
      vertex -36.5847 83.9451 5
    endloop
  endfacet
  facet normal 0 0 1
    outer loop
      vertex -35.507 80 5
      vertex -38.1051 81.5 5
      vertex -36.7718 77.6338 5
    endloop
  endfacet
  facet normal -0 0 1
    outer loop
      vertex -39.4624 78.9607 5
      vertex -36.7718 77.6338 5
      vertex -38.1051 81.5 5
    endloop
  endfacet
  facet normal 0 0 1
    outer loop
      vertex -36.7718 77.6338 5
      vertex -39.4624 78.9607 5
      vertex -37.8791 75.19 5
    endloop
  endfacet
  facet normal -0 0 1
    outer loop
      vertex -40.6507 76.3381 5
      vertex -37.8791 75.19 5
      vertex -39.4624 78.9607 5
    endloop
  endfacet
  facet normal 0 0 1
    outer loop
      vertex -37.8791 75.19 5
      vertex -40.6507 76.3381 5
      vertex -38.8241 72.679 5
    endloop
  endfacet
  facet normal -0 0 1
    outer loop
      vertex -41.6649 73.6433 5
      vertex -38.8241 72.679 5
      vertex -40.6507 76.3381 5
    endloop
  endfacet
  facet normal 0 0 1
    outer loop
      vertex -38.8241 72.679 5
      vertex -41.6649 73.6433 5
      vertex -39.603 70.1116 5
    endloop
  endfacet
  facet normal -0 0 1
    outer loop
      vertex -42.5007 70.888 5
      vertex -39.603 70.1116 5
      vertex -41.6649 73.6433 5
    endloop
  endfacet
  facet normal 0 0 1
    outer loop
      vertex -39.603 70.1116 5
      vertex -42.5007 70.888 5
      vertex -40.2122 67.4987 5
    endloop
  endfacet
  facet normal -0 0 1
    outer loop
      vertex -43.1546 68.084 5
      vertex -40.2122 67.4987 5
      vertex -42.5007 70.888 5
    endloop
  endfacet
  facet normal 0 0 1
    outer loop
      vertex -40.2122 67.4987 5
      vertex -43.1546 68.084 5
      vertex -40.6492 64.8516 5
    endloop
  endfacet
  facet normal -0 0 1
    outer loop
      vertex 40.2122 51.5013 5
      vertex 43.1546 50.916 5
      vertex 40.6492 54.1484 5
    endloop
  endfacet
  facet normal 0 0 1
    outer loop
      vertex 43.1546 50.916 5
      vertex 40.2122 51.5013 5
      vertex 42.5007 48.112 5
    endloop
  endfacet
  facet normal -0 0 1
    outer loop
      vertex 39.603 48.8884 5
      vertex 42.5007 48.112 5
      vertex 40.2122 51.5013 5
    endloop
  endfacet
  facet normal 0 0 1
    outer loop
      vertex 42.5007 48.112 5
      vertex 39.603 48.8884 5
      vertex 41.6649 45.3567 5
    endloop
  endfacet
  facet normal -0 0 1
    outer loop
      vertex 38.8241 46.321 5
      vertex 41.6649 45.3567 5
      vertex 39.603 48.8884 5
    endloop
  endfacet
  facet normal 0 0 1
    outer loop
      vertex 41.6649 45.3567 5
      vertex 38.8241 46.321 5
      vertex 40.6507 42.6619 5
    endloop
  endfacet
  facet normal -0 0 1
    outer loop
      vertex 37.8791 43.81 5
      vertex 40.6507 42.6619 5
      vertex 38.8241 46.321 5
    endloop
  endfacet
  facet normal 0 0 1
    outer loop
      vertex 40.6507 42.6619 5
      vertex 37.8791 43.81 5
      vertex 39.4624 40.0393 5
    endloop
  endfacet
  facet normal -0 0 1
    outer loop
      vertex 36.7718 41.3662 5
      vertex 39.4624 40.0393 5
      vertex 37.8791 43.81 5
    endloop
  endfacet
  facet normal 0 0 1
    outer loop
      vertex 39.4624 40.0393 5
      vertex 36.7718 41.3662 5
      vertex 38.1051 37.5 5
    endloop
  endfacet
  facet normal -0 0 1
    outer loop
      vertex 35.507 39 5
      vertex 38.1051 37.5 5
      vertex 36.7718 41.3662 5
    endloop
  endfacet
  facet normal 0 0 1
    outer loop
      vertex 38.1051 37.5 5
      vertex 35.507 39 5
      vertex 36.5847 35.0549 5
    endloop
  endfacet
  facet normal -0 0 1
    outer loop
      vertex 34.0903 36.7216 5
      vertex 36.5847 35.0549 5
      vertex 35.507 39 5
    endloop
  endfacet
  facet normal 0 0 1
    outer loop
      vertex 36.5847 35.0549 5
      vertex 34.0903 36.7216 5
      vertex 34.9075 32.7145 5
    endloop
  endfacet
  facet normal -0 0 1
    outer loop
      vertex 32.5275 34.5408 5
      vertex 34.9075 32.7145 5
      vertex 34.0903 36.7216 5
    endloop
  endfacet
  facet normal 0 0 1
    outer loop
      vertex 34.9075 32.7145 5
      vertex 32.5275 34.5408 5
      vertex 33.081 30.4888 5
    endloop
  endfacet
  facet normal -0 0 1
    outer loop
      vertex 30.8254 32.4668 5
      vertex 33.081 30.4888 5
      vertex 32.5275 34.5408 5
    endloop
  endfacet
  facet normal 0 0 1
    outer loop
      vertex 33.081 30.4888 5
      vertex 30.8254 32.4668 5
      vertex 31.1127 28.3873 5
    endloop
  endfacet
  facet normal -0 0 1
    outer loop
      vertex 28.9914 30.5086 5
      vertex 31.1127 28.3873 5
      vertex 30.8254 32.4668 5
    endloop
  endfacet
  facet normal 0 0 1
    outer loop
      vertex 31.1127 28.3873 5
      vertex 28.9914 30.5086 5
      vertex 29.0112 26.419 5
    endloop
  endfacet
  facet normal -0 0 1
    outer loop
      vertex 27.0332 28.6746 5
      vertex 29.0112 26.419 5
      vertex 28.9914 30.5086 5
    endloop
  endfacet
  facet normal 0 0 1
    outer loop
      vertex 27.0332 28.6746 5
      vertex 26.7855 24.5925 5
      vertex 29.0112 26.419 5
    endloop
  endfacet
  facet normal -0 0 1
    outer loop
      vertex 24.9592 26.9725 5
      vertex 26.7855 24.5925 5
      vertex 27.0332 28.6746 5
    endloop
  endfacet
  facet normal 0 0 1
    outer loop
      vertex 24.9592 26.9725 5
      vertex 24.4451 22.9153 5
      vertex 26.7855 24.5925 5
    endloop
  endfacet
  facet normal -0 0 1
    outer loop
      vertex 22.7784 25.4097 5
      vertex 24.4451 22.9153 5
      vertex 24.9592 26.9725 5
    endloop
  endfacet
  facet normal 0 0 1
    outer loop
      vertex 22.7784 25.4097 5
      vertex 22 21.3949 5
      vertex 24.4451 22.9153 5
    endloop
  endfacet
  facet normal -0 0 1
    outer loop
      vertex 20.5 23.993 5
      vertex 22 21.3949 5
      vertex 22.7784 25.4097 5
    endloop
  endfacet
  facet normal 0 0 1
    outer loop
      vertex 20.5 23.993 5
      vertex 19.4607 20.0376 5
      vertex 22 21.3949 5
    endloop
  endfacet
  facet normal -0 0 1
    outer loop
      vertex 18.1338 22.7282 5
      vertex 19.4607 20.0376 5
      vertex 20.5 23.993 5
    endloop
  endfacet
  facet normal 0 0 1
    outer loop
      vertex 18.1338 22.7282 5
      vertex 16.8381 18.8493 5
      vertex 19.4607 20.0376 5
    endloop
  endfacet
  facet normal -0 0 1
    outer loop
      vertex 15.69 21.6209 5
      vertex 16.8381 18.8493 5
      vertex 18.1338 22.7282 5
    endloop
  endfacet
  facet normal 0 0 1
    outer loop
      vertex 15.69 21.6209 5
      vertex 14.1433 17.8351 5
      vertex 16.8381 18.8493 5
    endloop
  endfacet
  facet normal -0 0 1
    outer loop
      vertex 13.179 20.6759 5
      vertex 14.1433 17.8351 5
      vertex 15.69 21.6209 5
    endloop
  endfacet
  facet normal 0 0 1
    outer loop
      vertex 13.179 20.6759 5
      vertex 11.388 16.9993 5
      vertex 14.1433 17.8351 5
    endloop
  endfacet
  facet normal -0 0 1
    outer loop
      vertex 10.6116 19.897 5
      vertex 11.388 16.9993 5
      vertex 13.179 20.6759 5
    endloop
  endfacet
  facet normal 0 0 1
    outer loop
      vertex 10.6116 19.897 5
      vertex 8.58397 16.3454 5
      vertex 11.388 16.9993 5
    endloop
  endfacet
  facet normal -0 0 1
    outer loop
      vertex 7.9987 19.2878 5
      vertex 8.58397 16.3454 5
      vertex 10.6116 19.897 5
    endloop
  endfacet
  facet normal 0 0 1
    outer loop
      vertex 7.9987 19.2878 5
      vertex 6.49162 16 5
      vertex 8.58397 16.3454 5
    endloop
  endfacet
  facet normal -0 0 1
    outer loop
      vertex 5.35157 18.8508 5
      vertex 6.49162 16 5
      vertex 7.9987 19.2878 5
    endloop
  endfacet
  facet normal -0 0 1
    outer loop
      vertex 2.68153 18.5878 5
      vertex 6.49162 16 5
      vertex 5.35157 18.8508 5
    endloop
  endfacet
  facet normal -0 0 1
    outer loop
      vertex 0 18.5 5
      vertex 6.49162 16 5
      vertex 2.68153 18.5878 5
    endloop
  endfacet
  facet normal 0 0 1
    outer loop
      vertex -6.49162 16 5
      vertex 0 18.5 5
      vertex -2.68153 18.5878 5
    endloop
  endfacet
  facet normal 0 0 1
    outer loop
      vertex -6.49162 16 5
      vertex -2.68153 18.5878 5
      vertex -5.35157 18.8508 5
    endloop
  endfacet
  facet normal 0 0 1
    outer loop
      vertex 0 18.5 5
      vertex -6.49162 16 5
      vertex 6.49162 16 5
    endloop
  endfacet
  facet normal 0 0 1
    outer loop
      vertex -7.9987 19.2878 5
      vertex -6.49162 16 5
      vertex -5.35157 18.8508 5
    endloop
  endfacet
  facet normal 0 0 1
    outer loop
      vertex -7.9987 19.2878 5
      vertex -8.58397 16.3454 5
      vertex -6.49162 16 5
    endloop
  endfacet
  facet normal 0 0 1
    outer loop
      vertex -10.6116 19.897 5
      vertex -8.58397 16.3454 5
      vertex -7.9987 19.2878 5
    endloop
  endfacet
  facet normal 0 0 1
    outer loop
      vertex -10.6116 19.897 5
      vertex -11.388 16.9993 5
      vertex -8.58397 16.3454 5
    endloop
  endfacet
  facet normal 0 0 1
    outer loop
      vertex -13.179 20.6759 5
      vertex -11.388 16.9993 5
      vertex -10.6116 19.897 5
    endloop
  endfacet
  facet normal 0 0 1
    outer loop
      vertex -13.179 20.6759 5
      vertex -14.1433 17.8351 5
      vertex -11.388 16.9993 5
    endloop
  endfacet
  facet normal 0 0 1
    outer loop
      vertex -15.69 21.6209 5
      vertex -14.1433 17.8351 5
      vertex -13.179 20.6759 5
    endloop
  endfacet
  facet normal 0 0 1
    outer loop
      vertex -15.69 21.6209 5
      vertex -16.8381 18.8493 5
      vertex -14.1433 17.8351 5
    endloop
  endfacet
  facet normal 0 0 1
    outer loop
      vertex -18.1338 22.7282 5
      vertex -16.8381 18.8493 5
      vertex -15.69 21.6209 5
    endloop
  endfacet
  facet normal 0 0 1
    outer loop
      vertex -18.1338 22.7282 5
      vertex -19.4607 20.0376 5
      vertex -16.8381 18.8493 5
    endloop
  endfacet
  facet normal 0 0 1
    outer loop
      vertex -20.5 23.993 5
      vertex -19.4607 20.0376 5
      vertex -18.1338 22.7282 5
    endloop
  endfacet
  facet normal 0 0 1
    outer loop
      vertex -20.5 23.993 5
      vertex -22 21.3949 5
      vertex -19.4607 20.0376 5
    endloop
  endfacet
  facet normal 0 0 1
    outer loop
      vertex -22.7784 25.4097 5
      vertex -22 21.3949 5
      vertex -20.5 23.993 5
    endloop
  endfacet
  facet normal 0 0 1
    outer loop
      vertex -22.7784 25.4097 5
      vertex -24.4451 22.9153 5
      vertex -22 21.3949 5
    endloop
  endfacet
  facet normal 0 0 1
    outer loop
      vertex -24.9592 26.9725 5
      vertex -24.4451 22.9153 5
      vertex -22.7784 25.4097 5
    endloop
  endfacet
  facet normal 0 0 1
    outer loop
      vertex -24.9592 26.9725 5
      vertex -26.7855 24.5925 5
      vertex -24.4451 22.9153 5
    endloop
  endfacet
  facet normal 0 0 1
    outer loop
      vertex -27.0332 28.6746 5
      vertex -26.7855 24.5925 5
      vertex -24.9592 26.9725 5
    endloop
  endfacet
  facet normal 0 0 1
    outer loop
      vertex -29.0112 26.419 5
      vertex -27.0332 28.6746 5
      vertex -28.9914 30.5086 5
    endloop
  endfacet
  facet normal 0 0 1
    outer loop
      vertex -27.0332 28.6746 5
      vertex -29.0112 26.419 5
      vertex -26.7855 24.5925 5
    endloop
  endfacet
  facet normal 0 0 1
    outer loop
      vertex -31.1127 28.3873 5
      vertex -28.9914 30.5086 5
      vertex -30.8254 32.4668 5
    endloop
  endfacet
  facet normal 0 0 1
    outer loop
      vertex -28.9914 30.5086 5
      vertex -31.1127 28.3873 5
      vertex -29.0112 26.419 5
    endloop
  endfacet
  facet normal 0 0 1
    outer loop
      vertex -33.081 30.4888 5
      vertex -30.8254 32.4668 5
      vertex -32.5275 34.5408 5
    endloop
  endfacet
  facet normal 0 0 1
    outer loop
      vertex -30.8254 32.4668 5
      vertex -33.081 30.4888 5
      vertex -31.1127 28.3873 5
    endloop
  endfacet
  facet normal 0 0 1
    outer loop
      vertex -34.9075 32.7145 5
      vertex -32.5275 34.5408 5
      vertex -34.0903 36.7216 5
    endloop
  endfacet
  facet normal 0 0 1
    outer loop
      vertex -32.5275 34.5408 5
      vertex -34.9075 32.7145 5
      vertex -33.081 30.4888 5
    endloop
  endfacet
  facet normal 0 0 1
    outer loop
      vertex -36.5847 35.0549 5
      vertex -34.0903 36.7216 5
      vertex -35.507 39 5
    endloop
  endfacet
  facet normal 0 0 1
    outer loop
      vertex -34.0903 36.7216 5
      vertex -36.5847 35.0549 5
      vertex -34.9075 32.7145 5
    endloop
  endfacet
  facet normal 0 0 1
    outer loop
      vertex -38.1051 37.5 5
      vertex -35.507 39 5
      vertex -36.7718 41.3662 5
    endloop
  endfacet
  facet normal 0 0 1
    outer loop
      vertex -39.4624 40.0393 5
      vertex -36.7718 41.3662 5
      vertex -37.8791 43.81 5
    endloop
  endfacet
  facet normal 0 0 1
    outer loop
      vertex -35.507 39 5
      vertex -38.1051 37.5 5
      vertex -36.5847 35.0549 5
    endloop
  endfacet
  facet normal 0 0 1
    outer loop
      vertex -40.6507 42.6619 5
      vertex -37.8791 43.81 5
      vertex -38.8241 46.321 5
    endloop
  endfacet
  facet normal 0 0 1
    outer loop
      vertex -36.7718 41.3662 5
      vertex -39.4624 40.0393 5
      vertex -38.1051 37.5 5
    endloop
  endfacet
  facet normal 0 0 1
    outer loop
      vertex -41.6649 45.3567 5
      vertex -38.8241 46.321 5
      vertex -39.603 48.8884 5
    endloop
  endfacet
  facet normal 0 0 1
    outer loop
      vertex -42.5007 48.112 5
      vertex -39.603 48.8884 5
      vertex -40.2122 51.5013 5
    endloop
  endfacet
  facet normal 0 0 1
    outer loop
      vertex -43.1546 50.916 5
      vertex -40.2122 51.5013 5
      vertex -40.6492 54.1484 5
    endloop
  endfacet
  facet normal 0 0 1
    outer loop
      vertex -37.8791 43.81 5
      vertex -40.6507 42.6619 5
      vertex -39.4624 40.0393 5
    endloop
  endfacet
  facet normal 0 0 1
    outer loop
      vertex -43.6236 53.7568 5
      vertex -40.6492 54.1484 5
      vertex -40.9122 56.8185 5
    endloop
  endfacet
  facet normal 0 0 1
    outer loop
      vertex -43.9058 56.6223 5
      vertex -40.9122 56.8185 5
      vertex -41 59.5 5
    endloop
  endfacet
  facet normal -0 0 1
    outer loop
      vertex -43.6236 65.2431 5
      vertex -40.6492 64.8516 5
      vertex -43.1546 68.084 5
    endloop
  endfacet
  facet normal 0 0 1
    outer loop
      vertex -38.8241 46.321 5
      vertex -41.6649 45.3567 5
      vertex -40.6507 42.6619 5
    endloop
  endfacet
  facet normal 0 0 1
    outer loop
      vertex -40.6492 64.8516 5
      vertex -43.6236 65.2431 5
      vertex -40.9122 62.1815 5
    endloop
  endfacet
  facet normal 0 0 1
    outer loop
      vertex -39.603 48.8884 5
      vertex -42.5007 48.112 5
      vertex -41.6649 45.3567 5
    endloop
  endfacet
  facet normal -0 0 1
    outer loop
      vertex -43.9058 62.3777 5
      vertex -40.9122 62.1815 5
      vertex -43.6236 65.2431 5
    endloop
  endfacet
  facet normal 0 0 1
    outer loop
      vertex -40.2122 51.5013 5
      vertex -43.1546 50.916 5
      vertex -42.5007 48.112 5
    endloop
  endfacet
  facet normal 0 0 1
    outer loop
      vertex -40.9122 62.1815 5
      vertex -43.9058 62.3777 5
      vertex -41 59.5 5
    endloop
  endfacet
  facet normal 0 0 1
    outer loop
      vertex -40.6492 54.1484 5
      vertex -43.6236 53.7568 5
      vertex -43.1546 50.916 5
    endloop
  endfacet
  facet normal 0 0 1
    outer loop
      vertex -44 59.5 5
      vertex -41 59.5 5
      vertex -43.9058 62.3777 5
    endloop
  endfacet
  facet normal 0 0 1
    outer loop
      vertex -40.9122 56.8185 5
      vertex -43.9058 56.6223 5
      vertex -43.6236 53.7568 5
    endloop
  endfacet
  facet normal 0 0 1
    outer loop
      vertex -41 59.5 5
      vertex -44 59.5 5
      vertex -43.9058 56.6223 5
    endloop
  endfacet
  facet normal -1 0 0
    outer loop
      vertex -12 -14 0
      vertex -12 14 5
      vertex -12 14 0
    endloop
  endfacet
  facet normal -1 -0 0
    outer loop
      vertex -12 14 5
      vertex -12 -14 0
      vertex -12 -14 5
    endloop
  endfacet
  facet normal 0 1 -0
    outer loop
      vertex -9 14 0
      vertex -12 14 5
      vertex -9 14 5
    endloop
  endfacet
  facet normal 0 1 0
    outer loop
      vertex -12 14 5
      vertex -9 14 0
      vertex -12 14 0
    endloop
  endfacet
  facet normal 0 1 -0
    outer loop
      vertex 12 14 0
      vertex 9 14 5
      vertex 12 14 5
    endloop
  endfacet
  facet normal 0 1 0
    outer loop
      vertex 9 14 5
      vertex 12 14 0
      vertex 9 14 0
    endloop
  endfacet
  facet normal 0 -1 0
    outer loop
      vertex -12 -14 0
      vertex -3 -14 5
      vertex -12 -14 5
    endloop
  endfacet
  facet normal 0 -1 -0
    outer loop
      vertex -3 -14 5
      vertex -12 -14 0
      vertex 3 -14 5
    endloop
  endfacet
  facet normal 0 -1 0
    outer loop
      vertex 12 -14 0
      vertex 3 -14 5
      vertex -12 -14 0
    endloop
  endfacet
  facet normal 0 -1 0
    outer loop
      vertex 3 -14 5
      vertex 12 -14 0
      vertex 12 -14 5
    endloop
  endfacet
  facet normal 0 -1 0
    outer loop
      vertex -3 -14 5
      vertex 3 -14 9
      vertex -3 -14 9
    endloop
  endfacet
  facet normal 0 -1 -0
    outer loop
      vertex 3 -14 9
      vertex -3 -14 5
      vertex 3 -14 5
    endloop
  endfacet
  facet normal 1 -0 0
    outer loop
      vertex 9 14 5
      vertex 9 14.903 0
      vertex 9 14.903 5
    endloop
  endfacet
  facet normal 1 0 0
    outer loop
      vertex 9 14.903 0
      vertex 9 14 5
      vertex 9 14 0
    endloop
  endfacet
  facet normal -1 0 0
    outer loop
      vertex -9 14 0
      vertex -9 14.903 5
      vertex -9 14.903 0
    endloop
  endfacet
  facet normal -1 -0 0
    outer loop
      vertex -9 14.903 5
      vertex -9 14 0
      vertex -9 14 5
    endloop
  endfacet
  facet normal -0.773006 -0.634398 0
    outer loop
      vertex -34.2087 29.4998 0
      vertex -36.0976 31.8014 5
      vertex -36.0976 31.8014 0
    endloop
  endfacet
  facet normal -0.773006 -0.634398 0
    outer loop
      vertex -36.0976 31.8014 5
      vertex -34.2087 29.4998 0
      vertex -34.2087 29.4998 5
    endloop
  endfacet
  facet normal -0.812845 -0.58248 0
    outer loop
      vertex -36.0976 31.8014 0
      vertex -37.8319 34.2216 5
      vertex -37.8319 34.2216 0
    endloop
  endfacet
  facet normal -0.812845 -0.58248 0
    outer loop
      vertex -37.8319 34.2216 5
      vertex -36.0976 31.8014 0
      vertex -36.0976 31.8014 5
    endloop
  endfacet
  facet normal 0.634398 -0.773006 0
    outer loop
      vertex 27.6986 23.4024 0
      vertex 30.0002 25.2913 5
      vertex 27.6986 23.4024 5
    endloop
  endfacet
  facet normal 0.634398 -0.773006 0
    outer loop
      vertex 30.0002 25.2913 5
      vertex 27.6986 23.4024 0
      vertex 30.0002 25.2913 0
    endloop
  endfacet
  facet normal 0.290286 -0.95694 0
    outer loop
      vertex 11.7763 15.5504 0
      vertex 14.6255 16.4147 5
      vertex 11.7763 15.5504 5
    endloop
  endfacet
  facet normal 0.290286 -0.95694 0
    outer loop
      vertex 14.6255 16.4147 5
      vertex 11.7763 15.5504 0
      vertex 14.6255 16.4147 0
    endloop
  endfacet
  facet normal -0.986644 -0.16289 0
    outer loop
      vertex -44.6257 50.6234 0
      vertex -45.1107 53.5611 5
      vertex -45.1107 53.5611 0
    endloop
  endfacet
  facet normal -0.986644 -0.16289 0
    outer loop
      vertex -45.1107 53.5611 5
      vertex -44.6257 50.6234 0
      vertex -44.6257 50.6234 5
    endloop
  endfacet
  facet normal -0.471378 -0.881931 0
    outer loop
      vertex -22.75 20.0958 0
      vertex -20.1241 18.6923 5
      vertex -22.75 20.0958 5
    endloop
  endfacet
  facet normal -0.471378 -0.881931 -0
    outer loop
      vertex -20.1241 18.6923 5
      vertex -22.75 20.0958 0
      vertex -20.1241 18.6923 0
    endloop
  endfacet
  facet normal -0.95694 -0.290286 0
    outer loop
      vertex -43.0853 44.8745 0
      vertex -43.9496 47.7237 5
      vertex -43.9496 47.7237 0
    endloop
  endfacet
  facet normal -0.95694 -0.290286 0
    outer loop
      vertex -43.9496 47.7237 5
      vertex -43.0853 44.8745 0
      vertex -43.0853 44.8745 5
    endloop
  endfacet
  facet normal -0.68357 -0.729885 0
    outer loop
      vertex -32.1734 27.3266 0
      vertex -30.0002 25.2913 5
      vertex -32.1734 27.3266 5
    endloop
  endfacet
  facet normal -0.68357 -0.729885 -0
    outer loop
      vertex -30.0002 25.2913 5
      vertex -32.1734 27.3266 0
      vertex -30.0002 25.2913 0
    endloop
  endfacet
  facet normal 0.227095 -0.973873 0
    outer loop
      vertex 9 14.903 0
      vertex 11.7763 15.5504 5
      vertex 9 14.903 5
    endloop
  endfacet
  facet normal 0.227095 -0.973873 0
    outer loop
      vertex 11.7763 15.5504 5
      vertex 9 14.903 0
      vertex 11.7763 15.5504 0
    endloop
  endfacet
  facet normal 0.95694 -0.290286 0
    outer loop
      vertex 43.0853 44.8745 5
      vertex 43.9496 47.7237 0
      vertex 43.9496 47.7237 5
    endloop
  endfacet
  facet normal 0.95694 -0.290286 0
    outer loop
      vertex 43.9496 47.7237 0
      vertex 43.0853 44.8745 5
      vertex 43.0853 44.8745 0
    endloop
  endfacet
  facet normal -0.935906 -0.352249 0
    outer loop
      vertex -42.0365 42.0879 0
      vertex -43.0853 44.8745 5
      vertex -43.0853 44.8745 0
    endloop
  endfacet
  facet normal -0.935906 -0.352249 0
    outer loop
      vertex -43.0853 44.8745 5
      vertex -42.0365 42.0879 0
      vertex -42.0365 42.0879 5
    endloop
  endfacet
  facet normal -0.910863 -0.412709 0
    outer loop
      vertex -40.8077 39.3759 0
      vertex -42.0365 42.0879 5
      vertex -42.0365 42.0879 0
    endloop
  endfacet
  facet normal -0.910863 -0.412709 0
    outer loop
      vertex -42.0365 42.0879 5
      vertex -40.8077 39.3759 0
      vertex -40.8077 39.3759 5
    endloop
  endfacet
  facet normal 0.58248 -0.812845 0
    outer loop
      vertex 25.2784 21.6681 0
      vertex 27.6986 23.4024 5
      vertex 25.2784 21.6681 5
    endloop
  endfacet
  facet normal 0.58248 -0.812845 0
    outer loop
      vertex 27.6986 23.4024 5
      vertex 25.2784 21.6681 0
      vertex 27.6986 23.4024 0
    endloop
  endfacet
  facet normal 0.528078 -0.849196 0
    outer loop
      vertex 22.75 20.0958 0
      vertex 25.2784 21.6681 5
      vertex 22.75 20.0958 5
    endloop
  endfacet
  facet normal 0.528078 -0.849196 0
    outer loop
      vertex 25.2784 21.6681 5
      vertex 22.75 20.0958 0
      vertex 25.2784 21.6681 0
    endloop
  endfacet
  facet normal 0.849196 -0.528078 0
    outer loop
      vertex 37.8319 34.2216 5
      vertex 39.4042 36.75 0
      vertex 39.4042 36.75 5
    endloop
  endfacet
  facet normal 0.849196 -0.528078 0
    outer loop
      vertex 39.4042 36.75 0
      vertex 37.8319 34.2216 5
      vertex 37.8319 34.2216 0
    endloop
  endfacet
  facet normal 0.812845 -0.58248 0
    outer loop
      vertex 36.0976 31.8014 5
      vertex 37.8319 34.2216 0
      vertex 37.8319 34.2216 5
    endloop
  endfacet
  facet normal 0.812845 -0.58248 0
    outer loop
      vertex 37.8319 34.2216 0
      vertex 36.0976 31.8014 5
      vertex 36.0976 31.8014 0
    endloop
  endfacet
  facet normal -0.352249 -0.935906 0
    outer loop
      vertex -17.4121 17.4635 0
      vertex -14.6255 16.4147 5
      vertex -17.4121 17.4635 5
    endloop
  endfacet
  facet normal -0.352249 -0.935906 -0
    outer loop
      vertex -14.6255 16.4147 5
      vertex -17.4121 17.4635 0
      vertex -14.6255 16.4147 0
    endloop
  endfacet
  facet normal 0.729885 -0.68357 0
    outer loop
      vertex 32.1734 27.3266 5
      vertex 34.2087 29.4998 0
      vertex 34.2087 29.4998 5
    endloop
  endfacet
  facet normal 0.729885 -0.68357 0
    outer loop
      vertex 34.2087 29.4998 0
      vertex 32.1734 27.3266 5
      vertex 32.1734 27.3266 0
    endloop
  endfacet
  facet normal -0.634398 -0.773006 0
    outer loop
      vertex -30.0002 25.2913 0
      vertex -27.6986 23.4024 5
      vertex -30.0002 25.2913 5
    endloop
  endfacet
  facet normal -0.634398 -0.773006 -0
    outer loop
      vertex -27.6986 23.4024 5
      vertex -30.0002 25.2913 0
      vertex -27.6986 23.4024 0
    endloop
  endfacet
  facet normal -0.995183 -0.0980371 0
    outer loop
      vertex -45.1107 53.5611 0
      vertex -45.4026 56.5242 5
      vertex -45.4026 56.5242 0
    endloop
  endfacet
  facet normal -0.995183 -0.0980371 0
    outer loop
      vertex -45.4026 56.5242 5
      vertex -45.1107 53.5611 0
      vertex -45.1107 53.5611 5
    endloop
  endfacet
  facet normal 0.999465 -0.0327132 0
    outer loop
      vertex 45.4026 56.5242 5
      vertex 45.5 59.5 0
      vertex 45.5 59.5 5
    endloop
  endfacet
  facet normal 0.999465 -0.0327132 0
    outer loop
      vertex 45.5 59.5 0
      vertex 45.4026 56.5242 5
      vertex 45.4026 56.5242 0
    endloop
  endfacet
  facet normal -0.973878 -0.227071 0
    outer loop
      vertex -43.9496 47.7237 0
      vertex -44.6257 50.6234 5
      vertex -44.6257 50.6234 0
    endloop
  endfacet
  facet normal -0.973878 -0.227071 0
    outer loop
      vertex -44.6257 50.6234 5
      vertex -43.9496 47.7237 0
      vertex -43.9496 47.7237 5
    endloop
  endfacet
  facet normal 0.995183 -0.0980371 0
    outer loop
      vertex 45.1107 53.5611 5
      vertex 45.4026 56.5242 0
      vertex 45.4026 56.5242 5
    endloop
  endfacet
  facet normal 0.995183 -0.0980371 0
    outer loop
      vertex 45.4026 56.5242 0
      vertex 45.1107 53.5611 5
      vertex 45.1107 53.5611 0
    endloop
  endfacet
  facet normal 0.910863 -0.412709 0
    outer loop
      vertex 40.8077 39.3759 5
      vertex 42.0365 42.0879 0
      vertex 42.0365 42.0879 5
    endloop
  endfacet
  facet normal 0.910863 -0.412709 0
    outer loop
      vertex 42.0365 42.0879 0
      vertex 40.8077 39.3759 5
      vertex 40.8077 39.3759 0
    endloop
  endfacet
  facet normal 0.471378 -0.881931 0
    outer loop
      vertex 20.1241 18.6923 0
      vertex 22.75 20.0958 5
      vertex 20.1241 18.6923 5
    endloop
  endfacet
  facet normal 0.471378 -0.881931 0
    outer loop
      vertex 22.75 20.0958 5
      vertex 20.1241 18.6923 0
      vertex 22.75 20.0958 0
    endloop
  endfacet
  facet normal 0.973878 -0.227071 0
    outer loop
      vertex 43.9496 47.7237 5
      vertex 44.6257 50.6234 0
      vertex 44.6257 50.6234 5
    endloop
  endfacet
  facet normal 0.973878 -0.227071 0
    outer loop
      vertex 44.6257 50.6234 0
      vertex 43.9496 47.7237 5
      vertex 43.9496 47.7237 0
    endloop
  endfacet
  facet normal 0.881931 -0.471378 0
    outer loop
      vertex 39.4042 36.75 5
      vertex 40.8077 39.3759 0
      vertex 40.8077 39.3759 5
    endloop
  endfacet
  facet normal 0.881931 -0.471378 0
    outer loop
      vertex 40.8077 39.3759 0
      vertex 39.4042 36.75 5
      vertex 39.4042 36.75 0
    endloop
  endfacet
  facet normal 0.773006 -0.634398 0
    outer loop
      vertex 34.2087 29.4998 5
      vertex 36.0976 31.8014 0
      vertex 36.0976 31.8014 5
    endloop
  endfacet
  facet normal 0.773006 -0.634398 0
    outer loop
      vertex 36.0976 31.8014 0
      vertex 34.2087 29.4998 5
      vertex 34.2087 29.4998 0
    endloop
  endfacet
  facet normal 0.412709 -0.910863 0
    outer loop
      vertex 17.4121 17.4635 0
      vertex 20.1241 18.6923 5
      vertex 17.4121 17.4635 5
    endloop
  endfacet
  facet normal 0.412709 -0.910863 0
    outer loop
      vertex 20.1241 18.6923 5
      vertex 17.4121 17.4635 0
      vertex 20.1241 18.6923 0
    endloop
  endfacet
  facet normal 0.352249 -0.935906 0
    outer loop
      vertex 14.6255 16.4147 0
      vertex 17.4121 17.4635 5
      vertex 14.6255 16.4147 5
    endloop
  endfacet
  facet normal 0.352249 -0.935906 0
    outer loop
      vertex 17.4121 17.4635 5
      vertex 14.6255 16.4147 0
      vertex 17.4121 17.4635 0
    endloop
  endfacet
  facet normal -0.999465 -0.0327132 0
    outer loop
      vertex -45.4026 56.5242 0
      vertex -45.5 59.5 5
      vertex -45.5 59.5 0
    endloop
  endfacet
  facet normal -0.999465 -0.0327132 0
    outer loop
      vertex -45.5 59.5 5
      vertex -45.4026 56.5242 0
      vertex -45.4026 56.5242 5
    endloop
  endfacet
  facet normal -0.58248 -0.812845 0
    outer loop
      vertex -27.6986 23.4024 0
      vertex -25.2784 21.6681 5
      vertex -27.6986 23.4024 5
    endloop
  endfacet
  facet normal -0.58248 -0.812845 -0
    outer loop
      vertex -25.2784 21.6681 5
      vertex -27.6986 23.4024 0
      vertex -25.2784 21.6681 0
    endloop
  endfacet
  facet normal -0.528078 -0.849196 0
    outer loop
      vertex -25.2784 21.6681 0
      vertex -22.75 20.0958 5
      vertex -25.2784 21.6681 5
    endloop
  endfacet
  facet normal -0.528078 -0.849196 -0
    outer loop
      vertex -22.75 20.0958 5
      vertex -25.2784 21.6681 0
      vertex -22.75 20.0958 0
    endloop
  endfacet
  facet normal -0.290286 -0.95694 0
    outer loop
      vertex -14.6255 16.4147 0
      vertex -11.7763 15.5504 5
      vertex -14.6255 16.4147 5
    endloop
  endfacet
  facet normal -0.290286 -0.95694 -0
    outer loop
      vertex -11.7763 15.5504 5
      vertex -14.6255 16.4147 0
      vertex -11.7763 15.5504 0
    endloop
  endfacet
  facet normal 0.986644 -0.16289 0
    outer loop
      vertex 44.6257 50.6234 5
      vertex 45.1107 53.5611 0
      vertex 45.1107 53.5611 5
    endloop
  endfacet
  facet normal 0.986644 -0.16289 0
    outer loop
      vertex 45.1107 53.5611 0
      vertex 44.6257 50.6234 5
      vertex 44.6257 50.6234 0
    endloop
  endfacet
  facet normal -0.729885 -0.68357 0
    outer loop
      vertex -32.1734 27.3266 0
      vertex -34.2087 29.4998 5
      vertex -34.2087 29.4998 0
    endloop
  endfacet
  facet normal -0.729885 -0.68357 0
    outer loop
      vertex -34.2087 29.4998 5
      vertex -32.1734 27.3266 0
      vertex -32.1734 27.3266 5
    endloop
  endfacet
  facet normal -0.881931 -0.471378 0
    outer loop
      vertex -39.4042 36.75 0
      vertex -40.8077 39.3759 5
      vertex -40.8077 39.3759 0
    endloop
  endfacet
  facet normal -0.881931 -0.471378 0
    outer loop
      vertex -40.8077 39.3759 5
      vertex -39.4042 36.75 0
      vertex -39.4042 36.75 5
    endloop
  endfacet
  facet normal 0.935906 -0.352249 0
    outer loop
      vertex 42.0365 42.0879 5
      vertex 43.0853 44.8745 0
      vertex 43.0853 44.8745 5
    endloop
  endfacet
  facet normal 0.935906 -0.352249 0
    outer loop
      vertex 43.0853 44.8745 0
      vertex 42.0365 42.0879 5
      vertex 42.0365 42.0879 0
    endloop
  endfacet
  facet normal -0.227095 -0.973873 0
    outer loop
      vertex -11.7763 15.5504 0
      vertex -9 14.903 5
      vertex -11.7763 15.5504 5
    endloop
  endfacet
  facet normal -0.227095 -0.973873 -0
    outer loop
      vertex -9 14.903 5
      vertex -11.7763 15.5504 0
      vertex -9 14.903 0
    endloop
  endfacet
  facet normal 0.68357 -0.729885 0
    outer loop
      vertex 30.0002 25.2913 0
      vertex 32.1734 27.3266 5
      vertex 30.0002 25.2913 5
    endloop
  endfacet
  facet normal 0.68357 -0.729885 0
    outer loop
      vertex 32.1734 27.3266 5
      vertex 30.0002 25.2913 0
      vertex 32.1734 27.3266 0
    endloop
  endfacet
  facet normal -0.849196 -0.528078 0
    outer loop
      vertex -37.8319 34.2216 0
      vertex -39.4042 36.75 5
      vertex -39.4042 36.75 0
    endloop
  endfacet
  facet normal -0.849196 -0.528078 0
    outer loop
      vertex -39.4042 36.75 5
      vertex -37.8319 34.2216 0
      vertex -37.8319 34.2216 5
    endloop
  endfacet
  facet normal -0.412709 -0.910863 0
    outer loop
      vertex -20.1241 18.6923 0
      vertex -17.4121 17.4635 5
      vertex -20.1241 18.6923 5
    endloop
  endfacet
  facet normal -0.412709 -0.910863 -0
    outer loop
      vertex -17.4121 17.4635 5
      vertex -20.1241 18.6923 0
      vertex -17.4121 17.4635 0
    endloop
  endfacet
  facet normal 0.995184 0.0980238 0
    outer loop
      vertex 40.9122 62.1815 7.5
      vertex 40.6492 64.8516 5
      vertex 40.6492 64.8516 7.5
    endloop
  endfacet
  facet normal 0.995184 0.0980238 0
    outer loop
      vertex 40.6492 64.8516 5
      vertex 40.9122 62.1815 7.5
      vertex 40.9122 62.1815 5
    endloop
  endfacet
  facet normal 0.999464 0.0327253 0
    outer loop
      vertex 41 59.5 7.5
      vertex 40.9122 62.1815 5
      vertex 40.9122 62.1815 7.5
    endloop
  endfacet
  facet normal 0.999464 0.0327253 0
    outer loop
      vertex 40.9122 62.1815 5
      vertex 41 59.5 7.5
      vertex 41 59.5 5
    endloop
  endfacet
  facet normal 0.986646 0.162882 0
    outer loop
      vertex 40.6492 64.8516 7.5
      vertex 40.2122 67.4987 5
      vertex 40.2122 67.4987 7.5
    endloop
  endfacet
  facet normal 0.986646 0.162882 0
    outer loop
      vertex 40.2122 67.4987 5
      vertex 40.6492 64.8516 7.5
      vertex 40.6492 64.8516 5
    endloop
  endfacet
  facet normal 0.995184 -0.0980238 0
    outer loop
      vertex 40.6492 54.1484 7.5
      vertex 40.9122 56.8185 5
      vertex 40.9122 56.8185 7.5
    endloop
  endfacet
  facet normal 0.995184 -0.0980238 0
    outer loop
      vertex 40.9122 56.8185 5
      vertex 40.6492 54.1484 7.5
      vertex 40.6492 54.1484 5
    endloop
  endfacet
  facet normal -0.773008 -0.634396 0
    outer loop
      vertex -30.8254 32.4668 5
      vertex -32.5275 34.5408 7.5
      vertex -32.5275 34.5408 5
    endloop
  endfacet
  facet normal -0.773008 -0.634396 0
    outer loop
      vertex -32.5275 34.5408 7.5
      vertex -30.8254 32.4668 5
      vertex -30.8254 32.4668 7.5
    endloop
  endfacet
  facet normal 0.849219 0.528041 0
    outer loop
      vertex 35.507 80 7.5
      vertex 34.0903 82.2784 5
      vertex 34.0903 82.2784 7.5
    endloop
  endfacet
  facet normal 0.849219 0.528041 0
    outer loop
      vertex 34.0903 82.2784 5
      vertex 35.507 80 7.5
      vertex 35.507 80 5
    endloop
  endfacet
  facet normal -0.849219 0.528041 0
    outer loop
      vertex -35.507 80 5
      vertex -34.0903 82.2784 7.5
      vertex -34.0903 82.2784 5
    endloop
  endfacet
  facet normal -0.849219 0.528041 0
    outer loop
      vertex -34.0903 82.2784 7.5
      vertex -35.507 80 5
      vertex -35.507 80 7.5
    endloop
  endfacet
  facet normal 0.973881 0.227061 0
    outer loop
      vertex 40.2122 67.4987 7.5
      vertex 39.603 70.1116 5
      vertex 39.603 70.1116 7.5
    endloop
  endfacet
  facet normal 0.973881 0.227061 0
    outer loop
      vertex 39.603 70.1116 5
      vertex 40.2122 67.4987 7.5
      vertex 40.2122 67.4987 5
    endloop
  endfacet
  facet normal 0.956931 0.290315 0
    outer loop
      vertex 39.603 70.1116 7.5
      vertex 38.8241 72.679 5
      vertex 38.8241 72.679 7.5
    endloop
  endfacet
  facet normal 0.956931 0.290315 0
    outer loop
      vertex 38.8241 72.679 5
      vertex 39.603 70.1116 7.5
      vertex 39.603 70.1116 5
    endloop
  endfacet
  facet normal 0.290315 -0.956931 0
    outer loop
      vertex 10.6116 19.897 5
      vertex 13.179 20.6759 7.5
      vertex 10.6116 19.897 7.5
    endloop
  endfacet
  facet normal 0.290315 -0.956931 0
    outer loop
      vertex 13.179 20.6759 7.5
      vertex 10.6116 19.897 5
      vertex 13.179 20.6759 5
    endloop
  endfacet
  facet normal 0.773008 0.634396 0
    outer loop
      vertex 32.5275 84.4592 7.5
      vertex 30.8254 86.5332 5
      vertex 30.8254 86.5332 7.5
    endloop
  endfacet
  facet normal 0.773008 0.634396 0
    outer loop
      vertex 30.8254 86.5332 5
      vertex 32.5275 84.4592 7.5
      vertex 32.5275 84.4592 5
    endloop
  endfacet
  facet normal -0.812836 -0.582493 0
    outer loop
      vertex -32.5275 34.5408 5
      vertex -34.0903 36.7216 7.5
      vertex -34.0903 36.7216 5
    endloop
  endfacet
  facet normal -0.812836 -0.582493 0
    outer loop
      vertex -34.0903 36.7216 7.5
      vertex -32.5275 34.5408 5
      vertex -32.5275 34.5408 7.5
    endloop
  endfacet
  facet normal -0.986646 0.162882 0
    outer loop
      vertex -40.6492 64.8516 5
      vertex -40.2122 67.4987 7.5
      vertex -40.2122 67.4987 5
    endloop
  endfacet
  facet normal -0.986646 0.162882 0
    outer loop
      vertex -40.2122 67.4987 7.5
      vertex -40.6492 64.8516 5
      vertex -40.6492 64.8516 7.5
    endloop
  endfacet
  facet normal 0.935915 0.352226 0
    outer loop
      vertex 38.8241 72.679 7.5
      vertex 37.8791 75.19 5
      vertex 37.8791 75.19 7.5
    endloop
  endfacet
  facet normal 0.935915 0.352226 0
    outer loop
      vertex 37.8791 75.19 5
      vertex 38.8241 72.679 7.5
      vertex 38.8241 72.679 5
    endloop
  endfacet
  facet normal -0.935915 0.352226 0
    outer loop
      vertex -38.8241 72.679 5
      vertex -37.8791 75.19 7.5
      vertex -37.8791 75.19 5
    endloop
  endfacet
  facet normal -0.935915 0.352226 0
    outer loop
      vertex -37.8791 75.19 7.5
      vertex -38.8241 72.679 5
      vertex -38.8241 72.679 7.5
    endloop
  endfacet
  facet normal -0.634396 -0.773008 0
    outer loop
      vertex -27.0332 28.6746 5
      vertex -24.9592 26.9725 7.5
      vertex -27.0332 28.6746 7.5
    endloop
  endfacet
  facet normal -0.634396 -0.773008 -0
    outer loop
      vertex -24.9592 26.9725 7.5
      vertex -27.0332 28.6746 5
      vertex -24.9592 26.9725 5
    endloop
  endfacet
  facet normal -0.471408 0.881915 0
    outer loop
      vertex -18.1338 96.2718 5
      vertex -20.5 95.007 7.5
      vertex -18.1338 96.2718 7.5
    endloop
  endfacet
  facet normal -0.471408 0.881915 0
    outer loop
      vertex -20.5 95.007 7.5
      vertex -18.1338 96.2718 5
      vertex -20.5 95.007 5
    endloop
  endfacet
  facet normal -0.881915 0.471408 0
    outer loop
      vertex -36.7718 77.6338 5
      vertex -35.507 80 7.5
      vertex -35.507 80 5
    endloop
  endfacet
  facet normal -0.881915 0.471408 0
    outer loop
      vertex -35.507 80 7.5
      vertex -36.7718 77.6338 5
      vertex -36.7718 77.6338 7.5
    endloop
  endfacet
  facet normal -0.162807 0.986658 0
    outer loop
      vertex -5.35157 100.149 5
      vertex -7.9987 99.7122 7.5
      vertex -5.35157 100.149 7.5
    endloop
  endfacet
  facet normal -0.162807 0.986658 0
    outer loop
      vertex -7.9987 99.7122 7.5
      vertex -5.35157 100.149 5
      vertex -7.9987 99.7122 5
    endloop
  endfacet
  facet normal 0.91086 -0.412716 0
    outer loop
      vertex 36.7718 41.3662 7.5
      vertex 37.8791 43.81 5
      vertex 37.8791 43.81 7.5
    endloop
  endfacet
  facet normal 0.91086 -0.412716 0
    outer loop
      vertex 37.8791 43.81 5
      vertex 36.7718 41.3662 7.5
      vertex 36.7718 41.3662 5
    endloop
  endfacet
  facet normal 0.227061 0.973881 -0
    outer loop
      vertex 10.6116 99.103 5
      vertex 7.9987 99.7122 7.5
      vertex 10.6116 99.103 7.5
    endloop
  endfacet
  facet normal 0.227061 0.973881 0
    outer loop
      vertex 7.9987 99.7122 7.5
      vertex 10.6116 99.103 5
      vertex 7.9987 99.7122 5
    endloop
  endfacet
  facet normal -0.032725 -0.999464 0
    outer loop
      vertex -2.68153 18.5878 5
      vertex 0 18.5 7.5
      vertex -2.68153 18.5878 7.5
    endloop
  endfacet
  facet normal -0.032725 -0.999464 -0
    outer loop
      vertex 0 18.5 7.5
      vertex -2.68153 18.5878 5
      vertex 0 18.5 5
    endloop
  endfacet
  facet normal -0.91086 -0.412716 0
    outer loop
      vertex -36.7718 41.3662 5
      vertex -37.8791 43.81 7.5
      vertex -37.8791 43.81 5
    endloop
  endfacet
  facet normal -0.91086 -0.412716 0
    outer loop
      vertex -37.8791 43.81 7.5
      vertex -36.7718 41.3662 5
      vertex -36.7718 41.3662 7.5
    endloop
  endfacet
  facet normal 0.098026 -0.995184 0
    outer loop
      vertex 2.68153 18.5878 5
      vertex 5.35157 18.8508 7.5
      vertex 2.68153 18.5878 7.5
    endloop
  endfacet
  facet normal 0.098026 -0.995184 0
    outer loop
      vertex 5.35157 18.8508 7.5
      vertex 2.68153 18.5878 5
      vertex 5.35157 18.8508 5
    endloop
  endfacet
  facet normal 0.812836 0.582493 0
    outer loop
      vertex 34.0903 82.2784 7.5
      vertex 32.5275 84.4592 5
      vertex 32.5275 84.4592 7.5
    endloop
  endfacet
  facet normal 0.812836 0.582493 0
    outer loop
      vertex 32.5275 84.4592 5
      vertex 34.0903 82.2784 7.5
      vertex 34.0903 82.2784 5
    endloop
  endfacet
  facet normal -0.290315 0.956931 0
    outer loop
      vertex -10.6116 99.103 5
      vertex -13.179 98.3241 7.5
      vertex -10.6116 99.103 7.5
    endloop
  endfacet
  facet normal -0.290315 0.956931 0
    outer loop
      vertex -13.179 98.3241 7.5
      vertex -10.6116 99.103 5
      vertex -13.179 98.3241 5
    endloop
  endfacet
  facet normal 0.881915 -0.471408 0
    outer loop
      vertex 35.507 39 7.5
      vertex 36.7718 41.3662 5
      vertex 36.7718 41.3662 7.5
    endloop
  endfacet
  facet normal 0.881915 -0.471408 0
    outer loop
      vertex 36.7718 41.3662 5
      vertex 35.507 39 7.5
      vertex 35.507 39 5
    endloop
  endfacet
  facet normal -0.352226 -0.935915 0
    outer loop
      vertex -15.69 21.6209 5
      vertex -13.179 20.6759 7.5
      vertex -15.69 21.6209 7.5
    endloop
  endfacet
  facet normal -0.352226 -0.935915 -0
    outer loop
      vertex -13.179 20.6759 7.5
      vertex -15.69 21.6209 5
      vertex -13.179 20.6759 5
    endloop
  endfacet
  facet normal 0.352226 -0.935915 0
    outer loop
      vertex 13.179 20.6759 5
      vertex 15.69 21.6209 7.5
      vertex 13.179 20.6759 7.5
    endloop
  endfacet
  facet normal 0.352226 -0.935915 0
    outer loop
      vertex 15.69 21.6209 7.5
      vertex 13.179 20.6759 5
      vertex 15.69 21.6209 5
    endloop
  endfacet
  facet normal 0.412716 -0.91086 0
    outer loop
      vertex 15.69 21.6209 5
      vertex 18.1338 22.7282 7.5
      vertex 15.69 21.6209 7.5
    endloop
  endfacet
  facet normal 0.412716 -0.91086 0
    outer loop
      vertex 18.1338 22.7282 7.5
      vertex 15.69 21.6209 5
      vertex 18.1338 22.7282 5
    endloop
  endfacet
  facet normal 0.098026 0.995184 -0
    outer loop
      vertex 5.35157 100.149 5
      vertex 2.68153 100.412 7.5
      vertex 5.35157 100.149 7.5
    endloop
  endfacet
  facet normal 0.098026 0.995184 0
    outer loop
      vertex 2.68153 100.412 7.5
      vertex 5.35157 100.149 5
      vertex 2.68153 100.412 5
    endloop
  endfacet
  facet normal 0.582493 -0.812836 0
    outer loop
      vertex 22.7784 25.4097 5
      vertex 24.9592 26.9725 7.5
      vertex 22.7784 25.4097 7.5
    endloop
  endfacet
  facet normal 0.582493 -0.812836 0
    outer loop
      vertex 24.9592 26.9725 7.5
      vertex 22.7784 25.4097 5
      vertex 24.9592 26.9725 5
    endloop
  endfacet
  facet normal 0.729874 0.683581 0
    outer loop
      vertex 30.8254 86.5332 7.5
      vertex 28.9914 88.4914 5
      vertex 28.9914 88.4914 7.5
    endloop
  endfacet
  facet normal 0.729874 0.683581 0
    outer loop
      vertex 28.9914 88.4914 5
      vertex 30.8254 86.5332 7.5
      vertex 30.8254 86.5332 5
    endloop
  endfacet
  facet normal -0.528041 0.849219 0
    outer loop
      vertex -20.5 95.007 5
      vertex -22.7784 93.5903 7.5
      vertex -20.5 95.007 7.5
    endloop
  endfacet
  facet normal -0.528041 0.849219 0
    outer loop
      vertex -22.7784 93.5903 7.5
      vertex -20.5 95.007 5
      vertex -22.7784 93.5903 5
    endloop
  endfacet
  facet normal -0.812836 0.582493 0
    outer loop
      vertex -34.0903 82.2784 5
      vertex -32.5275 84.4592 7.5
      vertex -32.5275 84.4592 5
    endloop
  endfacet
  facet normal -0.812836 0.582493 0
    outer loop
      vertex -32.5275 84.4592 7.5
      vertex -34.0903 82.2784 5
      vertex -34.0903 82.2784 7.5
    endloop
  endfacet
  facet normal -0.683581 -0.729874 0
    outer loop
      vertex -28.9914 30.5086 5
      vertex -27.0332 28.6746 7.5
      vertex -28.9914 30.5086 7.5
    endloop
  endfacet
  facet normal -0.683581 -0.729874 -0
    outer loop
      vertex -27.0332 28.6746 7.5
      vertex -28.9914 30.5086 5
      vertex -27.0332 28.6746 5
    endloop
  endfacet
  facet normal 0.227061 -0.973881 0
    outer loop
      vertex 7.9987 19.2878 5
      vertex 10.6116 19.897 7.5
      vertex 7.9987 19.2878 7.5
    endloop
  endfacet
  facet normal 0.227061 -0.973881 0
    outer loop
      vertex 10.6116 19.897 7.5
      vertex 7.9987 19.2878 5
      vertex 10.6116 19.897 5
    endloop
  endfacet
  facet normal 0.729874 -0.683581 0
    outer loop
      vertex 28.9914 30.5086 7.5
      vertex 30.8254 32.4668 5
      vertex 30.8254 32.4668 7.5
    endloop
  endfacet
  facet normal 0.729874 -0.683581 0
    outer loop
      vertex 30.8254 32.4668 5
      vertex 28.9914 30.5086 7.5
      vertex 28.9914 30.5086 5
    endloop
  endfacet
  facet normal 0.91086 0.412716 0
    outer loop
      vertex 37.8791 75.19 7.5
      vertex 36.7718 77.6338 5
      vertex 36.7718 77.6338 7.5
    endloop
  endfacet
  facet normal 0.91086 0.412716 0
    outer loop
      vertex 36.7718 77.6338 5
      vertex 37.8791 75.19 7.5
      vertex 37.8791 75.19 5
    endloop
  endfacet
  facet normal -0.412716 0.91086 0
    outer loop
      vertex -15.69 97.3791 5
      vertex -18.1338 96.2718 7.5
      vertex -15.69 97.3791 7.5
    endloop
  endfacet
  facet normal -0.412716 0.91086 0
    outer loop
      vertex -18.1338 96.2718 7.5
      vertex -15.69 97.3791 5
      vertex -18.1338 96.2718 5
    endloop
  endfacet
  facet normal 0.352226 0.935915 -0
    outer loop
      vertex 15.69 97.3791 5
      vertex 13.179 98.3241 7.5
      vertex 15.69 97.3791 7.5
    endloop
  endfacet
  facet normal 0.352226 0.935915 0
    outer loop
      vertex 13.179 98.3241 7.5
      vertex 15.69 97.3791 5
      vertex 13.179 98.3241 5
    endloop
  endfacet
  facet normal 0.528041 0.849219 -0
    outer loop
      vertex 22.7784 93.5903 5
      vertex 20.5 95.007 7.5
      vertex 22.7784 93.5903 7.5
    endloop
  endfacet
  facet normal 0.528041 0.849219 0
    outer loop
      vertex 20.5 95.007 7.5
      vertex 22.7784 93.5903 5
      vertex 20.5 95.007 5
    endloop
  endfacet
  facet normal -0.634396 0.773008 0
    outer loop
      vertex -24.9592 92.0275 5
      vertex -27.0332 90.3254 7.5
      vertex -24.9592 92.0275 7.5
    endloop
  endfacet
  facet normal -0.634396 0.773008 0
    outer loop
      vertex -27.0332 90.3254 7.5
      vertex -24.9592 92.0275 5
      vertex -27.0332 90.3254 5
    endloop
  endfacet
  facet normal 0 0 1
    outer loop
      vertex 38.5 59.5 7.5
      vertex 41 59.5 7.5
      vertex 40.9122 62.1815 7.5
    endloop
  endfacet
  facet normal 0 0 1
    outer loop
      vertex 38.4176 62.018 7.5
      vertex 40.9122 62.1815 7.5
      vertex 40.6492 64.8516 7.5
    endloop
  endfacet
  facet normal 0 0 1
    outer loop
      vertex 41 59.5 7.5
      vertex 38.5 59.5 7.5
      vertex 40.9122 56.8185 7.5
    endloop
  endfacet
  facet normal 0 0 1
    outer loop
      vertex 38.1706 64.5253 7.5
      vertex 40.6492 64.8516 7.5
      vertex 40.2122 67.4987 7.5
    endloop
  endfacet
  facet normal -0 0 1
    outer loop
      vertex 38.4176 56.982 7.5
      vertex 40.9122 56.8185 7.5
      vertex 38.5 59.5 7.5
    endloop
  endfacet
  facet normal 0 0 1
    outer loop
      vertex 37.7602 67.011 7.5
      vertex 40.2122 67.4987 7.5
      vertex 39.603 70.1116 7.5
    endloop
  endfacet
  facet normal 0 0 1
    outer loop
      vertex 40.9122 56.8185 7.5
      vertex 38.4176 56.982 7.5
      vertex 40.6492 54.1484 7.5
    endloop
  endfacet
  facet normal 0 0 1
    outer loop
      vertex 37.1881 69.4645 7.5
      vertex 39.603 70.1116 7.5
      vertex 38.8241 72.679 7.5
    endloop
  endfacet
  facet normal -0 0 1
    outer loop
      vertex 38.1706 54.4747 7.5
      vertex 40.6492 54.1484 7.5
      vertex 38.4176 56.982 7.5
    endloop
  endfacet
  facet normal 0 0 1
    outer loop
      vertex 40.6492 54.1484 7.5
      vertex 38.1706 54.4747 7.5
      vertex 40.2122 51.5013 7.5
    endloop
  endfacet
  facet normal 0 0 1
    outer loop
      vertex 40.9122 62.1815 7.5
      vertex 38.4176 62.018 7.5
      vertex 38.5 59.5 7.5
    endloop
  endfacet
  facet normal 0 0 1
    outer loop
      vertex 40.6492 64.8516 7.5
      vertex 38.1706 64.5253 7.5
      vertex 38.4176 62.018 7.5
    endloop
  endfacet
  facet normal 0 0 1
    outer loop
      vertex 36.4568 71.8754 7.5
      vertex 38.8241 72.679 7.5
      vertex 37.8791 75.19 7.5
    endloop
  endfacet
  facet normal 0 0 1
    outer loop
      vertex 40.2122 67.4987 7.5
      vertex 37.7602 67.011 7.5
      vertex 38.1706 64.5253 7.5
    endloop
  endfacet
  facet normal 0 0 1
    outer loop
      vertex 39.603 70.1116 7.5
      vertex 37.1881 69.4645 7.5
      vertex 37.7602 67.011 7.5
    endloop
  endfacet
  facet normal 0 0 1
    outer loop
      vertex 35.5694 74.2333 7.5
      vertex 37.8791 75.19 7.5
      vertex 36.7718 77.6338 7.5
    endloop
  endfacet
  facet normal 0 0 1
    outer loop
      vertex 38.8241 72.679 7.5
      vertex 36.4568 71.8754 7.5
      vertex 37.1881 69.4645 7.5
    endloop
  endfacet
  facet normal 0 0 1
    outer loop
      vertex 37.8791 75.19 7.5
      vertex 35.5694 74.2333 7.5
      vertex 36.4568 71.8754 7.5
    endloop
  endfacet
  facet normal 0 0 1
    outer loop
      vertex 34.5296 76.5281 7.5
      vertex 36.7718 77.6338 7.5
      vertex 35.507 80 7.5
    endloop
  endfacet
  facet normal 0 0 1
    outer loop
      vertex 36.7718 77.6338 7.5
      vertex 34.5296 76.5281 7.5
      vertex 35.5694 74.2333 7.5
    endloop
  endfacet
  facet normal 0 0 1
    outer loop
      vertex 33.342 78.75 7.5
      vertex 35.507 80 7.5
      vertex 34.0903 82.2784 7.5
    endloop
  endfacet
  facet normal 0 0 1
    outer loop
      vertex 35.507 80 7.5
      vertex 33.342 78.75 7.5
      vertex 34.5296 76.5281 7.5
    endloop
  endfacet
  facet normal 0 0 1
    outer loop
      vertex 32.0116 80.8895 7.5
      vertex 34.0903 82.2784 7.5
      vertex 32.5275 84.4592 7.5
    endloop
  endfacet
  facet normal 0 0 1
    outer loop
      vertex 34.0903 82.2784 7.5
      vertex 32.0116 80.8895 7.5
      vertex 33.342 78.75 7.5
    endloop
  endfacet
  facet normal 0 0 1
    outer loop
      vertex 30.5441 82.9373 7.5
      vertex 32.5275 84.4592 7.5
      vertex 30.8254 86.5332 7.5
    endloop
  endfacet
  facet normal 0 0 1
    outer loop
      vertex 32.5275 84.4592 7.5
      vertex 30.5441 82.9373 7.5
      vertex 32.0116 80.8895 7.5
    endloop
  endfacet
  facet normal 0 0 1
    outer loop
      vertex 28.9458 84.8848 7.5
      vertex 30.8254 86.5332 7.5
      vertex 28.9914 88.4914 7.5
    endloop
  endfacet
  facet normal 0 0 1
    outer loop
      vertex 30.8254 86.5332 7.5
      vertex 28.9458 84.8848 7.5
      vertex 30.5441 82.9373 7.5
    endloop
  endfacet
  facet normal 0 0 1
    outer loop
      vertex 28.9914 88.4914 7.5
      vertex 27.2236 86.7236 7.5
      vertex 28.9458 84.8848 7.5
    endloop
  endfacet
  facet normal 0 0 1
    outer loop
      vertex 27.0332 90.3254 7.5
      vertex 27.2236 86.7236 7.5
      vertex 28.9914 88.4914 7.5
    endloop
  endfacet
  facet normal 0 0 1
    outer loop
      vertex 27.0332 90.3254 7.5
      vertex 25.3848 88.4458 7.5
      vertex 27.2236 86.7236 7.5
    endloop
  endfacet
  facet normal 0 0 1
    outer loop
      vertex 24.9592 92.0275 7.5
      vertex 25.3848 88.4458 7.5
      vertex 27.0332 90.3254 7.5
    endloop
  endfacet
  facet normal 0 0 1
    outer loop
      vertex 24.9592 92.0275 7.5
      vertex 23.4373 90.0441 7.5
      vertex 25.3848 88.4458 7.5
    endloop
  endfacet
  facet normal 0 0 1
    outer loop
      vertex 22.7784 93.5903 7.5
      vertex 23.4373 90.0441 7.5
      vertex 24.9592 92.0275 7.5
    endloop
  endfacet
  facet normal 0 0 1
    outer loop
      vertex 22.7784 93.5903 7.5
      vertex 21.3895 91.5116 7.5
      vertex 23.4373 90.0441 7.5
    endloop
  endfacet
  facet normal 0 0 1
    outer loop
      vertex 20.5 95.007 7.5
      vertex 21.3895 91.5116 7.5
      vertex 22.7784 93.5903 7.5
    endloop
  endfacet
  facet normal 0 0 1
    outer loop
      vertex 20.5 95.007 7.5
      vertex 19.25 92.842 7.5
      vertex 21.3895 91.5116 7.5
    endloop
  endfacet
  facet normal 0 0 1
    outer loop
      vertex 18.1338 96.2718 7.5
      vertex 19.25 92.842 7.5
      vertex 20.5 95.007 7.5
    endloop
  endfacet
  facet normal 0 0 1
    outer loop
      vertex 18.1338 96.2718 7.5
      vertex 17.0281 94.0296 7.5
      vertex 19.25 92.842 7.5
    endloop
  endfacet
  facet normal 0 0 1
    outer loop
      vertex 15.69 97.3791 7.5
      vertex 17.0281 94.0296 7.5
      vertex 18.1338 96.2718 7.5
    endloop
  endfacet
  facet normal 0 0 1
    outer loop
      vertex 15.69 97.3791 7.5
      vertex 14.7333 95.0694 7.5
      vertex 17.0281 94.0296 7.5
    endloop
  endfacet
  facet normal 0 0 1
    outer loop
      vertex 13.179 98.3241 7.5
      vertex 14.7333 95.0694 7.5
      vertex 15.69 97.3791 7.5
    endloop
  endfacet
  facet normal 0 0 1
    outer loop
      vertex 13.179 98.3241 7.5
      vertex 12.3754 95.9568 7.5
      vertex 14.7333 95.0694 7.5
    endloop
  endfacet
  facet normal 0 0 1
    outer loop
      vertex 10.6116 99.103 7.5
      vertex 12.3754 95.9568 7.5
      vertex 13.179 98.3241 7.5
    endloop
  endfacet
  facet normal 0 0 1
    outer loop
      vertex 10.6116 99.103 7.5
      vertex 9.96453 96.6881 7.5
      vertex 12.3754 95.9568 7.5
    endloop
  endfacet
  facet normal 0 0 1
    outer loop
      vertex 7.9987 99.7122 7.5
      vertex 9.96453 96.6881 7.5
      vertex 10.6116 99.103 7.5
    endloop
  endfacet
  facet normal 0 0 1
    outer loop
      vertex 7.9987 99.7122 7.5
      vertex 7.51098 97.2602 7.5
      vertex 9.96453 96.6881 7.5
    endloop
  endfacet
  facet normal 0 0 1
    outer loop
      vertex 5.35157 100.149 7.5
      vertex 7.51098 97.2602 7.5
      vertex 7.9987 99.7122 7.5
    endloop
  endfacet
  facet normal 0 0 1
    outer loop
      vertex 5.35157 100.149 7.5
      vertex 5.02526 97.6706 7.5
      vertex 7.51098 97.2602 7.5
    endloop
  endfacet
  facet normal 0 0 1
    outer loop
      vertex 2.68153 100.412 7.5
      vertex 5.02526 97.6706 7.5
      vertex 5.35157 100.149 7.5
    endloop
  endfacet
  facet normal 0 0 1
    outer loop
      vertex 2.68153 100.412 7.5
      vertex 2.51802 97.9176 7.5
      vertex 5.02526 97.6706 7.5
    endloop
  endfacet
  facet normal 0 0 1
    outer loop
      vertex 0 100.5 7.5
      vertex 2.51802 97.9176 7.5
      vertex 2.68153 100.412 7.5
    endloop
  endfacet
  facet normal 0 0 1
    outer loop
      vertex 0 100.5 7.5
      vertex 0 98 7.5
      vertex 2.51802 97.9176 7.5
    endloop
  endfacet
  facet normal 0 0 1
    outer loop
      vertex 0 100.5 7.5
      vertex -2.51802 97.9176 7.5
      vertex 0 98 7.5
    endloop
  endfacet
  facet normal -0 0 1
    outer loop
      vertex -2.68153 100.412 7.5
      vertex -2.51802 97.9176 7.5
      vertex 0 100.5 7.5
    endloop
  endfacet
  facet normal 0 0 1
    outer loop
      vertex -2.68153 100.412 7.5
      vertex -5.02526 97.6706 7.5
      vertex -2.51802 97.9176 7.5
    endloop
  endfacet
  facet normal -0 0 1
    outer loop
      vertex -5.35157 100.149 7.5
      vertex -5.02526 97.6706 7.5
      vertex -2.68153 100.412 7.5
    endloop
  endfacet
  facet normal 0 0 1
    outer loop
      vertex -5.35157 100.149 7.5
      vertex -7.51098 97.2602 7.5
      vertex -5.02526 97.6706 7.5
    endloop
  endfacet
  facet normal -0 0 1
    outer loop
      vertex -7.9987 99.7122 7.5
      vertex -7.51098 97.2602 7.5
      vertex -5.35157 100.149 7.5
    endloop
  endfacet
  facet normal 0 0 1
    outer loop
      vertex -7.9987 99.7122 7.5
      vertex -9.96453 96.6881 7.5
      vertex -7.51098 97.2602 7.5
    endloop
  endfacet
  facet normal -0 0 1
    outer loop
      vertex -10.6116 99.103 7.5
      vertex -9.96453 96.6881 7.5
      vertex -7.9987 99.7122 7.5
    endloop
  endfacet
  facet normal 0 0 1
    outer loop
      vertex -10.6116 99.103 7.5
      vertex -12.3754 95.9568 7.5
      vertex -9.96453 96.6881 7.5
    endloop
  endfacet
  facet normal -0 0 1
    outer loop
      vertex -13.179 98.3241 7.5
      vertex -12.3754 95.9568 7.5
      vertex -10.6116 99.103 7.5
    endloop
  endfacet
  facet normal 0 0 1
    outer loop
      vertex -13.179 98.3241 7.5
      vertex -14.7333 95.0694 7.5
      vertex -12.3754 95.9568 7.5
    endloop
  endfacet
  facet normal -0 0 1
    outer loop
      vertex -15.69 97.3791 7.5
      vertex -14.7333 95.0694 7.5
      vertex -13.179 98.3241 7.5
    endloop
  endfacet
  facet normal 0 0 1
    outer loop
      vertex -15.69 97.3791 7.5
      vertex -17.0281 94.0296 7.5
      vertex -14.7333 95.0694 7.5
    endloop
  endfacet
  facet normal -0 0 1
    outer loop
      vertex -18.1338 96.2718 7.5
      vertex -17.0281 94.0296 7.5
      vertex -15.69 97.3791 7.5
    endloop
  endfacet
  facet normal 0 0 1
    outer loop
      vertex -18.1338 96.2718 7.5
      vertex -19.25 92.842 7.5
      vertex -17.0281 94.0296 7.5
    endloop
  endfacet
  facet normal -0 0 1
    outer loop
      vertex -20.5 95.007 7.5
      vertex -19.25 92.842 7.5
      vertex -18.1338 96.2718 7.5
    endloop
  endfacet
  facet normal 0 0 1
    outer loop
      vertex -20.5 95.007 7.5
      vertex -21.3895 91.5116 7.5
      vertex -19.25 92.842 7.5
    endloop
  endfacet
  facet normal -0 0 1
    outer loop
      vertex -22.7784 93.5903 7.5
      vertex -21.3895 91.5116 7.5
      vertex -20.5 95.007 7.5
    endloop
  endfacet
  facet normal 0 0 1
    outer loop
      vertex -22.7784 93.5903 7.5
      vertex -23.4373 90.0441 7.5
      vertex -21.3895 91.5116 7.5
    endloop
  endfacet
  facet normal -0 0 1
    outer loop
      vertex -24.9592 92.0275 7.5
      vertex -23.4373 90.0441 7.5
      vertex -22.7784 93.5903 7.5
    endloop
  endfacet
  facet normal 0 0 1
    outer loop
      vertex -24.9592 92.0275 7.5
      vertex -25.3848 88.4458 7.5
      vertex -23.4373 90.0441 7.5
    endloop
  endfacet
  facet normal -0 0 1
    outer loop
      vertex -27.0332 90.3254 7.5
      vertex -25.3848 88.4458 7.5
      vertex -24.9592 92.0275 7.5
    endloop
  endfacet
  facet normal 0 0 1
    outer loop
      vertex -27.0332 90.3254 7.5
      vertex -27.2236 86.7236 7.5
      vertex -25.3848 88.4458 7.5
    endloop
  endfacet
  facet normal -0 0 1
    outer loop
      vertex -28.9914 88.4914 7.5
      vertex -27.2236 86.7236 7.5
      vertex -27.0332 90.3254 7.5
    endloop
  endfacet
  facet normal 0 0 1
    outer loop
      vertex -27.2236 86.7236 7.5
      vertex -28.9914 88.4914 7.5
      vertex -28.9458 84.8848 7.5
    endloop
  endfacet
  facet normal -0 0 1
    outer loop
      vertex -30.8254 86.5332 7.5
      vertex -28.9458 84.8848 7.5
      vertex -28.9914 88.4914 7.5
    endloop
  endfacet
  facet normal 0 0 1
    outer loop
      vertex -28.9458 84.8848 7.5
      vertex -30.8254 86.5332 7.5
      vertex -30.5441 82.9373 7.5
    endloop
  endfacet
  facet normal -0 0 1
    outer loop
      vertex -32.5275 84.4592 7.5
      vertex -30.5441 82.9373 7.5
      vertex -30.8254 86.5332 7.5
    endloop
  endfacet
  facet normal 0 0 1
    outer loop
      vertex -30.5441 82.9373 7.5
      vertex -32.5275 84.4592 7.5
      vertex -32.0116 80.8895 7.5
    endloop
  endfacet
  facet normal -0 0 1
    outer loop
      vertex -34.0903 82.2784 7.5
      vertex -32.0116 80.8895 7.5
      vertex -32.5275 84.4592 7.5
    endloop
  endfacet
  facet normal 0 0 1
    outer loop
      vertex -32.0116 80.8895 7.5
      vertex -34.0903 82.2784 7.5
      vertex -33.342 78.75 7.5
    endloop
  endfacet
  facet normal -0 0 1
    outer loop
      vertex -35.507 80 7.5
      vertex -33.342 78.75 7.5
      vertex -34.0903 82.2784 7.5
    endloop
  endfacet
  facet normal 0 0 1
    outer loop
      vertex -33.342 78.75 7.5
      vertex -35.507 80 7.5
      vertex -34.5296 76.5281 7.5
    endloop
  endfacet
  facet normal -0 0 1
    outer loop
      vertex -36.7718 77.6338 7.5
      vertex -34.5296 76.5281 7.5
      vertex -35.507 80 7.5
    endloop
  endfacet
  facet normal 0 0 1
    outer loop
      vertex -34.5296 76.5281 7.5
      vertex -36.7718 77.6338 7.5
      vertex -35.5694 74.2333 7.5
    endloop
  endfacet
  facet normal -0 0 1
    outer loop
      vertex -37.8791 75.19 7.5
      vertex -35.5694 74.2333 7.5
      vertex -36.7718 77.6338 7.5
    endloop
  endfacet
  facet normal 0 0 1
    outer loop
      vertex -35.5694 74.2333 7.5
      vertex -37.8791 75.19 7.5
      vertex -36.4568 71.8754 7.5
    endloop
  endfacet
  facet normal -0 0 1
    outer loop
      vertex -38.8241 72.679 7.5
      vertex -36.4568 71.8754 7.5
      vertex -37.8791 75.19 7.5
    endloop
  endfacet
  facet normal 0 0 1
    outer loop
      vertex -36.4568 71.8754 7.5
      vertex -38.8241 72.679 7.5
      vertex -37.1881 69.4645 7.5
    endloop
  endfacet
  facet normal -0 0 1
    outer loop
      vertex -39.603 70.1116 7.5
      vertex -37.1881 69.4645 7.5
      vertex -38.8241 72.679 7.5
    endloop
  endfacet
  facet normal 0 0 1
    outer loop
      vertex -37.1881 69.4645 7.5
      vertex -39.603 70.1116 7.5
      vertex -37.7602 67.011 7.5
    endloop
  endfacet
  facet normal 0 0 1
    outer loop
      vertex -37.7602 67.011 7.5
      vertex -40.2122 67.4987 7.5
      vertex -38.1706 64.5253 7.5
    endloop
  endfacet
  facet normal -0 0 1
    outer loop
      vertex -40.2122 67.4987 7.5
      vertex -37.7602 67.011 7.5
      vertex -39.603 70.1116 7.5
    endloop
  endfacet
  facet normal -0 0 1
    outer loop
      vertex 37.7602 51.989 7.5
      vertex 40.2122 51.5013 7.5
      vertex 38.1706 54.4747 7.5
    endloop
  endfacet
  facet normal 0 0 1
    outer loop
      vertex 40.2122 51.5013 7.5
      vertex 37.7602 51.989 7.5
      vertex 39.603 48.8884 7.5
    endloop
  endfacet
  facet normal -0 0 1
    outer loop
      vertex 37.1881 49.5355 7.5
      vertex 39.603 48.8884 7.5
      vertex 37.7602 51.989 7.5
    endloop
  endfacet
  facet normal 0 0 1
    outer loop
      vertex 39.603 48.8884 7.5
      vertex 37.1881 49.5355 7.5
      vertex 38.8241 46.321 7.5
    endloop
  endfacet
  facet normal -0 0 1
    outer loop
      vertex 36.4568 47.1246 7.5
      vertex 38.8241 46.321 7.5
      vertex 37.1881 49.5355 7.5
    endloop
  endfacet
  facet normal 0 0 1
    outer loop
      vertex 38.8241 46.321 7.5
      vertex 36.4568 47.1246 7.5
      vertex 37.8791 43.81 7.5
    endloop
  endfacet
  facet normal -0 0 1
    outer loop
      vertex 35.5694 44.7667 7.5
      vertex 37.8791 43.81 7.5
      vertex 36.4568 47.1246 7.5
    endloop
  endfacet
  facet normal 0 0 1
    outer loop
      vertex 37.8791 43.81 7.5
      vertex 35.5694 44.7667 7.5
      vertex 36.7718 41.3662 7.5
    endloop
  endfacet
  facet normal -0 0 1
    outer loop
      vertex 34.5296 42.4719 7.5
      vertex 36.7718 41.3662 7.5
      vertex 35.5694 44.7667 7.5
    endloop
  endfacet
  facet normal 0 0 1
    outer loop
      vertex 36.7718 41.3662 7.5
      vertex 34.5296 42.4719 7.5
      vertex 35.507 39 7.5
    endloop
  endfacet
  facet normal -0 0 1
    outer loop
      vertex 33.342 40.25 7.5
      vertex 35.507 39 7.5
      vertex 34.5296 42.4719 7.5
    endloop
  endfacet
  facet normal 0 0 1
    outer loop
      vertex 35.507 39 7.5
      vertex 33.342 40.25 7.5
      vertex 34.0903 36.7216 7.5
    endloop
  endfacet
  facet normal -0 0 1
    outer loop
      vertex 32.0116 38.1105 7.5
      vertex 34.0903 36.7216 7.5
      vertex 33.342 40.25 7.5
    endloop
  endfacet
  facet normal 0 0 1
    outer loop
      vertex 34.0903 36.7216 7.5
      vertex 32.0116 38.1105 7.5
      vertex 32.5275 34.5408 7.5
    endloop
  endfacet
  facet normal -0 0 1
    outer loop
      vertex 30.5441 36.0627 7.5
      vertex 32.5275 34.5408 7.5
      vertex 32.0116 38.1105 7.5
    endloop
  endfacet
  facet normal 0 0 1
    outer loop
      vertex 32.5275 34.5408 7.5
      vertex 30.5441 36.0627 7.5
      vertex 30.8254 32.4668 7.5
    endloop
  endfacet
  facet normal -0 0 1
    outer loop
      vertex 28.9458 34.1152 7.5
      vertex 30.8254 32.4668 7.5
      vertex 30.5441 36.0627 7.5
    endloop
  endfacet
  facet normal 0 0 1
    outer loop
      vertex 30.8254 32.4668 7.5
      vertex 28.9458 34.1152 7.5
      vertex 28.9914 30.5086 7.5
    endloop
  endfacet
  facet normal -0 0 1
    outer loop
      vertex 27.2236 32.2764 7.5
      vertex 28.9914 30.5086 7.5
      vertex 28.9458 34.1152 7.5
    endloop
  endfacet
  facet normal 0 0 1
    outer loop
      vertex 27.2236 32.2764 7.5
      vertex 27.0332 28.6746 7.5
      vertex 28.9914 30.5086 7.5
    endloop
  endfacet
  facet normal -0 0 1
    outer loop
      vertex 25.3848 30.5542 7.5
      vertex 27.0332 28.6746 7.5
      vertex 27.2236 32.2764 7.5
    endloop
  endfacet
  facet normal 0 0 1
    outer loop
      vertex 25.3848 30.5542 7.5
      vertex 24.9592 26.9725 7.5
      vertex 27.0332 28.6746 7.5
    endloop
  endfacet
  facet normal -0 0 1
    outer loop
      vertex 23.4373 28.9559 7.5
      vertex 24.9592 26.9725 7.5
      vertex 25.3848 30.5542 7.5
    endloop
  endfacet
  facet normal 0 0 1
    outer loop
      vertex 23.4373 28.9559 7.5
      vertex 22.7784 25.4097 7.5
      vertex 24.9592 26.9725 7.5
    endloop
  endfacet
  facet normal -0 0 1
    outer loop
      vertex 21.3895 27.4884 7.5
      vertex 22.7784 25.4097 7.5
      vertex 23.4373 28.9559 7.5
    endloop
  endfacet
  facet normal 0 0 1
    outer loop
      vertex 21.3895 27.4884 7.5
      vertex 20.5 23.993 7.5
      vertex 22.7784 25.4097 7.5
    endloop
  endfacet
  facet normal -0 0 1
    outer loop
      vertex 19.25 26.158 7.5
      vertex 20.5 23.993 7.5
      vertex 21.3895 27.4884 7.5
    endloop
  endfacet
  facet normal 0 0 1
    outer loop
      vertex 19.25 26.158 7.5
      vertex 18.1338 22.7282 7.5
      vertex 20.5 23.993 7.5
    endloop
  endfacet
  facet normal -0 0 1
    outer loop
      vertex 17.0281 24.9704 7.5
      vertex 18.1338 22.7282 7.5
      vertex 19.25 26.158 7.5
    endloop
  endfacet
  facet normal 0 0 1
    outer loop
      vertex 17.0281 24.9704 7.5
      vertex 15.69 21.6209 7.5
      vertex 18.1338 22.7282 7.5
    endloop
  endfacet
  facet normal -0 0 1
    outer loop
      vertex 14.7333 23.9306 7.5
      vertex 15.69 21.6209 7.5
      vertex 17.0281 24.9704 7.5
    endloop
  endfacet
  facet normal 0 0 1
    outer loop
      vertex 14.7333 23.9306 7.5
      vertex 13.179 20.6759 7.5
      vertex 15.69 21.6209 7.5
    endloop
  endfacet
  facet normal -0 0 1
    outer loop
      vertex 12.3754 23.0432 7.5
      vertex 13.179 20.6759 7.5
      vertex 14.7333 23.9306 7.5
    endloop
  endfacet
  facet normal 0 0 1
    outer loop
      vertex 12.3754 23.0432 7.5
      vertex 10.6116 19.897 7.5
      vertex 13.179 20.6759 7.5
    endloop
  endfacet
  facet normal -0 0 1
    outer loop
      vertex 9.96453 22.3119 7.5
      vertex 10.6116 19.897 7.5
      vertex 12.3754 23.0432 7.5
    endloop
  endfacet
  facet normal 0 0 1
    outer loop
      vertex 9.96453 22.3119 7.5
      vertex 7.9987 19.2878 7.5
      vertex 10.6116 19.897 7.5
    endloop
  endfacet
  facet normal -0 0 1
    outer loop
      vertex 7.51098 21.7398 7.5
      vertex 7.9987 19.2878 7.5
      vertex 9.96453 22.3119 7.5
    endloop
  endfacet
  facet normal 0 0 1
    outer loop
      vertex 7.51098 21.7398 7.5
      vertex 5.35157 18.8508 7.5
      vertex 7.9987 19.2878 7.5
    endloop
  endfacet
  facet normal -0 0 1
    outer loop
      vertex 5.02526 21.3294 7.5
      vertex 5.35157 18.8508 7.5
      vertex 7.51098 21.7398 7.5
    endloop
  endfacet
  facet normal 0 0 1
    outer loop
      vertex 5.02526 21.3294 7.5
      vertex 2.68153 18.5878 7.5
      vertex 5.35157 18.8508 7.5
    endloop
  endfacet
  facet normal -0 0 1
    outer loop
      vertex 2.51802 21.0824 7.5
      vertex 2.68153 18.5878 7.5
      vertex 5.02526 21.3294 7.5
    endloop
  endfacet
  facet normal -0 0 1
    outer loop
      vertex 0 21 7.5
      vertex 2.68153 18.5878 7.5
      vertex 2.51802 21.0824 7.5
    endloop
  endfacet
  facet normal 0 0 1
    outer loop
      vertex 0 21 7.5
      vertex 0 18.5 7.5
      vertex 2.68153 18.5878 7.5
    endloop
  endfacet
  facet normal 0 0 1
    outer loop
      vertex -2.51802 21.0824 7.5
      vertex 0 18.5 7.5
      vertex 0 21 7.5
    endloop
  endfacet
  facet normal 0 0 1
    outer loop
      vertex -2.51802 21.0824 7.5
      vertex -2.68153 18.5878 7.5
      vertex 0 18.5 7.5
    endloop
  endfacet
  facet normal 0 0 1
    outer loop
      vertex -5.02526 21.3294 7.5
      vertex -2.68153 18.5878 7.5
      vertex -2.51802 21.0824 7.5
    endloop
  endfacet
  facet normal 0 0 1
    outer loop
      vertex -5.02526 21.3294 7.5
      vertex -5.35157 18.8508 7.5
      vertex -2.68153 18.5878 7.5
    endloop
  endfacet
  facet normal 0 0 1
    outer loop
      vertex -7.51098 21.7398 7.5
      vertex -5.35157 18.8508 7.5
      vertex -5.02526 21.3294 7.5
    endloop
  endfacet
  facet normal 0 0 1
    outer loop
      vertex -7.51098 21.7398 7.5
      vertex -7.9987 19.2878 7.5
      vertex -5.35157 18.8508 7.5
    endloop
  endfacet
  facet normal 0 0 1
    outer loop
      vertex -9.96453 22.3119 7.5
      vertex -7.9987 19.2878 7.5
      vertex -7.51098 21.7398 7.5
    endloop
  endfacet
  facet normal 0 0 1
    outer loop
      vertex -9.96453 22.3119 7.5
      vertex -10.6116 19.897 7.5
      vertex -7.9987 19.2878 7.5
    endloop
  endfacet
  facet normal 0 0 1
    outer loop
      vertex -12.3754 23.0432 7.5
      vertex -10.6116 19.897 7.5
      vertex -9.96453 22.3119 7.5
    endloop
  endfacet
  facet normal 0 0 1
    outer loop
      vertex -12.3754 23.0432 7.5
      vertex -13.179 20.6759 7.5
      vertex -10.6116 19.897 7.5
    endloop
  endfacet
  facet normal 0 0 1
    outer loop
      vertex -14.7333 23.9306 7.5
      vertex -13.179 20.6759 7.5
      vertex -12.3754 23.0432 7.5
    endloop
  endfacet
  facet normal 0 0 1
    outer loop
      vertex -14.7333 23.9306 7.5
      vertex -15.69 21.6209 7.5
      vertex -13.179 20.6759 7.5
    endloop
  endfacet
  facet normal 0 0 1
    outer loop
      vertex -17.0281 24.9704 7.5
      vertex -15.69 21.6209 7.5
      vertex -14.7333 23.9306 7.5
    endloop
  endfacet
  facet normal 0 0 1
    outer loop
      vertex -17.0281 24.9704 7.5
      vertex -18.1338 22.7282 7.5
      vertex -15.69 21.6209 7.5
    endloop
  endfacet
  facet normal 0 0 1
    outer loop
      vertex -19.25 26.158 7.5
      vertex -18.1338 22.7282 7.5
      vertex -17.0281 24.9704 7.5
    endloop
  endfacet
  facet normal 0 0 1
    outer loop
      vertex -19.25 26.158 7.5
      vertex -20.5 23.993 7.5
      vertex -18.1338 22.7282 7.5
    endloop
  endfacet
  facet normal 0 0 1
    outer loop
      vertex -21.3895 27.4884 7.5
      vertex -20.5 23.993 7.5
      vertex -19.25 26.158 7.5
    endloop
  endfacet
  facet normal 0 0 1
    outer loop
      vertex -21.3895 27.4884 7.5
      vertex -22.7784 25.4097 7.5
      vertex -20.5 23.993 7.5
    endloop
  endfacet
  facet normal 0 0 1
    outer loop
      vertex -23.4373 28.9559 7.5
      vertex -22.7784 25.4097 7.5
      vertex -21.3895 27.4884 7.5
    endloop
  endfacet
  facet normal 0 0 1
    outer loop
      vertex -23.4373 28.9559 7.5
      vertex -24.9592 26.9725 7.5
      vertex -22.7784 25.4097 7.5
    endloop
  endfacet
  facet normal 0 0 1
    outer loop
      vertex -25.3848 30.5542 7.5
      vertex -24.9592 26.9725 7.5
      vertex -23.4373 28.9559 7.5
    endloop
  endfacet
  facet normal 0 0 1
    outer loop
      vertex -25.3848 30.5542 7.5
      vertex -27.0332 28.6746 7.5
      vertex -24.9592 26.9725 7.5
    endloop
  endfacet
  facet normal 0 0 1
    outer loop
      vertex -27.2236 32.2764 7.5
      vertex -27.0332 28.6746 7.5
      vertex -25.3848 30.5542 7.5
    endloop
  endfacet
  facet normal 0 0 1
    outer loop
      vertex -28.9914 30.5086 7.5
      vertex -27.2236 32.2764 7.5
      vertex -28.9458 34.1152 7.5
    endloop
  endfacet
  facet normal 0 0 1
    outer loop
      vertex -27.2236 32.2764 7.5
      vertex -28.9914 30.5086 7.5
      vertex -27.0332 28.6746 7.5
    endloop
  endfacet
  facet normal 0 0 1
    outer loop
      vertex -30.8254 32.4668 7.5
      vertex -28.9458 34.1152 7.5
      vertex -30.5441 36.0627 7.5
    endloop
  endfacet
  facet normal 0 0 1
    outer loop
      vertex -28.9458 34.1152 7.5
      vertex -30.8254 32.4668 7.5
      vertex -28.9914 30.5086 7.5
    endloop
  endfacet
  facet normal 0 0 1
    outer loop
      vertex -32.5275 34.5408 7.5
      vertex -30.5441 36.0627 7.5
      vertex -32.0116 38.1105 7.5
    endloop
  endfacet
  facet normal 0 0 1
    outer loop
      vertex -30.5441 36.0627 7.5
      vertex -32.5275 34.5408 7.5
      vertex -30.8254 32.4668 7.5
    endloop
  endfacet
  facet normal 0 0 1
    outer loop
      vertex -34.0903 36.7216 7.5
      vertex -32.0116 38.1105 7.5
      vertex -33.342 40.25 7.5
    endloop
  endfacet
  facet normal 0 0 1
    outer loop
      vertex -32.0116 38.1105 7.5
      vertex -34.0903 36.7216 7.5
      vertex -32.5275 34.5408 7.5
    endloop
  endfacet
  facet normal 0 0 1
    outer loop
      vertex -35.507 39 7.5
      vertex -33.342 40.25 7.5
      vertex -34.5296 42.4719 7.5
    endloop
  endfacet
  facet normal 0 0 1
    outer loop
      vertex -33.342 40.25 7.5
      vertex -35.507 39 7.5
      vertex -34.0903 36.7216 7.5
    endloop
  endfacet
  facet normal 0 0 1
    outer loop
      vertex -36.7718 41.3662 7.5
      vertex -34.5296 42.4719 7.5
      vertex -35.5694 44.7667 7.5
    endloop
  endfacet
  facet normal 0 0 1
    outer loop
      vertex -37.8791 43.81 7.5
      vertex -35.5694 44.7667 7.5
      vertex -36.4568 47.1246 7.5
    endloop
  endfacet
  facet normal 0 0 1
    outer loop
      vertex -34.5296 42.4719 7.5
      vertex -36.7718 41.3662 7.5
      vertex -35.507 39 7.5
    endloop
  endfacet
  facet normal 0 0 1
    outer loop
      vertex -38.8241 46.321 7.5
      vertex -36.4568 47.1246 7.5
      vertex -37.1881 49.5355 7.5
    endloop
  endfacet
  facet normal 0 0 1
    outer loop
      vertex -39.603 48.8884 7.5
      vertex -37.1881 49.5355 7.5
      vertex -37.7602 51.989 7.5
    endloop
  endfacet
  facet normal 0 0 1
    outer loop
      vertex -35.5694 44.7667 7.5
      vertex -37.8791 43.81 7.5
      vertex -36.7718 41.3662 7.5
    endloop
  endfacet
  facet normal 0 0 1
    outer loop
      vertex -40.2122 51.5013 7.5
      vertex -37.7602 51.989 7.5
      vertex -38.1706 54.4747 7.5
    endloop
  endfacet
  facet normal 0 0 1
    outer loop
      vertex -40.6492 54.1484 7.5
      vertex -38.1706 54.4747 7.5
      vertex -38.4176 56.982 7.5
    endloop
  endfacet
  facet normal 0 0 1
    outer loop
      vertex -36.4568 47.1246 7.5
      vertex -38.8241 46.321 7.5
      vertex -37.8791 43.81 7.5
    endloop
  endfacet
  facet normal 0 0 1
    outer loop
      vertex -40.9122 56.8185 7.5
      vertex -38.4176 56.982 7.5
      vertex -38.5 59.5 7.5
    endloop
  endfacet
  facet normal -0 0 1
    outer loop
      vertex -40.6492 64.8516 7.5
      vertex -38.1706 64.5253 7.5
      vertex -40.2122 67.4987 7.5
    endloop
  endfacet
  facet normal 0 0 1
    outer loop
      vertex -38.1706 64.5253 7.5
      vertex -40.6492 64.8516 7.5
      vertex -38.4176 62.018 7.5
    endloop
  endfacet
  facet normal 0 0 1
    outer loop
      vertex -37.1881 49.5355 7.5
      vertex -39.603 48.8884 7.5
      vertex -38.8241 46.321 7.5
    endloop
  endfacet
  facet normal -0 0 1
    outer loop
      vertex -40.9122 62.1815 7.5
      vertex -38.4176 62.018 7.5
      vertex -40.6492 64.8516 7.5
    endloop
  endfacet
  facet normal 0 0 1
    outer loop
      vertex -37.7602 51.989 7.5
      vertex -40.2122 51.5013 7.5
      vertex -39.603 48.8884 7.5
    endloop
  endfacet
  facet normal 0 0 1
    outer loop
      vertex -38.4176 62.018 7.5
      vertex -40.9122 62.1815 7.5
      vertex -38.5 59.5 7.5
    endloop
  endfacet
  facet normal 0 0 1
    outer loop
      vertex -38.1706 54.4747 7.5
      vertex -40.6492 54.1484 7.5
      vertex -40.2122 51.5013 7.5
    endloop
  endfacet
  facet normal 0 0 1
    outer loop
      vertex -41 59.5 7.5
      vertex -38.5 59.5 7.5
      vertex -40.9122 62.1815 7.5
    endloop
  endfacet
  facet normal 0 0 1
    outer loop
      vertex -38.4176 56.982 7.5
      vertex -40.9122 56.8185 7.5
      vertex -40.6492 54.1484 7.5
    endloop
  endfacet
  facet normal 0 0 1
    outer loop
      vertex -38.5 59.5 7.5
      vertex -41 59.5 7.5
      vertex -40.9122 56.8185 7.5
    endloop
  endfacet
  facet normal 0.881915 0.471408 0
    outer loop
      vertex 36.7718 77.6338 7.5
      vertex 35.507 80 5
      vertex 35.507 80 7.5
    endloop
  endfacet
  facet normal 0.881915 0.471408 0
    outer loop
      vertex 35.507 80 5
      vertex 36.7718 77.6338 7.5
      vertex 36.7718 77.6338 5
    endloop
  endfacet
  facet normal 0.634396 0.773008 -0
    outer loop
      vertex 27.0332 90.3254 5
      vertex 24.9592 92.0275 7.5
      vertex 27.0332 90.3254 7.5
    endloop
  endfacet
  facet normal 0.634396 0.773008 0
    outer loop
      vertex 24.9592 92.0275 7.5
      vertex 27.0332 90.3254 5
      vertex 24.9592 92.0275 5
    endloop
  endfacet
  facet normal 0.849219 -0.528041 0
    outer loop
      vertex 34.0903 36.7216 7.5
      vertex 35.507 39 5
      vertex 35.507 39 7.5
    endloop
  endfacet
  facet normal 0.849219 -0.528041 0
    outer loop
      vertex 35.507 39 5
      vertex 34.0903 36.7216 7.5
      vertex 34.0903 36.7216 5
    endloop
  endfacet
  facet normal 0.162807 0.986658 -0
    outer loop
      vertex 7.9987 99.7122 5
      vertex 5.35157 100.149 7.5
      vertex 7.9987 99.7122 7.5
    endloop
  endfacet
  facet normal 0.162807 0.986658 0
    outer loop
      vertex 5.35157 100.149 7.5
      vertex 7.9987 99.7122 5
      vertex 5.35157 100.149 5
    endloop
  endfacet
  facet normal -0.729874 0.683581 0
    outer loop
      vertex -30.8254 86.5332 5
      vertex -28.9914 88.4914 7.5
      vertex -28.9914 88.4914 5
    endloop
  endfacet
  facet normal -0.729874 0.683581 0
    outer loop
      vertex -28.9914 88.4914 7.5
      vertex -30.8254 86.5332 5
      vertex -30.8254 86.5332 7.5
    endloop
  endfacet
  facet normal -0.528041 -0.849219 0
    outer loop
      vertex -22.7784 25.4097 5
      vertex -20.5 23.993 7.5
      vertex -22.7784 25.4097 7.5
    endloop
  endfacet
  facet normal -0.528041 -0.849219 -0
    outer loop
      vertex -20.5 23.993 7.5
      vertex -22.7784 25.4097 5
      vertex -20.5 23.993 5
    endloop
  endfacet
  facet normal -0.352226 0.935915 0
    outer loop
      vertex -13.179 98.3241 5
      vertex -15.69 97.3791 7.5
      vertex -13.179 98.3241 7.5
    endloop
  endfacet
  facet normal -0.352226 0.935915 0
    outer loop
      vertex -15.69 97.3791 7.5
      vertex -13.179 98.3241 5
      vertex -15.69 97.3791 5
    endloop
  endfacet
  facet normal 0.471408 0.881915 -0
    outer loop
      vertex 20.5 95.007 5
      vertex 18.1338 96.2718 7.5
      vertex 20.5 95.007 7.5
    endloop
  endfacet
  facet normal 0.471408 0.881915 0
    outer loop
      vertex 18.1338 96.2718 7.5
      vertex 20.5 95.007 5
      vertex 18.1338 96.2718 5
    endloop
  endfacet
  facet normal -0.582493 -0.812836 0
    outer loop
      vertex -24.9592 26.9725 5
      vertex -22.7784 25.4097 7.5
      vertex -24.9592 26.9725 7.5
    endloop
  endfacet
  facet normal -0.582493 -0.812836 -0
    outer loop
      vertex -22.7784 25.4097 7.5
      vertex -24.9592 26.9725 5
      vertex -22.7784 25.4097 5
    endloop
  endfacet
  facet normal 0.973881 -0.227061 0
    outer loop
      vertex 39.603 48.8884 7.5
      vertex 40.2122 51.5013 5
      vertex 40.2122 51.5013 7.5
    endloop
  endfacet
  facet normal 0.973881 -0.227061 0
    outer loop
      vertex 40.2122 51.5013 5
      vertex 39.603 48.8884 7.5
      vertex 39.603 48.8884 5
    endloop
  endfacet
  facet normal -0.227061 0.973881 0
    outer loop
      vertex -7.9987 99.7122 5
      vertex -10.6116 99.103 7.5
      vertex -7.9987 99.7122 7.5
    endloop
  endfacet
  facet normal -0.227061 0.973881 0
    outer loop
      vertex -10.6116 99.103 7.5
      vertex -7.9987 99.7122 5
      vertex -10.6116 99.103 5
    endloop
  endfacet
  facet normal -0.683581 0.729874 0
    outer loop
      vertex -27.0332 90.3254 5
      vertex -28.9914 88.4914 7.5
      vertex -27.0332 90.3254 7.5
    endloop
  endfacet
  facet normal -0.683581 0.729874 0
    outer loop
      vertex -28.9914 88.4914 7.5
      vertex -27.0332 90.3254 5
      vertex -28.9914 88.4914 5
    endloop
  endfacet
  facet normal -0.973881 -0.227061 0
    outer loop
      vertex -39.603 48.8884 5
      vertex -40.2122 51.5013 7.5
      vertex -40.2122 51.5013 5
    endloop
  endfacet
  facet normal -0.973881 -0.227061 0
    outer loop
      vertex -40.2122 51.5013 7.5
      vertex -39.603 48.8884 5
      vertex -39.603 48.8884 7.5
    endloop
  endfacet
  facet normal 0.812836 -0.582493 0
    outer loop
      vertex 32.5275 34.5408 7.5
      vertex 34.0903 36.7216 5
      vertex 34.0903 36.7216 7.5
    endloop
  endfacet
  facet normal 0.812836 -0.582493 0
    outer loop
      vertex 34.0903 36.7216 5
      vertex 32.5275 34.5408 7.5
      vertex 32.5275 34.5408 5
    endloop
  endfacet
  facet normal 0.773008 -0.634396 0
    outer loop
      vertex 30.8254 32.4668 7.5
      vertex 32.5275 34.5408 5
      vertex 32.5275 34.5408 7.5
    endloop
  endfacet
  facet normal 0.773008 -0.634396 0
    outer loop
      vertex 32.5275 34.5408 5
      vertex 30.8254 32.4668 7.5
      vertex 30.8254 32.4668 5
    endloop
  endfacet
  facet normal -0.0327994 0.999462 0
    outer loop
      vertex 0 100.5 5
      vertex -2.68153 100.412 7.5
      vertex 0 100.5 7.5
    endloop
  endfacet
  facet normal -0.0327994 0.999462 0
    outer loop
      vertex -2.68153 100.412 7.5
      vertex 0 100.5 5
      vertex -2.68153 100.412 5
    endloop
  endfacet
  facet normal 0.528041 -0.849219 0
    outer loop
      vertex 20.5 23.993 5
      vertex 22.7784 25.4097 7.5
      vertex 20.5 23.993 7.5
    endloop
  endfacet
  facet normal 0.528041 -0.849219 0
    outer loop
      vertex 22.7784 25.4097 7.5
      vertex 20.5 23.993 5
      vertex 22.7784 25.4097 5
    endloop
  endfacet
  facet normal 0.471408 -0.881915 0
    outer loop
      vertex 18.1338 22.7282 5
      vertex 20.5 23.993 7.5
      vertex 18.1338 22.7282 7.5
    endloop
  endfacet
  facet normal 0.471408 -0.881915 0
    outer loop
      vertex 20.5 23.993 7.5
      vertex 18.1338 22.7282 5
      vertex 20.5 23.993 5
    endloop
  endfacet
  facet normal 0.999464 -0.0327253 0
    outer loop
      vertex 40.9122 56.8185 7.5
      vertex 41 59.5 5
      vertex 41 59.5 7.5
    endloop
  endfacet
  facet normal 0.999464 -0.0327253 0
    outer loop
      vertex 41 59.5 5
      vertex 40.9122 56.8185 7.5
      vertex 40.9122 56.8185 5
    endloop
  endfacet
  facet normal 0.16288 -0.986646 0
    outer loop
      vertex 5.35157 18.8508 5
      vertex 7.9987 19.2878 7.5
      vertex 5.35157 18.8508 7.5
    endloop
  endfacet
  facet normal 0.16288 -0.986646 0
    outer loop
      vertex 7.9987 19.2878 7.5
      vertex 5.35157 18.8508 5
      vertex 7.9987 19.2878 5
    endloop
  endfacet
  facet normal -0.986646 -0.162882 0
    outer loop
      vertex -40.2122 51.5013 5
      vertex -40.6492 54.1484 7.5
      vertex -40.6492 54.1484 5
    endloop
  endfacet
  facet normal -0.986646 -0.162882 0
    outer loop
      vertex -40.6492 54.1484 7.5
      vertex -40.2122 51.5013 5
      vertex -40.2122 51.5013 7.5
    endloop
  endfacet
  facet normal 0.986646 -0.162882 0
    outer loop
      vertex 40.2122 51.5013 7.5
      vertex 40.6492 54.1484 5
      vertex 40.6492 54.1484 7.5
    endloop
  endfacet
  facet normal 0.986646 -0.162882 0
    outer loop
      vertex 40.6492 54.1484 5
      vertex 40.2122 51.5013 7.5
      vertex 40.2122 51.5013 5
    endloop
  endfacet
  facet normal 0.935915 -0.352226 0
    outer loop
      vertex 37.8791 43.81 7.5
      vertex 38.8241 46.321 5
      vertex 38.8241 46.321 7.5
    endloop
  endfacet
  facet normal 0.935915 -0.352226 0
    outer loop
      vertex 38.8241 46.321 5
      vertex 37.8791 43.81 7.5
      vertex 37.8791 43.81 5
    endloop
  endfacet
  facet normal 0.582493 0.812836 -0
    outer loop
      vertex 24.9592 92.0275 5
      vertex 22.7784 93.5903 7.5
      vertex 24.9592 92.0275 7.5
    endloop
  endfacet
  facet normal 0.582493 0.812836 0
    outer loop
      vertex 22.7784 93.5903 7.5
      vertex 24.9592 92.0275 5
      vertex 22.7784 93.5903 5
    endloop
  endfacet
  facet normal -0.582493 0.812836 0
    outer loop
      vertex -22.7784 93.5903 5
      vertex -24.9592 92.0275 7.5
      vertex -22.7784 93.5903 7.5
    endloop
  endfacet
  facet normal -0.582493 0.812836 0
    outer loop
      vertex -24.9592 92.0275 7.5
      vertex -22.7784 93.5903 5
      vertex -24.9592 92.0275 5
    endloop
  endfacet
  facet normal -0.098026 0.995184 0
    outer loop
      vertex -2.68153 100.412 5
      vertex -5.35157 100.149 7.5
      vertex -2.68153 100.412 7.5
    endloop
  endfacet
  facet normal -0.098026 0.995184 0
    outer loop
      vertex -5.35157 100.149 7.5
      vertex -2.68153 100.412 5
      vertex -5.35157 100.149 5
    endloop
  endfacet
  facet normal 0.683581 0.729874 -0
    outer loop
      vertex 28.9914 88.4914 5
      vertex 27.0332 90.3254 7.5
      vertex 28.9914 88.4914 7.5
    endloop
  endfacet
  facet normal 0.683581 0.729874 0
    outer loop
      vertex 27.0332 90.3254 7.5
      vertex 28.9914 88.4914 5
      vertex 27.0332 90.3254 5
    endloop
  endfacet
  facet normal 0.032725 -0.999464 0
    outer loop
      vertex 0 18.5 5
      vertex 2.68153 18.5878 7.5
      vertex 0 18.5 7.5
    endloop
  endfacet
  facet normal 0.032725 -0.999464 0
    outer loop
      vertex 2.68153 18.5878 7.5
      vertex 0 18.5 5
      vertex 2.68153 18.5878 5
    endloop
  endfacet
  facet normal 0.0327994 0.999462 -0
    outer loop
      vertex 2.68153 100.412 5
      vertex 0 100.5 7.5
      vertex 2.68153 100.412 7.5
    endloop
  endfacet
  facet normal 0.0327994 0.999462 0
    outer loop
      vertex 0 100.5 7.5
      vertex 2.68153 100.412 5
      vertex 0 100.5 5
    endloop
  endfacet
  facet normal -0.16288 -0.986646 0
    outer loop
      vertex -7.9987 19.2878 5
      vertex -5.35157 18.8508 7.5
      vertex -7.9987 19.2878 7.5
    endloop
  endfacet
  facet normal -0.16288 -0.986646 -0
    outer loop
      vertex -5.35157 18.8508 7.5
      vertex -7.9987 19.2878 5
      vertex -5.35157 18.8508 5
    endloop
  endfacet
  facet normal -0.999464 0.0327253 0
    outer loop
      vertex -41 59.5 5
      vertex -40.9122 62.1815 7.5
      vertex -40.9122 62.1815 5
    endloop
  endfacet
  facet normal -0.999464 0.0327253 0
    outer loop
      vertex -40.9122 62.1815 7.5
      vertex -41 59.5 5
      vertex -41 59.5 7.5
    endloop
  endfacet
  facet normal 0.412716 0.91086 -0
    outer loop
      vertex 18.1338 96.2718 5
      vertex 15.69 97.3791 7.5
      vertex 18.1338 96.2718 7.5
    endloop
  endfacet
  facet normal 0.412716 0.91086 0
    outer loop
      vertex 15.69 97.3791 7.5
      vertex 18.1338 96.2718 5
      vertex 15.69 97.3791 5
    endloop
  endfacet
  facet normal -0.471408 -0.881915 0
    outer loop
      vertex -20.5 23.993 5
      vertex -18.1338 22.7282 7.5
      vertex -20.5 23.993 7.5
    endloop
  endfacet
  facet normal -0.471408 -0.881915 -0
    outer loop
      vertex -18.1338 22.7282 7.5
      vertex -20.5 23.993 5
      vertex -18.1338 22.7282 5
    endloop
  endfacet
  facet normal -0.995184 -0.0980238 0
    outer loop
      vertex -40.6492 54.1484 5
      vertex -40.9122 56.8185 7.5
      vertex -40.9122 56.8185 5
    endloop
  endfacet
  facet normal -0.995184 -0.0980238 0
    outer loop
      vertex -40.9122 56.8185 7.5
      vertex -40.6492 54.1484 5
      vertex -40.6492 54.1484 7.5
    endloop
  endfacet
  facet normal -0.773008 0.634396 0
    outer loop
      vertex -32.5275 84.4592 5
      vertex -30.8254 86.5332 7.5
      vertex -30.8254 86.5332 5
    endloop
  endfacet
  facet normal -0.773008 0.634396 0
    outer loop
      vertex -30.8254 86.5332 7.5
      vertex -32.5275 84.4592 5
      vertex -32.5275 84.4592 7.5
    endloop
  endfacet
  facet normal -0.999464 -0.0327253 0
    outer loop
      vertex -40.9122 56.8185 5
      vertex -41 59.5 7.5
      vertex -41 59.5 5
    endloop
  endfacet
  facet normal -0.999464 -0.0327253 0
    outer loop
      vertex -41 59.5 7.5
      vertex -40.9122 56.8185 5
      vertex -40.9122 56.8185 7.5
    endloop
  endfacet
  facet normal -0.881915 -0.471408 0
    outer loop
      vertex -35.507 39 5
      vertex -36.7718 41.3662 7.5
      vertex -36.7718 41.3662 5
    endloop
  endfacet
  facet normal -0.881915 -0.471408 0
    outer loop
      vertex -36.7718 41.3662 7.5
      vertex -35.507 39 5
      vertex -35.507 39 7.5
    endloop
  endfacet
  facet normal -0.729874 -0.683581 0
    outer loop
      vertex -28.9914 30.5086 5
      vertex -30.8254 32.4668 7.5
      vertex -30.8254 32.4668 5
    endloop
  endfacet
  facet normal -0.729874 -0.683581 0
    outer loop
      vertex -30.8254 32.4668 7.5
      vertex -28.9914 30.5086 5
      vertex -28.9914 30.5086 7.5
    endloop
  endfacet
  facet normal -0.098026 -0.995184 0
    outer loop
      vertex -5.35157 18.8508 5
      vertex -2.68153 18.5878 7.5
      vertex -5.35157 18.8508 7.5
    endloop
  endfacet
  facet normal -0.098026 -0.995184 -0
    outer loop
      vertex -2.68153 18.5878 7.5
      vertex -5.35157 18.8508 5
      vertex -2.68153 18.5878 5
    endloop
  endfacet
  facet normal 0.634396 -0.773008 0
    outer loop
      vertex 24.9592 26.9725 5
      vertex 27.0332 28.6746 7.5
      vertex 24.9592 26.9725 7.5
    endloop
  endfacet
  facet normal 0.634396 -0.773008 0
    outer loop
      vertex 27.0332 28.6746 7.5
      vertex 24.9592 26.9725 5
      vertex 27.0332 28.6746 5
    endloop
  endfacet
  facet normal -0.973881 0.227061 0
    outer loop
      vertex -40.2122 67.4987 5
      vertex -39.603 70.1116 7.5
      vertex -39.603 70.1116 5
    endloop
  endfacet
  facet normal -0.973881 0.227061 0
    outer loop
      vertex -39.603 70.1116 7.5
      vertex -40.2122 67.4987 5
      vertex -40.2122 67.4987 7.5
    endloop
  endfacet
  facet normal -0.290315 -0.956931 0
    outer loop
      vertex -13.179 20.6759 5
      vertex -10.6116 19.897 7.5
      vertex -13.179 20.6759 7.5
    endloop
  endfacet
  facet normal -0.290315 -0.956931 -0
    outer loop
      vertex -10.6116 19.897 7.5
      vertex -13.179 20.6759 5
      vertex -10.6116 19.897 5
    endloop
  endfacet
  facet normal -0.995184 0.0980238 0
    outer loop
      vertex -40.9122 62.1815 5
      vertex -40.6492 64.8516 7.5
      vertex -40.6492 64.8516 5
    endloop
  endfacet
  facet normal -0.995184 0.0980238 0
    outer loop
      vertex -40.6492 64.8516 7.5
      vertex -40.9122 62.1815 5
      vertex -40.9122 62.1815 7.5
    endloop
  endfacet
  facet normal -0.956931 0.290315 0
    outer loop
      vertex -39.603 70.1116 5
      vertex -38.8241 72.679 7.5
      vertex -38.8241 72.679 5
    endloop
  endfacet
  facet normal -0.956931 0.290315 0
    outer loop
      vertex -38.8241 72.679 7.5
      vertex -39.603 70.1116 5
      vertex -39.603 70.1116 7.5
    endloop
  endfacet
  facet normal -0.412716 -0.91086 0
    outer loop
      vertex -18.1338 22.7282 5
      vertex -15.69 21.6209 7.5
      vertex -18.1338 22.7282 7.5
    endloop
  endfacet
  facet normal -0.412716 -0.91086 -0
    outer loop
      vertex -15.69 21.6209 7.5
      vertex -18.1338 22.7282 5
      vertex -15.69 21.6209 5
    endloop
  endfacet
  facet normal 0.956931 -0.290315 0
    outer loop
      vertex 38.8241 46.321 7.5
      vertex 39.603 48.8884 5
      vertex 39.603 48.8884 7.5
    endloop
  endfacet
  facet normal 0.956931 -0.290315 0
    outer loop
      vertex 39.603 48.8884 5
      vertex 38.8241 46.321 7.5
      vertex 38.8241 46.321 5
    endloop
  endfacet
  facet normal 0.290315 0.956931 -0
    outer loop
      vertex 13.179 98.3241 5
      vertex 10.6116 99.103 7.5
      vertex 13.179 98.3241 7.5
    endloop
  endfacet
  facet normal 0.290315 0.956931 0
    outer loop
      vertex 10.6116 99.103 7.5
      vertex 13.179 98.3241 5
      vertex 10.6116 99.103 5
    endloop
  endfacet
  facet normal -0.935915 -0.352226 0
    outer loop
      vertex -37.8791 43.81 5
      vertex -38.8241 46.321 7.5
      vertex -38.8241 46.321 5
    endloop
  endfacet
  facet normal -0.935915 -0.352226 0
    outer loop
      vertex -38.8241 46.321 7.5
      vertex -37.8791 43.81 5
      vertex -37.8791 43.81 7.5
    endloop
  endfacet
  facet normal -0.849219 -0.528041 0
    outer loop
      vertex -34.0903 36.7216 5
      vertex -35.507 39 7.5
      vertex -35.507 39 5
    endloop
  endfacet
  facet normal -0.849219 -0.528041 0
    outer loop
      vertex -35.507 39 7.5
      vertex -34.0903 36.7216 5
      vertex -34.0903 36.7216 7.5
    endloop
  endfacet
  facet normal -0.956931 -0.290315 0
    outer loop
      vertex -38.8241 46.321 5
      vertex -39.603 48.8884 7.5
      vertex -39.603 48.8884 5
    endloop
  endfacet
  facet normal -0.956931 -0.290315 0
    outer loop
      vertex -39.603 48.8884 7.5
      vertex -38.8241 46.321 5
      vertex -38.8241 46.321 7.5
    endloop
  endfacet
  facet normal -0.227061 -0.973881 0
    outer loop
      vertex -10.6116 19.897 5
      vertex -7.9987 19.2878 7.5
      vertex -10.6116 19.897 7.5
    endloop
  endfacet
  facet normal -0.227061 -0.973881 -0
    outer loop
      vertex -7.9987 19.2878 7.5
      vertex -10.6116 19.897 5
      vertex -7.9987 19.2878 5
    endloop
  endfacet
  facet normal 0.683581 -0.729874 0
    outer loop
      vertex 27.0332 28.6746 5
      vertex 28.9914 30.5086 7.5
      vertex 27.0332 28.6746 7.5
    endloop
  endfacet
  facet normal 0.683581 -0.729874 0
    outer loop
      vertex 28.9914 30.5086 7.5
      vertex 27.0332 28.6746 5
      vertex 28.9914 30.5086 5
    endloop
  endfacet
  facet normal -0.91086 0.412716 0
    outer loop
      vertex -37.8791 75.19 5
      vertex -36.7718 77.6338 7.5
      vertex -36.7718 77.6338 5
    endloop
  endfacet
  facet normal -0.91086 0.412716 0
    outer loop
      vertex -36.7718 77.6338 7.5
      vertex -37.8791 75.19 5
      vertex -37.8791 75.19 7.5
    endloop
  endfacet
  facet normal 1 -0 0
    outer loop
      vertex 33 101 6
      vertex 33 127 0
      vertex 33 127 6
    endloop
  endfacet
  facet normal 1 0 0
    outer loop
      vertex 33 127 0
      vertex 33 101 6
      vertex 33 101 0
    endloop
  endfacet
  facet normal 0 0 1
    outer loop
      vertex 33 127 6
      vertex 30 124 6
      vertex 33 101 6
    endloop
  endfacet
  facet normal 0 0 1
    outer loop
      vertex 33 127 6
      vertex -30 124 6
      vertex 30 124 6
    endloop
  endfacet
  facet normal 0 0 1
    outer loop
      vertex -30 124 6
      vertex -33 127 6
      vertex -30 104 6
    endloop
  endfacet
  facet normal -0 0 1
    outer loop
      vertex -33 127 6
      vertex -30 124 6
      vertex 33 127 6
    endloop
  endfacet
  facet normal -0 0 1
    outer loop
      vertex 30 104 6
      vertex 33 101 6
      vertex 30 124 6
    endloop
  endfacet
  facet normal 0 0 1
    outer loop
      vertex 30 104 6
      vertex 18.5962 101 6
      vertex 33 101 6
    endloop
  endfacet
  facet normal 0 0 1
    outer loop
      vertex 30 104 6
      vertex 17.4121 101.537 6
      vertex 18.5962 101 6
    endloop
  endfacet
  facet normal 0 0 1
    outer loop
      vertex 30 104 6
      vertex 14.6255 102.585 6
      vertex 17.4121 101.537 6
    endloop
  endfacet
  facet normal 0 0 1
    outer loop
      vertex 30 104 6
      vertex 11.7763 103.45 6
      vertex 14.6255 102.585 6
    endloop
  endfacet
  facet normal 0 -0 1
    outer loop
      vertex 11.7763 103.45 6
      vertex 30 104 6
      vertex 9.41583 104 6
    endloop
  endfacet
  facet normal -0 0 1
    outer loop
      vertex -30 104 6
      vertex -11.7763 103.45 6
      vertex -9.41583 104 6
    endloop
  endfacet
  facet normal 0 0 1
    outer loop
      vertex -30 104 6
      vertex -14.6255 102.585 6
      vertex -11.7763 103.45 6
    endloop
  endfacet
  facet normal 0 0 1
    outer loop
      vertex -30 104 6
      vertex -17.4121 101.537 6
      vertex -14.6255 102.585 6
    endloop
  endfacet
  facet normal 0 0 1
    outer loop
      vertex -30 104 6
      vertex -18.5962 101 6
      vertex -17.4121 101.537 6
    endloop
  endfacet
  facet normal 0 0 1
    outer loop
      vertex -30 104 6
      vertex -33 101 6
      vertex -18.5962 101 6
    endloop
  endfacet
  facet normal 0 0 1
    outer loop
      vertex -33 101 6
      vertex -30 104 6
      vertex -33 127 6
    endloop
  endfacet
  facet normal 0 0 1
    outer loop
      vertex 11.388 102.001 6
      vertex 14.5815 101 6
      vertex 14.1433 101.165 6
    endloop
  endfacet
  facet normal 0 0 1
    outer loop
      vertex 8.58397 102.655 6
      vertex 14.5815 101 6
      vertex 11.388 102.001 6
    endloop
  endfacet
  facet normal 0 0 1
    outer loop
      vertex 5.74315 103.124 6
      vertex 14.5815 101 6
      vertex 8.58397 102.655 6
    endloop
  endfacet
  facet normal 0 0 1
    outer loop
      vertex 2.87774 103.406 6
      vertex 14.5815 101 6
      vertex 5.74315 103.124 6
    endloop
  endfacet
  facet normal 0 0 1
    outer loop
      vertex 0 103.5 6
      vertex 14.5815 101 6
      vertex 2.87774 103.406 6
    endloop
  endfacet
  facet normal -0 0 1
    outer loop
      vertex -2.87774 103.406 6
      vertex 14.5815 101 6
      vertex 0 103.5 6
    endloop
  endfacet
  facet normal -0 0 1
    outer loop
      vertex -5.74315 103.124 6
      vertex 14.5815 101 6
      vertex -2.87774 103.406 6
    endloop
  endfacet
  facet normal -0 0 1
    outer loop
      vertex -8.58397 102.655 6
      vertex 14.5815 101 6
      vertex -5.74315 103.124 6
    endloop
  endfacet
  facet normal -0 0 1
    outer loop
      vertex -11.388 102.001 6
      vertex 14.5815 101 6
      vertex -8.58397 102.655 6
    endloop
  endfacet
  facet normal 0 0 1
    outer loop
      vertex -14.5815 101 6
      vertex -11.388 102.001 6
      vertex -14.1433 101.165 6
    endloop
  endfacet
  facet normal 0 0 1
    outer loop
      vertex -11.388 102.001 6
      vertex -14.5815 101 6
      vertex 14.5815 101 6
    endloop
  endfacet
  facet normal -1 0 0
    outer loop
      vertex -33 101 0
      vertex -33 127 6
      vertex -33 127 0
    endloop
  endfacet
  facet normal -1 -0 0
    outer loop
      vertex -33 127 6
      vertex -33 101 0
      vertex -33 101 6
    endloop
  endfacet
  facet normal 0 1 -0
    outer loop
      vertex 33 127 0
      vertex -33 127 6
      vertex 33 127 6
    endloop
  endfacet
  facet normal 0 1 0
    outer loop
      vertex -33 127 6
      vertex 33 127 0
      vertex -33 127 0
    endloop
  endfacet
  facet normal 0 -1 0
    outer loop
      vertex -33 101 0
      vertex -18.5962 101 6
      vertex -33 101 6
    endloop
  endfacet
  facet normal 0 -1 -0
    outer loop
      vertex -18.5962 101 6
      vertex -33 101 0
      vertex -18.5962 101 0
    endloop
  endfacet
  facet normal 0 -1 0
    outer loop
      vertex 18.5962 101 0
      vertex 33 101 6
      vertex 18.5962 101 6
    endloop
  endfacet
  facet normal 0 -1 -0
    outer loop
      vertex 33 101 6
      vertex 18.5962 101 0
      vertex 33 101 0
    endloop
  endfacet
  facet normal 0 -1 0
    outer loop
      vertex -14.5815 101 5
      vertex 14.5815 101 6
      vertex -14.5815 101 6
    endloop
  endfacet
  facet normal 0 -1 -0
    outer loop
      vertex 14.5815 101 6
      vertex -14.5815 101 5
      vertex 14.5815 101 5
    endloop
  endfacet
  facet normal 1 -0 0
    outer loop
      vertex 3 -14 9
      vertex 3 8 5
      vertex 3 8 9
    endloop
  endfacet
  facet normal 1 0 0
    outer loop
      vertex 3 8 5
      vertex 3 -14 9
      vertex 3 -14 5
    endloop
  endfacet
  facet normal -1 0 0
    outer loop
      vertex -3 -14 5
      vertex -3 8 9
      vertex -3 8 5
    endloop
  endfacet
  facet normal -1 -0 0
    outer loop
      vertex -3 8 9
      vertex -3 -14 5
      vertex -3 -14 9
    endloop
  endfacet
  facet normal 1 0 0
    outer loop
      vertex 7 14.5644 9
      vertex 7 10.6172 5.05
      vertex 7 14.5644 5
    endloop
  endfacet
  facet normal 1 -0 0
    outer loop
      vertex 7 8 9
      vertex 7 10.6172 5.05
      vertex 7 14.5644 9
    endloop
  endfacet
  facet normal 1 0 0
    outer loop
      vertex 7 10.6172 5.05
      vertex 7 8 9
      vertex 7 8 5.05
    endloop
  endfacet
  facet normal 1 0 0
    outer loop
      vertex 7 14.5644 5
      vertex 7 10.6172 5.05
      vertex 7 10.6172 5
    endloop
  endfacet
  facet normal -1 0 0
    outer loop
      vertex -7 10.6172 5.05
      vertex -7 14.5644 5
      vertex -7 10.6172 5
    endloop
  endfacet
  facet normal -1 0 0
    outer loop
      vertex -7 14.5644 5
      vertex -7 10.6172 5.05
      vertex -7 14.5644 9
    endloop
  endfacet
  facet normal -1 0 0
    outer loop
      vertex -7 8 9
      vertex -7 10.6172 5.05
      vertex -7 8 5.05
    endloop
  endfacet
  facet normal -1 0 0
    outer loop
      vertex -7 10.6172 5.05
      vertex -7 8 9
      vertex -7 14.5644 9
    endloop
  endfacet
  facet normal 0 1 -0
    outer loop
      vertex 6.49162 16 5
      vertex -6.49162 16 9
      vertex 6.49162 16 9
    endloop
  endfacet
  facet normal 0 1 0
    outer loop
      vertex -6.49162 16 9
      vertex 6.49162 16 5
      vertex -6.49162 16 5
    endloop
  endfacet
  facet normal 0 -1 0
    outer loop
      vertex -6.14286 8 5.05
      vertex -7 8 9
      vertex -7 8 5.05
    endloop
  endfacet
  facet normal 0 -1 0
    outer loop
      vertex -7 8 9
      vertex -6.14286 8 5.05
      vertex -3 8 9
    endloop
  endfacet
  facet normal 0 -1 0
    outer loop
      vertex -3 8 5
      vertex -6.14286 8 5.05
      vertex -6.14286 8 5
    endloop
  endfacet
  facet normal 0 -1 0
    outer loop
      vertex -6.14286 8 5.05
      vertex -3 8 5
      vertex -3 8 9
    endloop
  endfacet
  facet normal 0 -1 0
    outer loop
      vertex 3 8 9
      vertex 6.14286 8 5.05
      vertex 7 8 9
    endloop
  endfacet
  facet normal 0 -1 0
    outer loop
      vertex 3 8 5
      vertex 6.14286 8 5.05
      vertex 3 8 9
    endloop
  endfacet
  facet normal 0 -1 -0
    outer loop
      vertex 6.14286 8 5.05
      vertex 3 8 5
      vertex 6.14286 8 5
    endloop
  endfacet
  facet normal 0 -1 -0
    outer loop
      vertex 7 8 9
      vertex 6.14286 8 5.05
      vertex 7 8 5.05
    endloop
  endfacet
  facet normal -0.923881 -0.38268 0
    outer loop
      vertex -5.85793 -8.56001 0
      vertex -6.02776 -8.15 5
      vertex -6.02776 -8.15 0
    endloop
  endfacet
  facet normal -0.923881 -0.38268 0
    outer loop
      vertex -6.02776 -8.15 5
      vertex -5.85793 -8.56001 0
      vertex -5.85793 -8.56001 5
    endloop
  endfacet
  facet normal -0.991444 -0.130536 0
    outer loop
      vertex -5.8 -9 0
      vertex -5.85793 -8.56001 5
      vertex -5.85793 -8.56001 0
    endloop
  endfacet
  facet normal -0.991444 -0.130536 0
    outer loop
      vertex -5.85793 -8.56001 5
      vertex -5.8 -9 0
      vertex -5.8 -9 5
    endloop
  endfacet
  facet normal -0.793354 -0.608761 0
    outer loop
      vertex -6.02776 -8.15 0
      vertex -6.29792 -7.79792 5
      vertex -6.29792 -7.79792 0
    endloop
  endfacet
  facet normal -0.793354 -0.608761 0
    outer loop
      vertex -6.29792 -7.79792 5
      vertex -6.02776 -8.15 0
      vertex -6.02776 -8.15 5
    endloop
  endfacet
  facet normal -0.793371 0.608739 0
    outer loop
      vertex -6.29792 -10.2021 0
      vertex -6.02776 -9.85 5
      vertex -6.02776 -9.85 0
    endloop
  endfacet
  facet normal -0.793371 0.608739 0
    outer loop
      vertex -6.02776 -9.85 5
      vertex -6.29792 -10.2021 0
      vertex -6.29792 -10.2021 5
    endloop
  endfacet
  facet normal 0.923881 -0.38268 0
    outer loop
      vertex -9.14207 -8.56001 5
      vertex -8.97224 -8.15 0
      vertex -8.97224 -8.15 5
    endloop
  endfacet
  facet normal 0.923881 -0.38268 0
    outer loop
      vertex -8.97224 -8.15 0
      vertex -9.14207 -8.56001 5
      vertex -9.14207 -8.56001 0
    endloop
  endfacet
  facet normal 0.991444 -0.130536 0
    outer loop
      vertex -9.2 -9 5
      vertex -9.14207 -8.56001 0
      vertex -9.14207 -8.56001 5
    endloop
  endfacet
  facet normal 0.991444 -0.130536 0
    outer loop
      vertex -9.14207 -8.56001 0
      vertex -9.2 -9 5
      vertex -9.2 -9 0
    endloop
  endfacet
  facet normal -0.608761 -0.793354 0
    outer loop
      vertex -6.65 -7.52776 0
      vertex -6.29792 -7.79792 5
      vertex -6.65 -7.52776 5
    endloop
  endfacet
  facet normal -0.608761 -0.793354 -0
    outer loop
      vertex -6.29792 -7.79792 5
      vertex -6.65 -7.52776 0
      vertex -6.29792 -7.79792 0
    endloop
  endfacet
  facet normal 0.991444 0.130536 0
    outer loop
      vertex -9.14207 -9.43999 5
      vertex -9.2 -9 0
      vertex -9.2 -9 5
    endloop
  endfacet
  facet normal 0.991444 0.130536 0
    outer loop
      vertex -9.2 -9 0
      vertex -9.14207 -9.43999 5
      vertex -9.14207 -9.43999 0
    endloop
  endfacet
  facet normal 0.38268 -0.923881 0
    outer loop
      vertex -8.35 -7.52776 0
      vertex -7.93999 -7.35793 5
      vertex -8.35 -7.52776 5
    endloop
  endfacet
  facet normal 0.38268 -0.923881 0
    outer loop
      vertex -7.93999 -7.35793 5
      vertex -8.35 -7.52776 0
      vertex -7.93999 -7.35793 0
    endloop
  endfacet
  facet normal 0.130469 0.991452 -0
    outer loop
      vertex -7.5 -10.7 0
      vertex -7.93999 -10.6421 5
      vertex -7.5 -10.7 5
    endloop
  endfacet
  facet normal 0.130469 0.991452 0
    outer loop
      vertex -7.93999 -10.6421 5
      vertex -7.5 -10.7 0
      vertex -7.93999 -10.6421 0
    endloop
  endfacet
  facet normal -0.923881 0.38268 0
    outer loop
      vertex -6.02776 -9.85 0
      vertex -5.85793 -9.43999 5
      vertex -5.85793 -9.43999 0
    endloop
  endfacet
  facet normal -0.923881 0.38268 0
    outer loop
      vertex -5.85793 -9.43999 5
      vertex -6.02776 -9.85 0
      vertex -6.02776 -9.85 5
    endloop
  endfacet
  facet normal -0.38268 -0.923881 0
    outer loop
      vertex -7.06001 -7.35793 0
      vertex -6.65 -7.52776 5
      vertex -7.06001 -7.35793 5
    endloop
  endfacet
  facet normal -0.38268 -0.923881 -0
    outer loop
      vertex -6.65 -7.52776 5
      vertex -7.06001 -7.35793 0
      vertex -6.65 -7.52776 0
    endloop
  endfacet
  facet normal 0.130536 -0.991444 0
    outer loop
      vertex -7.93999 -7.35793 0
      vertex -7.5 -7.3 5
      vertex -7.93999 -7.35793 5
    endloop
  endfacet
  facet normal 0.130536 -0.991444 0
    outer loop
      vertex -7.5 -7.3 5
      vertex -7.93999 -7.35793 0
      vertex -7.5 -7.3 0
    endloop
  endfacet
  facet normal -0.991444 0.130536 0
    outer loop
      vertex -5.85793 -9.43999 0
      vertex -5.8 -9 5
      vertex -5.8 -9 0
    endloop
  endfacet
  facet normal -0.991444 0.130536 0
    outer loop
      vertex -5.8 -9 5
      vertex -5.85793 -9.43999 0
      vertex -5.85793 -9.43999 5
    endloop
  endfacet
  facet normal 0.382815 0.923825 -0
    outer loop
      vertex -7.93999 -10.6421 0
      vertex -8.35 -10.4722 5
      vertex -7.93999 -10.6421 5
    endloop
  endfacet
  facet normal 0.382815 0.923825 0
    outer loop
      vertex -8.35 -10.4722 5
      vertex -7.93999 -10.6421 0
      vertex -8.35 -10.4722 0
    endloop
  endfacet
  facet normal -0.130536 -0.991444 0
    outer loop
      vertex -7.5 -7.3 0
      vertex -7.06001 -7.35793 5
      vertex -7.5 -7.3 5
    endloop
  endfacet
  facet normal -0.130536 -0.991444 -0
    outer loop
      vertex -7.06001 -7.35793 5
      vertex -7.5 -7.3 0
      vertex -7.06001 -7.35793 0
    endloop
  endfacet
  facet normal -0.382815 0.923825 0
    outer loop
      vertex -6.65 -10.4722 0
      vertex -7.06001 -10.6421 5
      vertex -6.65 -10.4722 5
    endloop
  endfacet
  facet normal -0.382815 0.923825 0
    outer loop
      vertex -7.06001 -10.6421 5
      vertex -6.65 -10.4722 0
      vertex -7.06001 -10.6421 0
    endloop
  endfacet
  facet normal 0.793371 0.608739 0
    outer loop
      vertex -8.70208 -10.2021 5
      vertex -8.97224 -9.85 0
      vertex -8.97224 -9.85 5
    endloop
  endfacet
  facet normal 0.793371 0.608739 0
    outer loop
      vertex -8.97224 -9.85 0
      vertex -8.70208 -10.2021 5
      vertex -8.70208 -10.2021 0
    endloop
  endfacet
  facet normal -0.608676 0.793419 0
    outer loop
      vertex -6.29792 -10.2021 0
      vertex -6.65 -10.4722 5
      vertex -6.29792 -10.2021 5
    endloop
  endfacet
  facet normal -0.608676 0.793419 0
    outer loop
      vertex -6.65 -10.4722 5
      vertex -6.29792 -10.2021 0
      vertex -6.65 -10.4722 0
    endloop
  endfacet
  facet normal -0.130469 0.991452 0
    outer loop
      vertex -7.06001 -10.6421 0
      vertex -7.5 -10.7 5
      vertex -7.06001 -10.6421 5
    endloop
  endfacet
  facet normal -0.130469 0.991452 0
    outer loop
      vertex -7.5 -10.7 5
      vertex -7.06001 -10.6421 0
      vertex -7.5 -10.7 0
    endloop
  endfacet
  facet normal 0.608761 -0.793354 0
    outer loop
      vertex -8.70208 -7.79792 0
      vertex -8.35 -7.52776 5
      vertex -8.70208 -7.79792 5
    endloop
  endfacet
  facet normal 0.608761 -0.793354 0
    outer loop
      vertex -8.35 -7.52776 5
      vertex -8.70208 -7.79792 0
      vertex -8.35 -7.52776 0
    endloop
  endfacet
  facet normal 0.793354 -0.608761 0
    outer loop
      vertex -8.97224 -8.15 5
      vertex -8.70208 -7.79792 0
      vertex -8.70208 -7.79792 5
    endloop
  endfacet
  facet normal 0.793354 -0.608761 0
    outer loop
      vertex -8.70208 -7.79792 0
      vertex -8.97224 -8.15 5
      vertex -8.97224 -8.15 0
    endloop
  endfacet
  facet normal 0.923881 0.38268 0
    outer loop
      vertex -8.97224 -9.85 5
      vertex -9.14207 -9.43999 0
      vertex -9.14207 -9.43999 5
    endloop
  endfacet
  facet normal 0.923881 0.38268 0
    outer loop
      vertex -9.14207 -9.43999 0
      vertex -8.97224 -9.85 5
      vertex -8.97224 -9.85 0
    endloop
  endfacet
  facet normal 0.608676 0.793419 -0
    outer loop
      vertex -8.35 -10.4722 0
      vertex -8.70208 -10.2021 5
      vertex -8.35 -10.4722 5
    endloop
  endfacet
  facet normal 0.608676 0.793419 0
    outer loop
      vertex -8.70208 -10.2021 5
      vertex -8.35 -10.4722 0
      vertex -8.70208 -10.2021 0
    endloop
  endfacet
  facet normal 0.923881 0.38268 0
    outer loop
      vertex -8.97224 8.15 5
      vertex -9.14207 8.56001 0
      vertex -9.14207 8.56001 5
    endloop
  endfacet
  facet normal 0.923881 0.38268 0
    outer loop
      vertex -9.14207 8.56001 0
      vertex -8.97224 8.15 5
      vertex -8.97224 8.15 0
    endloop
  endfacet
  facet normal -0.923881 -0.38268 0
    outer loop
      vertex -5.85793 9.43999 0
      vertex -6.02776 9.85 5.05
      vertex -6.02776 9.85 0
    endloop
  endfacet
  facet normal -0.923881 -0.38268 0
    outer loop
      vertex -6.02776 9.85 5.05
      vertex -5.85793 9.43999 0
      vertex -5.85793 9.43999 5.05
    endloop
  endfacet
  facet normal -0.608761 0.793354 0
    outer loop
      vertex -6.29792 7.79792 0
      vertex -6.65 7.52776 5
      vertex -6.29792 7.79792 5
    endloop
  endfacet
  facet normal -0.608761 0.793354 0
    outer loop
      vertex -6.65 7.52776 5
      vertex -6.29792 7.79792 0
      vertex -6.65 7.52776 0
    endloop
  endfacet
  facet normal -0.793351 0.608765 0
    outer loop
      vertex -6.02776 8.15 0
      vertex -6.14286 8 5
      vertex -6.02776 8.15 5.05
    endloop
  endfacet
  facet normal -0.793354 0.608761 -1.83872e-07
    outer loop
      vertex -6.29792 7.79792 0
      vertex -6.14286 8 5
      vertex -6.02776 8.15 0
    endloop
  endfacet
  facet normal -0.793356 0.608758 0
    outer loop
      vertex -6.14286 8 5
      vertex -6.29792 7.79792 0
      vertex -6.29792 7.79792 5
    endloop
  endfacet
  facet normal -0.793351 0.608765 0
    outer loop
      vertex -6.02776 8.15 5.05
      vertex -6.14286 8 5
      vertex -6.14286 8 5.05
    endloop
  endfacet
  facet normal -0.991444 0.130536 0
    outer loop
      vertex -5.85793 8.56001 0
      vertex -5.8 9 5.05
      vertex -5.8 9 0
    endloop
  endfacet
  facet normal -0.991444 0.130536 0
    outer loop
      vertex -5.8 9 5.05
      vertex -5.85793 8.56001 0
      vertex -5.85793 8.56001 5.05
    endloop
  endfacet
  facet normal -0.38268 0.923881 0
    outer loop
      vertex -6.65 7.52776 0
      vertex -7.06001 7.35793 5
      vertex -6.65 7.52776 5
    endloop
  endfacet
  facet normal -0.38268 0.923881 0
    outer loop
      vertex -7.06001 7.35793 5
      vertex -6.65 7.52776 0
      vertex -7.06001 7.35793 0
    endloop
  endfacet
  facet normal 0.991444 -0.130536 0
    outer loop
      vertex -9.2 9 5
      vertex -9.14207 9.43999 0
      vertex -9.14207 9.43999 5
    endloop
  endfacet
  facet normal 0.991444 -0.130536 0
    outer loop
      vertex -9.14207 9.43999 0
      vertex -9.2 9 5
      vertex -9.2 9 0
    endloop
  endfacet
  facet normal -0.608676 -0.793419 0
    outer loop
      vertex -6.65 10.4722 0
      vertex -6.29792 10.2021 5.05
      vertex -6.65 10.4722 5.05
    endloop
  endfacet
  facet normal -0.608676 -0.793419 -0
    outer loop
      vertex -6.29792 10.2021 5.05
      vertex -6.65 10.4722 0
      vertex -6.29792 10.2021 0
    endloop
  endfacet
  facet normal -0.991444 -0.130536 0
    outer loop
      vertex -5.8 9 0
      vertex -5.85793 9.43999 5.05
      vertex -5.85793 9.43999 0
    endloop
  endfacet
  facet normal -0.991444 -0.130536 0
    outer loop
      vertex -5.85793 9.43999 5.05
      vertex -5.8 9 0
      vertex -5.8 9 5.05
    endloop
  endfacet
  facet normal 0.382815 -0.923825 0
    outer loop
      vertex -8.35 10.4722 0
      vertex -7.93999 10.6421 5
      vertex -8.35 10.4722 5
    endloop
  endfacet
  facet normal 0.382815 -0.923825 0
    outer loop
      vertex -7.93999 10.6421 5
      vertex -8.35 10.4722 0
      vertex -7.93999 10.6421 0
    endloop
  endfacet
  facet normal 0.923881 -0.38268 0
    outer loop
      vertex -9.14207 9.43999 5
      vertex -8.97224 9.85 0
      vertex -8.97224 9.85 5
    endloop
  endfacet
  facet normal 0.923881 -0.38268 0
    outer loop
      vertex -8.97224 9.85 0
      vertex -9.14207 9.43999 5
      vertex -9.14207 9.43999 0
    endloop
  endfacet
  facet normal 0.991444 0.130536 0
    outer loop
      vertex -9.14207 8.56001 5
      vertex -9.2 9 0
      vertex -9.2 9 5
    endloop
  endfacet
  facet normal 0.991444 0.130536 0
    outer loop
      vertex -9.2 9 0
      vertex -9.14207 8.56001 5
      vertex -9.14207 8.56001 0
    endloop
  endfacet
  facet normal -0.793371 -0.608739 0
    outer loop
      vertex -6.02776 9.85 0
      vertex -6.29792 10.2021 5.05
      vertex -6.29792 10.2021 0
    endloop
  endfacet
  facet normal -0.793371 -0.608739 0
    outer loop
      vertex -6.29792 10.2021 5.05
      vertex -6.02776 9.85 0
      vertex -6.02776 9.85 5.05
    endloop
  endfacet
  facet normal 0 0 -1
    outer loop
      vertex -7 8 5.05
      vertex -5.8 9 5.05
      vertex -5.85793 8.56001 5.05
    endloop
  endfacet
  facet normal 0 0 -1
    outer loop
      vertex -7 8 5.05
      vertex -5.85793 8.56001 5.05
      vertex -6.02776 8.15 5.05
    endloop
  endfacet
  facet normal -0 0 -1
    outer loop
      vertex -5.8 9 5.05
      vertex -7 8 5.05
      vertex -5.85793 9.43999 5.05
    endloop
  endfacet
  facet normal 0 0 -1
    outer loop
      vertex -7 8 5.05
      vertex -6.02776 8.15 5.05
      vertex -6.14286 8 5.05
    endloop
  endfacet
  facet normal -0 0 -1
    outer loop
      vertex -5.85793 9.43999 5.05
      vertex -7 8 5.05
      vertex -6.02776 9.85 5.05
    endloop
  endfacet
  facet normal -0 0 -1
    outer loop
      vertex -6.02776 9.85 5.05
      vertex -7 8 5.05
      vertex -6.29792 10.2021 5.05
    endloop
  endfacet
  facet normal -0 0 -1
    outer loop
      vertex -6.29792 10.2021 5.05
      vertex -7 8 5.05
      vertex -6.65 10.4722 5.05
    endloop
  endfacet
  facet normal -0 0 -1
    outer loop
      vertex -6.65 10.4722 5.05
      vertex -7 8 5.05
      vertex -7 10.6172 5.05
    endloop
  endfacet
  facet normal -0.130469 -0.991452 0
    outer loop
      vertex -7.5 10.7 0
      vertex -7.06001 10.6421 5
      vertex -7.5 10.7 5
    endloop
  endfacet
  facet normal -0.130469 -0.991452 -0
    outer loop
      vertex -7.06001 10.6421 5
      vertex -7.5 10.7 0
      vertex -7.06001 10.6421 0
    endloop
  endfacet
  facet normal 0.38268 0.923881 -0
    outer loop
      vertex -7.93999 7.35793 0
      vertex -8.35 7.52776 5
      vertex -7.93999 7.35793 5
    endloop
  endfacet
  facet normal 0.38268 0.923881 0
    outer loop
      vertex -8.35 7.52776 5
      vertex -7.93999 7.35793 0
      vertex -8.35 7.52776 0
    endloop
  endfacet
  facet normal -0.383249 -0.923645 -0
    outer loop
      vertex -7.06001 10.6421 5
      vertex -7.06001 10.6421 0
      vertex -7 10.6172 5
    endloop
  endfacet
  facet normal -0.38274 -0.923856 0
    outer loop
      vertex -7 10.6172 5
      vertex -6.65 10.4722 5.05
      vertex -7 10.6172 5.05
    endloop
  endfacet
  facet normal -0.382815 -0.923825 -6.10611e-06
    outer loop
      vertex -6.65 10.4722 0
      vertex -7 10.6172 5
      vertex -7.06001 10.6421 0
    endloop
  endfacet
  facet normal -0.38274 -0.923856 0
    outer loop
      vertex -7 10.6172 5
      vertex -6.65 10.4722 0
      vertex -6.65 10.4722 5.05
    endloop
  endfacet
  facet normal 0.793371 -0.608739 0
    outer loop
      vertex -8.97224 9.85 5
      vertex -8.70208 10.2021 0
      vertex -8.70208 10.2021 5
    endloop
  endfacet
  facet normal 0.793371 -0.608739 0
    outer loop
      vertex -8.70208 10.2021 0
      vertex -8.97224 9.85 5
      vertex -8.97224 9.85 0
    endloop
  endfacet
  facet normal -0.923881 0.38268 0
    outer loop
      vertex -6.02776 8.15 0
      vertex -5.85793 8.56001 5.05
      vertex -5.85793 8.56001 0
    endloop
  endfacet
  facet normal -0.923881 0.38268 0
    outer loop
      vertex -5.85793 8.56001 5.05
      vertex -6.02776 8.15 0
      vertex -6.02776 8.15 5.05
    endloop
  endfacet
  facet normal 0.130469 -0.991452 0
    outer loop
      vertex -7.93999 10.6421 0
      vertex -7.5 10.7 5
      vertex -7.93999 10.6421 5
    endloop
  endfacet
  facet normal 0.130469 -0.991452 0
    outer loop
      vertex -7.5 10.7 5
      vertex -7.93999 10.6421 0
      vertex -7.5 10.7 0
    endloop
  endfacet
  facet normal 0.608761 0.793354 -0
    outer loop
      vertex -8.35 7.52776 0
      vertex -8.70208 7.79792 5
      vertex -8.35 7.52776 5
    endloop
  endfacet
  facet normal 0.608761 0.793354 0
    outer loop
      vertex -8.70208 7.79792 5
      vertex -8.35 7.52776 0
      vertex -8.70208 7.79792 0
    endloop
  endfacet
  facet normal 0.793354 0.608761 0
    outer loop
      vertex -8.70208 7.79792 5
      vertex -8.97224 8.15 0
      vertex -8.97224 8.15 5
    endloop
  endfacet
  facet normal 0.793354 0.608761 0
    outer loop
      vertex -8.97224 8.15 0
      vertex -8.70208 7.79792 5
      vertex -8.70208 7.79792 0
    endloop
  endfacet
  facet normal -0.130536 0.991444 0
    outer loop
      vertex -7.06001 7.35793 0
      vertex -7.5 7.3 5
      vertex -7.06001 7.35793 5
    endloop
  endfacet
  facet normal -0.130536 0.991444 0
    outer loop
      vertex -7.5 7.3 5
      vertex -7.06001 7.35793 0
      vertex -7.5 7.3 0
    endloop
  endfacet
  facet normal 0.608676 -0.793419 0
    outer loop
      vertex -8.70208 10.2021 0
      vertex -8.35 10.4722 5
      vertex -8.70208 10.2021 5
    endloop
  endfacet
  facet normal 0.608676 -0.793419 0
    outer loop
      vertex -8.35 10.4722 5
      vertex -8.70208 10.2021 0
      vertex -8.35 10.4722 0
    endloop
  endfacet
  facet normal 0.130536 0.991444 -0
    outer loop
      vertex -7.5 7.3 0
      vertex -7.93999 7.35793 5
      vertex -7.5 7.3 5
    endloop
  endfacet
  facet normal 0.130536 0.991444 0
    outer loop
      vertex -7.93999 7.35793 5
      vertex -7.5 7.3 0
      vertex -7.93999 7.35793 0
    endloop
  endfacet
  facet normal -0.793354 -0.608761 0
    outer loop
      vertex 8.97224 -8.15 0
      vertex 8.70208 -7.79792 5
      vertex 8.70208 -7.79792 0
    endloop
  endfacet
  facet normal -0.793354 -0.608761 0
    outer loop
      vertex 8.70208 -7.79792 5
      vertex 8.97224 -8.15 0
      vertex 8.97224 -8.15 5
    endloop
  endfacet
  facet normal -0.923881 -0.38268 0
    outer loop
      vertex 9.14207 -8.56001 0
      vertex 8.97224 -8.15 5
      vertex 8.97224 -8.15 0
    endloop
  endfacet
  facet normal -0.923881 -0.38268 0
    outer loop
      vertex 8.97224 -8.15 5
      vertex 9.14207 -8.56001 0
      vertex 9.14207 -8.56001 5
    endloop
  endfacet
  facet normal -0.382815 0.923825 0
    outer loop
      vertex 8.35 -10.4722 0
      vertex 7.93999 -10.6421 5
      vertex 8.35 -10.4722 5
    endloop
  endfacet
  facet normal -0.382815 0.923825 0
    outer loop
      vertex 7.93999 -10.6421 5
      vertex 8.35 -10.4722 0
      vertex 7.93999 -10.6421 0
    endloop
  endfacet
  facet normal 0.923881 0.38268 0
    outer loop
      vertex 6.02776 -9.85 5
      vertex 5.85793 -9.43999 0
      vertex 5.85793 -9.43999 5
    endloop
  endfacet
  facet normal 0.923881 0.38268 0
    outer loop
      vertex 5.85793 -9.43999 0
      vertex 6.02776 -9.85 5
      vertex 6.02776 -9.85 0
    endloop
  endfacet
  facet normal -0.991444 0.130536 0
    outer loop
      vertex 9.14207 -9.43999 0
      vertex 9.2 -9 5
      vertex 9.2 -9 0
    endloop
  endfacet
  facet normal -0.991444 0.130536 0
    outer loop
      vertex 9.2 -9 5
      vertex 9.14207 -9.43999 0
      vertex 9.14207 -9.43999 5
    endloop
  endfacet
  facet normal 0.130469 0.991452 -0
    outer loop
      vertex 7.5 -10.7 0
      vertex 7.06001 -10.6421 5
      vertex 7.5 -10.7 5
    endloop
  endfacet
  facet normal 0.130469 0.991452 0
    outer loop
      vertex 7.06001 -10.6421 5
      vertex 7.5 -10.7 0
      vertex 7.06001 -10.6421 0
    endloop
  endfacet
  facet normal 0.793371 0.608739 0
    outer loop
      vertex 6.29792 -10.2021 5
      vertex 6.02776 -9.85 0
      vertex 6.02776 -9.85 5
    endloop
  endfacet
  facet normal 0.793371 0.608739 0
    outer loop
      vertex 6.02776 -9.85 0
      vertex 6.29792 -10.2021 5
      vertex 6.29792 -10.2021 0
    endloop
  endfacet
  facet normal 0.608761 -0.793354 0
    outer loop
      vertex 6.29792 -7.79792 0
      vertex 6.65 -7.52776 5
      vertex 6.29792 -7.79792 5
    endloop
  endfacet
  facet normal 0.608761 -0.793354 0
    outer loop
      vertex 6.65 -7.52776 5
      vertex 6.29792 -7.79792 0
      vertex 6.65 -7.52776 0
    endloop
  endfacet
  facet normal 0.991444 0.130536 0
    outer loop
      vertex 5.85793 -9.43999 5
      vertex 5.8 -9 0
      vertex 5.8 -9 5
    endloop
  endfacet
  facet normal 0.991444 0.130536 0
    outer loop
      vertex 5.8 -9 0
      vertex 5.85793 -9.43999 5
      vertex 5.85793 -9.43999 0
    endloop
  endfacet
  facet normal -0.130469 0.991452 0
    outer loop
      vertex 7.93999 -10.6421 0
      vertex 7.5 -10.7 5
      vertex 7.93999 -10.6421 5
    endloop
  endfacet
  facet normal -0.130469 0.991452 0
    outer loop
      vertex 7.5 -10.7 5
      vertex 7.93999 -10.6421 0
      vertex 7.5 -10.7 0
    endloop
  endfacet
  facet normal -0.608761 -0.793354 0
    outer loop
      vertex 8.35 -7.52776 0
      vertex 8.70208 -7.79792 5
      vertex 8.35 -7.52776 5
    endloop
  endfacet
  facet normal -0.608761 -0.793354 -0
    outer loop
      vertex 8.70208 -7.79792 5
      vertex 8.35 -7.52776 0
      vertex 8.70208 -7.79792 0
    endloop
  endfacet
  facet normal -0.991444 -0.130536 0
    outer loop
      vertex 9.2 -9 0
      vertex 9.14207 -8.56001 5
      vertex 9.14207 -8.56001 0
    endloop
  endfacet
  facet normal -0.991444 -0.130536 0
    outer loop
      vertex 9.14207 -8.56001 5
      vertex 9.2 -9 0
      vertex 9.2 -9 5
    endloop
  endfacet
  facet normal -0.608676 0.793419 0
    outer loop
      vertex 8.70208 -10.2021 0
      vertex 8.35 -10.4722 5
      vertex 8.70208 -10.2021 5
    endloop
  endfacet
  facet normal -0.608676 0.793419 0
    outer loop
      vertex 8.35 -10.4722 5
      vertex 8.70208 -10.2021 0
      vertex 8.35 -10.4722 0
    endloop
  endfacet
  facet normal 0.38268 -0.923881 0
    outer loop
      vertex 6.65 -7.52776 0
      vertex 7.06001 -7.35793 5
      vertex 6.65 -7.52776 5
    endloop
  endfacet
  facet normal 0.38268 -0.923881 0
    outer loop
      vertex 7.06001 -7.35793 5
      vertex 6.65 -7.52776 0
      vertex 7.06001 -7.35793 0
    endloop
  endfacet
  facet normal -0.38268 -0.923881 0
    outer loop
      vertex 7.93999 -7.35793 0
      vertex 8.35 -7.52776 5
      vertex 7.93999 -7.35793 5
    endloop
  endfacet
  facet normal -0.38268 -0.923881 -0
    outer loop
      vertex 8.35 -7.52776 5
      vertex 7.93999 -7.35793 0
      vertex 8.35 -7.52776 0
    endloop
  endfacet
  facet normal 0.793354 -0.608761 0
    outer loop
      vertex 6.02776 -8.15 5
      vertex 6.29792 -7.79792 0
      vertex 6.29792 -7.79792 5
    endloop
  endfacet
  facet normal 0.793354 -0.608761 0
    outer loop
      vertex 6.29792 -7.79792 0
      vertex 6.02776 -8.15 5
      vertex 6.02776 -8.15 0
    endloop
  endfacet
  facet normal 0.608676 0.793419 -0
    outer loop
      vertex 6.65 -10.4722 0
      vertex 6.29792 -10.2021 5
      vertex 6.65 -10.4722 5
    endloop
  endfacet
  facet normal 0.608676 0.793419 0
    outer loop
      vertex 6.29792 -10.2021 5
      vertex 6.65 -10.4722 0
      vertex 6.29792 -10.2021 0
    endloop
  endfacet
  facet normal 0.923881 -0.38268 0
    outer loop
      vertex 5.85793 -8.56001 5
      vertex 6.02776 -8.15 0
      vertex 6.02776 -8.15 5
    endloop
  endfacet
  facet normal 0.923881 -0.38268 0
    outer loop
      vertex 6.02776 -8.15 0
      vertex 5.85793 -8.56001 5
      vertex 5.85793 -8.56001 0
    endloop
  endfacet
  facet normal 0.991444 -0.130536 0
    outer loop
      vertex 5.8 -9 5
      vertex 5.85793 -8.56001 0
      vertex 5.85793 -8.56001 5
    endloop
  endfacet
  facet normal 0.991444 -0.130536 0
    outer loop
      vertex 5.85793 -8.56001 0
      vertex 5.8 -9 5
      vertex 5.8 -9 0
    endloop
  endfacet
  facet normal 0.382815 0.923825 -0
    outer loop
      vertex 7.06001 -10.6421 0
      vertex 6.65 -10.4722 5
      vertex 7.06001 -10.6421 5
    endloop
  endfacet
  facet normal 0.382815 0.923825 0
    outer loop
      vertex 6.65 -10.4722 5
      vertex 7.06001 -10.6421 0
      vertex 6.65 -10.4722 0
    endloop
  endfacet
  facet normal 0.130536 -0.991444 0
    outer loop
      vertex 7.06001 -7.35793 0
      vertex 7.5 -7.3 5
      vertex 7.06001 -7.35793 5
    endloop
  endfacet
  facet normal 0.130536 -0.991444 0
    outer loop
      vertex 7.5 -7.3 5
      vertex 7.06001 -7.35793 0
      vertex 7.5 -7.3 0
    endloop
  endfacet
  facet normal -0.130536 -0.991444 0
    outer loop
      vertex 7.5 -7.3 0
      vertex 7.93999 -7.35793 5
      vertex 7.5 -7.3 5
    endloop
  endfacet
  facet normal -0.130536 -0.991444 -0
    outer loop
      vertex 7.93999 -7.35793 5
      vertex 7.5 -7.3 0
      vertex 7.93999 -7.35793 0
    endloop
  endfacet
  facet normal -0.793371 0.608739 0
    outer loop
      vertex 8.70208 -10.2021 0
      vertex 8.97224 -9.85 5
      vertex 8.97224 -9.85 0
    endloop
  endfacet
  facet normal -0.793371 0.608739 0
    outer loop
      vertex 8.97224 -9.85 5
      vertex 8.70208 -10.2021 0
      vertex 8.70208 -10.2021 5
    endloop
  endfacet
  facet normal -0.923881 0.38268 0
    outer loop
      vertex 8.97224 -9.85 0
      vertex 9.14207 -9.43999 5
      vertex 9.14207 -9.43999 0
    endloop
  endfacet
  facet normal -0.923881 0.38268 0
    outer loop
      vertex 9.14207 -9.43999 5
      vertex 8.97224 -9.85 0
      vertex 8.97224 -9.85 5
    endloop
  endfacet
  facet normal 0.38274 -0.923856 0
    outer loop
      vertex 6.65 10.4722 5.05
      vertex 7 10.6172 5
      vertex 7 10.6172 5.05
    endloop
  endfacet
  facet normal 0.38274 -0.923856 0
    outer loop
      vertex 6.65 10.4722 0
      vertex 7 10.6172 5
      vertex 6.65 10.4722 5.05
    endloop
  endfacet
  facet normal 0.382815 -0.923825 -6.10611e-06
    outer loop
      vertex 7.06001 10.6421 0
      vertex 7 10.6172 5
      vertex 6.65 10.4722 0
    endloop
  endfacet
  facet normal 0.383249 -0.923645 0
    outer loop
      vertex 7 10.6172 5
      vertex 7.06001 10.6421 0
      vertex 7.06001 10.6421 5
    endloop
  endfacet
  facet normal -0.923881 -0.38268 0
    outer loop
      vertex 9.14207 9.43999 0
      vertex 8.97224 9.85 5
      vertex 8.97224 9.85 0
    endloop
  endfacet
  facet normal -0.923881 -0.38268 0
    outer loop
      vertex 8.97224 9.85 5
      vertex 9.14207 9.43999 0
      vertex 9.14207 9.43999 5
    endloop
  endfacet
  facet normal -0.38268 0.923881 0
    outer loop
      vertex 8.35 7.52776 0
      vertex 7.93999 7.35793 5
      vertex 8.35 7.52776 5
    endloop
  endfacet
  facet normal -0.38268 0.923881 0
    outer loop
      vertex 7.93999 7.35793 5
      vertex 8.35 7.52776 0
      vertex 7.93999 7.35793 0
    endloop
  endfacet
  facet normal 0.923881 0.38268 0
    outer loop
      vertex 6.02776 8.15 5.05
      vertex 5.85793 8.56001 0
      vertex 5.85793 8.56001 5.05
    endloop
  endfacet
  facet normal 0.923881 0.38268 0
    outer loop
      vertex 5.85793 8.56001 0
      vertex 6.02776 8.15 5.05
      vertex 6.02776 8.15 0
    endloop
  endfacet
  facet normal -0.793354 0.608761 0
    outer loop
      vertex 8.70208 7.79792 0
      vertex 8.97224 8.15 5
      vertex 8.97224 8.15 0
    endloop
  endfacet
  facet normal -0.793354 0.608761 0
    outer loop
      vertex 8.97224 8.15 5
      vertex 8.70208 7.79792 0
      vertex 8.70208 7.79792 5
    endloop
  endfacet
  facet normal -0.991444 0.130536 0
    outer loop
      vertex 9.14207 8.56001 0
      vertex 9.2 9 5
      vertex 9.2 9 0
    endloop
  endfacet
  facet normal -0.991444 0.130536 0
    outer loop
      vertex 9.2 9 5
      vertex 9.14207 8.56001 0
      vertex 9.14207 8.56001 5
    endloop
  endfacet
  facet normal 0.38268 0.923881 -0
    outer loop
      vertex 7.06001 7.35793 0
      vertex 6.65 7.52776 5
      vertex 7.06001 7.35793 5
    endloop
  endfacet
  facet normal 0.38268 0.923881 0
    outer loop
      vertex 6.65 7.52776 5
      vertex 7.06001 7.35793 0
      vertex 6.65 7.52776 0
    endloop
  endfacet
  facet normal -0.991444 -0.130536 0
    outer loop
      vertex 9.2 9 0
      vertex 9.14207 9.43999 5
      vertex 9.14207 9.43999 0
    endloop
  endfacet
  facet normal -0.991444 -0.130536 0
    outer loop
      vertex 9.14207 9.43999 5
      vertex 9.2 9 0
      vertex 9.2 9 5
    endloop
  endfacet
  facet normal -0.608761 0.793354 0
    outer loop
      vertex 8.70208 7.79792 0
      vertex 8.35 7.52776 5
      vertex 8.70208 7.79792 5
    endloop
  endfacet
  facet normal -0.608761 0.793354 0
    outer loop
      vertex 8.35 7.52776 5
      vertex 8.70208 7.79792 0
      vertex 8.35 7.52776 0
    endloop
  endfacet
  facet normal -0.608676 -0.793419 0
    outer loop
      vertex 8.35 10.4722 0
      vertex 8.70208 10.2021 5
      vertex 8.35 10.4722 5
    endloop
  endfacet
  facet normal -0.608676 -0.793419 -0
    outer loop
      vertex 8.70208 10.2021 5
      vertex 8.35 10.4722 0
      vertex 8.70208 10.2021 0
    endloop
  endfacet
  facet normal 0.923881 -0.38268 0
    outer loop
      vertex 5.85793 9.43999 5.05
      vertex 6.02776 9.85 0
      vertex 6.02776 9.85 5.05
    endloop
  endfacet
  facet normal 0.923881 -0.38268 0
    outer loop
      vertex 6.02776 9.85 0
      vertex 5.85793 9.43999 5.05
      vertex 5.85793 9.43999 0
    endloop
  endfacet
  facet normal -0.793371 -0.608739 0
    outer loop
      vertex 8.97224 9.85 0
      vertex 8.70208 10.2021 5
      vertex 8.70208 10.2021 0
    endloop
  endfacet
  facet normal -0.793371 -0.608739 0
    outer loop
      vertex 8.70208 10.2021 5
      vertex 8.97224 9.85 0
      vertex 8.97224 9.85 5
    endloop
  endfacet
  facet normal 0.793351 0.608765 -0
    outer loop
      vertex 6.14286 8 5
      vertex 6.02776 8.15 5.05
      vertex 6.14286 8 5.05
    endloop
  endfacet
  facet normal 0.793351 0.608765 0
    outer loop
      vertex 6.02776 8.15 5.05
      vertex 6.14286 8 5
      vertex 6.02776 8.15 0
    endloop
  endfacet
  facet normal 0.793356 0.608758 -0
    outer loop
      vertex 6.29792 7.79792 0
      vertex 6.14286 8 5
      vertex 6.29792 7.79792 5
    endloop
  endfacet
  facet normal 0.793354 0.608761 -1.83872e-07
    outer loop
      vertex 6.14286 8 5
      vertex 6.29792 7.79792 0
      vertex 6.02776 8.15 0
    endloop
  endfacet
  facet normal 0 0 -1
    outer loop
      vertex 7 8 5.05
      vertex 6.65 10.4722 5.05
      vertex 7 10.6172 5.05
    endloop
  endfacet
  facet normal 0 0 -1
    outer loop
      vertex 7 8 5.05
      vertex 6.29792 10.2021 5.05
      vertex 6.65 10.4722 5.05
    endloop
  endfacet
  facet normal 0 0 -1
    outer loop
      vertex 6.02776 8.15 5.05
      vertex 7 8 5.05
      vertex 6.14286 8 5.05
    endloop
  endfacet
  facet normal 0 0 -1
    outer loop
      vertex 7 8 5.05
      vertex 6.02776 8.15 5.05
      vertex 5.85793 8.56001 5.05
    endloop
  endfacet
  facet normal 0 0 -1
    outer loop
      vertex 7 8 5.05
      vertex 6.02776 9.85 5.05
      vertex 6.29792 10.2021 5.05
    endloop
  endfacet
  facet normal 0 0 -1
    outer loop
      vertex 7 8 5.05
      vertex 5.85793 8.56001 5.05
      vertex 5.8 9 5.05
    endloop
  endfacet
  facet normal 0 0 -1
    outer loop
      vertex 7 8 5.05
      vertex 5.85793 9.43999 5.05
      vertex 6.02776 9.85 5.05
    endloop
  endfacet
  facet normal 0 0 -1
    outer loop
      vertex 7 8 5.05
      vertex 5.8 9 5.05
      vertex 5.85793 9.43999 5.05
    endloop
  endfacet
  facet normal 0.991444 -0.130536 0
    outer loop
      vertex 5.8 9 5.05
      vertex 5.85793 9.43999 0
      vertex 5.85793 9.43999 5.05
    endloop
  endfacet
  facet normal 0.991444 -0.130536 0
    outer loop
      vertex 5.85793 9.43999 0
      vertex 5.8 9 5.05
      vertex 5.8 9 0
    endloop
  endfacet
  facet normal -0.382815 -0.923825 0
    outer loop
      vertex 7.93999 10.6421 0
      vertex 8.35 10.4722 5
      vertex 7.93999 10.6421 5
    endloop
  endfacet
  facet normal -0.382815 -0.923825 -0
    outer loop
      vertex 8.35 10.4722 5
      vertex 7.93999 10.6421 0
      vertex 8.35 10.4722 0
    endloop
  endfacet
  facet normal 0.793371 -0.608739 0
    outer loop
      vertex 6.02776 9.85 5.05
      vertex 6.29792 10.2021 0
      vertex 6.29792 10.2021 5.05
    endloop
  endfacet
  facet normal 0.793371 -0.608739 0
    outer loop
      vertex 6.29792 10.2021 0
      vertex 6.02776 9.85 5.05
      vertex 6.02776 9.85 0
    endloop
  endfacet
  facet normal 0.991444 0.130536 0
    outer loop
      vertex 5.85793 8.56001 5.05
      vertex 5.8 9 0
      vertex 5.8 9 5.05
    endloop
  endfacet
  facet normal 0.991444 0.130536 0
    outer loop
      vertex 5.8 9 0
      vertex 5.85793 8.56001 5.05
      vertex 5.85793 8.56001 0
    endloop
  endfacet
  facet normal 0.130536 0.991444 -0
    outer loop
      vertex 7.5 7.3 0
      vertex 7.06001 7.35793 5
      vertex 7.5 7.3 5
    endloop
  endfacet
  facet normal 0.130536 0.991444 0
    outer loop
      vertex 7.06001 7.35793 5
      vertex 7.5 7.3 0
      vertex 7.06001 7.35793 0
    endloop
  endfacet
  facet normal 0.608761 0.793354 -0
    outer loop
      vertex 6.65 7.52776 0
      vertex 6.29792 7.79792 5
      vertex 6.65 7.52776 5
    endloop
  endfacet
  facet normal 0.608761 0.793354 0
    outer loop
      vertex 6.29792 7.79792 5
      vertex 6.65 7.52776 0
      vertex 6.29792 7.79792 0
    endloop
  endfacet
  facet normal -0.923881 0.38268 0
    outer loop
      vertex 8.97224 8.15 0
      vertex 9.14207 8.56001 5
      vertex 9.14207 8.56001 0
    endloop
  endfacet
  facet normal -0.923881 0.38268 0
    outer loop
      vertex 9.14207 8.56001 5
      vertex 8.97224 8.15 0
      vertex 8.97224 8.15 5
    endloop
  endfacet
  facet normal -0.130536 0.991444 0
    outer loop
      vertex 7.93999 7.35793 0
      vertex 7.5 7.3 5
      vertex 7.93999 7.35793 5
    endloop
  endfacet
  facet normal -0.130536 0.991444 0
    outer loop
      vertex 7.5 7.3 5
      vertex 7.93999 7.35793 0
      vertex 7.5 7.3 0
    endloop
  endfacet
  facet normal 0.608676 -0.793419 0
    outer loop
      vertex 6.29792 10.2021 0
      vertex 6.65 10.4722 5.05
      vertex 6.29792 10.2021 5.05
    endloop
  endfacet
  facet normal 0.608676 -0.793419 0
    outer loop
      vertex 6.65 10.4722 5.05
      vertex 6.29792 10.2021 0
      vertex 6.65 10.4722 0
    endloop
  endfacet
  facet normal -0.130469 -0.991452 0
    outer loop
      vertex 7.5 10.7 0
      vertex 7.93999 10.6421 5
      vertex 7.5 10.7 5
    endloop
  endfacet
  facet normal -0.130469 -0.991452 -0
    outer loop
      vertex 7.93999 10.6421 5
      vertex 7.5 10.7 0
      vertex 7.93999 10.6421 0
    endloop
  endfacet
  facet normal 0.130469 -0.991452 0
    outer loop
      vertex 7.06001 10.6421 0
      vertex 7.5 10.7 5
      vertex 7.06001 10.6421 5
    endloop
  endfacet
  facet normal 0.130469 -0.991452 0
    outer loop
      vertex 7.5 10.7 5
      vertex 7.06001 10.6421 0
      vertex 7.5 10.7 0
    endloop
  endfacet
  facet normal 0.991453 -0.130466 0
    outer loop
      vertex -28.7 114 4
      vertex -28.6421 114.44 0
      vertex -28.6421 114.44 4
    endloop
  endfacet
  facet normal 0.991453 -0.130466 0
    outer loop
      vertex -28.6421 114.44 0
      vertex -28.7 114 4
      vertex -28.7 114 0
    endloop
  endfacet
  facet normal -0.923822 -0.382823 0
    outer loop
      vertex -25.3579 114.44 0
      vertex -25.5278 114.85 4
      vertex -25.5278 114.85 0
    endloop
  endfacet
  facet normal -0.923822 -0.382823 0
    outer loop
      vertex -25.5278 114.85 4
      vertex -25.3579 114.44 0
      vertex -25.3579 114.44 4
    endloop
  endfacet
  facet normal -0.991453 -0.130466 0
    outer loop
      vertex -25.3 114 0
      vertex -25.3579 114.44 4
      vertex -25.3579 114.44 0
    endloop
  endfacet
  facet normal -0.991453 -0.130466 0
    outer loop
      vertex -25.3579 114.44 4
      vertex -25.3 114 0
      vertex -25.3 114 4
    endloop
  endfacet
  facet normal -0.793352 -0.608763 0
    outer loop
      vertex -25.5278 114.85 0
      vertex -25.7979 115.202 4
      vertex -25.7979 115.202 0
    endloop
  endfacet
  facet normal -0.793352 -0.608763 0
    outer loop
      vertex -25.7979 115.202 4
      vertex -25.5278 114.85 0
      vertex -25.5278 114.85 4
    endloop
  endfacet
  facet normal -0.991453 0.130466 0
    outer loop
      vertex -25.3579 113.56 0
      vertex -25.3 114 4
      vertex -25.3 114 0
    endloop
  endfacet
  facet normal -0.991453 0.130466 0
    outer loop
      vertex -25.3 114 4
      vertex -25.3579 113.56 0
      vertex -25.3579 113.56 4
    endloop
  endfacet
  facet normal 0.793352 -0.608763 0
    outer loop
      vertex -28.4722 114.85 4
      vertex -28.2021 115.202 0
      vertex -28.2021 115.202 4
    endloop
  endfacet
  facet normal 0.793352 -0.608763 0
    outer loop
      vertex -28.2021 115.202 0
      vertex -28.4722 114.85 4
      vertex -28.4722 114.85 0
    endloop
  endfacet
  facet normal 0.130688 0.991424 -0
    outer loop
      vertex -27 112.3 0
      vertex -27.44 112.358 4
      vertex -27 112.3 4
    endloop
  endfacet
  facet normal 0.130688 0.991424 0
    outer loop
      vertex -27.44 112.358 4
      vertex -27 112.3 0
      vertex -27.44 112.358 0
    endloop
  endfacet
  facet normal 0.383015 0.923742 -0
    outer loop
      vertex -27.44 112.358 0
      vertex -27.85 112.528 4
      vertex -27.44 112.358 4
    endloop
  endfacet
  facet normal 0.383015 0.923742 0
    outer loop
      vertex -27.85 112.528 4
      vertex -27.44 112.358 0
      vertex -27.85 112.528 0
    endloop
  endfacet
  facet normal -0.608512 -0.793545 0
    outer loop
      vertex -26.15 115.472 0
      vertex -25.7979 115.202 4
      vertex -26.15 115.472 4
    endloop
  endfacet
  facet normal -0.608512 -0.793545 -0
    outer loop
      vertex -25.7979 115.202 4
      vertex -26.15 115.472 0
      vertex -25.7979 115.202 0
    endloop
  endfacet
  facet normal 0.923822 0.382823 0
    outer loop
      vertex -28.4722 113.15 4
      vertex -28.6421 113.56 0
      vertex -28.6421 113.56 4
    endloop
  endfacet
  facet normal 0.923822 0.382823 0
    outer loop
      vertex -28.6421 113.56 0
      vertex -28.4722 113.15 4
      vertex -28.4722 113.15 0
    endloop
  endfacet
  facet normal -0.383015 0.923742 0
    outer loop
      vertex -26.15 112.528 0
      vertex -26.56 112.358 4
      vertex -26.15 112.528 4
    endloop
  endfacet
  facet normal -0.383015 0.923742 0
    outer loop
      vertex -26.56 112.358 4
      vertex -26.15 112.528 0
      vertex -26.56 112.358 0
    endloop
  endfacet
  facet normal 0.923822 -0.382823 0
    outer loop
      vertex -28.6421 114.44 4
      vertex -28.4722 114.85 0
      vertex -28.4722 114.85 4
    endloop
  endfacet
  facet normal 0.923822 -0.382823 0
    outer loop
      vertex -28.4722 114.85 0
      vertex -28.6421 114.44 4
      vertex -28.6421 114.44 0
    endloop
  endfacet
  facet normal -0.923822 0.382823 0
    outer loop
      vertex -25.5278 113.15 0
      vertex -25.3579 113.56 4
      vertex -25.3579 113.56 0
    endloop
  endfacet
  facet normal -0.923822 0.382823 0
    outer loop
      vertex -25.3579 113.56 4
      vertex -25.5278 113.15 0
      vertex -25.5278 113.15 4
    endloop
  endfacet
  facet normal 0.608512 -0.793545 0
    outer loop
      vertex -28.2021 115.202 0
      vertex -27.85 115.472 4
      vertex -28.2021 115.202 4
    endloop
  endfacet
  facet normal 0.608512 -0.793545 0
    outer loop
      vertex -27.85 115.472 4
      vertex -28.2021 115.202 0
      vertex -27.85 115.472 0
    endloop
  endfacet
  facet normal -0.608512 0.793545 0
    outer loop
      vertex -25.7979 112.798 0
      vertex -26.15 112.528 4
      vertex -25.7979 112.798 4
    endloop
  endfacet
  facet normal -0.608512 0.793545 0
    outer loop
      vertex -26.15 112.528 4
      vertex -25.7979 112.798 0
      vertex -26.15 112.528 0
    endloop
  endfacet
  facet normal 0.383015 -0.923742 0
    outer loop
      vertex -27.85 115.472 0
      vertex -27.44 115.642 4
      vertex -27.85 115.472 4
    endloop
  endfacet
  facet normal 0.383015 -0.923742 0
    outer loop
      vertex -27.44 115.642 4
      vertex -27.85 115.472 0
      vertex -27.44 115.642 0
    endloop
  endfacet
  facet normal -0.130688 -0.991424 0
    outer loop
      vertex -27 115.7 0
      vertex -26.56 115.642 4
      vertex -27 115.7 4
    endloop
  endfacet
  facet normal -0.130688 -0.991424 -0
    outer loop
      vertex -26.56 115.642 4
      vertex -27 115.7 0
      vertex -26.56 115.642 0
    endloop
  endfacet
  facet normal -0.793352 0.608763 0
    outer loop
      vertex -25.7979 112.798 0
      vertex -25.5278 113.15 4
      vertex -25.5278 113.15 0
    endloop
  endfacet
  facet normal -0.793352 0.608763 0
    outer loop
      vertex -25.5278 113.15 4
      vertex -25.7979 112.798 0
      vertex -25.7979 112.798 4
    endloop
  endfacet
  facet normal -0.383015 -0.923742 0
    outer loop
      vertex -26.56 115.642 0
      vertex -26.15 115.472 4
      vertex -26.56 115.642 4
    endloop
  endfacet
  facet normal -0.383015 -0.923742 -0
    outer loop
      vertex -26.15 115.472 4
      vertex -26.56 115.642 0
      vertex -26.15 115.472 0
    endloop
  endfacet
  facet normal 0.608512 0.793545 -0
    outer loop
      vertex -27.85 112.528 0
      vertex -28.2021 112.798 4
      vertex -27.85 112.528 4
    endloop
  endfacet
  facet normal 0.608512 0.793545 0
    outer loop
      vertex -28.2021 112.798 4
      vertex -27.85 112.528 0
      vertex -28.2021 112.798 0
    endloop
  endfacet
  facet normal 0.991453 0.130466 0
    outer loop
      vertex -28.6421 113.56 4
      vertex -28.7 114 0
      vertex -28.7 114 4
    endloop
  endfacet
  facet normal 0.991453 0.130466 0
    outer loop
      vertex -28.7 114 0
      vertex -28.6421 113.56 4
      vertex -28.6421 113.56 0
    endloop
  endfacet
  facet normal 0.130688 -0.991424 0
    outer loop
      vertex -27.44 115.642 0
      vertex -27 115.7 4
      vertex -27.44 115.642 4
    endloop
  endfacet
  facet normal 0.130688 -0.991424 0
    outer loop
      vertex -27 115.7 4
      vertex -27.44 115.642 0
      vertex -27 115.7 0
    endloop
  endfacet
  facet normal 0.793352 0.608763 0
    outer loop
      vertex -28.2021 112.798 4
      vertex -28.4722 113.15 0
      vertex -28.4722 113.15 4
    endloop
  endfacet
  facet normal 0.793352 0.608763 0
    outer loop
      vertex -28.4722 113.15 0
      vertex -28.2021 112.798 4
      vertex -28.2021 112.798 0
    endloop
  endfacet
  facet normal -0.130688 0.991424 0
    outer loop
      vertex -26.56 112.358 0
      vertex -27 112.3 4
      vertex -26.56 112.358 4
    endloop
  endfacet
  facet normal -0.130688 0.991424 0
    outer loop
      vertex -27 112.3 4
      vertex -26.56 112.358 0
      vertex -27 112.3 0
    endloop
  endfacet
  facet normal -0.383015 0.923742 0
    outer loop
      vertex 27.85 112.528 0
      vertex 27.44 112.358 4
      vertex 27.85 112.528 4
    endloop
  endfacet
  facet normal -0.383015 0.923742 0
    outer loop
      vertex 27.44 112.358 4
      vertex 27.85 112.528 0
      vertex 27.44 112.358 0
    endloop
  endfacet
  facet normal 0.130688 -0.991424 0
    outer loop
      vertex 26.56 115.642 0
      vertex 27 115.7 4
      vertex 26.56 115.642 4
    endloop
  endfacet
  facet normal 0.130688 -0.991424 0
    outer loop
      vertex 27 115.7 4
      vertex 26.56 115.642 0
      vertex 27 115.7 0
    endloop
  endfacet
  facet normal -0.923822 -0.382823 0
    outer loop
      vertex 28.6421 114.44 0
      vertex 28.4722 114.85 4
      vertex 28.4722 114.85 0
    endloop
  endfacet
  facet normal -0.923822 -0.382823 0
    outer loop
      vertex 28.4722 114.85 4
      vertex 28.6421 114.44 0
      vertex 28.6421 114.44 4
    endloop
  endfacet
  facet normal -0.991453 -0.130466 0
    outer loop
      vertex 28.7 114 0
      vertex 28.6421 114.44 4
      vertex 28.6421 114.44 0
    endloop
  endfacet
  facet normal -0.991453 -0.130466 0
    outer loop
      vertex 28.6421 114.44 4
      vertex 28.7 114 0
      vertex 28.7 114 4
    endloop
  endfacet
  facet normal -0.793352 -0.608763 0
    outer loop
      vertex 28.4722 114.85 0
      vertex 28.2021 115.202 4
      vertex 28.2021 115.202 0
    endloop
  endfacet
  facet normal -0.793352 -0.608763 0
    outer loop
      vertex 28.2021 115.202 4
      vertex 28.4722 114.85 0
      vertex 28.4722 114.85 4
    endloop
  endfacet
  facet normal -0.793352 0.608763 0
    outer loop
      vertex 28.2021 112.798 0
      vertex 28.4722 113.15 4
      vertex 28.4722 113.15 0
    endloop
  endfacet
  facet normal -0.793352 0.608763 0
    outer loop
      vertex 28.4722 113.15 4
      vertex 28.2021 112.798 0
      vertex 28.2021 112.798 4
    endloop
  endfacet
  facet normal 0.608512 -0.793545 0
    outer loop
      vertex 25.7979 115.202 0
      vertex 26.15 115.472 4
      vertex 25.7979 115.202 4
    endloop
  endfacet
  facet normal 0.608512 -0.793545 0
    outer loop
      vertex 26.15 115.472 4
      vertex 25.7979 115.202 0
      vertex 26.15 115.472 0
    endloop
  endfacet
  facet normal -0.608512 -0.793545 0
    outer loop
      vertex 27.85 115.472 0
      vertex 28.2021 115.202 4
      vertex 27.85 115.472 4
    endloop
  endfacet
  facet normal -0.608512 -0.793545 -0
    outer loop
      vertex 28.2021 115.202 4
      vertex 27.85 115.472 0
      vertex 28.2021 115.202 0
    endloop
  endfacet
  facet normal 0.793352 -0.608763 0
    outer loop
      vertex 25.5278 114.85 4
      vertex 25.7979 115.202 0
      vertex 25.7979 115.202 4
    endloop
  endfacet
  facet normal 0.793352 -0.608763 0
    outer loop
      vertex 25.7979 115.202 0
      vertex 25.5278 114.85 4
      vertex 25.5278 114.85 0
    endloop
  endfacet
  facet normal 0.383015 0.923742 -0
    outer loop
      vertex 26.56 112.358 0
      vertex 26.15 112.528 4
      vertex 26.56 112.358 4
    endloop
  endfacet
  facet normal 0.383015 0.923742 0
    outer loop
      vertex 26.15 112.528 4
      vertex 26.56 112.358 0
      vertex 26.15 112.528 0
    endloop
  endfacet
  facet normal 0.608512 0.793545 -0
    outer loop
      vertex 26.15 112.528 0
      vertex 25.7979 112.798 4
      vertex 26.15 112.528 4
    endloop
  endfacet
  facet normal 0.608512 0.793545 0
    outer loop
      vertex 25.7979 112.798 4
      vertex 26.15 112.528 0
      vertex 25.7979 112.798 0
    endloop
  endfacet
  facet normal -0.923822 0.382823 0
    outer loop
      vertex 28.4722 113.15 0
      vertex 28.6421 113.56 4
      vertex 28.6421 113.56 0
    endloop
  endfacet
  facet normal -0.923822 0.382823 0
    outer loop
      vertex 28.6421 113.56 4
      vertex 28.4722 113.15 0
      vertex 28.4722 113.15 4
    endloop
  endfacet
  facet normal -0.130688 0.991424 0
    outer loop
      vertex 27.44 112.358 0
      vertex 27 112.3 4
      vertex 27.44 112.358 4
    endloop
  endfacet
  facet normal -0.130688 0.991424 0
    outer loop
      vertex 27 112.3 4
      vertex 27.44 112.358 0
      vertex 27 112.3 0
    endloop
  endfacet
  facet normal -0.608512 0.793545 0
    outer loop
      vertex 28.2021 112.798 0
      vertex 27.85 112.528 4
      vertex 28.2021 112.798 4
    endloop
  endfacet
  facet normal -0.608512 0.793545 0
    outer loop
      vertex 27.85 112.528 4
      vertex 28.2021 112.798 0
      vertex 27.85 112.528 0
    endloop
  endfacet
  facet normal 0.383015 -0.923742 0
    outer loop
      vertex 26.15 115.472 0
      vertex 26.56 115.642 4
      vertex 26.15 115.472 4
    endloop
  endfacet
  facet normal 0.383015 -0.923742 0
    outer loop
      vertex 26.56 115.642 4
      vertex 26.15 115.472 0
      vertex 26.56 115.642 0
    endloop
  endfacet
  facet normal -0.383015 -0.923742 0
    outer loop
      vertex 27.44 115.642 0
      vertex 27.85 115.472 4
      vertex 27.44 115.642 4
    endloop
  endfacet
  facet normal -0.383015 -0.923742 -0
    outer loop
      vertex 27.85 115.472 4
      vertex 27.44 115.642 0
      vertex 27.85 115.472 0
    endloop
  endfacet
  facet normal 0.923822 -0.382823 0
    outer loop
      vertex 25.3579 114.44 4
      vertex 25.5278 114.85 0
      vertex 25.5278 114.85 4
    endloop
  endfacet
  facet normal 0.923822 -0.382823 0
    outer loop
      vertex 25.5278 114.85 0
      vertex 25.3579 114.44 4
      vertex 25.3579 114.44 0
    endloop
  endfacet
  facet normal -0.130688 -0.991424 0
    outer loop
      vertex 27 115.7 0
      vertex 27.44 115.642 4
      vertex 27 115.7 4
    endloop
  endfacet
  facet normal -0.130688 -0.991424 -0
    outer loop
      vertex 27.44 115.642 4
      vertex 27 115.7 0
      vertex 27.44 115.642 0
    endloop
  endfacet
  facet normal -0.991453 0.130466 0
    outer loop
      vertex 28.6421 113.56 0
      vertex 28.7 114 4
      vertex 28.7 114 0
    endloop
  endfacet
  facet normal -0.991453 0.130466 0
    outer loop
      vertex 28.7 114 4
      vertex 28.6421 113.56 0
      vertex 28.6421 113.56 4
    endloop
  endfacet
  facet normal 0.923822 0.382823 0
    outer loop
      vertex 25.5278 113.15 4
      vertex 25.3579 113.56 0
      vertex 25.3579 113.56 4
    endloop
  endfacet
  facet normal 0.923822 0.382823 0
    outer loop
      vertex 25.3579 113.56 0
      vertex 25.5278 113.15 4
      vertex 25.5278 113.15 0
    endloop
  endfacet
  facet normal 0.130688 0.991424 -0
    outer loop
      vertex 27 112.3 0
      vertex 26.56 112.358 4
      vertex 27 112.3 4
    endloop
  endfacet
  facet normal 0.130688 0.991424 0
    outer loop
      vertex 26.56 112.358 4
      vertex 27 112.3 0
      vertex 26.56 112.358 0
    endloop
  endfacet
  facet normal 0.991453 0.130466 0
    outer loop
      vertex 25.3579 113.56 4
      vertex 25.3 114 0
      vertex 25.3 114 4
    endloop
  endfacet
  facet normal 0.991453 0.130466 0
    outer loop
      vertex 25.3 114 0
      vertex 25.3579 113.56 4
      vertex 25.3579 113.56 0
    endloop
  endfacet
  facet normal 0.793352 0.608763 0
    outer loop
      vertex 25.7979 112.798 4
      vertex 25.5278 113.15 0
      vertex 25.5278 113.15 4
    endloop
  endfacet
  facet normal 0.793352 0.608763 0
    outer loop
      vertex 25.5278 113.15 0
      vertex 25.7979 112.798 4
      vertex 25.7979 112.798 0
    endloop
  endfacet
  facet normal 0.991453 -0.130466 0
    outer loop
      vertex 25.3 114 4
      vertex 25.3579 114.44 0
      vertex 25.3579 114.44 4
    endloop
  endfacet
  facet normal 0.991453 -0.130466 0
    outer loop
      vertex 25.3579 114.44 0
      vertex 25.3 114 4
      vertex 25.3 114 0
    endloop
  endfacet
  facet normal 0.773005 -0.6344 0
    outer loop
      vertex -30.5441 82.9373 7.5
      vertex -28.9458 84.8848 0
      vertex -28.9458 84.8848 7.5
    endloop
  endfacet
  facet normal 0.773005 -0.6344 0
    outer loop
      vertex -28.9458 84.8848 0
      vertex -30.5441 82.9373 7.5
      vertex -30.5441 82.9373 0
    endloop
  endfacet
  facet normal 0.973875 0.227085 0
    outer loop
      vertex -37.1881 49.5355 7.5
      vertex -37.7602 51.989 0
      vertex -37.7602 51.989 7.5
    endloop
  endfacet
  facet normal 0.973875 0.227085 0
    outer loop
      vertex -37.7602 51.989 0
      vertex -37.1881 49.5355 7.5
      vertex -37.1881 49.5355 0
    endloop
  endfacet
  facet normal 0.999465 0.0327069 0
    outer loop
      vertex -38.4176 56.982 7.5
      vertex -38.5 59.5 0
      vertex -38.5 59.5 7.5
    endloop
  endfacet
  facet normal 0.999465 0.0327069 0
    outer loop
      vertex -38.5 59.5 0
      vertex -38.4176 56.982 7.5
      vertex -38.4176 56.982 0
    endloop
  endfacet
  facet normal -0.812834 0.582495 0
    outer loop
      vertex 30.5441 36.0627 0
      vertex 32.0116 38.1105 7.5
      vertex 32.0116 38.1105 0
    endloop
  endfacet
  facet normal -0.812834 0.582495 0
    outer loop
      vertex 32.0116 38.1105 7.5
      vertex 30.5441 36.0627 0
      vertex 30.5441 36.0627 7.5
    endloop
  endfacet
  facet normal -0.41272 0.910858 0
    outer loop
      vertex 17.0281 24.9704 0
      vertex 14.7333 23.9306 7.5
      vertex 17.0281 24.9704 7.5
    endloop
  endfacet
  facet normal -0.41272 0.910858 0
    outer loop
      vertex 14.7333 23.9306 7.5
      vertex 17.0281 24.9704 0
      vertex 14.7333 23.9306 0
    endloop
  endfacet
  facet normal -0.995183 -0.0980378 0
    outer loop
      vertex 38.4176 62.018 0
      vertex 38.1706 64.5253 7.5
      vertex 38.1706 64.5253 0
    endloop
  endfacet
  facet normal -0.995183 -0.0980378 0
    outer loop
      vertex 38.1706 64.5253 7.5
      vertex 38.4176 62.018 0
      vertex 38.4176 62.018 7.5
    endloop
  endfacet
  facet normal -0.812834 -0.582495 0
    outer loop
      vertex 32.0116 80.8895 0
      vertex 30.5441 82.9373 7.5
      vertex 30.5441 82.9373 0
    endloop
  endfacet
  facet normal -0.812834 -0.582495 0
    outer loop
      vertex 30.5441 82.9373 7.5
      vertex 32.0116 80.8895 0
      vertex 32.0116 80.8895 7.5
    endloop
  endfacet
  facet normal 0.729869 -0.683587 0
    outer loop
      vertex -28.9458 84.8848 7.5
      vertex -27.2236 86.7236 0
      vertex -27.2236 86.7236 7.5
    endloop
  endfacet
  facet normal 0.729869 -0.683587 0
    outer loop
      vertex -27.2236 86.7236 0
      vertex -28.9458 84.8848 7.5
      vertex -28.9458 84.8848 0
    endloop
  endfacet
  facet normal -0.773005 -0.6344 0
    outer loop
      vertex 30.5441 82.9373 0
      vertex 28.9458 84.8848 7.5
      vertex 28.9458 84.8848 0
    endloop
  endfacet
  facet normal -0.773005 -0.6344 0
    outer loop
      vertex 28.9458 84.8848 7.5
      vertex 30.5441 82.9373 0
      vertex 30.5441 82.9373 7.5
    endloop
  endfacet
  facet normal 0.162898 0.986643 -0
    outer loop
      vertex -5.02526 21.3294 0
      vertex -7.51098 21.7398 7.5
      vertex -5.02526 21.3294 7.5
    endloop
  endfacet
  facet normal 0.162898 0.986643 0
    outer loop
      vertex -7.51098 21.7398 7.5
      vertex -5.02526 21.3294 0
      vertex -7.51098 21.7398 0
    endloop
  endfacet
  facet normal 0.995183 -0.0980378 0
    outer loop
      vertex -38.4176 62.018 7.5
      vertex -38.1706 64.5253 0
      vertex -38.1706 64.5253 7.5
    endloop
  endfacet
  facet normal 0.995183 -0.0980378 0
    outer loop
      vertex -38.1706 64.5253 0
      vertex -38.4176 62.018 7.5
      vertex -38.4176 62.018 0
    endloop
  endfacet
  facet normal -0.0980401 0.995182 0
    outer loop
      vertex 5.02526 21.3294 0
      vertex 2.51802 21.0824 7.5
      vertex 5.02526 21.3294 7.5
    endloop
  endfacet
  facet normal -0.0980401 0.995182 0
    outer loop
      vertex 2.51802 21.0824 7.5
      vertex 5.02526 21.3294 0
      vertex 2.51802 21.0824 0
    endloop
  endfacet
  facet normal -0.227081 0.973876 0
    outer loop
      vertex 9.96453 22.3119 0
      vertex 7.51098 21.7398 7.5
      vertex 9.96453 22.3119 7.5
    endloop
  endfacet
  facet normal -0.227081 0.973876 0
    outer loop
      vertex 7.51098 21.7398 7.5
      vertex 9.96453 22.3119 0
      vertex 7.51098 21.7398 0
    endloop
  endfacet
  facet normal 0.849207 -0.52806 0
    outer loop
      vertex -33.342 78.75 7.5
      vertex -32.0116 80.8895 0
      vertex -32.0116 80.8895 7.5
    endloop
  endfacet
  facet normal 0.849207 -0.52806 0
    outer loop
      vertex -32.0116 80.8895 0
      vertex -33.342 78.75 7.5
      vertex -33.342 78.75 0
    endloop
  endfacet
  facet normal -0.6344 -0.773005 0
    outer loop
      vertex 23.4373 90.0441 0
      vertex 25.3848 88.4458 7.5
      vertex 23.4373 90.0441 7.5
    endloop
  endfacet
  facet normal -0.6344 -0.773005 -0
    outer loop
      vertex 25.3848 88.4458 7.5
      vertex 23.4373 90.0441 0
      vertex 25.3848 88.4458 0
    endloop
  endfacet
  facet normal 0.910858 0.41272 0
    outer loop
      vertex -34.5296 42.4719 7.5
      vertex -35.5694 44.7667 0
      vertex -35.5694 44.7667 7.5
    endloop
  endfacet
  facet normal 0.910858 0.41272 0
    outer loop
      vertex -35.5694 44.7667 0
      vertex -34.5296 42.4719 7.5
      vertex -34.5296 42.4719 0
    endloop
  endfacet
  facet normal -0.986643 -0.162899 0
    outer loop
      vertex 38.1706 64.5253 0
      vertex 37.7602 67.011 7.5
      vertex 37.7602 67.011 0
    endloop
  endfacet
  facet normal -0.986643 -0.162899 0
    outer loop
      vertex 37.7602 67.011 7.5
      vertex 38.1706 64.5253 0
      vertex 38.1706 64.5253 7.5
    endloop
  endfacet
  facet normal -0.999465 -0.0327069 0
    outer loop
      vertex 38.5 59.5 0
      vertex 38.4176 62.018 7.5
      vertex 38.4176 62.018 0
    endloop
  endfacet
  facet normal -0.999465 -0.0327069 0
    outer loop
      vertex 38.4176 62.018 7.5
      vertex 38.5 59.5 0
      vertex 38.5 59.5 7.5
    endloop
  endfacet
  facet normal -0.935913 0.352232 0
    outer loop
      vertex 35.5694 44.7667 0
      vertex 36.4568 47.1246 7.5
      vertex 36.4568 47.1246 0
    endloop
  endfacet
  facet normal -0.935913 0.352232 0
    outer loop
      vertex 36.4568 47.1246 7.5
      vertex 35.5694 44.7667 0
      vertex 35.5694 44.7667 7.5
    endloop
  endfacet
  facet normal -0.582495 0.812834 0
    outer loop
      vertex 23.4373 28.9559 0
      vertex 21.3895 27.4884 7.5
      vertex 23.4373 28.9559 7.5
    endloop
  endfacet
  facet normal -0.582495 0.812834 0
    outer loop
      vertex 21.3895 27.4884 7.5
      vertex 23.4373 28.9559 0
      vertex 21.3895 27.4884 0
    endloop
  endfacet
  facet normal -0.683587 0.729869 0
    outer loop
      vertex 27.2236 32.2764 0
      vertex 25.3848 30.5542 7.5
      vertex 27.2236 32.2764 7.5
    endloop
  endfacet
  facet normal -0.683587 0.729869 0
    outer loop
      vertex 25.3848 30.5542 7.5
      vertex 27.2236 32.2764 0
      vertex 25.3848 30.5542 0
    endloop
  endfacet
  facet normal -0.773005 0.6344 0
    outer loop
      vertex 28.9458 34.1152 0
      vertex 30.5441 36.0627 7.5
      vertex 30.5441 36.0627 0
    endloop
  endfacet
  facet normal -0.773005 0.6344 0
    outer loop
      vertex 30.5441 36.0627 7.5
      vertex 28.9458 34.1152 0
      vertex 28.9458 34.1152 7.5
    endloop
  endfacet
  facet normal 0.986643 0.162899 0
    outer loop
      vertex -37.7602 51.989 7.5
      vertex -38.1706 54.4747 0
      vertex -38.1706 54.4747 7.5
    endloop
  endfacet
  facet normal 0.986643 0.162899 0
    outer loop
      vertex -38.1706 54.4747 0
      vertex -37.7602 51.989 7.5
      vertex -37.7602 51.989 0
    endloop
  endfacet
  facet normal -0.973875 0.227085 0
    outer loop
      vertex 37.1881 49.5355 0
      vertex 37.7602 51.989 7.5
      vertex 37.7602 51.989 0
    endloop
  endfacet
  facet normal -0.973875 0.227085 0
    outer loop
      vertex 37.7602 51.989 7.5
      vertex 37.1881 49.5355 0
      vertex 37.1881 49.5355 7.5
    endloop
  endfacet
  facet normal 0.6344 -0.773005 0
    outer loop
      vertex -25.3848 88.4458 0
      vertex -23.4373 90.0441 7.5
      vertex -25.3848 88.4458 7.5
    endloop
  endfacet
  facet normal 0.6344 -0.773005 0
    outer loop
      vertex -23.4373 90.0441 7.5
      vertex -25.3848 88.4458 0
      vertex -23.4373 90.0441 0
    endloop
  endfacet
  facet normal -0.290274 0.956944 0
    outer loop
      vertex 12.3754 23.0432 0
      vertex 9.96453 22.3119 7.5
      vertex 12.3754 23.0432 7.5
    endloop
  endfacet
  facet normal -0.290274 0.956944 0
    outer loop
      vertex 9.96453 22.3119 7.5
      vertex 12.3754 23.0432 0
      vertex 9.96453 22.3119 0
    endloop
  endfacet
  facet normal -0.471387 -0.881926 0
    outer loop
      vertex 17.0281 94.0296 0
      vertex 19.25 92.842 7.5
      vertex 17.0281 94.0296 7.5
    endloop
  endfacet
  facet normal -0.471387 -0.881926 -0
    outer loop
      vertex 19.25 92.842 7.5
      vertex 17.0281 94.0296 0
      vertex 19.25 92.842 0
    endloop
  endfacet
  facet normal -0.881926 -0.471387 0
    outer loop
      vertex 34.5296 76.5281 0
      vertex 33.342 78.75 7.5
      vertex 33.342 78.75 0
    endloop
  endfacet
  facet normal -0.881926 -0.471387 0
    outer loop
      vertex 33.342 78.75 7.5
      vertex 34.5296 76.5281 0
      vertex 34.5296 76.5281 7.5
    endloop
  endfacet
  facet normal -0.973875 -0.227085 0
    outer loop
      vertex 37.7602 67.011 0
      vertex 37.1881 69.4645 7.5
      vertex 37.1881 69.4645 0
    endloop
  endfacet
  facet normal -0.973875 -0.227085 0
    outer loop
      vertex 37.1881 69.4645 7.5
      vertex 37.7602 67.011 0
      vertex 37.7602 67.011 7.5
    endloop
  endfacet
  facet normal -0.582495 -0.812834 0
    outer loop
      vertex 21.3895 91.5116 0
      vertex 23.4373 90.0441 7.5
      vertex 21.3895 91.5116 7.5
    endloop
  endfacet
  facet normal -0.582495 -0.812834 -0
    outer loop
      vertex 23.4373 90.0441 7.5
      vertex 21.3895 91.5116 0
      vertex 23.4373 90.0441 0
    endloop
  endfacet
  facet normal 0.910858 -0.41272 0
    outer loop
      vertex -35.5694 74.2333 7.5
      vertex -34.5296 76.5281 0
      vertex -34.5296 76.5281 7.5
    endloop
  endfacet
  facet normal 0.910858 -0.41272 0
    outer loop
      vertex -34.5296 76.5281 0
      vertex -35.5694 74.2333 7.5
      vertex -35.5694 74.2333 0
    endloop
  endfacet
  facet normal 0.582495 0.812834 -0
    outer loop
      vertex -21.3895 27.4884 0
      vertex -23.4373 28.9559 7.5
      vertex -21.3895 27.4884 7.5
    endloop
  endfacet
  facet normal 0.582495 0.812834 0
    outer loop
      vertex -23.4373 28.9559 7.5
      vertex -21.3895 27.4884 0
      vertex -23.4373 28.9559 0
    endloop
  endfacet
  facet normal -0.849207 -0.52806 0
    outer loop
      vertex 33.342 78.75 0
      vertex 32.0116 80.8895 7.5
      vertex 32.0116 80.8895 0
    endloop
  endfacet
  facet normal -0.849207 -0.52806 0
    outer loop
      vertex 32.0116 80.8895 7.5
      vertex 33.342 78.75 0
      vertex 33.342 78.75 7.5
    endloop
  endfacet
  facet normal 0.41272 0.910858 -0
    outer loop
      vertex -14.7333 23.9306 0
      vertex -17.0281 24.9704 7.5
      vertex -14.7333 23.9306 7.5
    endloop
  endfacet
  facet normal 0.41272 0.910858 0
    outer loop
      vertex -17.0281 24.9704 7.5
      vertex -14.7333 23.9306 0
      vertex -17.0281 24.9704 0
    endloop
  endfacet
  facet normal -0.935913 -0.352232 0
    outer loop
      vertex 36.4568 71.8754 0
      vertex 35.5694 74.2333 7.5
      vertex 35.5694 74.2333 0
    endloop
  endfacet
  facet normal -0.935913 -0.352232 0
    outer loop
      vertex 35.5694 74.2333 7.5
      vertex 36.4568 71.8754 0
      vertex 36.4568 71.8754 7.5
    endloop
  endfacet
  facet normal 0.52806 -0.849207 0
    outer loop
      vertex -21.3895 91.5116 0
      vertex -19.25 92.842 7.5
      vertex -21.3895 91.5116 7.5
    endloop
  endfacet
  facet normal 0.52806 -0.849207 0
    outer loop
      vertex -19.25 92.842 7.5
      vertex -21.3895 91.5116 0
      vertex -19.25 92.842 0
    endloop
  endfacet
  facet normal -0.52806 -0.849207 0
    outer loop
      vertex 19.25 92.842 0
      vertex 21.3895 91.5116 7.5
      vertex 19.25 92.842 7.5
    endloop
  endfacet
  facet normal -0.52806 -0.849207 -0
    outer loop
      vertex 21.3895 91.5116 7.5
      vertex 19.25 92.842 0
      vertex 21.3895 91.5116 0
    endloop
  endfacet
  facet normal 0.683587 0.729869 -0
    outer loop
      vertex -25.3848 30.5542 0
      vertex -27.2236 32.2764 7.5
      vertex -25.3848 30.5542 7.5
    endloop
  endfacet
  facet normal 0.683587 0.729869 0
    outer loop
      vertex -27.2236 32.2764 7.5
      vertex -25.3848 30.5542 0
      vertex -27.2236 32.2764 0
    endloop
  endfacet
  facet normal -0.881926 0.471387 0
    outer loop
      vertex 33.342 40.25 0
      vertex 34.5296 42.4719 7.5
      vertex 34.5296 42.4719 0
    endloop
  endfacet
  facet normal -0.881926 0.471387 0
    outer loop
      vertex 34.5296 42.4719 7.5
      vertex 33.342 40.25 0
      vertex 33.342 40.25 7.5
    endloop
  endfacet
  facet normal 0.683587 -0.729869 0
    outer loop
      vertex -27.2236 86.7236 0
      vertex -25.3848 88.4458 7.5
      vertex -27.2236 86.7236 7.5
    endloop
  endfacet
  facet normal 0.683587 -0.729869 0
    outer loop
      vertex -25.3848 88.4458 7.5
      vertex -27.2236 86.7236 0
      vertex -25.3848 88.4458 0
    endloop
  endfacet
  facet normal -0.52806 0.849207 0
    outer loop
      vertex 21.3895 27.4884 0
      vertex 19.25 26.158 7.5
      vertex 21.3895 27.4884 7.5
    endloop
  endfacet
  facet normal -0.52806 0.849207 0
    outer loop
      vertex 19.25 26.158 7.5
      vertex 21.3895 27.4884 0
      vertex 19.25 26.158 0
    endloop
  endfacet
  facet normal 0.352232 -0.935913 0
    outer loop
      vertex -14.7333 95.0694 0
      vertex -12.3754 95.9568 7.5
      vertex -14.7333 95.0694 7.5
    endloop
  endfacet
  facet normal 0.352232 -0.935913 0
    outer loop
      vertex -12.3754 95.9568 7.5
      vertex -14.7333 95.0694 0
      vertex -12.3754 95.9568 0
    endloop
  endfacet
  facet normal 0.352232 0.935913 -0
    outer loop
      vertex -12.3754 23.0432 0
      vertex -14.7333 23.9306 7.5
      vertex -12.3754 23.0432 7.5
    endloop
  endfacet
  facet normal 0.352232 0.935913 0
    outer loop
      vertex -14.7333 23.9306 7.5
      vertex -12.3754 23.0432 0
      vertex -14.7333 23.9306 0
    endloop
  endfacet
  facet normal -0.910858 -0.41272 0
    outer loop
      vertex 35.5694 74.2333 0
      vertex 34.5296 76.5281 7.5
      vertex 34.5296 76.5281 0
    endloop
  endfacet
  facet normal -0.910858 -0.41272 0
    outer loop
      vertex 34.5296 76.5281 7.5
      vertex 35.5694 74.2333 0
      vertex 35.5694 74.2333 7.5
    endloop
  endfacet
  facet normal -0.162898 0.986643 0
    outer loop
      vertex 7.51098 21.7398 0
      vertex 5.02526 21.3294 7.5
      vertex 7.51098 21.7398 7.5
    endloop
  endfacet
  facet normal -0.162898 0.986643 0
    outer loop
      vertex 5.02526 21.3294 7.5
      vertex 7.51098 21.7398 0
      vertex 5.02526 21.3294 0
    endloop
  endfacet
  facet normal 0.41272 -0.910858 0
    outer loop
      vertex -17.0281 94.0296 0
      vertex -14.7333 95.0694 7.5
      vertex -17.0281 94.0296 7.5
    endloop
  endfacet
  facet normal 0.41272 -0.910858 0
    outer loop
      vertex -14.7333 95.0694 7.5
      vertex -17.0281 94.0296 0
      vertex -14.7333 95.0694 0
    endloop
  endfacet
  facet normal -0.352232 -0.935913 0
    outer loop
      vertex 12.3754 95.9568 0
      vertex 14.7333 95.0694 7.5
      vertex 12.3754 95.9568 7.5
    endloop
  endfacet
  facet normal -0.352232 -0.935913 -0
    outer loop
      vertex 14.7333 95.0694 7.5
      vertex 12.3754 95.9568 0
      vertex 14.7333 95.0694 0
    endloop
  endfacet
  facet normal -0.995183 0.0980378 0
    outer loop
      vertex 38.1706 54.4747 0
      vertex 38.4176 56.982 7.5
      vertex 38.4176 56.982 0
    endloop
  endfacet
  facet normal -0.995183 0.0980378 0
    outer loop
      vertex 38.4176 56.982 7.5
      vertex 38.1706 54.4747 0
      vertex 38.1706 54.4747 7.5
    endloop
  endfacet
  facet normal -0.956945 0.290271 0
    outer loop
      vertex 36.4568 47.1246 0
      vertex 37.1881 49.5355 7.5
      vertex 37.1881 49.5355 0
    endloop
  endfacet
  facet normal -0.956945 0.290271 0
    outer loop
      vertex 37.1881 49.5355 7.5
      vertex 36.4568 47.1246 0
      vertex 36.4568 47.1246 7.5
    endloop
  endfacet
  facet normal -0.0327066 -0.999465 0
    outer loop
      vertex 0 98 0
      vertex 2.51802 97.9176 7.5
      vertex 0 98 7.5
    endloop
  endfacet
  facet normal -0.0327066 -0.999465 -0
    outer loop
      vertex 2.51802 97.9176 7.5
      vertex 0 98 0
      vertex 2.51802 97.9176 0
    endloop
  endfacet
  facet normal -0.956945 -0.290271 0
    outer loop
      vertex 37.1881 69.4645 0
      vertex 36.4568 71.8754 7.5
      vertex 36.4568 71.8754 0
    endloop
  endfacet
  facet normal -0.956945 -0.290271 0
    outer loop
      vertex 36.4568 71.8754 7.5
      vertex 37.1881 69.4645 0
      vertex 37.1881 69.4645 7.5
    endloop
  endfacet
  facet normal 0.290274 -0.956944 0
    outer loop
      vertex -12.3754 95.9568 0
      vertex -9.96453 96.6881 7.5
      vertex -12.3754 95.9568 7.5
    endloop
  endfacet
  facet normal 0.290274 -0.956944 0
    outer loop
      vertex -9.96453 96.6881 7.5
      vertex -12.3754 95.9568 0
      vertex -9.96453 96.6881 0
    endloop
  endfacet
  facet normal 0.227081 0.973876 -0
    outer loop
      vertex -7.51098 21.7398 0
      vertex -9.96453 22.3119 7.5
      vertex -7.51098 21.7398 7.5
    endloop
  endfacet
  facet normal 0.227081 0.973876 0
    outer loop
      vertex -9.96453 22.3119 7.5
      vertex -7.51098 21.7398 0
      vertex -9.96453 22.3119 0
    endloop
  endfacet
  facet normal 0.935913 -0.352232 0
    outer loop
      vertex -36.4568 71.8754 7.5
      vertex -35.5694 74.2333 0
      vertex -35.5694 74.2333 7.5
    endloop
  endfacet
  facet normal 0.935913 -0.352232 0
    outer loop
      vertex -35.5694 74.2333 0
      vertex -36.4568 71.8754 7.5
      vertex -36.4568 71.8754 0
    endloop
  endfacet
  facet normal 0.0980401 0.995182 -0
    outer loop
      vertex -2.51802 21.0824 0
      vertex -5.02526 21.3294 7.5
      vertex -2.51802 21.0824 7.5
    endloop
  endfacet
  facet normal 0.0980401 0.995182 0
    outer loop
      vertex -5.02526 21.3294 7.5
      vertex -2.51802 21.0824 0
      vertex -5.02526 21.3294 0
    endloop
  endfacet
  facet normal 0.227081 -0.973876 0
    outer loop
      vertex -9.96453 96.6881 0
      vertex -7.51098 97.2602 7.5
      vertex -9.96453 96.6881 7.5
    endloop
  endfacet
  facet normal 0.227081 -0.973876 0
    outer loop
      vertex -7.51098 97.2602 7.5
      vertex -9.96453 96.6881 0
      vertex -7.51098 97.2602 0
    endloop
  endfacet
  facet normal 0.956945 -0.290271 0
    outer loop
      vertex -37.1881 69.4645 7.5
      vertex -36.4568 71.8754 0
      vertex -36.4568 71.8754 7.5
    endloop
  endfacet
  facet normal 0.956945 -0.290271 0
    outer loop
      vertex -36.4568 71.8754 0
      vertex -37.1881 69.4645 7.5
      vertex -37.1881 69.4645 0
    endloop
  endfacet
  facet normal 0.812834 -0.582495 0
    outer loop
      vertex -32.0116 80.8895 7.5
      vertex -30.5441 82.9373 0
      vertex -30.5441 82.9373 7.5
    endloop
  endfacet
  facet normal 0.812834 -0.582495 0
    outer loop
      vertex -30.5441 82.9373 0
      vertex -32.0116 80.8895 7.5
      vertex -32.0116 80.8895 0
    endloop
  endfacet
  facet normal 0.290274 0.956944 -0
    outer loop
      vertex -9.96453 22.3119 0
      vertex -12.3754 23.0432 7.5
      vertex -9.96453 22.3119 7.5
    endloop
  endfacet
  facet normal 0.290274 0.956944 0
    outer loop
      vertex -12.3754 23.0432 7.5
      vertex -9.96453 22.3119 0
      vertex -12.3754 23.0432 0
    endloop
  endfacet
  facet normal -0.999465 0.0327069 0
    outer loop
      vertex 38.4176 56.982 0
      vertex 38.5 59.5 7.5
      vertex 38.5 59.5 0
    endloop
  endfacet
  facet normal -0.999465 0.0327069 0
    outer loop
      vertex 38.5 59.5 7.5
      vertex 38.4176 56.982 0
      vertex 38.4176 56.982 7.5
    endloop
  endfacet
  facet normal -0.471387 0.881926 0
    outer loop
      vertex 19.25 26.158 0
      vertex 17.0281 24.9704 7.5
      vertex 19.25 26.158 7.5
    endloop
  endfacet
  facet normal -0.471387 0.881926 0
    outer loop
      vertex 17.0281 24.9704 7.5
      vertex 19.25 26.158 0
      vertex 17.0281 24.9704 0
    endloop
  endfacet
  facet normal 0.162898 -0.986643 0
    outer loop
      vertex -7.51098 97.2602 0
      vertex -5.02526 97.6706 7.5
      vertex -7.51098 97.2602 7.5
    endloop
  endfacet
  facet normal 0.162898 -0.986643 0
    outer loop
      vertex -5.02526 97.6706 7.5
      vertex -7.51098 97.2602 0
      vertex -5.02526 97.6706 0
    endloop
  endfacet
  facet normal 0.6344 0.773005 -0
    outer loop
      vertex -23.4373 28.9559 0
      vertex -25.3848 30.5542 7.5
      vertex -23.4373 28.9559 7.5
    endloop
  endfacet
  facet normal 0.6344 0.773005 0
    outer loop
      vertex -25.3848 30.5542 7.5
      vertex -23.4373 28.9559 0
      vertex -25.3848 30.5542 0
    endloop
  endfacet
  facet normal 0.956945 0.290271 0
    outer loop
      vertex -36.4568 47.1246 7.5
      vertex -37.1881 49.5355 0
      vertex -37.1881 49.5355 7.5
    endloop
  endfacet
  facet normal 0.956945 0.290271 0
    outer loop
      vertex -37.1881 49.5355 0
      vertex -36.4568 47.1246 7.5
      vertex -36.4568 47.1246 0
    endloop
  endfacet
  facet normal -0.683587 -0.729869 0
    outer loop
      vertex 25.3848 88.4458 0
      vertex 27.2236 86.7236 7.5
      vertex 25.3848 88.4458 7.5
    endloop
  endfacet
  facet normal -0.683587 -0.729869 -0
    outer loop
      vertex 27.2236 86.7236 7.5
      vertex 25.3848 88.4458 0
      vertex 27.2236 86.7236 0
    endloop
  endfacet
  facet normal -0.41272 -0.910858 0
    outer loop
      vertex 14.7333 95.0694 0
      vertex 17.0281 94.0296 7.5
      vertex 14.7333 95.0694 7.5
    endloop
  endfacet
  facet normal -0.41272 -0.910858 -0
    outer loop
      vertex 17.0281 94.0296 7.5
      vertex 14.7333 95.0694 0
      vertex 17.0281 94.0296 0
    endloop
  endfacet
  facet normal 0.0327066 -0.999465 0
    outer loop
      vertex -2.51802 97.9176 0
      vertex 0 98 7.5
      vertex -2.51802 97.9176 7.5
    endloop
  endfacet
  facet normal 0.0327066 -0.999465 0
    outer loop
      vertex 0 98 7.5
      vertex -2.51802 97.9176 0
      vertex 0 98 0
    endloop
  endfacet
  facet normal -0.0980401 -0.995182 0
    outer loop
      vertex 2.51802 97.9176 0
      vertex 5.02526 97.6706 7.5
      vertex 2.51802 97.9176 7.5
    endloop
  endfacet
  facet normal -0.0980401 -0.995182 -0
    outer loop
      vertex 5.02526 97.6706 7.5
      vertex 2.51802 97.9176 0
      vertex 5.02526 97.6706 0
    endloop
  endfacet
  facet normal 0.582495 -0.812834 0
    outer loop
      vertex -23.4373 90.0441 0
      vertex -21.3895 91.5116 7.5
      vertex -23.4373 90.0441 7.5
    endloop
  endfacet
  facet normal 0.582495 -0.812834 0
    outer loop
      vertex -21.3895 91.5116 7.5
      vertex -23.4373 90.0441 0
      vertex -21.3895 91.5116 0
    endloop
  endfacet
  facet normal 0.935913 0.352232 0
    outer loop
      vertex -35.5694 44.7667 7.5
      vertex -36.4568 47.1246 0
      vertex -36.4568 47.1246 7.5
    endloop
  endfacet
  facet normal 0.935913 0.352232 0
    outer loop
      vertex -36.4568 47.1246 0
      vertex -35.5694 44.7667 7.5
      vertex -35.5694 44.7667 0
    endloop
  endfacet
  facet normal 0.973875 -0.227085 0
    outer loop
      vertex -37.7602 67.011 7.5
      vertex -37.1881 69.4645 0
      vertex -37.1881 69.4645 7.5
    endloop
  endfacet
  facet normal 0.973875 -0.227085 0
    outer loop
      vertex -37.1881 69.4645 0
      vertex -37.7602 67.011 7.5
      vertex -37.7602 67.011 0
    endloop
  endfacet
  facet normal 0.881926 -0.471387 0
    outer loop
      vertex -34.5296 76.5281 7.5
      vertex -33.342 78.75 0
      vertex -33.342 78.75 7.5
    endloop
  endfacet
  facet normal 0.881926 -0.471387 0
    outer loop
      vertex -33.342 78.75 0
      vertex -34.5296 76.5281 7.5
      vertex -34.5296 76.5281 0
    endloop
  endfacet
  facet normal 0.999465 -0.0327069 0
    outer loop
      vertex -38.5 59.5 7.5
      vertex -38.4176 62.018 0
      vertex -38.4176 62.018 7.5
    endloop
  endfacet
  facet normal 0.999465 -0.0327069 0
    outer loop
      vertex -38.4176 62.018 0
      vertex -38.5 59.5 7.5
      vertex -38.5 59.5 0
    endloop
  endfacet
  facet normal 0.812834 0.582495 0
    outer loop
      vertex -30.5441 36.0627 7.5
      vertex -32.0116 38.1105 0
      vertex -32.0116 38.1105 7.5
    endloop
  endfacet
  facet normal 0.812834 0.582495 0
    outer loop
      vertex -32.0116 38.1105 0
      vertex -30.5441 36.0627 7.5
      vertex -30.5441 36.0627 0
    endloop
  endfacet
  facet normal -0.910858 0.41272 0
    outer loop
      vertex 34.5296 42.4719 0
      vertex 35.5694 44.7667 7.5
      vertex 35.5694 44.7667 0
    endloop
  endfacet
  facet normal -0.910858 0.41272 0
    outer loop
      vertex 35.5694 44.7667 7.5
      vertex 34.5296 42.4719 0
      vertex 34.5296 42.4719 7.5
    endloop
  endfacet
  facet normal 0.0980401 -0.995182 0
    outer loop
      vertex -5.02526 97.6706 0
      vertex -2.51802 97.9176 7.5
      vertex -5.02526 97.6706 7.5
    endloop
  endfacet
  facet normal 0.0980401 -0.995182 0
    outer loop
      vertex -2.51802 97.9176 7.5
      vertex -5.02526 97.6706 0
      vertex -2.51802 97.9176 0
    endloop
  endfacet
  facet normal 0.995183 0.0980378 0
    outer loop
      vertex -38.1706 54.4747 7.5
      vertex -38.4176 56.982 0
      vertex -38.4176 56.982 7.5
    endloop
  endfacet
  facet normal 0.995183 0.0980378 0
    outer loop
      vertex -38.4176 56.982 0
      vertex -38.1706 54.4747 7.5
      vertex -38.1706 54.4747 0
    endloop
  endfacet
  facet normal 0.52806 0.849207 -0
    outer loop
      vertex -19.25 26.158 0
      vertex -21.3895 27.4884 7.5
      vertex -19.25 26.158 7.5
    endloop
  endfacet
  facet normal 0.52806 0.849207 0
    outer loop
      vertex -21.3895 27.4884 7.5
      vertex -19.25 26.158 0
      vertex -21.3895 27.4884 0
    endloop
  endfacet
  facet normal -0.227081 -0.973876 0
    outer loop
      vertex 7.51098 97.2602 0
      vertex 9.96453 96.6881 7.5
      vertex 7.51098 97.2602 7.5
    endloop
  endfacet
  facet normal -0.227081 -0.973876 -0
    outer loop
      vertex 9.96453 96.6881 7.5
      vertex 7.51098 97.2602 0
      vertex 9.96453 96.6881 0
    endloop
  endfacet
  facet normal -0.729869 0.683587 0
    outer loop
      vertex 27.2236 32.2764 0
      vertex 28.9458 34.1152 7.5
      vertex 28.9458 34.1152 0
    endloop
  endfacet
  facet normal -0.729869 0.683587 0
    outer loop
      vertex 28.9458 34.1152 7.5
      vertex 27.2236 32.2764 0
      vertex 27.2236 32.2764 7.5
    endloop
  endfacet
  facet normal 0.471387 -0.881926 0
    outer loop
      vertex -19.25 92.842 0
      vertex -17.0281 94.0296 7.5
      vertex -19.25 92.842 7.5
    endloop
  endfacet
  facet normal 0.471387 -0.881926 0
    outer loop
      vertex -17.0281 94.0296 7.5
      vertex -19.25 92.842 0
      vertex -17.0281 94.0296 0
    endloop
  endfacet
  facet normal 0.849207 0.52806 0
    outer loop
      vertex -32.0116 38.1105 7.5
      vertex -33.342 40.25 0
      vertex -33.342 40.25 7.5
    endloop
  endfacet
  facet normal 0.849207 0.52806 0
    outer loop
      vertex -33.342 40.25 0
      vertex -32.0116 38.1105 7.5
      vertex -32.0116 38.1105 0
    endloop
  endfacet
  facet normal -0.986643 0.162899 0
    outer loop
      vertex 37.7602 51.989 0
      vertex 38.1706 54.4747 7.5
      vertex 38.1706 54.4747 0
    endloop
  endfacet
  facet normal -0.986643 0.162899 0
    outer loop
      vertex 38.1706 54.4747 7.5
      vertex 37.7602 51.989 0
      vertex 37.7602 51.989 7.5
    endloop
  endfacet
  facet normal -0.290274 -0.956944 0
    outer loop
      vertex 9.96453 96.6881 0
      vertex 12.3754 95.9568 7.5
      vertex 9.96453 96.6881 7.5
    endloop
  endfacet
  facet normal -0.290274 -0.956944 -0
    outer loop
      vertex 12.3754 95.9568 7.5
      vertex 9.96453 96.6881 0
      vertex 12.3754 95.9568 0
    endloop
  endfacet
  facet normal -0.352232 0.935913 0
    outer loop
      vertex 14.7333 23.9306 0
      vertex 12.3754 23.0432 7.5
      vertex 14.7333 23.9306 7.5
    endloop
  endfacet
  facet normal -0.352232 0.935913 0
    outer loop
      vertex 12.3754 23.0432 7.5
      vertex 14.7333 23.9306 0
      vertex 12.3754 23.0432 0
    endloop
  endfacet
  facet normal -0.729869 -0.683587 0
    outer loop
      vertex 28.9458 84.8848 0
      vertex 27.2236 86.7236 7.5
      vertex 27.2236 86.7236 0
    endloop
  endfacet
  facet normal -0.729869 -0.683587 0
    outer loop
      vertex 27.2236 86.7236 7.5
      vertex 28.9458 84.8848 0
      vertex 28.9458 84.8848 7.5
    endloop
  endfacet
  facet normal 0.881926 0.471387 0
    outer loop
      vertex -33.342 40.25 7.5
      vertex -34.5296 42.4719 0
      vertex -34.5296 42.4719 7.5
    endloop
  endfacet
  facet normal 0.881926 0.471387 0
    outer loop
      vertex -34.5296 42.4719 0
      vertex -33.342 40.25 7.5
      vertex -33.342 40.25 0
    endloop
  endfacet
  facet normal -0.0327066 0.999465 0
    outer loop
      vertex 2.51802 21.0824 0
      vertex 0 21 7.5
      vertex 2.51802 21.0824 7.5
    endloop
  endfacet
  facet normal -0.0327066 0.999465 0
    outer loop
      vertex 0 21 7.5
      vertex 2.51802 21.0824 0
      vertex 0 21 0
    endloop
  endfacet
  facet normal 0.0327066 0.999465 -0
    outer loop
      vertex 0 21 0
      vertex -2.51802 21.0824 7.5
      vertex 0 21 7.5
    endloop
  endfacet
  facet normal 0.0327066 0.999465 0
    outer loop
      vertex -2.51802 21.0824 7.5
      vertex 0 21 0
      vertex -2.51802 21.0824 0
    endloop
  endfacet
  facet normal 0.986643 -0.162899 0
    outer loop
      vertex -38.1706 64.5253 7.5
      vertex -37.7602 67.011 0
      vertex -37.7602 67.011 7.5
    endloop
  endfacet
  facet normal 0.986643 -0.162899 0
    outer loop
      vertex -37.7602 67.011 0
      vertex -38.1706 64.5253 7.5
      vertex -38.1706 64.5253 0
    endloop
  endfacet
  facet normal 0.729869 0.683587 0
    outer loop
      vertex -27.2236 32.2764 7.5
      vertex -28.9458 34.1152 0
      vertex -28.9458 34.1152 7.5
    endloop
  endfacet
  facet normal 0.729869 0.683587 0
    outer loop
      vertex -28.9458 34.1152 0
      vertex -27.2236 32.2764 7.5
      vertex -27.2236 32.2764 0
    endloop
  endfacet
  facet normal 0.773005 0.6344 0
    outer loop
      vertex -28.9458 34.1152 7.5
      vertex -30.5441 36.0627 0
      vertex -30.5441 36.0627 7.5
    endloop
  endfacet
  facet normal 0.773005 0.6344 0
    outer loop
      vertex -30.5441 36.0627 0
      vertex -28.9458 34.1152 7.5
      vertex -28.9458 34.1152 0
    endloop
  endfacet
  facet normal -0.849207 0.52806 0
    outer loop
      vertex 32.0116 38.1105 0
      vertex 33.342 40.25 7.5
      vertex 33.342 40.25 0
    endloop
  endfacet
  facet normal -0.849207 0.52806 0
    outer loop
      vertex 33.342 40.25 7.5
      vertex 32.0116 38.1105 0
      vertex 32.0116 38.1105 7.5
    endloop
  endfacet
  facet normal -0.6344 0.773005 0
    outer loop
      vertex 25.3848 30.5542 0
      vertex 23.4373 28.9559 7.5
      vertex 25.3848 30.5542 7.5
    endloop
  endfacet
  facet normal -0.6344 0.773005 0
    outer loop
      vertex 23.4373 28.9559 7.5
      vertex 25.3848 30.5542 0
      vertex 23.4373 28.9559 0
    endloop
  endfacet
  facet normal -0.162898 -0.986643 0
    outer loop
      vertex 5.02526 97.6706 0
      vertex 7.51098 97.2602 7.5
      vertex 5.02526 97.6706 7.5
    endloop
  endfacet
  facet normal -0.162898 -0.986643 -0
    outer loop
      vertex 7.51098 97.2602 7.5
      vertex 5.02526 97.6706 0
      vertex 7.51098 97.2602 0
    endloop
  endfacet
  facet normal 0.471387 0.881926 -0
    outer loop
      vertex -17.0281 24.9704 0
      vertex -19.25 26.158 7.5
      vertex -17.0281 24.9704 7.5
    endloop
  endfacet
  facet normal 0.471387 0.881926 0
    outer loop
      vertex -19.25 26.158 7.5
      vertex -17.0281 24.9704 0
      vertex -19.25 26.158 0
    endloop
  endfacet
  facet normal -1 0 0
    outer loop
      vertex 30 104 4
      vertex 30 124 6
      vertex 30 124 4
    endloop
  endfacet
  facet normal -1 -0 0
    outer loop
      vertex 30 124 6
      vertex 30 104 4
      vertex 30 104 6
    endloop
  endfacet
  facet normal 0 0 -1
    outer loop
      vertex 9.41583 104 6.05
      vertex 5.93894 104.611 6.05
      vertex 8.87661 104.126 6.05
    endloop
  endfacet
  facet normal 0 0 -1
    outer loop
      vertex 9.41583 104 6.05
      vertex 2.97584 104.903 6.05
      vertex 5.93894 104.611 6.05
    endloop
  endfacet
  facet normal 0 0 -1
    outer loop
      vertex 9.41583 104 6.05
      vertex 0 105 6.05
      vertex 2.97584 104.903 6.05
    endloop
  endfacet
  facet normal 0 0 -1
    outer loop
      vertex 9.41583 104 6.05
      vertex -2.97584 104.903 6.05
      vertex 0 105 6.05
    endloop
  endfacet
  facet normal 0 0 -1
    outer loop
      vertex 9.41583 104 6.05
      vertex -5.93894 104.611 6.05
      vertex -2.97584 104.903 6.05
    endloop
  endfacet
  facet normal 0 0 -1
    outer loop
      vertex -9.41583 104 6.05
      vertex -5.93894 104.611 6.05
      vertex 9.41583 104 6.05
    endloop
  endfacet
  facet normal 0 0 -1
    outer loop
      vertex -5.93894 104.611 6.05
      vertex -9.41583 104 6.05
      vertex -8.87661 104.126 6.05
    endloop
  endfacet
  facet normal 0 0 1
    outer loop
      vertex 30 124 4
      vertex 28.7 114 4
      vertex 30 104 4
    endloop
  endfacet
  facet normal 0 0 1
    outer loop
      vertex 30 124 4
      vertex 28.6421 114.44 4
      vertex 28.7 114 4
    endloop
  endfacet
  facet normal 0 0 1
    outer loop
      vertex 30 124 4
      vertex 28.4722 114.85 4
      vertex 28.6421 114.44 4
    endloop
  endfacet
  facet normal 0 0 1
    outer loop
      vertex 30 124 4
      vertex 28.2021 115.202 4
      vertex 28.4722 114.85 4
    endloop
  endfacet
  facet normal 0 0 1
    outer loop
      vertex 30 124 4
      vertex 27.85 115.472 4
      vertex 28.2021 115.202 4
    endloop
  endfacet
  facet normal 0 0 1
    outer loop
      vertex 30 124 4
      vertex 27.44 115.642 4
      vertex 27.85 115.472 4
    endloop
  endfacet
  facet normal 0 0 1
    outer loop
      vertex 30 124 4
      vertex 27 115.7 4
      vertex 27.44 115.642 4
    endloop
  endfacet
  facet normal -0 0 1
    outer loop
      vertex 22 119 4
      vertex 27 115.7 4
      vertex 30 124 4
    endloop
  endfacet
  facet normal 0 0 1
    outer loop
      vertex 27 115.7 4
      vertex 22 119 4
      vertex 26.56 115.642 4
    endloop
  endfacet
  facet normal 0 0 1
    outer loop
      vertex 26.56 115.642 4
      vertex 22 119 4
      vertex 26.15 115.472 4
    endloop
  endfacet
  facet normal 0 0 1
    outer loop
      vertex 26.15 115.472 4
      vertex 22 119 4
      vertex 25.7979 115.202 4
    endloop
  endfacet
  facet normal 0 0 1
    outer loop
      vertex 25.3579 114.44 4
      vertex 22 119 4
      vertex 25.3 114 4
    endloop
  endfacet
  facet normal 0 0 1
    outer loop
      vertex 25.5278 114.85 4
      vertex 22 119 4
      vertex 25.3579 114.44 4
    endloop
  endfacet
  facet normal 0 0 1
    outer loop
      vertex 25.7979 115.202 4
      vertex 22 119 4
      vertex 25.5278 114.85 4
    endloop
  endfacet
  facet normal 0 0 1
    outer loop
      vertex 30 124 4
      vertex -22 119 4
      vertex 22 119 4
    endloop
  endfacet
  facet normal 0 0 1
    outer loop
      vertex -22 119 4
      vertex -25.3 114 4
      vertex -22 109 4
    endloop
  endfacet
  facet normal 0 0 1
    outer loop
      vertex -22 119 4
      vertex -25.3579 114.44 4
      vertex -25.3 114 4
    endloop
  endfacet
  facet normal 0 0 1
    outer loop
      vertex -22 119 4
      vertex -25.5278 114.85 4
      vertex -25.3579 114.44 4
    endloop
  endfacet
  facet normal 0 0 1
    outer loop
      vertex -22 119 4
      vertex -25.7979 115.202 4
      vertex -25.5278 114.85 4
    endloop
  endfacet
  facet normal 0 0 1
    outer loop
      vertex -22 119 4
      vertex -26.15 115.472 4
      vertex -25.7979 115.202 4
    endloop
  endfacet
  facet normal 0 0 1
    outer loop
      vertex -22 119 4
      vertex -26.56 115.642 4
      vertex -26.15 115.472 4
    endloop
  endfacet
  facet normal 0 0 1
    outer loop
      vertex -22 119 4
      vertex -27 115.7 4
      vertex -26.56 115.642 4
    endloop
  endfacet
  facet normal 0 0 1
    outer loop
      vertex -30 124 4
      vertex -27 115.7 4
      vertex -22 119 4
    endloop
  endfacet
  facet normal 0 0 1
    outer loop
      vertex -27 115.7 4
      vertex -30 124 4
      vertex -27.44 115.642 4
    endloop
  endfacet
  facet normal 0 0 1
    outer loop
      vertex -28.6421 114.44 4
      vertex -30 124 4
      vertex -28.7 114 4
    endloop
  endfacet
  facet normal 0 0 1
    outer loop
      vertex -28.4722 114.85 4
      vertex -30 124 4
      vertex -28.6421 114.44 4
    endloop
  endfacet
  facet normal 0 0 1
    outer loop
      vertex -28.2021 115.202 4
      vertex -30 124 4
      vertex -28.4722 114.85 4
    endloop
  endfacet
  facet normal 0 0 1
    outer loop
      vertex -27.85 115.472 4
      vertex -30 124 4
      vertex -28.2021 115.202 4
    endloop
  endfacet
  facet normal 0 0 1
    outer loop
      vertex -27.44 115.642 4
      vertex -30 124 4
      vertex -27.85 115.472 4
    endloop
  endfacet
  facet normal -0 0 1
    outer loop
      vertex -30 124 4
      vertex -22 119 4
      vertex 30 124 4
    endloop
  endfacet
  facet normal -0 0 1
    outer loop
      vertex 28.6421 113.56 4
      vertex 30 104 4
      vertex 28.7 114 4
    endloop
  endfacet
  facet normal -0 0 1
    outer loop
      vertex 28.4722 113.15 4
      vertex 30 104 4
      vertex 28.6421 113.56 4
    endloop
  endfacet
  facet normal -0 0 1
    outer loop
      vertex 28.2021 112.798 4
      vertex 30 104 4
      vertex 28.4722 113.15 4
    endloop
  endfacet
  facet normal -0 0 1
    outer loop
      vertex 27.85 112.528 4
      vertex 30 104 4
      vertex 28.2021 112.798 4
    endloop
  endfacet
  facet normal -0 0 1
    outer loop
      vertex 27.44 112.358 4
      vertex 30 104 4
      vertex 27.85 112.528 4
    endloop
  endfacet
  facet normal -0 0 1
    outer loop
      vertex 27 112.3 4
      vertex 30 104 4
      vertex 27.44 112.358 4
    endloop
  endfacet
  facet normal 0 0 1
    outer loop
      vertex 22 109 4
      vertex 27 112.3 4
      vertex 26.56 112.358 4
    endloop
  endfacet
  facet normal 0 0 1
    outer loop
      vertex 22 109 4
      vertex 26.56 112.358 4
      vertex 26.15 112.528 4
    endloop
  endfacet
  facet normal 0 0 1
    outer loop
      vertex 22 109 4
      vertex 26.15 112.528 4
      vertex 25.7979 112.798 4
    endloop
  endfacet
  facet normal 0 0 1
    outer loop
      vertex 22 109 4
      vertex 25.7979 112.798 4
      vertex 25.5278 113.15 4
    endloop
  endfacet
  facet normal 0 0 1
    outer loop
      vertex 22 109 4
      vertex 25.3 114 4
      vertex 22 119 4
    endloop
  endfacet
  facet normal 0 0 1
    outer loop
      vertex 25.3 114 4
      vertex 22 109 4
      vertex 25.3579 113.56 4
    endloop
  endfacet
  facet normal 0 0 1
    outer loop
      vertex 25.3579 113.56 4
      vertex 22 109 4
      vertex 25.5278 113.15 4
    endloop
  endfacet
  facet normal 0 0 1
    outer loop
      vertex 27 112.3 4
      vertex 22 109 4
      vertex 30 104 4
    endloop
  endfacet
  facet normal -0 0 1
    outer loop
      vertex -22 109 4
      vertex 30 104 4
      vertex 22 109 4
    endloop
  endfacet
  facet normal -0 0 1
    outer loop
      vertex -25.3579 113.56 4
      vertex -22 109 4
      vertex -25.3 114 4
    endloop
  endfacet
  facet normal -0 0 1
    outer loop
      vertex -25.5278 113.15 4
      vertex -22 109 4
      vertex -25.3579 113.56 4
    endloop
  endfacet
  facet normal -0 0 1
    outer loop
      vertex -25.7979 112.798 4
      vertex -22 109 4
      vertex -25.5278 113.15 4
    endloop
  endfacet
  facet normal -0 0 1
    outer loop
      vertex -26.15 112.528 4
      vertex -22 109 4
      vertex -25.7979 112.798 4
    endloop
  endfacet
  facet normal -0 0 1
    outer loop
      vertex -26.56 112.358 4
      vertex -22 109 4
      vertex -26.15 112.528 4
    endloop
  endfacet
  facet normal -0 0 1
    outer loop
      vertex -27 112.3 4
      vertex -22 109 4
      vertex -26.56 112.358 4
    endloop
  endfacet
  facet normal 0 0 1
    outer loop
      vertex -30 104 4
      vertex -27 112.3 4
      vertex -27.44 112.358 4
    endloop
  endfacet
  facet normal 0 0 1
    outer loop
      vertex -30 104 4
      vertex -27.44 112.358 4
      vertex -27.85 112.528 4
    endloop
  endfacet
  facet normal 0 0 1
    outer loop
      vertex -22 109 4
      vertex -30 104 4
      vertex 30 104 4
    endloop
  endfacet
  facet normal 0 0 1
    outer loop
      vertex -27 112.3 4
      vertex -30 104 4
      vertex -22 109 4
    endloop
  endfacet
  facet normal 0 0 1
    outer loop
      vertex -28.2021 112.798 4
      vertex -30 104 4
      vertex -27.85 112.528 4
    endloop
  endfacet
  facet normal 0 0 1
    outer loop
      vertex -28.4722 113.15 4
      vertex -30 104 4
      vertex -28.2021 112.798 4
    endloop
  endfacet
  facet normal 0 0 1
    outer loop
      vertex -28.6421 113.56 4
      vertex -30 104 4
      vertex -28.4722 113.15 4
    endloop
  endfacet
  facet normal 0 0 1
    outer loop
      vertex -28.7 114 4
      vertex -30 104 4
      vertex -28.6421 113.56 4
    endloop
  endfacet
  facet normal 0 0 1
    outer loop
      vertex -30 104 4
      vertex -28.7 114 4
      vertex -30 124 4
    endloop
  endfacet
  facet normal 1 -0 0
    outer loop
      vertex -30 104 6
      vertex -30 124 4
      vertex -30 124 6
    endloop
  endfacet
  facet normal 1 0 0
    outer loop
      vertex -30 124 4
      vertex -30 104 6
      vertex -30 104 4
    endloop
  endfacet
  facet normal 0 -1 0
    outer loop
      vertex -30 124 4
      vertex 30 124 6
      vertex -30 124 6
    endloop
  endfacet
  facet normal 0 -1 -0
    outer loop
      vertex 30 124 6
      vertex -30 124 4
      vertex 30 124 4
    endloop
  endfacet
  facet normal 0 1 -0
    outer loop
      vertex 30 104 4
      vertex 9.41583 104 6
      vertex 30 104 6
    endloop
  endfacet
  facet normal 0 1 0
    outer loop
      vertex 9.41583 104 6
      vertex 30 104 4
      vertex -9.41583 104 6
    endloop
  endfacet
  facet normal 0 1 0
    outer loop
      vertex -30 104 4
      vertex -9.41583 104 6
      vertex 30 104 4
    endloop
  endfacet
  facet normal 0 1 0
    outer loop
      vertex -9.41583 104 6
      vertex -30 104 4
      vertex -30 104 6
    endloop
  endfacet
  facet normal 0 1 -0
    outer loop
      vertex 9.41583 104 6
      vertex -9.41583 104 6.05
      vertex 9.41583 104 6.05
    endloop
  endfacet
  facet normal 0 1 0
    outer loop
      vertex -9.41583 104 6.05
      vertex 9.41583 104 6
      vertex -9.41583 104 6
    endloop
  endfacet
  facet normal -1 0 0
    outer loop
      vertex 22 109 0
      vertex 22 119 4
      vertex 22 119 0
    endloop
  endfacet
  facet normal -1 -0 0
    outer loop
      vertex 22 119 4
      vertex 22 109 0
      vertex 22 109 4
    endloop
  endfacet
  facet normal 1 -0 0
    outer loop
      vertex -22 109 4
      vertex -22 119 0
      vertex -22 119 4
    endloop
  endfacet
  facet normal 1 0 0
    outer loop
      vertex -22 119 0
      vertex -22 109 4
      vertex -22 109 0
    endloop
  endfacet
  facet normal 0 -1 0
    outer loop
      vertex -22 119 0
      vertex 22 119 4
      vertex -22 119 4
    endloop
  endfacet
  facet normal 0 -1 -0
    outer loop
      vertex 22 119 4
      vertex -22 119 0
      vertex 22 119 0
    endloop
  endfacet
  facet normal 0 1 -0
    outer loop
      vertex 22 109 0
      vertex -22 109 4
      vertex 22 109 4
    endloop
  endfacet
  facet normal 0 1 0
    outer loop
      vertex -22 109 4
      vertex 22 109 0
      vertex -22 109 0
    endloop
  endfacet
endsolid OpenSCAD_Model
