solid OpenSCAD_Model
  facet normal -0.923822 -0.382823 0
    outer loop
      vertex 13.4421 30.24 0
      vertex 13.2722 30.65 4
      vertex 13.2722 30.65 0
    endloop
  endfacet
  facet normal -0.923822 -0.382823 0
    outer loop
      vertex 13.2722 30.65 4
      vertex 13.4421 30.24 0
      vertex 13.4421 30.24 4
    endloop
  endfacet
  facet normal -0.991453 -0.130466 0
    outer loop
      vertex 13.5 29.8 0
      vertex 13.4421 30.24 4
      vertex 13.4421 30.24 0
    endloop
  endfacet
  facet normal -0.991453 -0.130466 0
    outer loop
      vertex 13.4421 30.24 4
      vertex 13.5 29.8 0
      vertex 13.5 29.8 4
    endloop
  endfacet
  facet normal -0.793436 -0.608654 0
    outer loop
      vertex 13.2722 30.65 0
      vertex 13.0021 31.0021 4
      vertex 13.0021 31.0021 0
    endloop
  endfacet
  facet normal -0.793436 -0.608654 0
    outer loop
      vertex 13.0021 31.0021 4
      vertex 13.2722 30.65 0
      vertex 13.2722 30.65 4
    endloop
  endfacet
  facet normal 0.923822 0.382823 0
    outer loop
      vertex 10.3278 28.95 4
      vertex 10.1579 29.36 0
      vertex 10.1579 29.36 4
    endloop
  endfacet
  facet normal 0.923822 0.382823 0
    outer loop
      vertex 10.1579 29.36 0
      vertex 10.3278 28.95 4
      vertex 10.3278 28.95 0
    endloop
  endfacet
  facet normal -0.793436 0.608654 0
    outer loop
      vertex 13.0021 28.5979 0
      vertex 13.2722 28.95 4
      vertex 13.2722 28.95 0
    endloop
  endfacet
  facet normal -0.793436 0.608654 0
    outer loop
      vertex 13.2722 28.95 4
      vertex 13.0021 28.5979 0
      vertex 13.0021 28.5979 4
    endloop
  endfacet
  facet normal -0.130466 0.991453 0
    outer loop
      vertex 12.24 28.1579 0
      vertex 11.8 28.1 4
      vertex 12.24 28.1579 4
    endloop
  endfacet
  facet normal -0.130466 0.991453 0
    outer loop
      vertex 11.8 28.1 4
      vertex 12.24 28.1579 0
      vertex 11.8 28.1 0
    endloop
  endfacet
  facet normal -0.382823 0.923822 0
    outer loop
      vertex 12.65 28.3278 0
      vertex 12.24 28.1579 4
      vertex 12.65 28.3278 4
    endloop
  endfacet
  facet normal -0.382823 0.923822 0
    outer loop
      vertex 12.24 28.1579 4
      vertex 12.65 28.3278 0
      vertex 12.24 28.1579 0
    endloop
  endfacet
  facet normal -0.608654 -0.793436 0
    outer loop
      vertex 12.65 31.2722 0
      vertex 13.0021 31.0021 4
      vertex 12.65 31.2722 4
    endloop
  endfacet
  facet normal -0.608654 -0.793436 -0
    outer loop
      vertex 13.0021 31.0021 4
      vertex 12.65 31.2722 0
      vertex 13.0021 31.0021 0
    endloop
  endfacet
  facet normal -0.608654 0.793436 0
    outer loop
      vertex 13.0021 28.5979 0
      vertex 12.65 28.3278 4
      vertex 13.0021 28.5979 4
    endloop
  endfacet
  facet normal -0.608654 0.793436 0
    outer loop
      vertex 12.65 28.3278 4
      vertex 13.0021 28.5979 0
      vertex 12.65 28.3278 0
    endloop
  endfacet
  facet normal 0.793436 0.608654 0
    outer loop
      vertex 10.5979 28.5979 4
      vertex 10.3278 28.95 0
      vertex 10.3278 28.95 4
    endloop
  endfacet
  facet normal 0.793436 0.608654 0
    outer loop
      vertex 10.3278 28.95 0
      vertex 10.5979 28.5979 4
      vertex 10.5979 28.5979 0
    endloop
  endfacet
  facet normal 0.991453 0.130466 0
    outer loop
      vertex 10.1579 29.36 4
      vertex 10.1 29.8 0
      vertex 10.1 29.8 4
    endloop
  endfacet
  facet normal 0.991453 0.130466 0
    outer loop
      vertex 10.1 29.8 0
      vertex 10.1579 29.36 4
      vertex 10.1579 29.36 0
    endloop
  endfacet
  facet normal 0.608654 0.793436 -0
    outer loop
      vertex 10.95 28.3278 0
      vertex 10.5979 28.5979 4
      vertex 10.95 28.3278 4
    endloop
  endfacet
  facet normal 0.608654 0.793436 0
    outer loop
      vertex 10.5979 28.5979 4
      vertex 10.95 28.3278 0
      vertex 10.5979 28.5979 0
    endloop
  endfacet
  facet normal -0.923822 0.382823 0
    outer loop
      vertex 13.2722 28.95 0
      vertex 13.4421 29.36 4
      vertex 13.4421 29.36 0
    endloop
  endfacet
  facet normal -0.923822 0.382823 0
    outer loop
      vertex 13.4421 29.36 4
      vertex 13.2722 28.95 0
      vertex 13.2722 28.95 4
    endloop
  endfacet
  facet normal 0.608654 -0.793436 0
    outer loop
      vertex 10.5979 31.0021 0
      vertex 10.95 31.2722 4
      vertex 10.5979 31.0021 4
    endloop
  endfacet
  facet normal 0.608654 -0.793436 0
    outer loop
      vertex 10.95 31.2722 4
      vertex 10.5979 31.0021 0
      vertex 10.95 31.2722 0
    endloop
  endfacet
  facet normal -0.382823 -0.923822 0
    outer loop
      vertex 12.24 31.4421 0
      vertex 12.65 31.2722 4
      vertex 12.24 31.4421 4
    endloop
  endfacet
  facet normal -0.382823 -0.923822 -0
    outer loop
      vertex 12.65 31.2722 4
      vertex 12.24 31.4421 0
      vertex 12.65 31.2722 0
    endloop
  endfacet
  facet normal -0.991453 0.130466 0
    outer loop
      vertex 13.4421 29.36 0
      vertex 13.5 29.8 4
      vertex 13.5 29.8 0
    endloop
  endfacet
  facet normal -0.991453 0.130466 0
    outer loop
      vertex 13.5 29.8 4
      vertex 13.4421 29.36 0
      vertex 13.4421 29.36 4
    endloop
  endfacet
  facet normal -0.130466 -0.991453 0
    outer loop
      vertex 11.8 31.5 0
      vertex 12.24 31.4421 4
      vertex 11.8 31.5 4
    endloop
  endfacet
  facet normal -0.130466 -0.991453 -0
    outer loop
      vertex 12.24 31.4421 4
      vertex 11.8 31.5 0
      vertex 12.24 31.4421 0
    endloop
  endfacet
  facet normal 0.130466 0.991453 -0
    outer loop
      vertex 11.8 28.1 0
      vertex 11.36 28.1579 4
      vertex 11.8 28.1 4
    endloop
  endfacet
  facet normal 0.130466 0.991453 0
    outer loop
      vertex 11.36 28.1579 4
      vertex 11.8 28.1 0
      vertex 11.36 28.1579 0
    endloop
  endfacet
  facet normal 0.130466 -0.991453 0
    outer loop
      vertex 11.36 31.4421 0
      vertex 11.8 31.5 4
      vertex 11.36 31.4421 4
    endloop
  endfacet
  facet normal 0.130466 -0.991453 0
    outer loop
      vertex 11.8 31.5 4
      vertex 11.36 31.4421 0
      vertex 11.8 31.5 0
    endloop
  endfacet
  facet normal 0.793436 -0.608654 0
    outer loop
      vertex 10.3278 30.65 4
      vertex 10.5979 31.0021 0
      vertex 10.5979 31.0021 4
    endloop
  endfacet
  facet normal 0.793436 -0.608654 0
    outer loop
      vertex 10.5979 31.0021 0
      vertex 10.3278 30.65 4
      vertex 10.3278 30.65 0
    endloop
  endfacet
  facet normal 0.991453 -0.130466 0
    outer loop
      vertex 10.1 29.8 4
      vertex 10.1579 30.24 0
      vertex 10.1579 30.24 4
    endloop
  endfacet
  facet normal 0.991453 -0.130466 0
    outer loop
      vertex 10.1579 30.24 0
      vertex 10.1 29.8 4
      vertex 10.1 29.8 0
    endloop
  endfacet
  facet normal 0.382823 -0.923822 0
    outer loop
      vertex 10.95 31.2722 0
      vertex 11.36 31.4421 4
      vertex 10.95 31.2722 4
    endloop
  endfacet
  facet normal 0.382823 -0.923822 0
    outer loop
      vertex 11.36 31.4421 4
      vertex 10.95 31.2722 0
      vertex 11.36 31.4421 0
    endloop
  endfacet
  facet normal 0.923822 -0.382823 0
    outer loop
      vertex 10.1579 30.24 4
      vertex 10.3278 30.65 0
      vertex 10.3278 30.65 4
    endloop
  endfacet
  facet normal 0.923822 -0.382823 0
    outer loop
      vertex 10.3278 30.65 0
      vertex 10.1579 30.24 4
      vertex 10.1579 30.24 0
    endloop
  endfacet
  facet normal 0.382823 0.923822 -0
    outer loop
      vertex 11.36 28.1579 0
      vertex 10.95 28.3278 4
      vertex 11.36 28.1579 4
    endloop
  endfacet
  facet normal 0.382823 0.923822 0
    outer loop
      vertex 10.95 28.3278 4
      vertex 11.36 28.1579 0
      vertex 10.95 28.3278 0
    endloop
  endfacet
  facet normal -0.923822 -0.382823 0
    outer loop
      vertex 84.9421 66.74 0
      vertex 84.7722 67.15 4
      vertex 84.7722 67.15 0
    endloop
  endfacet
  facet normal -0.923822 -0.382823 0
    outer loop
      vertex 84.7722 67.15 4
      vertex 84.9421 66.74 0
      vertex 84.9421 66.74 4
    endloop
  endfacet
  facet normal -0.991453 -0.130466 0
    outer loop
      vertex 85 66.3 0
      vertex 84.9421 66.74 4
      vertex 84.9421 66.74 0
    endloop
  endfacet
  facet normal -0.991453 -0.130466 0
    outer loop
      vertex 84.9421 66.74 4
      vertex 85 66.3 0
      vertex 85 66.3 4
    endloop
  endfacet
  facet normal -0.793436 -0.608654 0
    outer loop
      vertex 84.7722 67.15 0
      vertex 84.5021 67.5021 4
      vertex 84.5021 67.5021 0
    endloop
  endfacet
  facet normal -0.793436 -0.608654 0
    outer loop
      vertex 84.5021 67.5021 4
      vertex 84.7722 67.15 0
      vertex 84.7722 67.15 4
    endloop
  endfacet
  facet normal 0.923822 0.382823 0
    outer loop
      vertex 81.8278 65.45 4
      vertex 81.6579 65.86 0
      vertex 81.6579 65.86 4
    endloop
  endfacet
  facet normal 0.923822 0.382823 0
    outer loop
      vertex 81.6579 65.86 0
      vertex 81.8278 65.45 4
      vertex 81.8278 65.45 0
    endloop
  endfacet
  facet normal -0.793436 0.608654 0
    outer loop
      vertex 84.5021 65.0979 0
      vertex 84.7722 65.45 4
      vertex 84.7722 65.45 0
    endloop
  endfacet
  facet normal -0.793436 0.608654 0
    outer loop
      vertex 84.7722 65.45 4
      vertex 84.5021 65.0979 0
      vertex 84.5021 65.0979 4
    endloop
  endfacet
  facet normal -0.130466 0.991453 0
    outer loop
      vertex 83.74 64.6579 0
      vertex 83.3 64.6 4
      vertex 83.74 64.6579 4
    endloop
  endfacet
  facet normal -0.130466 0.991453 0
    outer loop
      vertex 83.3 64.6 4
      vertex 83.74 64.6579 0
      vertex 83.3 64.6 0
    endloop
  endfacet
  facet normal -0.382823 0.923822 0
    outer loop
      vertex 84.15 64.8278 0
      vertex 83.74 64.6579 4
      vertex 84.15 64.8278 4
    endloop
  endfacet
  facet normal -0.382823 0.923822 0
    outer loop
      vertex 83.74 64.6579 4
      vertex 84.15 64.8278 0
      vertex 83.74 64.6579 0
    endloop
  endfacet
  facet normal -0.608654 -0.793436 0
    outer loop
      vertex 84.15 67.7722 0
      vertex 84.5021 67.5021 4
      vertex 84.15 67.7722 4
    endloop
  endfacet
  facet normal -0.608654 -0.793436 -0
    outer loop
      vertex 84.5021 67.5021 4
      vertex 84.15 67.7722 0
      vertex 84.5021 67.5021 0
    endloop
  endfacet
  facet normal -0.608654 0.793436 0
    outer loop
      vertex 84.5021 65.0979 0
      vertex 84.15 64.8278 4
      vertex 84.5021 65.0979 4
    endloop
  endfacet
  facet normal -0.608654 0.793436 0
    outer loop
      vertex 84.15 64.8278 4
      vertex 84.5021 65.0979 0
      vertex 84.15 64.8278 0
    endloop
  endfacet
  facet normal 0.793436 0.608654 0
    outer loop
      vertex 82.0979 65.0979 4
      vertex 81.8278 65.45 0
      vertex 81.8278 65.45 4
    endloop
  endfacet
  facet normal 0.793436 0.608654 0
    outer loop
      vertex 81.8278 65.45 0
      vertex 82.0979 65.0979 4
      vertex 82.0979 65.0979 0
    endloop
  endfacet
  facet normal 0.991453 0.130466 0
    outer loop
      vertex 81.6579 65.86 4
      vertex 81.6 66.3 0
      vertex 81.6 66.3 4
    endloop
  endfacet
  facet normal 0.991453 0.130466 0
    outer loop
      vertex 81.6 66.3 0
      vertex 81.6579 65.86 4
      vertex 81.6579 65.86 0
    endloop
  endfacet
  facet normal 0.608654 0.793436 -0
    outer loop
      vertex 82.45 64.8278 0
      vertex 82.0979 65.0979 4
      vertex 82.45 64.8278 4
    endloop
  endfacet
  facet normal 0.608654 0.793436 0
    outer loop
      vertex 82.0979 65.0979 4
      vertex 82.45 64.8278 0
      vertex 82.0979 65.0979 0
    endloop
  endfacet
  facet normal -0.923822 0.382823 0
    outer loop
      vertex 84.7722 65.45 0
      vertex 84.9421 65.86 4
      vertex 84.9421 65.86 0
    endloop
  endfacet
  facet normal -0.923822 0.382823 0
    outer loop
      vertex 84.9421 65.86 4
      vertex 84.7722 65.45 0
      vertex 84.7722 65.45 4
    endloop
  endfacet
  facet normal 0.608654 -0.793436 0
    outer loop
      vertex 82.0979 67.5021 0
      vertex 82.45 67.7722 4
      vertex 82.0979 67.5021 4
    endloop
  endfacet
  facet normal 0.608654 -0.793436 0
    outer loop
      vertex 82.45 67.7722 4
      vertex 82.0979 67.5021 0
      vertex 82.45 67.7722 0
    endloop
  endfacet
  facet normal -0.382823 -0.923822 0
    outer loop
      vertex 83.74 67.9421 0
      vertex 84.15 67.7722 4
      vertex 83.74 67.9421 4
    endloop
  endfacet
  facet normal -0.382823 -0.923822 -0
    outer loop
      vertex 84.15 67.7722 4
      vertex 83.74 67.9421 0
      vertex 84.15 67.7722 0
    endloop
  endfacet
  facet normal -0.991453 0.130466 0
    outer loop
      vertex 84.9421 65.86 0
      vertex 85 66.3 4
      vertex 85 66.3 0
    endloop
  endfacet
  facet normal -0.991453 0.130466 0
    outer loop
      vertex 85 66.3 4
      vertex 84.9421 65.86 0
      vertex 84.9421 65.86 4
    endloop
  endfacet
  facet normal -0.130466 -0.991453 0
    outer loop
      vertex 83.3 68 0
      vertex 83.74 67.9421 4
      vertex 83.3 68 4
    endloop
  endfacet
  facet normal -0.130466 -0.991453 -0
    outer loop
      vertex 83.74 67.9421 4
      vertex 83.3 68 0
      vertex 83.74 67.9421 0
    endloop
  endfacet
  facet normal 0.130466 0.991453 -0
    outer loop
      vertex 83.3 64.6 0
      vertex 82.86 64.6579 4
      vertex 83.3 64.6 4
    endloop
  endfacet
  facet normal 0.130466 0.991453 0
    outer loop
      vertex 82.86 64.6579 4
      vertex 83.3 64.6 0
      vertex 82.86 64.6579 0
    endloop
  endfacet
  facet normal 0.130466 -0.991453 0
    outer loop
      vertex 82.86 67.9421 0
      vertex 83.3 68 4
      vertex 82.86 67.9421 4
    endloop
  endfacet
  facet normal 0.130466 -0.991453 0
    outer loop
      vertex 83.3 68 4
      vertex 82.86 67.9421 0
      vertex 83.3 68 0
    endloop
  endfacet
  facet normal 0.793436 -0.608654 0
    outer loop
      vertex 81.8278 67.15 4
      vertex 82.0979 67.5021 0
      vertex 82.0979 67.5021 4
    endloop
  endfacet
  facet normal 0.793436 -0.608654 0
    outer loop
      vertex 82.0979 67.5021 0
      vertex 81.8278 67.15 4
      vertex 81.8278 67.15 0
    endloop
  endfacet
  facet normal 0.991453 -0.130466 0
    outer loop
      vertex 81.6 66.3 4
      vertex 81.6579 66.74 0
      vertex 81.6579 66.74 4
    endloop
  endfacet
  facet normal 0.991453 -0.130466 0
    outer loop
      vertex 81.6579 66.74 0
      vertex 81.6 66.3 4
      vertex 81.6 66.3 0
    endloop
  endfacet
  facet normal 0.382823 -0.923822 0
    outer loop
      vertex 82.45 67.7722 0
      vertex 82.86 67.9421 4
      vertex 82.45 67.7722 4
    endloop
  endfacet
  facet normal 0.382823 -0.923822 0
    outer loop
      vertex 82.86 67.9421 4
      vertex 82.45 67.7722 0
      vertex 82.86 67.9421 0
    endloop
  endfacet
  facet normal 0.923822 -0.382823 0
    outer loop
      vertex 81.6579 66.74 4
      vertex 81.8278 67.15 0
      vertex 81.8278 67.15 4
    endloop
  endfacet
  facet normal 0.923822 -0.382823 0
    outer loop
      vertex 81.8278 67.15 0
      vertex 81.6579 66.74 4
      vertex 81.6579 66.74 0
    endloop
  endfacet
  facet normal 0.382823 0.923822 -0
    outer loop
      vertex 82.86 64.6579 0
      vertex 82.45 64.8278 4
      vertex 82.86 64.6579 4
    endloop
  endfacet
  facet normal 0.382823 0.923822 0
    outer loop
      vertex 82.45 64.8278 4
      vertex 82.86 64.6579 0
      vertex 82.45 64.8278 0
    endloop
  endfacet
  facet normal 0.382823 -0.923822 0
    outer loop
      vertex 9.65 96.4722 0
      vertex 10.06 96.6421 4
      vertex 9.65 96.4722 4
    endloop
  endfacet
  facet normal 0.382823 -0.923822 0
    outer loop
      vertex 10.06 96.6421 4
      vertex 9.65 96.4722 0
      vertex 10.06 96.6421 0
    endloop
  endfacet
  facet normal -0.923822 -0.382823 0
    outer loop
      vertex 12.1421 95.44 0
      vertex 11.9722 95.85 4
      vertex 11.9722 95.85 0
    endloop
  endfacet
  facet normal -0.923822 -0.382823 0
    outer loop
      vertex 11.9722 95.85 4
      vertex 12.1421 95.44 0
      vertex 12.1421 95.44 4
    endloop
  endfacet
  facet normal 0.923878 0.382688 0
    outer loop
      vertex 9.02776 94.15 4
      vertex 8.85793 94.56 0
      vertex 8.85793 94.56 4
    endloop
  endfacet
  facet normal 0.923878 0.382688 0
    outer loop
      vertex 8.85793 94.56 0
      vertex 9.02776 94.15 4
      vertex 9.02776 94.15 0
    endloop
  endfacet
  facet normal -0.793436 0.608654 0
    outer loop
      vertex 11.7021 93.7979 0
      vertex 11.9722 94.15 4
      vertex 11.9722 94.15 0
    endloop
  endfacet
  facet normal -0.793436 0.608654 0
    outer loop
      vertex 11.9722 94.15 4
      vertex 11.7021 93.7979 0
      vertex 11.7021 93.7979 4
    endloop
  endfacet
  facet normal -0.991453 0.130466 0
    outer loop
      vertex 12.1421 94.56 0
      vertex 12.2 95 4
      vertex 12.2 95 0
    endloop
  endfacet
  facet normal -0.991453 0.130466 0
    outer loop
      vertex 12.2 95 4
      vertex 12.1421 94.56 0
      vertex 12.1421 94.56 4
    endloop
  endfacet
  facet normal 0.382823 0.923822 -0
    outer loop
      vertex 10.06 93.3579 0
      vertex 9.65 93.5278 4
      vertex 10.06 93.3579 4
    endloop
  endfacet
  facet normal 0.382823 0.923822 0
    outer loop
      vertex 9.65 93.5278 4
      vertex 10.06 93.3579 0
      vertex 9.65 93.5278 0
    endloop
  endfacet
  facet normal -0.991453 -0.130466 0
    outer loop
      vertex 12.2 95 0
      vertex 12.1421 95.44 4
      vertex 12.1421 95.44 0
    endloop
  endfacet
  facet normal -0.991453 -0.130466 0
    outer loop
      vertex 12.1421 95.44 4
      vertex 12.2 95 0
      vertex 12.2 95 4
    endloop
  endfacet
  facet normal -0.608654 0.793436 0
    outer loop
      vertex 11.7021 93.7979 0
      vertex 11.35 93.5278 4
      vertex 11.7021 93.7979 4
    endloop
  endfacet
  facet normal -0.608654 0.793436 0
    outer loop
      vertex 11.35 93.5278 4
      vertex 11.7021 93.7979 0
      vertex 11.35 93.5278 0
    endloop
  endfacet
  facet normal -0.608654 -0.793436 0
    outer loop
      vertex 11.35 96.4722 0
      vertex 11.7021 96.2021 4
      vertex 11.35 96.4722 4
    endloop
  endfacet
  facet normal -0.608654 -0.793436 -0
    outer loop
      vertex 11.7021 96.2021 4
      vertex 11.35 96.4722 0
      vertex 11.7021 96.2021 0
    endloop
  endfacet
  facet normal 0.130466 -0.991453 0
    outer loop
      vertex 10.06 96.6421 0
      vertex 10.5 96.7 4
      vertex 10.06 96.6421 4
    endloop
  endfacet
  facet normal 0.130466 -0.991453 0
    outer loop
      vertex 10.5 96.7 4
      vertex 10.06 96.6421 0
      vertex 10.5 96.7 0
    endloop
  endfacet
  facet normal 0.923878 -0.382688 0
    outer loop
      vertex 8.85793 95.44 4
      vertex 9.02776 95.85 0
      vertex 9.02776 95.85 4
    endloop
  endfacet
  facet normal 0.923878 -0.382688 0
    outer loop
      vertex 9.02776 95.85 0
      vertex 8.85793 95.44 4
      vertex 8.85793 95.44 0
    endloop
  endfacet
  facet normal -0.793436 -0.608654 0
    outer loop
      vertex 11.9722 95.85 0
      vertex 11.7021 96.2021 4
      vertex 11.7021 96.2021 0
    endloop
  endfacet
  facet normal -0.793436 -0.608654 0
    outer loop
      vertex 11.7021 96.2021 4
      vertex 11.9722 95.85 0
      vertex 11.9722 95.85 4
    endloop
  endfacet
  facet normal 0.793371 0.608739 0
    outer loop
      vertex 9.29792 93.7979 4
      vertex 9.02776 94.15 0
      vertex 9.02776 94.15 4
    endloop
  endfacet
  facet normal 0.793371 0.608739 0
    outer loop
      vertex 9.02776 94.15 0
      vertex 9.29792 93.7979 4
      vertex 9.29792 93.7979 0
    endloop
  endfacet
  facet normal 0.991444 -0.130533 0
    outer loop
      vertex 8.8 95 4
      vertex 8.85793 95.44 0
      vertex 8.85793 95.44 4
    endloop
  endfacet
  facet normal 0.991444 -0.130533 0
    outer loop
      vertex 8.85793 95.44 0
      vertex 8.8 95 4
      vertex 8.8 95 0
    endloop
  endfacet
  facet normal -0.382823 -0.923822 0
    outer loop
      vertex 10.94 96.6421 0
      vertex 11.35 96.4722 4
      vertex 10.94 96.6421 4
    endloop
  endfacet
  facet normal -0.382823 -0.923822 -0
    outer loop
      vertex 11.35 96.4722 4
      vertex 10.94 96.6421 0
      vertex 11.35 96.4722 0
    endloop
  endfacet
  facet normal 0.793371 -0.608739 0
    outer loop
      vertex 9.02776 95.85 4
      vertex 9.29792 96.2021 0
      vertex 9.29792 96.2021 4
    endloop
  endfacet
  facet normal 0.793371 -0.608739 0
    outer loop
      vertex 9.29792 96.2021 0
      vertex 9.02776 95.85 4
      vertex 9.02776 95.85 0
    endloop
  endfacet
  facet normal 0.991444 0.130533 0
    outer loop
      vertex 8.85793 94.56 4
      vertex 8.8 95 0
      vertex 8.8 95 4
    endloop
  endfacet
  facet normal 0.991444 0.130533 0
    outer loop
      vertex 8.8 95 0
      vertex 8.85793 94.56 4
      vertex 8.85793 94.56 0
    endloop
  endfacet
  facet normal 0.130466 0.991453 -0
    outer loop
      vertex 10.5 93.3 0
      vertex 10.06 93.3579 4
      vertex 10.5 93.3 4
    endloop
  endfacet
  facet normal 0.130466 0.991453 0
    outer loop
      vertex 10.06 93.3579 4
      vertex 10.5 93.3 0
      vertex 10.06 93.3579 0
    endloop
  endfacet
  facet normal 0.608676 0.793419 -0
    outer loop
      vertex 9.65 93.5278 0
      vertex 9.29792 93.7979 4
      vertex 9.65 93.5278 4
    endloop
  endfacet
  facet normal 0.608676 0.793419 0
    outer loop
      vertex 9.29792 93.7979 4
      vertex 9.65 93.5278 0
      vertex 9.29792 93.7979 0
    endloop
  endfacet
  facet normal -0.923822 0.382823 0
    outer loop
      vertex 11.9722 94.15 0
      vertex 12.1421 94.56 4
      vertex 12.1421 94.56 0
    endloop
  endfacet
  facet normal -0.923822 0.382823 0
    outer loop
      vertex 12.1421 94.56 4
      vertex 11.9722 94.15 0
      vertex 11.9722 94.15 4
    endloop
  endfacet
  facet normal -0.130466 0.991453 0
    outer loop
      vertex 10.94 93.3579 0
      vertex 10.5 93.3 4
      vertex 10.94 93.3579 4
    endloop
  endfacet
  facet normal -0.130466 0.991453 0
    outer loop
      vertex 10.5 93.3 4
      vertex 10.94 93.3579 0
      vertex 10.5 93.3 0
    endloop
  endfacet
  facet normal 0.608676 -0.793419 0
    outer loop
      vertex 9.29792 96.2021 0
      vertex 9.65 96.4722 4
      vertex 9.29792 96.2021 4
    endloop
  endfacet
  facet normal 0.608676 -0.793419 0
    outer loop
      vertex 9.65 96.4722 4
      vertex 9.29792 96.2021 0
      vertex 9.65 96.4722 0
    endloop
  endfacet
  facet normal -0.382823 0.923822 0
    outer loop
      vertex 11.35 93.5278 0
      vertex 10.94 93.3579 4
      vertex 11.35 93.5278 4
    endloop
  endfacet
  facet normal -0.382823 0.923822 0
    outer loop
      vertex 10.94 93.3579 4
      vertex 11.35 93.5278 0
      vertex 10.94 93.3579 0
    endloop
  endfacet
  facet normal -0.130466 -0.991453 0
    outer loop
      vertex 10.5 96.7 0
      vertex 10.94 96.6421 4
      vertex 10.5 96.7 4
    endloop
  endfacet
  facet normal -0.130466 -0.991453 -0
    outer loop
      vertex 10.94 96.6421 4
      vertex 10.5 96.7 0
      vertex 10.94 96.6421 0
    endloop
  endfacet
  facet normal -0.382823 0.923822 0
    outer loop
      vertex 85.35 93.5278 0
      vertex 84.94 93.3579 4
      vertex 85.35 93.5278 4
    endloop
  endfacet
  facet normal -0.382823 0.923822 0
    outer loop
      vertex 84.94 93.3579 4
      vertex 85.35 93.5278 0
      vertex 84.94 93.3579 0
    endloop
  endfacet
  facet normal 0.130466 -0.991453 0
    outer loop
      vertex 84.06 96.6421 0
      vertex 84.5 96.7 4
      vertex 84.06 96.6421 4
    endloop
  endfacet
  facet normal 0.130466 -0.991453 0
    outer loop
      vertex 84.5 96.7 4
      vertex 84.06 96.6421 0
      vertex 84.5 96.7 0
    endloop
  endfacet
  facet normal -0.923822 -0.382823 0
    outer loop
      vertex 86.1421 95.44 0
      vertex 85.9722 95.85 4
      vertex 85.9722 95.85 0
    endloop
  endfacet
  facet normal -0.923822 -0.382823 0
    outer loop
      vertex 85.9722 95.85 4
      vertex 86.1421 95.44 0
      vertex 86.1421 95.44 4
    endloop
  endfacet
  facet normal -0.991453 -0.130466 0
    outer loop
      vertex 86.2 95 0
      vertex 86.1421 95.44 4
      vertex 86.1421 95.44 0
    endloop
  endfacet
  facet normal -0.991453 -0.130466 0
    outer loop
      vertex 86.1421 95.44 4
      vertex 86.2 95 0
      vertex 86.2 95 4
    endloop
  endfacet
  facet normal -0.793436 -0.608654 0
    outer loop
      vertex 85.9722 95.85 0
      vertex 85.7021 96.2021 4
      vertex 85.7021 96.2021 0
    endloop
  endfacet
  facet normal -0.793436 -0.608654 0
    outer loop
      vertex 85.7021 96.2021 4
      vertex 85.9722 95.85 0
      vertex 85.9722 95.85 4
    endloop
  endfacet
  facet normal -0.793436 0.608654 0
    outer loop
      vertex 85.7021 93.7979 0
      vertex 85.9722 94.15 4
      vertex 85.9722 94.15 0
    endloop
  endfacet
  facet normal -0.793436 0.608654 0
    outer loop
      vertex 85.9722 94.15 4
      vertex 85.7021 93.7979 0
      vertex 85.7021 93.7979 4
    endloop
  endfacet
  facet normal 0.608654 -0.793436 0
    outer loop
      vertex 83.2979 96.2021 0
      vertex 83.65 96.4722 4
      vertex 83.2979 96.2021 4
    endloop
  endfacet
  facet normal 0.608654 -0.793436 0
    outer loop
      vertex 83.65 96.4722 4
      vertex 83.2979 96.2021 0
      vertex 83.65 96.4722 0
    endloop
  endfacet
  facet normal -0.608654 -0.793436 0
    outer loop
      vertex 85.35 96.4722 0
      vertex 85.7021 96.2021 4
      vertex 85.35 96.4722 4
    endloop
  endfacet
  facet normal -0.608654 -0.793436 -0
    outer loop
      vertex 85.7021 96.2021 4
      vertex 85.35 96.4722 0
      vertex 85.7021 96.2021 0
    endloop
  endfacet
  facet normal 0.793436 -0.608654 0
    outer loop
      vertex 83.0278 95.85 4
      vertex 83.2979 96.2021 0
      vertex 83.2979 96.2021 4
    endloop
  endfacet
  facet normal 0.793436 -0.608654 0
    outer loop
      vertex 83.2979 96.2021 0
      vertex 83.0278 95.85 4
      vertex 83.0278 95.85 0
    endloop
  endfacet
  facet normal 0.382823 0.923822 -0
    outer loop
      vertex 84.06 93.3579 0
      vertex 83.65 93.5278 4
      vertex 84.06 93.3579 4
    endloop
  endfacet
  facet normal 0.382823 0.923822 0
    outer loop
      vertex 83.65 93.5278 4
      vertex 84.06 93.3579 0
      vertex 83.65 93.5278 0
    endloop
  endfacet
  facet normal 0.608654 0.793436 -0
    outer loop
      vertex 83.65 93.5278 0
      vertex 83.2979 93.7979 4
      vertex 83.65 93.5278 4
    endloop
  endfacet
  facet normal 0.608654 0.793436 0
    outer loop
      vertex 83.2979 93.7979 4
      vertex 83.65 93.5278 0
      vertex 83.2979 93.7979 0
    endloop
  endfacet
  facet normal -0.923822 0.382823 0
    outer loop
      vertex 85.9722 94.15 0
      vertex 86.1421 94.56 4
      vertex 86.1421 94.56 0
    endloop
  endfacet
  facet normal -0.923822 0.382823 0
    outer loop
      vertex 86.1421 94.56 4
      vertex 85.9722 94.15 0
      vertex 85.9722 94.15 4
    endloop
  endfacet
  facet normal -0.130466 0.991453 0
    outer loop
      vertex 84.94 93.3579 0
      vertex 84.5 93.3 4
      vertex 84.94 93.3579 4
    endloop
  endfacet
  facet normal -0.130466 0.991453 0
    outer loop
      vertex 84.5 93.3 4
      vertex 84.94 93.3579 0
      vertex 84.5 93.3 0
    endloop
  endfacet
  facet normal -0.608654 0.793436 0
    outer loop
      vertex 85.7021 93.7979 0
      vertex 85.35 93.5278 4
      vertex 85.7021 93.7979 4
    endloop
  endfacet
  facet normal -0.608654 0.793436 0
    outer loop
      vertex 85.35 93.5278 4
      vertex 85.7021 93.7979 0
      vertex 85.35 93.5278 0
    endloop
  endfacet
  facet normal 0.382823 -0.923822 0
    outer loop
      vertex 83.65 96.4722 0
      vertex 84.06 96.6421 4
      vertex 83.65 96.4722 4
    endloop
  endfacet
  facet normal 0.382823 -0.923822 0
    outer loop
      vertex 84.06 96.6421 4
      vertex 83.65 96.4722 0
      vertex 84.06 96.6421 0
    endloop
  endfacet
  facet normal -0.382823 -0.923822 0
    outer loop
      vertex 84.94 96.6421 0
      vertex 85.35 96.4722 4
      vertex 84.94 96.6421 4
    endloop
  endfacet
  facet normal -0.382823 -0.923822 -0
    outer loop
      vertex 85.35 96.4722 4
      vertex 84.94 96.6421 0
      vertex 85.35 96.4722 0
    endloop
  endfacet
  facet normal 0.923822 -0.382823 0
    outer loop
      vertex 82.8579 95.44 4
      vertex 83.0278 95.85 0
      vertex 83.0278 95.85 4
    endloop
  endfacet
  facet normal 0.923822 -0.382823 0
    outer loop
      vertex 83.0278 95.85 0
      vertex 82.8579 95.44 4
      vertex 82.8579 95.44 0
    endloop
  endfacet
  facet normal -0.130466 -0.991453 0
    outer loop
      vertex 84.5 96.7 0
      vertex 84.94 96.6421 4
      vertex 84.5 96.7 4
    endloop
  endfacet
  facet normal -0.130466 -0.991453 -0
    outer loop
      vertex 84.94 96.6421 4
      vertex 84.5 96.7 0
      vertex 84.94 96.6421 0
    endloop
  endfacet
  facet normal -0.991453 0.130466 0
    outer loop
      vertex 86.1421 94.56 0
      vertex 86.2 95 4
      vertex 86.2 95 0
    endloop
  endfacet
  facet normal -0.991453 0.130466 0
    outer loop
      vertex 86.2 95 4
      vertex 86.1421 94.56 0
      vertex 86.1421 94.56 4
    endloop
  endfacet
  facet normal 0.923822 0.382823 0
    outer loop
      vertex 83.0278 94.15 4
      vertex 82.8579 94.56 0
      vertex 82.8579 94.56 4
    endloop
  endfacet
  facet normal 0.923822 0.382823 0
    outer loop
      vertex 82.8579 94.56 0
      vertex 83.0278 94.15 4
      vertex 83.0278 94.15 0
    endloop
  endfacet
  facet normal 0.130466 0.991453 -0
    outer loop
      vertex 84.5 93.3 0
      vertex 84.06 93.3579 4
      vertex 84.5 93.3 4
    endloop
  endfacet
  facet normal 0.130466 0.991453 0
    outer loop
      vertex 84.06 93.3579 4
      vertex 84.5 93.3 0
      vertex 84.06 93.3579 0
    endloop
  endfacet
  facet normal 0.991453 0.130466 0
    outer loop
      vertex 82.8579 94.56 4
      vertex 82.8 95 0
      vertex 82.8 95 4
    endloop
  endfacet
  facet normal 0.991453 0.130466 0
    outer loop
      vertex 82.8 95 0
      vertex 82.8579 94.56 4
      vertex 82.8579 94.56 0
    endloop
  endfacet
  facet normal 0.793436 0.608654 0
    outer loop
      vertex 83.2979 93.7979 4
      vertex 83.0278 94.15 0
      vertex 83.0278 94.15 4
    endloop
  endfacet
  facet normal 0.793436 0.608654 0
    outer loop
      vertex 83.0278 94.15 0
      vertex 83.2979 93.7979 4
      vertex 83.2979 93.7979 0
    endloop
  endfacet
  facet normal 0.991453 -0.130466 0
    outer loop
      vertex 82.8 95 4
      vertex 82.8579 95.44 0
      vertex 82.8579 95.44 4
    endloop
  endfacet
  facet normal 0.991453 -0.130466 0
    outer loop
      vertex 82.8579 95.44 0
      vertex 82.8 95 4
      vertex 82.8 95 0
    endloop
  endfacet
  facet normal -0.923833 -0.382795 0
    outer loop
      vertex 48.9006 81.6753 0
      vertex 48.7557 82.025 4
      vertex 48.7557 82.025 0
    endloop
  endfacet
  facet normal -0.923833 -0.382795 0
    outer loop
      vertex 48.7557 82.025 4
      vertex 48.9006 81.6753 0
      vertex 48.9006 81.6753 4
    endloop
  endfacet
  facet normal -0.991448 -0.130502 0
    outer loop
      vertex 48.95 81.3 0
      vertex 48.9006 81.6753 4
      vertex 48.9006 81.6753 0
    endloop
  endfacet
  facet normal -0.991448 -0.130502 0
    outer loop
      vertex 48.9006 81.6753 4
      vertex 48.95 81.3 0
      vertex 48.95 81.3 4
    endloop
  endfacet
  facet normal -0.793389 -0.608714 0
    outer loop
      vertex 48.7557 82.025 0
      vertex 48.5253 82.3253 4
      vertex 48.5253 82.3253 0
    endloop
  endfacet
  facet normal -0.793389 -0.608714 0
    outer loop
      vertex 48.5253 82.3253 4
      vertex 48.7557 82.025 0
      vertex 48.7557 82.025 4
    endloop
  endfacet
  facet normal 0.793389 -0.608714 0
    outer loop
      vertex 46.2443 82.025 4
      vertex 46.4747 82.3253 0
      vertex 46.4747 82.3253 4
    endloop
  endfacet
  facet normal 0.793389 -0.608714 0
    outer loop
      vertex 46.4747 82.3253 0
      vertex 46.2443 82.025 4
      vertex 46.2443 82.025 0
    endloop
  endfacet
  facet normal 0.608714 -0.793389 0
    outer loop
      vertex 46.4747 82.3253 0
      vertex 46.775 82.5557 4
      vertex 46.4747 82.3253 4
    endloop
  endfacet
  facet normal 0.608714 -0.793389 0
    outer loop
      vertex 46.775 82.5557 4
      vertex 46.4747 82.3253 0
      vertex 46.775 82.5557 0
    endloop
  endfacet
  facet normal -0.382795 0.923833 0
    outer loop
      vertex 48.225 80.0443 0
      vertex 47.8753 79.8994 4
      vertex 48.225 80.0443 4
    endloop
  endfacet
  facet normal -0.382795 0.923833 0
    outer loop
      vertex 47.8753 79.8994 4
      vertex 48.225 80.0443 0
      vertex 47.8753 79.8994 0
    endloop
  endfacet
  facet normal 0.923833 -0.382795 0
    outer loop
      vertex 46.0994 81.6753 4
      vertex 46.2443 82.025 0
      vertex 46.2443 82.025 4
    endloop
  endfacet
  facet normal 0.923833 -0.382795 0
    outer loop
      vertex 46.2443 82.025 0
      vertex 46.0994 81.6753 4
      vertex 46.0994 81.6753 0
    endloop
  endfacet
  facet normal -0.608714 -0.793389 0
    outer loop
      vertex 48.225 82.5557 0
      vertex 48.5253 82.3253 4
      vertex 48.225 82.5557 4
    endloop
  endfacet
  facet normal -0.608714 -0.793389 -0
    outer loop
      vertex 48.5253 82.3253 4
      vertex 48.225 82.5557 0
      vertex 48.5253 82.3253 0
    endloop
  endfacet
  facet normal 0.130502 0.991448 -0
    outer loop
      vertex 47.5 79.85 0
      vertex 47.1247 79.8994 4
      vertex 47.5 79.85 4
    endloop
  endfacet
  facet normal 0.130502 0.991448 0
    outer loop
      vertex 47.1247 79.8994 4
      vertex 47.5 79.85 0
      vertex 47.1247 79.8994 0
    endloop
  endfacet
  facet normal -0.130502 0.991448 0
    outer loop
      vertex 47.8753 79.8994 0
      vertex 47.5 79.85 4
      vertex 47.8753 79.8994 4
    endloop
  endfacet
  facet normal -0.130502 0.991448 0
    outer loop
      vertex 47.5 79.85 4
      vertex 47.8753 79.8994 0
      vertex 47.5 79.85 0
    endloop
  endfacet
  facet normal 0.382795 0.923833 -0
    outer loop
      vertex 47.1247 79.8994 0
      vertex 46.775 80.0443 4
      vertex 47.1247 79.8994 4
    endloop
  endfacet
  facet normal 0.382795 0.923833 0
    outer loop
      vertex 46.775 80.0443 4
      vertex 47.1247 79.8994 0
      vertex 46.775 80.0443 0
    endloop
  endfacet
  facet normal -0.793389 0.608714 0
    outer loop
      vertex 48.5253 80.2747 0
      vertex 48.7557 80.575 4
      vertex 48.7557 80.575 0
    endloop
  endfacet
  facet normal -0.793389 0.608714 0
    outer loop
      vertex 48.7557 80.575 4
      vertex 48.5253 80.2747 0
      vertex 48.5253 80.2747 4
    endloop
  endfacet
  facet normal -0.608714 0.793389 0
    outer loop
      vertex 48.5253 80.2747 0
      vertex 48.225 80.0443 4
      vertex 48.5253 80.2747 4
    endloop
  endfacet
  facet normal -0.608714 0.793389 0
    outer loop
      vertex 48.225 80.0443 4
      vertex 48.5253 80.2747 0
      vertex 48.225 80.0443 0
    endloop
  endfacet
  facet normal 0.793389 0.608714 0
    outer loop
      vertex 46.4747 80.2747 4
      vertex 46.2443 80.575 0
      vertex 46.2443 80.575 4
    endloop
  endfacet
  facet normal 0.793389 0.608714 0
    outer loop
      vertex 46.2443 80.575 0
      vertex 46.4747 80.2747 4
      vertex 46.4747 80.2747 0
    endloop
  endfacet
  facet normal -0.991448 0.130502 0
    outer loop
      vertex 48.9006 80.9247 0
      vertex 48.95 81.3 4
      vertex 48.95 81.3 0
    endloop
  endfacet
  facet normal -0.991448 0.130502 0
    outer loop
      vertex 48.95 81.3 4
      vertex 48.9006 80.9247 0
      vertex 48.9006 80.9247 4
    endloop
  endfacet
  facet normal 0.991448 -0.130502 0
    outer loop
      vertex 46.05 81.3 4
      vertex 46.0994 81.6753 0
      vertex 46.0994 81.6753 4
    endloop
  endfacet
  facet normal 0.991448 -0.130502 0
    outer loop
      vertex 46.0994 81.6753 0
      vertex 46.05 81.3 4
      vertex 46.05 81.3 0
    endloop
  endfacet
  facet normal 0.130502 -0.991448 0
    outer loop
      vertex 47.1247 82.7006 0
      vertex 47.5 82.75 4
      vertex 47.1247 82.7006 4
    endloop
  endfacet
  facet normal 0.130502 -0.991448 0
    outer loop
      vertex 47.5 82.75 4
      vertex 47.1247 82.7006 0
      vertex 47.5 82.75 0
    endloop
  endfacet
  facet normal -0.130502 -0.991448 0
    outer loop
      vertex 47.5 82.75 0
      vertex 47.8753 82.7006 4
      vertex 47.5 82.75 4
    endloop
  endfacet
  facet normal -0.130502 -0.991448 -0
    outer loop
      vertex 47.8753 82.7006 4
      vertex 47.5 82.75 0
      vertex 47.8753 82.7006 0
    endloop
  endfacet
  facet normal -0.923833 0.382795 0
    outer loop
      vertex 48.7557 80.575 0
      vertex 48.9006 80.9247 4
      vertex 48.9006 80.9247 0
    endloop
  endfacet
  facet normal -0.923833 0.382795 0
    outer loop
      vertex 48.9006 80.9247 4
      vertex 48.7557 80.575 0
      vertex 48.7557 80.575 4
    endloop
  endfacet
  facet normal 0.382795 -0.923833 0
    outer loop
      vertex 46.775 82.5557 0
      vertex 47.1247 82.7006 4
      vertex 46.775 82.5557 4
    endloop
  endfacet
  facet normal 0.382795 -0.923833 0
    outer loop
      vertex 47.1247 82.7006 4
      vertex 46.775 82.5557 0
      vertex 47.1247 82.7006 0
    endloop
  endfacet
  facet normal -0.382795 -0.923833 0
    outer loop
      vertex 47.8753 82.7006 0
      vertex 48.225 82.5557 4
      vertex 47.8753 82.7006 4
    endloop
  endfacet
  facet normal -0.382795 -0.923833 -0
    outer loop
      vertex 48.225 82.5557 4
      vertex 47.8753 82.7006 0
      vertex 48.225 82.5557 0
    endloop
  endfacet
  facet normal 0.923833 0.382795 0
    outer loop
      vertex 46.2443 80.575 4
      vertex 46.0994 80.9247 0
      vertex 46.0994 80.9247 4
    endloop
  endfacet
  facet normal 0.923833 0.382795 0
    outer loop
      vertex 46.0994 80.9247 0
      vertex 46.2443 80.575 4
      vertex 46.2443 80.575 0
    endloop
  endfacet
  facet normal 0.991448 0.130502 0
    outer loop
      vertex 46.0994 80.9247 4
      vertex 46.05 81.3 0
      vertex 46.05 81.3 4
    endloop
  endfacet
  facet normal 0.991448 0.130502 0
    outer loop
      vertex 46.05 81.3 0
      vertex 46.0994 80.9247 4
      vertex 46.0994 80.9247 0
    endloop
  endfacet
  facet normal 0.608714 0.793389 -0
    outer loop
      vertex 46.775 80.0443 0
      vertex 46.4747 80.2747 4
      vertex 46.775 80.0443 4
    endloop
  endfacet
  facet normal 0.608714 0.793389 0
    outer loop
      vertex 46.4747 80.2747 4
      vertex 46.775 80.0443 0
      vertex 46.4747 80.2747 0
    endloop
  endfacet
  facet normal -0.382823 0.923822 0
    outer loop
      vertex 10.85 83.5278 0
      vertex 10.44 83.3579 4
      vertex 10.85 83.5278 4
    endloop
  endfacet
  facet normal -0.382823 0.923822 0
    outer loop
      vertex 10.44 83.3579 4
      vertex 10.85 83.5278 0
      vertex 10.44 83.3579 0
    endloop
  endfacet
  facet normal 0.130469 -0.991452 0
    outer loop
      vertex 9.56001 86.6421 0
      vertex 10 86.7 4
      vertex 9.56001 86.6421 4
    endloop
  endfacet
  facet normal 0.130469 -0.991452 0
    outer loop
      vertex 10 86.7 4
      vertex 9.56001 86.6421 0
      vertex 10 86.7 0
    endloop
  endfacet
  facet normal -0.923822 -0.382823 0
    outer loop
      vertex 11.6421 85.44 0
      vertex 11.4722 85.85 4
      vertex 11.4722 85.85 0
    endloop
  endfacet
  facet normal -0.923822 -0.382823 0
    outer loop
      vertex 11.4722 85.85 4
      vertex 11.6421 85.44 0
      vertex 11.6421 85.44 4
    endloop
  endfacet
  facet normal -0.991453 -0.130466 0
    outer loop
      vertex 11.7 85 0
      vertex 11.6421 85.44 4
      vertex 11.6421 85.44 0
    endloop
  endfacet
  facet normal -0.991453 -0.130466 0
    outer loop
      vertex 11.6421 85.44 4
      vertex 11.7 85 0
      vertex 11.7 85 4
    endloop
  endfacet
  facet normal -0.793436 -0.608654 0
    outer loop
      vertex 11.4722 85.85 0
      vertex 11.2021 86.2021 4
      vertex 11.2021 86.2021 0
    endloop
  endfacet
  facet normal -0.793436 -0.608654 0
    outer loop
      vertex 11.2021 86.2021 4
      vertex 11.4722 85.85 0
      vertex 11.4722 85.85 4
    endloop
  endfacet
  facet normal -0.793436 0.608654 0
    outer loop
      vertex 11.2021 83.7979 0
      vertex 11.4722 84.15 4
      vertex 11.4722 84.15 0
    endloop
  endfacet
  facet normal -0.793436 0.608654 0
    outer loop
      vertex 11.4722 84.15 4
      vertex 11.2021 83.7979 0
      vertex 11.2021 83.7979 4
    endloop
  endfacet
  facet normal 0.608676 -0.793419 0
    outer loop
      vertex 8.79792 86.2021 0
      vertex 9.15 86.4722 4
      vertex 8.79792 86.2021 4
    endloop
  endfacet
  facet normal 0.608676 -0.793419 0
    outer loop
      vertex 9.15 86.4722 4
      vertex 8.79792 86.2021 0
      vertex 9.15 86.4722 0
    endloop
  endfacet
  facet normal -0.608654 -0.793436 0
    outer loop
      vertex 10.85 86.4722 0
      vertex 11.2021 86.2021 4
      vertex 10.85 86.4722 4
    endloop
  endfacet
  facet normal -0.608654 -0.793436 -0
    outer loop
      vertex 11.2021 86.2021 4
      vertex 10.85 86.4722 0
      vertex 11.2021 86.2021 0
    endloop
  endfacet
  facet normal 0.793371 -0.608739 0
    outer loop
      vertex 8.52776 85.85 4
      vertex 8.79792 86.2021 0
      vertex 8.79792 86.2021 4
    endloop
  endfacet
  facet normal 0.793371 -0.608739 0
    outer loop
      vertex 8.79792 86.2021 0
      vertex 8.52776 85.85 4
      vertex 8.52776 85.85 0
    endloop
  endfacet
  facet normal 0.382815 0.923825 -0
    outer loop
      vertex 9.56001 83.3579 0
      vertex 9.15 83.5278 4
      vertex 9.56001 83.3579 4
    endloop
  endfacet
  facet normal 0.382815 0.923825 0
    outer loop
      vertex 9.15 83.5278 4
      vertex 9.56001 83.3579 0
      vertex 9.15 83.5278 0
    endloop
  endfacet
  facet normal 0.608676 0.793419 -0
    outer loop
      vertex 9.15 83.5278 0
      vertex 8.79792 83.7979 4
      vertex 9.15 83.5278 4
    endloop
  endfacet
  facet normal 0.608676 0.793419 0
    outer loop
      vertex 8.79792 83.7979 4
      vertex 9.15 83.5278 0
      vertex 8.79792 83.7979 0
    endloop
  endfacet
  facet normal -0.923822 0.382823 0
    outer loop
      vertex 11.4722 84.15 0
      vertex 11.6421 84.56 4
      vertex 11.6421 84.56 0
    endloop
  endfacet
  facet normal -0.923822 0.382823 0
    outer loop
      vertex 11.6421 84.56 4
      vertex 11.4722 84.15 0
      vertex 11.4722 84.15 4
    endloop
  endfacet
  facet normal -0.130466 0.991453 0
    outer loop
      vertex 10.44 83.3579 0
      vertex 10 83.3 4
      vertex 10.44 83.3579 4
    endloop
  endfacet
  facet normal -0.130466 0.991453 0
    outer loop
      vertex 10 83.3 4
      vertex 10.44 83.3579 0
      vertex 10 83.3 0
    endloop
  endfacet
  facet normal -0.608654 0.793436 0
    outer loop
      vertex 11.2021 83.7979 0
      vertex 10.85 83.5278 4
      vertex 11.2021 83.7979 4
    endloop
  endfacet
  facet normal -0.608654 0.793436 0
    outer loop
      vertex 10.85 83.5278 4
      vertex 11.2021 83.7979 0
      vertex 10.85 83.5278 0
    endloop
  endfacet
  facet normal 0.382815 -0.923825 0
    outer loop
      vertex 9.15 86.4722 0
      vertex 9.56001 86.6421 4
      vertex 9.15 86.4722 4
    endloop
  endfacet
  facet normal 0.382815 -0.923825 0
    outer loop
      vertex 9.56001 86.6421 4
      vertex 9.15 86.4722 0
      vertex 9.56001 86.6421 0
    endloop
  endfacet
  facet normal -0.382823 -0.923822 0
    outer loop
      vertex 10.44 86.6421 0
      vertex 10.85 86.4722 4
      vertex 10.44 86.6421 4
    endloop
  endfacet
  facet normal -0.382823 -0.923822 -0
    outer loop
      vertex 10.85 86.4722 4
      vertex 10.44 86.6421 0
      vertex 10.85 86.4722 0
    endloop
  endfacet
  facet normal 0.923878 -0.382688 0
    outer loop
      vertex 8.35793 85.44 4
      vertex 8.52776 85.85 0
      vertex 8.52776 85.85 4
    endloop
  endfacet
  facet normal 0.923878 -0.382688 0
    outer loop
      vertex 8.52776 85.85 0
      vertex 8.35793 85.44 4
      vertex 8.35793 85.44 0
    endloop
  endfacet
  facet normal -0.130466 -0.991453 0
    outer loop
      vertex 10 86.7 0
      vertex 10.44 86.6421 4
      vertex 10 86.7 4
    endloop
  endfacet
  facet normal -0.130466 -0.991453 -0
    outer loop
      vertex 10.44 86.6421 4
      vertex 10 86.7 0
      vertex 10.44 86.6421 0
    endloop
  endfacet
  facet normal -0.991453 0.130466 0
    outer loop
      vertex 11.6421 84.56 0
      vertex 11.7 85 4
      vertex 11.7 85 0
    endloop
  endfacet
  facet normal -0.991453 0.130466 0
    outer loop
      vertex 11.7 85 4
      vertex 11.6421 84.56 0
      vertex 11.6421 84.56 4
    endloop
  endfacet
  facet normal 0.923878 0.382688 0
    outer loop
      vertex 8.52776 84.15 4
      vertex 8.35793 84.56 0
      vertex 8.35793 84.56 4
    endloop
  endfacet
  facet normal 0.923878 0.382688 0
    outer loop
      vertex 8.35793 84.56 0
      vertex 8.52776 84.15 4
      vertex 8.52776 84.15 0
    endloop
  endfacet
  facet normal 0.130469 0.991452 -0
    outer loop
      vertex 10 83.3 0
      vertex 9.56001 83.3579 4
      vertex 10 83.3 4
    endloop
  endfacet
  facet normal 0.130469 0.991452 0
    outer loop
      vertex 9.56001 83.3579 4
      vertex 10 83.3 0
      vertex 9.56001 83.3579 0
    endloop
  endfacet
  facet normal 0.991444 0.130533 0
    outer loop
      vertex 8.35793 84.56 4
      vertex 8.3 85 0
      vertex 8.3 85 4
    endloop
  endfacet
  facet normal 0.991444 0.130533 0
    outer loop
      vertex 8.3 85 0
      vertex 8.35793 84.56 4
      vertex 8.35793 84.56 0
    endloop
  endfacet
  facet normal 0.793371 0.608739 0
    outer loop
      vertex 8.79792 83.7979 4
      vertex 8.52776 84.15 0
      vertex 8.52776 84.15 4
    endloop
  endfacet
  facet normal 0.793371 0.608739 0
    outer loop
      vertex 8.52776 84.15 0
      vertex 8.79792 83.7979 4
      vertex 8.79792 83.7979 0
    endloop
  endfacet
  facet normal 0.991444 -0.130533 0
    outer loop
      vertex 8.3 85 4
      vertex 8.35793 85.44 0
      vertex 8.35793 85.44 4
    endloop
  endfacet
  facet normal 0.991444 -0.130533 0
    outer loop
      vertex 8.35793 85.44 0
      vertex 8.3 85 4
      vertex 8.3 85 0
    endloop
  endfacet
  facet normal -0.382823 0.923822 0
    outer loop
      vertex 85.85 83.5278 0
      vertex 85.44 83.3579 4
      vertex 85.85 83.5278 4
    endloop
  endfacet
  facet normal -0.382823 0.923822 0
    outer loop
      vertex 85.44 83.3579 4
      vertex 85.85 83.5278 0
      vertex 85.44 83.3579 0
    endloop
  endfacet
  facet normal 0.130466 -0.991453 0
    outer loop
      vertex 84.56 86.6421 0
      vertex 85 86.7 4
      vertex 84.56 86.6421 4
    endloop
  endfacet
  facet normal 0.130466 -0.991453 0
    outer loop
      vertex 85 86.7 4
      vertex 84.56 86.6421 0
      vertex 85 86.7 0
    endloop
  endfacet
  facet normal -0.923822 -0.382823 0
    outer loop
      vertex 86.6421 85.44 0
      vertex 86.4722 85.85 4
      vertex 86.4722 85.85 0
    endloop
  endfacet
  facet normal -0.923822 -0.382823 0
    outer loop
      vertex 86.4722 85.85 4
      vertex 86.6421 85.44 0
      vertex 86.6421 85.44 4
    endloop
  endfacet
  facet normal -0.991453 -0.130466 0
    outer loop
      vertex 86.7 85 0
      vertex 86.6421 85.44 4
      vertex 86.6421 85.44 0
    endloop
  endfacet
  facet normal -0.991453 -0.130466 0
    outer loop
      vertex 86.6421 85.44 4
      vertex 86.7 85 0
      vertex 86.7 85 4
    endloop
  endfacet
  facet normal -0.793436 -0.608654 0
    outer loop
      vertex 86.4722 85.85 0
      vertex 86.2021 86.2021 4
      vertex 86.2021 86.2021 0
    endloop
  endfacet
  facet normal -0.793436 -0.608654 0
    outer loop
      vertex 86.2021 86.2021 4
      vertex 86.4722 85.85 0
      vertex 86.4722 85.85 4
    endloop
  endfacet
  facet normal -0.793436 0.608654 0
    outer loop
      vertex 86.2021 83.7979 0
      vertex 86.4722 84.15 4
      vertex 86.4722 84.15 0
    endloop
  endfacet
  facet normal -0.793436 0.608654 0
    outer loop
      vertex 86.4722 84.15 4
      vertex 86.2021 83.7979 0
      vertex 86.2021 83.7979 4
    endloop
  endfacet
  facet normal 0.608654 -0.793436 0
    outer loop
      vertex 83.7979 86.2021 0
      vertex 84.15 86.4722 4
      vertex 83.7979 86.2021 4
    endloop
  endfacet
  facet normal 0.608654 -0.793436 0
    outer loop
      vertex 84.15 86.4722 4
      vertex 83.7979 86.2021 0
      vertex 84.15 86.4722 0
    endloop
  endfacet
  facet normal -0.608654 -0.793436 0
    outer loop
      vertex 85.85 86.4722 0
      vertex 86.2021 86.2021 4
      vertex 85.85 86.4722 4
    endloop
  endfacet
  facet normal -0.608654 -0.793436 -0
    outer loop
      vertex 86.2021 86.2021 4
      vertex 85.85 86.4722 0
      vertex 86.2021 86.2021 0
    endloop
  endfacet
  facet normal 0.793436 -0.608654 0
    outer loop
      vertex 83.5278 85.85 4
      vertex 83.7979 86.2021 0
      vertex 83.7979 86.2021 4
    endloop
  endfacet
  facet normal 0.793436 -0.608654 0
    outer loop
      vertex 83.7979 86.2021 0
      vertex 83.5278 85.85 4
      vertex 83.5278 85.85 0
    endloop
  endfacet
  facet normal 0.382823 0.923822 -0
    outer loop
      vertex 84.56 83.3579 0
      vertex 84.15 83.5278 4
      vertex 84.56 83.3579 4
    endloop
  endfacet
  facet normal 0.382823 0.923822 0
    outer loop
      vertex 84.15 83.5278 4
      vertex 84.56 83.3579 0
      vertex 84.15 83.5278 0
    endloop
  endfacet
  facet normal 0.608654 0.793436 -0
    outer loop
      vertex 84.15 83.5278 0
      vertex 83.7979 83.7979 4
      vertex 84.15 83.5278 4
    endloop
  endfacet
  facet normal 0.608654 0.793436 0
    outer loop
      vertex 83.7979 83.7979 4
      vertex 84.15 83.5278 0
      vertex 83.7979 83.7979 0
    endloop
  endfacet
  facet normal -0.923822 0.382823 0
    outer loop
      vertex 86.4722 84.15 0
      vertex 86.6421 84.56 4
      vertex 86.6421 84.56 0
    endloop
  endfacet
  facet normal -0.923822 0.382823 0
    outer loop
      vertex 86.6421 84.56 4
      vertex 86.4722 84.15 0
      vertex 86.4722 84.15 4
    endloop
  endfacet
  facet normal -0.130466 0.991453 0
    outer loop
      vertex 85.44 83.3579 0
      vertex 85 83.3 4
      vertex 85.44 83.3579 4
    endloop
  endfacet
  facet normal -0.130466 0.991453 0
    outer loop
      vertex 85 83.3 4
      vertex 85.44 83.3579 0
      vertex 85 83.3 0
    endloop
  endfacet
  facet normal -0.608654 0.793436 0
    outer loop
      vertex 86.2021 83.7979 0
      vertex 85.85 83.5278 4
      vertex 86.2021 83.7979 4
    endloop
  endfacet
  facet normal -0.608654 0.793436 0
    outer loop
      vertex 85.85 83.5278 4
      vertex 86.2021 83.7979 0
      vertex 85.85 83.5278 0
    endloop
  endfacet
  facet normal 0.382823 -0.923822 0
    outer loop
      vertex 84.15 86.4722 0
      vertex 84.56 86.6421 4
      vertex 84.15 86.4722 4
    endloop
  endfacet
  facet normal 0.382823 -0.923822 0
    outer loop
      vertex 84.56 86.6421 4
      vertex 84.15 86.4722 0
      vertex 84.56 86.6421 0
    endloop
  endfacet
  facet normal -0.382823 -0.923822 0
    outer loop
      vertex 85.44 86.6421 0
      vertex 85.85 86.4722 4
      vertex 85.44 86.6421 4
    endloop
  endfacet
  facet normal -0.382823 -0.923822 -0
    outer loop
      vertex 85.85 86.4722 4
      vertex 85.44 86.6421 0
      vertex 85.85 86.4722 0
    endloop
  endfacet
  facet normal 0.923822 -0.382823 0
    outer loop
      vertex 83.3579 85.44 4
      vertex 83.5278 85.85 0
      vertex 83.5278 85.85 4
    endloop
  endfacet
  facet normal 0.923822 -0.382823 0
    outer loop
      vertex 83.5278 85.85 0
      vertex 83.3579 85.44 4
      vertex 83.3579 85.44 0
    endloop
  endfacet
  facet normal -0.130466 -0.991453 0
    outer loop
      vertex 85 86.7 0
      vertex 85.44 86.6421 4
      vertex 85 86.7 4
    endloop
  endfacet
  facet normal -0.130466 -0.991453 -0
    outer loop
      vertex 85.44 86.6421 4
      vertex 85 86.7 0
      vertex 85.44 86.6421 0
    endloop
  endfacet
  facet normal -0.991453 0.130466 0
    outer loop
      vertex 86.6421 84.56 0
      vertex 86.7 85 4
      vertex 86.7 85 0
    endloop
  endfacet
  facet normal -0.991453 0.130466 0
    outer loop
      vertex 86.7 85 4
      vertex 86.6421 84.56 0
      vertex 86.6421 84.56 4
    endloop
  endfacet
  facet normal 0.923822 0.382823 0
    outer loop
      vertex 83.5278 84.15 4
      vertex 83.3579 84.56 0
      vertex 83.3579 84.56 4
    endloop
  endfacet
  facet normal 0.923822 0.382823 0
    outer loop
      vertex 83.3579 84.56 0
      vertex 83.5278 84.15 4
      vertex 83.5278 84.15 0
    endloop
  endfacet
  facet normal 0.130466 0.991453 -0
    outer loop
      vertex 85 83.3 0
      vertex 84.56 83.3579 4
      vertex 85 83.3 4
    endloop
  endfacet
  facet normal 0.130466 0.991453 0
    outer loop
      vertex 84.56 83.3579 4
      vertex 85 83.3 0
      vertex 84.56 83.3579 0
    endloop
  endfacet
  facet normal 0.991453 0.130466 0
    outer loop
      vertex 83.3579 84.56 4
      vertex 83.3 85 0
      vertex 83.3 85 4
    endloop
  endfacet
  facet normal 0.991453 0.130466 0
    outer loop
      vertex 83.3 85 0
      vertex 83.3579 84.56 4
      vertex 83.3579 84.56 0
    endloop
  endfacet
  facet normal 0.793436 0.608654 0
    outer loop
      vertex 83.7979 83.7979 4
      vertex 83.5278 84.15 0
      vertex 83.5278 84.15 4
    endloop
  endfacet
  facet normal 0.793436 0.608654 0
    outer loop
      vertex 83.5278 84.15 0
      vertex 83.7979 83.7979 4
      vertex 83.7979 83.7979 0
    endloop
  endfacet
  facet normal 0.991453 -0.130466 0
    outer loop
      vertex 83.3 85 4
      vertex 83.3579 85.44 0
      vertex 83.3579 85.44 4
    endloop
  endfacet
  facet normal 0.991453 -0.130466 0
    outer loop
      vertex 83.3579 85.44 0
      vertex 83.3 85 4
      vertex 83.3 85 0
    endloop
  endfacet
  facet normal -1 0 0
    outer loop
      vertex 37.3 3.5 0
      vertex 37.3 16.5 4
      vertex 37.3 16.5 0
    endloop
  endfacet
  facet normal -1 -0 0
    outer loop
      vertex 37.3 16.5 4
      vertex 37.3 3.5 0
      vertex 37.3 3.5 4
    endloop
  endfacet
  facet normal 1 -0 0
    outer loop
      vertex 7.7 3.5 4
      vertex 7.7 16.5 0
      vertex 7.7 16.5 4
    endloop
  endfacet
  facet normal 1 0 0
    outer loop
      vertex 7.7 16.5 0
      vertex 7.7 3.5 4
      vertex 7.7 3.5 0
    endloop
  endfacet
  facet normal 0 -1 0
    outer loop
      vertex 7.7 16.5 0
      vertex 37.3 16.5 4
      vertex 7.7 16.5 4
    endloop
  endfacet
  facet normal 0 -1 -0
    outer loop
      vertex 37.3 16.5 4
      vertex 7.7 16.5 0
      vertex 37.3 16.5 0
    endloop
  endfacet
  facet normal 0 1 -0
    outer loop
      vertex 37.3 3.5 0
      vertex 7.7 3.5 4
      vertex 37.3 3.5 4
    endloop
  endfacet
  facet normal 0 1 0
    outer loop
      vertex 7.7 3.5 4
      vertex 37.3 3.5 0
      vertex 7.7 3.5 0
    endloop
  endfacet
  facet normal -1 0 0
    outer loop
      vertex 87.3 3.5 0
      vertex 87.3 16.5 4
      vertex 87.3 16.5 0
    endloop
  endfacet
  facet normal -1 -0 0
    outer loop
      vertex 87.3 16.5 4
      vertex 87.3 3.5 0
      vertex 87.3 3.5 4
    endloop
  endfacet
  facet normal 1 -0 0
    outer loop
      vertex 57.7 3.5 4
      vertex 57.7 16.5 0
      vertex 57.7 16.5 4
    endloop
  endfacet
  facet normal 1 0 0
    outer loop
      vertex 57.7 16.5 0
      vertex 57.7 3.5 4
      vertex 57.7 3.5 0
    endloop
  endfacet
  facet normal 0 -1 0
    outer loop
      vertex 57.7 16.5 0
      vertex 87.3 16.5 4
      vertex 57.7 16.5 4
    endloop
  endfacet
  facet normal 0 -1 -0
    outer loop
      vertex 87.3 16.5 4
      vertex 57.7 16.5 0
      vertex 87.3 16.5 0
    endloop
  endfacet
  facet normal 0 1 -0
    outer loop
      vertex 87.3 3.5 0
      vertex 57.7 3.5 4
      vertex 87.3 3.5 4
    endloop
  endfacet
  facet normal 0 1 0
    outer loop
      vertex 57.7 3.5 4
      vertex 87.3 3.5 0
      vertex 57.7 3.5 0
    endloop
  endfacet
  facet normal -1 0 0
    outer loop
      vertex 14.5 99.5 0
      vertex 14.5 109.5 4
      vertex 14.5 109.5 0
    endloop
  endfacet
  facet normal -1 -0 0
    outer loop
      vertex 14.5 109.5 4
      vertex 14.5 99.5 0
      vertex 14.5 99.5 4
    endloop
  endfacet
  facet normal 1 -0 0
    outer loop
      vertex 8.5 99.5 4
      vertex 8.5 109.5 0
      vertex 8.5 109.5 4
    endloop
  endfacet
  facet normal 1 0 0
    outer loop
      vertex 8.5 109.5 0
      vertex 8.5 99.5 4
      vertex 8.5 99.5 0
    endloop
  endfacet
  facet normal 0 -1 0
    outer loop
      vertex 8.5 109.5 0
      vertex 14.5 109.5 4
      vertex 8.5 109.5 4
    endloop
  endfacet
  facet normal 0 -1 -0
    outer loop
      vertex 14.5 109.5 4
      vertex 8.5 109.5 0
      vertex 14.5 109.5 0
    endloop
  endfacet
  facet normal 0 1 -0
    outer loop
      vertex 14.5 99.5 0
      vertex 8.5 99.5 4
      vertex 14.5 99.5 4
    endloop
  endfacet
  facet normal 0 1 0
    outer loop
      vertex 8.5 99.5 4
      vertex 14.5 99.5 0
      vertex 8.5 99.5 0
    endloop
  endfacet
  facet normal -1 0 0
    outer loop
      vertex 86.5 99.5 0
      vertex 86.5 109.5 4
      vertex 86.5 109.5 0
    endloop
  endfacet
  facet normal -1 -0 0
    outer loop
      vertex 86.5 109.5 4
      vertex 86.5 99.5 0
      vertex 86.5 99.5 4
    endloop
  endfacet
  facet normal 1 -0 0
    outer loop
      vertex 80.5 99.5 4
      vertex 80.5 109.5 0
      vertex 80.5 109.5 4
    endloop
  endfacet
  facet normal 1 0 0
    outer loop
      vertex 80.5 109.5 0
      vertex 80.5 99.5 4
      vertex 80.5 99.5 0
    endloop
  endfacet
  facet normal 0 -1 0
    outer loop
      vertex 80.5 109.5 0
      vertex 86.5 109.5 4
      vertex 80.5 109.5 4
    endloop
  endfacet
  facet normal 0 -1 -0
    outer loop
      vertex 86.5 109.5 4
      vertex 80.5 109.5 0
      vertex 86.5 109.5 0
    endloop
  endfacet
  facet normal 0 1 -0
    outer loop
      vertex 86.5 99.5 0
      vertex 80.5 99.5 4
      vertex 86.5 99.5 4
    endloop
  endfacet
  facet normal 0 1 0
    outer loop
      vertex 80.5 99.5 4
      vertex 86.5 99.5 0
      vertex 80.5 99.5 0
    endloop
  endfacet
  facet normal -0.881923 -0.471393 0
    outer loop
      vertex 1.01117 2.66656 0
      vertex 0.456711 3.70389 4
      vertex 0.456711 3.70389 0
    endloop
  endfacet
  facet normal -0.881923 -0.471393 0
    outer loop
      vertex 0.456711 3.70389 4
      vertex 1.01117 2.66656 0
      vertex 1.01117 2.66656 4
    endloop
  endfacet
  facet normal -0.471393 -0.881923 0
    outer loop
      vertex 2.66656 1.01117 0
      vertex 3.70389 0.456711 4
      vertex 2.66656 1.01117 4
    endloop
  endfacet
  facet normal -0.471393 -0.881923 -0
    outer loop
      vertex 3.70389 0.456711 4
      vertex 2.66656 1.01117 0
      vertex 3.70389 0.456711 0
    endloop
  endfacet
  facet normal 0.634403 -0.773003 0
    outer loop
      vertex 92.3334 1.01117 0
      vertex 93.2426 1.75735 4
      vertex 92.3334 1.01117 4
    endloop
  endfacet
  facet normal 0.634403 -0.773003 0
    outer loop
      vertex 93.2426 1.75735 4
      vertex 92.3334 1.01117 0
      vertex 93.2426 1.75735 0
    endloop
  endfacet
  facet normal -0.956941 -0.290282 0
    outer loop
      vertex 0.456711 3.70389 0
      vertex 0.11528 4.82945 4
      vertex 0.11528 4.82945 0
    endloop
  endfacet
  facet normal -0.956941 -0.290282 0
    outer loop
      vertex 0.11528 4.82945 4
      vertex 0.456711 3.70389 0
      vertex 0.456711 3.70389 4
    endloop
  endfacet
  facet normal -1 0 0
    outer loop
      vertex 0 6 0
      vertex 0 112 4
      vertex 0 112 0
    endloop
  endfacet
  facet normal -1 -0 0
    outer loop
      vertex 0 112 4
      vertex 0 6 0
      vertex 0 6 4
    endloop
  endfacet
  facet normal -0.995185 -0.0980095 0
    outer loop
      vertex 0.11528 4.82945 0
      vertex 0 6 4
      vertex 0 6 0
    endloop
  endfacet
  facet normal -0.995185 -0.0980095 0
    outer loop
      vertex 0 6 4
      vertex 0.11528 4.82945 0
      vertex 0.11528 4.82945 4
    endloop
  endfacet
  facet normal 1 -0 0
    outer loop
      vertex 95 6 4
      vertex 95 112 0
      vertex 95 112 4
    endloop
  endfacet
  facet normal 1 0 0
    outer loop
      vertex 95 112 0
      vertex 95 6 4
      vertex 95 6 0
    endloop
  endfacet
  facet normal 0 0 1
    outer loop
      vertex 46.0994 81.6753 4
      vertex 11.6421 85.44 4
      vertex 11.7 85 4
    endloop
  endfacet
  facet normal 0 0 1
    outer loop
      vertex 11.9722 94.15 4
      vertex 11.4722 85.85 4
      vertex 11.6421 85.44 4
    endloop
  endfacet
  facet normal 0 0 1
    outer loop
      vertex 11.2021 86.2021 4
      vertex 11.7021 93.7979 4
      vertex 11.35 93.5278 4
    endloop
  endfacet
  facet normal 0 0 1
    outer loop
      vertex 11.7021 93.7979 4
      vertex 11.2021 86.2021 4
      vertex 11.4722 85.85 4
    endloop
  endfacet
  facet normal 0 0 1
    outer loop
      vertex 10.85 86.4722 4
      vertex 11.35 93.5278 4
      vertex 10.94 93.3579 4
    endloop
  endfacet
  facet normal 0 0 1
    outer loop
      vertex 11.35 93.5278 4
      vertex 10.85 86.4722 4
      vertex 11.2021 86.2021 4
    endloop
  endfacet
  facet normal 0 0 1
    outer loop
      vertex 10.44 86.6421 4
      vertex 10.94 93.3579 4
      vertex 10.5 93.3 4
    endloop
  endfacet
  facet normal 0 0 1
    outer loop
      vertex 10.94 93.3579 4
      vertex 10.44 86.6421 4
      vertex 10.85 86.4722 4
    endloop
  endfacet
  facet normal 0 0 1
    outer loop
      vertex 10 86.7 4
      vertex 10.5 93.3 4
      vertex 10.06 93.3579 4
    endloop
  endfacet
  facet normal 0 0 1
    outer loop
      vertex 10.5 93.3 4
      vertex 10 86.7 4
      vertex 10.44 86.6421 4
    endloop
  endfacet
  facet normal 0 0 1
    outer loop
      vertex 9.56001 86.6421 4
      vertex 10.06 93.3579 4
      vertex 9.65 93.5278 4
    endloop
  endfacet
  facet normal 0 0 1
    outer loop
      vertex 10.06 93.3579 4
      vertex 9.56001 86.6421 4
      vertex 10 86.7 4
    endloop
  endfacet
  facet normal 0 0 1
    outer loop
      vertex 9.15 86.4722 4
      vertex 9.65 93.5278 4
      vertex 9.29792 93.7979 4
    endloop
  endfacet
  facet normal 0 0 1
    outer loop
      vertex 9.65 93.5278 4
      vertex 9.15 86.4722 4
      vertex 9.56001 86.6421 4
    endloop
  endfacet
  facet normal 0 0 1
    outer loop
      vertex 8.79792 86.2021 4
      vertex 9.29792 93.7979 4
      vertex 9.02776 94.15 4
    endloop
  endfacet
  facet normal 0 0 1
    outer loop
      vertex 8.52776 85.85 4
      vertex 9.02776 94.15 4
      vertex 8.85793 94.56 4
    endloop
  endfacet
  facet normal 0 0 1
    outer loop
      vertex 8.35793 85.44 4
      vertex 8.85793 94.56 4
      vertex 8.8 95 4
    endloop
  endfacet
  facet normal 0 0 1
    outer loop
      vertex 9.29792 93.7979 4
      vertex 8.79792 86.2021 4
      vertex 9.15 86.4722 4
    endloop
  endfacet
  facet normal 0 0 1
    outer loop
      vertex 37.3 16.5 4
      vertex 13.4421 30.24 4
      vertex 13.5 29.8 4
    endloop
  endfacet
  facet normal 0 0 1
    outer loop
      vertex 46.0994 80.9247 4
      vertex 11.4722 84.15 4
      vertex 46.2443 80.575 4
    endloop
  endfacet
  facet normal 0 0 1
    outer loop
      vertex 46.2443 80.575 4
      vertex 13.2722 30.65 4
      vertex 13.4421 30.24 4
    endloop
  endfacet
  facet normal -0 0 1
    outer loop
      vertex 11.2021 83.7979 4
      vertex 46.2443 80.575 4
      vertex 11.4722 84.15 4
    endloop
  endfacet
  facet normal 0 0 1
    outer loop
      vertex 46.2443 80.575 4
      vertex 13.0021 31.0021 4
      vertex 13.2722 30.65 4
    endloop
  endfacet
  facet normal 0 0 1
    outer loop
      vertex 12.1421 94.56 4
      vertex 14.5 99.5 4
      vertex 12.2 95 4
    endloop
  endfacet
  facet normal 0 0 1
    outer loop
      vertex 14.5 99.5 4
      vertex 12.1421 95.44 4
      vertex 12.2 95 4
    endloop
  endfacet
  facet normal 0 0 1
    outer loop
      vertex 14.5 99.5 4
      vertex 11.9722 95.85 4
      vertex 12.1421 95.44 4
    endloop
  endfacet
  facet normal 0 0 1
    outer loop
      vertex 14.5 99.5 4
      vertex 11.7021 96.2021 4
      vertex 11.9722 95.85 4
    endloop
  endfacet
  facet normal 0 0 1
    outer loop
      vertex 14.5 99.5 4
      vertex 11.35 96.4722 4
      vertex 11.7021 96.2021 4
    endloop
  endfacet
  facet normal 0 0 1
    outer loop
      vertex 14.5 99.5 4
      vertex 10.94 96.6421 4
      vertex 11.35 96.4722 4
    endloop
  endfacet
  facet normal -0 0 1
    outer loop
      vertex 8.5 99.5 4
      vertex 10.94 96.6421 4
      vertex 14.5 99.5 4
    endloop
  endfacet
  facet normal 0 0 1
    outer loop
      vertex 10.94 96.6421 4
      vertex 8.5 99.5 4
      vertex 10.5 96.7 4
    endloop
  endfacet
  facet normal 0 0 1
    outer loop
      vertex 10.5 96.7 4
      vertex 8.5 99.5 4
      vertex 10.06 96.6421 4
    endloop
  endfacet
  facet normal 0 0 1
    outer loop
      vertex 9.02776 94.15 4
      vertex 8.52776 85.85 4
      vertex 8.79792 86.2021 4
    endloop
  endfacet
  facet normal 0 0 1
    outer loop
      vertex 10.06 96.6421 4
      vertex 8.5 99.5 4
      vertex 9.65 96.4722 4
    endloop
  endfacet
  facet normal 0 0 1
    outer loop
      vertex 8.5 99.5 4
      vertex 9.29792 96.2021 4
      vertex 9.65 96.4722 4
    endloop
  endfacet
  facet normal 0 0 1
    outer loop
      vertex 8.5 99.5 4
      vertex 9.02776 95.85 4
      vertex 9.29792 96.2021 4
    endloop
  endfacet
  facet normal 0 0 1
    outer loop
      vertex 8.5 99.5 4
      vertex 8.85793 95.44 4
      vertex 9.02776 95.85 4
    endloop
  endfacet
  facet normal 0 0 1
    outer loop
      vertex 8.5 99.5 4
      vertex 8.8 95 4
      vertex 8.85793 95.44 4
    endloop
  endfacet
  facet normal 0 0 1
    outer loop
      vertex 0 112 4
      vertex 8.8 95 4
      vertex 8.5 99.5 4
    endloop
  endfacet
  facet normal 0 0 1
    outer loop
      vertex 8.85793 94.56 4
      vertex 8.35793 85.44 4
      vertex 8.52776 85.85 4
    endloop
  endfacet
  facet normal -0 0 1
    outer loop
      vertex 11.6421 84.56 4
      vertex 46.05 81.3 4
      vertex 11.7 85 4
    endloop
  endfacet
  facet normal 0 0 1
    outer loop
      vertex 47.1247 79.8994 4
      vertex 13.4421 30.24 4
      vertex 37.3 16.5 4
    endloop
  endfacet
  facet normal -0 0 1
    outer loop
      vertex 13.4421 29.36 4
      vertex 37.3 16.5 4
      vertex 13.5 29.8 4
    endloop
  endfacet
  facet normal -0 0 1
    outer loop
      vertex 13.2722 28.95 4
      vertex 37.3 16.5 4
      vertex 13.4421 29.36 4
    endloop
  endfacet
  facet normal -0 0 1
    outer loop
      vertex 13.0021 28.5979 4
      vertex 37.3 16.5 4
      vertex 13.2722 28.95 4
    endloop
  endfacet
  facet normal 0 0 1
    outer loop
      vertex 7.7 16.5 4
      vertex 13.0021 28.5979 4
      vertex 12.65 28.3278 4
    endloop
  endfacet
  facet normal 0 0 1
    outer loop
      vertex 7.7 16.5 4
      vertex 12.65 28.3278 4
      vertex 12.24 28.1579 4
    endloop
  endfacet
  facet normal 0 0 1
    outer loop
      vertex 7.7 16.5 4
      vertex 12.24 28.1579 4
      vertex 11.8 28.1 4
    endloop
  endfacet
  facet normal 0 0 1
    outer loop
      vertex 7.7 16.5 4
      vertex 11.8 28.1 4
      vertex 11.36 28.1579 4
    endloop
  endfacet
  facet normal 0 0 1
    outer loop
      vertex 7.7 16.5 4
      vertex 11.36 28.1579 4
      vertex 10.95 28.3278 4
    endloop
  endfacet
  facet normal 0 0 1
    outer loop
      vertex 10.5979 31.0021 4
      vertex 8.79792 83.7979 4
      vertex 10.3278 30.65 4
    endloop
  endfacet
  facet normal 0 0 1
    outer loop
      vertex 8.52776 84.15 4
      vertex 10.3278 30.65 4
      vertex 8.79792 83.7979 4
    endloop
  endfacet
  facet normal 0 0 1
    outer loop
      vertex 10.3278 30.65 4
      vertex 8.52776 84.15 4
      vertex 10.1579 30.24 4
    endloop
  endfacet
  facet normal 0 0 1
    outer loop
      vertex 8.35793 84.56 4
      vertex 10.1579 30.24 4
      vertex 8.52776 84.15 4
    endloop
  endfacet
  facet normal 0 0 1
    outer loop
      vertex 0 6 4
      vertex 10.1579 30.24 4
      vertex 8.35793 84.56 4
    endloop
  endfacet
  facet normal 0 0 1
    outer loop
      vertex 0 112 4
      vertex 8.35793 84.56 4
      vertex 8.3 85 4
    endloop
  endfacet
  facet normal 0 0 1
    outer loop
      vertex 13.0021 28.5979 4
      vertex 7.7 16.5 4
      vertex 37.3 16.5 4
    endloop
  endfacet
  facet normal 0 0 1
    outer loop
      vertex 10.5979 28.5979 4
      vertex 7.7 16.5 4
      vertex 10.95 28.3278 4
    endloop
  endfacet
  facet normal 0 0 1
    outer loop
      vertex 10.3278 28.95 4
      vertex 7.7 16.5 4
      vertex 10.5979 28.5979 4
    endloop
  endfacet
  facet normal 0 0 1
    outer loop
      vertex 10.1579 29.36 4
      vertex 7.7 16.5 4
      vertex 10.3278 28.95 4
    endloop
  endfacet
  facet normal 0 0 1
    outer loop
      vertex 10.1 29.8 4
      vertex 7.7 16.5 4
      vertex 10.1579 29.36 4
    endloop
  endfacet
  facet normal 0 0 1
    outer loop
      vertex 10.1579 30.24 4
      vertex 0 6 4
      vertex 10.1 29.8 4
    endloop
  endfacet
  facet normal 0 0 1
    outer loop
      vertex 46.05 81.3 4
      vertex 11.6421 84.56 4
      vertex 46.0994 80.9247 4
    endloop
  endfacet
  facet normal 0 0 1
    outer loop
      vertex 11.6421 85.44 4
      vertex 12.1421 94.56 4
      vertex 11.9722 94.15 4
    endloop
  endfacet
  facet normal -0 0 1
    outer loop
      vertex 11.4722 84.15 4
      vertex 46.0994 80.9247 4
      vertex 11.6421 84.56 4
    endloop
  endfacet
  facet normal 0 0 1
    outer loop
      vertex 11.4722 85.85 4
      vertex 11.9722 94.15 4
      vertex 11.7021 93.7979 4
    endloop
  endfacet
  facet normal -0 0 1
    outer loop
      vertex 10.85 83.5278 4
      vertex 46.2443 80.575 4
      vertex 11.2021 83.7979 4
    endloop
  endfacet
  facet normal 0 0 1
    outer loop
      vertex 46.2443 80.575 4
      vertex 12.65 31.2722 4
      vertex 13.0021 31.0021 4
    endloop
  endfacet
  facet normal 0 0 1
    outer loop
      vertex 46.2443 80.575 4
      vertex 10.85 83.5278 4
      vertex 12.65 31.2722 4
    endloop
  endfacet
  facet normal 0 0 1
    outer loop
      vertex 12.65 31.2722 4
      vertex 10.85 83.5278 4
      vertex 12.24 31.4421 4
    endloop
  endfacet
  facet normal -0 0 1
    outer loop
      vertex 10.44 83.3579 4
      vertex 12.24 31.4421 4
      vertex 10.85 83.5278 4
    endloop
  endfacet
  facet normal 0 0 1
    outer loop
      vertex 12.24 31.4421 4
      vertex 10.44 83.3579 4
      vertex 11.8 31.5 4
    endloop
  endfacet
  facet normal -0 0 1
    outer loop
      vertex 10 83.3 4
      vertex 11.8 31.5 4
      vertex 10.44 83.3579 4
    endloop
  endfacet
  facet normal 0 0 1
    outer loop
      vertex 11.8 31.5 4
      vertex 10 83.3 4
      vertex 11.36 31.4421 4
    endloop
  endfacet
  facet normal 0 0 1
    outer loop
      vertex 9.56001 83.3579 4
      vertex 11.36 31.4421 4
      vertex 10 83.3 4
    endloop
  endfacet
  facet normal 0 0 1
    outer loop
      vertex 11.36 31.4421 4
      vertex 9.56001 83.3579 4
      vertex 10.95 31.2722 4
    endloop
  endfacet
  facet normal 0 0 1
    outer loop
      vertex 9.15 83.5278 4
      vertex 10.95 31.2722 4
      vertex 9.56001 83.3579 4
    endloop
  endfacet
  facet normal 0 0 1
    outer loop
      vertex 10.95 31.2722 4
      vertex 9.15 83.5278 4
      vertex 10.5979 31.0021 4
    endloop
  endfacet
  facet normal 0 0 1
    outer loop
      vertex 8.79792 83.7979 4
      vertex 10.5979 31.0021 4
      vertex 9.15 83.5278 4
    endloop
  endfacet
  facet normal 0 0 1
    outer loop
      vertex 86.6421 84.56 4
      vertex 84.9421 66.74 4
      vertex 85 66.3 4
    endloop
  endfacet
  facet normal 0 0 1
    outer loop
      vertex 85.44 83.3579 4
      vertex 84.7722 67.15 4
      vertex 84.9421 66.74 4
    endloop
  endfacet
  facet normal 0 0 1
    outer loop
      vertex 83.3 68 4
      vertex 85 83.3 4
      vertex 84.56 83.3579 4
    endloop
  endfacet
  facet normal 0 0 1
    outer loop
      vertex 85.44 83.3579 4
      vertex 84.5021 67.5021 4
      vertex 84.7722 67.15 4
    endloop
  endfacet
  facet normal 0 0 1
    outer loop
      vertex 82.86 67.9421 4
      vertex 84.56 83.3579 4
      vertex 84.15 83.5278 4
    endloop
  endfacet
  facet normal 0 0 1
    outer loop
      vertex 85.44 83.3579 4
      vertex 84.15 67.7722 4
      vertex 84.5021 67.5021 4
    endloop
  endfacet
  facet normal 0 0 1
    outer loop
      vertex 82.45 67.7722 4
      vertex 84.15 83.5278 4
      vertex 83.7979 83.7979 4
    endloop
  endfacet
  facet normal 0 0 1
    outer loop
      vertex 85.44 83.3579 4
      vertex 83.74 67.9421 4
      vertex 84.15 67.7722 4
    endloop
  endfacet
  facet normal 0 0 1
    outer loop
      vertex 82.0979 67.5021 4
      vertex 83.7979 83.7979 4
      vertex 83.5278 84.15 4
    endloop
  endfacet
  facet normal 0 0 1
    outer loop
      vertex 81.8278 67.15 4
      vertex 83.5278 84.15 4
      vertex 83.3579 84.56 4
    endloop
  endfacet
  facet normal 0 0 1
    outer loop
      vertex 81.6579 66.74 4
      vertex 83.3579 84.56 4
      vertex 83.3 85 4
    endloop
  endfacet
  facet normal 0 0 1
    outer loop
      vertex 85 83.3 4
      vertex 83.3 68 4
      vertex 83.74 67.9421 4
    endloop
  endfacet
  facet normal -0 0 1
    outer loop
      vertex 85 66.3 4
      vertex 95 6 4
      vertex 95 112 4
    endloop
  endfacet
  facet normal -0 0 1
    outer loop
      vertex 84.9421 65.86 4
      vertex 95 6 4
      vertex 85 66.3 4
    endloop
  endfacet
  facet normal -0 0 1
    outer loop
      vertex 84.7722 65.45 4
      vertex 95 6 4
      vertex 84.9421 65.86 4
    endloop
  endfacet
  facet normal 0 0 1
    outer loop
      vertex 87.3 3.5 4
      vertex 95 6 4
      vertex 87.3 16.5 4
    endloop
  endfacet
  facet normal 0 0 1
    outer loop
      vertex 95 6 4
      vertex 87.3 3.5 4
      vertex 94.8847 4.82945 4
    endloop
  endfacet
  facet normal 0 0 1
    outer loop
      vertex 94.8847 4.82945 4
      vertex 87.3 3.5 4
      vertex 94.5433 3.70389 4
    endloop
  endfacet
  facet normal 0 0 1
    outer loop
      vertex 94.5433 3.70389 4
      vertex 87.3 3.5 4
      vertex 93.9888 2.66656 4
    endloop
  endfacet
  facet normal 0 0 1
    outer loop
      vertex 92.3334 1.01117 4
      vertex 87.3 3.5 4
      vertex 91.2961 0.456711 4
    endloop
  endfacet
  facet normal 0 0 1
    outer loop
      vertex 91.2961 0.456711 4
      vertex 87.3 3.5 4
      vertex 90.1705 0.11528 4
    endloop
  endfacet
  facet normal 0 0 1
    outer loop
      vertex 86.6421 84.56 4
      vertex 95 112 4
      vertex 86.7 85 4
    endloop
  endfacet
  facet normal 0 0 1
    outer loop
      vertex 95 112 4
      vertex 86.6421 85.44 4
      vertex 86.7 85 4
    endloop
  endfacet
  facet normal 0 0 1
    outer loop
      vertex 86.5 99.5 4
      vertex 95 112 4
      vertex 86.5 109.5 4
    endloop
  endfacet
  facet normal 0 0 1
    outer loop
      vertex 95 112 4
      vertex 80.5 109.5 4
      vertex 86.5 109.5 4
    endloop
  endfacet
  facet normal 0 0 1
    outer loop
      vertex 48.225 82.5557 4
      vertex 80.5 99.5 4
      vertex 80.5 109.5 4
    endloop
  endfacet
  facet normal 0 0 1
    outer loop
      vertex 80.5 99.5 4
      vertex 48.9006 80.9247 4
      vertex 48.7557 80.575 4
    endloop
  endfacet
  facet normal 0 0 1
    outer loop
      vertex 80.5 99.5 4
      vertex 48.95 81.3 4
      vertex 48.9006 80.9247 4
    endloop
  endfacet
  facet normal 0 0 1
    outer loop
      vertex 80.5 99.5 4
      vertex 48.9006 81.6753 4
      vertex 48.95 81.3 4
    endloop
  endfacet
  facet normal 0 0 1
    outer loop
      vertex 80.5 99.5 4
      vertex 48.7557 82.025 4
      vertex 48.9006 81.6753 4
    endloop
  endfacet
  facet normal 0 0 1
    outer loop
      vertex 80.5 99.5 4
      vertex 48.5253 82.3253 4
      vertex 48.7557 82.025 4
    endloop
  endfacet
  facet normal 0 0 1
    outer loop
      vertex 80.5 99.5 4
      vertex 48.225 82.5557 4
      vertex 48.5253 82.3253 4
    endloop
  endfacet
  facet normal 0 0 1
    outer loop
      vertex 80.5 109.5 4
      vertex 47.8753 82.7006 4
      vertex 48.225 82.5557 4
    endloop
  endfacet
  facet normal 0 0 1
    outer loop
      vertex 80.5 109.5 4
      vertex 47.5 82.75 4
      vertex 47.8753 82.7006 4
    endloop
  endfacet
  facet normal -0 0 1
    outer loop
      vertex 14.5 109.5 4
      vertex 47.5 82.75 4
      vertex 80.5 109.5 4
    endloop
  endfacet
  facet normal 0 0 1
    outer loop
      vertex 47.5 82.75 4
      vertex 14.5 109.5 4
      vertex 47.1247 82.7006 4
    endloop
  endfacet
  facet normal 0 0 1
    outer loop
      vertex 47.1247 82.7006 4
      vertex 14.5 109.5 4
      vertex 46.775 82.5557 4
    endloop
  endfacet
  facet normal -0 0 1
    outer loop
      vertex 12.1421 94.56 4
      vertex 46.2443 82.025 4
      vertex 14.5 99.5 4
    endloop
  endfacet
  facet normal -0 0 1
    outer loop
      vertex 11.6421 85.44 4
      vertex 46.2443 82.025 4
      vertex 12.1421 94.56 4
    endloop
  endfacet
  facet normal 0 0 1
    outer loop
      vertex 46.4747 82.3253 4
      vertex 14.5 99.5 4
      vertex 46.2443 82.025 4
    endloop
  endfacet
  facet normal 0 0 1
    outer loop
      vertex 46.775 82.5557 4
      vertex 14.5 99.5 4
      vertex 46.4747 82.3253 4
    endloop
  endfacet
  facet normal -0 0 1
    outer loop
      vertex 14.5 99.5 4
      vertex 46.775 82.5557 4
      vertex 14.5 109.5 4
    endloop
  endfacet
  facet normal 0 0 1
    outer loop
      vertex 95 112 4
      vertex 14.5 109.5 4
      vertex 80.5 109.5 4
    endloop
  endfacet
  facet normal -0 0 1
    outer loop
      vertex 0 112 4
      vertex 14.5 109.5 4
      vertex 95 112 4
    endloop
  endfacet
  facet normal 0 0 1
    outer loop
      vertex 0 112 4
      vertex 8.5 99.5 4
      vertex 8.5 109.5 4
    endloop
  endfacet
  facet normal 0 0 1
    outer loop
      vertex 8.8 95 4
      vertex 0 112 4
      vertex 8.35793 85.44 4
    endloop
  endfacet
  facet normal 0 0 1
    outer loop
      vertex 8.35793 85.44 4
      vertex 0 112 4
      vertex 8.3 85 4
    endloop
  endfacet
  facet normal -0 0 1
    outer loop
      vertex 0 6 4
      vertex 7.7 3.5 4
      vertex 7.7 16.5 4
    endloop
  endfacet
  facet normal 0 0 1
    outer loop
      vertex 8.35793 84.56 4
      vertex 0 112 4
      vertex 0 6 4
    endloop
  endfacet
  facet normal -0 -0 1
    outer loop
      vertex 0.11528 4.82945 4
      vertex 7.7 3.5 4
      vertex 0 6 4
    endloop
  endfacet
  facet normal 0 0 1
    outer loop
      vertex 7.7 3.5 4
      vertex 4.82945 0.11528 4
      vertex 6 0 4
    endloop
  endfacet
  facet normal 0 0 1
    outer loop
      vertex 7.7 3.5 4
      vertex 3.70389 0.456711 4
      vertex 4.82945 0.11528 4
    endloop
  endfacet
  facet normal 0 0 1
    outer loop
      vertex 7.7 3.5 4
      vertex 2.66656 1.01117 4
      vertex 3.70389 0.456711 4
    endloop
  endfacet
  facet normal 0 0 1
    outer loop
      vertex 7.7 3.5 4
      vertex 1.75735 1.75735 4
      vertex 2.66656 1.01117 4
    endloop
  endfacet
  facet normal 0 0 1
    outer loop
      vertex 7.7 3.5 4
      vertex 1.01117 2.66656 4
      vertex 1.75735 1.75735 4
    endloop
  endfacet
  facet normal 0 0 1
    outer loop
      vertex 7.7 3.5 4
      vertex 0.456711 3.70389 4
      vertex 1.01117 2.66656 4
    endloop
  endfacet
  facet normal 0 0 1
    outer loop
      vertex 14.5 109.5 4
      vertex 0 112 4
      vertex 8.5 109.5 4
    endloop
  endfacet
  facet normal 0 0 1
    outer loop
      vertex 10.1 29.8 4
      vertex 0 6 4
      vertex 7.7 16.5 4
    endloop
  endfacet
  facet normal 0 0 1
    outer loop
      vertex 7.7 3.5 4
      vertex 0.11528 4.82945 4
      vertex 0.456711 3.70389 4
    endloop
  endfacet
  facet normal 0 0 1
    outer loop
      vertex 90.1705 0.11528 4
      vertex 87.3 3.5 4
      vertex 89 0 4
    endloop
  endfacet
  facet normal -0 0 1
    outer loop
      vertex 57.7 3.5 4
      vertex 89 0 4
      vertex 87.3 3.5 4
    endloop
  endfacet
  facet normal 0 0 1
    outer loop
      vertex 80.5 99.5 4
      vertex 48.7557 80.575 4
      vertex 57.7 16.5 4
    endloop
  endfacet
  facet normal -0 0 1
    outer loop
      vertex 48.5253 80.2747 4
      vertex 57.7 16.5 4
      vertex 48.7557 80.575 4
    endloop
  endfacet
  facet normal -0 0 1
    outer loop
      vertex 48.225 80.0443 4
      vertex 57.7 16.5 4
      vertex 48.5253 80.2747 4
    endloop
  endfacet
  facet normal -0 0 1
    outer loop
      vertex 47.8753 79.8994 4
      vertex 57.7 16.5 4
      vertex 48.225 80.0443 4
    endloop
  endfacet
  facet normal -0 0 1
    outer loop
      vertex 47.5 79.85 4
      vertex 57.7 16.5 4
      vertex 47.8753 79.8994 4
    endloop
  endfacet
  facet normal 0 0 1
    outer loop
      vertex 57.7 16.5 4
      vertex 47.5 79.85 4
      vertex 37.3 16.5 4
    endloop
  endfacet
  facet normal 0 0 1
    outer loop
      vertex 37.3 16.5 4
      vertex 47.5 79.85 4
      vertex 47.1247 79.8994 4
    endloop
  endfacet
  facet normal 0 0 1
    outer loop
      vertex 13.4421 30.24 4
      vertex 47.1247 79.8994 4
      vertex 46.775 80.0443 4
    endloop
  endfacet
  facet normal 0 0 1
    outer loop
      vertex 13.4421 30.24 4
      vertex 46.775 80.0443 4
      vertex 46.4747 80.2747 4
    endloop
  endfacet
  facet normal 0 0 1
    outer loop
      vertex 13.4421 30.24 4
      vertex 46.4747 80.2747 4
      vertex 46.2443 80.575 4
    endloop
  endfacet
  facet normal 0 0 1
    outer loop
      vertex 46.0994 81.6753 4
      vertex 11.7 85 4
      vertex 46.05 81.3 4
    endloop
  endfacet
  facet normal 0 0 1
    outer loop
      vertex 46.2443 82.025 4
      vertex 11.6421 85.44 4
      vertex 46.0994 81.6753 4
    endloop
  endfacet
  facet normal 0 0 1
    outer loop
      vertex 57.7 16.5 4
      vertex 37.3 16.5 4
      vertex 57.7 3.5 4
    endloop
  endfacet
  facet normal 0 0 1
    outer loop
      vertex 37.3 3.5 4
      vertex 57.7 3.5 4
      vertex 37.3 16.5 4
    endloop
  endfacet
  facet normal -0 0 1
    outer loop
      vertex 37.3 3.5 4
      vertex 89 0 4
      vertex 57.7 3.5 4
    endloop
  endfacet
  facet normal 0 0 1
    outer loop
      vertex 6 0 4
      vertex 37.3 3.5 4
      vertex 7.7 3.5 4
    endloop
  endfacet
  facet normal 0 0 1
    outer loop
      vertex 37.3 3.5 4
      vertex 6 0 4
      vertex 89 0 4
    endloop
  endfacet
  facet normal 0 0 1
    outer loop
      vertex 85 66.3 4
      vertex 95 112 4
      vertex 86.6421 84.56 4
    endloop
  endfacet
  facet normal 0 0 1
    outer loop
      vertex 84.9421 66.74 4
      vertex 86.6421 84.56 4
      vertex 86.4722 84.15 4
    endloop
  endfacet
  facet normal 0 0 1
    outer loop
      vertex 84.9421 66.74 4
      vertex 86.4722 84.15 4
      vertex 86.2021 83.7979 4
    endloop
  endfacet
  facet normal 0 0 1
    outer loop
      vertex 84.9421 66.74 4
      vertex 86.2021 83.7979 4
      vertex 85.85 83.5278 4
    endloop
  endfacet
  facet normal 0 0 1
    outer loop
      vertex 84.9421 66.74 4
      vertex 85.85 83.5278 4
      vertex 85.44 83.3579 4
    endloop
  endfacet
  facet normal 0 0 1
    outer loop
      vertex 83.74 67.9421 4
      vertex 85.44 83.3579 4
      vertex 85 83.3 4
    endloop
  endfacet
  facet normal 0 0 1
    outer loop
      vertex 93.2426 1.75735 4
      vertex 87.3 3.5 4
      vertex 92.3334 1.01117 4
    endloop
  endfacet
  facet normal 0 0 1
    outer loop
      vertex 93.9888 2.66656 4
      vertex 87.3 3.5 4
      vertex 93.2426 1.75735 4
    endloop
  endfacet
  facet normal 0 0 1
    outer loop
      vertex 95 6 4
      vertex 84.7722 65.45 4
      vertex 87.3 16.5 4
    endloop
  endfacet
  facet normal -0 0 1
    outer loop
      vertex 84.5021 65.0979 4
      vertex 87.3 16.5 4
      vertex 84.7722 65.45 4
    endloop
  endfacet
  facet normal -0 0 1
    outer loop
      vertex 84.15 64.8278 4
      vertex 87.3 16.5 4
      vertex 84.5021 65.0979 4
    endloop
  endfacet
  facet normal -0 0 1
    outer loop
      vertex 83.74 64.6579 4
      vertex 87.3 16.5 4
      vertex 84.15 64.8278 4
    endloop
  endfacet
  facet normal -0 0 1
    outer loop
      vertex 83.3 64.6 4
      vertex 87.3 16.5 4
      vertex 83.74 64.6579 4
    endloop
  endfacet
  facet normal 0 0 1
    outer loop
      vertex 82.86 64.6579 4
      vertex 87.3 16.5 4
      vertex 83.3 64.6 4
    endloop
  endfacet
  facet normal 0 0 1
    outer loop
      vertex 57.7 16.5 4
      vertex 82.86 64.6579 4
      vertex 82.45 64.8278 4
    endloop
  endfacet
  facet normal 0 0 1
    outer loop
      vertex 57.7 16.5 4
      vertex 82.45 64.8278 4
      vertex 82.0979 65.0979 4
    endloop
  endfacet
  facet normal 0 0 1
    outer loop
      vertex 57.7 16.5 4
      vertex 82.0979 65.0979 4
      vertex 81.8278 65.45 4
    endloop
  endfacet
  facet normal 0 0 1
    outer loop
      vertex 57.7 16.5 4
      vertex 81.8278 65.45 4
      vertex 81.6579 65.86 4
    endloop
  endfacet
  facet normal 0 0 1
    outer loop
      vertex 57.7 16.5 4
      vertex 81.6579 65.86 4
      vertex 81.6 66.3 4
    endloop
  endfacet
  facet normal 0 0 1
    outer loop
      vertex 82.86 64.6579 4
      vertex 57.7 16.5 4
      vertex 87.3 16.5 4
    endloop
  endfacet
  facet normal 0 0 1
    outer loop
      vertex 81.6579 66.74 4
      vertex 57.7 16.5 4
      vertex 81.6 66.3 4
    endloop
  endfacet
  facet normal 0 0 1
    outer loop
      vertex 86.2 95 4
      vertex 95 112 4
      vertex 86.5 99.5 4
    endloop
  endfacet
  facet normal 0 0 1
    outer loop
      vertex 95 112 4
      vertex 86.2 95 4
      vertex 86.6421 85.44 4
    endloop
  endfacet
  facet normal -0 0 1
    outer loop
      vertex 86.1421 94.56 4
      vertex 86.6421 85.44 4
      vertex 86.2 95 4
    endloop
  endfacet
  facet normal 0 0 1
    outer loop
      vertex 86.6421 85.44 4
      vertex 86.1421 94.56 4
      vertex 86.4722 85.85 4
    endloop
  endfacet
  facet normal 0 0 1
    outer loop
      vertex 86.5 99.5 4
      vertex 86.1421 95.44 4
      vertex 86.2 95 4
    endloop
  endfacet
  facet normal 0 0 1
    outer loop
      vertex 86.5 99.5 4
      vertex 85.9722 95.85 4
      vertex 86.1421 95.44 4
    endloop
  endfacet
  facet normal 0 0 1
    outer loop
      vertex 86.5 99.5 4
      vertex 85.7021 96.2021 4
      vertex 85.9722 95.85 4
    endloop
  endfacet
  facet normal 0 0 1
    outer loop
      vertex 86.5 99.5 4
      vertex 85.35 96.4722 4
      vertex 85.7021 96.2021 4
    endloop
  endfacet
  facet normal 0 0 1
    outer loop
      vertex 86.5 99.5 4
      vertex 84.94 96.6421 4
      vertex 85.35 96.4722 4
    endloop
  endfacet
  facet normal 0 0 1
    outer loop
      vertex 86.5 99.5 4
      vertex 84.5 96.7 4
      vertex 84.94 96.6421 4
    endloop
  endfacet
  facet normal 0 0 1
    outer loop
      vertex 86.5 99.5 4
      vertex 84.06 96.6421 4
      vertex 84.5 96.7 4
    endloop
  endfacet
  facet normal -0 0 1
    outer loop
      vertex 80.5 99.5 4
      vertex 84.06 96.6421 4
      vertex 86.5 99.5 4
    endloop
  endfacet
  facet normal 0 0 1
    outer loop
      vertex 84.06 96.6421 4
      vertex 80.5 99.5 4
      vertex 83.65 96.4722 4
    endloop
  endfacet
  facet normal 0 0 1
    outer loop
      vertex 83.7979 83.7979 4
      vertex 82.0979 67.5021 4
      vertex 82.45 67.7722 4
    endloop
  endfacet
  facet normal 0 0 1
    outer loop
      vertex 83.5278 84.15 4
      vertex 81.8278 67.15 4
      vertex 82.0979 67.5021 4
    endloop
  endfacet
  facet normal 0 -0 1
    outer loop
      vertex 81.6579 66.74 4
      vertex 83.3 85 4
      vertex 80.5 99.5 4
    endloop
  endfacet
  facet normal 0 0 1
    outer loop
      vertex 83.3579 84.56 4
      vertex 81.6579 66.74 4
      vertex 81.8278 67.15 4
    endloop
  endfacet
  facet normal 0 0 1
    outer loop
      vertex 57.7 16.5 4
      vertex 81.6579 66.74 4
      vertex 80.5 99.5 4
    endloop
  endfacet
  facet normal 0 0 1
    outer loop
      vertex 82.8579 95.44 4
      vertex 80.5 99.5 4
      vertex 82.8 95 4
    endloop
  endfacet
  facet normal 0 0 1
    outer loop
      vertex 83.0278 95.85 4
      vertex 80.5 99.5 4
      vertex 82.8579 95.44 4
    endloop
  endfacet
  facet normal 0 0 1
    outer loop
      vertex 83.2979 96.2021 4
      vertex 80.5 99.5 4
      vertex 83.0278 95.85 4
    endloop
  endfacet
  facet normal 0 0 1
    outer loop
      vertex 83.65 96.4722 4
      vertex 80.5 99.5 4
      vertex 83.2979 96.2021 4
    endloop
  endfacet
  facet normal -0 0 1
    outer loop
      vertex 85.9722 94.15 4
      vertex 86.4722 85.85 4
      vertex 86.1421 94.56 4
    endloop
  endfacet
  facet normal 0 0 1
    outer loop
      vertex 86.4722 85.85 4
      vertex 85.9722 94.15 4
      vertex 86.2021 86.2021 4
    endloop
  endfacet
  facet normal -0 0 1
    outer loop
      vertex 85.7021 93.7979 4
      vertex 86.2021 86.2021 4
      vertex 85.9722 94.15 4
    endloop
  endfacet
  facet normal 0 0 1
    outer loop
      vertex 86.2021 86.2021 4
      vertex 85.7021 93.7979 4
      vertex 85.85 86.4722 4
    endloop
  endfacet
  facet normal -0 0 1
    outer loop
      vertex 85.35 93.5278 4
      vertex 85.85 86.4722 4
      vertex 85.7021 93.7979 4
    endloop
  endfacet
  facet normal 0 0 1
    outer loop
      vertex 85.85 86.4722 4
      vertex 85.35 93.5278 4
      vertex 85.44 86.6421 4
    endloop
  endfacet
  facet normal -0 0 1
    outer loop
      vertex 84.94 93.3579 4
      vertex 85.44 86.6421 4
      vertex 85.35 93.5278 4
    endloop
  endfacet
  facet normal 0 0 1
    outer loop
      vertex 85.44 86.6421 4
      vertex 84.94 93.3579 4
      vertex 85 86.7 4
    endloop
  endfacet
  facet normal -0 0 1
    outer loop
      vertex 84.5 93.3 4
      vertex 85 86.7 4
      vertex 84.94 93.3579 4
    endloop
  endfacet
  facet normal 0 0 1
    outer loop
      vertex 85 86.7 4
      vertex 84.5 93.3 4
      vertex 84.56 86.6421 4
    endloop
  endfacet
  facet normal 0 0 1
    outer loop
      vertex 84.06 93.3579 4
      vertex 84.56 86.6421 4
      vertex 84.5 93.3 4
    endloop
  endfacet
  facet normal 0 0 1
    outer loop
      vertex 84.56 86.6421 4
      vertex 84.06 93.3579 4
      vertex 84.15 86.4722 4
    endloop
  endfacet
  facet normal 0 0 1
    outer loop
      vertex 83.65 93.5278 4
      vertex 84.15 86.4722 4
      vertex 84.06 93.3579 4
    endloop
  endfacet
  facet normal 0 0 1
    outer loop
      vertex 84.15 86.4722 4
      vertex 83.65 93.5278 4
      vertex 83.7979 86.2021 4
    endloop
  endfacet
  facet normal 0 0 1
    outer loop
      vertex 83.2979 93.7979 4
      vertex 83.7979 86.2021 4
      vertex 83.65 93.5278 4
    endloop
  endfacet
  facet normal 0 0 1
    outer loop
      vertex 83.7979 86.2021 4
      vertex 83.2979 93.7979 4
      vertex 83.5278 85.85 4
    endloop
  endfacet
  facet normal 0 0 1
    outer loop
      vertex 83.0278 94.15 4
      vertex 83.5278 85.85 4
      vertex 83.2979 93.7979 4
    endloop
  endfacet
  facet normal 0 0 1
    outer loop
      vertex 83.5278 85.85 4
      vertex 83.0278 94.15 4
      vertex 83.3579 85.44 4
    endloop
  endfacet
  facet normal 0 0 1
    outer loop
      vertex 82.8579 94.56 4
      vertex 83.3579 85.44 4
      vertex 83.0278 94.15 4
    endloop
  endfacet
  facet normal 0 0 1
    outer loop
      vertex 80.5 99.5 4
      vertex 83.3579 85.44 4
      vertex 82.8579 94.56 4
    endloop
  endfacet
  facet normal 0 0 1
    outer loop
      vertex 84.56 83.3579 4
      vertex 82.86 67.9421 4
      vertex 83.3 68 4
    endloop
  endfacet
  facet normal 0 0 1
    outer loop
      vertex 80.5 99.5 4
      vertex 82.8579 94.56 4
      vertex 82.8 95 4
    endloop
  endfacet
  facet normal 0 0 1
    outer loop
      vertex 83.3579 85.44 4
      vertex 80.5 99.5 4
      vertex 83.3 85 4
    endloop
  endfacet
  facet normal 0 0 1
    outer loop
      vertex 84.15 83.5278 4
      vertex 82.45 67.7722 4
      vertex 82.86 67.9421 4
    endloop
  endfacet
  facet normal 0.995184 -0.0980263 0
    outer loop
      vertex 94.8847 4.82945 4
      vertex 95 6 0
      vertex 95 6 4
    endloop
  endfacet
  facet normal 0.995184 -0.0980263 0
    outer loop
      vertex 95 6 0
      vertex 94.8847 4.82945 4
      vertex 94.8847 4.82945 0
    endloop
  endfacet
  facet normal 0.290272 -0.956944 0
    outer loop
      vertex 90.1705 0.11528 0
      vertex 91.2961 0.456711 4
      vertex 90.1705 0.11528 4
    endloop
  endfacet
  facet normal 0.290272 -0.956944 0
    outer loop
      vertex 91.2961 0.456711 4
      vertex 90.1705 0.11528 0
      vertex 91.2961 0.456711 0
    endloop
  endfacet
  facet normal 0.956949 -0.290258 0
    outer loop
      vertex 94.5433 3.70389 4
      vertex 94.8847 4.82945 0
      vertex 94.8847 4.82945 4
    endloop
  endfacet
  facet normal 0.956949 -0.290258 0
    outer loop
      vertex 94.8847 4.82945 0
      vertex 94.5433 3.70389 4
      vertex 94.5433 3.70389 0
    endloop
  endfacet
  facet normal 0 -1 0
    outer loop
      vertex 6 0 0
      vertex 89 0 4
      vertex 6 0 4
    endloop
  endfacet
  facet normal 0 -1 -0
    outer loop
      vertex 89 0 4
      vertex 6 0 0
      vertex 89 0 0
    endloop
  endfacet
  facet normal 0.0980136 -0.995185 0
    outer loop
      vertex 89 0 0
      vertex 90.1705 0.11528 4
      vertex 89 0 4
    endloop
  endfacet
  facet normal 0.0980136 -0.995185 0
    outer loop
      vertex 90.1705 0.11528 4
      vertex 89 0 0
      vertex 90.1705 0.11528 0
    endloop
  endfacet
  facet normal -0.0980095 -0.995185 0
    outer loop
      vertex 4.82945 0.11528 0
      vertex 6 0 4
      vertex 4.82945 0.11528 4
    endloop
  endfacet
  facet normal -0.0980095 -0.995185 -0
    outer loop
      vertex 6 0 4
      vertex 4.82945 0.11528 0
      vertex 6 0 0
    endloop
  endfacet
  facet normal 0 0 -1
    outer loop
      vertex 14.5 99.5 0
      vertex 12.1421 94.56 0
      vertex 12.2 95 0
    endloop
  endfacet
  facet normal 0 0 -1
    outer loop
      vertex 11.6421 85.44 0
      vertex 46.2443 80.575 0
      vertex 11.7 85 0
    endloop
  endfacet
  facet normal 0 0 -1
    outer loop
      vertex 10.44 83.3579 0
      vertex 12.24 31.4421 0
      vertex 11.8 31.5 0
    endloop
  endfacet
  facet normal 0 0 -1
    outer loop
      vertex 46.2443 80.575 0
      vertex 11.6421 85.44 0
      vertex 12.1421 94.56 0
    endloop
  endfacet
  facet normal 0 0 -1
    outer loop
      vertex 12.1421 94.56 0
      vertex 11.6421 85.44 0
      vertex 11.9722 94.15 0
    endloop
  endfacet
  facet normal 0 0 -1
    outer loop
      vertex 46.2443 80.575 0
      vertex 11.6421 84.56 0
      vertex 11.7 85 0
    endloop
  endfacet
  facet normal 0 0 -1
    outer loop
      vertex 46.2443 80.575 0
      vertex 11.4722 84.15 0
      vertex 11.6421 84.56 0
    endloop
  endfacet
  facet normal 0 0 -1
    outer loop
      vertex 10 83.3 0
      vertex 11.8 31.5 0
      vertex 11.36 31.4421 0
    endloop
  endfacet
  facet normal 0 0 -1
    outer loop
      vertex 46.2443 80.575 0
      vertex 11.2021 83.7979 0
      vertex 11.4722 84.15 0
    endloop
  endfacet
  facet normal 0 0 -1
    outer loop
      vertex 9.56001 83.3579 0
      vertex 11.36 31.4421 0
      vertex 10.95 31.2722 0
    endloop
  endfacet
  facet normal 0 0 -1
    outer loop
      vertex 46.4747 80.2747 0
      vertex 11.2021 83.7979 0
      vertex 46.2443 80.575 0
    endloop
  endfacet
  facet normal 0 0 -1
    outer loop
      vertex 9.15 83.5278 0
      vertex 10.95 31.2722 0
      vertex 10.5979 31.0021 0
    endloop
  endfacet
  facet normal 0 0 -1
    outer loop
      vertex 12.24 31.4421 0
      vertex 10.44 83.3579 0
      vertex 10.85 83.5278 0
    endloop
  endfacet
  facet normal 0 0 -1
    outer loop
      vertex 8.79792 83.7979 0
      vertex 10.5979 31.0021 0
      vertex 10.3278 30.65 0
    endloop
  endfacet
  facet normal 0 0 -1
    outer loop
      vertex 8.52776 84.15 0
      vertex 10.3278 30.65 0
      vertex 10.1579 30.24 0
    endloop
  endfacet
  facet normal 0 0 -1
    outer loop
      vertex 0 6 0
      vertex 10.1579 30.24 0
      vertex 10.1 29.8 0
    endloop
  endfacet
  facet normal 0 0 -1
    outer loop
      vertex 11.8 31.5 0
      vertex 10 83.3 0
      vertex 10.44 83.3579 0
    endloop
  endfacet
  facet normal -0 0 -1
    outer loop
      vertex 47.1247 79.8994 0
      vertex 13.0021 31.0021 0
      vertex 46.775 80.0443 0
    endloop
  endfacet
  facet normal 0 0 -1
    outer loop
      vertex 37.3 16.5 0
      vertex 13.4421 29.36 0
      vertex 13.5 29.8 0
    endloop
  endfacet
  facet normal 0 0 -1
    outer loop
      vertex 37.3 16.5 0
      vertex 13.2722 28.95 0
      vertex 13.4421 29.36 0
    endloop
  endfacet
  facet normal 0 0 -1
    outer loop
      vertex 37.3 16.5 0
      vertex 13.0021 28.5979 0
      vertex 13.2722 28.95 0
    endloop
  endfacet
  facet normal 0 0 -1
    outer loop
      vertex 7.7 16.5 0
      vertex 13.0021 28.5979 0
      vertex 37.3 16.5 0
    endloop
  endfacet
  facet normal 0 0 -1
    outer loop
      vertex 13.0021 28.5979 0
      vertex 7.7 16.5 0
      vertex 12.65 28.3278 0
    endloop
  endfacet
  facet normal 0 0 -1
    outer loop
      vertex 12.65 28.3278 0
      vertex 7.7 16.5 0
      vertex 12.24 28.1579 0
    endloop
  endfacet
  facet normal 0 0 -1
    outer loop
      vertex 12.24 28.1579 0
      vertex 7.7 16.5 0
      vertex 11.8 28.1 0
    endloop
  endfacet
  facet normal -0 0 -1
    outer loop
      vertex 11.8 28.1 0
      vertex 7.7 16.5 0
      vertex 11.36 28.1579 0
    endloop
  endfacet
  facet normal 0 0 -1
    outer loop
      vertex 11.36 31.4421 0
      vertex 9.56001 83.3579 0
      vertex 10 83.3 0
    endloop
  endfacet
  facet normal 0 0 -1
    outer loop
      vertex 10.95 31.2722 0
      vertex 9.15 83.5278 0
      vertex 9.56001 83.3579 0
    endloop
  endfacet
  facet normal 0 0 -1
    outer loop
      vertex 10.5979 31.0021 0
      vertex 8.79792 83.7979 0
      vertex 9.15 83.5278 0
    endloop
  endfacet
  facet normal 0 0 -1
    outer loop
      vertex 10.3278 30.65 0
      vertex 8.52776 84.15 0
      vertex 8.79792 83.7979 0
    endloop
  endfacet
  facet normal 0 0 -1
    outer loop
      vertex 10.1579 30.24 0
      vertex 8.35793 84.56 0
      vertex 8.52776 84.15 0
    endloop
  endfacet
  facet normal -0 0 -1
    outer loop
      vertex 10.1579 30.24 0
      vertex 0 6 0
      vertex 8.35793 84.56 0
    endloop
  endfacet
  facet normal 0 0 -1
    outer loop
      vertex 0 6 0
      vertex 10.1 29.8 0
      vertex 7.7 16.5 0
    endloop
  endfacet
  facet normal -0 0 -1
    outer loop
      vertex 10.1579 29.36 0
      vertex 7.7 16.5 0
      vertex 10.1 29.8 0
    endloop
  endfacet
  facet normal -0 0 -1
    outer loop
      vertex 10.3278 28.95 0
      vertex 7.7 16.5 0
      vertex 10.1579 29.36 0
    endloop
  endfacet
  facet normal -0 0 -1
    outer loop
      vertex 10.5979 28.5979 0
      vertex 7.7 16.5 0
      vertex 10.3278 28.95 0
    endloop
  endfacet
  facet normal -0 0 -1
    outer loop
      vertex 10.95 28.3278 0
      vertex 7.7 16.5 0
      vertex 10.5979 28.5979 0
    endloop
  endfacet
  facet normal -0 0 -1
    outer loop
      vertex 11.36 28.1579 0
      vertex 7.7 16.5 0
      vertex 10.95 28.3278 0
    endloop
  endfacet
  facet normal 0 0 -1
    outer loop
      vertex 12.65 31.2722 0
      vertex 46.775 80.0443 0
      vertex 13.0021 31.0021 0
    endloop
  endfacet
  facet normal -0 0 -1
    outer loop
      vertex 46.775 80.0443 0
      vertex 12.65 31.2722 0
      vertex 46.4747 80.2747 0
    endloop
  endfacet
  facet normal 0 0 -1
    outer loop
      vertex 10.85 83.5278 0
      vertex 12.65 31.2722 0
      vertex 12.24 31.4421 0
    endloop
  endfacet
  facet normal 0 0 -1
    outer loop
      vertex 12.65 31.2722 0
      vertex 10.85 83.5278 0
      vertex 46.4747 80.2747 0
    endloop
  endfacet
  facet normal 0 -0 -1
    outer loop
      vertex 11.2021 83.7979 0
      vertex 46.4747 80.2747 0
      vertex 10.85 83.5278 0
    endloop
  endfacet
  facet normal 0 0 -1
    outer loop
      vertex 46.2443 82.025 0
      vertex 12.1421 94.56 0
      vertex 14.5 99.5 0
    endloop
  endfacet
  facet normal 0 0 -1
    outer loop
      vertex 12.1421 95.44 0
      vertex 14.5 99.5 0
      vertex 12.2 95 0
    endloop
  endfacet
  facet normal 0 0 -1
    outer loop
      vertex 11.9722 95.85 0
      vertex 14.5 99.5 0
      vertex 12.1421 95.44 0
    endloop
  endfacet
  facet normal 0 0 -1
    outer loop
      vertex 11.7021 96.2021 0
      vertex 14.5 99.5 0
      vertex 11.9722 95.85 0
    endloop
  endfacet
  facet normal 0 0 -1
    outer loop
      vertex 11.35 96.4722 0
      vertex 14.5 99.5 0
      vertex 11.7021 96.2021 0
    endloop
  endfacet
  facet normal 0 0 -1
    outer loop
      vertex 10.94 96.6421 0
      vertex 14.5 99.5 0
      vertex 11.35 96.4722 0
    endloop
  endfacet
  facet normal 0 0 -1
    outer loop
      vertex 8.5 99.5 0
      vertex 10.94 96.6421 0
      vertex 10.5 96.7 0
    endloop
  endfacet
  facet normal 0 0 -1
    outer loop
      vertex 8.5 99.5 0
      vertex 10.5 96.7 0
      vertex 10.06 96.6421 0
    endloop
  endfacet
  facet normal 0 0 -1
    outer loop
      vertex 8.5 99.5 0
      vertex 10.06 96.6421 0
      vertex 9.65 96.4722 0
    endloop
  endfacet
  facet normal 0 0 -1
    outer loop
      vertex 8.35793 85.44 0
      vertex 8.85793 94.56 0
      vertex 8.52776 85.85 0
    endloop
  endfacet
  facet normal 0 0 -1
    outer loop
      vertex 10.94 96.6421 0
      vertex 8.5 99.5 0
      vertex 14.5 99.5 0
    endloop
  endfacet
  facet normal 0 0 -1
    outer loop
      vertex 9.29792 96.2021 0
      vertex 8.5 99.5 0
      vertex 9.65 96.4722 0
    endloop
  endfacet
  facet normal 0 0 -1
    outer loop
      vertex 9.02776 95.85 0
      vertex 8.5 99.5 0
      vertex 9.29792 96.2021 0
    endloop
  endfacet
  facet normal 0 0 -1
    outer loop
      vertex 8.85793 95.44 0
      vertex 8.5 99.5 0
      vertex 9.02776 95.85 0
    endloop
  endfacet
  facet normal 0 0 -1
    outer loop
      vertex 8.8 95 0
      vertex 8.5 99.5 0
      vertex 8.85793 95.44 0
    endloop
  endfacet
  facet normal -0 0 -1
    outer loop
      vertex 8.85793 94.56 0
      vertex 8.35793 85.44 0
      vertex 8.8 95 0
    endloop
  endfacet
  facet normal 0 0 -1
    outer loop
      vertex 8.8 95 0
      vertex 0 112 0
      vertex 8.5 99.5 0
    endloop
  endfacet
  facet normal 0 0 -1
    outer loop
      vertex 0 112 0
      vertex 8.8 95 0
      vertex 8.35793 85.44 0
    endloop
  endfacet
  facet normal 0 0 -1
    outer loop
      vertex 11.4722 85.85 0
      vertex 11.9722 94.15 0
      vertex 11.6421 85.44 0
    endloop
  endfacet
  facet normal 0 0 -1
    outer loop
      vertex 11.9722 94.15 0
      vertex 11.4722 85.85 0
      vertex 11.7021 93.7979 0
    endloop
  endfacet
  facet normal 0 0 -1
    outer loop
      vertex 11.2021 86.2021 0
      vertex 11.7021 93.7979 0
      vertex 11.4722 85.85 0
    endloop
  endfacet
  facet normal 0 0 -1
    outer loop
      vertex 11.7021 93.7979 0
      vertex 11.2021 86.2021 0
      vertex 11.35 93.5278 0
    endloop
  endfacet
  facet normal 0 0 -1
    outer loop
      vertex 10.85 86.4722 0
      vertex 11.35 93.5278 0
      vertex 11.2021 86.2021 0
    endloop
  endfacet
  facet normal 0 0 -1
    outer loop
      vertex 11.35 93.5278 0
      vertex 10.85 86.4722 0
      vertex 10.94 93.3579 0
    endloop
  endfacet
  facet normal 0 0 -1
    outer loop
      vertex 10.44 86.6421 0
      vertex 10.94 93.3579 0
      vertex 10.85 86.4722 0
    endloop
  endfacet
  facet normal 0 0 -1
    outer loop
      vertex 10.94 93.3579 0
      vertex 10.44 86.6421 0
      vertex 10.5 93.3 0
    endloop
  endfacet
  facet normal 0 0 -1
    outer loop
      vertex 10 86.7 0
      vertex 10.5 93.3 0
      vertex 10.44 86.6421 0
    endloop
  endfacet
  facet normal -0 0 -1
    outer loop
      vertex 10.5 93.3 0
      vertex 10 86.7 0
      vertex 10.06 93.3579 0
    endloop
  endfacet
  facet normal 0 0 -1
    outer loop
      vertex 9.56001 86.6421 0
      vertex 10.06 93.3579 0
      vertex 10 86.7 0
    endloop
  endfacet
  facet normal -0 0 -1
    outer loop
      vertex 10.06 93.3579 0
      vertex 9.56001 86.6421 0
      vertex 9.65 93.5278 0
    endloop
  endfacet
  facet normal 0 0 -1
    outer loop
      vertex 9.15 86.4722 0
      vertex 9.65 93.5278 0
      vertex 9.56001 86.6421 0
    endloop
  endfacet
  facet normal -0 0 -1
    outer loop
      vertex 9.65 93.5278 0
      vertex 9.15 86.4722 0
      vertex 9.29792 93.7979 0
    endloop
  endfacet
  facet normal 0 0 -1
    outer loop
      vertex 8.79792 86.2021 0
      vertex 9.29792 93.7979 0
      vertex 9.15 86.4722 0
    endloop
  endfacet
  facet normal -0 0 -1
    outer loop
      vertex 9.29792 93.7979 0
      vertex 8.79792 86.2021 0
      vertex 9.02776 94.15 0
    endloop
  endfacet
  facet normal 0 0 -1
    outer loop
      vertex 8.52776 85.85 0
      vertex 9.02776 94.15 0
      vertex 8.79792 86.2021 0
    endloop
  endfacet
  facet normal -0 0 -1
    outer loop
      vertex 9.02776 94.15 0
      vertex 8.52776 85.85 0
      vertex 8.85793 94.56 0
    endloop
  endfacet
  facet normal 0 0 -1
    outer loop
      vertex 86.6421 85.44 0
      vertex 86.1421 94.56 0
      vertex 86.2 95 0
    endloop
  endfacet
  facet normal 0 0 -1
    outer loop
      vertex 86.4722 85.85 0
      vertex 85.9722 94.15 0
      vertex 86.1421 94.56 0
    endloop
  endfacet
  facet normal 0 0 -1
    outer loop
      vertex 85.7021 93.7979 0
      vertex 86.2021 86.2021 0
      vertex 85.85 86.4722 0
    endloop
  endfacet
  facet normal 0 0 -1
    outer loop
      vertex 86.2021 86.2021 0
      vertex 85.7021 93.7979 0
      vertex 85.9722 94.15 0
    endloop
  endfacet
  facet normal 0 0 -1
    outer loop
      vertex 85.35 93.5278 0
      vertex 85.85 86.4722 0
      vertex 85.44 86.6421 0
    endloop
  endfacet
  facet normal 0 0 -1
    outer loop
      vertex 85.85 86.4722 0
      vertex 85.35 93.5278 0
      vertex 85.7021 93.7979 0
    endloop
  endfacet
  facet normal 0 0 -1
    outer loop
      vertex 84.94 93.3579 0
      vertex 85.44 86.6421 0
      vertex 85 86.7 0
    endloop
  endfacet
  facet normal 0 0 -1
    outer loop
      vertex 85.44 86.6421 0
      vertex 84.94 93.3579 0
      vertex 85.35 93.5278 0
    endloop
  endfacet
  facet normal 0 0 -1
    outer loop
      vertex 84.5 93.3 0
      vertex 85 86.7 0
      vertex 84.56 86.6421 0
    endloop
  endfacet
  facet normal 0 0 -1
    outer loop
      vertex 85 86.7 0
      vertex 84.5 93.3 0
      vertex 84.94 93.3579 0
    endloop
  endfacet
  facet normal 0 0 -1
    outer loop
      vertex 84.06 93.3579 0
      vertex 84.56 86.6421 0
      vertex 84.15 86.4722 0
    endloop
  endfacet
  facet normal 0 0 -1
    outer loop
      vertex 84.56 86.6421 0
      vertex 84.06 93.3579 0
      vertex 84.5 93.3 0
    endloop
  endfacet
  facet normal 0 0 -1
    outer loop
      vertex 83.65 93.5278 0
      vertex 84.15 86.4722 0
      vertex 83.7979 86.2021 0
    endloop
  endfacet
  facet normal 0 0 -1
    outer loop
      vertex 84.15 86.4722 0
      vertex 83.65 93.5278 0
      vertex 84.06 93.3579 0
    endloop
  endfacet
  facet normal 0 0 -1
    outer loop
      vertex 83.2979 93.7979 0
      vertex 83.7979 86.2021 0
      vertex 83.5278 85.85 0
    endloop
  endfacet
  facet normal 0 0 -1
    outer loop
      vertex 83.0278 94.15 0
      vertex 83.5278 85.85 0
      vertex 83.3579 85.44 0
    endloop
  endfacet
  facet normal 0 0 -1
    outer loop
      vertex 82.8579 94.56 0
      vertex 83.3579 85.44 0
      vertex 83.3 85 0
    endloop
  endfacet
  facet normal 0 0 -1
    outer loop
      vertex 83.7979 86.2021 0
      vertex 83.2979 93.7979 0
      vertex 83.65 93.5278 0
    endloop
  endfacet
  facet normal 0 0 -1
    outer loop
      vertex 86.1421 94.56 0
      vertex 86.6421 85.44 0
      vertex 86.4722 85.85 0
    endloop
  endfacet
  facet normal 0 0 -1
    outer loop
      vertex 85.9722 94.15 0
      vertex 86.4722 85.85 0
      vertex 86.2021 86.2021 0
    endloop
  endfacet
  facet normal 0 0 -1
    outer loop
      vertex 86.6421 85.44 0
      vertex 86.2 95 0
      vertex 86.5 99.5 0
    endloop
  endfacet
  facet normal 0 0 -1
    outer loop
      vertex 86.1421 95.44 0
      vertex 86.5 99.5 0
      vertex 86.2 95 0
    endloop
  endfacet
  facet normal 0 0 -1
    outer loop
      vertex 85.9722 95.85 0
      vertex 86.5 99.5 0
      vertex 86.1421 95.44 0
    endloop
  endfacet
  facet normal 0 0 -1
    outer loop
      vertex 85.7021 96.2021 0
      vertex 86.5 99.5 0
      vertex 85.9722 95.85 0
    endloop
  endfacet
  facet normal 0 0 -1
    outer loop
      vertex 85.35 96.4722 0
      vertex 86.5 99.5 0
      vertex 85.7021 96.2021 0
    endloop
  endfacet
  facet normal 0 0 -1
    outer loop
      vertex 84.94 96.6421 0
      vertex 86.5 99.5 0
      vertex 85.35 96.4722 0
    endloop
  endfacet
  facet normal 0 0 -1
    outer loop
      vertex 84.5 96.7 0
      vertex 86.5 99.5 0
      vertex 84.94 96.6421 0
    endloop
  endfacet
  facet normal 0 0 -1
    outer loop
      vertex 84.06 96.6421 0
      vertex 86.5 99.5 0
      vertex 84.5 96.7 0
    endloop
  endfacet
  facet normal 0 0 -1
    outer loop
      vertex 80.5 99.5 0
      vertex 84.06 96.6421 0
      vertex 83.65 96.4722 0
    endloop
  endfacet
  facet normal 0 0 -1
    outer loop
      vertex 80.5 99.5 0
      vertex 83.65 96.4722 0
      vertex 83.2979 96.2021 0
    endloop
  endfacet
  facet normal 0 0 -1
    outer loop
      vertex 48.9006 80.9247 0
      vertex 83.3579 84.56 0
      vertex 81.8278 67.15 0
    endloop
  endfacet
  facet normal 0 -0 -1
    outer loop
      vertex 48.95 81.3 0
      vertex 83.3579 84.56 0
      vertex 48.9006 80.9247 0
    endloop
  endfacet
  facet normal 0 0 -1
    outer loop
      vertex 48.9006 80.9247 0
      vertex 81.8278 67.15 0
      vertex 81.6579 66.74 0
    endloop
  endfacet
  facet normal 0 0 -1
    outer loop
      vertex 48.7557 80.575 0
      vertex 81.6579 66.74 0
      vertex 81.6 66.3 0
    endloop
  endfacet
  facet normal 0 0 -1
    outer loop
      vertex 84.06 96.6421 0
      vertex 80.5 99.5 0
      vertex 86.5 99.5 0
    endloop
  endfacet
  facet normal 0 0 -1
    outer loop
      vertex 83.0278 95.85 0
      vertex 80.5 99.5 0
      vertex 83.2979 96.2021 0
    endloop
  endfacet
  facet normal 0 0 -1
    outer loop
      vertex 82.8579 95.44 0
      vertex 80.5 99.5 0
      vertex 83.0278 95.85 0
    endloop
  endfacet
  facet normal 0 0 -1
    outer loop
      vertex 82.8 95 0
      vertex 80.5 99.5 0
      vertex 82.8579 95.44 0
    endloop
  endfacet
  facet normal 0 0 -1
    outer loop
      vertex 48.9006 81.6753 0
      vertex 83.3 85 0
      vertex 48.95 81.3 0
    endloop
  endfacet
  facet normal 0 0 -1
    outer loop
      vertex 95 112 0
      vertex 86.6421 84.56 0
      vertex 86.7 85 0
    endloop
  endfacet
  facet normal 0 0 -1
    outer loop
      vertex 95 6 0
      vertex 85 66.3 0
      vertex 86.6421 84.56 0
    endloop
  endfacet
  facet normal 0 0 -1
    outer loop
      vertex 84.9421 66.74 0
      vertex 86.6421 84.56 0
      vertex 85 66.3 0
    endloop
  endfacet
  facet normal 0 0 -1
    outer loop
      vertex 86.6421 84.56 0
      vertex 84.9421 66.74 0
      vertex 86.4722 84.15 0
    endloop
  endfacet
  facet normal 0 0 -1
    outer loop
      vertex 84.7722 67.15 0
      vertex 86.4722 84.15 0
      vertex 84.9421 66.74 0
    endloop
  endfacet
  facet normal 0 0 -1
    outer loop
      vertex 86.4722 84.15 0
      vertex 84.7722 67.15 0
      vertex 86.2021 83.7979 0
    endloop
  endfacet
  facet normal 0 0 -1
    outer loop
      vertex 95 6 0
      vertex 84.9421 65.86 0
      vertex 85 66.3 0
    endloop
  endfacet
  facet normal 0 0 -1
    outer loop
      vertex 95 6 0
      vertex 84.7722 65.45 0
      vertex 84.9421 65.86 0
    endloop
  endfacet
  facet normal 0 0 -1
    outer loop
      vertex 87.3 16.5 0
      vertex 84.5021 65.0979 0
      vertex 84.7722 65.45 0
    endloop
  endfacet
  facet normal 0 0 -1
    outer loop
      vertex 87.3 16.5 0
      vertex 84.15 64.8278 0
      vertex 84.5021 65.0979 0
    endloop
  endfacet
  facet normal 0 0 -1
    outer loop
      vertex 87.3 16.5 0
      vertex 83.74 64.6579 0
      vertex 84.15 64.8278 0
    endloop
  endfacet
  facet normal 0 0 -1
    outer loop
      vertex 87.3 16.5 0
      vertex 83.3 64.6 0
      vertex 83.74 64.6579 0
    endloop
  endfacet
  facet normal 0 0 -1
    outer loop
      vertex 87.3 16.5 0
      vertex 82.86 64.6579 0
      vertex 83.3 64.6 0
    endloop
  endfacet
  facet normal 0 0 -1
    outer loop
      vertex 57.7 16.5 0
      vertex 82.86 64.6579 0
      vertex 87.3 16.5 0
    endloop
  endfacet
  facet normal -0 0 -1
    outer loop
      vertex 82.86 64.6579 0
      vertex 57.7 16.5 0
      vertex 82.45 64.8278 0
    endloop
  endfacet
  facet normal -0 0 -1
    outer loop
      vertex 82.45 64.8278 0
      vertex 57.7 16.5 0
      vertex 82.0979 65.0979 0
    endloop
  endfacet
  facet normal -0 0 -1
    outer loop
      vertex 82.0979 65.0979 0
      vertex 57.7 16.5 0
      vertex 81.8278 65.45 0
    endloop
  endfacet
  facet normal 0 0 -1
    outer loop
      vertex 47.8753 79.8994 0
      vertex 81.8278 65.45 0
      vertex 57.7 16.5 0
    endloop
  endfacet
  facet normal 0 0 -1
    outer loop
      vertex 81.6579 66.74 0
      vertex 48.7557 80.575 0
      vertex 48.9006 80.9247 0
    endloop
  endfacet
  facet normal 0 0 -1
    outer loop
      vertex 81.6579 65.86 0
      vertex 48.7557 80.575 0
      vertex 81.6 66.3 0
    endloop
  endfacet
  facet normal 0 0 -1
    outer loop
      vertex 81.8278 65.45 0
      vertex 47.8753 79.8994 0
      vertex 81.6579 65.86 0
    endloop
  endfacet
  facet normal 0 0 -1
    outer loop
      vertex 89 0 0
      vertex 57.7 3.5 0
      vertex 87.3 3.5 0
    endloop
  endfacet
  facet normal 0 0 -1
    outer loop
      vertex 37.3 16.5 0
      vertex 57.7 16.5 0
      vertex 57.7 3.5 0
    endloop
  endfacet
  facet normal 0 0 -1
    outer loop
      vertex 48.7557 82.025 0
      vertex 83.3 85 0
      vertex 48.9006 81.6753 0
    endloop
  endfacet
  facet normal -0 0 -1
    outer loop
      vertex 83.3579 84.56 0
      vertex 48.95 81.3 0
      vertex 83.3 85 0
    endloop
  endfacet
  facet normal 0 0 -1
    outer loop
      vertex 81.6579 65.86 0
      vertex 48.5253 80.2747 0
      vertex 48.7557 80.575 0
    endloop
  endfacet
  facet normal 0 0 -1
    outer loop
      vertex 81.6579 65.86 0
      vertex 48.225 80.0443 0
      vertex 48.5253 80.2747 0
    endloop
  endfacet
  facet normal 0 -0 -1
    outer loop
      vertex 47.5 79.85 0
      vertex 57.7 16.5 0
      vertex 37.3 16.5 0
    endloop
  endfacet
  facet normal 0 0 -1
    outer loop
      vertex 81.6579 65.86 0
      vertex 47.8753 79.8994 0
      vertex 48.225 80.0443 0
    endloop
  endfacet
  facet normal 0 0 -1
    outer loop
      vertex 57.7 16.5 0
      vertex 47.5 79.85 0
      vertex 47.8753 79.8994 0
    endloop
  endfacet
  facet normal -0 0 -1
    outer loop
      vertex 47.5 79.85 0
      vertex 37.3 16.5 0
      vertex 47.1247 79.8994 0
    endloop
  endfacet
  facet normal 0 0 -1
    outer loop
      vertex 13.4421 30.24 0
      vertex 37.3 16.5 0
      vertex 13.5 29.8 0
    endloop
  endfacet
  facet normal 0 0 -1
    outer loop
      vertex 13.2722 30.65 0
      vertex 37.3 16.5 0
      vertex 13.4421 30.24 0
    endloop
  endfacet
  facet normal 0 0 -1
    outer loop
      vertex 37.3 16.5 0
      vertex 13.2722 30.65 0
      vertex 47.1247 79.8994 0
    endloop
  endfacet
  facet normal 0 0 -1
    outer loop
      vertex 13.0021 31.0021 0
      vertex 47.1247 79.8994 0
      vertex 13.2722 30.65 0
    endloop
  endfacet
  facet normal 0 0 -1
    outer loop
      vertex 37.3 16.5 0
      vertex 57.7 3.5 0
      vertex 37.3 3.5 0
    endloop
  endfacet
  facet normal 0 0 -1
    outer loop
      vertex 89 0 0
      vertex 37.3 3.5 0
      vertex 57.7 3.5 0
    endloop
  endfacet
  facet normal 0 0 -1
    outer loop
      vertex 6 0 0
      vertex 37.3 3.5 0
      vertex 89 0 0
    endloop
  endfacet
  facet normal 0 0 -1
    outer loop
      vertex 4.82945 0.11528 0
      vertex 7.7 3.5 0
      vertex 6 0 0
    endloop
  endfacet
  facet normal -0 0 -1
    outer loop
      vertex 37.3 3.5 0
      vertex 6 0 0
      vertex 7.7 3.5 0
    endloop
  endfacet
  facet normal 0 0 -1
    outer loop
      vertex 87.3 3.5 0
      vertex 95 6 0
      vertex 94.8847 4.82945 0
    endloop
  endfacet
  facet normal 0 0 -1
    outer loop
      vertex 87.3 3.5 0
      vertex 94.8847 4.82945 0
      vertex 94.5433 3.70389 0
    endloop
  endfacet
  facet normal 0 0 -1
    outer loop
      vertex 87.3 3.5 0
      vertex 94.5433 3.70389 0
      vertex 93.9888 2.66656 0
    endloop
  endfacet
  facet normal 0 0 -1
    outer loop
      vertex 87.3 3.5 0
      vertex 93.9888 2.66656 0
      vertex 93.2426 1.75735 0
    endloop
  endfacet
  facet normal 0 0 -1
    outer loop
      vertex 87.3 3.5 0
      vertex 93.2426 1.75735 0
      vertex 92.3334 1.01117 0
    endloop
  endfacet
  facet normal 0 0 -1
    outer loop
      vertex 87.3 3.5 0
      vertex 92.3334 1.01117 0
      vertex 91.2961 0.456711 0
    endloop
  endfacet
  facet normal 0 0 -1
    outer loop
      vertex 87.3 3.5 0
      vertex 91.2961 0.456711 0
      vertex 90.1705 0.11528 0
    endloop
  endfacet
  facet normal 0 0 -1
    outer loop
      vertex 87.3 3.5 0
      vertex 90.1705 0.11528 0
      vertex 89 0 0
    endloop
  endfacet
  facet normal -0 0 -1
    outer loop
      vertex 95 6 0
      vertex 87.3 3.5 0
      vertex 87.3 16.5 0
    endloop
  endfacet
  facet normal 0 0 -1
    outer loop
      vertex 84.7722 65.45 0
      vertex 95 6 0
      vertex 87.3 16.5 0
    endloop
  endfacet
  facet normal 0 0 -1
    outer loop
      vertex 86.6421 84.56 0
      vertex 95 112 0
      vertex 95 6 0
    endloop
  endfacet
  facet normal 0 0 -1
    outer loop
      vertex 86.6421 85.44 0
      vertex 95 112 0
      vertex 86.7 85 0
    endloop
  endfacet
  facet normal 0 0 -1
    outer loop
      vertex 86.5 99.5 0
      vertex 95 112 0
      vertex 86.6421 85.44 0
    endloop
  endfacet
  facet normal 0 0 -1
    outer loop
      vertex 86.5 109.5 0
      vertex 95 112 0
      vertex 86.5 99.5 0
    endloop
  endfacet
  facet normal 0 0 -1
    outer loop
      vertex 80.5 109.5 0
      vertex 95 112 0
      vertex 86.5 109.5 0
    endloop
  endfacet
  facet normal -0 0 -1
    outer loop
      vertex 83.3 85 0
      vertex 48.7557 82.025 0
      vertex 82.8 95 0
    endloop
  endfacet
  facet normal -0 0 -1
    outer loop
      vertex 82.8 95 0
      vertex 48.7557 82.025 0
      vertex 80.5 99.5 0
    endloop
  endfacet
  facet normal 0 0 -1
    outer loop
      vertex 48.5253 82.3253 0
      vertex 80.5 99.5 0
      vertex 48.7557 82.025 0
    endloop
  endfacet
  facet normal 0 0 -1
    outer loop
      vertex 48.225 82.5557 0
      vertex 80.5 99.5 0
      vertex 48.5253 82.3253 0
    endloop
  endfacet
  facet normal -0 0 -1
    outer loop
      vertex 80.5 99.5 0
      vertex 48.225 82.5557 0
      vertex 80.5 109.5 0
    endloop
  endfacet
  facet normal 0 0 -1
    outer loop
      vertex 47.8753 82.7006 0
      vertex 80.5 109.5 0
      vertex 48.225 82.5557 0
    endloop
  endfacet
  facet normal 0 0 -1
    outer loop
      vertex 47.5 82.75 0
      vertex 80.5 109.5 0
      vertex 47.8753 82.7006 0
    endloop
  endfacet
  facet normal 0 0 -1
    outer loop
      vertex 14.5 109.5 0
      vertex 47.5 82.75 0
      vertex 47.1247 82.7006 0
    endloop
  endfacet
  facet normal 0 0 -1
    outer loop
      vertex 14.5 109.5 0
      vertex 47.1247 82.7006 0
      vertex 46.775 82.5557 0
    endloop
  endfacet
  facet normal 0 0 -1
    outer loop
      vertex 14.5 99.5 0
      vertex 46.775 82.5557 0
      vertex 46.4747 82.3253 0
    endloop
  endfacet
  facet normal 0 0 -1
    outer loop
      vertex 12.1421 94.56 0
      vertex 46.0994 80.9247 0
      vertex 46.2443 80.575 0
    endloop
  endfacet
  facet normal 0 0 -1
    outer loop
      vertex 12.1421 94.56 0
      vertex 46.05 81.3 0
      vertex 46.0994 80.9247 0
    endloop
  endfacet
  facet normal 0 0 -1
    outer loop
      vertex 12.1421 94.56 0
      vertex 46.0994 81.6753 0
      vertex 46.05 81.3 0
    endloop
  endfacet
  facet normal 0 0 -1
    outer loop
      vertex 12.1421 94.56 0
      vertex 46.2443 82.025 0
      vertex 46.0994 81.6753 0
    endloop
  endfacet
  facet normal 0 0 -1
    outer loop
      vertex 14.5 99.5 0
      vertex 46.4747 82.3253 0
      vertex 46.2443 82.025 0
    endloop
  endfacet
  facet normal 0 0 -1
    outer loop
      vertex 46.775 82.5557 0
      vertex 14.5 99.5 0
      vertex 14.5 109.5 0
    endloop
  endfacet
  facet normal 0 0 -1
    outer loop
      vertex 47.5 82.75 0
      vertex 14.5 109.5 0
      vertex 80.5 109.5 0
    endloop
  endfacet
  facet normal 0 0 -1
    outer loop
      vertex 80.5 109.5 0
      vertex 14.5 109.5 0
      vertex 95 112 0
    endloop
  endfacet
  facet normal 0 0 -1
    outer loop
      vertex 0 112 0
      vertex 14.5 109.5 0
      vertex 8.5 109.5 0
    endloop
  endfacet
  facet normal 0 0 -1
    outer loop
      vertex 0 112 0
      vertex 8.35793 85.44 0
      vertex 8.3 85 0
    endloop
  endfacet
  facet normal 0 0 -1
    outer loop
      vertex 0 112 0
      vertex 8.35793 84.56 0
      vertex 0 6 0
    endloop
  endfacet
  facet normal 0 0 -1
    outer loop
      vertex 7.7 3.5 0
      vertex 0 6 0
      vertex 7.7 16.5 0
    endloop
  endfacet
  facet normal 0 0 -1
    outer loop
      vertex 3.70389 0.456711 0
      vertex 7.7 3.5 0
      vertex 4.82945 0.11528 0
    endloop
  endfacet
  facet normal 0 0 -1
    outer loop
      vertex 2.66656 1.01117 0
      vertex 7.7 3.5 0
      vertex 3.70389 0.456711 0
    endloop
  endfacet
  facet normal 0 0 -1
    outer loop
      vertex 1.75735 1.75735 0
      vertex 7.7 3.5 0
      vertex 2.66656 1.01117 0
    endloop
  endfacet
  facet normal 0 0 -1
    outer loop
      vertex 1.01117 2.66656 0
      vertex 7.7 3.5 0
      vertex 1.75735 1.75735 0
    endloop
  endfacet
  facet normal 0 0 -1
    outer loop
      vertex 0.456711 3.70389 0
      vertex 7.7 3.5 0
      vertex 1.01117 2.66656 0
    endloop
  endfacet
  facet normal 0 0 -1
    outer loop
      vertex 0.11528 4.82945 0
      vertex 7.7 3.5 0
      vertex 0.456711 3.70389 0
    endloop
  endfacet
  facet normal 0 0 -1
    outer loop
      vertex 7.7 3.5 0
      vertex 0.11528 4.82945 0
      vertex 0 6 0
    endloop
  endfacet
  facet normal 0 0 -1
    outer loop
      vertex 8.35793 84.56 0
      vertex 0 112 0
      vertex 8.3 85 0
    endloop
  endfacet
  facet normal 0 0 -1
    outer loop
      vertex 14.5 109.5 0
      vertex 0 112 0
      vertex 95 112 0
    endloop
  endfacet
  facet normal 0 0 -1
    outer loop
      vertex 8.5 99.5 0
      vertex 0 112 0
      vertex 8.5 109.5 0
    endloop
  endfacet
  facet normal 0 0 -1
    outer loop
      vertex 84.5021 67.5021 0
      vertex 86.2021 83.7979 0
      vertex 84.7722 67.15 0
    endloop
  endfacet
  facet normal 0 0 -1
    outer loop
      vertex 86.2021 83.7979 0
      vertex 84.5021 67.5021 0
      vertex 85.85 83.5278 0
    endloop
  endfacet
  facet normal 0 0 -1
    outer loop
      vertex 84.15 67.7722 0
      vertex 85.85 83.5278 0
      vertex 84.5021 67.5021 0
    endloop
  endfacet
  facet normal 0 0 -1
    outer loop
      vertex 85.85 83.5278 0
      vertex 84.15 67.7722 0
      vertex 85.44 83.3579 0
    endloop
  endfacet
  facet normal 0 0 -1
    outer loop
      vertex 83.74 67.9421 0
      vertex 85.44 83.3579 0
      vertex 84.15 67.7722 0
    endloop
  endfacet
  facet normal 0 0 -1
    outer loop
      vertex 85.44 83.3579 0
      vertex 83.74 67.9421 0
      vertex 85 83.3 0
    endloop
  endfacet
  facet normal 0 0 -1
    outer loop
      vertex 83.3 68 0
      vertex 85 83.3 0
      vertex 83.74 67.9421 0
    endloop
  endfacet
  facet normal -0 0 -1
    outer loop
      vertex 85 83.3 0
      vertex 83.3 68 0
      vertex 84.56 83.3579 0
    endloop
  endfacet
  facet normal 0 0 -1
    outer loop
      vertex 82.86 67.9421 0
      vertex 84.56 83.3579 0
      vertex 83.3 68 0
    endloop
  endfacet
  facet normal -0 0 -1
    outer loop
      vertex 84.56 83.3579 0
      vertex 82.86 67.9421 0
      vertex 84.15 83.5278 0
    endloop
  endfacet
  facet normal 0 0 -1
    outer loop
      vertex 82.45 67.7722 0
      vertex 84.15 83.5278 0
      vertex 82.86 67.9421 0
    endloop
  endfacet
  facet normal -0 0 -1
    outer loop
      vertex 84.15 83.5278 0
      vertex 82.45 67.7722 0
      vertex 83.7979 83.7979 0
    endloop
  endfacet
  facet normal 0 0 -1
    outer loop
      vertex 82.0979 67.5021 0
      vertex 83.7979 83.7979 0
      vertex 82.45 67.7722 0
    endloop
  endfacet
  facet normal -0 0 -1
    outer loop
      vertex 83.7979 83.7979 0
      vertex 82.0979 67.5021 0
      vertex 83.5278 84.15 0
    endloop
  endfacet
  facet normal 0 0 -1
    outer loop
      vertex 81.8278 67.15 0
      vertex 83.5278 84.15 0
      vertex 82.0979 67.5021 0
    endloop
  endfacet
  facet normal -0 0 -1
    outer loop
      vertex 83.5278 84.15 0
      vertex 81.8278 67.15 0
      vertex 83.3579 84.56 0
    endloop
  endfacet
  facet normal 0 0 -1
    outer loop
      vertex 83.5278 85.85 0
      vertex 83.0278 94.15 0
      vertex 83.2979 93.7979 0
    endloop
  endfacet
  facet normal 0 0 -1
    outer loop
      vertex 83.3579 85.44 0
      vertex 82.8579 94.56 0
      vertex 83.0278 94.15 0
    endloop
  endfacet
  facet normal 0 0 -1
    outer loop
      vertex 83.3 85 0
      vertex 82.8 95 0
      vertex 82.8579 94.56 0
    endloop
  endfacet
  facet normal -0.634399 -0.773006 0
    outer loop
      vertex 1.75735 1.75735 0
      vertex 2.66656 1.01117 4
      vertex 1.75735 1.75735 4
    endloop
  endfacet
  facet normal -0.634399 -0.773006 -0
    outer loop
      vertex 2.66656 1.01117 4
      vertex 1.75735 1.75735 0
      vertex 2.66656 1.01117 0
    endloop
  endfacet
  facet normal 0.881909 -0.47142 0
    outer loop
      vertex 93.9888 2.66656 4
      vertex 94.5433 3.70389 0
      vertex 94.5433 3.70389 4
    endloop
  endfacet
  facet normal 0.881909 -0.47142 0
    outer loop
      vertex 94.5433 3.70389 0
      vertex 93.9888 2.66656 4
      vertex 93.9888 2.66656 0
    endloop
  endfacet
  facet normal 0.772998 -0.634409 0
    outer loop
      vertex 93.2426 1.75735 4
      vertex 93.9888 2.66656 0
      vertex 93.9888 2.66656 4
    endloop
  endfacet
  facet normal 0.772998 -0.634409 0
    outer loop
      vertex 93.9888 2.66656 0
      vertex 93.2426 1.75735 4
      vertex 93.2426 1.75735 0
    endloop
  endfacet
  facet normal 0.471404 -0.881918 0
    outer loop
      vertex 91.2961 0.456711 0
      vertex 92.3334 1.01117 4
      vertex 91.2961 0.456711 4
    endloop
  endfacet
  facet normal 0.471404 -0.881918 0
    outer loop
      vertex 92.3334 1.01117 4
      vertex 91.2961 0.456711 0
      vertex 92.3334 1.01117 0
    endloop
  endfacet
  facet normal -0.290282 -0.956941 0
    outer loop
      vertex 3.70389 0.456711 0
      vertex 4.82945 0.11528 4
      vertex 3.70389 0.456711 4
    endloop
  endfacet
  facet normal -0.290282 -0.956941 -0
    outer loop
      vertex 4.82945 0.11528 4
      vertex 3.70389 0.456711 0
      vertex 4.82945 0.11528 0
    endloop
  endfacet
  facet normal -0.773006 -0.634399 0
    outer loop
      vertex 1.75735 1.75735 0
      vertex 1.01117 2.66656 4
      vertex 1.01117 2.66656 0
    endloop
  endfacet
  facet normal -0.773006 -0.634399 0
    outer loop
      vertex 1.01117 2.66656 4
      vertex 1.75735 1.75735 0
      vertex 1.75735 1.75735 4
    endloop
  endfacet
  facet normal 0 1 -0
    outer loop
      vertex 95 112 0
      vertex 0 112 4
      vertex 95 112 4
    endloop
  endfacet
  facet normal 0 1 0
    outer loop
      vertex 0 112 4
      vertex 95 112 0
      vertex 0 112 0
    endloop
  endfacet
endsolid OpenSCAD_Model
