solid OpenSCAD_Model
  facet normal 0.991421 -0.130704 0
    outer loop
      vertex 45.35 200 4
      vertex 45.4233 200.556 0
      vertex 45.4233 200.556 4
    endloop
  endfacet
  facet normal 0.991421 -0.130704 0
    outer loop
      vertex 45.4233 200.556 0
      vertex 45.35 200 4
      vertex 45.35 200 0
    endloop
  endfacet
  facet normal -0.924054 -0.382263 0
    outer loop
      vertex 49.5767 200.556 0
      vertex 49.362 201.075 4
      vertex 49.362 201.075 0
    endloop
  endfacet
  facet normal -0.924054 -0.382263 0
    outer loop
      vertex 49.362 201.075 4
      vertex 49.5767 200.556 0
      vertex 49.5767 200.556 4
    endloop
  endfacet
  facet normal -0.991421 -0.130704 0
    outer loop
      vertex 49.65 200 0
      vertex 49.5767 200.556 4
      vertex 49.5767 200.556 0
    endloop
  endfacet
  facet normal -0.991421 -0.130704 0
    outer loop
      vertex 49.5767 200.556 4
      vertex 49.65 200 0
      vertex 49.65 200 4
    endloop
  endfacet
  facet normal -0.991421 0.130704 0
    outer loop
      vertex 49.5767 199.444 0
      vertex 49.65 200 4
      vertex 49.65 200 0
    endloop
  endfacet
  facet normal -0.991421 0.130704 0
    outer loop
      vertex 49.65 200 4
      vertex 49.5767 199.444 0
      vertex 49.5767 199.444 4
    endloop
  endfacet
  facet normal 0.991421 0.130704 0
    outer loop
      vertex 45.4233 199.444 4
      vertex 45.35 200 0
      vertex 45.35 200 4
    endloop
  endfacet
  facet normal 0.991421 0.130704 0
    outer loop
      vertex 45.35 200 0
      vertex 45.4233 199.444 4
      vertex 45.4233 199.444 0
    endloop
  endfacet
  facet normal -0.609108 0.793087 0
    outer loop
      vertex 49.0203 198.48 0
      vertex 48.575 198.138 4
      vertex 49.0203 198.48 4
    endloop
  endfacet
  facet normal -0.609108 0.793087 0
    outer loop
      vertex 48.575 198.138 4
      vertex 49.0203 198.48 0
      vertex 48.575 198.138 0
    endloop
  endfacet
  facet normal 0.793147 0.60903 0
    outer loop
      vertex 45.9797 198.48 4
      vertex 45.638 198.925 0
      vertex 45.638 198.925 4
    endloop
  endfacet
  facet normal 0.793147 0.60903 0
    outer loop
      vertex 45.638 198.925 0
      vertex 45.9797 198.48 4
      vertex 45.9797 198.48 0
    endloop
  endfacet
  facet normal 0.383034 0.923734 -0
    outer loop
      vertex 46.9435 197.923 0
      vertex 46.425 198.138 4
      vertex 46.9435 197.923 4
    endloop
  endfacet
  facet normal 0.383034 0.923734 0
    outer loop
      vertex 46.425 198.138 4
      vertex 46.9435 197.923 0
      vertex 46.425 198.138 0
    endloop
  endfacet
  facet normal -0.793147 0.60903 0
    outer loop
      vertex 49.0203 198.48 0
      vertex 49.362 198.925 4
      vertex 49.362 198.925 0
    endloop
  endfacet
  facet normal -0.793147 0.60903 0
    outer loop
      vertex 49.362 198.925 4
      vertex 49.0203 198.48 0
      vertex 49.0203 198.48 4
    endloop
  endfacet
  facet normal -0.924054 0.382263 0
    outer loop
      vertex 49.362 198.925 0
      vertex 49.5767 199.444 4
      vertex 49.5767 199.444 0
    endloop
  endfacet
  facet normal -0.924054 0.382263 0
    outer loop
      vertex 49.5767 199.444 4
      vertex 49.362 198.925 0
      vertex 49.362 198.925 4
    endloop
  endfacet
  facet normal -0.383034 -0.923734 0
    outer loop
      vertex 48.0565 202.077 0
      vertex 48.575 201.862 4
      vertex 48.0565 202.077 4
    endloop
  endfacet
  facet normal -0.383034 -0.923734 -0
    outer loop
      vertex 48.575 201.862 4
      vertex 48.0565 202.077 0
      vertex 48.575 201.862 0
    endloop
  endfacet
  facet normal 0.609108 -0.793087 0
    outer loop
      vertex 45.9797 201.52 0
      vertex 46.425 201.862 4
      vertex 45.9797 201.52 4
    endloop
  endfacet
  facet normal 0.609108 -0.793087 0
    outer loop
      vertex 46.425 201.862 4
      vertex 45.9797 201.52 0
      vertex 46.425 201.862 0
    endloop
  endfacet
  facet normal -0.383034 0.923734 0
    outer loop
      vertex 48.575 198.138 0
      vertex 48.0565 197.923 4
      vertex 48.575 198.138 4
    endloop
  endfacet
  facet normal -0.383034 0.923734 0
    outer loop
      vertex 48.0565 197.923 4
      vertex 48.575 198.138 0
      vertex 48.0565 197.923 0
    endloop
  endfacet
  facet normal -0.130063 -0.991506 0
    outer loop
      vertex 47.5 202.15 0
      vertex 48.0565 202.077 4
      vertex 47.5 202.15 4
    endloop
  endfacet
  facet normal -0.130063 -0.991506 -0
    outer loop
      vertex 48.0565 202.077 4
      vertex 47.5 202.15 0
      vertex 48.0565 202.077 0
    endloop
  endfacet
  facet normal 0.793147 -0.60903 0
    outer loop
      vertex 45.638 201.075 4
      vertex 45.9797 201.52 0
      vertex 45.9797 201.52 4
    endloop
  endfacet
  facet normal 0.793147 -0.60903 0
    outer loop
      vertex 45.9797 201.52 0
      vertex 45.638 201.075 4
      vertex 45.638 201.075 0
    endloop
  endfacet
  facet normal 0.383034 -0.923734 0
    outer loop
      vertex 46.425 201.862 0
      vertex 46.9435 202.077 4
      vertex 46.425 201.862 4
    endloop
  endfacet
  facet normal 0.383034 -0.923734 0
    outer loop
      vertex 46.9435 202.077 4
      vertex 46.425 201.862 0
      vertex 46.9435 202.077 0
    endloop
  endfacet
  facet normal 0.130063 0.991506 -0
    outer loop
      vertex 47.5 197.85 0
      vertex 46.9435 197.923 4
      vertex 47.5 197.85 4
    endloop
  endfacet
  facet normal 0.130063 0.991506 0
    outer loop
      vertex 46.9435 197.923 4
      vertex 47.5 197.85 0
      vertex 46.9435 197.923 0
    endloop
  endfacet
  facet normal 0.924054 0.382263 0
    outer loop
      vertex 45.638 198.925 4
      vertex 45.4233 199.444 0
      vertex 45.4233 199.444 4
    endloop
  endfacet
  facet normal 0.924054 0.382263 0
    outer loop
      vertex 45.4233 199.444 0
      vertex 45.638 198.925 4
      vertex 45.638 198.925 0
    endloop
  endfacet
  facet normal -0.609108 -0.793087 0
    outer loop
      vertex 48.575 201.862 0
      vertex 49.0203 201.52 4
      vertex 48.575 201.862 4
    endloop
  endfacet
  facet normal -0.609108 -0.793087 -0
    outer loop
      vertex 49.0203 201.52 4
      vertex 48.575 201.862 0
      vertex 49.0203 201.52 0
    endloop
  endfacet
  facet normal 0.924054 -0.382263 0
    outer loop
      vertex 45.4233 200.556 4
      vertex 45.638 201.075 0
      vertex 45.638 201.075 4
    endloop
  endfacet
  facet normal 0.924054 -0.382263 0
    outer loop
      vertex 45.638 201.075 0
      vertex 45.4233 200.556 4
      vertex 45.4233 200.556 0
    endloop
  endfacet
  facet normal 0.130063 -0.991506 0
    outer loop
      vertex 46.9435 202.077 0
      vertex 47.5 202.15 4
      vertex 46.9435 202.077 4
    endloop
  endfacet
  facet normal 0.130063 -0.991506 0
    outer loop
      vertex 47.5 202.15 4
      vertex 46.9435 202.077 0
      vertex 47.5 202.15 0
    endloop
  endfacet
  facet normal -0.793147 -0.60903 0
    outer loop
      vertex 49.362 201.075 0
      vertex 49.0203 201.52 4
      vertex 49.0203 201.52 0
    endloop
  endfacet
  facet normal -0.793147 -0.60903 0
    outer loop
      vertex 49.0203 201.52 4
      vertex 49.362 201.075 0
      vertex 49.362 201.075 4
    endloop
  endfacet
  facet normal 0.609108 0.793087 -0
    outer loop
      vertex 46.425 198.138 0
      vertex 45.9797 198.48 4
      vertex 46.425 198.138 4
    endloop
  endfacet
  facet normal 0.609108 0.793087 0
    outer loop
      vertex 45.9797 198.48 4
      vertex 46.425 198.138 0
      vertex 45.9797 198.48 0
    endloop
  endfacet
  facet normal -0.130063 0.991506 0
    outer loop
      vertex 48.0565 197.923 0
      vertex 47.5 197.85 4
      vertex 48.0565 197.923 4
    endloop
  endfacet
  facet normal -0.130063 0.991506 0
    outer loop
      vertex 47.5 197.85 4
      vertex 48.0565 197.923 0
      vertex 47.5 197.85 0
    endloop
  endfacet
  facet normal -0.923909 -0.382613 0
    outer loop
      vertex 25.912 190.848 0
      vertex 25.5074 191.825 4
      vertex 25.5074 191.825 0
    endloop
  endfacet
  facet normal -0.923909 -0.382613 0
    outer loop
      vertex 25.5074 191.825 4
      vertex 25.912 190.848 0
      vertex 25.912 190.848 4
    endloop
  endfacet
  facet normal -0.991441 -0.130552 0
    outer loop
      vertex 26.05 189.8 0
      vertex 25.912 190.848 4
      vertex 25.912 190.848 0
    endloop
  endfacet
  facet normal -0.991441 -0.130552 0
    outer loop
      vertex 25.912 190.848 4
      vertex 26.05 189.8 0
      vertex 26.05 189.8 4
    endloop
  endfacet
  facet normal 0.608384 0.793643 -0
    outer loop
      vertex 19.975 186.293 0
      vertex 19.1362 186.936 4
      vertex 19.975 186.293 4
    endloop
  endfacet
  facet normal 0.608384 0.793643 0
    outer loop
      vertex 19.1362 186.936 4
      vertex 19.975 186.293 0
      vertex 19.1362 186.936 0
    endloop
  endfacet
  facet normal 0.383003 0.923747 -0
    outer loop
      vertex 20.9518 185.888 0
      vertex 19.975 186.293 4
      vertex 20.9518 185.888 4
    endloop
  endfacet
  facet normal 0.383003 0.923747 0
    outer loop
      vertex 19.975 186.293 4
      vertex 20.9518 185.888 0
      vertex 19.975 186.293 0
    endloop
  endfacet
  facet normal -0.793439 0.60865 0
    outer loop
      vertex 24.8638 186.936 0
      vertex 25.5074 187.775 4
      vertex 25.5074 187.775 0
    endloop
  endfacet
  facet normal -0.793439 0.60865 0
    outer loop
      vertex 25.5074 187.775 4
      vertex 24.8638 186.936 0
      vertex 24.8638 186.936 4
    endloop
  endfacet
  facet normal 0.991441 0.130552 0
    outer loop
      vertex 18.088 188.752 4
      vertex 17.95 189.8 0
      vertex 17.95 189.8 4
    endloop
  endfacet
  facet normal 0.991441 0.130552 0
    outer loop
      vertex 17.95 189.8 0
      vertex 18.088 188.752 4
      vertex 18.088 188.752 0
    endloop
  endfacet
  facet normal -0.130528 0.991445 0
    outer loop
      vertex 23.0482 185.888 0
      vertex 22 185.75 4
      vertex 23.0482 185.888 4
    endloop
  endfacet
  facet normal -0.130528 0.991445 0
    outer loop
      vertex 22 185.75 4
      vertex 23.0482 185.888 0
      vertex 22 185.75 0
    endloop
  endfacet
  facet normal 0.383003 -0.923747 0
    outer loop
      vertex 19.975 193.307 0
      vertex 20.9518 193.712 4
      vertex 19.975 193.307 4
    endloop
  endfacet
  facet normal 0.383003 -0.923747 0
    outer loop
      vertex 20.9518 193.712 4
      vertex 19.975 193.307 0
      vertex 20.9518 193.712 0
    endloop
  endfacet
  facet normal -0.793439 -0.60865 0
    outer loop
      vertex 25.5074 191.825 0
      vertex 24.8638 192.664 4
      vertex 24.8638 192.664 0
    endloop
  endfacet
  facet normal -0.793439 -0.60865 0
    outer loop
      vertex 24.8638 192.664 4
      vertex 25.5074 191.825 0
      vertex 25.5074 191.825 4
    endloop
  endfacet
  facet normal 0.923909 -0.382613 0
    outer loop
      vertex 18.088 190.848 4
      vertex 18.4926 191.825 0
      vertex 18.4926 191.825 4
    endloop
  endfacet
  facet normal 0.923909 -0.382613 0
    outer loop
      vertex 18.4926 191.825 0
      vertex 18.088 190.848 4
      vertex 18.088 190.848 0
    endloop
  endfacet
  facet normal -0.923909 0.382613 0
    outer loop
      vertex 25.5074 187.775 0
      vertex 25.912 188.752 4
      vertex 25.912 188.752 0
    endloop
  endfacet
  facet normal -0.923909 0.382613 0
    outer loop
      vertex 25.912 188.752 4
      vertex 25.5074 187.775 0
      vertex 25.5074 187.775 4
    endloop
  endfacet
  facet normal 0.130528 0.991445 -0
    outer loop
      vertex 22 185.75 0
      vertex 20.9518 185.888 4
      vertex 22 185.75 4
    endloop
  endfacet
  facet normal 0.130528 0.991445 0
    outer loop
      vertex 20.9518 185.888 4
      vertex 22 185.75 0
      vertex 20.9518 185.888 0
    endloop
  endfacet
  facet normal 0.130528 -0.991445 0
    outer loop
      vertex 20.9518 193.712 0
      vertex 22 193.85 4
      vertex 20.9518 193.712 4
    endloop
  endfacet
  facet normal 0.130528 -0.991445 0
    outer loop
      vertex 22 193.85 4
      vertex 20.9518 193.712 0
      vertex 22 193.85 0
    endloop
  endfacet
  facet normal 0.608384 -0.793643 0
    outer loop
      vertex 19.1362 192.664 0
      vertex 19.975 193.307 4
      vertex 19.1362 192.664 4
    endloop
  endfacet
  facet normal 0.608384 -0.793643 0
    outer loop
      vertex 19.975 193.307 4
      vertex 19.1362 192.664 0
      vertex 19.975 193.307 0
    endloop
  endfacet
  facet normal -0.383003 -0.923747 0
    outer loop
      vertex 23.0482 193.712 0
      vertex 24.025 193.307 4
      vertex 23.0482 193.712 4
    endloop
  endfacet
  facet normal -0.383003 -0.923747 -0
    outer loop
      vertex 24.025 193.307 4
      vertex 23.0482 193.712 0
      vertex 24.025 193.307 0
    endloop
  endfacet
  facet normal -0.383003 0.923747 0
    outer loop
      vertex 24.025 186.293 0
      vertex 23.0482 185.888 4
      vertex 24.025 186.293 4
    endloop
  endfacet
  facet normal -0.383003 0.923747 0
    outer loop
      vertex 23.0482 185.888 4
      vertex 24.025 186.293 0
      vertex 23.0482 185.888 0
    endloop
  endfacet
  facet normal 0.991441 -0.130552 0
    outer loop
      vertex 17.95 189.8 4
      vertex 18.088 190.848 0
      vertex 18.088 190.848 4
    endloop
  endfacet
  facet normal 0.991441 -0.130552 0
    outer loop
      vertex 18.088 190.848 0
      vertex 17.95 189.8 4
      vertex 17.95 189.8 0
    endloop
  endfacet
  facet normal 0.793439 -0.60865 0
    outer loop
      vertex 18.4926 191.825 4
      vertex 19.1362 192.664 0
      vertex 19.1362 192.664 4
    endloop
  endfacet
  facet normal 0.793439 -0.60865 0
    outer loop
      vertex 19.1362 192.664 0
      vertex 18.4926 191.825 4
      vertex 18.4926 191.825 0
    endloop
  endfacet
  facet normal -0.991441 0.130552 0
    outer loop
      vertex 25.912 188.752 0
      vertex 26.05 189.8 4
      vertex 26.05 189.8 0
    endloop
  endfacet
  facet normal -0.991441 0.130552 0
    outer loop
      vertex 26.05 189.8 4
      vertex 25.912 188.752 0
      vertex 25.912 188.752 4
    endloop
  endfacet
  facet normal -0.608384 -0.793643 0
    outer loop
      vertex 24.025 193.307 0
      vertex 24.8638 192.664 4
      vertex 24.025 193.307 4
    endloop
  endfacet
  facet normal -0.608384 -0.793643 -0
    outer loop
      vertex 24.8638 192.664 4
      vertex 24.025 193.307 0
      vertex 24.8638 192.664 0
    endloop
  endfacet
  facet normal -0.130528 -0.991445 0
    outer loop
      vertex 22 193.85 0
      vertex 23.0482 193.712 4
      vertex 22 193.85 4
    endloop
  endfacet
  facet normal -0.130528 -0.991445 -0
    outer loop
      vertex 23.0482 193.712 4
      vertex 22 193.85 0
      vertex 23.0482 193.712 0
    endloop
  endfacet
  facet normal -0.608384 0.793643 0
    outer loop
      vertex 24.8638 186.936 0
      vertex 24.025 186.293 4
      vertex 24.8638 186.936 4
    endloop
  endfacet
  facet normal -0.608384 0.793643 0
    outer loop
      vertex 24.025 186.293 4
      vertex 24.8638 186.936 0
      vertex 24.025 186.293 0
    endloop
  endfacet
  facet normal 0.793439 0.60865 0
    outer loop
      vertex 19.1362 186.936 4
      vertex 18.4926 187.775 0
      vertex 18.4926 187.775 4
    endloop
  endfacet
  facet normal 0.793439 0.60865 0
    outer loop
      vertex 18.4926 187.775 0
      vertex 19.1362 186.936 4
      vertex 19.1362 186.936 0
    endloop
  endfacet
  facet normal 0.923909 0.382613 0
    outer loop
      vertex 18.4926 187.775 4
      vertex 18.088 188.752 0
      vertex 18.088 188.752 4
    endloop
  endfacet
  facet normal 0.923909 0.382613 0
    outer loop
      vertex 18.088 188.752 0
      vertex 18.4926 187.775 4
      vertex 18.4926 187.775 0
    endloop
  endfacet
  facet normal -0.923822 -0.382823 0
    outer loop
      vertex 80.9421 160.44 0
      vertex 80.7722 160.85 4
      vertex 80.7722 160.85 0
    endloop
  endfacet
  facet normal -0.923822 -0.382823 0
    outer loop
      vertex 80.7722 160.85 4
      vertex 80.9421 160.44 0
      vertex 80.9421 160.44 4
    endloop
  endfacet
  facet normal -0.991453 -0.130466 0
    outer loop
      vertex 81 160 0
      vertex 80.9421 160.44 4
      vertex 80.9421 160.44 0
    endloop
  endfacet
  facet normal -0.991453 -0.130466 0
    outer loop
      vertex 80.9421 160.44 4
      vertex 81 160 0
      vertex 81 160 4
    endloop
  endfacet
  facet normal -0.793352 -0.608763 0
    outer loop
      vertex 80.7722 160.85 0
      vertex 80.5021 161.202 4
      vertex 80.5021 161.202 0
    endloop
  endfacet
  facet normal -0.793352 -0.608763 0
    outer loop
      vertex 80.5021 161.202 4
      vertex 80.7722 160.85 0
      vertex 80.7722 160.85 4
    endloop
  endfacet
  facet normal -0.991453 0.130466 0
    outer loop
      vertex 80.9421 159.56 0
      vertex 81 160 4
      vertex 81 160 0
    endloop
  endfacet
  facet normal -0.991453 0.130466 0
    outer loop
      vertex 81 160 4
      vertex 80.9421 159.56 0
      vertex 80.9421 159.56 4
    endloop
  endfacet
  facet normal -0.130688 0.991424 0
    outer loop
      vertex 79.74 158.358 0
      vertex 79.3 158.3 4
      vertex 79.74 158.358 4
    endloop
  endfacet
  facet normal -0.130688 0.991424 0
    outer loop
      vertex 79.3 158.3 4
      vertex 79.74 158.358 0
      vertex 79.3 158.3 0
    endloop
  endfacet
  facet normal 0.383015 -0.923742 0
    outer loop
      vertex 78.45 161.472 0
      vertex 78.86 161.642 4
      vertex 78.45 161.472 4
    endloop
  endfacet
  facet normal 0.383015 -0.923742 0
    outer loop
      vertex 78.86 161.642 4
      vertex 78.45 161.472 0
      vertex 78.86 161.642 0
    endloop
  endfacet
  facet normal 0.793352 -0.608763 0
    outer loop
      vertex 77.8278 160.85 4
      vertex 78.0979 161.202 0
      vertex 78.0979 161.202 4
    endloop
  endfacet
  facet normal 0.793352 -0.608763 0
    outer loop
      vertex 78.0979 161.202 0
      vertex 77.8278 160.85 4
      vertex 77.8278 160.85 0
    endloop
  endfacet
  facet normal 0.991453 0.130466 0
    outer loop
      vertex 77.6579 159.56 4
      vertex 77.6 160 0
      vertex 77.6 160 4
    endloop
  endfacet
  facet normal 0.991453 0.130466 0
    outer loop
      vertex 77.6 160 0
      vertex 77.6579 159.56 4
      vertex 77.6579 159.56 0
    endloop
  endfacet
  facet normal 0.383015 0.923742 -0
    outer loop
      vertex 78.86 158.358 0
      vertex 78.45 158.528 4
      vertex 78.86 158.358 4
    endloop
  endfacet
  facet normal 0.383015 0.923742 0
    outer loop
      vertex 78.45 158.528 4
      vertex 78.86 158.358 0
      vertex 78.45 158.528 0
    endloop
  endfacet
  facet normal -0.608512 -0.793545 0
    outer loop
      vertex 80.15 161.472 0
      vertex 80.5021 161.202 4
      vertex 80.15 161.472 4
    endloop
  endfacet
  facet normal -0.608512 -0.793545 -0
    outer loop
      vertex 80.5021 161.202 4
      vertex 80.15 161.472 0
      vertex 80.5021 161.202 0
    endloop
  endfacet
  facet normal -0.383015 0.923742 0
    outer loop
      vertex 80.15 158.528 0
      vertex 79.74 158.358 4
      vertex 80.15 158.528 4
    endloop
  endfacet
  facet normal -0.383015 0.923742 0
    outer loop
      vertex 79.74 158.358 4
      vertex 80.15 158.528 0
      vertex 79.74 158.358 0
    endloop
  endfacet
  facet normal 0.130688 0.991424 -0
    outer loop
      vertex 79.3 158.3 0
      vertex 78.86 158.358 4
      vertex 79.3 158.3 4
    endloop
  endfacet
  facet normal 0.130688 0.991424 0
    outer loop
      vertex 78.86 158.358 4
      vertex 79.3 158.3 0
      vertex 78.86 158.358 0
    endloop
  endfacet
  facet normal -0.923822 0.382823 0
    outer loop
      vertex 80.7722 159.15 0
      vertex 80.9421 159.56 4
      vertex 80.9421 159.56 0
    endloop
  endfacet
  facet normal -0.923822 0.382823 0
    outer loop
      vertex 80.9421 159.56 4
      vertex 80.7722 159.15 0
      vertex 80.7722 159.15 4
    endloop
  endfacet
  facet normal -0.608512 0.793545 0
    outer loop
      vertex 80.5021 158.798 0
      vertex 80.15 158.528 4
      vertex 80.5021 158.798 4
    endloop
  endfacet
  facet normal -0.608512 0.793545 0
    outer loop
      vertex 80.15 158.528 4
      vertex 80.5021 158.798 0
      vertex 80.15 158.528 0
    endloop
  endfacet
  facet normal -0.130688 -0.991424 0
    outer loop
      vertex 79.3 161.7 0
      vertex 79.74 161.642 4
      vertex 79.3 161.7 4
    endloop
  endfacet
  facet normal -0.130688 -0.991424 -0
    outer loop
      vertex 79.74 161.642 4
      vertex 79.3 161.7 0
      vertex 79.74 161.642 0
    endloop
  endfacet
  facet normal -0.793352 0.608763 0
    outer loop
      vertex 80.5021 158.798 0
      vertex 80.7722 159.15 4
      vertex 80.7722 159.15 0
    endloop
  endfacet
  facet normal -0.793352 0.608763 0
    outer loop
      vertex 80.7722 159.15 4
      vertex 80.5021 158.798 0
      vertex 80.5021 158.798 4
    endloop
  endfacet
  facet normal -0.383015 -0.923742 0
    outer loop
      vertex 79.74 161.642 0
      vertex 80.15 161.472 4
      vertex 79.74 161.642 4
    endloop
  endfacet
  facet normal -0.383015 -0.923742 -0
    outer loop
      vertex 80.15 161.472 4
      vertex 79.74 161.642 0
      vertex 80.15 161.472 0
    endloop
  endfacet
  facet normal 0.608512 0.793545 -0
    outer loop
      vertex 78.45 158.528 0
      vertex 78.0979 158.798 4
      vertex 78.45 158.528 4
    endloop
  endfacet
  facet normal 0.608512 0.793545 0
    outer loop
      vertex 78.0979 158.798 4
      vertex 78.45 158.528 0
      vertex 78.0979 158.798 0
    endloop
  endfacet
  facet normal 0.923822 -0.382823 0
    outer loop
      vertex 77.6579 160.44 4
      vertex 77.8278 160.85 0
      vertex 77.8278 160.85 4
    endloop
  endfacet
  facet normal 0.923822 -0.382823 0
    outer loop
      vertex 77.8278 160.85 0
      vertex 77.6579 160.44 4
      vertex 77.6579 160.44 0
    endloop
  endfacet
  facet normal 0.608512 -0.793545 0
    outer loop
      vertex 78.0979 161.202 0
      vertex 78.45 161.472 4
      vertex 78.0979 161.202 4
    endloop
  endfacet
  facet normal 0.608512 -0.793545 0
    outer loop
      vertex 78.45 161.472 4
      vertex 78.0979 161.202 0
      vertex 78.45 161.472 0
    endloop
  endfacet
  facet normal 0.793352 0.608763 0
    outer loop
      vertex 78.0979 158.798 4
      vertex 77.8278 159.15 0
      vertex 77.8278 159.15 4
    endloop
  endfacet
  facet normal 0.793352 0.608763 0
    outer loop
      vertex 77.8278 159.15 0
      vertex 78.0979 158.798 4
      vertex 78.0979 158.798 0
    endloop
  endfacet
  facet normal 0.130688 -0.991424 0
    outer loop
      vertex 78.86 161.642 0
      vertex 79.3 161.7 4
      vertex 78.86 161.642 4
    endloop
  endfacet
  facet normal 0.130688 -0.991424 0
    outer loop
      vertex 79.3 161.7 4
      vertex 78.86 161.642 0
      vertex 79.3 161.7 0
    endloop
  endfacet
  facet normal 0.923822 0.382823 0
    outer loop
      vertex 77.8278 159.15 4
      vertex 77.6579 159.56 0
      vertex 77.6579 159.56 4
    endloop
  endfacet
  facet normal 0.923822 0.382823 0
    outer loop
      vertex 77.6579 159.56 0
      vertex 77.8278 159.15 4
      vertex 77.8278 159.15 0
    endloop
  endfacet
  facet normal 0.991453 -0.130466 0
    outer loop
      vertex 77.6 160 4
      vertex 77.6579 160.44 0
      vertex 77.6579 160.44 4
    endloop
  endfacet
  facet normal 0.991453 -0.130466 0
    outer loop
      vertex 77.6579 160.44 0
      vertex 77.6 160 4
      vertex 77.6 160 0
    endloop
  endfacet
  facet normal -0.130688 0.991424 0
    outer loop
      vertex 79.74 186.258 0
      vertex 79.3 186.2 4
      vertex 79.74 186.258 4
    endloop
  endfacet
  facet normal -0.130688 0.991424 0
    outer loop
      vertex 79.3 186.2 4
      vertex 79.74 186.258 0
      vertex 79.3 186.2 0
    endloop
  endfacet
  facet normal -0.923822 -0.382823 0
    outer loop
      vertex 80.9421 188.34 0
      vertex 80.7722 188.75 4
      vertex 80.7722 188.75 0
    endloop
  endfacet
  facet normal -0.923822 -0.382823 0
    outer loop
      vertex 80.7722 188.75 4
      vertex 80.9421 188.34 0
      vertex 80.9421 188.34 4
    endloop
  endfacet
  facet normal -0.991453 -0.130466 0
    outer loop
      vertex 81 187.9 0
      vertex 80.9421 188.34 4
      vertex 80.9421 188.34 0
    endloop
  endfacet
  facet normal -0.991453 -0.130466 0
    outer loop
      vertex 80.9421 188.34 4
      vertex 81 187.9 0
      vertex 81 187.9 4
    endloop
  endfacet
  facet normal -0.991453 0.130466 0
    outer loop
      vertex 80.9421 187.46 0
      vertex 81 187.9 4
      vertex 81 187.9 0
    endloop
  endfacet
  facet normal -0.991453 0.130466 0
    outer loop
      vertex 81 187.9 4
      vertex 80.9421 187.46 0
      vertex 80.9421 187.46 4
    endloop
  endfacet
  facet normal 0.130688 -0.991424 0
    outer loop
      vertex 78.86 189.542 0
      vertex 79.3 189.6 4
      vertex 78.86 189.542 4
    endloop
  endfacet
  facet normal 0.130688 -0.991424 0
    outer loop
      vertex 79.3 189.6 4
      vertex 78.86 189.542 0
      vertex 79.3 189.6 0
    endloop
  endfacet
  facet normal 0.923822 0.382823 0
    outer loop
      vertex 77.8278 187.05 4
      vertex 77.6579 187.46 0
      vertex 77.6579 187.46 4
    endloop
  endfacet
  facet normal 0.923822 0.382823 0
    outer loop
      vertex 77.6579 187.46 0
      vertex 77.8278 187.05 4
      vertex 77.8278 187.05 0
    endloop
  endfacet
  facet normal 0.923822 -0.382823 0
    outer loop
      vertex 77.6579 188.34 4
      vertex 77.8278 188.75 0
      vertex 77.8278 188.75 4
    endloop
  endfacet
  facet normal 0.923822 -0.382823 0
    outer loop
      vertex 77.8278 188.75 0
      vertex 77.6579 188.34 4
      vertex 77.6579 188.34 0
    endloop
  endfacet
  facet normal -0.923822 0.382823 0
    outer loop
      vertex 80.7722 187.05 0
      vertex 80.9421 187.46 4
      vertex 80.9421 187.46 0
    endloop
  endfacet
  facet normal -0.923822 0.382823 0
    outer loop
      vertex 80.9421 187.46 4
      vertex 80.7722 187.05 0
      vertex 80.7722 187.05 4
    endloop
  endfacet
  facet normal 0.793352 0.608763 0
    outer loop
      vertex 78.0979 186.698 4
      vertex 77.8278 187.05 0
      vertex 77.8278 187.05 4
    endloop
  endfacet
  facet normal 0.793352 0.608763 0
    outer loop
      vertex 77.8278 187.05 0
      vertex 78.0979 186.698 4
      vertex 78.0979 186.698 0
    endloop
  endfacet
  facet normal 0.383015 -0.923742 0
    outer loop
      vertex 78.45 189.372 0
      vertex 78.86 189.542 4
      vertex 78.45 189.372 4
    endloop
  endfacet
  facet normal 0.383015 -0.923742 0
    outer loop
      vertex 78.86 189.542 4
      vertex 78.45 189.372 0
      vertex 78.86 189.542 0
    endloop
  endfacet
  facet normal 0.793352 -0.608763 0
    outer loop
      vertex 77.8278 188.75 4
      vertex 78.0979 189.102 0
      vertex 78.0979 189.102 4
    endloop
  endfacet
  facet normal 0.793352 -0.608763 0
    outer loop
      vertex 78.0979 189.102 0
      vertex 77.8278 188.75 4
      vertex 77.8278 188.75 0
    endloop
  endfacet
  facet normal -0.608512 0.793545 0
    outer loop
      vertex 80.5021 186.698 0
      vertex 80.15 186.428 4
      vertex 80.5021 186.698 4
    endloop
  endfacet
  facet normal -0.608512 0.793545 0
    outer loop
      vertex 80.15 186.428 4
      vertex 80.5021 186.698 0
      vertex 80.15 186.428 0
    endloop
  endfacet
  facet normal 0.608512 -0.793545 0
    outer loop
      vertex 78.0979 189.102 0
      vertex 78.45 189.372 4
      vertex 78.0979 189.102 4
    endloop
  endfacet
  facet normal 0.608512 -0.793545 0
    outer loop
      vertex 78.45 189.372 4
      vertex 78.0979 189.102 0
      vertex 78.45 189.372 0
    endloop
  endfacet
  facet normal -0.383015 0.923742 0
    outer loop
      vertex 80.15 186.428 0
      vertex 79.74 186.258 4
      vertex 80.15 186.428 4
    endloop
  endfacet
  facet normal -0.383015 0.923742 0
    outer loop
      vertex 79.74 186.258 4
      vertex 80.15 186.428 0
      vertex 79.74 186.258 0
    endloop
  endfacet
  facet normal -0.793352 0.608763 0
    outer loop
      vertex 80.5021 186.698 0
      vertex 80.7722 187.05 4
      vertex 80.7722 187.05 0
    endloop
  endfacet
  facet normal -0.793352 0.608763 0
    outer loop
      vertex 80.7722 187.05 4
      vertex 80.5021 186.698 0
      vertex 80.5021 186.698 4
    endloop
  endfacet
  facet normal 0.608512 0.793545 -0
    outer loop
      vertex 78.45 186.428 0
      vertex 78.0979 186.698 4
      vertex 78.45 186.428 4
    endloop
  endfacet
  facet normal 0.608512 0.793545 0
    outer loop
      vertex 78.0979 186.698 4
      vertex 78.45 186.428 0
      vertex 78.0979 186.698 0
    endloop
  endfacet
  facet normal 0.991453 -0.130466 0
    outer loop
      vertex 77.6 187.9 4
      vertex 77.6579 188.34 0
      vertex 77.6579 188.34 4
    endloop
  endfacet
  facet normal 0.991453 -0.130466 0
    outer loop
      vertex 77.6579 188.34 0
      vertex 77.6 187.9 4
      vertex 77.6 187.9 0
    endloop
  endfacet
  facet normal -0.383015 -0.923742 0
    outer loop
      vertex 79.74 189.542 0
      vertex 80.15 189.372 4
      vertex 79.74 189.542 4
    endloop
  endfacet
  facet normal -0.383015 -0.923742 -0
    outer loop
      vertex 80.15 189.372 4
      vertex 79.74 189.542 0
      vertex 80.15 189.372 0
    endloop
  endfacet
  facet normal 0.383015 0.923742 -0
    outer loop
      vertex 78.86 186.258 0
      vertex 78.45 186.428 4
      vertex 78.86 186.258 4
    endloop
  endfacet
  facet normal 0.383015 0.923742 0
    outer loop
      vertex 78.45 186.428 4
      vertex 78.86 186.258 0
      vertex 78.45 186.428 0
    endloop
  endfacet
  facet normal -0.793352 -0.608763 0
    outer loop
      vertex 80.7722 188.75 0
      vertex 80.5021 189.102 4
      vertex 80.5021 189.102 0
    endloop
  endfacet
  facet normal -0.793352 -0.608763 0
    outer loop
      vertex 80.5021 189.102 4
      vertex 80.7722 188.75 0
      vertex 80.7722 188.75 4
    endloop
  endfacet
  facet normal 0.991453 0.130466 0
    outer loop
      vertex 77.6579 187.46 4
      vertex 77.6 187.9 0
      vertex 77.6 187.9 4
    endloop
  endfacet
  facet normal 0.991453 0.130466 0
    outer loop
      vertex 77.6 187.9 0
      vertex 77.6579 187.46 4
      vertex 77.6579 187.46 0
    endloop
  endfacet
  facet normal -0.608512 -0.793545 0
    outer loop
      vertex 80.15 189.372 0
      vertex 80.5021 189.102 4
      vertex 80.15 189.372 4
    endloop
  endfacet
  facet normal -0.608512 -0.793545 -0
    outer loop
      vertex 80.5021 189.102 4
      vertex 80.15 189.372 0
      vertex 80.5021 189.102 0
    endloop
  endfacet
  facet normal -0.130688 -0.991424 0
    outer loop
      vertex 79.3 189.6 0
      vertex 79.74 189.542 4
      vertex 79.3 189.6 4
    endloop
  endfacet
  facet normal -0.130688 -0.991424 -0
    outer loop
      vertex 79.74 189.542 4
      vertex 79.3 189.6 0
      vertex 79.74 189.542 0
    endloop
  endfacet
  facet normal 0.130688 0.991424 -0
    outer loop
      vertex 79.3 186.2 0
      vertex 78.86 186.258 4
      vertex 79.3 186.2 4
    endloop
  endfacet
  facet normal 0.130688 0.991424 0
    outer loop
      vertex 78.86 186.258 4
      vertex 79.3 186.2 0
      vertex 78.86 186.258 0
    endloop
  endfacet
  facet normal -0.923822 -0.382823 0
    outer loop
      vertex 30.1421 145.24 0
      vertex 29.9722 145.65 4
      vertex 29.9722 145.65 0
    endloop
  endfacet
  facet normal -0.923822 -0.382823 0
    outer loop
      vertex 29.9722 145.65 4
      vertex 30.1421 145.24 0
      vertex 30.1421 145.24 4
    endloop
  endfacet
  facet normal -0.991453 -0.130466 0
    outer loop
      vertex 30.2 144.8 0
      vertex 30.1421 145.24 4
      vertex 30.1421 145.24 0
    endloop
  endfacet
  facet normal -0.991453 -0.130466 0
    outer loop
      vertex 30.1421 145.24 4
      vertex 30.2 144.8 0
      vertex 30.2 144.8 4
    endloop
  endfacet
  facet normal -0.793352 -0.608763 0
    outer loop
      vertex 29.9722 145.65 0
      vertex 29.7021 146.002 4
      vertex 29.7021 146.002 0
    endloop
  endfacet
  facet normal -0.793352 -0.608763 0
    outer loop
      vertex 29.7021 146.002 4
      vertex 29.9722 145.65 0
      vertex 29.9722 145.65 4
    endloop
  endfacet
  facet normal 0.383015 -0.923742 0
    outer loop
      vertex 27.65 146.272 0
      vertex 28.06 146.442 4
      vertex 27.65 146.272 4
    endloop
  endfacet
  facet normal 0.383015 -0.923742 0
    outer loop
      vertex 28.06 146.442 4
      vertex 27.65 146.272 0
      vertex 28.06 146.442 0
    endloop
  endfacet
  facet normal 0.793352 -0.608763 0
    outer loop
      vertex 27.0278 145.65 4
      vertex 27.2979 146.002 0
      vertex 27.2979 146.002 4
    endloop
  endfacet
  facet normal 0.793352 -0.608763 0
    outer loop
      vertex 27.2979 146.002 0
      vertex 27.0278 145.65 4
      vertex 27.0278 145.65 0
    endloop
  endfacet
  facet normal -0.991453 0.130466 0
    outer loop
      vertex 30.1421 144.36 0
      vertex 30.2 144.8 4
      vertex 30.2 144.8 0
    endloop
  endfacet
  facet normal -0.991453 0.130466 0
    outer loop
      vertex 30.2 144.8 4
      vertex 30.1421 144.36 0
      vertex 30.1421 144.36 4
    endloop
  endfacet
  facet normal 0.130688 0.991424 -0
    outer loop
      vertex 28.5 143.1 0
      vertex 28.06 143.158 4
      vertex 28.5 143.1 4
    endloop
  endfacet
  facet normal 0.130688 0.991424 0
    outer loop
      vertex 28.06 143.158 4
      vertex 28.5 143.1 0
      vertex 28.06 143.158 0
    endloop
  endfacet
  facet normal -0.608512 -0.793545 0
    outer loop
      vertex 29.35 146.272 0
      vertex 29.7021 146.002 4
      vertex 29.35 146.272 4
    endloop
  endfacet
  facet normal -0.608512 -0.793545 -0
    outer loop
      vertex 29.7021 146.002 4
      vertex 29.35 146.272 0
      vertex 29.7021 146.002 0
    endloop
  endfacet
  facet normal -0.383015 0.923742 0
    outer loop
      vertex 29.35 143.328 0
      vertex 28.94 143.158 4
      vertex 29.35 143.328 4
    endloop
  endfacet
  facet normal -0.383015 0.923742 0
    outer loop
      vertex 28.94 143.158 4
      vertex 29.35 143.328 0
      vertex 28.94 143.158 0
    endloop
  endfacet
  facet normal 0.793352 0.608763 0
    outer loop
      vertex 27.2979 143.598 4
      vertex 27.0278 143.95 0
      vertex 27.0278 143.95 4
    endloop
  endfacet
  facet normal 0.793352 0.608763 0
    outer loop
      vertex 27.0278 143.95 0
      vertex 27.2979 143.598 4
      vertex 27.2979 143.598 0
    endloop
  endfacet
  facet normal -0.793352 0.608763 0
    outer loop
      vertex 29.7021 143.598 0
      vertex 29.9722 143.95 4
      vertex 29.9722 143.95 0
    endloop
  endfacet
  facet normal -0.793352 0.608763 0
    outer loop
      vertex 29.9722 143.95 4
      vertex 29.7021 143.598 0
      vertex 29.7021 143.598 4
    endloop
  endfacet
  facet normal 0.383015 0.923742 -0
    outer loop
      vertex 28.06 143.158 0
      vertex 27.65 143.328 4
      vertex 28.06 143.158 4
    endloop
  endfacet
  facet normal 0.383015 0.923742 0
    outer loop
      vertex 27.65 143.328 4
      vertex 28.06 143.158 0
      vertex 27.65 143.328 0
    endloop
  endfacet
  facet normal 0.608512 -0.793545 0
    outer loop
      vertex 27.2979 146.002 0
      vertex 27.65 146.272 4
      vertex 27.2979 146.002 4
    endloop
  endfacet
  facet normal 0.608512 -0.793545 0
    outer loop
      vertex 27.65 146.272 4
      vertex 27.2979 146.002 0
      vertex 27.65 146.272 0
    endloop
  endfacet
  facet normal -0.608512 0.793545 0
    outer loop
      vertex 29.7021 143.598 0
      vertex 29.35 143.328 4
      vertex 29.7021 143.598 4
    endloop
  endfacet
  facet normal -0.608512 0.793545 0
    outer loop
      vertex 29.35 143.328 4
      vertex 29.7021 143.598 0
      vertex 29.35 143.328 0
    endloop
  endfacet
  facet normal -0.383015 -0.923742 0
    outer loop
      vertex 28.94 146.442 0
      vertex 29.35 146.272 4
      vertex 28.94 146.442 4
    endloop
  endfacet
  facet normal -0.383015 -0.923742 -0
    outer loop
      vertex 29.35 146.272 4
      vertex 28.94 146.442 0
      vertex 29.35 146.272 0
    endloop
  endfacet
  facet normal -0.923822 0.382823 0
    outer loop
      vertex 29.9722 143.95 0
      vertex 30.1421 144.36 4
      vertex 30.1421 144.36 0
    endloop
  endfacet
  facet normal -0.923822 0.382823 0
    outer loop
      vertex 30.1421 144.36 4
      vertex 29.9722 143.95 0
      vertex 29.9722 143.95 4
    endloop
  endfacet
  facet normal -0.130688 0.991424 0
    outer loop
      vertex 28.94 143.158 0
      vertex 28.5 143.1 4
      vertex 28.94 143.158 4
    endloop
  endfacet
  facet normal -0.130688 0.991424 0
    outer loop
      vertex 28.5 143.1 4
      vertex 28.94 143.158 0
      vertex 28.5 143.1 0
    endloop
  endfacet
  facet normal 0.991453 -0.130466 0
    outer loop
      vertex 26.8 144.8 4
      vertex 26.8579 145.24 0
      vertex 26.8579 145.24 4
    endloop
  endfacet
  facet normal 0.991453 -0.130466 0
    outer loop
      vertex 26.8579 145.24 0
      vertex 26.8 144.8 4
      vertex 26.8 144.8 0
    endloop
  endfacet
  facet normal 0.923822 -0.382823 0
    outer loop
      vertex 26.8579 145.24 4
      vertex 27.0278 145.65 0
      vertex 27.0278 145.65 4
    endloop
  endfacet
  facet normal 0.923822 -0.382823 0
    outer loop
      vertex 27.0278 145.65 0
      vertex 26.8579 145.24 4
      vertex 26.8579 145.24 0
    endloop
  endfacet
  facet normal 0.991453 0.130466 0
    outer loop
      vertex 26.8579 144.36 4
      vertex 26.8 144.8 0
      vertex 26.8 144.8 4
    endloop
  endfacet
  facet normal 0.991453 0.130466 0
    outer loop
      vertex 26.8 144.8 0
      vertex 26.8579 144.36 4
      vertex 26.8579 144.36 0
    endloop
  endfacet
  facet normal 0.923822 0.382823 0
    outer loop
      vertex 27.0278 143.95 4
      vertex 26.8579 144.36 0
      vertex 26.8579 144.36 4
    endloop
  endfacet
  facet normal 0.923822 0.382823 0
    outer loop
      vertex 26.8579 144.36 0
      vertex 27.0278 143.95 4
      vertex 27.0278 143.95 0
    endloop
  endfacet
  facet normal 0.608512 0.793545 -0
    outer loop
      vertex 27.65 143.328 0
      vertex 27.2979 143.598 4
      vertex 27.65 143.328 4
    endloop
  endfacet
  facet normal 0.608512 0.793545 0
    outer loop
      vertex 27.2979 143.598 4
      vertex 27.65 143.328 0
      vertex 27.2979 143.598 0
    endloop
  endfacet
  facet normal 0.130688 -0.991424 0
    outer loop
      vertex 28.06 146.442 0
      vertex 28.5 146.5 4
      vertex 28.06 146.442 4
    endloop
  endfacet
  facet normal 0.130688 -0.991424 0
    outer loop
      vertex 28.5 146.5 4
      vertex 28.06 146.442 0
      vertex 28.5 146.5 0
    endloop
  endfacet
  facet normal -0.130688 -0.991424 0
    outer loop
      vertex 28.5 146.5 0
      vertex 28.94 146.442 4
      vertex 28.5 146.5 4
    endloop
  endfacet
  facet normal -0.130688 -0.991424 -0
    outer loop
      vertex 28.94 146.442 4
      vertex 28.5 146.5 0
      vertex 28.94 146.442 0
    endloop
  endfacet
  facet normal -0.924054 -0.382263 0
    outer loop
      vertex 19.0767 152.356 0
      vertex 18.862 152.875 4
      vertex 18.862 152.875 0
    endloop
  endfacet
  facet normal -0.924054 -0.382263 0
    outer loop
      vertex 18.862 152.875 4
      vertex 19.0767 152.356 0
      vertex 19.0767 152.356 4
    endloop
  endfacet
  facet normal -0.991421 -0.130704 0
    outer loop
      vertex 19.15 151.8 0
      vertex 19.0767 152.356 4
      vertex 19.0767 152.356 0
    endloop
  endfacet
  facet normal -0.991421 -0.130704 0
    outer loop
      vertex 19.0767 152.356 4
      vertex 19.15 151.8 0
      vertex 19.15 151.8 4
    endloop
  endfacet
  facet normal -0.991421 0.130704 0
    outer loop
      vertex 19.0767 151.244 0
      vertex 19.15 151.8 4
      vertex 19.15 151.8 0
    endloop
  endfacet
  facet normal -0.991421 0.130704 0
    outer loop
      vertex 19.15 151.8 4
      vertex 19.0767 151.244 0
      vertex 19.0767 151.244 4
    endloop
  endfacet
  facet normal -0.383034 0.923734 0
    outer loop
      vertex 18.075 149.938 0
      vertex 17.5565 149.723 4
      vertex 18.075 149.938 4
    endloop
  endfacet
  facet normal -0.383034 0.923734 0
    outer loop
      vertex 17.5565 149.723 4
      vertex 18.075 149.938 0
      vertex 17.5565 149.723 0
    endloop
  endfacet
  facet normal 0.609108 0.793087 -0
    outer loop
      vertex 15.925 149.938 0
      vertex 15.4797 150.28 4
      vertex 15.925 149.938 4
    endloop
  endfacet
  facet normal 0.609108 0.793087 0
    outer loop
      vertex 15.4797 150.28 4
      vertex 15.925 149.938 0
      vertex 15.4797 150.28 0
    endloop
  endfacet
  facet normal 0.793147 -0.60903 0
    outer loop
      vertex 15.138 152.875 4
      vertex 15.4797 153.32 0
      vertex 15.4797 153.32 4
    endloop
  endfacet
  facet normal 0.793147 -0.60903 0
    outer loop
      vertex 15.4797 153.32 0
      vertex 15.138 152.875 4
      vertex 15.138 152.875 0
    endloop
  endfacet
  facet normal 0.609108 -0.793087 0
    outer loop
      vertex 15.4797 153.32 0
      vertex 15.925 153.662 4
      vertex 15.4797 153.32 4
    endloop
  endfacet
  facet normal 0.609108 -0.793087 0
    outer loop
      vertex 15.925 153.662 4
      vertex 15.4797 153.32 0
      vertex 15.925 153.662 0
    endloop
  endfacet
  facet normal -0.130063 0.991506 0
    outer loop
      vertex 17.5565 149.723 0
      vertex 17 149.65 4
      vertex 17.5565 149.723 4
    endloop
  endfacet
  facet normal -0.130063 0.991506 0
    outer loop
      vertex 17 149.65 4
      vertex 17.5565 149.723 0
      vertex 17 149.65 0
    endloop
  endfacet
  facet normal 0.991421 -0.130704 0
    outer loop
      vertex 14.85 151.8 4
      vertex 14.9233 152.356 0
      vertex 14.9233 152.356 4
    endloop
  endfacet
  facet normal 0.991421 -0.130704 0
    outer loop
      vertex 14.9233 152.356 0
      vertex 14.85 151.8 4
      vertex 14.85 151.8 0
    endloop
  endfacet
  facet normal 0.793147 0.60903 0
    outer loop
      vertex 15.4797 150.28 4
      vertex 15.138 150.725 0
      vertex 15.138 150.725 4
    endloop
  endfacet
  facet normal 0.793147 0.60903 0
    outer loop
      vertex 15.138 150.725 0
      vertex 15.4797 150.28 4
      vertex 15.4797 150.28 0
    endloop
  endfacet
  facet normal -0.383034 -0.923734 0
    outer loop
      vertex 17.5565 153.877 0
      vertex 18.075 153.662 4
      vertex 17.5565 153.877 4
    endloop
  endfacet
  facet normal -0.383034 -0.923734 -0
    outer loop
      vertex 18.075 153.662 4
      vertex 17.5565 153.877 0
      vertex 18.075 153.662 0
    endloop
  endfacet
  facet normal 0.130063 0.991506 -0
    outer loop
      vertex 17 149.65 0
      vertex 16.4435 149.723 4
      vertex 17 149.65 4
    endloop
  endfacet
  facet normal 0.130063 0.991506 0
    outer loop
      vertex 16.4435 149.723 4
      vertex 17 149.65 0
      vertex 16.4435 149.723 0
    endloop
  endfacet
  facet normal 0.924054 -0.382263 0
    outer loop
      vertex 14.9233 152.356 4
      vertex 15.138 152.875 0
      vertex 15.138 152.875 4
    endloop
  endfacet
  facet normal 0.924054 -0.382263 0
    outer loop
      vertex 15.138 152.875 0
      vertex 14.9233 152.356 4
      vertex 14.9233 152.356 0
    endloop
  endfacet
  facet normal -0.924054 0.382263 0
    outer loop
      vertex 18.862 150.725 0
      vertex 19.0767 151.244 4
      vertex 19.0767 151.244 0
    endloop
  endfacet
  facet normal -0.924054 0.382263 0
    outer loop
      vertex 19.0767 151.244 4
      vertex 18.862 150.725 0
      vertex 18.862 150.725 4
    endloop
  endfacet
  facet normal -0.609108 0.793087 0
    outer loop
      vertex 18.5203 150.28 0
      vertex 18.075 149.938 4
      vertex 18.5203 150.28 4
    endloop
  endfacet
  facet normal -0.609108 0.793087 0
    outer loop
      vertex 18.075 149.938 4
      vertex 18.5203 150.28 0
      vertex 18.075 149.938 0
    endloop
  endfacet
  facet normal 0.383034 -0.923734 0
    outer loop
      vertex 15.925 153.662 0
      vertex 16.4435 153.877 4
      vertex 15.925 153.662 4
    endloop
  endfacet
  facet normal 0.383034 -0.923734 0
    outer loop
      vertex 16.4435 153.877 4
      vertex 15.925 153.662 0
      vertex 16.4435 153.877 0
    endloop
  endfacet
  facet normal 0.924054 0.382263 0
    outer loop
      vertex 15.138 150.725 4
      vertex 14.9233 151.244 0
      vertex 14.9233 151.244 4
    endloop
  endfacet
  facet normal 0.924054 0.382263 0
    outer loop
      vertex 14.9233 151.244 0
      vertex 15.138 150.725 4
      vertex 15.138 150.725 0
    endloop
  endfacet
  facet normal -0.793147 -0.60903 0
    outer loop
      vertex 18.862 152.875 0
      vertex 18.5203 153.32 4
      vertex 18.5203 153.32 0
    endloop
  endfacet
  facet normal -0.793147 -0.60903 0
    outer loop
      vertex 18.5203 153.32 4
      vertex 18.862 152.875 0
      vertex 18.862 152.875 4
    endloop
  endfacet
  facet normal -0.130063 -0.991506 0
    outer loop
      vertex 17 153.95 0
      vertex 17.5565 153.877 4
      vertex 17 153.95 4
    endloop
  endfacet
  facet normal -0.130063 -0.991506 -0
    outer loop
      vertex 17.5565 153.877 4
      vertex 17 153.95 0
      vertex 17.5565 153.877 0
    endloop
  endfacet
  facet normal -0.609108 -0.793087 0
    outer loop
      vertex 18.075 153.662 0
      vertex 18.5203 153.32 4
      vertex 18.075 153.662 4
    endloop
  endfacet
  facet normal -0.609108 -0.793087 -0
    outer loop
      vertex 18.5203 153.32 4
      vertex 18.075 153.662 0
      vertex 18.5203 153.32 0
    endloop
  endfacet
  facet normal 0.130063 -0.991506 0
    outer loop
      vertex 16.4435 153.877 0
      vertex 17 153.95 4
      vertex 16.4435 153.877 4
    endloop
  endfacet
  facet normal 0.130063 -0.991506 0
    outer loop
      vertex 17 153.95 4
      vertex 16.4435 153.877 0
      vertex 17 153.95 0
    endloop
  endfacet
  facet normal -0.793147 0.60903 0
    outer loop
      vertex 18.5203 150.28 0
      vertex 18.862 150.725 4
      vertex 18.862 150.725 0
    endloop
  endfacet
  facet normal -0.793147 0.60903 0
    outer loop
      vertex 18.862 150.725 4
      vertex 18.5203 150.28 0
      vertex 18.5203 150.28 4
    endloop
  endfacet
  facet normal 0.383034 0.923734 -0
    outer loop
      vertex 16.4435 149.723 0
      vertex 15.925 149.938 4
      vertex 16.4435 149.723 4
    endloop
  endfacet
  facet normal 0.383034 0.923734 0
    outer loop
      vertex 15.925 149.938 4
      vertex 16.4435 149.723 0
      vertex 15.925 149.938 0
    endloop
  endfacet
  facet normal 0.991421 0.130704 0
    outer loop
      vertex 14.9233 151.244 4
      vertex 14.85 151.8 0
      vertex 14.85 151.8 4
    endloop
  endfacet
  facet normal 0.991421 0.130704 0
    outer loop
      vertex 14.85 151.8 0
      vertex 14.9233 151.244 4
      vertex 14.9233 151.244 0
    endloop
  endfacet
  facet normal -0.923822 0.382823 0
    outer loop
      vertex 28.3722 192.45 0
      vertex 28.5421 192.86 4
      vertex 28.5421 192.86 0
    endloop
  endfacet
  facet normal -0.923822 0.382823 0
    outer loop
      vertex 28.5421 192.86 4
      vertex 28.3722 192.45 0
      vertex 28.3722 192.45 4
    endloop
  endfacet
  facet normal -0.923822 -0.382823 0
    outer loop
      vertex 28.5421 193.74 0
      vertex 28.3722 194.15 4
      vertex 28.3722 194.15 0
    endloop
  endfacet
  facet normal -0.923822 -0.382823 0
    outer loop
      vertex 28.3722 194.15 4
      vertex 28.5421 193.74 0
      vertex 28.5421 193.74 4
    endloop
  endfacet
  facet normal -0.991453 -0.130466 0
    outer loop
      vertex 28.6 193.3 0
      vertex 28.5421 193.74 4
      vertex 28.5421 193.74 0
    endloop
  endfacet
  facet normal -0.991453 -0.130466 0
    outer loop
      vertex 28.5421 193.74 4
      vertex 28.6 193.3 0
      vertex 28.6 193.3 4
    endloop
  endfacet
  facet normal 0.923822 -0.382823 0
    outer loop
      vertex 25.2579 193.74 4
      vertex 25.4278 194.15 0
      vertex 25.4278 194.15 4
    endloop
  endfacet
  facet normal 0.923822 -0.382823 0
    outer loop
      vertex 25.4278 194.15 0
      vertex 25.2579 193.74 4
      vertex 25.2579 193.74 0
    endloop
  endfacet
  facet normal 0.793352 -0.608763 0
    outer loop
      vertex 25.4278 194.15 4
      vertex 25.6979 194.502 0
      vertex 25.6979 194.502 4
    endloop
  endfacet
  facet normal 0.793352 -0.608763 0
    outer loop
      vertex 25.6979 194.502 0
      vertex 25.4278 194.15 4
      vertex 25.4278 194.15 0
    endloop
  endfacet
  facet normal -0.383015 0.923742 0
    outer loop
      vertex 27.75 191.828 0
      vertex 27.34 191.658 4
      vertex 27.75 191.828 4
    endloop
  endfacet
  facet normal -0.383015 0.923742 0
    outer loop
      vertex 27.34 191.658 4
      vertex 27.75 191.828 0
      vertex 27.34 191.658 0
    endloop
  endfacet
  facet normal -0.608512 -0.793545 0
    outer loop
      vertex 27.75 194.772 0
      vertex 28.1021 194.502 4
      vertex 27.75 194.772 4
    endloop
  endfacet
  facet normal -0.608512 -0.793545 -0
    outer loop
      vertex 28.1021 194.502 4
      vertex 27.75 194.772 0
      vertex 28.1021 194.502 0
    endloop
  endfacet
  facet normal -0.383015 -0.923742 0
    outer loop
      vertex 27.34 194.942 0
      vertex 27.75 194.772 4
      vertex 27.34 194.942 4
    endloop
  endfacet
  facet normal -0.383015 -0.923742 -0
    outer loop
      vertex 27.75 194.772 4
      vertex 27.34 194.942 0
      vertex 27.75 194.772 0
    endloop
  endfacet
  facet normal 0.383015 -0.923742 0
    outer loop
      vertex 26.05 194.772 0
      vertex 26.46 194.942 4
      vertex 26.05 194.772 4
    endloop
  endfacet
  facet normal 0.383015 -0.923742 0
    outer loop
      vertex 26.46 194.942 4
      vertex 26.05 194.772 0
      vertex 26.46 194.942 0
    endloop
  endfacet
  facet normal -0.793352 0.608763 0
    outer loop
      vertex 28.1021 192.098 0
      vertex 28.3722 192.45 4
      vertex 28.3722 192.45 0
    endloop
  endfacet
  facet normal -0.793352 0.608763 0
    outer loop
      vertex 28.3722 192.45 4
      vertex 28.1021 192.098 0
      vertex 28.1021 192.098 4
    endloop
  endfacet
  facet normal -0.608512 0.793545 0
    outer loop
      vertex 28.1021 192.098 0
      vertex 27.75 191.828 4
      vertex 28.1021 192.098 4
    endloop
  endfacet
  facet normal -0.608512 0.793545 0
    outer loop
      vertex 27.75 191.828 4
      vertex 28.1021 192.098 0
      vertex 27.75 191.828 0
    endloop
  endfacet
  facet normal -0.130688 -0.991424 0
    outer loop
      vertex 26.9 195 0
      vertex 27.34 194.942 4
      vertex 26.9 195 4
    endloop
  endfacet
  facet normal -0.130688 -0.991424 -0
    outer loop
      vertex 27.34 194.942 4
      vertex 26.9 195 0
      vertex 27.34 194.942 0
    endloop
  endfacet
  facet normal 0.793352 0.608763 0
    outer loop
      vertex 25.6979 192.098 4
      vertex 25.4278 192.45 0
      vertex 25.4278 192.45 4
    endloop
  endfacet
  facet normal 0.793352 0.608763 0
    outer loop
      vertex 25.4278 192.45 0
      vertex 25.6979 192.098 4
      vertex 25.6979 192.098 0
    endloop
  endfacet
  facet normal -0.130688 0.991424 0
    outer loop
      vertex 27.34 191.658 0
      vertex 26.9 191.6 4
      vertex 27.34 191.658 4
    endloop
  endfacet
  facet normal -0.130688 0.991424 0
    outer loop
      vertex 26.9 191.6 4
      vertex 27.34 191.658 0
      vertex 26.9 191.6 0
    endloop
  endfacet
  facet normal -0.991453 0.130466 0
    outer loop
      vertex 28.5421 192.86 0
      vertex 28.6 193.3 4
      vertex 28.6 193.3 0
    endloop
  endfacet
  facet normal -0.991453 0.130466 0
    outer loop
      vertex 28.6 193.3 4
      vertex 28.5421 192.86 0
      vertex 28.5421 192.86 4
    endloop
  endfacet
  facet normal 0.991453 -0.130466 0
    outer loop
      vertex 25.2 193.3 4
      vertex 25.2579 193.74 0
      vertex 25.2579 193.74 4
    endloop
  endfacet
  facet normal 0.991453 -0.130466 0
    outer loop
      vertex 25.2579 193.74 0
      vertex 25.2 193.3 4
      vertex 25.2 193.3 0
    endloop
  endfacet
  facet normal 0.130688 0.991424 -0
    outer loop
      vertex 26.9 191.6 0
      vertex 26.46 191.658 4
      vertex 26.9 191.6 4
    endloop
  endfacet
  facet normal 0.130688 0.991424 0
    outer loop
      vertex 26.46 191.658 4
      vertex 26.9 191.6 0
      vertex 26.46 191.658 0
    endloop
  endfacet
  facet normal 0.608512 -0.793545 0
    outer loop
      vertex 25.6979 194.502 0
      vertex 26.05 194.772 4
      vertex 25.6979 194.502 4
    endloop
  endfacet
  facet normal 0.608512 -0.793545 0
    outer loop
      vertex 26.05 194.772 4
      vertex 25.6979 194.502 0
      vertex 26.05 194.772 0
    endloop
  endfacet
  facet normal 0.130688 -0.991424 0
    outer loop
      vertex 26.46 194.942 0
      vertex 26.9 195 4
      vertex 26.46 194.942 4
    endloop
  endfacet
  facet normal 0.130688 -0.991424 0
    outer loop
      vertex 26.9 195 4
      vertex 26.46 194.942 0
      vertex 26.9 195 0
    endloop
  endfacet
  facet normal -0.793352 -0.608763 0
    outer loop
      vertex 28.3722 194.15 0
      vertex 28.1021 194.502 4
      vertex 28.1021 194.502 0
    endloop
  endfacet
  facet normal -0.793352 -0.608763 0
    outer loop
      vertex 28.1021 194.502 4
      vertex 28.3722 194.15 0
      vertex 28.3722 194.15 4
    endloop
  endfacet
  facet normal 0.923822 0.382823 0
    outer loop
      vertex 25.4278 192.45 4
      vertex 25.2579 192.86 0
      vertex 25.2579 192.86 4
    endloop
  endfacet
  facet normal 0.923822 0.382823 0
    outer loop
      vertex 25.2579 192.86 0
      vertex 25.4278 192.45 4
      vertex 25.4278 192.45 0
    endloop
  endfacet
  facet normal 0.991453 0.130466 0
    outer loop
      vertex 25.2579 192.86 4
      vertex 25.2 193.3 0
      vertex 25.2 193.3 4
    endloop
  endfacet
  facet normal 0.991453 0.130466 0
    outer loop
      vertex 25.2 193.3 0
      vertex 25.2579 192.86 4
      vertex 25.2579 192.86 0
    endloop
  endfacet
  facet normal 0.608512 0.793545 -0
    outer loop
      vertex 26.05 191.828 0
      vertex 25.6979 192.098 4
      vertex 26.05 191.828 4
    endloop
  endfacet
  facet normal 0.608512 0.793545 0
    outer loop
      vertex 25.6979 192.098 4
      vertex 26.05 191.828 0
      vertex 25.6979 192.098 0
    endloop
  endfacet
  facet normal 0.383015 0.923742 -0
    outer loop
      vertex 26.46 191.658 0
      vertex 26.05 191.828 4
      vertex 26.46 191.658 4
    endloop
  endfacet
  facet normal 0.383015 0.923742 0
    outer loop
      vertex 26.05 191.828 4
      vertex 26.46 191.658 0
      vertex 26.05 191.828 0
    endloop
  endfacet
  facet normal -0.383015 0.923742 0
    outer loop
      vertex 85.35 127.528 0
      vertex 84.94 127.358 4
      vertex 85.35 127.528 4
    endloop
  endfacet
  facet normal -0.383015 0.923742 0
    outer loop
      vertex 84.94 127.358 4
      vertex 85.35 127.528 0
      vertex 84.94 127.358 0
    endloop
  endfacet
  facet normal 0.130688 -0.991424 0
    outer loop
      vertex 84.06 130.642 0
      vertex 84.5 130.7 4
      vertex 84.06 130.642 4
    endloop
  endfacet
  facet normal 0.130688 -0.991424 0
    outer loop
      vertex 84.5 130.7 4
      vertex 84.06 130.642 0
      vertex 84.5 130.7 0
    endloop
  endfacet
  facet normal -0.923822 -0.382823 0
    outer loop
      vertex 86.1421 129.44 0
      vertex 85.9722 129.85 4
      vertex 85.9722 129.85 0
    endloop
  endfacet
  facet normal -0.923822 -0.382823 0
    outer loop
      vertex 85.9722 129.85 4
      vertex 86.1421 129.44 0
      vertex 86.1421 129.44 4
    endloop
  endfacet
  facet normal -0.991453 -0.130466 0
    outer loop
      vertex 86.2 129 0
      vertex 86.1421 129.44 4
      vertex 86.1421 129.44 0
    endloop
  endfacet
  facet normal -0.991453 -0.130466 0
    outer loop
      vertex 86.1421 129.44 4
      vertex 86.2 129 0
      vertex 86.2 129 4
    endloop
  endfacet
  facet normal -0.793352 -0.608763 0
    outer loop
      vertex 85.9722 129.85 0
      vertex 85.7021 130.202 4
      vertex 85.7021 130.202 0
    endloop
  endfacet
  facet normal -0.793352 -0.608763 0
    outer loop
      vertex 85.7021 130.202 4
      vertex 85.9722 129.85 0
      vertex 85.9722 129.85 4
    endloop
  endfacet
  facet normal -0.793352 0.608763 0
    outer loop
      vertex 85.7021 127.798 0
      vertex 85.9722 128.15 4
      vertex 85.9722 128.15 0
    endloop
  endfacet
  facet normal -0.793352 0.608763 0
    outer loop
      vertex 85.9722 128.15 4
      vertex 85.7021 127.798 0
      vertex 85.7021 127.798 4
    endloop
  endfacet
  facet normal 0.608512 -0.793545 0
    outer loop
      vertex 83.2979 130.202 0
      vertex 83.65 130.472 4
      vertex 83.2979 130.202 4
    endloop
  endfacet
  facet normal 0.608512 -0.793545 0
    outer loop
      vertex 83.65 130.472 4
      vertex 83.2979 130.202 0
      vertex 83.65 130.472 0
    endloop
  endfacet
  facet normal -0.608512 -0.793545 0
    outer loop
      vertex 85.35 130.472 0
      vertex 85.7021 130.202 4
      vertex 85.35 130.472 4
    endloop
  endfacet
  facet normal -0.608512 -0.793545 -0
    outer loop
      vertex 85.7021 130.202 4
      vertex 85.35 130.472 0
      vertex 85.7021 130.202 0
    endloop
  endfacet
  facet normal 0.793352 -0.608763 0
    outer loop
      vertex 83.0278 129.85 4
      vertex 83.2979 130.202 0
      vertex 83.2979 130.202 4
    endloop
  endfacet
  facet normal 0.793352 -0.608763 0
    outer loop
      vertex 83.2979 130.202 0
      vertex 83.0278 129.85 4
      vertex 83.0278 129.85 0
    endloop
  endfacet
  facet normal 0.383015 0.923742 -0
    outer loop
      vertex 84.06 127.358 0
      vertex 83.65 127.528 4
      vertex 84.06 127.358 4
    endloop
  endfacet
  facet normal 0.383015 0.923742 0
    outer loop
      vertex 83.65 127.528 4
      vertex 84.06 127.358 0
      vertex 83.65 127.528 0
    endloop
  endfacet
  facet normal 0.608512 0.793545 -0
    outer loop
      vertex 83.65 127.528 0
      vertex 83.2979 127.798 4
      vertex 83.65 127.528 4
    endloop
  endfacet
  facet normal 0.608512 0.793545 0
    outer loop
      vertex 83.2979 127.798 4
      vertex 83.65 127.528 0
      vertex 83.2979 127.798 0
    endloop
  endfacet
  facet normal -0.923822 0.382823 0
    outer loop
      vertex 85.9722 128.15 0
      vertex 86.1421 128.56 4
      vertex 86.1421 128.56 0
    endloop
  endfacet
  facet normal -0.923822 0.382823 0
    outer loop
      vertex 86.1421 128.56 4
      vertex 85.9722 128.15 0
      vertex 85.9722 128.15 4
    endloop
  endfacet
  facet normal -0.130688 0.991424 0
    outer loop
      vertex 84.94 127.358 0
      vertex 84.5 127.3 4
      vertex 84.94 127.358 4
    endloop
  endfacet
  facet normal -0.130688 0.991424 0
    outer loop
      vertex 84.5 127.3 4
      vertex 84.94 127.358 0
      vertex 84.5 127.3 0
    endloop
  endfacet
  facet normal -0.608512 0.793545 0
    outer loop
      vertex 85.7021 127.798 0
      vertex 85.35 127.528 4
      vertex 85.7021 127.798 4
    endloop
  endfacet
  facet normal -0.608512 0.793545 0
    outer loop
      vertex 85.35 127.528 4
      vertex 85.7021 127.798 0
      vertex 85.35 127.528 0
    endloop
  endfacet
  facet normal 0.383015 -0.923742 0
    outer loop
      vertex 83.65 130.472 0
      vertex 84.06 130.642 4
      vertex 83.65 130.472 4
    endloop
  endfacet
  facet normal 0.383015 -0.923742 0
    outer loop
      vertex 84.06 130.642 4
      vertex 83.65 130.472 0
      vertex 84.06 130.642 0
    endloop
  endfacet
  facet normal -0.383015 -0.923742 0
    outer loop
      vertex 84.94 130.642 0
      vertex 85.35 130.472 4
      vertex 84.94 130.642 4
    endloop
  endfacet
  facet normal -0.383015 -0.923742 -0
    outer loop
      vertex 85.35 130.472 4
      vertex 84.94 130.642 0
      vertex 85.35 130.472 0
    endloop
  endfacet
  facet normal 0.923822 -0.382823 0
    outer loop
      vertex 82.8579 129.44 4
      vertex 83.0278 129.85 0
      vertex 83.0278 129.85 4
    endloop
  endfacet
  facet normal 0.923822 -0.382823 0
    outer loop
      vertex 83.0278 129.85 0
      vertex 82.8579 129.44 4
      vertex 82.8579 129.44 0
    endloop
  endfacet
  facet normal -0.130688 -0.991424 0
    outer loop
      vertex 84.5 130.7 0
      vertex 84.94 130.642 4
      vertex 84.5 130.7 4
    endloop
  endfacet
  facet normal -0.130688 -0.991424 -0
    outer loop
      vertex 84.94 130.642 4
      vertex 84.5 130.7 0
      vertex 84.94 130.642 0
    endloop
  endfacet
  facet normal -0.991453 0.130466 0
    outer loop
      vertex 86.1421 128.56 0
      vertex 86.2 129 4
      vertex 86.2 129 0
    endloop
  endfacet
  facet normal -0.991453 0.130466 0
    outer loop
      vertex 86.2 129 4
      vertex 86.1421 128.56 0
      vertex 86.1421 128.56 4
    endloop
  endfacet
  facet normal 0.923822 0.382823 0
    outer loop
      vertex 83.0278 128.15 4
      vertex 82.8579 128.56 0
      vertex 82.8579 128.56 4
    endloop
  endfacet
  facet normal 0.923822 0.382823 0
    outer loop
      vertex 82.8579 128.56 0
      vertex 83.0278 128.15 4
      vertex 83.0278 128.15 0
    endloop
  endfacet
  facet normal 0.130688 0.991424 -0
    outer loop
      vertex 84.5 127.3 0
      vertex 84.06 127.358 4
      vertex 84.5 127.3 4
    endloop
  endfacet
  facet normal 0.130688 0.991424 0
    outer loop
      vertex 84.06 127.358 4
      vertex 84.5 127.3 0
      vertex 84.06 127.358 0
    endloop
  endfacet
  facet normal 0.991453 0.130466 0
    outer loop
      vertex 82.8579 128.56 4
      vertex 82.8 129 0
      vertex 82.8 129 4
    endloop
  endfacet
  facet normal 0.991453 0.130466 0
    outer loop
      vertex 82.8 129 0
      vertex 82.8579 128.56 4
      vertex 82.8579 128.56 0
    endloop
  endfacet
  facet normal 0.793352 0.608763 0
    outer loop
      vertex 83.2979 127.798 4
      vertex 83.0278 128.15 0
      vertex 83.0278 128.15 4
    endloop
  endfacet
  facet normal 0.793352 0.608763 0
    outer loop
      vertex 83.0278 128.15 0
      vertex 83.2979 127.798 4
      vertex 83.2979 127.798 0
    endloop
  endfacet
  facet normal 0.991453 -0.130466 0
    outer loop
      vertex 82.8 129 4
      vertex 82.8579 129.44 0
      vertex 82.8579 129.44 4
    endloop
  endfacet
  facet normal 0.991453 -0.130466 0
    outer loop
      vertex 82.8579 129.44 0
      vertex 82.8 129 4
      vertex 82.8 129 0
    endloop
  endfacet
  facet normal -0.383015 0.923742 0
    outer loop
      vertex 11.35 127.528 0
      vertex 10.94 127.358 4
      vertex 11.35 127.528 4
    endloop
  endfacet
  facet normal -0.383015 0.923742 0
    outer loop
      vertex 10.94 127.358 4
      vertex 11.35 127.528 0
      vertex 10.94 127.358 0
    endloop
  endfacet
  facet normal 0.130688 -0.991424 0
    outer loop
      vertex 10.06 130.642 0
      vertex 10.5 130.7 4
      vertex 10.06 130.642 4
    endloop
  endfacet
  facet normal 0.130688 -0.991424 0
    outer loop
      vertex 10.5 130.7 4
      vertex 10.06 130.642 0
      vertex 10.5 130.7 0
    endloop
  endfacet
  facet normal -0.923822 -0.382823 0
    outer loop
      vertex 12.1421 129.44 0
      vertex 11.9722 129.85 4
      vertex 11.9722 129.85 0
    endloop
  endfacet
  facet normal -0.923822 -0.382823 0
    outer loop
      vertex 11.9722 129.85 4
      vertex 12.1421 129.44 0
      vertex 12.1421 129.44 4
    endloop
  endfacet
  facet normal -0.991453 -0.130466 0
    outer loop
      vertex 12.2 129 0
      vertex 12.1421 129.44 4
      vertex 12.1421 129.44 0
    endloop
  endfacet
  facet normal -0.991453 -0.130466 0
    outer loop
      vertex 12.1421 129.44 4
      vertex 12.2 129 0
      vertex 12.2 129 4
    endloop
  endfacet
  facet normal -0.793352 -0.608763 0
    outer loop
      vertex 11.9722 129.85 0
      vertex 11.7021 130.202 4
      vertex 11.7021 130.202 0
    endloop
  endfacet
  facet normal -0.793352 -0.608763 0
    outer loop
      vertex 11.7021 130.202 4
      vertex 11.9722 129.85 0
      vertex 11.9722 129.85 4
    endloop
  endfacet
  facet normal -0.793352 0.608763 0
    outer loop
      vertex 11.7021 127.798 0
      vertex 11.9722 128.15 4
      vertex 11.9722 128.15 0
    endloop
  endfacet
  facet normal -0.793352 0.608763 0
    outer loop
      vertex 11.9722 128.15 4
      vertex 11.7021 127.798 0
      vertex 11.7021 127.798 4
    endloop
  endfacet
  facet normal 0.608534 -0.793528 0
    outer loop
      vertex 9.29792 130.202 0
      vertex 9.65 130.472 4
      vertex 9.29792 130.202 4
    endloop
  endfacet
  facet normal 0.608534 -0.793528 0
    outer loop
      vertex 9.65 130.472 4
      vertex 9.29792 130.202 0
      vertex 9.65 130.472 0
    endloop
  endfacet
  facet normal -0.608512 -0.793545 0
    outer loop
      vertex 11.35 130.472 0
      vertex 11.7021 130.202 4
      vertex 11.35 130.472 4
    endloop
  endfacet
  facet normal -0.608512 -0.793545 -0
    outer loop
      vertex 11.7021 130.202 4
      vertex 11.35 130.472 0
      vertex 11.7021 130.202 0
    endloop
  endfacet
  facet normal 0.793287 -0.608848 0
    outer loop
      vertex 9.02776 129.85 4
      vertex 9.29792 130.202 0
      vertex 9.29792 130.202 4
    endloop
  endfacet
  facet normal 0.793287 -0.608848 0
    outer loop
      vertex 9.29792 130.202 0
      vertex 9.02776 129.85 4
      vertex 9.02776 129.85 0
    endloop
  endfacet
  facet normal 0.383015 0.923742 -0
    outer loop
      vertex 10.06 127.358 0
      vertex 9.65 127.528 4
      vertex 10.06 127.358 4
    endloop
  endfacet
  facet normal 0.383015 0.923742 0
    outer loop
      vertex 9.65 127.528 4
      vertex 10.06 127.358 0
      vertex 9.65 127.528 0
    endloop
  endfacet
  facet normal 0.608534 0.793528 -0
    outer loop
      vertex 9.65 127.528 0
      vertex 9.29792 127.798 4
      vertex 9.65 127.528 4
    endloop
  endfacet
  facet normal 0.608534 0.793528 0
    outer loop
      vertex 9.29792 127.798 4
      vertex 9.65 127.528 0
      vertex 9.29792 127.798 0
    endloop
  endfacet
  facet normal -0.923822 0.382823 0
    outer loop
      vertex 11.9722 128.15 0
      vertex 12.1421 128.56 4
      vertex 12.1421 128.56 0
    endloop
  endfacet
  facet normal -0.923822 0.382823 0
    outer loop
      vertex 12.1421 128.56 4
      vertex 11.9722 128.15 0
      vertex 11.9722 128.15 4
    endloop
  endfacet
  facet normal -0.130688 0.991424 0
    outer loop
      vertex 10.94 127.358 0
      vertex 10.5 127.3 4
      vertex 10.94 127.358 4
    endloop
  endfacet
  facet normal -0.130688 0.991424 0
    outer loop
      vertex 10.5 127.3 4
      vertex 10.94 127.358 0
      vertex 10.5 127.3 0
    endloop
  endfacet
  facet normal -0.608512 0.793545 0
    outer loop
      vertex 11.7021 127.798 0
      vertex 11.35 127.528 4
      vertex 11.7021 127.798 4
    endloop
  endfacet
  facet normal -0.608512 0.793545 0
    outer loop
      vertex 11.35 127.528 4
      vertex 11.7021 127.798 0
      vertex 11.35 127.528 0
    endloop
  endfacet
  facet normal 0.383015 -0.923742 0
    outer loop
      vertex 9.65 130.472 0
      vertex 10.06 130.642 4
      vertex 9.65 130.472 4
    endloop
  endfacet
  facet normal 0.383015 -0.923742 0
    outer loop
      vertex 10.06 130.642 4
      vertex 9.65 130.472 0
      vertex 10.06 130.642 0
    endloop
  endfacet
  facet normal -0.383015 -0.923742 0
    outer loop
      vertex 10.94 130.642 0
      vertex 11.35 130.472 4
      vertex 10.94 130.642 4
    endloop
  endfacet
  facet normal -0.383015 -0.923742 -0
    outer loop
      vertex 11.35 130.472 4
      vertex 10.94 130.642 0
      vertex 11.35 130.472 0
    endloop
  endfacet
  facet normal 0.923878 -0.382688 0
    outer loop
      vertex 8.85793 129.44 4
      vertex 9.02776 129.85 0
      vertex 9.02776 129.85 4
    endloop
  endfacet
  facet normal 0.923878 -0.382688 0
    outer loop
      vertex 9.02776 129.85 0
      vertex 8.85793 129.44 4
      vertex 8.85793 129.44 0
    endloop
  endfacet
  facet normal -0.130688 -0.991424 0
    outer loop
      vertex 10.5 130.7 0
      vertex 10.94 130.642 4
      vertex 10.5 130.7 4
    endloop
  endfacet
  facet normal -0.130688 -0.991424 -0
    outer loop
      vertex 10.94 130.642 4
      vertex 10.5 130.7 0
      vertex 10.94 130.642 0
    endloop
  endfacet
  facet normal -0.991453 0.130466 0
    outer loop
      vertex 12.1421 128.56 0
      vertex 12.2 129 4
      vertex 12.2 129 0
    endloop
  endfacet
  facet normal -0.991453 0.130466 0
    outer loop
      vertex 12.2 129 4
      vertex 12.1421 128.56 0
      vertex 12.1421 128.56 4
    endloop
  endfacet
  facet normal 0.923878 0.382688 0
    outer loop
      vertex 9.02776 128.15 4
      vertex 8.85793 128.56 0
      vertex 8.85793 128.56 4
    endloop
  endfacet
  facet normal 0.923878 0.382688 0
    outer loop
      vertex 8.85793 128.56 0
      vertex 9.02776 128.15 4
      vertex 9.02776 128.15 0
    endloop
  endfacet
  facet normal 0.130688 0.991424 -0
    outer loop
      vertex 10.5 127.3 0
      vertex 10.06 127.358 4
      vertex 10.5 127.3 4
    endloop
  endfacet
  facet normal 0.130688 0.991424 0
    outer loop
      vertex 10.06 127.358 4
      vertex 10.5 127.3 0
      vertex 10.06 127.358 0
    endloop
  endfacet
  facet normal 0.991444 0.130533 0
    outer loop
      vertex 8.85793 128.56 4
      vertex 8.8 129 0
      vertex 8.8 129 4
    endloop
  endfacet
  facet normal 0.991444 0.130533 0
    outer loop
      vertex 8.8 129 0
      vertex 8.85793 128.56 4
      vertex 8.85793 128.56 0
    endloop
  endfacet
  facet normal 0.793287 0.608848 0
    outer loop
      vertex 9.29792 127.798 4
      vertex 9.02776 128.15 0
      vertex 9.02776 128.15 4
    endloop
  endfacet
  facet normal 0.793287 0.608848 0
    outer loop
      vertex 9.02776 128.15 0
      vertex 9.29792 127.798 4
      vertex 9.29792 127.798 0
    endloop
  endfacet
  facet normal 0.991444 -0.130533 0
    outer loop
      vertex 8.8 129 4
      vertex 8.85793 129.44 0
      vertex 8.85793 129.44 4
    endloop
  endfacet
  facet normal 0.991444 -0.130533 0
    outer loop
      vertex 8.85793 129.44 0
      vertex 8.8 129 4
      vertex 8.8 129 0
    endloop
  endfacet
  facet normal -0.924054 -0.382263 0
    outer loop
      vertex 19.0767 164.356 0
      vertex 18.862 164.875 4
      vertex 18.862 164.875 0
    endloop
  endfacet
  facet normal -0.924054 -0.382263 0
    outer loop
      vertex 18.862 164.875 4
      vertex 19.0767 164.356 0
      vertex 19.0767 164.356 4
    endloop
  endfacet
  facet normal -0.991421 -0.130704 0
    outer loop
      vertex 19.15 163.8 0
      vertex 19.0767 164.356 4
      vertex 19.0767 164.356 0
    endloop
  endfacet
  facet normal -0.991421 -0.130704 0
    outer loop
      vertex 19.0767 164.356 4
      vertex 19.15 163.8 0
      vertex 19.15 163.8 4
    endloop
  endfacet
  facet normal -0.991421 0.130704 0
    outer loop
      vertex 19.0767 163.244 0
      vertex 19.15 163.8 4
      vertex 19.15 163.8 0
    endloop
  endfacet
  facet normal -0.991421 0.130704 0
    outer loop
      vertex 19.15 163.8 4
      vertex 19.0767 163.244 0
      vertex 19.0767 163.244 4
    endloop
  endfacet
  facet normal -0.383034 0.923734 0
    outer loop
      vertex 18.075 161.938 0
      vertex 17.5565 161.723 4
      vertex 18.075 161.938 4
    endloop
  endfacet
  facet normal -0.383034 0.923734 0
    outer loop
      vertex 17.5565 161.723 4
      vertex 18.075 161.938 0
      vertex 17.5565 161.723 0
    endloop
  endfacet
  facet normal 0.609108 0.793087 -0
    outer loop
      vertex 15.925 161.938 0
      vertex 15.4797 162.28 4
      vertex 15.925 161.938 4
    endloop
  endfacet
  facet normal 0.609108 0.793087 0
    outer loop
      vertex 15.4797 162.28 4
      vertex 15.925 161.938 0
      vertex 15.4797 162.28 0
    endloop
  endfacet
  facet normal 0.793147 -0.60903 0
    outer loop
      vertex 15.138 164.875 4
      vertex 15.4797 165.32 0
      vertex 15.4797 165.32 4
    endloop
  endfacet
  facet normal 0.793147 -0.60903 0
    outer loop
      vertex 15.4797 165.32 0
      vertex 15.138 164.875 4
      vertex 15.138 164.875 0
    endloop
  endfacet
  facet normal 0.609108 -0.793087 0
    outer loop
      vertex 15.4797 165.32 0
      vertex 15.925 165.662 4
      vertex 15.4797 165.32 4
    endloop
  endfacet
  facet normal 0.609108 -0.793087 0
    outer loop
      vertex 15.925 165.662 4
      vertex 15.4797 165.32 0
      vertex 15.925 165.662 0
    endloop
  endfacet
  facet normal -0.130063 0.991506 0
    outer loop
      vertex 17.5565 161.723 0
      vertex 17 161.65 4
      vertex 17.5565 161.723 4
    endloop
  endfacet
  facet normal -0.130063 0.991506 0
    outer loop
      vertex 17 161.65 4
      vertex 17.5565 161.723 0
      vertex 17 161.65 0
    endloop
  endfacet
  facet normal 0.991421 -0.130704 0
    outer loop
      vertex 14.85 163.8 4
      vertex 14.9233 164.356 0
      vertex 14.9233 164.356 4
    endloop
  endfacet
  facet normal 0.991421 -0.130704 0
    outer loop
      vertex 14.9233 164.356 0
      vertex 14.85 163.8 4
      vertex 14.85 163.8 0
    endloop
  endfacet
  facet normal 0.793147 0.60903 0
    outer loop
      vertex 15.4797 162.28 4
      vertex 15.138 162.725 0
      vertex 15.138 162.725 4
    endloop
  endfacet
  facet normal 0.793147 0.60903 0
    outer loop
      vertex 15.138 162.725 0
      vertex 15.4797 162.28 4
      vertex 15.4797 162.28 0
    endloop
  endfacet
  facet normal -0.383034 -0.923734 0
    outer loop
      vertex 17.5565 165.877 0
      vertex 18.075 165.662 4
      vertex 17.5565 165.877 4
    endloop
  endfacet
  facet normal -0.383034 -0.923734 -0
    outer loop
      vertex 18.075 165.662 4
      vertex 17.5565 165.877 0
      vertex 18.075 165.662 0
    endloop
  endfacet
  facet normal 0.130063 0.991506 -0
    outer loop
      vertex 17 161.65 0
      vertex 16.4435 161.723 4
      vertex 17 161.65 4
    endloop
  endfacet
  facet normal 0.130063 0.991506 0
    outer loop
      vertex 16.4435 161.723 4
      vertex 17 161.65 0
      vertex 16.4435 161.723 0
    endloop
  endfacet
  facet normal 0.924054 -0.382263 0
    outer loop
      vertex 14.9233 164.356 4
      vertex 15.138 164.875 0
      vertex 15.138 164.875 4
    endloop
  endfacet
  facet normal 0.924054 -0.382263 0
    outer loop
      vertex 15.138 164.875 0
      vertex 14.9233 164.356 4
      vertex 14.9233 164.356 0
    endloop
  endfacet
  facet normal -0.924054 0.382263 0
    outer loop
      vertex 18.862 162.725 0
      vertex 19.0767 163.244 4
      vertex 19.0767 163.244 0
    endloop
  endfacet
  facet normal -0.924054 0.382263 0
    outer loop
      vertex 19.0767 163.244 4
      vertex 18.862 162.725 0
      vertex 18.862 162.725 4
    endloop
  endfacet
  facet normal -0.609108 0.793087 0
    outer loop
      vertex 18.5203 162.28 0
      vertex 18.075 161.938 4
      vertex 18.5203 162.28 4
    endloop
  endfacet
  facet normal -0.609108 0.793087 0
    outer loop
      vertex 18.075 161.938 4
      vertex 18.5203 162.28 0
      vertex 18.075 161.938 0
    endloop
  endfacet
  facet normal 0.383034 -0.923734 0
    outer loop
      vertex 15.925 165.662 0
      vertex 16.4435 165.877 4
      vertex 15.925 165.662 4
    endloop
  endfacet
  facet normal 0.383034 -0.923734 0
    outer loop
      vertex 16.4435 165.877 4
      vertex 15.925 165.662 0
      vertex 16.4435 165.877 0
    endloop
  endfacet
  facet normal 0.924054 0.382263 0
    outer loop
      vertex 15.138 162.725 4
      vertex 14.9233 163.244 0
      vertex 14.9233 163.244 4
    endloop
  endfacet
  facet normal 0.924054 0.382263 0
    outer loop
      vertex 14.9233 163.244 0
      vertex 15.138 162.725 4
      vertex 15.138 162.725 0
    endloop
  endfacet
  facet normal -0.793147 -0.60903 0
    outer loop
      vertex 18.862 164.875 0
      vertex 18.5203 165.32 4
      vertex 18.5203 165.32 0
    endloop
  endfacet
  facet normal -0.793147 -0.60903 0
    outer loop
      vertex 18.5203 165.32 4
      vertex 18.862 164.875 0
      vertex 18.862 164.875 4
    endloop
  endfacet
  facet normal -0.130063 -0.991506 0
    outer loop
      vertex 17 165.95 0
      vertex 17.5565 165.877 4
      vertex 17 165.95 4
    endloop
  endfacet
  facet normal -0.130063 -0.991506 -0
    outer loop
      vertex 17.5565 165.877 4
      vertex 17 165.95 0
      vertex 17.5565 165.877 0
    endloop
  endfacet
  facet normal -0.609108 -0.793087 0
    outer loop
      vertex 18.075 165.662 0
      vertex 18.5203 165.32 4
      vertex 18.075 165.662 4
    endloop
  endfacet
  facet normal -0.609108 -0.793087 -0
    outer loop
      vertex 18.5203 165.32 4
      vertex 18.075 165.662 0
      vertex 18.5203 165.32 0
    endloop
  endfacet
  facet normal 0.130063 -0.991506 0
    outer loop
      vertex 16.4435 165.877 0
      vertex 17 165.95 4
      vertex 16.4435 165.877 4
    endloop
  endfacet
  facet normal 0.130063 -0.991506 0
    outer loop
      vertex 17 165.95 4
      vertex 16.4435 165.877 0
      vertex 17 165.95 0
    endloop
  endfacet
  facet normal -0.793147 0.60903 0
    outer loop
      vertex 18.5203 162.28 0
      vertex 18.862 162.725 4
      vertex 18.862 162.725 0
    endloop
  endfacet
  facet normal -0.793147 0.60903 0
    outer loop
      vertex 18.862 162.725 4
      vertex 18.5203 162.28 0
      vertex 18.5203 162.28 4
    endloop
  endfacet
  facet normal 0.383034 0.923734 -0
    outer loop
      vertex 16.4435 161.723 0
      vertex 15.925 161.938 4
      vertex 16.4435 161.723 4
    endloop
  endfacet
  facet normal 0.383034 0.923734 0
    outer loop
      vertex 15.925 161.938 4
      vertex 16.4435 161.723 0
      vertex 15.925 161.938 0
    endloop
  endfacet
  facet normal 0.991421 0.130704 0
    outer loop
      vertex 14.9233 163.244 4
      vertex 14.85 163.8 0
      vertex 14.85 163.8 4
    endloop
  endfacet
  facet normal 0.991421 0.130704 0
    outer loop
      vertex 14.85 163.8 0
      vertex 14.9233 163.244 4
      vertex 14.9233 163.244 0
    endloop
  endfacet
  facet normal 0.991434 -0.130605 0
    outer loop
      vertex 46.05 138.7 4
      vertex 46.0994 139.075 0
      vertex 46.0994 139.075 4
    endloop
  endfacet
  facet normal 0.991434 -0.130605 0
    outer loop
      vertex 46.0994 139.075 0
      vertex 46.05 138.7 4
      vertex 46.05 138.7 0
    endloop
  endfacet
  facet normal -0.923949 -0.382515 0
    outer loop
      vertex 48.9006 139.075 0
      vertex 48.7557 139.425 4
      vertex 48.7557 139.425 0
    endloop
  endfacet
  facet normal -0.923949 -0.382515 0
    outer loop
      vertex 48.7557 139.425 4
      vertex 48.9006 139.075 0
      vertex 48.9006 139.075 4
    endloop
  endfacet
  facet normal -0.991434 -0.130605 0
    outer loop
      vertex 48.95 138.7 0
      vertex 48.9006 139.075 4
      vertex 48.9006 139.075 0
    endloop
  endfacet
  facet normal -0.991434 -0.130605 0
    outer loop
      vertex 48.9006 139.075 4
      vertex 48.95 138.7 0
      vertex 48.95 138.7 4
    endloop
  endfacet
  facet normal -0.793095 -0.609097 0
    outer loop
      vertex 48.7557 139.425 0
      vertex 48.5253 139.725 4
      vertex 48.5253 139.725 0
    endloop
  endfacet
  facet normal -0.793095 -0.609097 0
    outer loop
      vertex 48.5253 139.725 4
      vertex 48.7557 139.425 0
      vertex 48.7557 139.425 4
    endloop
  endfacet
  facet normal -0.383021 0.92374 0
    outer loop
      vertex 48.225 137.444 0
      vertex 47.8753 137.299 4
      vertex 48.225 137.444 4
    endloop
  endfacet
  facet normal -0.383021 0.92374 0
    outer loop
      vertex 47.8753 137.299 4
      vertex 48.225 137.444 0
      vertex 47.8753 137.299 0
    endloop
  endfacet
  facet normal 0.383021 -0.92374 0
    outer loop
      vertex 46.775 139.956 0
      vertex 47.1247 140.101 4
      vertex 46.775 139.956 4
    endloop
  endfacet
  facet normal 0.383021 -0.92374 0
    outer loop
      vertex 47.1247 140.101 4
      vertex 46.775 139.956 0
      vertex 47.1247 140.101 0
    endloop
  endfacet
  facet normal 0.129463 0.991584 -0
    outer loop
      vertex 47.5 137.25 0
      vertex 47.1247 137.299 4
      vertex 47.5 137.25 4
    endloop
  endfacet
  facet normal 0.129463 0.991584 0
    outer loop
      vertex 47.1247 137.299 4
      vertex 47.5 137.25 0
      vertex 47.1247 137.299 0
    endloop
  endfacet
  facet normal -0.609711 -0.792624 0
    outer loop
      vertex 48.225 139.956 0
      vertex 48.5253 139.725 4
      vertex 48.225 139.956 4
    endloop
  endfacet
  facet normal -0.609711 -0.792624 -0
    outer loop
      vertex 48.5253 139.725 4
      vertex 48.225 139.956 0
      vertex 48.5253 139.725 0
    endloop
  endfacet
  facet normal 0.793095 -0.609097 0
    outer loop
      vertex 46.2443 139.425 4
      vertex 46.4747 139.725 0
      vertex 46.4747 139.725 4
    endloop
  endfacet
  facet normal 0.793095 -0.609097 0
    outer loop
      vertex 46.4747 139.725 0
      vertex 46.2443 139.425 4
      vertex 46.2443 139.425 0
    endloop
  endfacet
  facet normal -0.923949 0.382515 0
    outer loop
      vertex 48.7557 137.975 0
      vertex 48.9006 138.325 4
      vertex 48.9006 138.325 0
    endloop
  endfacet
  facet normal -0.923949 0.382515 0
    outer loop
      vertex 48.9006 138.325 4
      vertex 48.7557 137.975 0
      vertex 48.7557 137.975 4
    endloop
  endfacet
  facet normal -0.609711 0.792624 0
    outer loop
      vertex 48.5253 137.675 0
      vertex 48.225 137.444 4
      vertex 48.5253 137.675 4
    endloop
  endfacet
  facet normal -0.609711 0.792624 0
    outer loop
      vertex 48.225 137.444 4
      vertex 48.5253 137.675 0
      vertex 48.225 137.444 0
    endloop
  endfacet
  facet normal 0.991434 0.130605 0
    outer loop
      vertex 46.0994 138.325 4
      vertex 46.05 138.7 0
      vertex 46.05 138.7 4
    endloop
  endfacet
  facet normal 0.991434 0.130605 0
    outer loop
      vertex 46.05 138.7 0
      vertex 46.0994 138.325 4
      vertex 46.0994 138.325 0
    endloop
  endfacet
  facet normal -0.383021 -0.92374 0
    outer loop
      vertex 47.8753 140.101 0
      vertex 48.225 139.956 4
      vertex 47.8753 140.101 4
    endloop
  endfacet
  facet normal -0.383021 -0.92374 -0
    outer loop
      vertex 48.225 139.956 4
      vertex 47.8753 140.101 0
      vertex 48.225 139.956 0
    endloop
  endfacet
  facet normal 0.609711 0.792624 -0
    outer loop
      vertex 46.775 137.444 0
      vertex 46.4747 137.675 4
      vertex 46.775 137.444 4
    endloop
  endfacet
  facet normal 0.609711 0.792624 0
    outer loop
      vertex 46.4747 137.675 4
      vertex 46.775 137.444 0
      vertex 46.4747 137.675 0
    endloop
  endfacet
  facet normal 0.383021 0.92374 -0
    outer loop
      vertex 47.1247 137.299 0
      vertex 46.775 137.444 4
      vertex 47.1247 137.299 4
    endloop
  endfacet
  facet normal 0.383021 0.92374 0
    outer loop
      vertex 46.775 137.444 4
      vertex 47.1247 137.299 0
      vertex 46.775 137.444 0
    endloop
  endfacet
  facet normal -0.129463 -0.991584 0
    outer loop
      vertex 47.5 140.15 0
      vertex 47.8753 140.101 4
      vertex 47.5 140.15 4
    endloop
  endfacet
  facet normal -0.129463 -0.991584 -0
    outer loop
      vertex 47.8753 140.101 4
      vertex 47.5 140.15 0
      vertex 47.8753 140.101 0
    endloop
  endfacet
  facet normal -0.991434 0.130605 0
    outer loop
      vertex 48.9006 138.325 0
      vertex 48.95 138.7 4
      vertex 48.95 138.7 0
    endloop
  endfacet
  facet normal -0.991434 0.130605 0
    outer loop
      vertex 48.95 138.7 4
      vertex 48.9006 138.325 0
      vertex 48.9006 138.325 4
    endloop
  endfacet
  facet normal 0.129463 -0.991584 0
    outer loop
      vertex 47.1247 140.101 0
      vertex 47.5 140.15 4
      vertex 47.1247 140.101 4
    endloop
  endfacet
  facet normal 0.129463 -0.991584 0
    outer loop
      vertex 47.5 140.15 4
      vertex 47.1247 140.101 0
      vertex 47.5 140.15 0
    endloop
  endfacet
  facet normal 0.609711 -0.792624 0
    outer loop
      vertex 46.4747 139.725 0
      vertex 46.775 139.956 4
      vertex 46.4747 139.725 4
    endloop
  endfacet
  facet normal 0.609711 -0.792624 0
    outer loop
      vertex 46.775 139.956 4
      vertex 46.4747 139.725 0
      vertex 46.775 139.956 0
    endloop
  endfacet
  facet normal -0.793095 0.609097 0
    outer loop
      vertex 48.5253 137.675 0
      vertex 48.7557 137.975 4
      vertex 48.7557 137.975 0
    endloop
  endfacet
  facet normal -0.793095 0.609097 0
    outer loop
      vertex 48.7557 137.975 4
      vertex 48.5253 137.675 0
      vertex 48.5253 137.675 4
    endloop
  endfacet
  facet normal -0.129463 0.991584 0
    outer loop
      vertex 47.8753 137.299 0
      vertex 47.5 137.25 4
      vertex 47.8753 137.299 4
    endloop
  endfacet
  facet normal -0.129463 0.991584 0
    outer loop
      vertex 47.5 137.25 4
      vertex 47.8753 137.299 0
      vertex 47.5 137.25 0
    endloop
  endfacet
  facet normal 0.923949 0.382515 0
    outer loop
      vertex 46.2443 137.975 4
      vertex 46.0994 138.325 0
      vertex 46.0994 138.325 4
    endloop
  endfacet
  facet normal 0.923949 0.382515 0
    outer loop
      vertex 46.0994 138.325 0
      vertex 46.2443 137.975 4
      vertex 46.2443 137.975 0
    endloop
  endfacet
  facet normal 0.923949 -0.382515 0
    outer loop
      vertex 46.0994 139.075 4
      vertex 46.2443 139.425 0
      vertex 46.2443 139.425 4
    endloop
  endfacet
  facet normal 0.923949 -0.382515 0
    outer loop
      vertex 46.2443 139.425 0
      vertex 46.0994 139.075 4
      vertex 46.0994 139.075 0
    endloop
  endfacet
  facet normal 0.793095 0.609097 0
    outer loop
      vertex 46.4747 137.675 4
      vertex 46.2443 137.975 0
      vertex 46.2443 137.975 4
    endloop
  endfacet
  facet normal 0.793095 0.609097 0
    outer loop
      vertex 46.2443 137.975 0
      vertex 46.4747 137.675 4
      vertex 46.4747 137.675 0
    endloop
  endfacet
  facet normal -0.923819 -0.38283 0
    outer loop
      vertex 7.50459 141.525 0
      vertex 7.22487 142.2 4
      vertex 7.22487 142.2 0
    endloop
  endfacet
  facet normal -0.923819 -0.38283 0
    outer loop
      vertex 7.22487 142.2 4
      vertex 7.50459 141.525 0
      vertex 7.50459 141.525 4
    endloop
  endfacet
  facet normal -0.991452 -0.130475 0
    outer loop
      vertex 7.6 140.8 0
      vertex 7.50459 141.525 4
      vertex 7.50459 141.525 0
    endloop
  endfacet
  facet normal -0.991452 -0.130475 0
    outer loop
      vertex 7.50459 141.525 4
      vertex 7.6 140.8 0
      vertex 7.6 140.8 4
    endloop
  endfacet
  facet normal -0.991452 0.130475 0
    outer loop
      vertex 7.50459 140.075 0
      vertex 7.6 140.8 4
      vertex 7.6 140.8 0
    endloop
  endfacet
  facet normal -0.991452 0.130475 0
    outer loop
      vertex 7.6 140.8 4
      vertex 7.50459 140.075 0
      vertex 7.50459 140.075 4
    endloop
  endfacet
  facet normal 0.991452 -0.130475 0
    outer loop
      vertex 2 140.8 4
      vertex 2.09541 141.525 0
      vertex 2.09541 141.525 4
    endloop
  endfacet
  facet normal 0.991452 -0.130475 0
    outer loop
      vertex 2.09541 141.525 0
      vertex 2 140.8 4
      vertex 2 140.8 0
    endloop
  endfacet
  facet normal -0.383007 0.923745 0
    outer loop
      vertex 6.2 138.375 0
      vertex 5.52469 138.095 4
      vertex 6.2 138.375 4
    endloop
  endfacet
  facet normal -0.383007 0.923745 0
    outer loop
      vertex 5.52469 138.095 4
      vertex 6.2 138.375 0
      vertex 5.52469 138.095 0
    endloop
  endfacet
  facet normal -0.608785 0.793335 0
    outer loop
      vertex 6.7799 138.82 0
      vertex 6.2 138.375 4
      vertex 6.7799 138.82 4
    endloop
  endfacet
  facet normal -0.608785 0.793335 0
    outer loop
      vertex 6.2 138.375 4
      vertex 6.7799 138.82 0
      vertex 6.2 138.375 0
    endloop
  endfacet
  facet normal 0.793406 0.608693 0
    outer loop
      vertex 2.8201 138.82 4
      vertex 2.37513 139.4 0
      vertex 2.37513 139.4 4
    endloop
  endfacet
  facet normal 0.793406 0.608693 0
    outer loop
      vertex 2.37513 139.4 0
      vertex 2.8201 138.82 4
      vertex 2.8201 138.82 0
    endloop
  endfacet
  facet normal 0.793406 -0.608693 0
    outer loop
      vertex 2.37513 142.2 4
      vertex 2.8201 142.78 0
      vertex 2.8201 142.78 4
    endloop
  endfacet
  facet normal 0.793406 -0.608693 0
    outer loop
      vertex 2.8201 142.78 0
      vertex 2.37513 142.2 4
      vertex 2.37513 142.2 0
    endloop
  endfacet
  facet normal 0.608785 -0.793335 0
    outer loop
      vertex 2.8201 142.78 0
      vertex 3.4 143.225 4
      vertex 2.8201 142.78 4
    endloop
  endfacet
  facet normal 0.608785 -0.793335 0
    outer loop
      vertex 3.4 143.225 4
      vertex 2.8201 142.78 0
      vertex 3.4 143.225 0
    endloop
  endfacet
  facet normal -0.129978 -0.991517 0
    outer loop
      vertex 4.8 143.6 0
      vertex 5.52469 143.505 4
      vertex 4.8 143.6 4
    endloop
  endfacet
  facet normal -0.129978 -0.991517 -0
    outer loop
      vertex 5.52469 143.505 4
      vertex 4.8 143.6 0
      vertex 5.52469 143.505 0
    endloop
  endfacet
  facet normal 0.923819 0.38283 0
    outer loop
      vertex 2.37513 139.4 4
      vertex 2.09541 140.075 0
      vertex 2.09541 140.075 4
    endloop
  endfacet
  facet normal 0.923819 0.38283 0
    outer loop
      vertex 2.09541 140.075 0
      vertex 2.37513 139.4 4
      vertex 2.37513 139.4 0
    endloop
  endfacet
  facet normal -0.923819 0.38283 0
    outer loop
      vertex 7.22487 139.4 0
      vertex 7.50459 140.075 4
      vertex 7.50459 140.075 0
    endloop
  endfacet
  facet normal -0.923819 0.38283 0
    outer loop
      vertex 7.50459 140.075 4
      vertex 7.22487 139.4 0
      vertex 7.22487 139.4 4
    endloop
  endfacet
  facet normal 0.129978 -0.991517 0
    outer loop
      vertex 4.07531 143.505 0
      vertex 4.8 143.6 4
      vertex 4.07531 143.505 4
    endloop
  endfacet
  facet normal 0.129978 -0.991517 0
    outer loop
      vertex 4.8 143.6 4
      vertex 4.07531 143.505 0
      vertex 4.8 143.6 0
    endloop
  endfacet
  facet normal -0.383007 -0.923745 0
    outer loop
      vertex 5.52469 143.505 0
      vertex 6.2 143.225 4
      vertex 5.52469 143.505 4
    endloop
  endfacet
  facet normal -0.383007 -0.923745 -0
    outer loop
      vertex 6.2 143.225 4
      vertex 5.52469 143.505 0
      vertex 6.2 143.225 0
    endloop
  endfacet
  facet normal 0.383007 -0.923745 0
    outer loop
      vertex 3.4 143.225 0
      vertex 4.07531 143.505 4
      vertex 3.4 143.225 4
    endloop
  endfacet
  facet normal 0.383007 -0.923745 0
    outer loop
      vertex 4.07531 143.505 4
      vertex 3.4 143.225 0
      vertex 4.07531 143.505 0
    endloop
  endfacet
  facet normal -0.793406 0.608693 0
    outer loop
      vertex 6.7799 138.82 0
      vertex 7.22487 139.4 4
      vertex 7.22487 139.4 0
    endloop
  endfacet
  facet normal -0.793406 0.608693 0
    outer loop
      vertex 7.22487 139.4 4
      vertex 6.7799 138.82 0
      vertex 6.7799 138.82 4
    endloop
  endfacet
  facet normal -0.129978 0.991517 0
    outer loop
      vertex 5.52469 138.095 0
      vertex 4.8 138 4
      vertex 5.52469 138.095 4
    endloop
  endfacet
  facet normal -0.129978 0.991517 0
    outer loop
      vertex 4.8 138 4
      vertex 5.52469 138.095 0
      vertex 4.8 138 0
    endloop
  endfacet
  facet normal 0.923819 -0.38283 0
    outer loop
      vertex 2.09541 141.525 4
      vertex 2.37513 142.2 0
      vertex 2.37513 142.2 4
    endloop
  endfacet
  facet normal 0.923819 -0.38283 0
    outer loop
      vertex 2.37513 142.2 0
      vertex 2.09541 141.525 4
      vertex 2.09541 141.525 0
    endloop
  endfacet
  facet normal -0.608785 -0.793335 0
    outer loop
      vertex 6.2 143.225 0
      vertex 6.7799 142.78 4
      vertex 6.2 143.225 4
    endloop
  endfacet
  facet normal -0.608785 -0.793335 -0
    outer loop
      vertex 6.7799 142.78 4
      vertex 6.2 143.225 0
      vertex 6.7799 142.78 0
    endloop
  endfacet
  facet normal -0.793406 -0.608693 0
    outer loop
      vertex 7.22487 142.2 0
      vertex 6.7799 142.78 4
      vertex 6.7799 142.78 0
    endloop
  endfacet
  facet normal -0.793406 -0.608693 0
    outer loop
      vertex 6.7799 142.78 4
      vertex 7.22487 142.2 0
      vertex 7.22487 142.2 4
    endloop
  endfacet
  facet normal 0.129978 0.991517 -0
    outer loop
      vertex 4.8 138 0
      vertex 4.07531 138.095 4
      vertex 4.8 138 4
    endloop
  endfacet
  facet normal 0.129978 0.991517 0
    outer loop
      vertex 4.07531 138.095 4
      vertex 4.8 138 0
      vertex 4.07531 138.095 0
    endloop
  endfacet
  facet normal 0.608785 0.793335 -0
    outer loop
      vertex 3.4 138.375 0
      vertex 2.8201 138.82 4
      vertex 3.4 138.375 4
    endloop
  endfacet
  facet normal 0.608785 0.793335 0
    outer loop
      vertex 2.8201 138.82 4
      vertex 3.4 138.375 0
      vertex 2.8201 138.82 0
    endloop
  endfacet
  facet normal 0.991452 0.130475 0
    outer loop
      vertex 2.09541 140.075 4
      vertex 2 140.8 0
      vertex 2 140.8 4
    endloop
  endfacet
  facet normal 0.991452 0.130475 0
    outer loop
      vertex 2 140.8 0
      vertex 2.09541 140.075 4
      vertex 2.09541 140.075 0
    endloop
  endfacet
  facet normal 0.383007 0.923745 -0
    outer loop
      vertex 4.07531 138.095 0
      vertex 3.4 138.375 4
      vertex 4.07531 138.095 4
    endloop
  endfacet
  facet normal 0.383007 0.923745 0
    outer loop
      vertex 3.4 138.375 4
      vertex 4.07531 138.095 0
      vertex 3.4 138.375 0
    endloop
  endfacet
  facet normal -1 0 0
    outer loop
      vertex 14.5 114.5 0
      vertex 14.5 124.5 4
      vertex 14.5 124.5 0
    endloop
  endfacet
  facet normal -1 -0 0
    outer loop
      vertex 14.5 124.5 4
      vertex 14.5 114.5 0
      vertex 14.5 114.5 4
    endloop
  endfacet
  facet normal 1 -0 0
    outer loop
      vertex 8.5 114.5 4
      vertex 8.5 124.5 0
      vertex 8.5 124.5 4
    endloop
  endfacet
  facet normal 1 0 0
    outer loop
      vertex 8.5 124.5 0
      vertex 8.5 114.5 4
      vertex 8.5 114.5 0
    endloop
  endfacet
  facet normal 0 -1 0
    outer loop
      vertex 8.5 124.5 0
      vertex 14.5 124.5 4
      vertex 8.5 124.5 4
    endloop
  endfacet
  facet normal 0 -1 -0
    outer loop
      vertex 14.5 124.5 4
      vertex 8.5 124.5 0
      vertex 14.5 124.5 0
    endloop
  endfacet
  facet normal 0 1 -0
    outer loop
      vertex 14.5 114.5 0
      vertex 8.5 114.5 4
      vertex 14.5 114.5 4
    endloop
  endfacet
  facet normal 0 1 0
    outer loop
      vertex 8.5 114.5 4
      vertex 14.5 114.5 0
      vertex 8.5 114.5 0
    endloop
  endfacet
  facet normal -1 0 0
    outer loop
      vertex 47.5 123 0
      vertex 47.5 131 4
      vertex 47.5 131 0
    endloop
  endfacet
  facet normal -1 -0 0
    outer loop
      vertex 47.5 131 4
      vertex 47.5 123 0
      vertex 47.5 123 4
    endloop
  endfacet
  facet normal 1 -0 0
    outer loop
      vertex 17.5 123 4
      vertex 17.5 131 0
      vertex 17.5 131 4
    endloop
  endfacet
  facet normal 1 0 0
    outer loop
      vertex 17.5 131 0
      vertex 17.5 123 4
      vertex 17.5 123 0
    endloop
  endfacet
  facet normal 0 -1 0
    outer loop
      vertex 17.5 131 0
      vertex 47.5 131 4
      vertex 17.5 131 4
    endloop
  endfacet
  facet normal 0 -1 -0
    outer loop
      vertex 47.5 131 4
      vertex 17.5 131 0
      vertex 47.5 131 0
    endloop
  endfacet
  facet normal 0 1 -0
    outer loop
      vertex 47.5 123 0
      vertex 17.5 123 4
      vertex 47.5 123 4
    endloop
  endfacet
  facet normal 0 1 0
    outer loop
      vertex 17.5 123 4
      vertex 47.5 123 0
      vertex 17.5 123 0
    endloop
  endfacet
  facet normal -0.383015 0.923742 0
    outer loop
      vertex 12.85 190.528 0
      vertex 12.44 190.358 4
      vertex 12.85 190.528 4
    endloop
  endfacet
  facet normal -0.383015 0.923742 0
    outer loop
      vertex 12.44 190.358 4
      vertex 12.85 190.528 0
      vertex 12.44 190.358 0
    endloop
  endfacet
  facet normal 0.130688 -0.991424 0
    outer loop
      vertex 11.56 193.642 0
      vertex 12 193.7 4
      vertex 11.56 193.642 4
    endloop
  endfacet
  facet normal 0.130688 -0.991424 0
    outer loop
      vertex 12 193.7 4
      vertex 11.56 193.642 0
      vertex 12 193.7 0
    endloop
  endfacet
  facet normal -0.923822 -0.382823 0
    outer loop
      vertex 13.6421 192.44 0
      vertex 13.4722 192.85 4
      vertex 13.4722 192.85 0
    endloop
  endfacet
  facet normal -0.923822 -0.382823 0
    outer loop
      vertex 13.4722 192.85 4
      vertex 13.6421 192.44 0
      vertex 13.6421 192.44 4
    endloop
  endfacet
  facet normal -0.991453 -0.130466 0
    outer loop
      vertex 13.7 192 0
      vertex 13.6421 192.44 4
      vertex 13.6421 192.44 0
    endloop
  endfacet
  facet normal -0.991453 -0.130466 0
    outer loop
      vertex 13.6421 192.44 4
      vertex 13.7 192 0
      vertex 13.7 192 4
    endloop
  endfacet
  facet normal -0.793352 -0.608763 0
    outer loop
      vertex 13.4722 192.85 0
      vertex 13.2021 193.202 4
      vertex 13.2021 193.202 0
    endloop
  endfacet
  facet normal -0.793352 -0.608763 0
    outer loop
      vertex 13.2021 193.202 4
      vertex 13.4722 192.85 0
      vertex 13.4722 192.85 4
    endloop
  endfacet
  facet normal -0.793352 0.608763 0
    outer loop
      vertex 13.2021 190.798 0
      vertex 13.4722 191.15 4
      vertex 13.4722 191.15 0
    endloop
  endfacet
  facet normal -0.793352 0.608763 0
    outer loop
      vertex 13.4722 191.15 4
      vertex 13.2021 190.798 0
      vertex 13.2021 190.798 4
    endloop
  endfacet
  facet normal 0.608512 -0.793545 0
    outer loop
      vertex 10.7979 193.202 0
      vertex 11.15 193.472 4
      vertex 10.7979 193.202 4
    endloop
  endfacet
  facet normal 0.608512 -0.793545 0
    outer loop
      vertex 11.15 193.472 4
      vertex 10.7979 193.202 0
      vertex 11.15 193.472 0
    endloop
  endfacet
  facet normal -0.608512 -0.793545 0
    outer loop
      vertex 12.85 193.472 0
      vertex 13.2021 193.202 4
      vertex 12.85 193.472 4
    endloop
  endfacet
  facet normal -0.608512 -0.793545 -0
    outer loop
      vertex 13.2021 193.202 4
      vertex 12.85 193.472 0
      vertex 13.2021 193.202 0
    endloop
  endfacet
  facet normal 0.793352 -0.608763 0
    outer loop
      vertex 10.5278 192.85 4
      vertex 10.7979 193.202 0
      vertex 10.7979 193.202 4
    endloop
  endfacet
  facet normal 0.793352 -0.608763 0
    outer loop
      vertex 10.7979 193.202 0
      vertex 10.5278 192.85 4
      vertex 10.5278 192.85 0
    endloop
  endfacet
  facet normal 0.383015 0.923742 -0
    outer loop
      vertex 11.56 190.358 0
      vertex 11.15 190.528 4
      vertex 11.56 190.358 4
    endloop
  endfacet
  facet normal 0.383015 0.923742 0
    outer loop
      vertex 11.15 190.528 4
      vertex 11.56 190.358 0
      vertex 11.15 190.528 0
    endloop
  endfacet
  facet normal 0.608512 0.793545 -0
    outer loop
      vertex 11.15 190.528 0
      vertex 10.7979 190.798 4
      vertex 11.15 190.528 4
    endloop
  endfacet
  facet normal 0.608512 0.793545 0
    outer loop
      vertex 10.7979 190.798 4
      vertex 11.15 190.528 0
      vertex 10.7979 190.798 0
    endloop
  endfacet
  facet normal -0.923822 0.382823 0
    outer loop
      vertex 13.4722 191.15 0
      vertex 13.6421 191.56 4
      vertex 13.6421 191.56 0
    endloop
  endfacet
  facet normal -0.923822 0.382823 0
    outer loop
      vertex 13.6421 191.56 4
      vertex 13.4722 191.15 0
      vertex 13.4722 191.15 4
    endloop
  endfacet
  facet normal -0.130688 0.991424 0
    outer loop
      vertex 12.44 190.358 0
      vertex 12 190.3 4
      vertex 12.44 190.358 4
    endloop
  endfacet
  facet normal -0.130688 0.991424 0
    outer loop
      vertex 12 190.3 4
      vertex 12.44 190.358 0
      vertex 12 190.3 0
    endloop
  endfacet
  facet normal -0.608512 0.793545 0
    outer loop
      vertex 13.2021 190.798 0
      vertex 12.85 190.528 4
      vertex 13.2021 190.798 4
    endloop
  endfacet
  facet normal -0.608512 0.793545 0
    outer loop
      vertex 12.85 190.528 4
      vertex 13.2021 190.798 0
      vertex 12.85 190.528 0
    endloop
  endfacet
  facet normal 0.383015 -0.923742 0
    outer loop
      vertex 11.15 193.472 0
      vertex 11.56 193.642 4
      vertex 11.15 193.472 4
    endloop
  endfacet
  facet normal 0.383015 -0.923742 0
    outer loop
      vertex 11.56 193.642 4
      vertex 11.15 193.472 0
      vertex 11.56 193.642 0
    endloop
  endfacet
  facet normal -0.383015 -0.923742 0
    outer loop
      vertex 12.44 193.642 0
      vertex 12.85 193.472 4
      vertex 12.44 193.642 4
    endloop
  endfacet
  facet normal -0.383015 -0.923742 -0
    outer loop
      vertex 12.85 193.472 4
      vertex 12.44 193.642 0
      vertex 12.85 193.472 0
    endloop
  endfacet
  facet normal 0.923822 -0.382823 0
    outer loop
      vertex 10.3579 192.44 4
      vertex 10.5278 192.85 0
      vertex 10.5278 192.85 4
    endloop
  endfacet
  facet normal 0.923822 -0.382823 0
    outer loop
      vertex 10.5278 192.85 0
      vertex 10.3579 192.44 4
      vertex 10.3579 192.44 0
    endloop
  endfacet
  facet normal -0.130688 -0.991424 0
    outer loop
      vertex 12 193.7 0
      vertex 12.44 193.642 4
      vertex 12 193.7 4
    endloop
  endfacet
  facet normal -0.130688 -0.991424 -0
    outer loop
      vertex 12.44 193.642 4
      vertex 12 193.7 0
      vertex 12.44 193.642 0
    endloop
  endfacet
  facet normal -0.991453 0.130466 0
    outer loop
      vertex 13.6421 191.56 0
      vertex 13.7 192 4
      vertex 13.7 192 0
    endloop
  endfacet
  facet normal -0.991453 0.130466 0
    outer loop
      vertex 13.7 192 4
      vertex 13.6421 191.56 0
      vertex 13.6421 191.56 4
    endloop
  endfacet
  facet normal 0.923822 0.382823 0
    outer loop
      vertex 10.5278 191.15 4
      vertex 10.3579 191.56 0
      vertex 10.3579 191.56 4
    endloop
  endfacet
  facet normal 0.923822 0.382823 0
    outer loop
      vertex 10.3579 191.56 0
      vertex 10.5278 191.15 4
      vertex 10.5278 191.15 0
    endloop
  endfacet
  facet normal 0.130688 0.991424 -0
    outer loop
      vertex 12 190.3 0
      vertex 11.56 190.358 4
      vertex 12 190.3 4
    endloop
  endfacet
  facet normal 0.130688 0.991424 0
    outer loop
      vertex 11.56 190.358 4
      vertex 12 190.3 0
      vertex 11.56 190.358 0
    endloop
  endfacet
  facet normal 0.991453 0.130466 0
    outer loop
      vertex 10.3579 191.56 4
      vertex 10.3 192 0
      vertex 10.3 192 4
    endloop
  endfacet
  facet normal 0.991453 0.130466 0
    outer loop
      vertex 10.3 192 0
      vertex 10.3579 191.56 4
      vertex 10.3579 191.56 0
    endloop
  endfacet
  facet normal 0.793352 0.608763 0
    outer loop
      vertex 10.7979 190.798 4
      vertex 10.5278 191.15 0
      vertex 10.5278 191.15 4
    endloop
  endfacet
  facet normal 0.793352 0.608763 0
    outer loop
      vertex 10.5278 191.15 0
      vertex 10.7979 190.798 4
      vertex 10.7979 190.798 0
    endloop
  endfacet
  facet normal 0.991453 -0.130466 0
    outer loop
      vertex 10.3 192 4
      vertex 10.3579 192.44 0
      vertex 10.3579 192.44 4
    endloop
  endfacet
  facet normal 0.991453 -0.130466 0
    outer loop
      vertex 10.3579 192.44 0
      vertex 10.3 192 4
      vertex 10.3 192 0
    endloop
  endfacet
  facet normal -0.383015 0.923742 0
    outer loop
      vertex 83.85 190.528 0
      vertex 83.44 190.358 4
      vertex 83.85 190.528 4
    endloop
  endfacet
  facet normal -0.383015 0.923742 0
    outer loop
      vertex 83.44 190.358 4
      vertex 83.85 190.528 0
      vertex 83.44 190.358 0
    endloop
  endfacet
  facet normal 0.130688 -0.991424 0
    outer loop
      vertex 82.56 193.642 0
      vertex 83 193.7 4
      vertex 82.56 193.642 4
    endloop
  endfacet
  facet normal 0.130688 -0.991424 0
    outer loop
      vertex 83 193.7 4
      vertex 82.56 193.642 0
      vertex 83 193.7 0
    endloop
  endfacet
  facet normal -0.923822 -0.382823 0
    outer loop
      vertex 84.6421 192.44 0
      vertex 84.4722 192.85 4
      vertex 84.4722 192.85 0
    endloop
  endfacet
  facet normal -0.923822 -0.382823 0
    outer loop
      vertex 84.4722 192.85 4
      vertex 84.6421 192.44 0
      vertex 84.6421 192.44 4
    endloop
  endfacet
  facet normal -0.991453 -0.130466 0
    outer loop
      vertex 84.7 192 0
      vertex 84.6421 192.44 4
      vertex 84.6421 192.44 0
    endloop
  endfacet
  facet normal -0.991453 -0.130466 0
    outer loop
      vertex 84.6421 192.44 4
      vertex 84.7 192 0
      vertex 84.7 192 4
    endloop
  endfacet
  facet normal -0.793352 -0.608763 0
    outer loop
      vertex 84.4722 192.85 0
      vertex 84.2021 193.202 4
      vertex 84.2021 193.202 0
    endloop
  endfacet
  facet normal -0.793352 -0.608763 0
    outer loop
      vertex 84.2021 193.202 4
      vertex 84.4722 192.85 0
      vertex 84.4722 192.85 4
    endloop
  endfacet
  facet normal -0.793352 0.608763 0
    outer loop
      vertex 84.2021 190.798 0
      vertex 84.4722 191.15 4
      vertex 84.4722 191.15 0
    endloop
  endfacet
  facet normal -0.793352 0.608763 0
    outer loop
      vertex 84.4722 191.15 4
      vertex 84.2021 190.798 0
      vertex 84.2021 190.798 4
    endloop
  endfacet
  facet normal 0.608512 -0.793545 0
    outer loop
      vertex 81.7979 193.202 0
      vertex 82.15 193.472 4
      vertex 81.7979 193.202 4
    endloop
  endfacet
  facet normal 0.608512 -0.793545 0
    outer loop
      vertex 82.15 193.472 4
      vertex 81.7979 193.202 0
      vertex 82.15 193.472 0
    endloop
  endfacet
  facet normal -0.608512 -0.793545 0
    outer loop
      vertex 83.85 193.472 0
      vertex 84.2021 193.202 4
      vertex 83.85 193.472 4
    endloop
  endfacet
  facet normal -0.608512 -0.793545 -0
    outer loop
      vertex 84.2021 193.202 4
      vertex 83.85 193.472 0
      vertex 84.2021 193.202 0
    endloop
  endfacet
  facet normal 0.793352 -0.608763 0
    outer loop
      vertex 81.5278 192.85 4
      vertex 81.7979 193.202 0
      vertex 81.7979 193.202 4
    endloop
  endfacet
  facet normal 0.793352 -0.608763 0
    outer loop
      vertex 81.7979 193.202 0
      vertex 81.5278 192.85 4
      vertex 81.5278 192.85 0
    endloop
  endfacet
  facet normal 0.383015 0.923742 -0
    outer loop
      vertex 82.56 190.358 0
      vertex 82.15 190.528 4
      vertex 82.56 190.358 4
    endloop
  endfacet
  facet normal 0.383015 0.923742 0
    outer loop
      vertex 82.15 190.528 4
      vertex 82.56 190.358 0
      vertex 82.15 190.528 0
    endloop
  endfacet
  facet normal 0.608512 0.793545 -0
    outer loop
      vertex 82.15 190.528 0
      vertex 81.7979 190.798 4
      vertex 82.15 190.528 4
    endloop
  endfacet
  facet normal 0.608512 0.793545 0
    outer loop
      vertex 81.7979 190.798 4
      vertex 82.15 190.528 0
      vertex 81.7979 190.798 0
    endloop
  endfacet
  facet normal -0.923822 0.382823 0
    outer loop
      vertex 84.4722 191.15 0
      vertex 84.6421 191.56 4
      vertex 84.6421 191.56 0
    endloop
  endfacet
  facet normal -0.923822 0.382823 0
    outer loop
      vertex 84.6421 191.56 4
      vertex 84.4722 191.15 0
      vertex 84.4722 191.15 4
    endloop
  endfacet
  facet normal -0.130688 0.991424 0
    outer loop
      vertex 83.44 190.358 0
      vertex 83 190.3 4
      vertex 83.44 190.358 4
    endloop
  endfacet
  facet normal -0.130688 0.991424 0
    outer loop
      vertex 83 190.3 4
      vertex 83.44 190.358 0
      vertex 83 190.3 0
    endloop
  endfacet
  facet normal -0.608512 0.793545 0
    outer loop
      vertex 84.2021 190.798 0
      vertex 83.85 190.528 4
      vertex 84.2021 190.798 4
    endloop
  endfacet
  facet normal -0.608512 0.793545 0
    outer loop
      vertex 83.85 190.528 4
      vertex 84.2021 190.798 0
      vertex 83.85 190.528 0
    endloop
  endfacet
  facet normal 0.383015 -0.923742 0
    outer loop
      vertex 82.15 193.472 0
      vertex 82.56 193.642 4
      vertex 82.15 193.472 4
    endloop
  endfacet
  facet normal 0.383015 -0.923742 0
    outer loop
      vertex 82.56 193.642 4
      vertex 82.15 193.472 0
      vertex 82.56 193.642 0
    endloop
  endfacet
  facet normal -0.383015 -0.923742 0
    outer loop
      vertex 83.44 193.642 0
      vertex 83.85 193.472 4
      vertex 83.44 193.642 4
    endloop
  endfacet
  facet normal -0.383015 -0.923742 -0
    outer loop
      vertex 83.85 193.472 4
      vertex 83.44 193.642 0
      vertex 83.85 193.472 0
    endloop
  endfacet
  facet normal 0.923822 -0.382823 0
    outer loop
      vertex 81.3579 192.44 4
      vertex 81.5278 192.85 0
      vertex 81.5278 192.85 4
    endloop
  endfacet
  facet normal 0.923822 -0.382823 0
    outer loop
      vertex 81.5278 192.85 0
      vertex 81.3579 192.44 4
      vertex 81.3579 192.44 0
    endloop
  endfacet
  facet normal -0.130688 -0.991424 0
    outer loop
      vertex 83 193.7 0
      vertex 83.44 193.642 4
      vertex 83 193.7 4
    endloop
  endfacet
  facet normal -0.130688 -0.991424 -0
    outer loop
      vertex 83.44 193.642 4
      vertex 83 193.7 0
      vertex 83.44 193.642 0
    endloop
  endfacet
  facet normal -0.991453 0.130466 0
    outer loop
      vertex 84.6421 191.56 0
      vertex 84.7 192 4
      vertex 84.7 192 0
    endloop
  endfacet
  facet normal -0.991453 0.130466 0
    outer loop
      vertex 84.7 192 4
      vertex 84.6421 191.56 0
      vertex 84.6421 191.56 4
    endloop
  endfacet
  facet normal 0.923822 0.382823 0
    outer loop
      vertex 81.5278 191.15 4
      vertex 81.3579 191.56 0
      vertex 81.3579 191.56 4
    endloop
  endfacet
  facet normal 0.923822 0.382823 0
    outer loop
      vertex 81.3579 191.56 0
      vertex 81.5278 191.15 4
      vertex 81.5278 191.15 0
    endloop
  endfacet
  facet normal 0.130688 0.991424 -0
    outer loop
      vertex 83 190.3 0
      vertex 82.56 190.358 4
      vertex 83 190.3 4
    endloop
  endfacet
  facet normal 0.130688 0.991424 0
    outer loop
      vertex 82.56 190.358 4
      vertex 83 190.3 0
      vertex 82.56 190.358 0
    endloop
  endfacet
  facet normal 0.991453 0.130466 0
    outer loop
      vertex 81.3579 191.56 4
      vertex 81.3 192 0
      vertex 81.3 192 4
    endloop
  endfacet
  facet normal 0.991453 0.130466 0
    outer loop
      vertex 81.3 192 0
      vertex 81.3579 191.56 4
      vertex 81.3579 191.56 0
    endloop
  endfacet
  facet normal 0.793352 0.608763 0
    outer loop
      vertex 81.7979 190.798 4
      vertex 81.5278 191.15 0
      vertex 81.5278 191.15 4
    endloop
  endfacet
  facet normal 0.793352 0.608763 0
    outer loop
      vertex 81.5278 191.15 0
      vertex 81.7979 190.798 4
      vertex 81.7979 190.798 0
    endloop
  endfacet
  facet normal 0.991453 -0.130466 0
    outer loop
      vertex 81.3 192 4
      vertex 81.3579 192.44 0
      vertex 81.3579 192.44 4
    endloop
  endfacet
  facet normal 0.991453 -0.130466 0
    outer loop
      vertex 81.3579 192.44 0
      vertex 81.3 192 4
      vertex 81.3 192 0
    endloop
  endfacet
  facet normal 0.383015 -0.923742 0
    outer loop
      vertex 39.15 180.472 0
      vertex 39.56 180.642 4
      vertex 39.15 180.472 4
    endloop
  endfacet
  facet normal 0.383015 -0.923742 0
    outer loop
      vertex 39.56 180.642 4
      vertex 39.15 180.472 0
      vertex 39.56 180.642 0
    endloop
  endfacet
  facet normal -0.923822 -0.382823 0
    outer loop
      vertex 41.6421 179.44 0
      vertex 41.4722 179.85 4
      vertex 41.4722 179.85 0
    endloop
  endfacet
  facet normal -0.923822 -0.382823 0
    outer loop
      vertex 41.4722 179.85 4
      vertex 41.6421 179.44 0
      vertex 41.6421 179.44 4
    endloop
  endfacet
  facet normal 0.923822 0.382823 0
    outer loop
      vertex 38.5278 178.15 4
      vertex 38.3579 178.56 0
      vertex 38.3579 178.56 4
    endloop
  endfacet
  facet normal 0.923822 0.382823 0
    outer loop
      vertex 38.3579 178.56 0
      vertex 38.5278 178.15 4
      vertex 38.5278 178.15 0
    endloop
  endfacet
  facet normal -0.793352 0.608763 0
    outer loop
      vertex 41.2021 177.798 0
      vertex 41.4722 178.15 4
      vertex 41.4722 178.15 0
    endloop
  endfacet
  facet normal -0.793352 0.608763 0
    outer loop
      vertex 41.4722 178.15 4
      vertex 41.2021 177.798 0
      vertex 41.2021 177.798 4
    endloop
  endfacet
  facet normal -0.991453 0.130466 0
    outer loop
      vertex 41.6421 178.56 0
      vertex 41.7 179 4
      vertex 41.7 179 0
    endloop
  endfacet
  facet normal -0.991453 0.130466 0
    outer loop
      vertex 41.7 179 4
      vertex 41.6421 178.56 0
      vertex 41.6421 178.56 4
    endloop
  endfacet
  facet normal 0.383015 0.923742 -0
    outer loop
      vertex 39.56 177.358 0
      vertex 39.15 177.528 4
      vertex 39.56 177.358 4
    endloop
  endfacet
  facet normal 0.383015 0.923742 0
    outer loop
      vertex 39.15 177.528 4
      vertex 39.56 177.358 0
      vertex 39.15 177.528 0
    endloop
  endfacet
  facet normal -0.991453 -0.130466 0
    outer loop
      vertex 41.7 179 0
      vertex 41.6421 179.44 4
      vertex 41.6421 179.44 0
    endloop
  endfacet
  facet normal -0.991453 -0.130466 0
    outer loop
      vertex 41.6421 179.44 4
      vertex 41.7 179 0
      vertex 41.7 179 4
    endloop
  endfacet
  facet normal -0.608512 0.793545 0
    outer loop
      vertex 41.2021 177.798 0
      vertex 40.85 177.528 4
      vertex 41.2021 177.798 4
    endloop
  endfacet
  facet normal -0.608512 0.793545 0
    outer loop
      vertex 40.85 177.528 4
      vertex 41.2021 177.798 0
      vertex 40.85 177.528 0
    endloop
  endfacet
  facet normal -0.608512 -0.793545 0
    outer loop
      vertex 40.85 180.472 0
      vertex 41.2021 180.202 4
      vertex 40.85 180.472 4
    endloop
  endfacet
  facet normal -0.608512 -0.793545 -0
    outer loop
      vertex 41.2021 180.202 4
      vertex 40.85 180.472 0
      vertex 41.2021 180.202 0
    endloop
  endfacet
  facet normal 0.923822 -0.382823 0
    outer loop
      vertex 38.3579 179.44 4
      vertex 38.5278 179.85 0
      vertex 38.5278 179.85 4
    endloop
  endfacet
  facet normal 0.923822 -0.382823 0
    outer loop
      vertex 38.5278 179.85 0
      vertex 38.3579 179.44 4
      vertex 38.3579 179.44 0
    endloop
  endfacet
  facet normal -0.793352 -0.608763 0
    outer loop
      vertex 41.4722 179.85 0
      vertex 41.2021 180.202 4
      vertex 41.2021 180.202 0
    endloop
  endfacet
  facet normal -0.793352 -0.608763 0
    outer loop
      vertex 41.2021 180.202 4
      vertex 41.4722 179.85 0
      vertex 41.4722 179.85 4
    endloop
  endfacet
  facet normal 0.793352 0.608763 0
    outer loop
      vertex 38.7979 177.798 4
      vertex 38.5278 178.15 0
      vertex 38.5278 178.15 4
    endloop
  endfacet
  facet normal 0.793352 0.608763 0
    outer loop
      vertex 38.5278 178.15 0
      vertex 38.7979 177.798 4
      vertex 38.7979 177.798 0
    endloop
  endfacet
  facet normal 0.991453 -0.130466 0
    outer loop
      vertex 38.3 179 4
      vertex 38.3579 179.44 0
      vertex 38.3579 179.44 4
    endloop
  endfacet
  facet normal 0.991453 -0.130466 0
    outer loop
      vertex 38.3579 179.44 0
      vertex 38.3 179 4
      vertex 38.3 179 0
    endloop
  endfacet
  facet normal -0.383015 -0.923742 0
    outer loop
      vertex 40.44 180.642 0
      vertex 40.85 180.472 4
      vertex 40.44 180.642 4
    endloop
  endfacet
  facet normal -0.383015 -0.923742 -0
    outer loop
      vertex 40.85 180.472 4
      vertex 40.44 180.642 0
      vertex 40.85 180.472 0
    endloop
  endfacet
  facet normal 0.793352 -0.608763 0
    outer loop
      vertex 38.5278 179.85 4
      vertex 38.7979 180.202 0
      vertex 38.7979 180.202 4
    endloop
  endfacet
  facet normal 0.793352 -0.608763 0
    outer loop
      vertex 38.7979 180.202 0
      vertex 38.5278 179.85 4
      vertex 38.5278 179.85 0
    endloop
  endfacet
  facet normal 0.991453 0.130466 0
    outer loop
      vertex 38.3579 178.56 4
      vertex 38.3 179 0
      vertex 38.3 179 4
    endloop
  endfacet
  facet normal 0.991453 0.130466 0
    outer loop
      vertex 38.3 179 0
      vertex 38.3579 178.56 4
      vertex 38.3579 178.56 0
    endloop
  endfacet
  facet normal 0.130688 0.991424 -0
    outer loop
      vertex 40 177.3 0
      vertex 39.56 177.358 4
      vertex 40 177.3 4
    endloop
  endfacet
  facet normal 0.130688 0.991424 0
    outer loop
      vertex 39.56 177.358 4
      vertex 40 177.3 0
      vertex 39.56 177.358 0
    endloop
  endfacet
  facet normal 0.608512 0.793545 -0
    outer loop
      vertex 39.15 177.528 0
      vertex 38.7979 177.798 4
      vertex 39.15 177.528 4
    endloop
  endfacet
  facet normal 0.608512 0.793545 0
    outer loop
      vertex 38.7979 177.798 4
      vertex 39.15 177.528 0
      vertex 38.7979 177.798 0
    endloop
  endfacet
  facet normal -0.923822 0.382823 0
    outer loop
      vertex 41.4722 178.15 0
      vertex 41.6421 178.56 4
      vertex 41.6421 178.56 0
    endloop
  endfacet
  facet normal -0.923822 0.382823 0
    outer loop
      vertex 41.6421 178.56 4
      vertex 41.4722 178.15 0
      vertex 41.4722 178.15 4
    endloop
  endfacet
  facet normal -0.130688 0.991424 0
    outer loop
      vertex 40.44 177.358 0
      vertex 40 177.3 4
      vertex 40.44 177.358 4
    endloop
  endfacet
  facet normal -0.130688 0.991424 0
    outer loop
      vertex 40 177.3 4
      vertex 40.44 177.358 0
      vertex 40 177.3 0
    endloop
  endfacet
  facet normal 0.608512 -0.793545 0
    outer loop
      vertex 38.7979 180.202 0
      vertex 39.15 180.472 4
      vertex 38.7979 180.202 4
    endloop
  endfacet
  facet normal 0.608512 -0.793545 0
    outer loop
      vertex 39.15 180.472 4
      vertex 38.7979 180.202 0
      vertex 39.15 180.472 0
    endloop
  endfacet
  facet normal -0.383015 0.923742 0
    outer loop
      vertex 40.85 177.528 0
      vertex 40.44 177.358 4
      vertex 40.85 177.528 4
    endloop
  endfacet
  facet normal -0.383015 0.923742 0
    outer loop
      vertex 40.44 177.358 4
      vertex 40.85 177.528 0
      vertex 40.44 177.358 0
    endloop
  endfacet
  facet normal -0.130688 -0.991424 0
    outer loop
      vertex 40 180.7 0
      vertex 40.44 180.642 4
      vertex 40 180.7 4
    endloop
  endfacet
  facet normal -0.130688 -0.991424 -0
    outer loop
      vertex 40.44 180.642 4
      vertex 40 180.7 0
      vertex 40.44 180.642 0
    endloop
  endfacet
  facet normal 0.130688 -0.991424 0
    outer loop
      vertex 39.56 180.642 0
      vertex 40 180.7 4
      vertex 39.56 180.642 4
    endloop
  endfacet
  facet normal 0.130688 -0.991424 0
    outer loop
      vertex 40 180.7 4
      vertex 39.56 180.642 0
      vertex 40 180.7 0
    endloop
  endfacet
  facet normal -0.383015 0.923742 0
    outer loop
      vertex 55.85 177.528 0
      vertex 55.44 177.358 4
      vertex 55.85 177.528 4
    endloop
  endfacet
  facet normal -0.383015 0.923742 0
    outer loop
      vertex 55.44 177.358 4
      vertex 55.85 177.528 0
      vertex 55.44 177.358 0
    endloop
  endfacet
  facet normal 0.130688 -0.991424 0
    outer loop
      vertex 54.56 180.642 0
      vertex 55 180.7 4
      vertex 54.56 180.642 4
    endloop
  endfacet
  facet normal 0.130688 -0.991424 0
    outer loop
      vertex 55 180.7 4
      vertex 54.56 180.642 0
      vertex 55 180.7 0
    endloop
  endfacet
  facet normal -0.923822 -0.382823 0
    outer loop
      vertex 56.6421 179.44 0
      vertex 56.4722 179.85 4
      vertex 56.4722 179.85 0
    endloop
  endfacet
  facet normal -0.923822 -0.382823 0
    outer loop
      vertex 56.4722 179.85 4
      vertex 56.6421 179.44 0
      vertex 56.6421 179.44 4
    endloop
  endfacet
  facet normal -0.991453 -0.130466 0
    outer loop
      vertex 56.7 179 0
      vertex 56.6421 179.44 4
      vertex 56.6421 179.44 0
    endloop
  endfacet
  facet normal -0.991453 -0.130466 0
    outer loop
      vertex 56.6421 179.44 4
      vertex 56.7 179 0
      vertex 56.7 179 4
    endloop
  endfacet
  facet normal -0.793352 -0.608763 0
    outer loop
      vertex 56.4722 179.85 0
      vertex 56.2021 180.202 4
      vertex 56.2021 180.202 0
    endloop
  endfacet
  facet normal -0.793352 -0.608763 0
    outer loop
      vertex 56.2021 180.202 4
      vertex 56.4722 179.85 0
      vertex 56.4722 179.85 4
    endloop
  endfacet
  facet normal -0.793352 0.608763 0
    outer loop
      vertex 56.2021 177.798 0
      vertex 56.4722 178.15 4
      vertex 56.4722 178.15 0
    endloop
  endfacet
  facet normal -0.793352 0.608763 0
    outer loop
      vertex 56.4722 178.15 4
      vertex 56.2021 177.798 0
      vertex 56.2021 177.798 4
    endloop
  endfacet
  facet normal 0.608512 -0.793545 0
    outer loop
      vertex 53.7979 180.202 0
      vertex 54.15 180.472 4
      vertex 53.7979 180.202 4
    endloop
  endfacet
  facet normal 0.608512 -0.793545 0
    outer loop
      vertex 54.15 180.472 4
      vertex 53.7979 180.202 0
      vertex 54.15 180.472 0
    endloop
  endfacet
  facet normal -0.608512 -0.793545 0
    outer loop
      vertex 55.85 180.472 0
      vertex 56.2021 180.202 4
      vertex 55.85 180.472 4
    endloop
  endfacet
  facet normal -0.608512 -0.793545 -0
    outer loop
      vertex 56.2021 180.202 4
      vertex 55.85 180.472 0
      vertex 56.2021 180.202 0
    endloop
  endfacet
  facet normal 0.793352 -0.608763 0
    outer loop
      vertex 53.5278 179.85 4
      vertex 53.7979 180.202 0
      vertex 53.7979 180.202 4
    endloop
  endfacet
  facet normal 0.793352 -0.608763 0
    outer loop
      vertex 53.7979 180.202 0
      vertex 53.5278 179.85 4
      vertex 53.5278 179.85 0
    endloop
  endfacet
  facet normal 0.383015 0.923742 -0
    outer loop
      vertex 54.56 177.358 0
      vertex 54.15 177.528 4
      vertex 54.56 177.358 4
    endloop
  endfacet
  facet normal 0.383015 0.923742 0
    outer loop
      vertex 54.15 177.528 4
      vertex 54.56 177.358 0
      vertex 54.15 177.528 0
    endloop
  endfacet
  facet normal 0.608512 0.793545 -0
    outer loop
      vertex 54.15 177.528 0
      vertex 53.7979 177.798 4
      vertex 54.15 177.528 4
    endloop
  endfacet
  facet normal 0.608512 0.793545 0
    outer loop
      vertex 53.7979 177.798 4
      vertex 54.15 177.528 0
      vertex 53.7979 177.798 0
    endloop
  endfacet
  facet normal -0.923822 0.382823 0
    outer loop
      vertex 56.4722 178.15 0
      vertex 56.6421 178.56 4
      vertex 56.6421 178.56 0
    endloop
  endfacet
  facet normal -0.923822 0.382823 0
    outer loop
      vertex 56.6421 178.56 4
      vertex 56.4722 178.15 0
      vertex 56.4722 178.15 4
    endloop
  endfacet
  facet normal -0.130688 0.991424 0
    outer loop
      vertex 55.44 177.358 0
      vertex 55 177.3 4
      vertex 55.44 177.358 4
    endloop
  endfacet
  facet normal -0.130688 0.991424 0
    outer loop
      vertex 55 177.3 4
      vertex 55.44 177.358 0
      vertex 55 177.3 0
    endloop
  endfacet
  facet normal -0.608512 0.793545 0
    outer loop
      vertex 56.2021 177.798 0
      vertex 55.85 177.528 4
      vertex 56.2021 177.798 4
    endloop
  endfacet
  facet normal -0.608512 0.793545 0
    outer loop
      vertex 55.85 177.528 4
      vertex 56.2021 177.798 0
      vertex 55.85 177.528 0
    endloop
  endfacet
  facet normal 0.383015 -0.923742 0
    outer loop
      vertex 54.15 180.472 0
      vertex 54.56 180.642 4
      vertex 54.15 180.472 4
    endloop
  endfacet
  facet normal 0.383015 -0.923742 0
    outer loop
      vertex 54.56 180.642 4
      vertex 54.15 180.472 0
      vertex 54.56 180.642 0
    endloop
  endfacet
  facet normal -0.383015 -0.923742 0
    outer loop
      vertex 55.44 180.642 0
      vertex 55.85 180.472 4
      vertex 55.44 180.642 4
    endloop
  endfacet
  facet normal -0.383015 -0.923742 -0
    outer loop
      vertex 55.85 180.472 4
      vertex 55.44 180.642 0
      vertex 55.85 180.472 0
    endloop
  endfacet
  facet normal 0.923822 -0.382823 0
    outer loop
      vertex 53.3579 179.44 4
      vertex 53.5278 179.85 0
      vertex 53.5278 179.85 4
    endloop
  endfacet
  facet normal 0.923822 -0.382823 0
    outer loop
      vertex 53.5278 179.85 0
      vertex 53.3579 179.44 4
      vertex 53.3579 179.44 0
    endloop
  endfacet
  facet normal -0.130688 -0.991424 0
    outer loop
      vertex 55 180.7 0
      vertex 55.44 180.642 4
      vertex 55 180.7 4
    endloop
  endfacet
  facet normal -0.130688 -0.991424 -0
    outer loop
      vertex 55.44 180.642 4
      vertex 55 180.7 0
      vertex 55.44 180.642 0
    endloop
  endfacet
  facet normal -0.991453 0.130466 0
    outer loop
      vertex 56.6421 178.56 0
      vertex 56.7 179 4
      vertex 56.7 179 0
    endloop
  endfacet
  facet normal -0.991453 0.130466 0
    outer loop
      vertex 56.7 179 4
      vertex 56.6421 178.56 0
      vertex 56.6421 178.56 4
    endloop
  endfacet
  facet normal 0.923822 0.382823 0
    outer loop
      vertex 53.5278 178.15 4
      vertex 53.3579 178.56 0
      vertex 53.3579 178.56 4
    endloop
  endfacet
  facet normal 0.923822 0.382823 0
    outer loop
      vertex 53.3579 178.56 0
      vertex 53.5278 178.15 4
      vertex 53.5278 178.15 0
    endloop
  endfacet
  facet normal 0.130688 0.991424 -0
    outer loop
      vertex 55 177.3 0
      vertex 54.56 177.358 4
      vertex 55 177.3 4
    endloop
  endfacet
  facet normal 0.130688 0.991424 0
    outer loop
      vertex 54.56 177.358 4
      vertex 55 177.3 0
      vertex 54.56 177.358 0
    endloop
  endfacet
  facet normal 0.991453 0.130466 0
    outer loop
      vertex 53.3579 178.56 4
      vertex 53.3 179 0
      vertex 53.3 179 4
    endloop
  endfacet
  facet normal 0.991453 0.130466 0
    outer loop
      vertex 53.3 179 0
      vertex 53.3579 178.56 4
      vertex 53.3579 178.56 0
    endloop
  endfacet
  facet normal 0.793352 0.608763 0
    outer loop
      vertex 53.7979 177.798 4
      vertex 53.5278 178.15 0
      vertex 53.5278 178.15 4
    endloop
  endfacet
  facet normal 0.793352 0.608763 0
    outer loop
      vertex 53.5278 178.15 0
      vertex 53.7979 177.798 4
      vertex 53.7979 177.798 0
    endloop
  endfacet
  facet normal 0.991453 -0.130466 0
    outer loop
      vertex 53.3 179 4
      vertex 53.3579 179.44 0
      vertex 53.3579 179.44 4
    endloop
  endfacet
  facet normal 0.991453 -0.130466 0
    outer loop
      vertex 53.3579 179.44 0
      vertex 53.3 179 4
      vertex 53.3 179 0
    endloop
  endfacet
  facet normal 0.383015 -0.923742 0
    outer loop
      vertex 39.15 198.472 0
      vertex 39.56 198.642 4
      vertex 39.15 198.472 4
    endloop
  endfacet
  facet normal 0.383015 -0.923742 0
    outer loop
      vertex 39.56 198.642 4
      vertex 39.15 198.472 0
      vertex 39.56 198.642 0
    endloop
  endfacet
  facet normal -0.923822 -0.382823 0
    outer loop
      vertex 41.6421 197.44 0
      vertex 41.4722 197.85 4
      vertex 41.4722 197.85 0
    endloop
  endfacet
  facet normal -0.923822 -0.382823 0
    outer loop
      vertex 41.4722 197.85 4
      vertex 41.6421 197.44 0
      vertex 41.6421 197.44 4
    endloop
  endfacet
  facet normal 0.923822 0.382823 0
    outer loop
      vertex 38.5278 196.15 4
      vertex 38.3579 196.56 0
      vertex 38.3579 196.56 4
    endloop
  endfacet
  facet normal 0.923822 0.382823 0
    outer loop
      vertex 38.3579 196.56 0
      vertex 38.5278 196.15 4
      vertex 38.5278 196.15 0
    endloop
  endfacet
  facet normal -0.793352 0.608763 0
    outer loop
      vertex 41.2021 195.798 0
      vertex 41.4722 196.15 4
      vertex 41.4722 196.15 0
    endloop
  endfacet
  facet normal -0.793352 0.608763 0
    outer loop
      vertex 41.4722 196.15 4
      vertex 41.2021 195.798 0
      vertex 41.2021 195.798 4
    endloop
  endfacet
  facet normal -0.991453 0.130466 0
    outer loop
      vertex 41.6421 196.56 0
      vertex 41.7 197 4
      vertex 41.7 197 0
    endloop
  endfacet
  facet normal -0.991453 0.130466 0
    outer loop
      vertex 41.7 197 4
      vertex 41.6421 196.56 0
      vertex 41.6421 196.56 4
    endloop
  endfacet
  facet normal 0.383015 0.923742 -0
    outer loop
      vertex 39.56 195.358 0
      vertex 39.15 195.528 4
      vertex 39.56 195.358 4
    endloop
  endfacet
  facet normal 0.383015 0.923742 0
    outer loop
      vertex 39.15 195.528 4
      vertex 39.56 195.358 0
      vertex 39.15 195.528 0
    endloop
  endfacet
  facet normal -0.991453 -0.130466 0
    outer loop
      vertex 41.7 197 0
      vertex 41.6421 197.44 4
      vertex 41.6421 197.44 0
    endloop
  endfacet
  facet normal -0.991453 -0.130466 0
    outer loop
      vertex 41.6421 197.44 4
      vertex 41.7 197 0
      vertex 41.7 197 4
    endloop
  endfacet
  facet normal -0.608512 0.793545 0
    outer loop
      vertex 41.2021 195.798 0
      vertex 40.85 195.528 4
      vertex 41.2021 195.798 4
    endloop
  endfacet
  facet normal -0.608512 0.793545 0
    outer loop
      vertex 40.85 195.528 4
      vertex 41.2021 195.798 0
      vertex 40.85 195.528 0
    endloop
  endfacet
  facet normal -0.608512 -0.793545 0
    outer loop
      vertex 40.85 198.472 0
      vertex 41.2021 198.202 4
      vertex 40.85 198.472 4
    endloop
  endfacet
  facet normal -0.608512 -0.793545 -0
    outer loop
      vertex 41.2021 198.202 4
      vertex 40.85 198.472 0
      vertex 41.2021 198.202 0
    endloop
  endfacet
  facet normal 0.923822 -0.382823 0
    outer loop
      vertex 38.3579 197.44 4
      vertex 38.5278 197.85 0
      vertex 38.5278 197.85 4
    endloop
  endfacet
  facet normal 0.923822 -0.382823 0
    outer loop
      vertex 38.5278 197.85 0
      vertex 38.3579 197.44 4
      vertex 38.3579 197.44 0
    endloop
  endfacet
  facet normal -0.793352 -0.608763 0
    outer loop
      vertex 41.4722 197.85 0
      vertex 41.2021 198.202 4
      vertex 41.2021 198.202 0
    endloop
  endfacet
  facet normal -0.793352 -0.608763 0
    outer loop
      vertex 41.2021 198.202 4
      vertex 41.4722 197.85 0
      vertex 41.4722 197.85 4
    endloop
  endfacet
  facet normal 0.793352 0.608763 0
    outer loop
      vertex 38.7979 195.798 4
      vertex 38.5278 196.15 0
      vertex 38.5278 196.15 4
    endloop
  endfacet
  facet normal 0.793352 0.608763 0
    outer loop
      vertex 38.5278 196.15 0
      vertex 38.7979 195.798 4
      vertex 38.7979 195.798 0
    endloop
  endfacet
  facet normal 0.991453 -0.130466 0
    outer loop
      vertex 38.3 197 4
      vertex 38.3579 197.44 0
      vertex 38.3579 197.44 4
    endloop
  endfacet
  facet normal 0.991453 -0.130466 0
    outer loop
      vertex 38.3579 197.44 0
      vertex 38.3 197 4
      vertex 38.3 197 0
    endloop
  endfacet
  facet normal -0.383015 -0.923742 0
    outer loop
      vertex 40.44 198.642 0
      vertex 40.85 198.472 4
      vertex 40.44 198.642 4
    endloop
  endfacet
  facet normal -0.383015 -0.923742 -0
    outer loop
      vertex 40.85 198.472 4
      vertex 40.44 198.642 0
      vertex 40.85 198.472 0
    endloop
  endfacet
  facet normal 0.793352 -0.608763 0
    outer loop
      vertex 38.5278 197.85 4
      vertex 38.7979 198.202 0
      vertex 38.7979 198.202 4
    endloop
  endfacet
  facet normal 0.793352 -0.608763 0
    outer loop
      vertex 38.7979 198.202 0
      vertex 38.5278 197.85 4
      vertex 38.5278 197.85 0
    endloop
  endfacet
  facet normal 0.991453 0.130466 0
    outer loop
      vertex 38.3579 196.56 4
      vertex 38.3 197 0
      vertex 38.3 197 4
    endloop
  endfacet
  facet normal 0.991453 0.130466 0
    outer loop
      vertex 38.3 197 0
      vertex 38.3579 196.56 4
      vertex 38.3579 196.56 0
    endloop
  endfacet
  facet normal 0.130688 0.991424 -0
    outer loop
      vertex 40 195.3 0
      vertex 39.56 195.358 4
      vertex 40 195.3 4
    endloop
  endfacet
  facet normal 0.130688 0.991424 0
    outer loop
      vertex 39.56 195.358 4
      vertex 40 195.3 0
      vertex 39.56 195.358 0
    endloop
  endfacet
  facet normal 0.608512 0.793545 -0
    outer loop
      vertex 39.15 195.528 0
      vertex 38.7979 195.798 4
      vertex 39.15 195.528 4
    endloop
  endfacet
  facet normal 0.608512 0.793545 0
    outer loop
      vertex 38.7979 195.798 4
      vertex 39.15 195.528 0
      vertex 38.7979 195.798 0
    endloop
  endfacet
  facet normal -0.923822 0.382823 0
    outer loop
      vertex 41.4722 196.15 0
      vertex 41.6421 196.56 4
      vertex 41.6421 196.56 0
    endloop
  endfacet
  facet normal -0.923822 0.382823 0
    outer loop
      vertex 41.6421 196.56 4
      vertex 41.4722 196.15 0
      vertex 41.4722 196.15 4
    endloop
  endfacet
  facet normal -0.130688 0.991424 0
    outer loop
      vertex 40.44 195.358 0
      vertex 40 195.3 4
      vertex 40.44 195.358 4
    endloop
  endfacet
  facet normal -0.130688 0.991424 0
    outer loop
      vertex 40 195.3 4
      vertex 40.44 195.358 0
      vertex 40 195.3 0
    endloop
  endfacet
  facet normal 0.608512 -0.793545 0
    outer loop
      vertex 38.7979 198.202 0
      vertex 39.15 198.472 4
      vertex 38.7979 198.202 4
    endloop
  endfacet
  facet normal 0.608512 -0.793545 0
    outer loop
      vertex 39.15 198.472 4
      vertex 38.7979 198.202 0
      vertex 39.15 198.472 0
    endloop
  endfacet
  facet normal -0.383015 0.923742 0
    outer loop
      vertex 40.85 195.528 0
      vertex 40.44 195.358 4
      vertex 40.85 195.528 4
    endloop
  endfacet
  facet normal -0.383015 0.923742 0
    outer loop
      vertex 40.44 195.358 4
      vertex 40.85 195.528 0
      vertex 40.44 195.358 0
    endloop
  endfacet
  facet normal -0.130688 -0.991424 0
    outer loop
      vertex 40 198.7 0
      vertex 40.44 198.642 4
      vertex 40 198.7 4
    endloop
  endfacet
  facet normal -0.130688 -0.991424 -0
    outer loop
      vertex 40.44 198.642 4
      vertex 40 198.7 0
      vertex 40.44 198.642 0
    endloop
  endfacet
  facet normal 0.130688 -0.991424 0
    outer loop
      vertex 39.56 198.642 0
      vertex 40 198.7 4
      vertex 39.56 198.642 4
    endloop
  endfacet
  facet normal 0.130688 -0.991424 0
    outer loop
      vertex 40 198.7 4
      vertex 39.56 198.642 0
      vertex 40 198.7 0
    endloop
  endfacet
  facet normal -0.383015 0.923742 0
    outer loop
      vertex 55.85 195.528 0
      vertex 55.44 195.358 4
      vertex 55.85 195.528 4
    endloop
  endfacet
  facet normal -0.383015 0.923742 0
    outer loop
      vertex 55.44 195.358 4
      vertex 55.85 195.528 0
      vertex 55.44 195.358 0
    endloop
  endfacet
  facet normal 0.130688 -0.991424 0
    outer loop
      vertex 54.56 198.642 0
      vertex 55 198.7 4
      vertex 54.56 198.642 4
    endloop
  endfacet
  facet normal 0.130688 -0.991424 0
    outer loop
      vertex 55 198.7 4
      vertex 54.56 198.642 0
      vertex 55 198.7 0
    endloop
  endfacet
  facet normal -0.923822 -0.382823 0
    outer loop
      vertex 56.6421 197.44 0
      vertex 56.4722 197.85 4
      vertex 56.4722 197.85 0
    endloop
  endfacet
  facet normal -0.923822 -0.382823 0
    outer loop
      vertex 56.4722 197.85 4
      vertex 56.6421 197.44 0
      vertex 56.6421 197.44 4
    endloop
  endfacet
  facet normal -0.991453 -0.130466 0
    outer loop
      vertex 56.7 197 0
      vertex 56.6421 197.44 4
      vertex 56.6421 197.44 0
    endloop
  endfacet
  facet normal -0.991453 -0.130466 0
    outer loop
      vertex 56.6421 197.44 4
      vertex 56.7 197 0
      vertex 56.7 197 4
    endloop
  endfacet
  facet normal -0.793352 -0.608763 0
    outer loop
      vertex 56.4722 197.85 0
      vertex 56.2021 198.202 4
      vertex 56.2021 198.202 0
    endloop
  endfacet
  facet normal -0.793352 -0.608763 0
    outer loop
      vertex 56.2021 198.202 4
      vertex 56.4722 197.85 0
      vertex 56.4722 197.85 4
    endloop
  endfacet
  facet normal -0.793352 0.608763 0
    outer loop
      vertex 56.2021 195.798 0
      vertex 56.4722 196.15 4
      vertex 56.4722 196.15 0
    endloop
  endfacet
  facet normal -0.793352 0.608763 0
    outer loop
      vertex 56.4722 196.15 4
      vertex 56.2021 195.798 0
      vertex 56.2021 195.798 4
    endloop
  endfacet
  facet normal 0.608512 -0.793545 0
    outer loop
      vertex 53.7979 198.202 0
      vertex 54.15 198.472 4
      vertex 53.7979 198.202 4
    endloop
  endfacet
  facet normal 0.608512 -0.793545 0
    outer loop
      vertex 54.15 198.472 4
      vertex 53.7979 198.202 0
      vertex 54.15 198.472 0
    endloop
  endfacet
  facet normal -0.608512 -0.793545 0
    outer loop
      vertex 55.85 198.472 0
      vertex 56.2021 198.202 4
      vertex 55.85 198.472 4
    endloop
  endfacet
  facet normal -0.608512 -0.793545 -0
    outer loop
      vertex 56.2021 198.202 4
      vertex 55.85 198.472 0
      vertex 56.2021 198.202 0
    endloop
  endfacet
  facet normal 0.793352 -0.608763 0
    outer loop
      vertex 53.5278 197.85 4
      vertex 53.7979 198.202 0
      vertex 53.7979 198.202 4
    endloop
  endfacet
  facet normal 0.793352 -0.608763 0
    outer loop
      vertex 53.7979 198.202 0
      vertex 53.5278 197.85 4
      vertex 53.5278 197.85 0
    endloop
  endfacet
  facet normal 0.383015 0.923742 -0
    outer loop
      vertex 54.56 195.358 0
      vertex 54.15 195.528 4
      vertex 54.56 195.358 4
    endloop
  endfacet
  facet normal 0.383015 0.923742 0
    outer loop
      vertex 54.15 195.528 4
      vertex 54.56 195.358 0
      vertex 54.15 195.528 0
    endloop
  endfacet
  facet normal 0.608512 0.793545 -0
    outer loop
      vertex 54.15 195.528 0
      vertex 53.7979 195.798 4
      vertex 54.15 195.528 4
    endloop
  endfacet
  facet normal 0.608512 0.793545 0
    outer loop
      vertex 53.7979 195.798 4
      vertex 54.15 195.528 0
      vertex 53.7979 195.798 0
    endloop
  endfacet
  facet normal -0.923822 0.382823 0
    outer loop
      vertex 56.4722 196.15 0
      vertex 56.6421 196.56 4
      vertex 56.6421 196.56 0
    endloop
  endfacet
  facet normal -0.923822 0.382823 0
    outer loop
      vertex 56.6421 196.56 4
      vertex 56.4722 196.15 0
      vertex 56.4722 196.15 4
    endloop
  endfacet
  facet normal -0.130688 0.991424 0
    outer loop
      vertex 55.44 195.358 0
      vertex 55 195.3 4
      vertex 55.44 195.358 4
    endloop
  endfacet
  facet normal -0.130688 0.991424 0
    outer loop
      vertex 55 195.3 4
      vertex 55.44 195.358 0
      vertex 55 195.3 0
    endloop
  endfacet
  facet normal -0.608512 0.793545 0
    outer loop
      vertex 56.2021 195.798 0
      vertex 55.85 195.528 4
      vertex 56.2021 195.798 4
    endloop
  endfacet
  facet normal -0.608512 0.793545 0
    outer loop
      vertex 55.85 195.528 4
      vertex 56.2021 195.798 0
      vertex 55.85 195.528 0
    endloop
  endfacet
  facet normal 0.383015 -0.923742 0
    outer loop
      vertex 54.15 198.472 0
      vertex 54.56 198.642 4
      vertex 54.15 198.472 4
    endloop
  endfacet
  facet normal 0.383015 -0.923742 0
    outer loop
      vertex 54.56 198.642 4
      vertex 54.15 198.472 0
      vertex 54.56 198.642 0
    endloop
  endfacet
  facet normal -0.383015 -0.923742 0
    outer loop
      vertex 55.44 198.642 0
      vertex 55.85 198.472 4
      vertex 55.44 198.642 4
    endloop
  endfacet
  facet normal -0.383015 -0.923742 -0
    outer loop
      vertex 55.85 198.472 4
      vertex 55.44 198.642 0
      vertex 55.85 198.472 0
    endloop
  endfacet
  facet normal 0.923822 -0.382823 0
    outer loop
      vertex 53.3579 197.44 4
      vertex 53.5278 197.85 0
      vertex 53.5278 197.85 4
    endloop
  endfacet
  facet normal 0.923822 -0.382823 0
    outer loop
      vertex 53.5278 197.85 0
      vertex 53.3579 197.44 4
      vertex 53.3579 197.44 0
    endloop
  endfacet
  facet normal -0.130688 -0.991424 0
    outer loop
      vertex 55 198.7 0
      vertex 55.44 198.642 4
      vertex 55 198.7 4
    endloop
  endfacet
  facet normal -0.130688 -0.991424 -0
    outer loop
      vertex 55.44 198.642 4
      vertex 55 198.7 0
      vertex 55.44 198.642 0
    endloop
  endfacet
  facet normal -0.991453 0.130466 0
    outer loop
      vertex 56.6421 196.56 0
      vertex 56.7 197 4
      vertex 56.7 197 0
    endloop
  endfacet
  facet normal -0.991453 0.130466 0
    outer loop
      vertex 56.7 197 4
      vertex 56.6421 196.56 0
      vertex 56.6421 196.56 4
    endloop
  endfacet
  facet normal 0.923822 0.382823 0
    outer loop
      vertex 53.5278 196.15 4
      vertex 53.3579 196.56 0
      vertex 53.3579 196.56 4
    endloop
  endfacet
  facet normal 0.923822 0.382823 0
    outer loop
      vertex 53.3579 196.56 0
      vertex 53.5278 196.15 4
      vertex 53.5278 196.15 0
    endloop
  endfacet
  facet normal 0.130688 0.991424 -0
    outer loop
      vertex 55 195.3 0
      vertex 54.56 195.358 4
      vertex 55 195.3 4
    endloop
  endfacet
  facet normal 0.130688 0.991424 0
    outer loop
      vertex 54.56 195.358 4
      vertex 55 195.3 0
      vertex 54.56 195.358 0
    endloop
  endfacet
  facet normal 0.991453 0.130466 0
    outer loop
      vertex 53.3579 196.56 4
      vertex 53.3 197 0
      vertex 53.3 197 4
    endloop
  endfacet
  facet normal 0.991453 0.130466 0
    outer loop
      vertex 53.3 197 0
      vertex 53.3579 196.56 4
      vertex 53.3579 196.56 0
    endloop
  endfacet
  facet normal 0.793352 0.608763 0
    outer loop
      vertex 53.7979 195.798 4
      vertex 53.5278 196.15 0
      vertex 53.5278 196.15 4
    endloop
  endfacet
  facet normal 0.793352 0.608763 0
    outer loop
      vertex 53.5278 196.15 0
      vertex 53.7979 195.798 4
      vertex 53.7979 195.798 0
    endloop
  endfacet
  facet normal 0.991453 -0.130466 0
    outer loop
      vertex 53.3 197 4
      vertex 53.3579 197.44 0
      vertex 53.3579 197.44 4
    endloop
  endfacet
  facet normal 0.991453 -0.130466 0
    outer loop
      vertex 53.3579 197.44 0
      vertex 53.3 197 4
      vertex 53.3 197 0
    endloop
  endfacet
  facet normal 1 -0 0
    outer loop
      vertex 95 112 4
      vertex 95 198 0
      vertex 95 198 4
    endloop
  endfacet
  facet normal 1 0 0
    outer loop
      vertex 95 198 0
      vertex 95 112 4
      vertex 95 112 0
    endloop
  endfacet
  facet normal -0.995189 0.0979722 0
    outer loop
      vertex 0 198 0
      vertex 0.11528 199.171 4
      vertex 0.11528 199.171 0
    endloop
  endfacet
  facet normal -0.995189 0.0979722 0
    outer loop
      vertex 0.11528 199.171 4
      vertex 0 198 0
      vertex 0 198 4
    endloop
  endfacet
  facet normal 0.4711 0.88208 -0
    outer loop
      vertex 92.3334 202.989 0
      vertex 91.2961 203.543 4
      vertex 92.3334 202.989 4
    endloop
  endfacet
  facet normal 0.4711 0.88208 0
    outer loop
      vertex 91.2961 203.543 4
      vertex 92.3334 202.989 0
      vertex 91.2961 203.543 0
    endloop
  endfacet
  facet normal -0.0977737 0.995209 0
    outer loop
      vertex 6 204 0
      vertex 4.82945 203.885 4
      vertex 6 204 4
    endloop
  endfacet
  facet normal -0.0977737 0.995209 0
    outer loop
      vertex 4.82945 203.885 4
      vertex 6 204 0
      vertex 4.82945 203.885 0
    endloop
  endfacet
  facet normal 0.881846 0.471537 0
    outer loop
      vertex 94.5433 200.296 4
      vertex 93.9888 201.333 0
      vertex 93.9888 201.333 4
    endloop
  endfacet
  facet normal 0.881846 0.471537 0
    outer loop
      vertex 93.9888 201.333 0
      vertex 94.5433 200.296 4
      vertex 94.5433 200.296 0
    endloop
  endfacet
  facet normal -0.773276 0.634069 0
    outer loop
      vertex 1.01117 201.333 0
      vertex 1.75735 202.243 4
      vertex 1.75735 202.243 0
    endloop
  endfacet
  facet normal -0.773276 0.634069 0
    outer loop
      vertex 1.75735 202.243 4
      vertex 1.01117 201.333 0
      vertex 1.01117 201.333 4
    endloop
  endfacet
  facet normal -0.290725 0.956807 0
    outer loop
      vertex 4.82945 203.885 0
      vertex 3.70389 203.543 4
      vertex 4.82945 203.885 4
    endloop
  endfacet
  facet normal -0.290725 0.956807 0
    outer loop
      vertex 3.70389 203.543 4
      vertex 4.82945 203.885 0
      vertex 3.70389 203.543 0
    endloop
  endfacet
  facet normal -1 0 0
    outer loop
      vertex 0 112 0
      vertex 0 198 4
      vertex 0 198 0
    endloop
  endfacet
  facet normal -1 -0 0
    outer loop
      vertex 0 198 4
      vertex 0 112 0
      vertex 0 112 4
    endloop
  endfacet
  facet normal 0 1 -0
    outer loop
      vertex 89 204 0
      vertex 6 204 4
      vertex 89 204 4
    endloop
  endfacet
  facet normal 0 1 0
    outer loop
      vertex 6 204 4
      vertex 89 204 0
      vertex 6 204 0
    endloop
  endfacet
  facet normal -0.634307 0.773081 0
    outer loop
      vertex 2.66656 202.989 0
      vertex 1.75735 202.243 4
      vertex 2.66656 202.989 4
    endloop
  endfacet
  facet normal -0.634307 0.773081 0
    outer loop
      vertex 1.75735 202.243 4
      vertex 2.66656 202.989 0
      vertex 1.75735 202.243 0
    endloop
  endfacet
  facet normal -0.881861 0.47151 0
    outer loop
      vertex 0.456711 200.296 0
      vertex 1.01117 201.333 4
      vertex 1.01117 201.333 0
    endloop
  endfacet
  facet normal -0.881861 0.47151 0
    outer loop
      vertex 1.01117 201.333 4
      vertex 0.456711 200.296 0
      vertex 0.456711 200.296 4
    endloop
  endfacet
  facet normal 0.773268 0.63408 0
    outer loop
      vertex 93.9888 201.333 4
      vertex 93.2426 202.243 0
      vertex 93.2426 202.243 4
    endloop
  endfacet
  facet normal 0.773268 0.63408 0
    outer loop
      vertex 93.2426 202.243 0
      vertex 93.9888 201.333 4
      vertex 93.9888 201.333 0
    endloop
  endfacet
  facet normal -0.956901 0.290414 0
    outer loop
      vertex 0.11528 199.171 0
      vertex 0.456711 200.296 4
      vertex 0.456711 200.296 0
    endloop
  endfacet
  facet normal -0.956901 0.290414 0
    outer loop
      vertex 0.456711 200.296 4
      vertex 0.11528 199.171 0
      vertex 0.11528 199.171 4
    endloop
  endfacet
  facet normal 0.956908 0.29039 0
    outer loop
      vertex 94.8847 199.171 4
      vertex 94.5433 200.296 0
      vertex 94.5433 200.296 4
    endloop
  endfacet
  facet normal 0.956908 0.29039 0
    outer loop
      vertex 94.5433 200.296 0
      vertex 94.8847 199.171 4
      vertex 94.8847 199.171 0
    endloop
  endfacet
  facet normal 0.995187 0.097989 0
    outer loop
      vertex 95 198 4
      vertex 94.8847 199.171 0
      vertex 94.8847 199.171 4
    endloop
  endfacet
  facet normal 0.995187 0.097989 0
    outer loop
      vertex 94.8847 199.171 0
      vertex 95 198 4
      vertex 95 198 0
    endloop
  endfacet
  facet normal 0.290715 0.95681 -0
    outer loop
      vertex 91.2961 203.543 0
      vertex 90.1705 203.885 4
      vertex 91.2961 203.543 4
    endloop
  endfacet
  facet normal 0.290715 0.95681 0
    outer loop
      vertex 90.1705 203.885 4
      vertex 91.2961 203.543 0
      vertex 90.1705 203.885 0
    endloop
  endfacet
  facet normal 0.0977778 0.995208 -0
    outer loop
      vertex 90.1705 203.885 0
      vertex 89 204 4
      vertex 90.1705 203.885 4
    endloop
  endfacet
  facet normal 0.0977778 0.995208 0
    outer loop
      vertex 89 204 4
      vertex 90.1705 203.885 0
      vertex 89 204 0
    endloop
  endfacet
  facet normal 0 0 1
    outer loop
      vertex 12.1421 128.56 4
      vertex 17.5 131 4
      vertex 12.2 129 4
    endloop
  endfacet
  facet normal 0 0 1
    outer loop
      vertex 10.7979 190.798 4
      vertex 15.138 164.875 4
      vertex 11.15 190.528 4
    endloop
  endfacet
  facet normal 0 0 1
    outer loop
      vertex 14.85 163.8 4
      vertex 11.9722 129.85 4
      vertex 12.1421 129.44 4
    endloop
  endfacet
  facet normal 0 0 1
    outer loop
      vertex 14.85 163.8 4
      vertex 7.50459 141.525 4
      vertex 11.9722 129.85 4
    endloop
  endfacet
  facet normal 0 0 1
    outer loop
      vertex 15.138 164.875 4
      vertex 10.7979 190.798 4
      vertex 14.9233 164.356 4
    endloop
  endfacet
  facet normal -0 -0 1
    outer loop
      vertex 7.6 140.8 4
      vertex 11.9722 129.85 4
      vertex 7.50459 141.525 4
    endloop
  endfacet
  facet normal 0 0 1
    outer loop
      vertex 0 198 4
      vertex 14.9233 164.356 4
      vertex 10.7979 190.798 4
    endloop
  endfacet
  facet normal 0 0 1
    outer loop
      vertex 11.9722 129.85 4
      vertex 7.6 140.8 4
      vertex 11.7021 130.202 4
    endloop
  endfacet
  facet normal 0 -0 1
    outer loop
      vertex 2.8201 142.78 4
      vertex 14.9233 164.356 4
      vertex 0 198 4
    endloop
  endfacet
  facet normal 0 0 1
    outer loop
      vertex 0 198 4
      vertex 10.7979 190.798 4
      vertex 10.5278 191.15 4
    endloop
  endfacet
  facet normal -0 0 1
    outer loop
      vertex 7.50459 140.075 4
      vertex 11.7021 130.202 4
      vertex 7.6 140.8 4
    endloop
  endfacet
  facet normal 0 0 1
    outer loop
      vertex 0 198 4
      vertex 10.5278 191.15 4
      vertex 10.3579 191.56 4
    endloop
  endfacet
  facet normal 0 0 1
    outer loop
      vertex 0 198 4
      vertex 10.3579 191.56 4
      vertex 10.3 192 4
    endloop
  endfacet
  facet normal 0 0 1
    outer loop
      vertex 11.7021 130.202 4
      vertex 7.50459 140.075 4
      vertex 11.35 130.472 4
    endloop
  endfacet
  facet normal 0 0 1
    outer loop
      vertex 11.56 190.358 4
      vertex 15.925 165.662 4
      vertex 12 190.3 4
    endloop
  endfacet
  facet normal 0 0 1
    outer loop
      vertex 15.925 165.662 4
      vertex 11.56 190.358 4
      vertex 15.4797 165.32 4
    endloop
  endfacet
  facet normal 0 0 1
    outer loop
      vertex 11.15 190.528 4
      vertex 15.4797 165.32 4
      vertex 11.56 190.358 4
    endloop
  endfacet
  facet normal 0 0 1
    outer loop
      vertex 15.4797 165.32 4
      vertex 11.15 190.528 4
      vertex 15.138 164.875 4
    endloop
  endfacet
  facet normal 0 0 1
    outer loop
      vertex 12.1421 129.44 4
      vertex 14.85 151.8 4
      vertex 14.85 163.8 4
    endloop
  endfacet
  facet normal 0 -0 1
    outer loop
      vertex 12.2 129 4
      vertex 17.5 131 4
      vertex 12.1421 129.44 4
    endloop
  endfacet
  facet normal 0 0 1
    outer loop
      vertex 17.5 131 4
      vertex 12.1421 128.56 4
      vertex 14.5 124.5 4
    endloop
  endfacet
  facet normal -0 0 1
    outer loop
      vertex 11.9722 128.15 4
      vertex 14.5 124.5 4
      vertex 12.1421 128.56 4
    endloop
  endfacet
  facet normal -0 0 1
    outer loop
      vertex 11.7021 127.798 4
      vertex 14.5 124.5 4
      vertex 11.9722 128.15 4
    endloop
  endfacet
  facet normal -0 0 1
    outer loop
      vertex 11.35 127.528 4
      vertex 14.5 124.5 4
      vertex 11.7021 127.798 4
    endloop
  endfacet
  facet normal -0 0 1
    outer loop
      vertex 10.94 127.358 4
      vertex 14.5 124.5 4
      vertex 11.35 127.528 4
    endloop
  endfacet
  facet normal 0 0 1
    outer loop
      vertex 8.5 124.5 4
      vertex 10.94 127.358 4
      vertex 10.5 127.3 4
    endloop
  endfacet
  facet normal 0 0 1
    outer loop
      vertex 8.5 124.5 4
      vertex 10.5 127.3 4
      vertex 10.06 127.358 4
    endloop
  endfacet
  facet normal 0 0 1
    outer loop
      vertex 8.5 124.5 4
      vertex 10.06 127.358 4
      vertex 9.65 127.528 4
    endloop
  endfacet
  facet normal 0 0 1
    outer loop
      vertex 10.94 127.358 4
      vertex 8.5 124.5 4
      vertex 14.5 124.5 4
    endloop
  endfacet
  facet normal 0 0 1
    outer loop
      vertex 9.29792 127.798 4
      vertex 8.5 124.5 4
      vertex 9.65 127.528 4
    endloop
  endfacet
  facet normal 0 0 1
    outer loop
      vertex 9.02776 128.15 4
      vertex 8.5 124.5 4
      vertex 9.29792 127.798 4
    endloop
  endfacet
  facet normal 0 0 1
    outer loop
      vertex 8.85793 128.56 4
      vertex 8.5 124.5 4
      vertex 9.02776 128.15 4
    endloop
  endfacet
  facet normal 0 0 1
    outer loop
      vertex 8.5 124.5 4
      vertex 8.85793 128.56 4
      vertex 8.8 129 4
    endloop
  endfacet
  facet normal -0 0 1
    outer loop
      vertex 18.862 162.725 4
      vertex 28.5 146.5 4
      vertex 19.0767 163.244 4
    endloop
  endfacet
  facet normal 0 0 1
    outer loop
      vertex 28.5 146.5 4
      vertex 19.0767 152.356 4
      vertex 19.15 151.8 4
    endloop
  endfacet
  facet normal -0 0 1
    outer loop
      vertex 18.862 152.875 4
      vertex 28.5 146.5 4
      vertex 18.862 162.725 4
    endloop
  endfacet
  facet normal 0 0 1
    outer loop
      vertex 28.5 146.5 4
      vertex 18.862 152.875 4
      vertex 19.0767 152.356 4
    endloop
  endfacet
  facet normal -0 0 1
    outer loop
      vertex 18.5203 162.28 4
      vertex 18.862 152.875 4
      vertex 18.862 162.725 4
    endloop
  endfacet
  facet normal 0 0 1
    outer loop
      vertex 18.5203 162.28 4
      vertex 18.5203 153.32 4
      vertex 18.862 152.875 4
    endloop
  endfacet
  facet normal -0 0 1
    outer loop
      vertex 18.075 161.938 4
      vertex 18.5203 153.32 4
      vertex 18.5203 162.28 4
    endloop
  endfacet
  facet normal 0 0 1
    outer loop
      vertex 18.075 161.938 4
      vertex 18.075 153.662 4
      vertex 18.5203 153.32 4
    endloop
  endfacet
  facet normal -0 0 1
    outer loop
      vertex 17.5565 161.723 4
      vertex 18.075 153.662 4
      vertex 18.075 161.938 4
    endloop
  endfacet
  facet normal 0 0 1
    outer loop
      vertex 17.5565 161.723 4
      vertex 17.5565 153.877 4
      vertex 18.075 153.662 4
    endloop
  endfacet
  facet normal -0 0 1
    outer loop
      vertex 17 161.65 4
      vertex 17.5565 153.877 4
      vertex 17.5565 161.723 4
    endloop
  endfacet
  facet normal 0 0 1
    outer loop
      vertex 17 161.65 4
      vertex 17 153.95 4
      vertex 17.5565 153.877 4
    endloop
  endfacet
  facet normal 0 0 1
    outer loop
      vertex 16.4435 161.723 4
      vertex 17 153.95 4
      vertex 17 161.65 4
    endloop
  endfacet
  facet normal 0 0 1
    outer loop
      vertex 16.4435 161.723 4
      vertex 16.4435 153.877 4
      vertex 17 153.95 4
    endloop
  endfacet
  facet normal 0 0 1
    outer loop
      vertex 15.925 161.938 4
      vertex 16.4435 153.877 4
      vertex 16.4435 161.723 4
    endloop
  endfacet
  facet normal 0 0 1
    outer loop
      vertex 15.925 161.938 4
      vertex 15.925 153.662 4
      vertex 16.4435 153.877 4
    endloop
  endfacet
  facet normal 0 0 1
    outer loop
      vertex 15.4797 162.28 4
      vertex 15.925 153.662 4
      vertex 15.925 161.938 4
    endloop
  endfacet
  facet normal 0 0 1
    outer loop
      vertex 15.4797 162.28 4
      vertex 15.4797 153.32 4
      vertex 15.925 153.662 4
    endloop
  endfacet
  facet normal 0 0 1
    outer loop
      vertex 15.138 162.725 4
      vertex 15.4797 153.32 4
      vertex 15.4797 162.28 4
    endloop
  endfacet
  facet normal 0 0 1
    outer loop
      vertex 15.138 162.725 4
      vertex 15.138 152.875 4
      vertex 15.4797 153.32 4
    endloop
  endfacet
  facet normal 0 0 1
    outer loop
      vertex 14.9233 163.244 4
      vertex 15.138 152.875 4
      vertex 15.138 162.725 4
    endloop
  endfacet
  facet normal 0 0 1
    outer loop
      vertex 14.9233 163.244 4
      vertex 14.9233 152.356 4
      vertex 15.138 152.875 4
    endloop
  endfacet
  facet normal 0 0 1
    outer loop
      vertex 14.85 163.8 4
      vertex 14.9233 152.356 4
      vertex 14.9233 163.244 4
    endloop
  endfacet
  facet normal 0 0 1
    outer loop
      vertex 14.9233 152.356 4
      vertex 14.85 163.8 4
      vertex 14.85 151.8 4
    endloop
  endfacet
  facet normal 0 0 1
    outer loop
      vertex 16.4435 165.877 4
      vertex 19.975 186.293 4
      vertex 19.1362 186.936 4
    endloop
  endfacet
  facet normal 0 0 1
    outer loop
      vertex 19.975 186.293 4
      vertex 19.0767 164.356 4
      vertex 19.15 163.8 4
    endloop
  endfacet
  facet normal 0 0 1
    outer loop
      vertex 19.975 186.293 4
      vertex 18.862 164.875 4
      vertex 19.0767 164.356 4
    endloop
  endfacet
  facet normal 0 0 1
    outer loop
      vertex 19.975 186.293 4
      vertex 18.5203 165.32 4
      vertex 18.862 164.875 4
    endloop
  endfacet
  facet normal 0 0 1
    outer loop
      vertex 17.95 189.8 4
      vertex 13.2021 190.798 4
      vertex 18.088 188.752 4
    endloop
  endfacet
  facet normal -0 0 1
    outer loop
      vertex 13.4722 191.15 4
      vertex 17.95 189.8 4
      vertex 13.6421 191.56 4
    endloop
  endfacet
  facet normal 0 0 1
    outer loop
      vertex 19.975 186.293 4
      vertex 18.075 165.662 4
      vertex 18.5203 165.32 4
    endloop
  endfacet
  facet normal 0 0 1
    outer loop
      vertex 18.088 190.848 4
      vertex 13.6421 191.56 4
      vertex 17.95 189.8 4
    endloop
  endfacet
  facet normal 0 0 1
    outer loop
      vertex 19.975 186.293 4
      vertex 17.5565 165.877 4
      vertex 18.075 165.662 4
    endloop
  endfacet
  facet normal 0 0 1
    outer loop
      vertex 26.9 191.6 4
      vertex 25.912 190.848 4
      vertex 26.05 189.8 4
    endloop
  endfacet
  facet normal 0 0 1
    outer loop
      vertex 25.5074 191.825 4
      vertex 26.05 191.828 4
      vertex 25.6979 192.098 4
    endloop
  endfacet
  facet normal 0 0 1
    outer loop
      vertex 26.05 191.828 4
      vertex 25.5074 191.825 4
      vertex 25.912 190.848 4
    endloop
  endfacet
  facet normal 0 0 1
    outer loop
      vertex 25.4278 192.45 4
      vertex 25.5074 191.825 4
      vertex 25.6979 192.098 4
    endloop
  endfacet
  facet normal -0 0 1
    outer loop
      vertex 24.8638 192.664 4
      vertex 25.4278 192.45 4
      vertex 25.2579 192.86 4
    endloop
  endfacet
  facet normal 0 0 1
    outer loop
      vertex 25.4278 192.45 4
      vertex 24.8638 192.664 4
      vertex 25.5074 191.825 4
    endloop
  endfacet
  facet normal 0 0 1
    outer loop
      vertex 24.8638 192.664 4
      vertex 25.2579 192.86 4
      vertex 25.2 193.3 4
    endloop
  endfacet
  facet normal 0 0 1
    outer loop
      vertex 41.2021 195.798 4
      vertex 46.9435 197.923 4
      vertex 41.4722 196.15 4
    endloop
  endfacet
  facet normal 0 0 1
    outer loop
      vertex 47.5 197.85 4
      vertex 41.6421 179.44 4
      vertex 41.7 179 4
    endloop
  endfacet
  facet normal 0 0 1
    outer loop
      vertex 46.9435 197.923 4
      vertex 41.2021 195.798 4
      vertex 47.5 197.85 4
    endloop
  endfacet
  facet normal 0 0 1
    outer loop
      vertex 47.5 197.85 4
      vertex 41.4722 179.85 4
      vertex 41.6421 179.44 4
    endloop
  endfacet
  facet normal 0 0 1
    outer loop
      vertex 41.2021 180.202 4
      vertex 47.5 197.85 4
      vertex 41.2021 195.798 4
    endloop
  endfacet
  facet normal 0 0 1
    outer loop
      vertex 47.5 197.85 4
      vertex 41.2021 180.202 4
      vertex 41.4722 179.85 4
    endloop
  endfacet
  facet normal -0 0 1
    outer loop
      vertex 40.85 195.528 4
      vertex 41.2021 180.202 4
      vertex 41.2021 195.798 4
    endloop
  endfacet
  facet normal 0 0 1
    outer loop
      vertex 40.85 195.528 4
      vertex 40.85 180.472 4
      vertex 41.2021 180.202 4
    endloop
  endfacet
  facet normal -0 0 1
    outer loop
      vertex 40.44 195.358 4
      vertex 40.85 180.472 4
      vertex 40.85 195.528 4
    endloop
  endfacet
  facet normal 0 0 1
    outer loop
      vertex 40.44 195.358 4
      vertex 40.44 180.642 4
      vertex 40.85 180.472 4
    endloop
  endfacet
  facet normal -0 0 1
    outer loop
      vertex 40 195.3 4
      vertex 40.44 180.642 4
      vertex 40.44 195.358 4
    endloop
  endfacet
  facet normal 0 0 1
    outer loop
      vertex 40 195.3 4
      vertex 40 180.7 4
      vertex 40.44 180.642 4
    endloop
  endfacet
  facet normal 0 0 1
    outer loop
      vertex 39.56 195.358 4
      vertex 40 180.7 4
      vertex 40 195.3 4
    endloop
  endfacet
  facet normal 0 0 1
    outer loop
      vertex 39.56 195.358 4
      vertex 39.56 180.642 4
      vertex 40 180.7 4
    endloop
  endfacet
  facet normal 0 0 1
    outer loop
      vertex 39.15 195.528 4
      vertex 39.56 180.642 4
      vertex 39.56 195.358 4
    endloop
  endfacet
  facet normal 0 0 1
    outer loop
      vertex 39.15 195.528 4
      vertex 39.15 180.472 4
      vertex 39.56 180.642 4
    endloop
  endfacet
  facet normal 0 0 1
    outer loop
      vertex 28.5421 192.86 4
      vertex 39.15 195.528 4
      vertex 38.7979 195.798 4
    endloop
  endfacet
  facet normal 0 0 1
    outer loop
      vertex 39.15 195.528 4
      vertex 28.3722 192.45 4
      vertex 39.15 180.472 4
    endloop
  endfacet
  facet normal 0 0 1
    outer loop
      vertex 28.6 193.3 4
      vertex 38.7979 195.798 4
      vertex 38.5278 196.15 4
    endloop
  endfacet
  facet normal -0 0 1
    outer loop
      vertex 28.1021 192.098 4
      vertex 39.15 180.472 4
      vertex 28.3722 192.45 4
    endloop
  endfacet
  facet normal 0 0 1
    outer loop
      vertex 28.5421 193.74 4
      vertex 38.5278 196.15 4
      vertex 38.3579 196.56 4
    endloop
  endfacet
  facet normal 0 0 1
    outer loop
      vertex 39.15 180.472 4
      vertex 28.1021 192.098 4
      vertex 38.7979 180.202 4
    endloop
  endfacet
  facet normal 0 0 1
    outer loop
      vertex 28.3722 194.15 4
      vertex 38.3579 196.56 4
      vertex 38.3 197 4
    endloop
  endfacet
  facet normal -0 0 1
    outer loop
      vertex 25.912 188.752 4
      vertex 38.7979 180.202 4
      vertex 28.1021 192.098 4
    endloop
  endfacet
  facet normal 0 0 1
    outer loop
      vertex 38.7979 180.202 4
      vertex 25.5074 187.775 4
      vertex 38.5278 179.85 4
    endloop
  endfacet
  facet normal 0 0 1
    outer loop
      vertex 38.5278 179.85 4
      vertex 25.5074 187.775 4
      vertex 38.3579 179.44 4
    endloop
  endfacet
  facet normal -0 0 1
    outer loop
      vertex 24.025 186.293 4
      vertex 38.3 179 4
      vertex 24.8638 186.936 4
    endloop
  endfacet
  facet normal -0 0 1
    outer loop
      vertex 24.8638 186.936 4
      vertex 38.3579 179.44 4
      vertex 25.5074 187.775 4
    endloop
  endfacet
  facet normal 0 0 1
    outer loop
      vertex 38.3 179 4
      vertex 24.025 186.293 4
      vertex 38.3579 178.56 4
    endloop
  endfacet
  facet normal 0 0 1
    outer loop
      vertex 25.912 188.752 4
      vertex 28.1021 192.098 4
      vertex 27.75 191.828 4
    endloop
  endfacet
  facet normal 0 0 1
    outer loop
      vertex 38.3579 178.56 4
      vertex 19.15 163.8 4
      vertex 28.94 146.442 4
    endloop
  endfacet
  facet normal 0 0 1
    outer loop
      vertex 26.05 189.8 4
      vertex 27.75 191.828 4
      vertex 27.34 191.658 4
    endloop
  endfacet
  facet normal 0 0 1
    outer loop
      vertex 28.94 146.442 4
      vertex 19.0767 163.244 4
      vertex 28.5 146.5 4
    endloop
  endfacet
  facet normal 0 0 1
    outer loop
      vertex 28.5 146.5 4
      vertex 19.15 151.8 4
      vertex 28.06 146.442 4
    endloop
  endfacet
  facet normal 0 0 1
    outer loop
      vertex 26.05 189.8 4
      vertex 27.34 191.658 4
      vertex 26.9 191.6 4
    endloop
  endfacet
  facet normal 0 0 1
    outer loop
      vertex 38.3579 179.44 4
      vertex 24.8638 186.936 4
      vertex 38.3 179 4
    endloop
  endfacet
  facet normal 0 0 1
    outer loop
      vertex 28.06 146.442 4
      vertex 19.15 151.8 4
      vertex 27.65 146.272 4
    endloop
  endfacet
  facet normal 0 0 1
    outer loop
      vertex 25.912 190.848 4
      vertex 26.9 191.6 4
      vertex 26.46 191.658 4
    endloop
  endfacet
  facet normal 0 0 1
    outer loop
      vertex 47.1247 137.299 4
      vertex 47.5 131 4
      vertex 47.5 137.25 4
    endloop
  endfacet
  facet normal 0 0 1
    outer loop
      vertex 46.775 137.444 4
      vertex 47.5 131 4
      vertex 47.1247 137.299 4
    endloop
  endfacet
  facet normal 0 0 1
    outer loop
      vertex 46.4747 137.675 4
      vertex 47.5 131 4
      vertex 46.775 137.444 4
    endloop
  endfacet
  facet normal 0 0 1
    outer loop
      vertex 46.2443 137.975 4
      vertex 47.5 131 4
      vertex 46.4747 137.675 4
    endloop
  endfacet
  facet normal 0 0 1
    outer loop
      vertex 29.35 143.328 4
      vertex 46.2443 137.975 4
      vertex 46.0994 138.325 4
    endloop
  endfacet
  facet normal -0 0 1
    outer loop
      vertex 40.44 177.358 4
      vertex 47.5 140.15 4
      vertex 40.85 177.528 4
    endloop
  endfacet
  facet normal 0 0 1
    outer loop
      vertex 41.6421 197.44 4
      vertex 45.638 198.925 4
      vertex 45.4233 199.444 4
    endloop
  endfacet
  facet normal 0 0 1
    outer loop
      vertex 41.4722 197.85 4
      vertex 45.4233 199.444 4
      vertex 45.35 200 4
    endloop
  endfacet
  facet normal 0 0 1
    outer loop
      vertex 41.6421 196.56 4
      vertex 45.638 198.925 4
      vertex 41.7 197 4
    endloop
  endfacet
  facet normal 0 0 1
    outer loop
      vertex 47.5 140.15 4
      vertex 40.44 177.358 4
      vertex 47.1247 140.101 4
    endloop
  endfacet
  facet normal -0 0 1
    outer loop
      vertex 29.7021 146.002 4
      vertex 47.1247 140.101 4
      vertex 40.44 177.358 4
    endloop
  endfacet
  facet normal -0 -0 1
    outer loop
      vertex 29.9722 145.65 4
      vertex 47.1247 140.101 4
      vertex 29.7021 146.002 4
    endloop
  endfacet
  facet normal 0 0 1
    outer loop
      vertex 47.1247 140.101 4
      vertex 29.9722 145.65 4
      vertex 46.775 139.956 4
    endloop
  endfacet
  facet normal -0 -0 1
    outer loop
      vertex 30.1421 145.24 4
      vertex 46.775 139.956 4
      vertex 29.9722 145.65 4
    endloop
  endfacet
  facet normal 0 0 1
    outer loop
      vertex 46.775 139.956 4
      vertex 30.1421 145.24 4
      vertex 46.4747 139.725 4
    endloop
  endfacet
  facet normal -0 -0 1
    outer loop
      vertex 30.2 144.8 4
      vertex 46.4747 139.725 4
      vertex 30.1421 145.24 4
    endloop
  endfacet
  facet normal 0 0 1
    outer loop
      vertex 29.7021 146.002 4
      vertex 40.44 177.358 4
      vertex 40 177.3 4
    endloop
  endfacet
  facet normal 0 0 1
    outer loop
      vertex 29.35 146.272 4
      vertex 40 177.3 4
      vertex 39.56 177.358 4
    endloop
  endfacet
  facet normal 0 0 1
    outer loop
      vertex 28.94 146.442 4
      vertex 39.56 177.358 4
      vertex 39.15 177.528 4
    endloop
  endfacet
  facet normal 0 0 1
    outer loop
      vertex 28.94 146.442 4
      vertex 39.15 177.528 4
      vertex 38.7979 177.798 4
    endloop
  endfacet
  facet normal 0 0 1
    outer loop
      vertex 28.94 146.442 4
      vertex 38.7979 177.798 4
      vertex 38.5278 178.15 4
    endloop
  endfacet
  facet normal 0 0 1
    outer loop
      vertex 28.94 146.442 4
      vertex 38.5278 178.15 4
      vertex 38.3579 178.56 4
    endloop
  endfacet
  facet normal 0 0 1
    outer loop
      vertex 46.4747 139.725 4
      vertex 30.2 144.8 4
      vertex 46.2443 139.425 4
    endloop
  endfacet
  facet normal 0 0 1
    outer loop
      vertex 39.15 195.528 4
      vertex 28.5421 192.86 4
      vertex 28.3722 192.45 4
    endloop
  endfacet
  facet normal -0 0 1
    outer loop
      vertex 29.9722 143.95 4
      vertex 46.0994 139.075 4
      vertex 30.1421 144.36 4
    endloop
  endfacet
  facet normal -0 0 1
    outer loop
      vertex 29.7021 143.598 4
      vertex 46.05 138.7 4
      vertex 29.9722 143.95 4
    endloop
  endfacet
  facet normal 0 0 1
    outer loop
      vertex 46.05 138.7 4
      vertex 29.7021 143.598 4
      vertex 46.0994 138.325 4
    endloop
  endfacet
  facet normal -0 0 1
    outer loop
      vertex 29.35 143.328 4
      vertex 46.0994 138.325 4
      vertex 29.7021 143.598 4
    endloop
  endfacet
  facet normal 0 0 1
    outer loop
      vertex 46.2443 137.975 4
      vertex 29.35 143.328 4
      vertex 47.5 131 4
    endloop
  endfacet
  facet normal -0 0 1
    outer loop
      vertex 28.94 143.158 4
      vertex 47.5 131 4
      vertex 29.35 143.328 4
    endloop
  endfacet
  facet normal 0 0 1
    outer loop
      vertex 17.5 131 4
      vertex 28.94 143.158 4
      vertex 28.5 143.1 4
    endloop
  endfacet
  facet normal 0 0 1
    outer loop
      vertex 17.5 131 4
      vertex 28.5 143.1 4
      vertex 28.06 143.158 4
    endloop
  endfacet
  facet normal 0 0 1
    outer loop
      vertex 17.5 131 4
      vertex 28.06 143.158 4
      vertex 27.65 143.328 4
    endloop
  endfacet
  facet normal 0 0 1
    outer loop
      vertex 25.912 190.848 4
      vertex 26.46 191.658 4
      vertex 26.05 191.828 4
    endloop
  endfacet
  facet normal 0 0 1
    outer loop
      vertex 27.75 191.828 4
      vertex 26.05 189.8 4
      vertex 25.912 188.752 4
    endloop
  endfacet
  facet normal -0 0 1
    outer loop
      vertex 19.0767 151.244 4
      vertex 27.65 146.272 4
      vertex 19.15 151.8 4
    endloop
  endfacet
  facet normal 0 0 1
    outer loop
      vertex 27.65 146.272 4
      vertex 19.0767 151.244 4
      vertex 27.2979 146.002 4
    endloop
  endfacet
  facet normal -0 0 1
    outer loop
      vertex 19.0767 163.244 4
      vertex 28.94 146.442 4
      vertex 19.15 163.8 4
    endloop
  endfacet
  facet normal -0 0 1
    outer loop
      vertex 23.0482 185.888 4
      vertex 38.3579 178.56 4
      vertex 24.025 186.293 4
    endloop
  endfacet
  facet normal 0 0 1
    outer loop
      vertex 38.3579 178.56 4
      vertex 23.0482 185.888 4
      vertex 19.15 163.8 4
    endloop
  endfacet
  facet normal 0 0 1
    outer loop
      vertex 19.15 163.8 4
      vertex 23.0482 185.888 4
      vertex 22 185.75 4
    endloop
  endfacet
  facet normal 0 0 1
    outer loop
      vertex 19.15 163.8 4
      vertex 22 185.75 4
      vertex 20.9518 185.888 4
    endloop
  endfacet
  facet normal -0 0 1
    outer loop
      vertex 18.862 150.725 4
      vertex 27.2979 146.002 4
      vertex 19.0767 151.244 4
    endloop
  endfacet
  facet normal 0 0 1
    outer loop
      vertex 19.15 163.8 4
      vertex 20.9518 185.888 4
      vertex 19.975 186.293 4
    endloop
  endfacet
  facet normal 0 0 1
    outer loop
      vertex 27.2979 146.002 4
      vertex 18.862 150.725 4
      vertex 27.0278 145.65 4
    endloop
  endfacet
  facet normal -0 0 1
    outer loop
      vertex 18.5203 150.28 4
      vertex 27.0278 145.65 4
      vertex 18.862 150.725 4
    endloop
  endfacet
  facet normal 0 0 1
    outer loop
      vertex 27.0278 145.65 4
      vertex 18.5203 150.28 4
      vertex 26.8579 145.24 4
    endloop
  endfacet
  facet normal -0 0 1
    outer loop
      vertex 18.075 149.938 4
      vertex 26.8579 145.24 4
      vertex 18.5203 150.28 4
    endloop
  endfacet
  facet normal 0 0 1
    outer loop
      vertex 26.8579 145.24 4
      vertex 18.075 149.938 4
      vertex 26.8 144.8 4
    endloop
  endfacet
  facet normal 0 0 1
    outer loop
      vertex 26.8 144.8 4
      vertex 18.075 149.938 4
      vertex 26.8579 144.36 4
    endloop
  endfacet
  facet normal -0 0 1
    outer loop
      vertex 17.5565 149.723 4
      vertex 26.8579 144.36 4
      vertex 18.075 149.938 4
    endloop
  endfacet
  facet normal 0 0 1
    outer loop
      vertex 26.8579 144.36 4
      vertex 17.5565 149.723 4
      vertex 27.0278 143.95 4
    endloop
  endfacet
  facet normal -0 0 1
    outer loop
      vertex 17 149.65 4
      vertex 27.0278 143.95 4
      vertex 17.5565 149.723 4
    endloop
  endfacet
  facet normal 0 0 1
    outer loop
      vertex 27.0278 143.95 4
      vertex 17.5 131 4
      vertex 27.2979 143.598 4
    endloop
  endfacet
  facet normal 0 0 1
    outer loop
      vertex 28.94 143.158 4
      vertex 17.5 131 4
      vertex 47.5 131 4
    endloop
  endfacet
  facet normal 0 0 1
    outer loop
      vertex 27.2979 143.598 4
      vertex 17.5 131 4
      vertex 27.65 143.328 4
    endloop
  endfacet
  facet normal 0 0 1
    outer loop
      vertex 16.4435 149.723 4
      vertex 17.5 131 4
      vertex 17 149.65 4
    endloop
  endfacet
  facet normal 0 0 1
    outer loop
      vertex 27.0278 143.95 4
      vertex 17 149.65 4
      vertex 17.5 131 4
    endloop
  endfacet
  facet normal 0 0 1
    outer loop
      vertex 83.0278 129.85 4
      vertex 48.9006 139.075 4
      vertex 48.95 138.7 4
    endloop
  endfacet
  facet normal 0 0 1
    outer loop
      vertex 53.3 179 4
      vertex 48.7557 139.425 4
      vertex 48.9006 139.075 4
    endloop
  endfacet
  facet normal 0 0 1
    outer loop
      vertex 47.5 197.85 4
      vertex 41.7 179 4
      vertex 53.7979 180.202 4
    endloop
  endfacet
  facet normal 0 0 1
    outer loop
      vertex 53.3 179 4
      vertex 48.5253 139.725 4
      vertex 48.7557 139.425 4
    endloop
  endfacet
  facet normal 0 0 1
    outer loop
      vertex 53.3 179 4
      vertex 48.225 139.956 4
      vertex 48.5253 139.725 4
    endloop
  endfacet
  facet normal 0 0 1
    outer loop
      vertex 41.4722 196.15 4
      vertex 46.425 198.138 4
      vertex 41.6421 196.56 4
    endloop
  endfacet
  facet normal 0 0 1
    outer loop
      vertex 53.3 179 4
      vertex 47.8753 140.101 4
      vertex 48.225 139.956 4
    endloop
  endfacet
  facet normal 0 0 1
    outer loop
      vertex 53.7979 180.202 4
      vertex 41.7 179 4
      vertex 53.5278 179.85 4
    endloop
  endfacet
  facet normal 0 0 1
    outer loop
      vertex 53.3 179 4
      vertex 47.5 140.15 4
      vertex 47.8753 140.101 4
    endloop
  endfacet
  facet normal 0 0 1
    outer loop
      vertex 41.6421 178.56 4
      vertex 53.3 179 4
      vertex 41.7 179 4
    endloop
  endfacet
  facet normal 0 0 1
    outer loop
      vertex 41.6421 196.56 4
      vertex 46.425 198.138 4
      vertex 45.9797 198.48 4
    endloop
  endfacet
  facet normal 0 0 1
    outer loop
      vertex 41.4722 178.15 4
      vertex 53.3 179 4
      vertex 41.6421 178.56 4
    endloop
  endfacet
  facet normal 0 0 1
    outer loop
      vertex 53.5278 179.85 4
      vertex 41.7 179 4
      vertex 53.3579 179.44 4
    endloop
  endfacet
  facet normal 0 0 1
    outer loop
      vertex 41.2021 177.798 4
      vertex 53.3 179 4
      vertex 41.4722 178.15 4
    endloop
  endfacet
  facet normal 0 0 1
    outer loop
      vertex 41.6421 196.56 4
      vertex 45.9797 198.48 4
      vertex 45.638 198.925 4
    endloop
  endfacet
  facet normal 0 0 1
    outer loop
      vertex 40.85 177.528 4
      vertex 53.3 179 4
      vertex 41.2021 177.798 4
    endloop
  endfacet
  facet normal 0 0 1
    outer loop
      vertex 53.3579 179.44 4
      vertex 41.7 179 4
      vertex 53.3 179 4
    endloop
  endfacet
  facet normal 0 0 1
    outer loop
      vertex 53.3 179 4
      vertex 40.85 177.528 4
      vertex 47.5 140.15 4
    endloop
  endfacet
  facet normal 0 0 1
    outer loop
      vertex 77.6579 188.34 4
      vertex 56.4722 196.15 4
      vertex 77.6 187.9 4
    endloop
  endfacet
  facet normal 0 0 1
    outer loop
      vertex 77.6 187.9 4
      vertex 56.6421 179.44 4
      vertex 56.7 179 4
    endloop
  endfacet
  facet normal -0 0 1
    outer loop
      vertex 56.2021 195.798 4
      vertex 77.6 187.9 4
      vertex 56.4722 196.15 4
    endloop
  endfacet
  facet normal 0 0 1
    outer loop
      vertex 77.6 187.9 4
      vertex 56.4722 179.85 4
      vertex 56.6421 179.44 4
    endloop
  endfacet
  facet normal 0 0 1
    outer loop
      vertex 56.2021 180.202 4
      vertex 77.6 187.9 4
      vertex 56.2021 195.798 4
    endloop
  endfacet
  facet normal 0 0 1
    outer loop
      vertex 77.6 187.9 4
      vertex 56.2021 180.202 4
      vertex 56.4722 179.85 4
    endloop
  endfacet
  facet normal -0 0 1
    outer loop
      vertex 55.85 195.528 4
      vertex 56.2021 180.202 4
      vertex 56.2021 195.798 4
    endloop
  endfacet
  facet normal 0 0 1
    outer loop
      vertex 55.85 195.528 4
      vertex 55.85 180.472 4
      vertex 56.2021 180.202 4
    endloop
  endfacet
  facet normal -0 0 1
    outer loop
      vertex 55.44 195.358 4
      vertex 55.85 180.472 4
      vertex 55.85 195.528 4
    endloop
  endfacet
  facet normal 0 0 1
    outer loop
      vertex 55.44 195.358 4
      vertex 55.44 180.642 4
      vertex 55.85 180.472 4
    endloop
  endfacet
  facet normal -0 0 1
    outer loop
      vertex 55 195.3 4
      vertex 55.44 180.642 4
      vertex 55.44 195.358 4
    endloop
  endfacet
  facet normal 0 0 1
    outer loop
      vertex 55 195.3 4
      vertex 55 180.7 4
      vertex 55.44 180.642 4
    endloop
  endfacet
  facet normal 0 0 1
    outer loop
      vertex 54.56 195.358 4
      vertex 55 180.7 4
      vertex 55 195.3 4
    endloop
  endfacet
  facet normal 0 0 1
    outer loop
      vertex 54.56 195.358 4
      vertex 54.56 180.642 4
      vertex 55 180.7 4
    endloop
  endfacet
  facet normal 0 0 1
    outer loop
      vertex 54.15 195.528 4
      vertex 54.56 180.642 4
      vertex 54.56 195.358 4
    endloop
  endfacet
  facet normal 0 0 1
    outer loop
      vertex 54.15 195.528 4
      vertex 54.15 180.472 4
      vertex 54.56 180.642 4
    endloop
  endfacet
  facet normal 0 0 1
    outer loop
      vertex 53.7979 195.798 4
      vertex 54.15 180.472 4
      vertex 54.15 195.528 4
    endloop
  endfacet
  facet normal 0 0 1
    outer loop
      vertex 53.7979 195.798 4
      vertex 53.7979 180.202 4
      vertex 54.15 180.472 4
    endloop
  endfacet
  facet normal 0 0 1
    outer loop
      vertex 53.3579 196.56 4
      vertex 48.575 198.138 4
      vertex 53.5278 196.15 4
    endloop
  endfacet
  facet normal -0 0 1
    outer loop
      vertex 48.0565 197.923 4
      vertex 53.5278 196.15 4
      vertex 48.575 198.138 4
    endloop
  endfacet
  facet normal -0 0 1
    outer loop
      vertex 48.575 198.138 4
      vertex 53.3579 196.56 4
      vertex 49.0203 198.48 4
    endloop
  endfacet
  facet normal 0 0 1
    outer loop
      vertex 53.5278 196.15 4
      vertex 48.0565 197.923 4
      vertex 53.7979 195.798 4
    endloop
  endfacet
  facet normal 0 0 1
    outer loop
      vertex 49.0203 198.48 4
      vertex 53.3579 196.56 4
      vertex 53.3 197 4
    endloop
  endfacet
  facet normal -0 0 1
    outer loop
      vertex 47.5 197.85 4
      vertex 53.7979 195.798 4
      vertex 48.0565 197.923 4
    endloop
  endfacet
  facet normal -0 0 1
    outer loop
      vertex 83.85 190.528 4
      vertex 80.7722 187.05 4
      vertex 84.2021 190.798 4
    endloop
  endfacet
  facet normal 0 0 1
    outer loop
      vertex 84.2021 190.798 4
      vertex 80.9421 160.44 4
      vertex 81 160 4
    endloop
  endfacet
  facet normal 0 0 1
    outer loop
      vertex 80.7722 160.85 4
      vertex 84.2021 190.798 4
      vertex 80.7722 187.05 4
    endloop
  endfacet
  facet normal 0 0 1
    outer loop
      vertex 84.2021 190.798 4
      vertex 80.7722 160.85 4
      vertex 80.9421 160.44 4
    endloop
  endfacet
  facet normal -0 0 1
    outer loop
      vertex 80.5021 186.698 4
      vertex 80.7722 160.85 4
      vertex 80.7722 187.05 4
    endloop
  endfacet
  facet normal 0 0 1
    outer loop
      vertex 80.5021 186.698 4
      vertex 80.5021 161.202 4
      vertex 80.7722 160.85 4
    endloop
  endfacet
  facet normal -0 0 1
    outer loop
      vertex 80.15 186.428 4
      vertex 80.5021 161.202 4
      vertex 80.5021 186.698 4
    endloop
  endfacet
  facet normal 0 0 1
    outer loop
      vertex 80.15 186.428 4
      vertex 80.15 161.472 4
      vertex 80.5021 161.202 4
    endloop
  endfacet
  facet normal -0 0 1
    outer loop
      vertex 79.74 186.258 4
      vertex 80.15 161.472 4
      vertex 80.15 186.428 4
    endloop
  endfacet
  facet normal 0 0 1
    outer loop
      vertex 79.74 186.258 4
      vertex 79.74 161.642 4
      vertex 80.15 161.472 4
    endloop
  endfacet
  facet normal -0 0 1
    outer loop
      vertex 79.3 186.2 4
      vertex 79.74 161.642 4
      vertex 79.74 186.258 4
    endloop
  endfacet
  facet normal 0 0 1
    outer loop
      vertex 79.3 186.2 4
      vertex 79.3 161.7 4
      vertex 79.74 161.642 4
    endloop
  endfacet
  facet normal 0 0 1
    outer loop
      vertex 78.86 186.258 4
      vertex 79.3 161.7 4
      vertex 79.3 186.2 4
    endloop
  endfacet
  facet normal 0 0 1
    outer loop
      vertex 78.86 186.258 4
      vertex 78.86 161.642 4
      vertex 79.3 161.7 4
    endloop
  endfacet
  facet normal 0 0 1
    outer loop
      vertex 78.45 186.428 4
      vertex 78.86 161.642 4
      vertex 78.86 186.258 4
    endloop
  endfacet
  facet normal 0 0 1
    outer loop
      vertex 78.45 186.428 4
      vertex 78.45 161.472 4
      vertex 78.86 161.642 4
    endloop
  endfacet
  facet normal 0 0 1
    outer loop
      vertex 56.6421 178.56 4
      vertex 78.45 186.428 4
      vertex 78.0979 186.698 4
    endloop
  endfacet
  facet normal 0 0 1
    outer loop
      vertex 78.45 186.428 4
      vertex 56.6421 178.56 4
      vertex 78.45 161.472 4
    endloop
  endfacet
  facet normal 0 0 1
    outer loop
      vertex 56.7 179 4
      vertex 78.0979 186.698 4
      vertex 77.8278 187.05 4
    endloop
  endfacet
  facet normal -0 0 1
    outer loop
      vertex 56.4722 178.15 4
      vertex 78.45 161.472 4
      vertex 56.6421 178.56 4
    endloop
  endfacet
  facet normal 0 0 1
    outer loop
      vertex 56.7 179 4
      vertex 77.8278 187.05 4
      vertex 77.6579 187.46 4
    endloop
  endfacet
  facet normal 0 0 1
    outer loop
      vertex 78.45 161.472 4
      vertex 56.4722 178.15 4
      vertex 78.0979 161.202 4
    endloop
  endfacet
  facet normal 0 0 1
    outer loop
      vertex 56.7 179 4
      vertex 77.6579 187.46 4
      vertex 77.6 187.9 4
    endloop
  endfacet
  facet normal -0 0 1
    outer loop
      vertex 56.2021 177.798 4
      vertex 78.0979 161.202 4
      vertex 56.4722 178.15 4
    endloop
  endfacet
  facet normal 0 0 1
    outer loop
      vertex 95 112 4
      vertex 86.1421 129.44 4
      vertex 86.2 129 4
    endloop
  endfacet
  facet normal 0 0 1
    outer loop
      vertex 95 198 4
      vertex 81 160 4
      vertex 86.1421 129.44 4
    endloop
  endfacet
  facet normal 0 0 1
    outer loop
      vertex 86.1421 129.44 4
      vertex 81 160 4
      vertex 85.9722 129.85 4
    endloop
  endfacet
  facet normal -0 0 1
    outer loop
      vertex 80.9421 159.56 4
      vertex 85.9722 129.85 4
      vertex 81 160 4
    endloop
  endfacet
  facet normal 0 0 1
    outer loop
      vertex 85.9722 129.85 4
      vertex 80.9421 159.56 4
      vertex 85.7021 130.202 4
    endloop
  endfacet
  facet normal 0 0 1
    outer loop
      vertex 95 198 4
      vertex 84.7 192 4
      vertex 84.6421 191.56 4
    endloop
  endfacet
  facet normal 0 0 1
    outer loop
      vertex 95 198 4
      vertex 84.6421 192.44 4
      vertex 84.7 192 4
    endloop
  endfacet
  facet normal 0 0 1
    outer loop
      vertex 95 198 4
      vertex 84.4722 192.85 4
      vertex 84.6421 192.44 4
    endloop
  endfacet
  facet normal 0 0 1
    outer loop
      vertex 95 198 4
      vertex 84.2021 193.202 4
      vertex 84.4722 192.85 4
    endloop
  endfacet
  facet normal 0 0 1
    outer loop
      vertex 89 204 4
      vertex 83.85 193.472 4
      vertex 84.2021 193.202 4
    endloop
  endfacet
  facet normal 0 0 1
    outer loop
      vertex 89 204 4
      vertex 83.44 193.642 4
      vertex 83.85 193.472 4
    endloop
  endfacet
  facet normal 0 0 1
    outer loop
      vertex 89 204 4
      vertex 83 193.7 4
      vertex 83.44 193.642 4
    endloop
  endfacet
  facet normal 0 0 1
    outer loop
      vertex 89 204 4
      vertex 82.56 193.642 4
      vertex 83 193.7 4
    endloop
  endfacet
  facet normal 0 0 1
    outer loop
      vertex 89 204 4
      vertex 82.15 193.472 4
      vertex 82.56 193.642 4
    endloop
  endfacet
  facet normal -0 0 1
    outer loop
      vertex 56.4722 197.85 4
      vertex 82.15 193.472 4
      vertex 89 204 4
    endloop
  endfacet
  facet normal 0 0 1
    outer loop
      vertex 82.15 193.472 4
      vertex 56.4722 197.85 4
      vertex 81.7979 193.202 4
    endloop
  endfacet
  facet normal 0 0 1
    outer loop
      vertex 82.15 190.528 4
      vertex 80.9421 188.34 4
      vertex 81 187.9 4
    endloop
  endfacet
  facet normal 0 0 1
    outer loop
      vertex 81.3579 191.56 4
      vertex 80.7722 188.75 4
      vertex 80.9421 188.34 4
    endloop
  endfacet
  facet normal 0 0 1
    outer loop
      vertex 78.86 189.542 4
      vertex 81.3 192 4
      vertex 81.3579 192.44 4
    endloop
  endfacet
  facet normal 0 0 1
    outer loop
      vertex 81.3579 191.56 4
      vertex 80.5021 189.102 4
      vertex 80.7722 188.75 4
    endloop
  endfacet
  facet normal 0 0 1
    outer loop
      vertex 81.3579 191.56 4
      vertex 80.15 189.372 4
      vertex 80.5021 189.102 4
    endloop
  endfacet
  facet normal 0 0 1
    outer loop
      vertex 81.3579 191.56 4
      vertex 79.74 189.542 4
      vertex 80.15 189.372 4
    endloop
  endfacet
  facet normal 0 0 1
    outer loop
      vertex 78.45 189.372 4
      vertex 81.3579 192.44 4
      vertex 81.5278 192.85 4
    endloop
  endfacet
  facet normal 0 0 1
    outer loop
      vertex 81.3579 191.56 4
      vertex 79.3 189.6 4
      vertex 79.74 189.542 4
    endloop
  endfacet
  facet normal -0 -0 1
    outer loop
      vertex 56.6421 197.44 4
      vertex 81.7979 193.202 4
      vertex 56.4722 197.85 4
    endloop
  endfacet
  facet normal 0 0 1
    outer loop
      vertex 81.3 192 4
      vertex 78.86 189.542 4
      vertex 79.3 189.6 4
    endloop
  endfacet
  facet normal 0 0 1
    outer loop
      vertex 81.3579 192.44 4
      vertex 78.45 189.372 4
      vertex 78.86 189.542 4
    endloop
  endfacet
  facet normal 0 0 1
    outer loop
      vertex 81.7979 193.202 4
      vertex 56.6421 197.44 4
      vertex 81.5278 192.85 4
    endloop
  endfacet
  facet normal 0 0 1
    outer loop
      vertex 81.5278 192.85 4
      vertex 56.6421 197.44 4
      vertex 78.45 189.372 4
    endloop
  endfacet
  facet normal -0 0 1
    outer loop
      vertex 56.4722 196.15 4
      vertex 77.6579 188.34 4
      vertex 56.6421 196.56 4
    endloop
  endfacet
  facet normal 0 0 1
    outer loop
      vertex 77.8278 188.75 4
      vertex 56.6421 196.56 4
      vertex 77.6579 188.34 4
    endloop
  endfacet
  facet normal -0 0 1
    outer loop
      vertex 56.6421 196.56 4
      vertex 77.8278 188.75 4
      vertex 56.7 197 4
    endloop
  endfacet
  facet normal 0 0 1
    outer loop
      vertex 78.45 189.372 4
      vertex 56.6421 197.44 4
      vertex 78.0979 189.102 4
    endloop
  endfacet
  facet normal 0 0 1
    outer loop
      vertex 78.0979 189.102 4
      vertex 56.7 197 4
      vertex 77.8278 188.75 4
    endloop
  endfacet
  facet normal -0 -0 1
    outer loop
      vertex 56.7 197 4
      vertex 78.0979 189.102 4
      vertex 56.6421 197.44 4
    endloop
  endfacet
  facet normal 0 0 1
    outer loop
      vertex 89 204 4
      vertex 56.2021 198.202 4
      vertex 56.4722 197.85 4
    endloop
  endfacet
  facet normal 0 0 1
    outer loop
      vertex 89 204 4
      vertex 55.85 198.472 4
      vertex 56.2021 198.202 4
    endloop
  endfacet
  facet normal 0 0 1
    outer loop
      vertex 89 204 4
      vertex 55.44 198.642 4
      vertex 55.85 198.472 4
    endloop
  endfacet
  facet normal -0 0 1
    outer loop
      vertex 48.575 201.862 4
      vertex 55.44 198.642 4
      vertex 89 204 4
    endloop
  endfacet
  facet normal -0 -0 1
    outer loop
      vertex 49.0203 201.52 4
      vertex 55.44 198.642 4
      vertex 48.575 201.862 4
    endloop
  endfacet
  facet normal -0 0 1
    outer loop
      vertex 49.362 198.925 4
      vertex 53.3579 197.44 4
      vertex 49.5767 199.444 4
    endloop
  endfacet
  facet normal 0 0 1
    outer loop
      vertex 53.5278 197.85 4
      vertex 49.5767 199.444 4
      vertex 53.3579 197.44 4
    endloop
  endfacet
  facet normal -0 0 1
    outer loop
      vertex 49.5767 199.444 4
      vertex 53.5278 197.85 4
      vertex 49.65 200 4
    endloop
  endfacet
  facet normal 0 0 1
    outer loop
      vertex 53.7979 198.202 4
      vertex 49.65 200 4
      vertex 53.5278 197.85 4
    endloop
  endfacet
  facet normal 0 0 1
    outer loop
      vertex 54.15 198.472 4
      vertex 49.65 200 4
      vertex 53.7979 198.202 4
    endloop
  endfacet
  facet normal 0 0 1
    outer loop
      vertex 49.5767 200.556 4
      vertex 54.15 198.472 4
      vertex 54.56 198.642 4
    endloop
  endfacet
  facet normal 0 0 1
    outer loop
      vertex 55.44 198.642 4
      vertex 49.0203 201.52 4
      vertex 55 198.7 4
    endloop
  endfacet
  facet normal 0 0 1
    outer loop
      vertex 54.15 198.472 4
      vertex 49.5767 200.556 4
      vertex 49.65 200 4
    endloop
  endfacet
  facet normal 0 0 1
    outer loop
      vertex 54.56 198.642 4
      vertex 49.362 201.075 4
      vertex 49.5767 200.556 4
    endloop
  endfacet
  facet normal 0 0 1
    outer loop
      vertex 55 198.7 4
      vertex 49.362 201.075 4
      vertex 54.56 198.642 4
    endloop
  endfacet
  facet normal -0 -0 1
    outer loop
      vertex 49.362 201.075 4
      vertex 55 198.7 4
      vertex 49.0203 201.52 4
    endloop
  endfacet
  facet normal 0 0 1
    outer loop
      vertex 89 204 4
      vertex 48.0565 202.077 4
      vertex 48.575 201.862 4
    endloop
  endfacet
  facet normal 0 0 1
    outer loop
      vertex 89 204 4
      vertex 47.5 202.15 4
      vertex 48.0565 202.077 4
    endloop
  endfacet
  facet normal 0 0 1
    outer loop
      vertex 40.85 198.472 4
      vertex 45.35 200 4
      vertex 45.4233 200.556 4
    endloop
  endfacet
  facet normal 0 0 1
    outer loop
      vertex 40.44 198.642 4
      vertex 45.4233 200.556 4
      vertex 45.638 201.075 4
    endloop
  endfacet
  facet normal 0 0 1
    outer loop
      vertex 40 198.7 4
      vertex 45.638 201.075 4
      vertex 45.9797 201.52 4
    endloop
  endfacet
  facet normal 0 0 1
    outer loop
      vertex 45.638 198.925 4
      vertex 41.6421 197.44 4
      vertex 41.7 197 4
    endloop
  endfacet
  facet normal 0 0 1
    outer loop
      vertex 45.4233 199.444 4
      vertex 41.4722 197.85 4
      vertex 41.6421 197.44 4
    endloop
  endfacet
  facet normal 0 0 1
    outer loop
      vertex 45.35 200 4
      vertex 41.2021 198.202 4
      vertex 41.4722 197.85 4
    endloop
  endfacet
  facet normal 0 0 1
    outer loop
      vertex 39.56 198.642 4
      vertex 45.9797 201.52 4
      vertex 46.425 201.862 4
    endloop
  endfacet
  facet normal 0 0 1
    outer loop
      vertex 45.35 200 4
      vertex 40.85 198.472 4
      vertex 41.2021 198.202 4
    endloop
  endfacet
  facet normal 0 0 1
    outer loop
      vertex 45.4233 200.556 4
      vertex 40.44 198.642 4
      vertex 40.85 198.472 4
    endloop
  endfacet
  facet normal 0 0 1
    outer loop
      vertex 45.638 201.075 4
      vertex 40 198.7 4
      vertex 40.44 198.642 4
    endloop
  endfacet
  facet normal 0 0 1
    outer loop
      vertex 45.9797 201.52 4
      vertex 39.56 198.642 4
      vertex 40 198.7 4
    endloop
  endfacet
  facet normal 0 0 1
    outer loop
      vertex 6 204 4
      vertex 39.56 198.642 4
      vertex 46.425 201.862 4
    endloop
  endfacet
  facet normal 0 0 1
    outer loop
      vertex 38.7979 195.798 4
      vertex 28.6 193.3 4
      vertex 28.5421 192.86 4
    endloop
  endfacet
  facet normal 0 0 1
    outer loop
      vertex 28.1021 194.502 4
      vertex 38.3 197 4
      vertex 38.3579 197.44 4
    endloop
  endfacet
  facet normal 0 0 1
    outer loop
      vertex 46.0994 139.075 4
      vertex 29.9722 143.95 4
      vertex 46.05 138.7 4
    endloop
  endfacet
  facet normal 0 0 1
    outer loop
      vertex 46.2443 139.425 4
      vertex 30.1421 144.36 4
      vertex 46.0994 139.075 4
    endloop
  endfacet
  facet normal -0 0 1
    outer loop
      vertex 30.1421 144.36 4
      vertex 46.2443 139.425 4
      vertex 30.2 144.8 4
    endloop
  endfacet
  facet normal 0 0 1
    outer loop
      vertex 40 177.3 4
      vertex 29.35 146.272 4
      vertex 29.7021 146.002 4
    endloop
  endfacet
  facet normal -0 0 1
    outer loop
      vertex 25.5074 187.775 4
      vertex 38.7979 180.202 4
      vertex 25.912 188.752 4
    endloop
  endfacet
  facet normal 0 0 1
    outer loop
      vertex 39.56 177.358 4
      vertex 28.94 146.442 4
      vertex 29.35 146.272 4
    endloop
  endfacet
  facet normal 0 0 1
    outer loop
      vertex 27.75 194.772 4
      vertex 38.3579 197.44 4
      vertex 38.5278 197.85 4
    endloop
  endfacet
  facet normal 0 0 1
    outer loop
      vertex 27.34 194.942 4
      vertex 38.5278 197.85 4
      vertex 38.7979 198.202 4
    endloop
  endfacet
  facet normal 0 0 1
    outer loop
      vertex 26.9 195 4
      vertex 38.7979 198.202 4
      vertex 39.15 198.472 4
    endloop
  endfacet
  facet normal 0 0 1
    outer loop
      vertex 38.5278 196.15 4
      vertex 28.5421 193.74 4
      vertex 28.6 193.3 4
    endloop
  endfacet
  facet normal 0 0 1
    outer loop
      vertex 39.56 198.642 4
      vertex 6 204 4
      vertex 39.15 198.472 4
    endloop
  endfacet
  facet normal 0 0 1
    outer loop
      vertex 38.3579 196.56 4
      vertex 28.3722 194.15 4
      vertex 28.5421 193.74 4
    endloop
  endfacet
  facet normal 0 0 1
    outer loop
      vertex 38.3 197 4
      vertex 28.1021 194.502 4
      vertex 28.3722 194.15 4
    endloop
  endfacet
  facet normal 0 0 1
    outer loop
      vertex 6 204 4
      vertex 46.425 201.862 4
      vertex 46.9435 202.077 4
    endloop
  endfacet
  facet normal 0 0 1
    outer loop
      vertex 38.3579 197.44 4
      vertex 27.75 194.772 4
      vertex 28.1021 194.502 4
    endloop
  endfacet
  facet normal 0 0 1
    outer loop
      vertex 38.5278 197.85 4
      vertex 27.34 194.942 4
      vertex 27.75 194.772 4
    endloop
  endfacet
  facet normal 0 0 1
    outer loop
      vertex 38.7979 198.202 4
      vertex 26.9 195 4
      vertex 27.34 194.942 4
    endloop
  endfacet
  facet normal 0 0 1
    outer loop
      vertex 39.15 198.472 4
      vertex 6 204 4
      vertex 26.9 195 4
    endloop
  endfacet
  facet normal -0 0 1
    outer loop
      vertex 24.025 193.307 4
      vertex 25.2 193.3 4
      vertex 25.2579 193.74 4
    endloop
  endfacet
  facet normal 0 0 1
    outer loop
      vertex 25.2 193.3 4
      vertex 24.025 193.307 4
      vertex 24.8638 192.664 4
    endloop
  endfacet
  facet normal 0 0 1
    outer loop
      vertex 25.4278 194.15 4
      vertex 24.025 193.307 4
      vertex 25.2579 193.74 4
    endloop
  endfacet
  facet normal 0 0 1
    outer loop
      vertex 23.0482 193.712 4
      vertex 25.4278 194.15 4
      vertex 25.6979 194.502 4
    endloop
  endfacet
  facet normal 0 0 1
    outer loop
      vertex 23.0482 193.712 4
      vertex 25.6979 194.502 4
      vertex 26.05 194.772 4
    endloop
  endfacet
  facet normal 0 0 1
    outer loop
      vertex 25.4278 194.15 4
      vertex 23.0482 193.712 4
      vertex 24.025 193.307 4
    endloop
  endfacet
  facet normal 0 0 1
    outer loop
      vertex 22 193.85 4
      vertex 26.05 194.772 4
      vertex 26.46 194.942 4
    endloop
  endfacet
  facet normal 0 0 1
    outer loop
      vertex 26.05 194.772 4
      vertex 22 193.85 4
      vertex 23.0482 193.712 4
    endloop
  endfacet
  facet normal 0 0 1
    outer loop
      vertex 26.9 195 4
      vertex 6 204 4
      vertex 26.46 194.942 4
    endloop
  endfacet
  facet normal 0 0 1
    outer loop
      vertex 26.46 194.942 4
      vertex 6 204 4
      vertex 22 193.85 4
    endloop
  endfacet
  facet normal 0 0 1
    outer loop
      vertex 19.975 186.293 4
      vertex 17 165.95 4
      vertex 17.5565 165.877 4
    endloop
  endfacet
  facet normal 0 0 1
    outer loop
      vertex 19.975 186.293 4
      vertex 16.4435 165.877 4
      vertex 17 165.95 4
    endloop
  endfacet
  facet normal 0 0 1
    outer loop
      vertex 19.1362 186.936 4
      vertex 15.925 165.662 4
      vertex 16.4435 165.877 4
    endloop
  endfacet
  facet normal -0 0 1
    outer loop
      vertex 13.2021 190.798 4
      vertex 17.95 189.8 4
      vertex 13.4722 191.15 4
    endloop
  endfacet
  facet normal -0 0 1
    outer loop
      vertex 12.85 190.528 4
      vertex 18.088 188.752 4
      vertex 13.2021 190.798 4
    endloop
  endfacet
  facet normal 0 0 1
    outer loop
      vertex 18.088 188.752 4
      vertex 12.85 190.528 4
      vertex 18.4926 187.775 4
    endloop
  endfacet
  facet normal -0 0 1
    outer loop
      vertex 12.44 190.358 4
      vertex 18.4926 187.775 4
      vertex 12.85 190.528 4
    endloop
  endfacet
  facet normal 0 0 1
    outer loop
      vertex 18.4926 187.775 4
      vertex 12 190.3 4
      vertex 19.1362 186.936 4
    endloop
  endfacet
  facet normal 0 0 1
    outer loop
      vertex 19.1362 186.936 4
      vertex 12 190.3 4
      vertex 15.925 165.662 4
    endloop
  endfacet
  facet normal -0 0 1
    outer loop
      vertex 12 190.3 4
      vertex 18.4926 187.775 4
      vertex 12.44 190.358 4
    endloop
  endfacet
  facet normal -0 0 1
    outer loop
      vertex 13.6421 191.56 4
      vertex 18.088 190.848 4
      vertex 13.7 192 4
    endloop
  endfacet
  facet normal 0 0 1
    outer loop
      vertex 18.4926 191.825 4
      vertex 13.7 192 4
      vertex 18.088 190.848 4
    endloop
  endfacet
  facet normal 0 0 1
    outer loop
      vertex 13.4722 192.85 4
      vertex 18.4926 191.825 4
      vertex 19.1362 192.664 4
    endloop
  endfacet
  facet normal -0 0 1
    outer loop
      vertex 13.2021 193.202 4
      vertex 19.1362 192.664 4
      vertex 19.975 193.307 4
    endloop
  endfacet
  facet normal -0 0 1
    outer loop
      vertex 12.85 193.472 4
      vertex 19.975 193.307 4
      vertex 20.9518 193.712 4
    endloop
  endfacet
  facet normal 0 0 1
    outer loop
      vertex 22 193.85 4
      vertex 6 204 4
      vertex 20.9518 193.712 4
    endloop
  endfacet
  facet normal 0 0 1
    outer loop
      vertex 18.4926 191.825 4
      vertex 13.6421 192.44 4
      vertex 13.7 192 4
    endloop
  endfacet
  facet normal 0 0 1
    outer loop
      vertex 18.4926 191.825 4
      vertex 13.4722 192.85 4
      vertex 13.6421 192.44 4
    endloop
  endfacet
  facet normal 0 0 1
    outer loop
      vertex 19.1362 192.664 4
      vertex 13.2021 193.202 4
      vertex 13.4722 192.85 4
    endloop
  endfacet
  facet normal 0 -0 1
    outer loop
      vertex 12.44 193.642 4
      vertex 20.9518 193.712 4
      vertex 6 204 4
    endloop
  endfacet
  facet normal 0 0 1
    outer loop
      vertex 19.975 193.307 4
      vertex 12.85 193.472 4
      vertex 13.2021 193.202 4
    endloop
  endfacet
  facet normal 0 0 1
    outer loop
      vertex 20.9518 193.712 4
      vertex 12.44 193.642 4
      vertex 12.85 193.472 4
    endloop
  endfacet
  facet normal 0 0 1
    outer loop
      vertex 12.44 193.642 4
      vertex 6 204 4
      vertex 12 193.7 4
    endloop
  endfacet
  facet normal 0 0 1
    outer loop
      vertex 11.35 130.472 4
      vertex 7.50459 140.075 4
      vertex 10.94 130.642 4
    endloop
  endfacet
  facet normal -0 0 1
    outer loop
      vertex 7.22487 139.4 4
      vertex 10.94 130.642 4
      vertex 7.50459 140.075 4
    endloop
  endfacet
  facet normal -0 0 1
    outer loop
      vertex 6.7799 138.82 4
      vertex 10.5 130.7 4
      vertex 7.22487 139.4 4
    endloop
  endfacet
  facet normal 0 0 1
    outer loop
      vertex 10.5 130.7 4
      vertex 6.7799 138.82 4
      vertex 10.06 130.642 4
    endloop
  endfacet
  facet normal -0 0 1
    outer loop
      vertex 6.2 138.375 4
      vertex 10.06 130.642 4
      vertex 6.7799 138.82 4
    endloop
  endfacet
  facet normal 0 0 1
    outer loop
      vertex 10.06 130.642 4
      vertex 6.2 138.375 4
      vertex 9.65 130.472 4
    endloop
  endfacet
  facet normal 0 0 1
    outer loop
      vertex 9.65 130.472 4
      vertex 5.52469 138.095 4
      vertex 9.29792 130.202 4
    endloop
  endfacet
  facet normal -0 0 1
    outer loop
      vertex 5.52469 138.095 4
      vertex 9.65 130.472 4
      vertex 6.2 138.375 4
    endloop
  endfacet
  facet normal 0 0 1
    outer loop
      vertex 10.94 130.642 4
      vertex 7.22487 139.4 4
      vertex 10.5 130.7 4
    endloop
  endfacet
  facet normal 0 0 1
    outer loop
      vertex 14.85 163.8 4
      vertex 7.22487 142.2 4
      vertex 7.50459 141.525 4
    endloop
  endfacet
  facet normal 0 0 1
    outer loop
      vertex 14.85 163.8 4
      vertex 6.7799 142.78 4
      vertex 7.22487 142.2 4
    endloop
  endfacet
  facet normal 0 0 1
    outer loop
      vertex 14.85 163.8 4
      vertex 6.2 143.225 4
      vertex 6.7799 142.78 4
    endloop
  endfacet
  facet normal -0 0 1
    outer loop
      vertex 6 204 4
      vertex 47.5 202.15 4
      vertex 89 204 4
    endloop
  endfacet
  facet normal 0 0 1
    outer loop
      vertex 6 204 4
      vertex 46.9435 202.077 4
      vertex 47.5 202.15 4
    endloop
  endfacet
  facet normal 0 0 1
    outer loop
      vertex 12 193.7 4
      vertex 6 204 4
      vertex 11.56 193.642 4
    endloop
  endfacet
  facet normal 0 0 1
    outer loop
      vertex 6 204 4
      vertex 11.15 193.472 4
      vertex 11.56 193.642 4
    endloop
  endfacet
  facet normal 0 0 1
    outer loop
      vertex 6 204 4
      vertex 10.7979 193.202 4
      vertex 11.15 193.472 4
    endloop
  endfacet
  facet normal -0 0 1
    outer loop
      vertex 0 198 4
      vertex 10.7979 193.202 4
      vertex 6 204 4
    endloop
  endfacet
  facet normal 0 0 1
    outer loop
      vertex 10.7979 193.202 4
      vertex 0 198 4
      vertex 10.5278 192.85 4
    endloop
  endfacet
  facet normal 0 0 1
    outer loop
      vertex 10.5278 192.85 4
      vertex 0 198 4
      vertex 10.3579 192.44 4
    endloop
  endfacet
  facet normal 0 0 1
    outer loop
      vertex 10.3579 192.44 4
      vertex 0 198 4
      vertex 10.3 192 4
    endloop
  endfacet
  facet normal 0 0 1
    outer loop
      vertex 14.9233 164.356 4
      vertex 2.8201 142.78 4
      vertex 14.85 163.8 4
    endloop
  endfacet
  facet normal 0 0 1
    outer loop
      vertex 0 198 4
      vertex 6 204 4
      vertex 4.82945 203.885 4
    endloop
  endfacet
  facet normal 0 0 1
    outer loop
      vertex 14.85 163.8 4
      vertex 5.52469 143.505 4
      vertex 6.2 143.225 4
    endloop
  endfacet
  facet normal 0 0 1
    outer loop
      vertex 14.85 163.8 4
      vertex 4.8 143.6 4
      vertex 5.52469 143.505 4
    endloop
  endfacet
  facet normal 0 0 1
    outer loop
      vertex 0 198 4
      vertex 4.82945 203.885 4
      vertex 3.70389 203.543 4
    endloop
  endfacet
  facet normal 0 0 1
    outer loop
      vertex 14.85 163.8 4
      vertex 4.07531 143.505 4
      vertex 4.8 143.6 4
    endloop
  endfacet
  facet normal 0 0 1
    outer loop
      vertex 14.85 163.8 4
      vertex 3.4 143.225 4
      vertex 4.07531 143.505 4
    endloop
  endfacet
  facet normal 0 0 1
    outer loop
      vertex 0 198 4
      vertex 3.70389 203.543 4
      vertex 2.66656 202.989 4
    endloop
  endfacet
  facet normal 0 0 1
    outer loop
      vertex 14.85 163.8 4
      vertex 2.8201 142.78 4
      vertex 3.4 143.225 4
    endloop
  endfacet
  facet normal 0 0 1
    outer loop
      vertex 2.8201 142.78 4
      vertex 0 198 4
      vertex 2.37513 142.2 4
    endloop
  endfacet
  facet normal 0 0 1
    outer loop
      vertex 2.37513 142.2 4
      vertex 0 198 4
      vertex 2.09541 141.525 4
    endloop
  endfacet
  facet normal 0 0 1
    outer loop
      vertex 0 198 4
      vertex 2.66656 202.989 4
      vertex 1.75735 202.243 4
    endloop
  endfacet
  facet normal 0 0 1
    outer loop
      vertex 89 204 4
      vertex 95 198 4
      vertex 94.8847 199.171 4
    endloop
  endfacet
  facet normal 0 0 1
    outer loop
      vertex 89 204 4
      vertex 94.8847 199.171 4
      vertex 94.5433 200.296 4
    endloop
  endfacet
  facet normal 0 0 1
    outer loop
      vertex 89 204 4
      vertex 94.5433 200.296 4
      vertex 93.9888 201.333 4
    endloop
  endfacet
  facet normal 0 0 1
    outer loop
      vertex 89 204 4
      vertex 93.9888 201.333 4
      vertex 93.2426 202.243 4
    endloop
  endfacet
  facet normal 0 0 1
    outer loop
      vertex 89 204 4
      vertex 93.2426 202.243 4
      vertex 92.3334 202.989 4
    endloop
  endfacet
  facet normal 0 0 1
    outer loop
      vertex 89 204 4
      vertex 92.3334 202.989 4
      vertex 91.2961 203.543 4
    endloop
  endfacet
  facet normal 0 0 1
    outer loop
      vertex 89 204 4
      vertex 91.2961 203.543 4
      vertex 90.1705 203.885 4
    endloop
  endfacet
  facet normal 0 0 1
    outer loop
      vertex 84.2021 193.202 4
      vertex 95 198 4
      vertex 89 204 4
    endloop
  endfacet
  facet normal -0 0 1
    outer loop
      vertex 86.1421 129.44 4
      vertex 95 112 4
      vertex 95 198 4
    endloop
  endfacet
  facet normal -0 0 1
    outer loop
      vertex 86.1421 128.56 4
      vertex 95 112 4
      vertex 86.2 129 4
    endloop
  endfacet
  facet normal -0 0 1
    outer loop
      vertex 85.9722 128.15 4
      vertex 95 112 4
      vertex 86.1421 128.56 4
    endloop
  endfacet
  facet normal -0 0 1
    outer loop
      vertex 85.7021 127.798 4
      vertex 95 112 4
      vertex 85.9722 128.15 4
    endloop
  endfacet
  facet normal -0 0 1
    outer loop
      vertex 85.35 127.528 4
      vertex 95 112 4
      vertex 85.7021 127.798 4
    endloop
  endfacet
  facet normal -0 0 1
    outer loop
      vertex 84.94 127.358 4
      vertex 95 112 4
      vertex 85.35 127.528 4
    endloop
  endfacet
  facet normal -0 0 1
    outer loop
      vertex 84.5 127.3 4
      vertex 95 112 4
      vertex 84.94 127.358 4
    endloop
  endfacet
  facet normal 0 0 1
    outer loop
      vertex 84.06 127.358 4
      vertex 95 112 4
      vertex 84.5 127.3 4
    endloop
  endfacet
  facet normal 0 0 1
    outer loop
      vertex 83.65 127.528 4
      vertex 95 112 4
      vertex 84.06 127.358 4
    endloop
  endfacet
  facet normal 0 0 1
    outer loop
      vertex 47.5 123 4
      vertex 83.65 127.528 4
      vertex 83.2979 127.798 4
    endloop
  endfacet
  facet normal 0 0 1
    outer loop
      vertex 47.5 123 4
      vertex 83.2979 127.798 4
      vertex 83.0278 128.15 4
    endloop
  endfacet
  facet normal -0 0 1
    outer loop
      vertex 79.74 158.358 4
      vertex 84.5 130.7 4
      vertex 80.15 158.528 4
    endloop
  endfacet
  facet normal 0 0 1
    outer loop
      vertex 80.9421 188.34 4
      vertex 82.15 190.528 4
      vertex 81.7979 190.798 4
    endloop
  endfacet
  facet normal 0 0 1
    outer loop
      vertex 80.9421 188.34 4
      vertex 81.7979 190.798 4
      vertex 81.5278 191.15 4
    endloop
  endfacet
  facet normal 0 0 1
    outer loop
      vertex 80.9421 188.34 4
      vertex 81.5278 191.15 4
      vertex 81.3579 191.56 4
    endloop
  endfacet
  facet normal 0 0 1
    outer loop
      vertex 79.3 189.6 4
      vertex 81.3579 191.56 4
      vertex 81.3 192 4
    endloop
  endfacet
  facet normal 0 0 1
    outer loop
      vertex 80.9421 187.46 4
      vertex 82.15 190.528 4
      vertex 81 187.9 4
    endloop
  endfacet
  facet normal 0 0 1
    outer loop
      vertex 84.5 130.7 4
      vertex 79.74 158.358 4
      vertex 84.06 130.642 4
    endloop
  endfacet
  facet normal -0 0 1
    outer loop
      vertex 79.3 158.3 4
      vertex 84.06 130.642 4
      vertex 79.74 158.358 4
    endloop
  endfacet
  facet normal 0 0 1
    outer loop
      vertex 84.06 130.642 4
      vertex 79.3 158.3 4
      vertex 83.65 130.472 4
    endloop
  endfacet
  facet normal 0 0 1
    outer loop
      vertex 78.86 158.358 4
      vertex 83.65 130.472 4
      vertex 79.3 158.3 4
    endloop
  endfacet
  facet normal 0 0 1
    outer loop
      vertex 83.65 130.472 4
      vertex 78.86 158.358 4
      vertex 83.2979 130.202 4
    endloop
  endfacet
  facet normal 0 0 1
    outer loop
      vertex 78.45 158.528 4
      vertex 83.2979 130.202 4
      vertex 78.86 158.358 4
    endloop
  endfacet
  facet normal -0 0 1
    outer loop
      vertex 48.9006 139.075 4
      vertex 83.2979 130.202 4
      vertex 78.45 158.528 4
    endloop
  endfacet
  facet normal 0 0 1
    outer loop
      vertex 48.9006 139.075 4
      vertex 83.0278 129.85 4
      vertex 83.2979 130.202 4
    endloop
  endfacet
  facet normal 0 0 1
    outer loop
      vertex 83.0278 129.85 4
      vertex 48.95 138.7 4
      vertex 82.8579 129.44 4
    endloop
  endfacet
  facet normal -0 0 1
    outer loop
      vertex 48.9006 138.325 4
      vertex 82.8579 129.44 4
      vertex 48.95 138.7 4
    endloop
  endfacet
  facet normal 0 0 1
    outer loop
      vertex 48.9006 139.075 4
      vertex 78.45 158.528 4
      vertex 78.0979 158.798 4
    endloop
  endfacet
  facet normal 0 0 1
    outer loop
      vertex 48.9006 139.075 4
      vertex 78.0979 158.798 4
      vertex 77.8278 159.15 4
    endloop
  endfacet
  facet normal 0 0 1
    outer loop
      vertex 48.9006 139.075 4
      vertex 77.8278 159.15 4
      vertex 77.6579 159.56 4
    endloop
  endfacet
  facet normal 0 0 1
    outer loop
      vertex 78.0979 186.698 4
      vertex 56.7 179 4
      vertex 56.6421 178.56 4
    endloop
  endfacet
  facet normal 0 0 1
    outer loop
      vertex 78.0979 161.202 4
      vertex 56.2021 177.798 4
      vertex 77.8278 160.85 4
    endloop
  endfacet
  facet normal -0 0 1
    outer loop
      vertex 55.85 177.528 4
      vertex 77.8278 160.85 4
      vertex 56.2021 177.798 4
    endloop
  endfacet
  facet normal 0 0 1
    outer loop
      vertex 77.8278 160.85 4
      vertex 55.85 177.528 4
      vertex 77.6579 160.44 4
    endloop
  endfacet
  facet normal -0 0 1
    outer loop
      vertex 55.44 177.358 4
      vertex 77.6579 160.44 4
      vertex 55.85 177.528 4
    endloop
  endfacet
  facet normal 0 0 1
    outer loop
      vertex 77.6579 160.44 4
      vertex 55.44 177.358 4
      vertex 77.6 160 4
    endloop
  endfacet
  facet normal -0 0 1
    outer loop
      vertex 55 177.3 4
      vertex 77.6 160 4
      vertex 55.44 177.358 4
    endloop
  endfacet
  facet normal 0 0 1
    outer loop
      vertex 82.8579 129.44 4
      vertex 48.9006 138.325 4
      vertex 82.8 129 4
    endloop
  endfacet
  facet normal 0 0 1
    outer loop
      vertex 77.6 160 4
      vertex 55 177.3 4
      vertex 77.6579 159.56 4
    endloop
  endfacet
  facet normal 0 0 1
    outer loop
      vertex 48.9006 139.075 4
      vertex 77.6579 159.56 4
      vertex 55 177.3 4
    endloop
  endfacet
  facet normal 0 0 1
    outer loop
      vertex 48.9006 139.075 4
      vertex 55 177.3 4
      vertex 54.56 177.358 4
    endloop
  endfacet
  facet normal 0 0 1
    outer loop
      vertex 48.9006 139.075 4
      vertex 54.56 177.358 4
      vertex 54.15 177.528 4
    endloop
  endfacet
  facet normal 0 0 1
    outer loop
      vertex 48.9006 139.075 4
      vertex 54.15 177.528 4
      vertex 53.7979 177.798 4
    endloop
  endfacet
  facet normal 0 0 1
    outer loop
      vertex 48.9006 139.075 4
      vertex 53.7979 177.798 4
      vertex 53.5278 178.15 4
    endloop
  endfacet
  facet normal 0 0 1
    outer loop
      vertex 53.3579 197.44 4
      vertex 49.362 198.925 4
      vertex 53.3 197 4
    endloop
  endfacet
  facet normal -0 0 1
    outer loop
      vertex 49.0203 198.48 4
      vertex 53.3 197 4
      vertex 49.362 198.925 4
    endloop
  endfacet
  facet normal 0 0 1
    outer loop
      vertex 53.7979 195.798 4
      vertex 47.5 197.85 4
      vertex 53.7979 180.202 4
    endloop
  endfacet
  facet normal 0 0 1
    outer loop
      vertex 46.425 198.138 4
      vertex 41.4722 196.15 4
      vertex 46.9435 197.923 4
    endloop
  endfacet
  facet normal 0 0 1
    outer loop
      vertex 48.9006 139.075 4
      vertex 53.3579 178.56 4
      vertex 53.3 179 4
    endloop
  endfacet
  facet normal 0 0 1
    outer loop
      vertex 48.9006 139.075 4
      vertex 53.5278 178.15 4
      vertex 53.3579 178.56 4
    endloop
  endfacet
  facet normal -0 0 1
    outer loop
      vertex 47.5 131 4
      vertex 82.8 129 4
      vertex 48.9006 138.325 4
    endloop
  endfacet
  facet normal 0 0 1
    outer loop
      vertex 47.5 123 4
      vertex 82.8 129 4
      vertex 47.5 131 4
    endloop
  endfacet
  facet normal 0 0 1
    outer loop
      vertex 82.8 129 4
      vertex 47.5 123 4
      vertex 82.8579 128.56 4
    endloop
  endfacet
  facet normal 0 0 1
    outer loop
      vertex 47.5 131 4
      vertex 48.9006 138.325 4
      vertex 48.7557 137.975 4
    endloop
  endfacet
  facet normal 0 0 1
    outer loop
      vertex 47.5 131 4
      vertex 48.7557 137.975 4
      vertex 48.5253 137.675 4
    endloop
  endfacet
  facet normal 0 0 1
    outer loop
      vertex 47.5 131 4
      vertex 48.5253 137.675 4
      vertex 48.225 137.444 4
    endloop
  endfacet
  facet normal 0 0 1
    outer loop
      vertex 47.5 131 4
      vertex 48.225 137.444 4
      vertex 47.8753 137.299 4
    endloop
  endfacet
  facet normal 0 0 1
    outer loop
      vertex 47.5 131 4
      vertex 47.8753 137.299 4
      vertex 47.5 137.25 4
    endloop
  endfacet
  facet normal 0 0 1
    outer loop
      vertex 82.8579 128.56 4
      vertex 47.5 123 4
      vertex 83.0278 128.15 4
    endloop
  endfacet
  facet normal 0 0 1
    outer loop
      vertex 83.65 127.528 4
      vertex 47.5 123 4
      vertex 95 112 4
    endloop
  endfacet
  facet normal 0 0 1
    outer loop
      vertex 14.5 114.5 4
      vertex 47.5 123 4
      vertex 17.5 123 4
    endloop
  endfacet
  facet normal 0 0 1
    outer loop
      vertex 15.925 149.938 4
      vertex 17.5 131 4
      vertex 16.4435 149.723 4
    endloop
  endfacet
  facet normal 0 0 1
    outer loop
      vertex 12.1421 129.44 4
      vertex 15.925 149.938 4
      vertex 15.4797 150.28 4
    endloop
  endfacet
  facet normal 0 0 1
    outer loop
      vertex 12.1421 129.44 4
      vertex 15.4797 150.28 4
      vertex 15.138 150.725 4
    endloop
  endfacet
  facet normal 0 0 1
    outer loop
      vertex 15.925 149.938 4
      vertex 12.1421 129.44 4
      vertex 17.5 131 4
    endloop
  endfacet
  facet normal 0 0 1
    outer loop
      vertex 12.1421 129.44 4
      vertex 15.138 150.725 4
      vertex 14.9233 151.244 4
    endloop
  endfacet
  facet normal 0 0 1
    outer loop
      vertex 12.1421 129.44 4
      vertex 14.9233 151.244 4
      vertex 14.85 151.8 4
    endloop
  endfacet
  facet normal 0 0 1
    outer loop
      vertex 17.5 131 4
      vertex 14.5 124.5 4
      vertex 17.5 123 4
    endloop
  endfacet
  facet normal 0 0 1
    outer loop
      vertex 14.5 114.5 4
      vertex 17.5 123 4
      vertex 14.5 124.5 4
    endloop
  endfacet
  facet normal 0 0 1
    outer loop
      vertex 47.5 123 4
      vertex 14.5 114.5 4
      vertex 95 112 4
    endloop
  endfacet
  facet normal 0 0 1
    outer loop
      vertex 0 112 4
      vertex 14.5 114.5 4
      vertex 8.5 114.5 4
    endloop
  endfacet
  facet normal -0 0 1
    outer loop
      vertex 4.8 138 4
      vertex 9.29792 130.202 4
      vertex 5.52469 138.095 4
    endloop
  endfacet
  facet normal 0 0 1
    outer loop
      vertex 9.29792 130.202 4
      vertex 4.8 138 4
      vertex 9.02776 129.85 4
    endloop
  endfacet
  facet normal 0 0 1
    outer loop
      vertex 4.07531 138.095 4
      vertex 9.02776 129.85 4
      vertex 4.8 138 4
    endloop
  endfacet
  facet normal 0 0 1
    outer loop
      vertex 9.02776 129.85 4
      vertex 4.07531 138.095 4
      vertex 8.85793 129.44 4
    endloop
  endfacet
  facet normal 0 0 1
    outer loop
      vertex 3.4 138.375 4
      vertex 8.85793 129.44 4
      vertex 4.07531 138.095 4
    endloop
  endfacet
  facet normal 0 0 1
    outer loop
      vertex 8.85793 129.44 4
      vertex 3.4 138.375 4
      vertex 8.8 129 4
    endloop
  endfacet
  facet normal 0 0 1
    outer loop
      vertex 8.8 129 4
      vertex 3.4 138.375 4
      vertex 8.5 124.5 4
    endloop
  endfacet
  facet normal 0 0 1
    outer loop
      vertex 2.8201 138.82 4
      vertex 8.5 124.5 4
      vertex 3.4 138.375 4
    endloop
  endfacet
  facet normal 0 0 1
    outer loop
      vertex 8.5 124.5 4
      vertex 2.8201 138.82 4
      vertex 0 112 4
    endloop
  endfacet
  facet normal 0 0 1
    outer loop
      vertex 0 112 4
      vertex 2.8201 138.82 4
      vertex 2.37513 139.4 4
    endloop
  endfacet
  facet normal 0 0 1
    outer loop
      vertex 0 112 4
      vertex 2.37513 139.4 4
      vertex 2.09541 140.075 4
    endloop
  endfacet
  facet normal 0 0 1
    outer loop
      vertex 0 198 4
      vertex 1.75735 202.243 4
      vertex 1.01117 201.333 4
    endloop
  endfacet
  facet normal 0 0 1
    outer loop
      vertex 0 198 4
      vertex 1.01117 201.333 4
      vertex 0.456711 200.296 4
    endloop
  endfacet
  facet normal 0 0 1
    outer loop
      vertex 0 198 4
      vertex 0.456711 200.296 4
      vertex 0.11528 199.171 4
    endloop
  endfacet
  facet normal 0 0 1
    outer loop
      vertex 2.09541 141.525 4
      vertex 0 198 4
      vertex 2 140.8 4
    endloop
  endfacet
  facet normal 0 0 1
    outer loop
      vertex 14.5 114.5 4
      vertex 0 112 4
      vertex 95 112 4
    endloop
  endfacet
  facet normal 0 0 1
    outer loop
      vertex 8.5 124.5 4
      vertex 0 112 4
      vertex 8.5 114.5 4
    endloop
  endfacet
  facet normal 0 0 1
    outer loop
      vertex 2 140.8 4
      vertex 0 112 4
      vertex 2.09541 140.075 4
    endloop
  endfacet
  facet normal 0 0 1
    outer loop
      vertex 0 112 4
      vertex 2 140.8 4
      vertex 0 198 4
    endloop
  endfacet
  facet normal 0 0 1
    outer loop
      vertex 84.4722 191.15 4
      vertex 95 198 4
      vertex 84.6421 191.56 4
    endloop
  endfacet
  facet normal 0 0 1
    outer loop
      vertex 84.2021 190.798 4
      vertex 95 198 4
      vertex 84.4722 191.15 4
    endloop
  endfacet
  facet normal 0 0 1
    outer loop
      vertex 95 198 4
      vertex 84.2021 190.798 4
      vertex 81 160 4
    endloop
  endfacet
  facet normal 0 0 1
    outer loop
      vertex 80.7722 187.05 4
      vertex 83.85 190.528 4
      vertex 80.9421 187.46 4
    endloop
  endfacet
  facet normal 0 0 1
    outer loop
      vertex 80.9421 187.46 4
      vertex 83.85 190.528 4
      vertex 83.44 190.358 4
    endloop
  endfacet
  facet normal -0 0 1
    outer loop
      vertex 80.7722 159.15 4
      vertex 85.7021 130.202 4
      vertex 80.9421 159.56 4
    endloop
  endfacet
  facet normal 0 0 1
    outer loop
      vertex 80.9421 187.46 4
      vertex 83.44 190.358 4
      vertex 83 190.3 4
    endloop
  endfacet
  facet normal 0 0 1
    outer loop
      vertex 85.7021 130.202 4
      vertex 80.7722 159.15 4
      vertex 85.35 130.472 4
    endloop
  endfacet
  facet normal 0 0 1
    outer loop
      vertex 80.9421 187.46 4
      vertex 83 190.3 4
      vertex 82.56 190.358 4
    endloop
  endfacet
  facet normal -0 0 1
    outer loop
      vertex 80.5021 158.798 4
      vertex 85.35 130.472 4
      vertex 80.7722 159.15 4
    endloop
  endfacet
  facet normal 0 0 1
    outer loop
      vertex 80.9421 187.46 4
      vertex 82.56 190.358 4
      vertex 82.15 190.528 4
    endloop
  endfacet
  facet normal 0 0 1
    outer loop
      vertex 85.35 130.472 4
      vertex 80.5021 158.798 4
      vertex 84.94 130.642 4
    endloop
  endfacet
  facet normal -0 0 1
    outer loop
      vertex 80.15 158.528 4
      vertex 84.94 130.642 4
      vertex 80.5021 158.798 4
    endloop
  endfacet
  facet normal 0 0 1
    outer loop
      vertex 84.94 130.642 4
      vertex 80.15 158.528 4
      vertex 84.5 130.7 4
    endloop
  endfacet
  facet normal -0.47109 0.882085 0
    outer loop
      vertex 3.70389 203.543 0
      vertex 2.66656 202.989 4
      vertex 3.70389 203.543 4
    endloop
  endfacet
  facet normal -0.47109 0.882085 0
    outer loop
      vertex 2.66656 202.989 4
      vertex 3.70389 203.543 0
      vertex 2.66656 202.989 0
    endloop
  endfacet
  facet normal 0.634311 0.773078 -0
    outer loop
      vertex 93.2426 202.243 0
      vertex 92.3334 202.989 4
      vertex 93.2426 202.243 4
    endloop
  endfacet
  facet normal 0.634311 0.773078 0
    outer loop
      vertex 92.3334 202.989 4
      vertex 93.2426 202.243 0
      vertex 92.3334 202.989 0
    endloop
  endfacet
  facet normal 0 0 -1
    outer loop
      vertex 18.088 190.848 0
      vertex 13.6421 191.56 0
      vertex 13.7 192 0
    endloop
  endfacet
  facet normal 0 0 -1
    outer loop
      vertex 14.85 151.8 0
      vertex 13.4722 191.15 0
      vertex 13.6421 191.56 0
    endloop
  endfacet
  facet normal -0 0 -1
    outer loop
      vertex 15.925 149.938 0
      vertex 7.22487 142.2 0
      vertex 15.4797 150.28 0
    endloop
  endfacet
  facet normal 0 0 -1
    outer loop
      vertex 6.2 143.225 0
      vertex 15.138 150.725 0
      vertex 6.7799 142.78 0
    endloop
  endfacet
  facet normal -0 0 -1
    outer loop
      vertex 15.138 150.725 0
      vertex 6.2 143.225 0
      vertex 14.9233 151.244 0
    endloop
  endfacet
  facet normal 0 0 -1
    outer loop
      vertex 12.1421 129.44 0
      vertex 14.5 124.5 0
      vertex 12.2 129 0
    endloop
  endfacet
  facet normal 0 0 -1
    outer loop
      vertex 14.5 124.5 0
      vertex 12.1421 128.56 0
      vertex 12.2 129 0
    endloop
  endfacet
  facet normal 0 0 -1
    outer loop
      vertex 14.5 124.5 0
      vertex 11.9722 128.15 0
      vertex 12.1421 128.56 0
    endloop
  endfacet
  facet normal 0 0 -1
    outer loop
      vertex 14.5 124.5 0
      vertex 11.7021 127.798 0
      vertex 11.9722 128.15 0
    endloop
  endfacet
  facet normal 0 0 -1
    outer loop
      vertex 14.5 124.5 0
      vertex 11.35 127.528 0
      vertex 11.7021 127.798 0
    endloop
  endfacet
  facet normal 0 0 -1
    outer loop
      vertex 14.5 124.5 0
      vertex 10.94 127.358 0
      vertex 11.35 127.528 0
    endloop
  endfacet
  facet normal 0 0 -1
    outer loop
      vertex 8.5 124.5 0
      vertex 10.94 127.358 0
      vertex 14.5 124.5 0
    endloop
  endfacet
  facet normal 0 0 -1
    outer loop
      vertex 10.94 127.358 0
      vertex 8.5 124.5 0
      vertex 10.5 127.3 0
    endloop
  endfacet
  facet normal -0 0 -1
    outer loop
      vertex 10.5 127.3 0
      vertex 8.5 124.5 0
      vertex 10.06 127.358 0
    endloop
  endfacet
  facet normal -0 0 -1
    outer loop
      vertex 8.85793 128.56 0
      vertex 8.5 124.5 0
      vertex 8.8 129 0
    endloop
  endfacet
  facet normal -0 0 -1
    outer loop
      vertex 9.02776 128.15 0
      vertex 8.5 124.5 0
      vertex 8.85793 128.56 0
    endloop
  endfacet
  facet normal -0 0 -1
    outer loop
      vertex 9.29792 127.798 0
      vertex 8.5 124.5 0
      vertex 9.02776 128.15 0
    endloop
  endfacet
  facet normal -0 0 -1
    outer loop
      vertex 9.65 127.528 0
      vertex 8.5 124.5 0
      vertex 9.29792 127.798 0
    endloop
  endfacet
  facet normal -0 0 -1
    outer loop
      vertex 10.06 127.358 0
      vertex 8.5 124.5 0
      vertex 9.65 127.528 0
    endloop
  endfacet
  facet normal 0 0 -1
    outer loop
      vertex 7.22487 142.2 0
      vertex 15.925 149.938 0
      vertex 7.50459 141.525 0
    endloop
  endfacet
  facet normal 0 0 -1
    outer loop
      vertex 14.85 151.8 0
      vertex 13.2021 190.798 0
      vertex 13.4722 191.15 0
    endloop
  endfacet
  facet normal 0 0 -1
    outer loop
      vertex 5.52469 143.505 0
      vertex 14.9233 151.244 0
      vertex 6.2 143.225 0
    endloop
  endfacet
  facet normal 0 0 -1
    outer loop
      vertex 6.7799 142.78 0
      vertex 15.4797 150.28 0
      vertex 7.22487 142.2 0
    endloop
  endfacet
  facet normal 0 0 -1
    outer loop
      vertex 14.85 151.8 0
      vertex 12.85 190.528 0
      vertex 13.2021 190.798 0
    endloop
  endfacet
  facet normal 0 0 -1
    outer loop
      vertex 7.6 140.8 0
      vertex 11.7021 130.202 0
      vertex 11.35 130.472 0
    endloop
  endfacet
  facet normal 0 0 -1
    outer loop
      vertex 14.85 151.8 0
      vertex 12.44 190.358 0
      vertex 12.85 190.528 0
    endloop
  endfacet
  facet normal 0 0 -1
    outer loop
      vertex 7.6 140.8 0
      vertex 11.35 130.472 0
      vertex 10.94 130.642 0
    endloop
  endfacet
  facet normal -0 0 -1
    outer loop
      vertex 14.9233 151.244 0
      vertex 5.52469 143.505 0
      vertex 14.85 151.8 0
    endloop
  endfacet
  facet normal 0 0 -1
    outer loop
      vertex 14.85 151.8 0
      vertex 12 190.3 0
      vertex 12.44 190.358 0
    endloop
  endfacet
  facet normal 0 0 -1
    outer loop
      vertex 7.6 140.8 0
      vertex 10.94 130.642 0
      vertex 10.5 130.7 0
    endloop
  endfacet
  facet normal 0 0 -1
    outer loop
      vertex 4.8 143.6 0
      vertex 14.85 151.8 0
      vertex 5.52469 143.505 0
    endloop
  endfacet
  facet normal 0 0 -1
    outer loop
      vertex 14.85 151.8 0
      vertex 11.56 190.358 0
      vertex 12 190.3 0
    endloop
  endfacet
  facet normal 0 0 -1
    outer loop
      vertex 7.6 140.8 0
      vertex 10.5 130.7 0
      vertex 10.06 130.642 0
    endloop
  endfacet
  facet normal 0 0 -1
    outer loop
      vertex 18.862 152.875 0
      vertex 28.5 146.5 0
      vertex 19.0767 152.356 0
    endloop
  endfacet
  facet normal 0 0 -1
    outer loop
      vertex 28.5 146.5 0
      vertex 19.0767 163.244 0
      vertex 19.15 163.8 0
    endloop
  endfacet
  facet normal 0 0 -1
    outer loop
      vertex 18.862 162.725 0
      vertex 28.5 146.5 0
      vertex 18.862 152.875 0
    endloop
  endfacet
  facet normal 0 0 -1
    outer loop
      vertex 28.5 146.5 0
      vertex 18.862 162.725 0
      vertex 19.0767 163.244 0
    endloop
  endfacet
  facet normal 0 0 -1
    outer loop
      vertex 18.5203 153.32 0
      vertex 18.862 162.725 0
      vertex 18.862 152.875 0
    endloop
  endfacet
  facet normal 0 0 -1
    outer loop
      vertex 18.5203 153.32 0
      vertex 18.5203 162.28 0
      vertex 18.862 162.725 0
    endloop
  endfacet
  facet normal 0 0 -1
    outer loop
      vertex 18.075 153.662 0
      vertex 18.5203 162.28 0
      vertex 18.5203 153.32 0
    endloop
  endfacet
  facet normal 0 0 -1
    outer loop
      vertex 18.075 153.662 0
      vertex 18.075 161.938 0
      vertex 18.5203 162.28 0
    endloop
  endfacet
  facet normal 0 0 -1
    outer loop
      vertex 17.5565 153.877 0
      vertex 18.075 161.938 0
      vertex 18.075 153.662 0
    endloop
  endfacet
  facet normal 0 0 -1
    outer loop
      vertex 17.5565 153.877 0
      vertex 17.5565 161.723 0
      vertex 18.075 161.938 0
    endloop
  endfacet
  facet normal 0 0 -1
    outer loop
      vertex 17 153.95 0
      vertex 17.5565 161.723 0
      vertex 17.5565 153.877 0
    endloop
  endfacet
  facet normal 0 0 -1
    outer loop
      vertex 17 153.95 0
      vertex 17 161.65 0
      vertex 17.5565 161.723 0
    endloop
  endfacet
  facet normal 0 0 -1
    outer loop
      vertex 16.4435 153.877 0
      vertex 17 161.65 0
      vertex 17 153.95 0
    endloop
  endfacet
  facet normal 0 0 -1
    outer loop
      vertex 16.4435 153.877 0
      vertex 16.4435 161.723 0
      vertex 17 161.65 0
    endloop
  endfacet
  facet normal 0 0 -1
    outer loop
      vertex 15.925 153.662 0
      vertex 16.4435 161.723 0
      vertex 16.4435 153.877 0
    endloop
  endfacet
  facet normal 0 0 -1
    outer loop
      vertex 15.925 153.662 0
      vertex 15.925 161.938 0
      vertex 16.4435 161.723 0
    endloop
  endfacet
  facet normal 0 0 -1
    outer loop
      vertex 15.4797 153.32 0
      vertex 15.925 161.938 0
      vertex 15.925 153.662 0
    endloop
  endfacet
  facet normal 0 0 -1
    outer loop
      vertex 15.4797 153.32 0
      vertex 15.4797 162.28 0
      vertex 15.925 161.938 0
    endloop
  endfacet
  facet normal 0 0 -1
    outer loop
      vertex 15.138 152.875 0
      vertex 15.4797 162.28 0
      vertex 15.4797 153.32 0
    endloop
  endfacet
  facet normal 0 0 -1
    outer loop
      vertex 15.138 152.875 0
      vertex 15.138 162.725 0
      vertex 15.4797 162.28 0
    endloop
  endfacet
  facet normal 0 0 -1
    outer loop
      vertex 14.9233 152.356 0
      vertex 15.138 162.725 0
      vertex 15.138 152.875 0
    endloop
  endfacet
  facet normal 0 0 -1
    outer loop
      vertex 14.9233 152.356 0
      vertex 14.9233 163.244 0
      vertex 15.138 162.725 0
    endloop
  endfacet
  facet normal 0 0 -1
    outer loop
      vertex 14.85 151.8 0
      vertex 14.9233 163.244 0
      vertex 14.9233 152.356 0
    endloop
  endfacet
  facet normal -0 0 -1
    outer loop
      vertex 14.9233 163.244 0
      vertex 14.85 151.8 0
      vertex 14.85 163.8 0
    endloop
  endfacet
  facet normal -0 0 -1
    outer loop
      vertex 38.3579 178.56 0
      vertex 18.5203 165.32 0
      vertex 23.0482 185.888 0
    endloop
  endfacet
  facet normal 0 0 -1
    outer loop
      vertex 18.075 165.662 0
      vertex 23.0482 185.888 0
      vertex 18.5203 165.32 0
    endloop
  endfacet
  facet normal 0 0 -1
    outer loop
      vertex 23.0482 185.888 0
      vertex 18.075 165.662 0
      vertex 22 185.75 0
    endloop
  endfacet
  facet normal 0 0 -1
    outer loop
      vertex 17.5565 165.877 0
      vertex 22 185.75 0
      vertex 18.075 165.662 0
    endloop
  endfacet
  facet normal -0 0 -1
    outer loop
      vertex 22 185.75 0
      vertex 17.5565 165.877 0
      vertex 20.9518 185.888 0
    endloop
  endfacet
  facet normal 0 0 -1
    outer loop
      vertex 17 165.95 0
      vertex 20.9518 185.888 0
      vertex 17.5565 165.877 0
    endloop
  endfacet
  facet normal -0 0 -1
    outer loop
      vertex 20.9518 185.888 0
      vertex 17 165.95 0
      vertex 19.975 186.293 0
    endloop
  endfacet
  facet normal 0 0 -1
    outer loop
      vertex 16.4435 165.877 0
      vertex 19.975 186.293 0
      vertex 17 165.95 0
    endloop
  endfacet
  facet normal -0 0 -1
    outer loop
      vertex 19.975 186.293 0
      vertex 16.4435 165.877 0
      vertex 19.1362 186.936 0
    endloop
  endfacet
  facet normal 0 0 -1
    outer loop
      vertex 15.925 165.662 0
      vertex 19.1362 186.936 0
      vertex 16.4435 165.877 0
    endloop
  endfacet
  facet normal 0 0 -1
    outer loop
      vertex 38.7979 195.798 0
      vertex 28.5421 192.86 0
      vertex 28.6 193.3 0
    endloop
  endfacet
  facet normal 0 0 -1
    outer loop
      vertex 28.06 146.442 0
      vertex 19.0767 152.356 0
      vertex 28.5 146.5 0
    endloop
  endfacet
  facet normal 0 0 -1
    outer loop
      vertex 38.3579 178.56 0
      vertex 28.3722 192.45 0
      vertex 28.5421 192.86 0
    endloop
  endfacet
  facet normal 0 -0 -1
    outer loop
      vertex 25.912 188.752 0
      vertex 38.3579 178.56 0
      vertex 25.5074 187.775 0
    endloop
  endfacet
  facet normal 0 0 -1
    outer loop
      vertex 19.0767 152.356 0
      vertex 28.06 146.442 0
      vertex 19.15 151.8 0
    endloop
  endfacet
  facet normal 0 0 -1
    outer loop
      vertex 38.3579 178.56 0
      vertex 28.1021 192.098 0
      vertex 28.3722 192.45 0
    endloop
  endfacet
  facet normal 0 0 -1
    outer loop
      vertex 19.15 151.8 0
      vertex 28.06 146.442 0
      vertex 27.65 146.272 0
    endloop
  endfacet
  facet normal 0 0 -1
    outer loop
      vertex 38.3579 178.56 0
      vertex 25.912 188.752 0
      vertex 28.1021 192.098 0
    endloop
  endfacet
  facet normal 0 0 -1
    outer loop
      vertex 19.0767 151.244 0
      vertex 27.65 146.272 0
      vertex 27.2979 146.002 0
    endloop
  endfacet
  facet normal 0 0 -1
    outer loop
      vertex 18.862 150.725 0
      vertex 27.2979 146.002 0
      vertex 27.0278 145.65 0
    endloop
  endfacet
  facet normal 0 0 -1
    outer loop
      vertex 28.1021 192.098 0
      vertex 25.912 188.752 0
      vertex 27.75 191.828 0
    endloop
  endfacet
  facet normal 0 0 -1
    outer loop
      vertex 18.5203 150.28 0
      vertex 27.0278 145.65 0
      vertex 26.8579 145.24 0
    endloop
  endfacet
  facet normal 0 0 -1
    outer loop
      vertex 18.075 149.938 0
      vertex 26.8579 145.24 0
      vertex 26.8 144.8 0
    endloop
  endfacet
  facet normal 0 0 -1
    outer loop
      vertex 27.75 191.828 0
      vertex 26.05 189.8 0
      vertex 27.34 191.658 0
    endloop
  endfacet
  facet normal 0 0 -1
    outer loop
      vertex 53.7979 180.202 0
      vertex 41.2021 180.202 0
      vertex 47.5 197.85 0
    endloop
  endfacet
  facet normal 0 0 -1
    outer loop
      vertex 46.9435 197.923 0
      vertex 41.6421 196.56 0
      vertex 41.7 197 0
    endloop
  endfacet
  facet normal 0 0 -1
    outer loop
      vertex 41.2021 195.798 0
      vertex 47.5 197.85 0
      vertex 41.2021 180.202 0
    endloop
  endfacet
  facet normal 0 0 -1
    outer loop
      vertex 46.9435 197.923 0
      vertex 41.4722 196.15 0
      vertex 41.6421 196.56 0
    endloop
  endfacet
  facet normal -0 0 -1
    outer loop
      vertex 47.5 197.85 0
      vertex 41.2021 195.798 0
      vertex 46.9435 197.923 0
    endloop
  endfacet
  facet normal 0 0 -1
    outer loop
      vertex 46.9435 197.923 0
      vertex 41.2021 195.798 0
      vertex 41.4722 196.15 0
    endloop
  endfacet
  facet normal 0 0 -1
    outer loop
      vertex 40.85 180.472 0
      vertex 41.2021 195.798 0
      vertex 41.2021 180.202 0
    endloop
  endfacet
  facet normal 0 0 -1
    outer loop
      vertex 40.85 180.472 0
      vertex 40.85 195.528 0
      vertex 41.2021 195.798 0
    endloop
  endfacet
  facet normal 0 0 -1
    outer loop
      vertex 40.44 180.642 0
      vertex 40.85 195.528 0
      vertex 40.85 180.472 0
    endloop
  endfacet
  facet normal 0 0 -1
    outer loop
      vertex 40.44 180.642 0
      vertex 40.44 195.358 0
      vertex 40.85 195.528 0
    endloop
  endfacet
  facet normal 0 0 -1
    outer loop
      vertex 40 180.7 0
      vertex 40.44 195.358 0
      vertex 40.44 180.642 0
    endloop
  endfacet
  facet normal 0 0 -1
    outer loop
      vertex 40 180.7 0
      vertex 40 195.3 0
      vertex 40.44 195.358 0
    endloop
  endfacet
  facet normal 0 0 -1
    outer loop
      vertex 39.56 180.642 0
      vertex 40 195.3 0
      vertex 40 180.7 0
    endloop
  endfacet
  facet normal 0 0 -1
    outer loop
      vertex 39.56 180.642 0
      vertex 39.56 195.358 0
      vertex 40 195.3 0
    endloop
  endfacet
  facet normal 0 0 -1
    outer loop
      vertex 39.15 180.472 0
      vertex 39.56 195.358 0
      vertex 39.56 180.642 0
    endloop
  endfacet
  facet normal 0 0 -1
    outer loop
      vertex 39.15 180.472 0
      vertex 39.15 195.528 0
      vertex 39.56 195.358 0
    endloop
  endfacet
  facet normal 0 0 -1
    outer loop
      vertex 28.5421 192.86 0
      vertex 39.15 180.472 0
      vertex 38.7979 180.202 0
    endloop
  endfacet
  facet normal 0 0 -1
    outer loop
      vertex 28.5421 192.86 0
      vertex 39.15 195.528 0
      vertex 39.15 180.472 0
    endloop
  endfacet
  facet normal 0 0 -1
    outer loop
      vertex 28.5421 192.86 0
      vertex 38.7979 180.202 0
      vertex 38.5278 179.85 0
    endloop
  endfacet
  facet normal 0 0 -1
    outer loop
      vertex 28.5421 192.86 0
      vertex 38.7979 195.798 0
      vertex 39.15 195.528 0
    endloop
  endfacet
  facet normal 0 0 -1
    outer loop
      vertex 28.5421 192.86 0
      vertex 38.5278 179.85 0
      vertex 38.3579 179.44 0
    endloop
  endfacet
  facet normal -0 0 -1
    outer loop
      vertex 38.7979 195.798 0
      vertex 28.6 193.3 0
      vertex 38.5278 196.15 0
    endloop
  endfacet
  facet normal 0 0 -1
    outer loop
      vertex 28.5421 192.86 0
      vertex 38.3579 179.44 0
      vertex 38.3 179 0
    endloop
  endfacet
  facet normal 0 0 -1
    outer loop
      vertex 28.5421 193.74 0
      vertex 38.5278 196.15 0
      vertex 28.6 193.3 0
    endloop
  endfacet
  facet normal -0 0 -1
    outer loop
      vertex 77.6579 187.46 0
      vertex 56.4722 179.85 0
      vertex 77.6 187.9 0
    endloop
  endfacet
  facet normal 0 0 -1
    outer loop
      vertex 77.6 187.9 0
      vertex 56.6421 196.56 0
      vertex 56.7 197 0
    endloop
  endfacet
  facet normal 0 0 -1
    outer loop
      vertex 56.2021 180.202 0
      vertex 77.6 187.9 0
      vertex 56.4722 179.85 0
    endloop
  endfacet
  facet normal 0 0 -1
    outer loop
      vertex 77.6 187.9 0
      vertex 56.4722 196.15 0
      vertex 56.6421 196.56 0
    endloop
  endfacet
  facet normal 0 0 -1
    outer loop
      vertex 56.2021 195.798 0
      vertex 77.6 187.9 0
      vertex 56.2021 180.202 0
    endloop
  endfacet
  facet normal 0 0 -1
    outer loop
      vertex 77.6 187.9 0
      vertex 56.2021 195.798 0
      vertex 56.4722 196.15 0
    endloop
  endfacet
  facet normal 0 0 -1
    outer loop
      vertex 55.85 180.472 0
      vertex 56.2021 195.798 0
      vertex 56.2021 180.202 0
    endloop
  endfacet
  facet normal 0 0 -1
    outer loop
      vertex 55.85 180.472 0
      vertex 55.85 195.528 0
      vertex 56.2021 195.798 0
    endloop
  endfacet
  facet normal 0 0 -1
    outer loop
      vertex 55.44 180.642 0
      vertex 55.85 195.528 0
      vertex 55.85 180.472 0
    endloop
  endfacet
  facet normal 0 0 -1
    outer loop
      vertex 55.44 180.642 0
      vertex 55.44 195.358 0
      vertex 55.85 195.528 0
    endloop
  endfacet
  facet normal 0 0 -1
    outer loop
      vertex 55 180.7 0
      vertex 55.44 195.358 0
      vertex 55.44 180.642 0
    endloop
  endfacet
  facet normal 0 0 -1
    outer loop
      vertex 55 180.7 0
      vertex 55 195.3 0
      vertex 55.44 195.358 0
    endloop
  endfacet
  facet normal 0 0 -1
    outer loop
      vertex 54.56 180.642 0
      vertex 55 195.3 0
      vertex 55 180.7 0
    endloop
  endfacet
  facet normal 0 0 -1
    outer loop
      vertex 54.56 180.642 0
      vertex 54.56 195.358 0
      vertex 55 195.3 0
    endloop
  endfacet
  facet normal 0 0 -1
    outer loop
      vertex 54.15 180.472 0
      vertex 54.56 195.358 0
      vertex 54.56 180.642 0
    endloop
  endfacet
  facet normal 0 0 -1
    outer loop
      vertex 54.15 180.472 0
      vertex 54.15 195.528 0
      vertex 54.56 195.358 0
    endloop
  endfacet
  facet normal 0 0 -1
    outer loop
      vertex 53.7979 180.202 0
      vertex 54.15 195.528 0
      vertex 54.15 180.472 0
    endloop
  endfacet
  facet normal 0 0 -1
    outer loop
      vertex 53.7979 180.202 0
      vertex 53.7979 195.798 0
      vertex 54.15 195.528 0
    endloop
  endfacet
  facet normal 0 0 -1
    outer loop
      vertex 53.3579 179.44 0
      vertex 41.6421 179.44 0
      vertex 53.5278 179.85 0
    endloop
  endfacet
  facet normal 0 0 -1
    outer loop
      vertex 53.7979 180.202 0
      vertex 47.5 197.85 0
      vertex 53.7979 195.798 0
    endloop
  endfacet
  facet normal 0 0 -1
    outer loop
      vertex 41.6421 179.44 0
      vertex 53.3579 179.44 0
      vertex 41.7 179 0
    endloop
  endfacet
  facet normal 0 -0 -1
    outer loop
      vertex 48.0565 197.923 0
      vertex 53.7979 195.798 0
      vertex 47.5 197.85 0
    endloop
  endfacet
  facet normal 0 0 -1
    outer loop
      vertex 41.7 179 0
      vertex 53.3579 179.44 0
      vertex 53.3 179 0
    endloop
  endfacet
  facet normal 0 0 -1
    outer loop
      vertex 53.7979 195.798 0
      vertex 48.0565 197.923 0
      vertex 53.5278 196.15 0
    endloop
  endfacet
  facet normal 0 0 -1
    outer loop
      vertex 80.7722 187.05 0
      vertex 84.2021 190.798 0
      vertex 80.7722 160.85 0
    endloop
  endfacet
  facet normal 0 0 -1
    outer loop
      vertex 83.85 190.528 0
      vertex 80.9421 187.46 0
      vertex 81 187.9 0
    endloop
  endfacet
  facet normal 0 0 -1
    outer loop
      vertex 84.2021 190.798 0
      vertex 80.7722 187.05 0
      vertex 83.85 190.528 0
    endloop
  endfacet
  facet normal 0 0 -1
    outer loop
      vertex 83.85 190.528 0
      vertex 80.7722 187.05 0
      vertex 80.9421 187.46 0
    endloop
  endfacet
  facet normal 0 0 -1
    outer loop
      vertex 80.5021 161.202 0
      vertex 80.7722 187.05 0
      vertex 80.7722 160.85 0
    endloop
  endfacet
  facet normal 0 0 -1
    outer loop
      vertex 80.5021 161.202 0
      vertex 80.5021 186.698 0
      vertex 80.7722 187.05 0
    endloop
  endfacet
  facet normal 0 0 -1
    outer loop
      vertex 80.15 161.472 0
      vertex 80.5021 186.698 0
      vertex 80.5021 161.202 0
    endloop
  endfacet
  facet normal 0 0 -1
    outer loop
      vertex 80.15 161.472 0
      vertex 80.15 186.428 0
      vertex 80.5021 186.698 0
    endloop
  endfacet
  facet normal 0 0 -1
    outer loop
      vertex 79.74 161.642 0
      vertex 80.15 186.428 0
      vertex 80.15 161.472 0
    endloop
  endfacet
  facet normal 0 0 -1
    outer loop
      vertex 79.74 161.642 0
      vertex 79.74 186.258 0
      vertex 80.15 186.428 0
    endloop
  endfacet
  facet normal 0 0 -1
    outer loop
      vertex 79.3 161.7 0
      vertex 79.74 186.258 0
      vertex 79.74 161.642 0
    endloop
  endfacet
  facet normal 0 0 -1
    outer loop
      vertex 79.3 161.7 0
      vertex 79.3 186.2 0
      vertex 79.74 186.258 0
    endloop
  endfacet
  facet normal 0 0 -1
    outer loop
      vertex 78.86 161.642 0
      vertex 79.3 186.2 0
      vertex 79.3 161.7 0
    endloop
  endfacet
  facet normal 0 0 -1
    outer loop
      vertex 78.86 161.642 0
      vertex 78.86 186.258 0
      vertex 79.3 186.2 0
    endloop
  endfacet
  facet normal 0 0 -1
    outer loop
      vertex 78.45 161.472 0
      vertex 78.86 186.258 0
      vertex 78.86 161.642 0
    endloop
  endfacet
  facet normal 0 0 -1
    outer loop
      vertex 78.45 161.472 0
      vertex 78.45 186.428 0
      vertex 78.86 186.258 0
    endloop
  endfacet
  facet normal 0 0 -1
    outer loop
      vertex 56.4722 178.15 0
      vertex 78.45 161.472 0
      vertex 78.0979 161.202 0
    endloop
  endfacet
  facet normal 0 0 -1
    outer loop
      vertex 78.45 161.472 0
      vertex 56.6421 178.56 0
      vertex 78.45 186.428 0
    endloop
  endfacet
  facet normal 0 0 -1
    outer loop
      vertex 56.2021 177.798 0
      vertex 78.0979 161.202 0
      vertex 77.8278 160.85 0
    endloop
  endfacet
  facet normal -0 0 -1
    outer loop
      vertex 78.45 186.428 0
      vertex 56.6421 178.56 0
      vertex 78.0979 186.698 0
    endloop
  endfacet
  facet normal 0 0 -1
    outer loop
      vertex 55.85 177.528 0
      vertex 77.8278 160.85 0
      vertex 77.6579 160.44 0
    endloop
  endfacet
  facet normal 0 -0 -1
    outer loop
      vertex 56.7 179 0
      vertex 78.0979 186.698 0
      vertex 56.6421 178.56 0
    endloop
  endfacet
  facet normal 0 0 -1
    outer loop
      vertex 55.44 177.358 0
      vertex 77.6579 160.44 0
      vertex 77.6 160 0
    endloop
  endfacet
  facet normal -0 0 -1
    outer loop
      vertex 78.0979 186.698 0
      vertex 56.7 179 0
      vertex 77.8278 187.05 0
    endloop
  endfacet
  facet normal 0 0 -1
    outer loop
      vertex 95 198 0
      vertex 84.6421 191.56 0
      vertex 84.7 192 0
    endloop
  endfacet
  facet normal 0 0 -1
    outer loop
      vertex 80.15 158.528 0
      vertex 84.94 130.642 0
      vertex 84.5 130.7 0
    endloop
  endfacet
  facet normal 0 0 -1
    outer loop
      vertex 85.35 130.472 0
      vertex 81 160 0
      vertex 84.6421 191.56 0
    endloop
  endfacet
  facet normal 0 0 -1
    outer loop
      vertex 80.9421 160.44 0
      vertex 84.6421 191.56 0
      vertex 81 160 0
    endloop
  endfacet
  facet normal 0 0 -1
    outer loop
      vertex 79.74 158.358 0
      vertex 84.5 130.7 0
      vertex 84.06 130.642 0
    endloop
  endfacet
  facet normal 0 0 -1
    outer loop
      vertex 84.6421 191.56 0
      vertex 80.9421 160.44 0
      vertex 84.4722 191.15 0
    endloop
  endfacet
  facet normal 0 0 -1
    outer loop
      vertex 79.3 158.3 0
      vertex 84.06 130.642 0
      vertex 83.65 130.472 0
    endloop
  endfacet
  facet normal 0 0 -1
    outer loop
      vertex 80.7722 160.85 0
      vertex 84.4722 191.15 0
      vertex 80.9421 160.44 0
    endloop
  endfacet
  facet normal 0 0 -1
    outer loop
      vertex 78.86 158.358 0
      vertex 83.65 130.472 0
      vertex 83.2979 130.202 0
    endloop
  endfacet
  facet normal 0 0 -1
    outer loop
      vertex 48.9006 139.075 0
      vertex 83.2979 130.202 0
      vertex 83.0278 129.85 0
    endloop
  endfacet
  facet normal 0 0 -1
    outer loop
      vertex 84.4722 191.15 0
      vertex 80.7722 160.85 0
      vertex 84.2021 190.798 0
    endloop
  endfacet
  facet normal 0 0 -1
    outer loop
      vertex 48.95 138.7 0
      vertex 83.0278 129.85 0
      vertex 82.8579 129.44 0
    endloop
  endfacet
  facet normal 0 0 -1
    outer loop
      vertex 48.9006 138.325 0
      vertex 82.8579 129.44 0
      vertex 82.8 129 0
    endloop
  endfacet
  facet normal 0 0 -1
    outer loop
      vertex 83.85 190.528 0
      vertex 81 187.9 0
      vertex 83.44 190.358 0
    endloop
  endfacet
  facet normal 0 0 -1
    outer loop
      vertex 86.1421 129.44 0
      vertex 95 198 0
      vertex 95 112 0
    endloop
  endfacet
  facet normal 0 0 -1
    outer loop
      vertex 85.9722 129.85 0
      vertex 95 198 0
      vertex 86.1421 129.44 0
    endloop
  endfacet
  facet normal 0 0 -1
    outer loop
      vertex 85.7021 130.202 0
      vertex 95 198 0
      vertex 85.9722 129.85 0
    endloop
  endfacet
  facet normal 0 0 -1
    outer loop
      vertex 84.6421 191.56 0
      vertex 95 198 0
      vertex 85.7021 130.202 0
    endloop
  endfacet
  facet normal 0 0 -1
    outer loop
      vertex 84.6421 192.44 0
      vertex 95 198 0
      vertex 84.7 192 0
    endloop
  endfacet
  facet normal 0 0 -1
    outer loop
      vertex 84.4722 192.85 0
      vertex 95 198 0
      vertex 84.6421 192.44 0
    endloop
  endfacet
  facet normal 0 -0 -1
    outer loop
      vertex 89 204 0
      vertex 95 198 0
      vertex 84.2021 193.202 0
    endloop
  endfacet
  facet normal 0 0 -1
    outer loop
      vertex 95 198 0
      vertex 89 204 0
      vertex 94.8847 199.171 0
    endloop
  endfacet
  facet normal 0 0 -1
    outer loop
      vertex 86.1421 129.44 0
      vertex 95 112 0
      vertex 86.2 129 0
    endloop
  endfacet
  facet normal 0 0 -1
    outer loop
      vertex 95 112 0
      vertex 86.1421 128.56 0
      vertex 86.2 129 0
    endloop
  endfacet
  facet normal 0 0 -1
    outer loop
      vertex 95 112 0
      vertex 85.9722 128.15 0
      vertex 86.1421 128.56 0
    endloop
  endfacet
  facet normal 0 0 -1
    outer loop
      vertex 95 112 0
      vertex 85.7021 127.798 0
      vertex 85.9722 128.15 0
    endloop
  endfacet
  facet normal 0 0 -1
    outer loop
      vertex 95 112 0
      vertex 85.35 127.528 0
      vertex 85.7021 127.798 0
    endloop
  endfacet
  facet normal 0 0 -1
    outer loop
      vertex 95 112 0
      vertex 84.94 127.358 0
      vertex 85.35 127.528 0
    endloop
  endfacet
  facet normal 0 0 -1
    outer loop
      vertex 95 112 0
      vertex 84.5 127.3 0
      vertex 84.94 127.358 0
    endloop
  endfacet
  facet normal 0 0 -1
    outer loop
      vertex 95 112 0
      vertex 84.06 127.358 0
      vertex 84.5 127.3 0
    endloop
  endfacet
  facet normal 0 0 -1
    outer loop
      vertex 95 112 0
      vertex 83.65 127.528 0
      vertex 84.06 127.358 0
    endloop
  endfacet
  facet normal 0 0 -1
    outer loop
      vertex 47.5 123 0
      vertex 83.65 127.528 0
      vertex 95 112 0
    endloop
  endfacet
  facet normal -0 0 -1
    outer loop
      vertex 83.65 127.528 0
      vertex 47.5 123 0
      vertex 83.2979 127.798 0
    endloop
  endfacet
  facet normal 0 0 -1
    outer loop
      vertex 83.44 190.358 0
      vertex 81 187.9 0
      vertex 83 190.3 0
    endloop
  endfacet
  facet normal 0 0 -1
    outer loop
      vertex 80.9421 188.34 0
      vertex 83 190.3 0
      vertex 81 187.9 0
    endloop
  endfacet
  facet normal -0 0 -1
    outer loop
      vertex 83 190.3 0
      vertex 80.9421 188.34 0
      vertex 82.56 190.358 0
    endloop
  endfacet
  facet normal 0 0 -1
    outer loop
      vertex 80.7722 188.75 0
      vertex 82.56 190.358 0
      vertex 80.9421 188.34 0
    endloop
  endfacet
  facet normal -0 0 -1
    outer loop
      vertex 82.56 190.358 0
      vertex 80.7722 188.75 0
      vertex 82.15 190.528 0
    endloop
  endfacet
  facet normal 0 0 -1
    outer loop
      vertex 80.5021 189.102 0
      vertex 82.15 190.528 0
      vertex 80.7722 188.75 0
    endloop
  endfacet
  facet normal 0 0 -1
    outer loop
      vertex 85.35 130.472 0
      vertex 80.9421 159.56 0
      vertex 81 160 0
    endloop
  endfacet
  facet normal 0 0 -1
    outer loop
      vertex 85.35 130.472 0
      vertex 80.7722 159.15 0
      vertex 80.9421 159.56 0
    endloop
  endfacet
  facet normal 0 0 -1
    outer loop
      vertex 85.35 130.472 0
      vertex 80.5021 158.798 0
      vertex 80.7722 159.15 0
    endloop
  endfacet
  facet normal 0 0 -1
    outer loop
      vertex 84.94 130.642 0
      vertex 80.15 158.528 0
      vertex 80.5021 158.798 0
    endloop
  endfacet
  facet normal 0 0 -1
    outer loop
      vertex 84.5 130.7 0
      vertex 79.74 158.358 0
      vertex 80.15 158.528 0
    endloop
  endfacet
  facet normal 0 0 -1
    outer loop
      vertex 84.06 130.642 0
      vertex 79.3 158.3 0
      vertex 79.74 158.358 0
    endloop
  endfacet
  facet normal 0 0 -1
    outer loop
      vertex 83.65 130.472 0
      vertex 78.86 158.358 0
      vertex 79.3 158.3 0
    endloop
  endfacet
  facet normal 0 0 -1
    outer loop
      vertex 47.5 123 0
      vertex 82.8 129 0
      vertex 82.8579 128.56 0
    endloop
  endfacet
  facet normal 0 0 -1
    outer loop
      vertex 83.2979 130.202 0
      vertex 78.45 158.528 0
      vertex 78.86 158.358 0
    endloop
  endfacet
  facet normal 0 0 -1
    outer loop
      vertex 83.2979 130.202 0
      vertex 48.9006 139.075 0
      vertex 78.45 158.528 0
    endloop
  endfacet
  facet normal -0 0 -1
    outer loop
      vertex 78.45 158.528 0
      vertex 48.9006 139.075 0
      vertex 78.0979 158.798 0
    endloop
  endfacet
  facet normal 0 0 -1
    outer loop
      vertex 48.7557 139.425 0
      vertex 78.0979 158.798 0
      vertex 48.9006 139.075 0
    endloop
  endfacet
  facet normal 0 0 -1
    outer loop
      vertex 56.6421 179.44 0
      vertex 77.8278 187.05 0
      vertex 56.7 179 0
    endloop
  endfacet
  facet normal 0 0 -1
    outer loop
      vertex 48.225 139.956 0
      vertex 77.6 160 0
      vertex 77.6579 159.56 0
    endloop
  endfacet
  facet normal -0 0 -1
    outer loop
      vertex 78.0979 158.798 0
      vertex 48.7557 139.425 0
      vertex 77.8278 159.15 0
    endloop
  endfacet
  facet normal 0 0 -1
    outer loop
      vertex 47.5 123 0
      vertex 82.8579 128.56 0
      vertex 83.0278 128.15 0
    endloop
  endfacet
  facet normal -0 0 -1
    outer loop
      vertex 77.8278 187.05 0
      vertex 56.6421 179.44 0
      vertex 77.6579 187.46 0
    endloop
  endfacet
  facet normal 0 0 -1
    outer loop
      vertex 78.45 161.472 0
      vertex 56.4722 178.15 0
      vertex 56.6421 178.56 0
    endloop
  endfacet
  facet normal 0 0 -1
    outer loop
      vertex 78.0979 161.202 0
      vertex 56.2021 177.798 0
      vertex 56.4722 178.15 0
    endloop
  endfacet
  facet normal 0 0 -1
    outer loop
      vertex 77.8278 160.85 0
      vertex 55.85 177.528 0
      vertex 56.2021 177.798 0
    endloop
  endfacet
  facet normal -0 0 -1
    outer loop
      vertex 77.8278 159.15 0
      vertex 48.5253 139.725 0
      vertex 77.6579 159.56 0
    endloop
  endfacet
  facet normal 0 0 -1
    outer loop
      vertex 48.225 139.956 0
      vertex 77.6579 159.56 0
      vertex 48.5253 139.725 0
    endloop
  endfacet
  facet normal 0 0 -1
    outer loop
      vertex 77.6579 160.44 0
      vertex 55.44 177.358 0
      vertex 55.85 177.528 0
    endloop
  endfacet
  facet normal -0 0 -1
    outer loop
      vertex 77.6 160 0
      vertex 48.225 139.956 0
      vertex 55.44 177.358 0
    endloop
  endfacet
  facet normal 0 0 -1
    outer loop
      vertex 55.44 177.358 0
      vertex 48.225 139.956 0
      vertex 55 177.3 0
    endloop
  endfacet
  facet normal 0 0 -1
    outer loop
      vertex 47.8753 140.101 0
      vertex 55 177.3 0
      vertex 48.225 139.956 0
    endloop
  endfacet
  facet normal 0 0 -1
    outer loop
      vertex 53.5278 196.15 0
      vertex 48.575 198.138 0
      vertex 53.3579 196.56 0
    endloop
  endfacet
  facet normal 0 0 -1
    outer loop
      vertex 41.7 179 0
      vertex 53.3 179 0
      vertex 53.3579 178.56 0
    endloop
  endfacet
  facet normal 0 0 -1
    outer loop
      vertex 53.3 197 0
      vertex 49.5767 199.444 0
      vertex 49.65 200 0
    endloop
  endfacet
  facet normal 0 0 -1
    outer loop
      vertex 53.3 197 0
      vertex 49.362 198.925 0
      vertex 49.5767 199.444 0
    endloop
  endfacet
  facet normal 0 0 -1
    outer loop
      vertex 53.3 197 0
      vertex 49.0203 198.48 0
      vertex 49.362 198.925 0
    endloop
  endfacet
  facet normal -0 0 -1
    outer loop
      vertex 55 177.3 0
      vertex 47.8753 140.101 0
      vertex 54.56 177.358 0
    endloop
  endfacet
  facet normal 0 0 -1
    outer loop
      vertex 48.5253 139.725 0
      vertex 77.8278 159.15 0
      vertex 48.7557 139.425 0
    endloop
  endfacet
  facet normal 0 0 -1
    outer loop
      vertex 83.0278 129.85 0
      vertex 48.95 138.7 0
      vertex 48.9006 139.075 0
    endloop
  endfacet
  facet normal -0 0 -1
    outer loop
      vertex 83.2979 127.798 0
      vertex 47.5 123 0
      vertex 83.0278 128.15 0
    endloop
  endfacet
  facet normal 0 0 -1
    outer loop
      vertex 82.8579 129.44 0
      vertex 48.9006 138.325 0
      vertex 48.95 138.7 0
    endloop
  endfacet
  facet normal 0 0 -1
    outer loop
      vertex 82.8 129 0
      vertex 47.5 131 0
      vertex 48.9006 138.325 0
    endloop
  endfacet
  facet normal 0 0 -1
    outer loop
      vertex 48.9006 138.325 0
      vertex 47.5 131 0
      vertex 48.7557 137.975 0
    endloop
  endfacet
  facet normal 0 0 -1
    outer loop
      vertex 48.7557 137.975 0
      vertex 47.5 131 0
      vertex 48.5253 137.675 0
    endloop
  endfacet
  facet normal 0 0 -1
    outer loop
      vertex 48.5253 137.675 0
      vertex 47.5 131 0
      vertex 48.225 137.444 0
    endloop
  endfacet
  facet normal -0 0 -1
    outer loop
      vertex 82.8 129 0
      vertex 47.5 123 0
      vertex 47.5 131 0
    endloop
  endfacet
  facet normal 0 0 -1
    outer loop
      vertex 14.5 114.5 0
      vertex 47.5 123 0
      vertex 95 112 0
    endloop
  endfacet
  facet normal 0 0 -1
    outer loop
      vertex 14.5 124.5 0
      vertex 17.5 131 0
      vertex 17.5 123 0
    endloop
  endfacet
  facet normal 0 0 -1
    outer loop
      vertex 12.1421 129.44 0
      vertex 17.5 131 0
      vertex 14.5 124.5 0
    endloop
  endfacet
  facet normal 0 0 -1
    outer loop
      vertex 7.6 140.8 0
      vertex 17 149.65 0
      vertex 17.5 131 0
    endloop
  endfacet
  facet normal 0 0 -1
    outer loop
      vertex 11.7021 130.202 0
      vertex 17.5 131 0
      vertex 11.9722 129.85 0
    endloop
  endfacet
  facet normal 0 0 -1
    outer loop
      vertex 11.9722 129.85 0
      vertex 17.5 131 0
      vertex 12.1421 129.44 0
    endloop
  endfacet
  facet normal 0 0 -1
    outer loop
      vertex 7.6 140.8 0
      vertex 17.5 131 0
      vertex 11.7021 130.202 0
    endloop
  endfacet
  facet normal -0 0 -1
    outer loop
      vertex 17 149.65 0
      vertex 7.6 140.8 0
      vertex 16.4435 149.723 0
    endloop
  endfacet
  facet normal 0 0 -1
    outer loop
      vertex 7.50459 141.525 0
      vertex 16.4435 149.723 0
      vertex 7.6 140.8 0
    endloop
  endfacet
  facet normal 0 0 -1
    outer loop
      vertex 14.5 124.5 0
      vertex 17.5 123 0
      vertex 14.5 114.5 0
    endloop
  endfacet
  facet normal -0 0 -1
    outer loop
      vertex 47.5 123 0
      vertex 14.5 114.5 0
      vertex 17.5 123 0
    endloop
  endfacet
  facet normal 0 0 -1
    outer loop
      vertex 0 112 0
      vertex 14.5 114.5 0
      vertex 95 112 0
    endloop
  endfacet
  facet normal 0 0 -1
    outer loop
      vertex 0 112 0
      vertex 8.5 124.5 0
      vertex 8.5 114.5 0
    endloop
  endfacet
  facet normal 0 0 -1
    outer loop
      vertex 8.5 124.5 0
      vertex 7.50459 140.075 0
      vertex 7.6 140.8 0
    endloop
  endfacet
  facet normal 0 0 -1
    outer loop
      vertex 8.5 124.5 0
      vertex 7.22487 139.4 0
      vertex 7.50459 140.075 0
    endloop
  endfacet
  facet normal 0 0 -1
    outer loop
      vertex 8.5 124.5 0
      vertex 6.7799 138.82 0
      vertex 7.22487 139.4 0
    endloop
  endfacet
  facet normal 0 0 -1
    outer loop
      vertex 8.5 124.5 0
      vertex 6.2 138.375 0
      vertex 6.7799 138.82 0
    endloop
  endfacet
  facet normal 0 0 -1
    outer loop
      vertex 8.5 124.5 0
      vertex 5.52469 138.095 0
      vertex 6.2 138.375 0
    endloop
  endfacet
  facet normal 0 0 -1
    outer loop
      vertex 8.5 124.5 0
      vertex 4.8 138 0
      vertex 5.52469 138.095 0
    endloop
  endfacet
  facet normal 0 0 -1
    outer loop
      vertex 8.5 124.5 0
      vertex 4.07531 138.095 0
      vertex 4.8 138 0
    endloop
  endfacet
  facet normal 0 -0 -1
    outer loop
      vertex 2.8201 138.82 0
      vertex 8.5 124.5 0
      vertex 0 112 0
    endloop
  endfacet
  facet normal 0 0 -1
    outer loop
      vertex 8.5 124.5 0
      vertex 3.4 138.375 0
      vertex 4.07531 138.095 0
    endloop
  endfacet
  facet normal 0 0 -1
    outer loop
      vertex 8.5 124.5 0
      vertex 2.8201 138.82 0
      vertex 3.4 138.375 0
    endloop
  endfacet
  facet normal -0 0 -1
    outer loop
      vertex 2.8201 138.82 0
      vertex 0 112 0
      vertex 2.37513 139.4 0
    endloop
  endfacet
  facet normal 0 0 -1
    outer loop
      vertex 6 204 0
      vertex 1.01117 201.333 0
      vertex 1.75735 202.243 0
    endloop
  endfacet
  facet normal 0 0 -1
    outer loop
      vertex 2.09541 141.525 0
      vertex 0 198 0
      vertex 1.01117 201.333 0
    endloop
  endfacet
  facet normal 0 0 -1
    outer loop
      vertex 1.01117 201.333 0
      vertex 0 198 0
      vertex 0.456711 200.296 0
    endloop
  endfacet
  facet normal -0 0 -1
    outer loop
      vertex 14.5 114.5 0
      vertex 0 112 0
      vertex 8.5 114.5 0
    endloop
  endfacet
  facet normal -0 0 -1
    outer loop
      vertex 2.37513 139.4 0
      vertex 0 112 0
      vertex 2.09541 140.075 0
    endloop
  endfacet
  facet normal 0 0 -1
    outer loop
      vertex 0 112 0
      vertex 2 140.8 0
      vertex 2.09541 140.075 0
    endloop
  endfacet
  facet normal 0 0 -1
    outer loop
      vertex 0 198 0
      vertex 2 140.8 0
      vertex 0 112 0
    endloop
  endfacet
  facet normal 0 0 -1
    outer loop
      vertex 0.456711 200.296 0
      vertex 0 198 0
      vertex 0.11528 199.171 0
    endloop
  endfacet
  facet normal 0 0 -1
    outer loop
      vertex 94.5433 200.296 0
      vertex 89 204 0
      vertex 93.9888 201.333 0
    endloop
  endfacet
  facet normal 0 0 -1
    outer loop
      vertex 94.8847 199.171 0
      vertex 89 204 0
      vertex 94.5433 200.296 0
    endloop
  endfacet
  facet normal 0 0 -1
    outer loop
      vertex 84.2021 193.202 0
      vertex 95 198 0
      vertex 84.4722 192.85 0
    endloop
  endfacet
  facet normal 0 0 -1
    outer loop
      vertex 84.6421 191.56 0
      vertex 85.7021 130.202 0
      vertex 85.35 130.472 0
    endloop
  endfacet
  facet normal 0 0 -1
    outer loop
      vertex 80.5021 158.798 0
      vertex 85.35 130.472 0
      vertex 84.94 130.642 0
    endloop
  endfacet
  facet normal 0 0 -1
    outer loop
      vertex 93.9888 201.333 0
      vertex 89 204 0
      vertex 93.2426 202.243 0
    endloop
  endfacet
  facet normal 0 0 -1
    outer loop
      vertex 93.2426 202.243 0
      vertex 89 204 0
      vertex 92.3334 202.989 0
    endloop
  endfacet
  facet normal 0 0 -1
    outer loop
      vertex 92.3334 202.989 0
      vertex 89 204 0
      vertex 91.2961 203.543 0
    endloop
  endfacet
  facet normal 0 0 -1
    outer loop
      vertex 91.2961 203.543 0
      vertex 89 204 0
      vertex 90.1705 203.885 0
    endloop
  endfacet
  facet normal 0 0 -1
    outer loop
      vertex 83.85 193.472 0
      vertex 89 204 0
      vertex 84.2021 193.202 0
    endloop
  endfacet
  facet normal 0 0 -1
    outer loop
      vertex 83.44 193.642 0
      vertex 89 204 0
      vertex 83.85 193.472 0
    endloop
  endfacet
  facet normal 0 0 -1
    outer loop
      vertex 83 193.7 0
      vertex 89 204 0
      vertex 83.44 193.642 0
    endloop
  endfacet
  facet normal 0 0 -1
    outer loop
      vertex 82.56 193.642 0
      vertex 89 204 0
      vertex 83 193.7 0
    endloop
  endfacet
  facet normal 0 0 -1
    outer loop
      vertex 82.15 193.472 0
      vertex 89 204 0
      vertex 82.56 193.642 0
    endloop
  endfacet
  facet normal 0 0 -1
    outer loop
      vertex 56.4722 197.85 0
      vertex 82.15 193.472 0
      vertex 81.7979 193.202 0
    endloop
  endfacet
  facet normal 0 0 -1
    outer loop
      vertex 56.6421 197.44 0
      vertex 81.7979 193.202 0
      vertex 81.5278 192.85 0
    endloop
  endfacet
  facet normal -0 0 -1
    outer loop
      vertex 82.15 190.528 0
      vertex 80.5021 189.102 0
      vertex 81.7979 190.798 0
    endloop
  endfacet
  facet normal 0 0 -1
    outer loop
      vertex 80.15 189.372 0
      vertex 81.7979 190.798 0
      vertex 80.5021 189.102 0
    endloop
  endfacet
  facet normal -0 0 -1
    outer loop
      vertex 81.7979 190.798 0
      vertex 80.15 189.372 0
      vertex 81.5278 191.15 0
    endloop
  endfacet
  facet normal 0 0 -1
    outer loop
      vertex 79.74 189.542 0
      vertex 81.5278 191.15 0
      vertex 80.15 189.372 0
    endloop
  endfacet
  facet normal -0 0 -1
    outer loop
      vertex 81.5278 191.15 0
      vertex 79.74 189.542 0
      vertex 81.3579 191.56 0
    endloop
  endfacet
  facet normal 0 0 -1
    outer loop
      vertex 79.3 189.6 0
      vertex 81.3579 191.56 0
      vertex 79.74 189.542 0
    endloop
  endfacet
  facet normal -0 0 -1
    outer loop
      vertex 81.3579 191.56 0
      vertex 79.3 189.6 0
      vertex 81.3 192 0
    endloop
  endfacet
  facet normal 0 0 -1
    outer loop
      vertex 78.86 189.542 0
      vertex 81.3 192 0
      vertex 79.3 189.6 0
    endloop
  endfacet
  facet normal -0 0 -1
    outer loop
      vertex 81.3 192 0
      vertex 78.86 189.542 0
      vertex 81.3579 192.44 0
    endloop
  endfacet
  facet normal 0 0 -1
    outer loop
      vertex 78.45 189.372 0
      vertex 81.3579 192.44 0
      vertex 78.86 189.542 0
    endloop
  endfacet
  facet normal -0 0 -1
    outer loop
      vertex 81.3579 192.44 0
      vertex 78.45 189.372 0
      vertex 81.5278 192.85 0
    endloop
  endfacet
  facet normal 0 0 -1
    outer loop
      vertex 56.6421 197.44 0
      vertex 81.5278 192.85 0
      vertex 78.45 189.372 0
    endloop
  endfacet
  facet normal 0 0 -1
    outer loop
      vertex 56.6421 197.44 0
      vertex 78.45 189.372 0
      vertex 78.0979 189.102 0
    endloop
  endfacet
  facet normal 0 0 -1
    outer loop
      vertex 56.7 197 0
      vertex 78.0979 189.102 0
      vertex 77.8278 188.75 0
    endloop
  endfacet
  facet normal 0 0 -1
    outer loop
      vertex 56.4722 179.85 0
      vertex 77.6579 187.46 0
      vertex 56.6421 179.44 0
    endloop
  endfacet
  facet normal 0 0 -1
    outer loop
      vertex 77.6 187.9 0
      vertex 56.7 197 0
      vertex 77.6579 188.34 0
    endloop
  endfacet
  facet normal 0 0 -1
    outer loop
      vertex 77.6579 188.34 0
      vertex 56.7 197 0
      vertex 77.8278 188.75 0
    endloop
  endfacet
  facet normal 0 0 -1
    outer loop
      vertex 78.0979 189.102 0
      vertex 56.7 197 0
      vertex 56.6421 197.44 0
    endloop
  endfacet
  facet normal 0 0 -1
    outer loop
      vertex 81.7979 193.202 0
      vertex 56.6421 197.44 0
      vertex 56.4722 197.85 0
    endloop
  endfacet
  facet normal 0 0 -1
    outer loop
      vertex 82.15 193.472 0
      vertex 56.4722 197.85 0
      vertex 89 204 0
    endloop
  endfacet
  facet normal 0 0 -1
    outer loop
      vertex 56.2021 198.202 0
      vertex 89 204 0
      vertex 56.4722 197.85 0
    endloop
  endfacet
  facet normal 0 0 -1
    outer loop
      vertex 55.85 198.472 0
      vertex 89 204 0
      vertex 56.2021 198.202 0
    endloop
  endfacet
  facet normal 0 0 -1
    outer loop
      vertex 55.44 198.642 0
      vertex 89 204 0
      vertex 55.85 198.472 0
    endloop
  endfacet
  facet normal 0 0 -1
    outer loop
      vertex 49.0203 201.52 0
      vertex 55.44 198.642 0
      vertex 55 198.7 0
    endloop
  endfacet
  facet normal 0 0 -1
    outer loop
      vertex 49.362 201.075 0
      vertex 55 198.7 0
      vertex 54.56 198.642 0
    endloop
  endfacet
  facet normal 0 0 -1
    outer loop
      vertex 49.65 200 0
      vertex 53.3579 197.44 0
      vertex 53.3 197 0
    endloop
  endfacet
  facet normal 0 0 -1
    outer loop
      vertex 49.65 200 0
      vertex 53.5278 197.85 0
      vertex 53.3579 197.44 0
    endloop
  endfacet
  facet normal 0 0 -1
    outer loop
      vertex 49.65 200 0
      vertex 53.7979 198.202 0
      vertex 53.5278 197.85 0
    endloop
  endfacet
  facet normal 0 0 -1
    outer loop
      vertex 49.65 200 0
      vertex 54.15 198.472 0
      vertex 53.7979 198.202 0
    endloop
  endfacet
  facet normal 0 0 -1
    outer loop
      vertex 49.5767 200.556 0
      vertex 54.15 198.472 0
      vertex 49.65 200 0
    endloop
  endfacet
  facet normal 0 0 -1
    outer loop
      vertex 54.15 198.472 0
      vertex 49.5767 200.556 0
      vertex 54.56 198.642 0
    endloop
  endfacet
  facet normal 0 0 -1
    outer loop
      vertex 49.362 201.075 0
      vertex 54.56 198.642 0
      vertex 49.5767 200.556 0
    endloop
  endfacet
  facet normal 0 0 -1
    outer loop
      vertex 55 198.7 0
      vertex 49.362 201.075 0
      vertex 49.0203 201.52 0
    endloop
  endfacet
  facet normal 0 0 -1
    outer loop
      vertex 55.44 198.642 0
      vertex 49.0203 201.52 0
      vertex 48.575 201.862 0
    endloop
  endfacet
  facet normal 0 0 -1
    outer loop
      vertex 55.44 198.642 0
      vertex 48.575 201.862 0
      vertex 89 204 0
    endloop
  endfacet
  facet normal 0 0 -1
    outer loop
      vertex 48.0565 202.077 0
      vertex 89 204 0
      vertex 48.575 201.862 0
    endloop
  endfacet
  facet normal 0 0 -1
    outer loop
      vertex 47.5 202.15 0
      vertex 89 204 0
      vertex 48.0565 202.077 0
    endloop
  endfacet
  facet normal -0 0 -1
    outer loop
      vertex 45.638 198.925 0
      vertex 41.6421 197.44 0
      vertex 45.4233 199.444 0
    endloop
  endfacet
  facet normal 0 0 -1
    outer loop
      vertex 41.4722 197.85 0
      vertex 45.4233 199.444 0
      vertex 41.6421 197.44 0
    endloop
  endfacet
  facet normal -0 0 -1
    outer loop
      vertex 45.4233 199.444 0
      vertex 41.4722 197.85 0
      vertex 45.35 200 0
    endloop
  endfacet
  facet normal 0 0 -1
    outer loop
      vertex 41.2021 198.202 0
      vertex 45.35 200 0
      vertex 41.4722 197.85 0
    endloop
  endfacet
  facet normal 0 0 -1
    outer loop
      vertex 40.85 198.472 0
      vertex 45.35 200 0
      vertex 41.2021 198.202 0
    endloop
  endfacet
  facet normal -0 0 -1
    outer loop
      vertex 45.35 200 0
      vertex 40.85 198.472 0
      vertex 45.4233 200.556 0
    endloop
  endfacet
  facet normal 0 0 -1
    outer loop
      vertex 40.44 198.642 0
      vertex 45.4233 200.556 0
      vertex 40.85 198.472 0
    endloop
  endfacet
  facet normal -0 0 -1
    outer loop
      vertex 45.4233 200.556 0
      vertex 40.44 198.642 0
      vertex 45.638 201.075 0
    endloop
  endfacet
  facet normal 0 0 -1
    outer loop
      vertex 40 198.7 0
      vertex 45.638 201.075 0
      vertex 40.44 198.642 0
    endloop
  endfacet
  facet normal -0 0 -1
    outer loop
      vertex 45.638 201.075 0
      vertex 40 198.7 0
      vertex 45.9797 201.52 0
    endloop
  endfacet
  facet normal 0 0 -1
    outer loop
      vertex 39.56 198.642 0
      vertex 45.9797 201.52 0
      vertex 40 198.7 0
    endloop
  endfacet
  facet normal -0 0 -1
    outer loop
      vertex 45.9797 201.52 0
      vertex 39.56 198.642 0
      vertex 46.425 201.862 0
    endloop
  endfacet
  facet normal 0 0 -1
    outer loop
      vertex 6 204 0
      vertex 39.56 198.642 0
      vertex 39.15 198.472 0
    endloop
  endfacet
  facet normal 0 0 -1
    outer loop
      vertex 28.5 146.5 0
      vertex 19.15 163.8 0
      vertex 28.94 146.442 0
    endloop
  endfacet
  facet normal -0 0 -1
    outer loop
      vertex 39.56 177.358 0
      vertex 19.15 163.8 0
      vertex 39.15 177.528 0
    endloop
  endfacet
  facet normal 0 0 -1
    outer loop
      vertex 19.0767 164.356 0
      vertex 39.15 177.528 0
      vertex 19.15 163.8 0
    endloop
  endfacet
  facet normal -0 0 -1
    outer loop
      vertex 39.15 177.528 0
      vertex 19.0767 164.356 0
      vertex 38.7979 177.798 0
    endloop
  endfacet
  facet normal -0 0 -1
    outer loop
      vertex 38.5278 196.15 0
      vertex 28.5421 193.74 0
      vertex 38.3579 196.56 0
    endloop
  endfacet
  facet normal 0 0 -1
    outer loop
      vertex 28.5421 192.86 0
      vertex 38.3 179 0
      vertex 38.3579 178.56 0
    endloop
  endfacet
  facet normal 0 0 -1
    outer loop
      vertex 28.3722 194.15 0
      vertex 38.3579 196.56 0
      vertex 28.5421 193.74 0
    endloop
  endfacet
  facet normal -0 0 -1
    outer loop
      vertex 38.3579 196.56 0
      vertex 28.3722 194.15 0
      vertex 38.3 197 0
    endloop
  endfacet
  facet normal 0 0 -1
    outer loop
      vertex 28.1021 194.502 0
      vertex 38.3 197 0
      vertex 28.3722 194.15 0
    endloop
  endfacet
  facet normal -0 0 -1
    outer loop
      vertex 38.3 197 0
      vertex 28.1021 194.502 0
      vertex 38.3579 197.44 0
    endloop
  endfacet
  facet normal 0 0 -1
    outer loop
      vertex 27.75 194.772 0
      vertex 38.3579 197.44 0
      vertex 28.1021 194.502 0
    endloop
  endfacet
  facet normal -0 0 -1
    outer loop
      vertex 38.3579 197.44 0
      vertex 27.75 194.772 0
      vertex 38.5278 197.85 0
    endloop
  endfacet
  facet normal 0 0 -1
    outer loop
      vertex 27.34 194.942 0
      vertex 38.5278 197.85 0
      vertex 27.75 194.772 0
    endloop
  endfacet
  facet normal -0 0 -1
    outer loop
      vertex 38.5278 197.85 0
      vertex 27.34 194.942 0
      vertex 38.7979 198.202 0
    endloop
  endfacet
  facet normal 0 0 -1
    outer loop
      vertex 26.9 195 0
      vertex 38.7979 198.202 0
      vertex 27.34 194.942 0
    endloop
  endfacet
  facet normal -0 0 -1
    outer loop
      vertex 38.7979 198.202 0
      vertex 26.9 195 0
      vertex 39.15 198.472 0
    endloop
  endfacet
  facet normal 0 0 -1
    outer loop
      vertex 6 204 0
      vertex 39.15 198.472 0
      vertex 26.9 195 0
    endloop
  endfacet
  facet normal 0 0 -1
    outer loop
      vertex 39.56 198.642 0
      vertex 6 204 0
      vertex 46.425 201.862 0
    endloop
  endfacet
  facet normal 0 0 -1
    outer loop
      vertex 6 204 0
      vertex 26.9 195 0
      vertex 26.46 194.942 0
    endloop
  endfacet
  facet normal 0 0 -1
    outer loop
      vertex 24.025 193.307 0
      vertex 25.2 193.3 0
      vertex 24.8638 192.664 0
    endloop
  endfacet
  facet normal 0 0 -1
    outer loop
      vertex 25.2 193.3 0
      vertex 24.025 193.307 0
      vertex 25.2579 193.74 0
    endloop
  endfacet
  facet normal 0 0 -1
    outer loop
      vertex 24.025 193.307 0
      vertex 25.4278 194.15 0
      vertex 25.2579 193.74 0
    endloop
  endfacet
  facet normal 0 0 -1
    outer loop
      vertex 23.0482 193.712 0
      vertex 25.4278 194.15 0
      vertex 24.025 193.307 0
    endloop
  endfacet
  facet normal -0 0 -1
    outer loop
      vertex 25.4278 194.15 0
      vertex 23.0482 193.712 0
      vertex 25.6979 194.502 0
    endloop
  endfacet
  facet normal -0 0 -1
    outer loop
      vertex 25.6979 194.502 0
      vertex 23.0482 193.712 0
      vertex 26.05 194.772 0
    endloop
  endfacet
  facet normal 0 0 -1
    outer loop
      vertex 22 193.85 0
      vertex 26.05 194.772 0
      vertex 23.0482 193.712 0
    endloop
  endfacet
  facet normal -0 0 -1
    outer loop
      vertex 26.05 194.772 0
      vertex 22 193.85 0
      vertex 26.46 194.942 0
    endloop
  endfacet
  facet normal 0 0 -1
    outer loop
      vertex 6 204 0
      vertex 26.46 194.942 0
      vertex 22 193.85 0
    endloop
  endfacet
  facet normal 0 0 -1
    outer loop
      vertex 6 204 0
      vertex 22 193.85 0
      vertex 20.9518 193.712 0
    endloop
  endfacet
  facet normal 0 0 -1
    outer loop
      vertex 13.6421 191.56 0
      vertex 19.1362 186.936 0
      vertex 15.925 165.662 0
    endloop
  endfacet
  facet normal 0 0 -1
    outer loop
      vertex 13.6421 191.56 0
      vertex 15.925 165.662 0
      vertex 15.4797 165.32 0
    endloop
  endfacet
  facet normal 0 0 -1
    outer loop
      vertex 13.6421 191.56 0
      vertex 18.088 188.752 0
      vertex 18.4926 187.775 0
    endloop
  endfacet
  facet normal 0 0 -1
    outer loop
      vertex 19.1362 186.936 0
      vertex 13.6421 191.56 0
      vertex 18.4926 187.775 0
    endloop
  endfacet
  facet normal 0 0 -1
    outer loop
      vertex 13.6421 191.56 0
      vertex 15.4797 165.32 0
      vertex 15.138 164.875 0
    endloop
  endfacet
  facet normal 0 0 -1
    outer loop
      vertex 13.6421 191.56 0
      vertex 15.138 164.875 0
      vertex 14.9233 164.356 0
    endloop
  endfacet
  facet normal 0 0 -1
    outer loop
      vertex 13.6421 191.56 0
      vertex 14.9233 164.356 0
      vertex 14.85 163.8 0
    endloop
  endfacet
  facet normal -0 0 -1
    outer loop
      vertex 16.4435 149.723 0
      vertex 7.50459 141.525 0
      vertex 15.925 149.938 0
    endloop
  endfacet
  facet normal 0 0 -1
    outer loop
      vertex 13.6421 191.56 0
      vertex 14.85 163.8 0
      vertex 14.85 151.8 0
    endloop
  endfacet
  facet normal 0 0 -1
    outer loop
      vertex 13.6421 191.56 0
      vertex 17.95 189.8 0
      vertex 18.088 188.752 0
    endloop
  endfacet
  facet normal 0 0 -1
    outer loop
      vertex 13.6421 191.56 0
      vertex 18.088 190.848 0
      vertex 17.95 189.8 0
    endloop
  endfacet
  facet normal 0 0 -1
    outer loop
      vertex 13.7 192 0
      vertex 18.4926 191.825 0
      vertex 18.088 190.848 0
    endloop
  endfacet
  facet normal 0 0 -1
    outer loop
      vertex 13.6421 192.44 0
      vertex 18.4926 191.825 0
      vertex 13.7 192 0
    endloop
  endfacet
  facet normal 0 0 -1
    outer loop
      vertex 13.4722 192.85 0
      vertex 18.4926 191.825 0
      vertex 13.6421 192.44 0
    endloop
  endfacet
  facet normal 0 0 -1
    outer loop
      vertex 18.4926 191.825 0
      vertex 13.4722 192.85 0
      vertex 19.1362 192.664 0
    endloop
  endfacet
  facet normal 0 0 -1
    outer loop
      vertex 13.2021 193.202 0
      vertex 19.1362 192.664 0
      vertex 13.4722 192.85 0
    endloop
  endfacet
  facet normal 0 0 -1
    outer loop
      vertex 19.1362 192.664 0
      vertex 13.2021 193.202 0
      vertex 19.975 193.307 0
    endloop
  endfacet
  facet normal 0 0 -1
    outer loop
      vertex 12.85 193.472 0
      vertex 19.975 193.307 0
      vertex 13.2021 193.202 0
    endloop
  endfacet
  facet normal 0 0 -1
    outer loop
      vertex 19.975 193.307 0
      vertex 12.85 193.472 0
      vertex 20.9518 193.712 0
    endloop
  endfacet
  facet normal 0 0 -1
    outer loop
      vertex 12.44 193.642 0
      vertex 20.9518 193.712 0
      vertex 12.85 193.472 0
    endloop
  endfacet
  facet normal -0 0 -1
    outer loop
      vertex 20.9518 193.712 0
      vertex 12.44 193.642 0
      vertex 6 204 0
    endloop
  endfacet
  facet normal 0 0 -1
    outer loop
      vertex 6 204 0
      vertex 12.44 193.642 0
      vertex 12 193.7 0
    endloop
  endfacet
  facet normal 0 0 -1
    outer loop
      vertex 6 204 0
      vertex 12 193.7 0
      vertex 11.56 193.642 0
    endloop
  endfacet
  facet normal 0 0 -1
    outer loop
      vertex 7.6 140.8 0
      vertex 10.06 130.642 0
      vertex 9.65 130.472 0
    endloop
  endfacet
  facet normal 0 0 -1
    outer loop
      vertex 7.6 140.8 0
      vertex 9.65 130.472 0
      vertex 9.29792 130.202 0
    endloop
  endfacet
  facet normal 0 0 -1
    outer loop
      vertex 7.6 140.8 0
      vertex 9.29792 130.202 0
      vertex 9.02776 129.85 0
    endloop
  endfacet
  facet normal 0 0 -1
    outer loop
      vertex 7.6 140.8 0
      vertex 9.02776 129.85 0
      vertex 8.85793 129.44 0
    endloop
  endfacet
  facet normal 0 0 -1
    outer loop
      vertex 7.6 140.8 0
      vertex 8.85793 129.44 0
      vertex 8.8 129 0
    endloop
  endfacet
  facet normal 0 0 -1
    outer loop
      vertex 7.6 140.8 0
      vertex 8.8 129 0
      vertex 8.5 124.5 0
    endloop
  endfacet
  facet normal -0 0 -1
    outer loop
      vertex 15.4797 150.28 0
      vertex 6.7799 142.78 0
      vertex 15.138 150.725 0
    endloop
  endfacet
  facet normal 0 0 -1
    outer loop
      vertex 4.07531 143.505 0
      vertex 14.85 151.8 0
      vertex 4.8 143.6 0
    endloop
  endfacet
  facet normal 0 0 -1
    outer loop
      vertex 14.85 151.8 0
      vertex 11.15 190.528 0
      vertex 11.56 190.358 0
    endloop
  endfacet
  facet normal 0 -0 -1
    outer loop
      vertex 10.7979 190.798 0
      vertex 14.85 151.8 0
      vertex 4.07531 143.505 0
    endloop
  endfacet
  facet normal 0 0 -1
    outer loop
      vertex 14.85 151.8 0
      vertex 10.7979 190.798 0
      vertex 11.15 190.528 0
    endloop
  endfacet
  facet normal 0 0 -1
    outer loop
      vertex 47.5 202.15 0
      vertex 6 204 0
      vertex 89 204 0
    endloop
  endfacet
  facet normal 0 0 -1
    outer loop
      vertex 46.9435 202.077 0
      vertex 6 204 0
      vertex 47.5 202.15 0
    endloop
  endfacet
  facet normal 0 0 -1
    outer loop
      vertex 46.425 201.862 0
      vertex 6 204 0
      vertex 46.9435 202.077 0
    endloop
  endfacet
  facet normal 0 0 -1
    outer loop
      vertex 11.15 193.472 0
      vertex 6 204 0
      vertex 11.56 193.642 0
    endloop
  endfacet
  facet normal 0 0 -1
    outer loop
      vertex 10.7979 193.202 0
      vertex 6 204 0
      vertex 11.15 193.472 0
    endloop
  endfacet
  facet normal 0 0 -1
    outer loop
      vertex 1.01117 201.333 0
      vertex 10.7979 193.202 0
      vertex 10.5278 192.85 0
    endloop
  endfacet
  facet normal 0 0 -1
    outer loop
      vertex 1.01117 201.333 0
      vertex 10.5278 192.85 0
      vertex 10.3579 192.44 0
    endloop
  endfacet
  facet normal 0 0 -1
    outer loop
      vertex 1.01117 201.333 0
      vertex 10.3579 192.44 0
      vertex 10.3 192 0
    endloop
  endfacet
  facet normal 0 0 -1
    outer loop
      vertex 3.4 143.225 0
      vertex 10.7979 190.798 0
      vertex 4.07531 143.505 0
    endloop
  endfacet
  facet normal -0 0 -1
    outer loop
      vertex 10.7979 190.798 0
      vertex 3.4 143.225 0
      vertex 10.5278 191.15 0
    endloop
  endfacet
  facet normal 0 0 -1
    outer loop
      vertex 1.01117 201.333 0
      vertex 6 204 0
      vertex 10.7979 193.202 0
    endloop
  endfacet
  facet normal 0 0 -1
    outer loop
      vertex 2.8201 142.78 0
      vertex 10.5278 191.15 0
      vertex 3.4 143.225 0
    endloop
  endfacet
  facet normal 0 0 -1
    outer loop
      vertex 1.01117 201.333 0
      vertex 10.5278 191.15 0
      vertex 2.8201 142.78 0
    endloop
  endfacet
  facet normal 0 0 -1
    outer loop
      vertex 6 204 0
      vertex 1.75735 202.243 0
      vertex 4.82945 203.885 0
    endloop
  endfacet
  facet normal 0 0 -1
    outer loop
      vertex 10.5278 191.15 0
      vertex 1.01117 201.333 0
      vertex 10.3579 191.56 0
    endloop
  endfacet
  facet normal 0 0 -1
    outer loop
      vertex 10.3579 191.56 0
      vertex 1.01117 201.333 0
      vertex 10.3 192 0
    endloop
  endfacet
  facet normal 0 0 -1
    outer loop
      vertex 4.82945 203.885 0
      vertex 1.75735 202.243 0
      vertex 3.70389 203.543 0
    endloop
  endfacet
  facet normal 0 0 -1
    outer loop
      vertex 1.01117 201.333 0
      vertex 2.8201 142.78 0
      vertex 2.37513 142.2 0
    endloop
  endfacet
  facet normal 0 0 -1
    outer loop
      vertex 1.01117 201.333 0
      vertex 2.37513 142.2 0
      vertex 2.09541 141.525 0
    endloop
  endfacet
  facet normal 0 0 -1
    outer loop
      vertex 0 198 0
      vertex 2.09541 141.525 0
      vertex 2 140.8 0
    endloop
  endfacet
  facet normal 0 0 -1
    outer loop
      vertex 3.70389 203.543 0
      vertex 1.75735 202.243 0
      vertex 2.66656 202.989 0
    endloop
  endfacet
  facet normal 0 0 -1
    outer loop
      vertex 47.5 140.15 0
      vertex 54.56 177.358 0
      vertex 47.8753 140.101 0
    endloop
  endfacet
  facet normal 0 0 -1
    outer loop
      vertex 40.44 177.358 0
      vertex 54.56 177.358 0
      vertex 47.5 140.15 0
    endloop
  endfacet
  facet normal 0 -0 -1
    outer loop
      vertex 41.7 179 0
      vertex 53.3579 178.56 0
      vertex 41.6421 178.56 0
    endloop
  endfacet
  facet normal 0 0 -1
    outer loop
      vertex 54.56 177.358 0
      vertex 40.44 177.358 0
      vertex 54.15 177.528 0
    endloop
  endfacet
  facet normal 0 -0 -1
    outer loop
      vertex 40.85 177.528 0
      vertex 54.15 177.528 0
      vertex 40.44 177.358 0
    endloop
  endfacet
  facet normal 0 0 -1
    outer loop
      vertex 41.4722 179.85 0
      vertex 53.5278 179.85 0
      vertex 41.6421 179.44 0
    endloop
  endfacet
  facet normal 0 -0 -1
    outer loop
      vertex 41.2021 177.798 0
      vertex 53.7979 177.798 0
      vertex 40.85 177.528 0
    endloop
  endfacet
  facet normal 0 0 -1
    outer loop
      vertex 53.7979 177.798 0
      vertex 41.2021 177.798 0
      vertex 53.5278 178.15 0
    endloop
  endfacet
  facet normal 0 0 -1
    outer loop
      vertex 53.3579 196.56 0
      vertex 49.0203 198.48 0
      vertex 53.3 197 0
    endloop
  endfacet
  facet normal 0 0 -1
    outer loop
      vertex 40.44 177.358 0
      vertex 47.5 140.15 0
      vertex 47.1247 140.101 0
    endloop
  endfacet
  facet normal 0 -0 -1
    outer loop
      vertex 49.0203 198.48 0
      vertex 53.3579 196.56 0
      vertex 48.575 198.138 0
    endloop
  endfacet
  facet normal 0 0 -1
    outer loop
      vertex 46.4747 139.725 0
      vertex 30.1421 145.24 0
      vertex 46.775 139.956 0
    endloop
  endfacet
  facet normal 0 0 -1
    outer loop
      vertex 30.1421 145.24 0
      vertex 46.4747 139.725 0
      vertex 30.2 144.8 0
    endloop
  endfacet
  facet normal 0 0 -1
    outer loop
      vertex 53.5278 179.85 0
      vertex 41.4722 179.85 0
      vertex 53.7979 180.202 0
    endloop
  endfacet
  facet normal 0 0 -1
    outer loop
      vertex 30.2 144.8 0
      vertex 46.4747 139.725 0
      vertex 46.2443 139.425 0
    endloop
  endfacet
  facet normal 0 0 -1
    outer loop
      vertex 30.1421 144.36 0
      vertex 46.2443 139.425 0
      vertex 46.0994 139.075 0
    endloop
  endfacet
  facet normal 0 0 -1
    outer loop
      vertex 29.9722 143.95 0
      vertex 46.0994 139.075 0
      vertex 46.05 138.7 0
    endloop
  endfacet
  facet normal 0 0 -1
    outer loop
      vertex 41.2021 180.202 0
      vertex 53.7979 180.202 0
      vertex 41.4722 179.85 0
    endloop
  endfacet
  facet normal 0 0 -1
    outer loop
      vertex 48.225 137.444 0
      vertex 47.5 131 0
      vertex 47.8753 137.299 0
    endloop
  endfacet
  facet normal 0 0 -1
    outer loop
      vertex 47.5 131 0
      vertex 47.5 137.25 0
      vertex 47.8753 137.299 0
    endloop
  endfacet
  facet normal 0 0 -1
    outer loop
      vertex 47.5 131 0
      vertex 47.1247 137.299 0
      vertex 47.5 137.25 0
    endloop
  endfacet
  facet normal 0 0 -1
    outer loop
      vertex 47.5 131 0
      vertex 46.775 137.444 0
      vertex 47.1247 137.299 0
    endloop
  endfacet
  facet normal 0 0 -1
    outer loop
      vertex 47.5 131 0
      vertex 46.4747 137.675 0
      vertex 46.775 137.444 0
    endloop
  endfacet
  facet normal 0 0 -1
    outer loop
      vertex 47.5 131 0
      vertex 46.2443 137.975 0
      vertex 46.4747 137.675 0
    endloop
  endfacet
  facet normal 0 0 -1
    outer loop
      vertex 29.35 143.328 0
      vertex 46.2443 137.975 0
      vertex 47.5 131 0
    endloop
  endfacet
  facet normal -0 0 -1
    outer loop
      vertex 46.9435 197.923 0
      vertex 41.7 197 0
      vertex 46.425 198.138 0
    endloop
  endfacet
  facet normal -0 0 -1
    outer loop
      vertex 46.425 198.138 0
      vertex 41.7 197 0
      vertex 45.9797 198.48 0
    endloop
  endfacet
  facet normal -0 0 -1
    outer loop
      vertex 45.9797 198.48 0
      vertex 41.7 197 0
      vertex 45.638 198.925 0
    endloop
  endfacet
  facet normal 0 0 -1
    outer loop
      vertex 41.6421 197.44 0
      vertex 45.638 198.925 0
      vertex 41.7 197 0
    endloop
  endfacet
  facet normal 0 -0 -1
    outer loop
      vertex 48.575 198.138 0
      vertex 53.5278 196.15 0
      vertex 48.0565 197.923 0
    endloop
  endfacet
  facet normal -0 0 -1
    outer loop
      vertex 53.3579 178.56 0
      vertex 41.4722 178.15 0
      vertex 41.6421 178.56 0
    endloop
  endfacet
  facet normal 0 0 -1
    outer loop
      vertex 53.5278 178.15 0
      vertex 41.4722 178.15 0
      vertex 53.3579 178.56 0
    endloop
  endfacet
  facet normal 0 -0 -1
    outer loop
      vertex 41.4722 178.15 0
      vertex 53.5278 178.15 0
      vertex 41.2021 177.798 0
    endloop
  endfacet
  facet normal 0 0 -1
    outer loop
      vertex 29.7021 143.598 0
      vertex 46.05 138.7 0
      vertex 46.0994 138.325 0
    endloop
  endfacet
  facet normal 0 0 -1
    outer loop
      vertex 54.15 177.528 0
      vertex 40.85 177.528 0
      vertex 53.7979 177.798 0
    endloop
  endfacet
  facet normal 0 0 -1
    outer loop
      vertex 29.9722 145.65 0
      vertex 46.775 139.956 0
      vertex 30.1421 145.24 0
    endloop
  endfacet
  facet normal 0 0 -1
    outer loop
      vertex 46.775 139.956 0
      vertex 29.9722 145.65 0
      vertex 47.1247 140.101 0
    endloop
  endfacet
  facet normal 0 0 -1
    outer loop
      vertex 29.7021 146.002 0
      vertex 47.1247 140.101 0
      vertex 29.9722 145.65 0
    endloop
  endfacet
  facet normal 0 0 -1
    outer loop
      vertex 47.1247 140.101 0
      vertex 29.7021 146.002 0
      vertex 40.44 177.358 0
    endloop
  endfacet
  facet normal 0 0 -1
    outer loop
      vertex 40.44 177.358 0
      vertex 29.7021 146.002 0
      vertex 40 177.3 0
    endloop
  endfacet
  facet normal 0 0 -1
    outer loop
      vertex 29.35 146.272 0
      vertex 40 177.3 0
      vertex 29.7021 146.002 0
    endloop
  endfacet
  facet normal 0 0 -1
    outer loop
      vertex 46.2443 137.975 0
      vertex 29.35 143.328 0
      vertex 46.0994 138.325 0
    endloop
  endfacet
  facet normal 0 0 -1
    outer loop
      vertex 19.15 163.8 0
      vertex 39.56 177.358 0
      vertex 28.94 146.442 0
    endloop
  endfacet
  facet normal 0 0 -1
    outer loop
      vertex 28.94 146.442 0
      vertex 39.56 177.358 0
      vertex 29.35 146.272 0
    endloop
  endfacet
  facet normal -0 0 -1
    outer loop
      vertex 40 177.3 0
      vertex 29.35 146.272 0
      vertex 39.56 177.358 0
    endloop
  endfacet
  facet normal 0 0 -1
    outer loop
      vertex 46.2443 139.425 0
      vertex 30.1421 144.36 0
      vertex 30.2 144.8 0
    endloop
  endfacet
  facet normal 0 0 -1
    outer loop
      vertex 46.0994 139.075 0
      vertex 29.9722 143.95 0
      vertex 30.1421 144.36 0
    endloop
  endfacet
  facet normal 0 0 -1
    outer loop
      vertex 46.05 138.7 0
      vertex 29.7021 143.598 0
      vertex 29.9722 143.95 0
    endloop
  endfacet
  facet normal 0 0 -1
    outer loop
      vertex 46.0994 138.325 0
      vertex 29.35 143.328 0
      vertex 29.7021 143.598 0
    endloop
  endfacet
  facet normal 0 0 -1
    outer loop
      vertex 47.5 131 0
      vertex 28.94 143.158 0
      vertex 29.35 143.328 0
    endloop
  endfacet
  facet normal 0 0 -1
    outer loop
      vertex 17.5 131 0
      vertex 28.94 143.158 0
      vertex 47.5 131 0
    endloop
  endfacet
  facet normal 0 0 -1
    outer loop
      vertex 28.94 143.158 0
      vertex 17.5 131 0
      vertex 28.5 143.1 0
    endloop
  endfacet
  facet normal -0 0 -1
    outer loop
      vertex 28.5 143.1 0
      vertex 17.5 131 0
      vertex 28.06 143.158 0
    endloop
  endfacet
  facet normal 0 0 -1
    outer loop
      vertex 27.34 191.658 0
      vertex 26.05 189.8 0
      vertex 26.9 191.6 0
    endloop
  endfacet
  facet normal 0 0 -1
    outer loop
      vertex 25.912 190.848 0
      vertex 26.9 191.6 0
      vertex 26.05 189.8 0
    endloop
  endfacet
  facet normal 0 -0 -1
    outer loop
      vertex 26.05 189.8 0
      vertex 27.75 191.828 0
      vertex 25.912 188.752 0
    endloop
  endfacet
  facet normal 0 0 -1
    outer loop
      vertex 38.3579 178.56 0
      vertex 24.8638 186.936 0
      vertex 25.5074 187.775 0
    endloop
  endfacet
  facet normal 0 0 -1
    outer loop
      vertex 38.3579 178.56 0
      vertex 24.025 186.293 0
      vertex 24.8638 186.936 0
    endloop
  endfacet
  facet normal -0 0 -1
    outer loop
      vertex 38.7979 177.798 0
      vertex 18.862 164.875 0
      vertex 38.5278 178.15 0
    endloop
  endfacet
  facet normal 0 0 -1
    outer loop
      vertex 38.3579 178.56 0
      vertex 23.0482 185.888 0
      vertex 24.025 186.293 0
    endloop
  endfacet
  facet normal 0 0 -1
    outer loop
      vertex 18.862 164.875 0
      vertex 38.7979 177.798 0
      vertex 19.0767 164.356 0
    endloop
  endfacet
  facet normal 0 0 -1
    outer loop
      vertex 18.075 149.938 0
      vertex 26.8 144.8 0
      vertex 26.8579 144.36 0
    endloop
  endfacet
  facet normal 0 0 -1
    outer loop
      vertex 18.5203 165.32 0
      vertex 38.5278 178.15 0
      vertex 18.862 164.875 0
    endloop
  endfacet
  facet normal -0 0 -1
    outer loop
      vertex 38.5278 178.15 0
      vertex 18.5203 165.32 0
      vertex 38.3579 178.56 0
    endloop
  endfacet
  facet normal 0 0 -1
    outer loop
      vertex 17.5565 149.723 0
      vertex 26.8579 144.36 0
      vertex 27.0278 143.95 0
    endloop
  endfacet
  facet normal 0 0 -1
    outer loop
      vertex 17.5 131 0
      vertex 27.0278 143.95 0
      vertex 27.2979 143.598 0
    endloop
  endfacet
  facet normal 0 0 -1
    outer loop
      vertex 27.65 146.272 0
      vertex 19.0767 151.244 0
      vertex 19.15 151.8 0
    endloop
  endfacet
  facet normal 0 0 -1
    outer loop
      vertex 27.2979 146.002 0
      vertex 18.862 150.725 0
      vertex 19.0767 151.244 0
    endloop
  endfacet
  facet normal 0 0 -1
    outer loop
      vertex 27.0278 145.65 0
      vertex 18.5203 150.28 0
      vertex 18.862 150.725 0
    endloop
  endfacet
  facet normal 0 0 -1
    outer loop
      vertex 17.5 131 0
      vertex 27.2979 143.598 0
      vertex 27.65 143.328 0
    endloop
  endfacet
  facet normal 0 0 -1
    outer loop
      vertex 26.8579 145.24 0
      vertex 18.075 149.938 0
      vertex 18.5203 150.28 0
    endloop
  endfacet
  facet normal 0 0 -1
    outer loop
      vertex 26.8579 144.36 0
      vertex 17.5565 149.723 0
      vertex 18.075 149.938 0
    endloop
  endfacet
  facet normal -0 0 -1
    outer loop
      vertex 28.06 143.158 0
      vertex 17.5 131 0
      vertex 27.65 143.328 0
    endloop
  endfacet
  facet normal 0 0 -1
    outer loop
      vertex 17 149.65 0
      vertex 27.0278 143.95 0
      vertex 17.5 131 0
    endloop
  endfacet
  facet normal 0 0 -1
    outer loop
      vertex 27.0278 143.95 0
      vertex 17 149.65 0
      vertex 17.5565 149.723 0
    endloop
  endfacet
  facet normal -0 0 -1
    outer loop
      vertex 26.9 191.6 0
      vertex 25.912 190.848 0
      vertex 26.46 191.658 0
    endloop
  endfacet
  facet normal -0 0 -1
    outer loop
      vertex 26.46 191.658 0
      vertex 25.912 190.848 0
      vertex 26.05 191.828 0
    endloop
  endfacet
  facet normal 0 0 -1
    outer loop
      vertex 25.5074 191.825 0
      vertex 26.05 191.828 0
      vertex 25.912 190.848 0
    endloop
  endfacet
  facet normal -0 0 -1
    outer loop
      vertex 26.05 191.828 0
      vertex 25.5074 191.825 0
      vertex 25.6979 192.098 0
    endloop
  endfacet
  facet normal 0 0 -1
    outer loop
      vertex 25.5074 191.825 0
      vertex 25.4278 192.45 0
      vertex 25.6979 192.098 0
    endloop
  endfacet
  facet normal 0 0 -1
    outer loop
      vertex 24.8638 192.664 0
      vertex 25.4278 192.45 0
      vertex 25.5074 191.825 0
    endloop
  endfacet
  facet normal -0 0 -1
    outer loop
      vertex 25.2579 192.86 0
      vertex 24.8638 192.664 0
      vertex 25.2 193.3 0
    endloop
  endfacet
  facet normal 0 0 -1
    outer loop
      vertex 25.4278 192.45 0
      vertex 24.8638 192.664 0
      vertex 25.2579 192.86 0
    endloop
  endfacet
  facet normal 0 -1 0
    outer loop
      vertex 0 112 0
      vertex 95 112 4
      vertex 0 112 4
    endloop
  endfacet
  facet normal 0 -1 -0
    outer loop
      vertex 95 112 4
      vertex 0 112 0
      vertex 95 112 0
    endloop
  endfacet
endsolid OpenSCAD_Model
