solid OpenSCAD_Model
  facet normal 0 0 1
    outer loop
      vertex 27 6 2
      vertex 21.7955 1.5 2
      vertex 27 1.5 2
    endloop
  endfacet
  facet normal 0 0 1
    outer loop
      vertex 27 6 2
      vertex 21.6915 1.55303 2
      vertex 21.7955 1.5 2
    endloop
  endfacet
  facet normal 0 0 1
    outer loop
      vertex 27 6 2
      vertex 21.5253 1.6168 2
      vertex 21.6915 1.55303 2
    endloop
  endfacet
  facet normal 0 0 1
    outer loop
      vertex 27 6 2
      vertex 21.3535 1.66285 2
      vertex 21.5253 1.6168 2
    endloop
  endfacet
  facet normal 0 0 1
    outer loop
      vertex 27 6 2
      vertex 21.1777 1.69069 2
      vertex 21.3535 1.66285 2
    endloop
  endfacet
  facet normal -0 0 1
    outer loop
      vertex 16.951 6 2
      vertex 21.1777 1.69069 2
      vertex 27 6 2
    endloop
  endfacet
  facet normal 0 0 1
    outer loop
      vertex 21.1777 1.69069 2
      vertex 16.951 6 2
      vertex 21 1.7 2
    endloop
  endfacet
  facet normal 0 0 1
    outer loop
      vertex 21 1.7 2
      vertex 16.951 6 2
      vertex 20.8223 1.69069 2
    endloop
  endfacet
  facet normal 0 0 1
    outer loop
      vertex 20.8223 1.69069 2
      vertex 16.951 6 2
      vertex 20.6465 1.66285 2
    endloop
  endfacet
  facet normal 0 0 1
    outer loop
      vertex 20.6465 1.66285 2
      vertex 16.951 6 2
      vertex 20.4747 1.6168 2
    endloop
  endfacet
  facet normal 0 0 1
    outer loop
      vertex 20.4747 1.6168 2
      vertex 16.951 6 2
      vertex 20.3085 1.55303 2
    endloop
  endfacet
  facet normal 0 0 1
    outer loop
      vertex 20.3085 1.55303 2
      vertex 16.951 6 2
      vertex 20.2045 1.5 2
    endloop
  endfacet
  facet normal 0 0 1
    outer loop
      vertex 10.049 4.4741 2
      vertex 16.4438 7.32126 2
      vertex 15.5885 9 2
    endloop
  endfacet
  facet normal 0 0 1
    outer loop
      vertex 9.52628 5.5 2
      vertex 15.5885 9 2
      vertex 14.5623 10.5801 2
    endloop
  endfacet
  facet normal 0 0 1
    outer loop
      vertex 8.89919 6.46564 2
      vertex 14.5623 10.5801 2
      vertex 13.3766 12.0444 2
    endloop
  endfacet
  facet normal 0 0 1
    outer loop
      vertex 8.17459 7.36044 2
      vertex 13.3766 12.0444 2
      vertex 12.0444 13.3766 2
    endloop
  endfacet
  facet normal 0 0 1
    outer loop
      vertex 16.951 6 2
      vertex 10.8843 1.5 2
      vertex 20.2045 1.5 2
    endloop
  endfacet
  facet normal 0 0 1
    outer loop
      vertex 14.5623 10.5801 2
      vertex 8.89919 6.46564 2
      vertex 9.52628 5.5 2
    endloop
  endfacet
  facet normal 0 0 1
    outer loop
      vertex 16.951 6 2
      vertex 10.7596 2.28703 2
      vertex 10.8843 1.5 2
    endloop
  endfacet
  facet normal 0 0 1
    outer loop
      vertex 7.36044 8.17459 2
      vertex 12.0444 13.3766 2
      vertex 10.5801 14.5623 2
    endloop
  endfacet
  facet normal 0 0 1
    outer loop
      vertex 16.951 6 2
      vertex 10.4616 3.39919 2
      vertex 10.7596 2.28703 2
    endloop
  endfacet
  facet normal 0 0 1
    outer loop
      vertex 16.951 6 2
      vertex 10.049 4.4741 2
      vertex 10.4616 3.39919 2
    endloop
  endfacet
  facet normal 0 0 1
    outer loop
      vertex 16.4438 7.32126 2
      vertex 10.049 4.4741 2
      vertex 16.951 6 2
    endloop
  endfacet
  facet normal 0 0 1
    outer loop
      vertex 6.46564 8.89919 2
      vertex 10.5801 14.5623 2
      vertex 9 15.5885 2
    endloop
  endfacet
  facet normal 0 -0 1
    outer loop
      vertex 10.049 4.4741 2
      vertex 15.5885 9 2
      vertex 9.52628 5.5 2
    endloop
  endfacet
  facet normal 0 0 1
    outer loop
      vertex 13.3766 12.0444 2
      vertex 8.17459 7.36044 2
      vertex 8.89919 6.46564 2
    endloop
  endfacet
  facet normal 0 0 1
    outer loop
      vertex 12.0444 13.3766 2
      vertex 7.36044 8.17459 2
      vertex 8.17459 7.36044 2
    endloop
  endfacet
  facet normal 0 0 1
    outer loop
      vertex 5.5 9.52628 2
      vertex 9 15.5885 2
      vertex 7.32126 16.4438 2
    endloop
  endfacet
  facet normal 0 0 1
    outer loop
      vertex 10.5801 14.5623 2
      vertex 6.46564 8.89919 2
      vertex 7.36044 8.17459 2
    endloop
  endfacet
  facet normal 0 0 1
    outer loop
      vertex 4.4741 10.049 2
      vertex 7.32126 16.4438 2
      vertex 5.56231 17.119 2
    endloop
  endfacet
  facet normal 0 0 1
    outer loop
      vertex 9 15.5885 2
      vertex 5.5 9.52628 2
      vertex 6.46564 8.89919 2
    endloop
  endfacet
  facet normal 0 0 1
    outer loop
      vertex 7.32126 16.4438 2
      vertex 4.4741 10.049 2
      vertex 5.5 9.52628 2
    endloop
  endfacet
  facet normal 0 0 1
    outer loop
      vertex 3.39919 10.4616 2
      vertex 5.56231 17.119 2
      vertex 3.74241 17.6067 2
    endloop
  endfacet
  facet normal 0 0 1
    outer loop
      vertex 5.56231 17.119 2
      vertex 3.39919 10.4616 2
      vertex 4.4741 10.049 2
    endloop
  endfacet
  facet normal 0 0 1
    outer loop
      vertex 3.74241 17.6067 2
      vertex 2.28703 10.7596 2
      vertex 3.39919 10.4616 2
    endloop
  endfacet
  facet normal 0 0 1
    outer loop
      vertex 1.88151 17.9014 2
      vertex 2.28703 10.7596 2
      vertex 3.74241 17.6067 2
    endloop
  endfacet
  facet normal 0 0 1
    outer loop
      vertex 1.88151 17.9014 2
      vertex 1.14981 10.9397 2
      vertex 2.28703 10.7596 2
    endloop
  endfacet
  facet normal 0 0 1
    outer loop
      vertex 0 18 2
      vertex 1.14981 10.9397 2
      vertex 1.88151 17.9014 2
    endloop
  endfacet
  facet normal 0 0 1
    outer loop
      vertex 0 18 2
      vertex 0 11 2
      vertex 1.14981 10.9397 2
    endloop
  endfacet
  facet normal 0 0 1
    outer loop
      vertex 0 18 2
      vertex -1.14981 10.9397 2
      vertex 0 11 2
    endloop
  endfacet
  facet normal -0 0 1
    outer loop
      vertex -1.88151 17.9014 2
      vertex -1.14981 10.9397 2
      vertex 0 18 2
    endloop
  endfacet
  facet normal 0 0 1
    outer loop
      vertex -1.88151 17.9014 2
      vertex -2.28703 10.7596 2
      vertex -1.14981 10.9397 2
    endloop
  endfacet
  facet normal -0 0 1
    outer loop
      vertex -3.74241 17.6067 2
      vertex -2.28703 10.7596 2
      vertex -1.88151 17.9014 2
    endloop
  endfacet
  facet normal 0 0 1
    outer loop
      vertex -2.28703 10.7596 2
      vertex -3.74241 17.6067 2
      vertex -3.39919 10.4616 2
    endloop
  endfacet
  facet normal -0 0 1
    outer loop
      vertex -5.56231 17.119 2
      vertex -3.39919 10.4616 2
      vertex -3.74241 17.6067 2
    endloop
  endfacet
  facet normal 0 0 1
    outer loop
      vertex -3.39919 10.4616 2
      vertex -5.56231 17.119 2
      vertex -4.4741 10.049 2
    endloop
  endfacet
  facet normal -0 0 1
    outer loop
      vertex -7.32126 16.4438 2
      vertex -4.4741 10.049 2
      vertex -5.56231 17.119 2
    endloop
  endfacet
  facet normal 0 0 1
    outer loop
      vertex -4.4741 10.049 2
      vertex -7.32126 16.4438 2
      vertex -5.5 9.52628 2
    endloop
  endfacet
  facet normal -0 0 1
    outer loop
      vertex -9 15.5885 2
      vertex -5.5 9.52628 2
      vertex -7.32126 16.4438 2
    endloop
  endfacet
  facet normal 0 0 1
    outer loop
      vertex -5.5 9.52628 2
      vertex -9 15.5885 2
      vertex -6.46564 8.89919 2
    endloop
  endfacet
  facet normal -0 0 1
    outer loop
      vertex -10.5801 14.5623 2
      vertex -6.46564 8.89919 2
      vertex -9 15.5885 2
    endloop
  endfacet
  facet normal 0 0 1
    outer loop
      vertex -6.46564 8.89919 2
      vertex -10.5801 14.5623 2
      vertex -7.36044 8.17459 2
    endloop
  endfacet
  facet normal -0 0 1
    outer loop
      vertex -12.0444 13.3766 2
      vertex -7.36044 8.17459 2
      vertex -10.5801 14.5623 2
    endloop
  endfacet
  facet normal 0 0 1
    outer loop
      vertex -7.36044 8.17459 2
      vertex -12.0444 13.3766 2
      vertex -8.17459 7.36044 2
    endloop
  endfacet
  facet normal -0 0 1
    outer loop
      vertex -13.3766 12.0444 2
      vertex -8.17459 7.36044 2
      vertex -12.0444 13.3766 2
    endloop
  endfacet
  facet normal 0 0 1
    outer loop
      vertex -8.17459 7.36044 2
      vertex -13.3766 12.0444 2
      vertex -8.89919 6.46564 2
    endloop
  endfacet
  facet normal -0 0 1
    outer loop
      vertex -14.5623 10.5801 2
      vertex -8.89919 6.46564 2
      vertex -13.3766 12.0444 2
    endloop
  endfacet
  facet normal 0 0 1
    outer loop
      vertex -8.89919 6.46564 2
      vertex -14.5623 10.5801 2
      vertex -9.52628 5.5 2
    endloop
  endfacet
  facet normal -0 0 1
    outer loop
      vertex -15.5885 9 2
      vertex -9.52628 5.5 2
      vertex -14.5623 10.5801 2
    endloop
  endfacet
  facet normal 0 0 1
    outer loop
      vertex -9.52628 5.5 2
      vertex -15.5885 9 2
      vertex -10.049 4.4741 2
    endloop
  endfacet
  facet normal -0 0 1
    outer loop
      vertex -16.4438 7.32126 2
      vertex -10.049 4.4741 2
      vertex -15.5885 9 2
    endloop
  endfacet
  facet normal -0 0 1
    outer loop
      vertex 21.7955 -1.5 2
      vertex 27 -6 2
      vertex 27 -1.5 2
    endloop
  endfacet
  facet normal -0 0 1
    outer loop
      vertex 21.6915 -1.55303 2
      vertex 27 -6 2
      vertex 21.7955 -1.5 2
    endloop
  endfacet
  facet normal -0 0 1
    outer loop
      vertex 21.5253 -1.6168 2
      vertex 27 -6 2
      vertex 21.6915 -1.55303 2
    endloop
  endfacet
  facet normal -0 0 1
    outer loop
      vertex 21.3535 -1.66285 2
      vertex 27 -6 2
      vertex 21.5253 -1.6168 2
    endloop
  endfacet
  facet normal -0 0 1
    outer loop
      vertex 21.1777 -1.69069 2
      vertex 27 -6 2
      vertex 21.3535 -1.66285 2
    endloop
  endfacet
  facet normal 0 0 1
    outer loop
      vertex 16.951 -6 2
      vertex 21.1777 -1.69069 2
      vertex 21 -1.7 2
    endloop
  endfacet
  facet normal 0 0 1
    outer loop
      vertex 16.951 -6 2
      vertex 21 -1.7 2
      vertex 20.8223 -1.69069 2
    endloop
  endfacet
  facet normal 0 0 1
    outer loop
      vertex 16.951 -6 2
      vertex 20.8223 -1.69069 2
      vertex 20.6465 -1.66285 2
    endloop
  endfacet
  facet normal 0 0 1
    outer loop
      vertex 16.951 -6 2
      vertex 20.6465 -1.66285 2
      vertex 20.4747 -1.6168 2
    endloop
  endfacet
  facet normal 0 0 1
    outer loop
      vertex 16.951 -6 2
      vertex 20.4747 -1.6168 2
      vertex 20.3085 -1.55303 2
    endloop
  endfacet
  facet normal 0 0 1
    outer loop
      vertex 16.951 -6 2
      vertex 20.3085 -1.55303 2
      vertex 20.2045 -1.5 2
    endloop
  endfacet
  facet normal 0 0 1
    outer loop
      vertex 21.1777 -1.69069 2
      vertex 16.951 -6 2
      vertex 27 -6 2
    endloop
  endfacet
  facet normal 0 0 1
    outer loop
      vertex 10.049 -4.4741 2
      vertex 16.4438 -7.32126 2
      vertex 16.951 -6 2
    endloop
  endfacet
  facet normal 0 0 1
    outer loop
      vertex 16.4438 -7.32126 2
      vertex 10.049 -4.4741 2
      vertex 15.5885 -9 2
    endloop
  endfacet
  facet normal 0 0 1
    outer loop
      vertex 15.5885 -9 2
      vertex 9.52628 -5.5 2
      vertex 14.5623 -10.5801 2
    endloop
  endfacet
  facet normal -0 0 1
    outer loop
      vertex 8.89919 -6.46564 2
      vertex 14.5623 -10.5801 2
      vertex 9.52628 -5.5 2
    endloop
  endfacet
  facet normal -0 0 1
    outer loop
      vertex 10.8843 -1.5 2
      vertex 16.951 -6 2
      vertex 20.2045 -1.5 2
    endloop
  endfacet
  facet normal -0 0 1
    outer loop
      vertex 10.7596 -2.28703 2
      vertex 16.951 -6 2
      vertex 10.8843 -1.5 2
    endloop
  endfacet
  facet normal -0 0 1
    outer loop
      vertex 10.4616 -3.39919 2
      vertex 16.951 -6 2
      vertex 10.7596 -2.28703 2
    endloop
  endfacet
  facet normal -0 0 1
    outer loop
      vertex 10.049 -4.4741 2
      vertex 16.951 -6 2
      vertex 10.4616 -3.39919 2
    endloop
  endfacet
  facet normal 0 0 1
    outer loop
      vertex 15.5885 -9 2
      vertex 10.049 -4.4741 2
      vertex 9.52628 -5.5 2
    endloop
  endfacet
  facet normal 0 0 1
    outer loop
      vertex 14.5623 -10.5801 2
      vertex 8.89919 -6.46564 2
      vertex 13.3766 -12.0444 2
    endloop
  endfacet
  facet normal -0 0 1
    outer loop
      vertex 8.17459 -7.36044 2
      vertex 13.3766 -12.0444 2
      vertex 8.89919 -6.46564 2
    endloop
  endfacet
  facet normal 0 0 1
    outer loop
      vertex 13.3766 -12.0444 2
      vertex 8.17459 -7.36044 2
      vertex 12.0444 -13.3766 2
    endloop
  endfacet
  facet normal -0 0 1
    outer loop
      vertex 7.36044 -8.17459 2
      vertex 12.0444 -13.3766 2
      vertex 8.17459 -7.36044 2
    endloop
  endfacet
  facet normal 0 0 1
    outer loop
      vertex 12.0444 -13.3766 2
      vertex 7.36044 -8.17459 2
      vertex 10.5801 -14.5623 2
    endloop
  endfacet
  facet normal -0 0 1
    outer loop
      vertex 6.46564 -8.89919 2
      vertex 10.5801 -14.5623 2
      vertex 7.36044 -8.17459 2
    endloop
  endfacet
  facet normal 0 0 1
    outer loop
      vertex 10.5801 -14.5623 2
      vertex 6.46564 -8.89919 2
      vertex 9 -15.5885 2
    endloop
  endfacet
  facet normal -0 0 1
    outer loop
      vertex 5.5 -9.52628 2
      vertex 9 -15.5885 2
      vertex 6.46564 -8.89919 2
    endloop
  endfacet
  facet normal 0 0 1
    outer loop
      vertex 9 -15.5885 2
      vertex 5.5 -9.52628 2
      vertex 7.32126 -16.4438 2
    endloop
  endfacet
  facet normal -0 0 1
    outer loop
      vertex 4.4741 -10.049 2
      vertex 7.32126 -16.4438 2
      vertex 5.5 -9.52628 2
    endloop
  endfacet
  facet normal 0 0 1
    outer loop
      vertex 7.32126 -16.4438 2
      vertex 4.4741 -10.049 2
      vertex 5.56231 -17.119 2
    endloop
  endfacet
  facet normal -0 0 1
    outer loop
      vertex 3.39919 -10.4616 2
      vertex 5.56231 -17.119 2
      vertex 4.4741 -10.049 2
    endloop
  endfacet
  facet normal 0 0 1
    outer loop
      vertex 5.56231 -17.119 2
      vertex 3.39919 -10.4616 2
      vertex 3.74241 -17.6067 2
    endloop
  endfacet
  facet normal -0 0 1
    outer loop
      vertex 2.28703 -10.7596 2
      vertex 3.74241 -17.6067 2
      vertex 3.39919 -10.4616 2
    endloop
  endfacet
  facet normal 0 0 1
    outer loop
      vertex 2.28703 -10.7596 2
      vertex 1.88151 -17.9014 2
      vertex 3.74241 -17.6067 2
    endloop
  endfacet
  facet normal -0 0 1
    outer loop
      vertex 1.14981 -10.9397 2
      vertex 1.88151 -17.9014 2
      vertex 2.28703 -10.7596 2
    endloop
  endfacet
  facet normal -0 0 1
    outer loop
      vertex 0 -11 2
      vertex 1.88151 -17.9014 2
      vertex 1.14981 -10.9397 2
    endloop
  endfacet
  facet normal 0 0 1
    outer loop
      vertex 0 -11 2
      vertex 0 -18 2
      vertex 1.88151 -17.9014 2
    endloop
  endfacet
  facet normal 0 0 1
    outer loop
      vertex -1.14981 -10.9397 2
      vertex 0 -18 2
      vertex 0 -11 2
    endloop
  endfacet
  facet normal 0 0 1
    outer loop
      vertex -1.14981 -10.9397 2
      vertex -1.88151 -17.9014 2
      vertex 0 -18 2
    endloop
  endfacet
  facet normal 0 0 1
    outer loop
      vertex -2.28703 -10.7596 2
      vertex -1.88151 -17.9014 2
      vertex -1.14981 -10.9397 2
    endloop
  endfacet
  facet normal 0 0 1
    outer loop
      vertex -3.74241 -17.6067 2
      vertex -2.28703 -10.7596 2
      vertex -3.39919 -10.4616 2
    endloop
  endfacet
  facet normal 0 0 1
    outer loop
      vertex -2.28703 -10.7596 2
      vertex -3.74241 -17.6067 2
      vertex -1.88151 -17.9014 2
    endloop
  endfacet
  facet normal 0 0 1
    outer loop
      vertex -5.56231 -17.119 2
      vertex -3.39919 -10.4616 2
      vertex -4.4741 -10.049 2
    endloop
  endfacet
  facet normal 0 0 1
    outer loop
      vertex -7.32126 -16.4438 2
      vertex -4.4741 -10.049 2
      vertex -5.5 -9.52628 2
    endloop
  endfacet
  facet normal 0 0 1
    outer loop
      vertex -3.39919 -10.4616 2
      vertex -5.56231 -17.119 2
      vertex -3.74241 -17.6067 2
    endloop
  endfacet
  facet normal 0 0 1
    outer loop
      vertex -9 -15.5885 2
      vertex -5.5 -9.52628 2
      vertex -6.46564 -8.89919 2
    endloop
  endfacet
  facet normal 0 0 1
    outer loop
      vertex -4.4741 -10.049 2
      vertex -7.32126 -16.4438 2
      vertex -5.56231 -17.119 2
    endloop
  endfacet
  facet normal 0 0 1
    outer loop
      vertex -10.5801 -14.5623 2
      vertex -6.46564 -8.89919 2
      vertex -7.36044 -8.17459 2
    endloop
  endfacet
  facet normal 0 0 1
    outer loop
      vertex -12.0444 -13.3766 2
      vertex -7.36044 -8.17459 2
      vertex -8.17459 -7.36044 2
    endloop
  endfacet
  facet normal 0 0 1
    outer loop
      vertex -13.3766 -12.0444 2
      vertex -8.17459 -7.36044 2
      vertex -8.89919 -6.46564 2
    endloop
  endfacet
  facet normal 0 0 1
    outer loop
      vertex -5.5 -9.52628 2
      vertex -9 -15.5885 2
      vertex -7.32126 -16.4438 2
    endloop
  endfacet
  facet normal 0 0 1
    outer loop
      vertex -14.5623 -10.5801 2
      vertex -8.89919 -6.46564 2
      vertex -9.52628 -5.5 2
    endloop
  endfacet
  facet normal 0 0 1
    outer loop
      vertex -15.5885 -9 2
      vertex -9.52628 -5.5 2
      vertex -10.049 -4.4741 2
    endloop
  endfacet
  facet normal 0 0 1
    outer loop
      vertex -16.951 -6 2
      vertex -10.049 -4.4741 2
      vertex -10.4616 -3.39919 2
    endloop
  endfacet
  facet normal 0 0 1
    outer loop
      vertex -6.46564 -8.89919 2
      vertex -10.5801 -14.5623 2
      vertex -9 -15.5885 2
    endloop
  endfacet
  facet normal 0 0 1
    outer loop
      vertex -16.951 -6 2
      vertex -10.4616 -3.39919 2
      vertex -10.7596 -2.28703 2
    endloop
  endfacet
  facet normal 0 0 1
    outer loop
      vertex -16.951 -6 2
      vertex -10.7596 -2.28703 2
      vertex -10.9397 -1.14981 2
    endloop
  endfacet
  facet normal -0 0 1
    outer loop
      vertex -19.3093 -0.177698 2
      vertex -10.9397 -1.14981 2
      vertex -11 0 2
    endloop
  endfacet
  facet normal -0 0 1
    outer loop
      vertex -16.951 6 2
      vertex -10.049 4.4741 2
      vertex -16.4438 7.32126 2
    endloop
  endfacet
  facet normal 0 0 1
    outer loop
      vertex -7.36044 -8.17459 2
      vertex -12.0444 -13.3766 2
      vertex -10.5801 -14.5623 2
    endloop
  endfacet
  facet normal 0 0 1
    outer loop
      vertex -10.049 4.4741 2
      vertex -16.951 6 2
      vertex -10.4616 3.39919 2
    endloop
  endfacet
  facet normal 0 0 1
    outer loop
      vertex -8.17459 -7.36044 2
      vertex -13.3766 -12.0444 2
      vertex -12.0444 -13.3766 2
    endloop
  endfacet
  facet normal 0 0 1
    outer loop
      vertex -10.4616 3.39919 2
      vertex -16.951 6 2
      vertex -10.7596 2.28703 2
    endloop
  endfacet
  facet normal 0 0 1
    outer loop
      vertex -8.89919 -6.46564 2
      vertex -14.5623 -10.5801 2
      vertex -13.3766 -12.0444 2
    endloop
  endfacet
  facet normal 0 0 1
    outer loop
      vertex -10.7596 2.28703 2
      vertex -16.951 6 2
      vertex -10.9397 1.14981 2
    endloop
  endfacet
  facet normal 0 0 1
    outer loop
      vertex -9.52628 -5.5 2
      vertex -15.5885 -9 2
      vertex -14.5623 -10.5801 2
    endloop
  endfacet
  facet normal 0 0 1
    outer loop
      vertex -19.3832 0.525329 2
      vertex -10.9397 1.14981 2
      vertex -16.951 6 2
    endloop
  endfacet
  facet normal 0 -0 1
    outer loop
      vertex -19.3371 0.35345 2
      vertex -10.9397 1.14981 2
      vertex -19.3832 0.525329 2
    endloop
  endfacet
  facet normal 0 0 1
    outer loop
      vertex -10.049 -4.4741 2
      vertex -16.951 -6 2
      vertex -16.4438 -7.32126 2
    endloop
  endfacet
  facet normal 0 0 1
    outer loop
      vertex -10.049 -4.4741 2
      vertex -16.4438 -7.32126 2
      vertex -15.5885 -9 2
    endloop
  endfacet
  facet normal 0 0 1
    outer loop
      vertex -19.3093 -0.177698 2
      vertex -11 0 2
      vertex -19.3 0 2
    endloop
  endfacet
  facet normal 0 0 1
    outer loop
      vertex -11 0 2
      vertex -19.3093 0.177698 2
      vertex -19.3 0 2
    endloop
  endfacet
  facet normal 0 0 1
    outer loop
      vertex -10.9397 1.14981 2
      vertex -19.3093 0.177698 2
      vertex -11 0 2
    endloop
  endfacet
  facet normal 0 -0 1
    outer loop
      vertex -19.3093 0.177698 2
      vertex -10.9397 1.14981 2
      vertex -19.3371 0.35345 2
    endloop
  endfacet
  facet normal 0 0 1
    outer loop
      vertex -16.951 6 2
      vertex -19.447 0.691452 2
      vertex -19.3832 0.525329 2
    endloop
  endfacet
  facet normal 0 0 1
    outer loop
      vertex -16.951 6 2
      vertex -19.5278 0.849999 2
      vertex -19.447 0.691452 2
    endloop
  endfacet
  facet normal 0 0 1
    outer loop
      vertex -16.951 6 2
      vertex -19.6247 0.999234 2
      vertex -19.5278 0.849999 2
    endloop
  endfacet
  facet normal 0 0 1
    outer loop
      vertex -16.951 6 2
      vertex -19.7367 1.13752 2
      vertex -19.6247 0.999234 2
    endloop
  endfacet
  facet normal 0 0 1
    outer loop
      vertex -16.951 6 2
      vertex -19.8625 1.26335 2
      vertex -19.7367 1.13752 2
    endloop
  endfacet
  facet normal 0 0 1
    outer loop
      vertex -16.951 6 2
      vertex -20.0008 1.37533 2
      vertex -19.8625 1.26335 2
    endloop
  endfacet
  facet normal 0 0 1
    outer loop
      vertex -16.951 6 2
      vertex -20.15 1.47224 2
      vertex -20.0008 1.37533 2
    endloop
  endfacet
  facet normal 0 0 1
    outer loop
      vertex -16.951 6 2
      vertex -20.3085 1.55303 2
      vertex -20.15 1.47224 2
    endloop
  endfacet
  facet normal 0 0 1
    outer loop
      vertex -16.951 6 2
      vertex -20.4747 1.6168 2
      vertex -20.3085 1.55303 2
    endloop
  endfacet
  facet normal 0 0 1
    outer loop
      vertex -16.951 6 2
      vertex -20.6465 1.66285 2
      vertex -20.4747 1.6168 2
    endloop
  endfacet
  facet normal 0 0 1
    outer loop
      vertex -16.951 6 2
      vertex -20.8223 1.69069 2
      vertex -20.6465 1.66285 2
    endloop
  endfacet
  facet normal 0 0 1
    outer loop
      vertex -16.951 6 2
      vertex -21 1.7 2
      vertex -20.8223 1.69069 2
    endloop
  endfacet
  facet normal 0 0 1
    outer loop
      vertex -16.951 6 2
      vertex -21.1777 1.69069 2
      vertex -21 1.7 2
    endloop
  endfacet
  facet normal -0 0 1
    outer loop
      vertex -27 6 2
      vertex -21.1777 1.69069 2
      vertex -16.951 6 2
    endloop
  endfacet
  facet normal 0 0 1
    outer loop
      vertex -21.1777 1.69069 2
      vertex -27 6 2
      vertex -21.3535 1.66285 2
    endloop
  endfacet
  facet normal 0 0 1
    outer loop
      vertex -21.3535 1.66285 2
      vertex -27 6 2
      vertex -21.5253 1.6168 2
    endloop
  endfacet
  facet normal 0 0 1
    outer loop
      vertex -21.5253 1.6168 2
      vertex -27 6 2
      vertex -21.6915 1.55303 2
    endloop
  endfacet
  facet normal 0 0 1
    outer loop
      vertex -21.6915 1.55303 2
      vertex -27 6 2
      vertex -21.85 1.47224 2
    endloop
  endfacet
  facet normal 0 0 1
    outer loop
      vertex -21.85 1.47224 2
      vertex -27 6 2
      vertex -21.9992 1.37533 2
    endloop
  endfacet
  facet normal 0 0 1
    outer loop
      vertex -22.6907 0.177698 2
      vertex -27 6 2
      vertex -22.7 0 2
    endloop
  endfacet
  facet normal 0 0 1
    outer loop
      vertex -22.6628 0.35345 2
      vertex -27 6 2
      vertex -22.6907 0.177698 2
    endloop
  endfacet
  facet normal 0 0 1
    outer loop
      vertex -22.6168 0.525329 2
      vertex -27 6 2
      vertex -22.6628 0.35345 2
    endloop
  endfacet
  facet normal 0 0 1
    outer loop
      vertex -22.553 0.691452 2
      vertex -27 6 2
      vertex -22.6168 0.525329 2
    endloop
  endfacet
  facet normal 0 0 1
    outer loop
      vertex -22.4722 0.849999 2
      vertex -27 6 2
      vertex -22.553 0.691452 2
    endloop
  endfacet
  facet normal 0 0 1
    outer loop
      vertex -22.3753 0.999234 2
      vertex -27 6 2
      vertex -22.4722 0.849999 2
    endloop
  endfacet
  facet normal 0 0 1
    outer loop
      vertex -22.2633 1.13752 2
      vertex -27 6 2
      vertex -22.3753 0.999234 2
    endloop
  endfacet
  facet normal 0 0 1
    outer loop
      vertex -22.1375 1.26335 2
      vertex -27 6 2
      vertex -22.2633 1.13752 2
    endloop
  endfacet
  facet normal 0 0 1
    outer loop
      vertex -21.9992 1.37533 2
      vertex -27 6 2
      vertex -22.1375 1.26335 2
    endloop
  endfacet
  facet normal 0 0 1
    outer loop
      vertex -10.9397 -1.14981 2
      vertex -19.3093 -0.177698 2
      vertex -19.3371 -0.35345 2
    endloop
  endfacet
  facet normal 0 0 1
    outer loop
      vertex -10.9397 -1.14981 2
      vertex -19.3371 -0.35345 2
      vertex -19.3832 -0.525329 2
    endloop
  endfacet
  facet normal 0 0 1
    outer loop
      vertex -10.9397 -1.14981 2
      vertex -19.3832 -0.525329 2
      vertex -16.951 -6 2
    endloop
  endfacet
  facet normal -0 0 1
    outer loop
      vertex -19.447 -0.691452 2
      vertex -16.951 -6 2
      vertex -19.3832 -0.525329 2
    endloop
  endfacet
  facet normal -0 0 1
    outer loop
      vertex -19.5278 -0.849999 2
      vertex -16.951 -6 2
      vertex -19.447 -0.691452 2
    endloop
  endfacet
  facet normal -0 0 1
    outer loop
      vertex -19.6247 -0.999234 2
      vertex -16.951 -6 2
      vertex -19.5278 -0.849999 2
    endloop
  endfacet
  facet normal -0 0 1
    outer loop
      vertex -19.7367 -1.13752 2
      vertex -16.951 -6 2
      vertex -19.6247 -0.999234 2
    endloop
  endfacet
  facet normal -0 0 1
    outer loop
      vertex -19.8625 -1.26335 2
      vertex -16.951 -6 2
      vertex -19.7367 -1.13752 2
    endloop
  endfacet
  facet normal -0 0 1
    outer loop
      vertex -20.0008 -1.37533 2
      vertex -16.951 -6 2
      vertex -19.8625 -1.26335 2
    endloop
  endfacet
  facet normal -0 0 1
    outer loop
      vertex -20.15 -1.47224 2
      vertex -16.951 -6 2
      vertex -20.0008 -1.37533 2
    endloop
  endfacet
  facet normal -0 0 1
    outer loop
      vertex -20.3085 -1.55303 2
      vertex -16.951 -6 2
      vertex -20.15 -1.47224 2
    endloop
  endfacet
  facet normal -0 0 1
    outer loop
      vertex -20.4747 -1.6168 2
      vertex -16.951 -6 2
      vertex -20.3085 -1.55303 2
    endloop
  endfacet
  facet normal -0 0 1
    outer loop
      vertex -20.6465 -1.66285 2
      vertex -16.951 -6 2
      vertex -20.4747 -1.6168 2
    endloop
  endfacet
  facet normal -0 0 1
    outer loop
      vertex -20.8223 -1.69069 2
      vertex -16.951 -6 2
      vertex -20.6465 -1.66285 2
    endloop
  endfacet
  facet normal -0 0 1
    outer loop
      vertex -21 -1.7 2
      vertex -16.951 -6 2
      vertex -20.8223 -1.69069 2
    endloop
  endfacet
  facet normal 0 0 1
    outer loop
      vertex -21.1777 -1.69069 2
      vertex -16.951 -6 2
      vertex -21 -1.7 2
    endloop
  endfacet
  facet normal 0 0 1
    outer loop
      vertex -27 -6 2
      vertex -21.1777 -1.69069 2
      vertex -21.3535 -1.66285 2
    endloop
  endfacet
  facet normal 0 0 1
    outer loop
      vertex -27 -6 2
      vertex -21.3535 -1.66285 2
      vertex -21.5253 -1.6168 2
    endloop
  endfacet
  facet normal 0 0 1
    outer loop
      vertex -27 -6 2
      vertex -21.5253 -1.6168 2
      vertex -21.6915 -1.55303 2
    endloop
  endfacet
  facet normal 0 0 1
    outer loop
      vertex -27 -6 2
      vertex -21.6915 -1.55303 2
      vertex -21.85 -1.47224 2
    endloop
  endfacet
  facet normal 0 0 1
    outer loop
      vertex -27 -6 2
      vertex -21.85 -1.47224 2
      vertex -21.9992 -1.37533 2
    endloop
  endfacet
  facet normal 0 0 1
    outer loop
      vertex -27 -6 2
      vertex -21.9992 -1.37533 2
      vertex -22.1375 -1.26335 2
    endloop
  endfacet
  facet normal 0 0 1
    outer loop
      vertex -27 -6 2
      vertex -22.7 0 2
      vertex -27 6 2
    endloop
  endfacet
  facet normal 0 0 1
    outer loop
      vertex -22.7 0 2
      vertex -27 -6 2
      vertex -22.6907 -0.177698 2
    endloop
  endfacet
  facet normal 0 0 1
    outer loop
      vertex -22.6907 -0.177698 2
      vertex -27 -6 2
      vertex -22.6628 -0.35345 2
    endloop
  endfacet
  facet normal 0 0 1
    outer loop
      vertex -22.6628 -0.35345 2
      vertex -27 -6 2
      vertex -22.6168 -0.525329 2
    endloop
  endfacet
  facet normal 0 0 1
    outer loop
      vertex -22.6168 -0.525329 2
      vertex -27 -6 2
      vertex -22.553 -0.691452 2
    endloop
  endfacet
  facet normal 0 0 1
    outer loop
      vertex -22.553 -0.691452 2
      vertex -27 -6 2
      vertex -22.4722 -0.849999 2
    endloop
  endfacet
  facet normal 0 0 1
    outer loop
      vertex -21.1777 -1.69069 2
      vertex -27 -6 2
      vertex -16.951 -6 2
    endloop
  endfacet
  facet normal 0 0 1
    outer loop
      vertex -22.2633 -1.13752 2
      vertex -27 -6 2
      vertex -22.1375 -1.26335 2
    endloop
  endfacet
  facet normal 0 0 1
    outer loop
      vertex -22.3753 -0.999234 2
      vertex -27 -6 2
      vertex -22.2633 -1.13752 2
    endloop
  endfacet
  facet normal 0 0 1
    outer loop
      vertex -22.4722 -0.849999 2
      vertex -27 -6 2
      vertex -22.3753 -0.999234 2
    endloop
  endfacet
  facet normal 0 0 -1
    outer loop
      vertex 27 -6 0
      vertex 21.7955 -1.5 0
      vertex 27 -1.5 0
    endloop
  endfacet
  facet normal 0 0 -1
    outer loop
      vertex 27 -6 0
      vertex 21.6915 -1.55303 0
      vertex 21.7955 -1.5 0
    endloop
  endfacet
  facet normal 0 0 -1
    outer loop
      vertex 27 -6 0
      vertex 21.5253 -1.6168 0
      vertex 21.6915 -1.55303 0
    endloop
  endfacet
  facet normal 0 0 -1
    outer loop
      vertex 27 -6 0
      vertex 21.3535 -1.66285 0
      vertex 21.5253 -1.6168 0
    endloop
  endfacet
  facet normal 0 0 -1
    outer loop
      vertex 27 -6 0
      vertex 21.1777 -1.69069 0
      vertex 21.3535 -1.66285 0
    endloop
  endfacet
  facet normal 0 0 -1
    outer loop
      vertex 16.951 -6 0
      vertex 21.1777 -1.69069 0
      vertex 27 -6 0
    endloop
  endfacet
  facet normal 0 0 -1
    outer loop
      vertex 21.1777 -1.69069 0
      vertex 16.951 -6 0
      vertex 21 -1.7 0
    endloop
  endfacet
  facet normal -0 0 -1
    outer loop
      vertex 21 -1.7 0
      vertex 16.951 -6 0
      vertex 20.8223 -1.69069 0
    endloop
  endfacet
  facet normal -0 0 -1
    outer loop
      vertex 20.8223 -1.69069 0
      vertex 16.951 -6 0
      vertex 20.6465 -1.66285 0
    endloop
  endfacet
  facet normal -0 0 -1
    outer loop
      vertex 20.6465 -1.66285 0
      vertex 16.951 -6 0
      vertex 20.4747 -1.6168 0
    endloop
  endfacet
  facet normal -0 0 -1
    outer loop
      vertex 20.4747 -1.6168 0
      vertex 16.951 -6 0
      vertex 20.3085 -1.55303 0
    endloop
  endfacet
  facet normal -0 0 -1
    outer loop
      vertex 20.3085 -1.55303 0
      vertex 16.951 -6 0
      vertex 20.2045 -1.5 0
    endloop
  endfacet
  facet normal 0 0 -1
    outer loop
      vertex 10 -1.5 0
      vertex 16.4438 -7.32126 0
      vertex 15.5885 -9 0
    endloop
  endfacet
  facet normal 0 0 -1
    outer loop
      vertex 6.9282 -4 0
      vertex 15.5885 -9 0
      vertex 14.5623 -10.5801 0
    endloop
  endfacet
  facet normal 0 0 -1
    outer loop
      vertex 6.47214 -4.70228 0
      vertex 14.5623 -10.5801 0
      vertex 13.3766 -12.0444 0
    endloop
  endfacet
  facet normal 0 0 -1
    outer loop
      vertex 6.47214 -4.70228 0
      vertex 13.3766 -12.0444 0
      vertex 12.0444 -13.3766 0
    endloop
  endfacet
  facet normal 0 0 -1
    outer loop
      vertex 6.47214 -4.70228 0
      vertex 12.0444 -13.3766 0
      vertex 10.5801 -14.5623 0
    endloop
  endfacet
  facet normal 0 0 -1
    outer loop
      vertex 14.5623 -10.5801 0
      vertex 6.47214 -4.70228 0
      vertex 6.9282 -4 0
    endloop
  endfacet
  facet normal 0 0 -1
    outer loop
      vertex 16.951 -6 0
      vertex 10 -1.5 0
      vertex 20.2045 -1.5 0
    endloop
  endfacet
  facet normal 0 0 -1
    outer loop
      vertex 15.5885 -9 0
      vertex 6.9282 -4 0
      vertex 10 -1.5 0
    endloop
  endfacet
  facet normal 0 0 -1
    outer loop
      vertex 6.47214 -4.70228 0
      vertex 10.5801 -14.5623 0
      vertex 9 -15.5885 0
    endloop
  endfacet
  facet normal 0 0 -1
    outer loop
      vertex 21.7955 1.5 0
      vertex 27 6 0
      vertex 27 1.5 0
    endloop
  endfacet
  facet normal 0 0 -1
    outer loop
      vertex 21.6915 1.55303 0
      vertex 27 6 0
      vertex 21.7955 1.5 0
    endloop
  endfacet
  facet normal 0 0 -1
    outer loop
      vertex 21.5253 1.6168 0
      vertex 27 6 0
      vertex 21.6915 1.55303 0
    endloop
  endfacet
  facet normal 0 0 -1
    outer loop
      vertex 21.3535 1.66285 0
      vertex 27 6 0
      vertex 21.5253 1.6168 0
    endloop
  endfacet
  facet normal 0 0 -1
    outer loop
      vertex 21.1777 1.69069 0
      vertex 27 6 0
      vertex 21.3535 1.66285 0
    endloop
  endfacet
  facet normal 0 0 -1
    outer loop
      vertex 16.951 6 0
      vertex 21.1777 1.69069 0
      vertex 21 1.7 0
    endloop
  endfacet
  facet normal 0 0 -1
    outer loop
      vertex 16.951 6 0
      vertex 21 1.7 0
      vertex 20.8223 1.69069 0
    endloop
  endfacet
  facet normal 0 0 -1
    outer loop
      vertex 16.951 6 0
      vertex 20.8223 1.69069 0
      vertex 20.6465 1.66285 0
    endloop
  endfacet
  facet normal 0 0 -1
    outer loop
      vertex 16.951 6 0
      vertex 20.6465 1.66285 0
      vertex 20.4747 1.6168 0
    endloop
  endfacet
  facet normal 0 0 -1
    outer loop
      vertex 16.951 6 0
      vertex 20.4747 1.6168 0
      vertex 20.3085 1.55303 0
    endloop
  endfacet
  facet normal 0 0 -1
    outer loop
      vertex 16.951 6 0
      vertex 20.3085 1.55303 0
      vertex 20.2045 1.5 0
    endloop
  endfacet
  facet normal 0 0 -1
    outer loop
      vertex 21.1777 1.69069 0
      vertex 16.951 6 0
      vertex 27 6 0
    endloop
  endfacet
  facet normal 0 0 -1
    outer loop
      vertex 10 1.5 0
      vertex 16.4438 7.32126 0
      vertex 16.951 6 0
    endloop
  endfacet
  facet normal -0 0 -1
    outer loop
      vertex 16.4438 7.32126 0
      vertex 10 1.5 0
      vertex 15.5885 9 0
    endloop
  endfacet
  facet normal 0 0 -1
    outer loop
      vertex 6.9282 4 0
      vertex 15.5885 9 0
      vertex 10 1.5 0
    endloop
  endfacet
  facet normal 0 0 -1
    outer loop
      vertex 6.47214 4.70228 0
      vertex 14.5623 10.5801 0
      vertex 6.9282 4 0
    endloop
  endfacet
  facet normal 0 0 -1
    outer loop
      vertex 5.94516 5.35304 0
      vertex 13.3766 12.0444 0
      vertex 6.47214 4.70228 0
    endloop
  endfacet
  facet normal 0 0 -1
    outer loop
      vertex 10 1.5 0
      vertex 16.951 6 0
      vertex 20.2045 1.5 0
    endloop
  endfacet
  facet normal -0 0 -1
    outer loop
      vertex 15.5885 9 0
      vertex 6.9282 4 0
      vertex 14.5623 10.5801 0
    endloop
  endfacet
  facet normal 0 -0 -1
    outer loop
      vertex 7.82518 -1.66329 0
      vertex 10 -1.5 0
      vertex 7.60845 -2.47214 0
    endloop
  endfacet
  facet normal 0 0 -1
    outer loop
      vertex 7.95617 0.836227 0
      vertex 10 1.5 0
      vertex 8 0 0
    endloop
  endfacet
  facet normal 0 0 -1
    outer loop
      vertex 7.82518 1.66329 0
      vertex 10 1.5 0
      vertex 7.95617 0.836227 0
    endloop
  endfacet
  facet normal 0 0 -1
    outer loop
      vertex 10 -1.5 0
      vertex 8 0 0
      vertex 10 1.5 0
    endloop
  endfacet
  facet normal 0 -0 -1
    outer loop
      vertex 8 0 0
      vertex 10 -1.5 0
      vertex 7.95617 -0.836227 0
    endloop
  endfacet
  facet normal 0 -0 -1
    outer loop
      vertex 7.95617 -0.836227 0
      vertex 10 -1.5 0
      vertex 7.82518 -1.66329 0
    endloop
  endfacet
  facet normal 0 0 -1
    outer loop
      vertex 4 -6.9282 0
      vertex 9 -15.5885 0
      vertex 7.32126 -16.4438 0
    endloop
  endfacet
  facet normal 0 0 -1
    outer loop
      vertex 10 -1.5 0
      vertex 7.30836 -3.25389 0
      vertex 7.60845 -2.47214 0
    endloop
  endfacet
  facet normal 0 0 -1
    outer loop
      vertex 10 -1.5 0
      vertex 6.9282 -4 0
      vertex 7.30836 -3.25389 0
    endloop
  endfacet
  facet normal 0 0 -1
    outer loop
      vertex 16.4438 -7.32126 0
      vertex 10 -1.5 0
      vertex 16.951 -6 0
    endloop
  endfacet
  facet normal 0 0 -1
    outer loop
      vertex 9 -15.5885 0
      vertex 5.94516 -5.35304 0
      vertex 6.47214 -4.70228 0
    endloop
  endfacet
  facet normal 0 0 -1
    outer loop
      vertex 3.25389 -7.30836 0
      vertex 7.32126 -16.4438 0
      vertex 5.56231 -17.119 0
    endloop
  endfacet
  facet normal 0 0 -1
    outer loop
      vertex 9 -15.5885 0
      vertex 5.35304 -5.94516 0
      vertex 5.94516 -5.35304 0
    endloop
  endfacet
  facet normal 0 0 -1
    outer loop
      vertex 9 -15.5885 0
      vertex 4.70228 -6.47214 0
      vertex 5.35304 -5.94516 0
    endloop
  endfacet
  facet normal 0 0 -1
    outer loop
      vertex 9 -15.5885 0
      vertex 4 -6.9282 0
      vertex 4.70228 -6.47214 0
    endloop
  endfacet
  facet normal 0 0 -1
    outer loop
      vertex 2.47214 -7.60845 0
      vertex 5.56231 -17.119 0
      vertex 3.74241 -17.6067 0
    endloop
  endfacet
  facet normal 0 0 -1
    outer loop
      vertex 7.32126 -16.4438 0
      vertex 3.25389 -7.30836 0
      vertex 4 -6.9282 0
    endloop
  endfacet
  facet normal 0 0 -1
    outer loop
      vertex 5.56231 -17.119 0
      vertex 2.47214 -7.60845 0
      vertex 3.25389 -7.30836 0
    endloop
  endfacet
  facet normal 0 0 -1
    outer loop
      vertex 1.66329 -7.82518 0
      vertex 3.74241 -17.6067 0
      vertex 1.88151 -17.9014 0
    endloop
  endfacet
  facet normal 0 0 -1
    outer loop
      vertex 3.74241 -17.6067 0
      vertex 1.66329 -7.82518 0
      vertex 2.47214 -7.60845 0
    endloop
  endfacet
  facet normal 0 0 -1
    outer loop
      vertex 1.88151 -17.9014 0
      vertex 0.836227 -7.95617 0
      vertex 1.66329 -7.82518 0
    endloop
  endfacet
  facet normal 0 0 -1
    outer loop
      vertex 0 -18 0
      vertex 0.836227 -7.95617 0
      vertex 1.88151 -17.9014 0
    endloop
  endfacet
  facet normal 0 0 -1
    outer loop
      vertex 0 -18 0
      vertex 0 -8 0
      vertex 0.836227 -7.95617 0
    endloop
  endfacet
  facet normal 0 0 -1
    outer loop
      vertex 0 -18 0
      vertex -0.836227 -7.95617 0
      vertex 0 -8 0
    endloop
  endfacet
  facet normal 0 0 -1
    outer loop
      vertex -1.88151 -17.9014 0
      vertex -0.836227 -7.95617 0
      vertex 0 -18 0
    endloop
  endfacet
  facet normal -0 0 -1
    outer loop
      vertex -0.836227 -7.95617 0
      vertex -1.88151 -17.9014 0
      vertex -1.66329 -7.82518 0
    endloop
  endfacet
  facet normal 0 0 -1
    outer loop
      vertex -3.74241 -17.6067 0
      vertex -1.66329 -7.82518 0
      vertex -1.88151 -17.9014 0
    endloop
  endfacet
  facet normal -0 0 -1
    outer loop
      vertex -1.66329 -7.82518 0
      vertex -3.74241 -17.6067 0
      vertex -2.47214 -7.60845 0
    endloop
  endfacet
  facet normal 0 0 -1
    outer loop
      vertex -5.56231 -17.119 0
      vertex -2.47214 -7.60845 0
      vertex -3.74241 -17.6067 0
    endloop
  endfacet
  facet normal -0 0 -1
    outer loop
      vertex -2.47214 -7.60845 0
      vertex -5.56231 -17.119 0
      vertex -3.25389 -7.30836 0
    endloop
  endfacet
  facet normal 0 0 -1
    outer loop
      vertex -7.32126 -16.4438 0
      vertex -3.25389 -7.30836 0
      vertex -5.56231 -17.119 0
    endloop
  endfacet
  facet normal -0 0 -1
    outer loop
      vertex -3.25389 -7.30836 0
      vertex -7.32126 -16.4438 0
      vertex -4 -6.9282 0
    endloop
  endfacet
  facet normal 0 0 -1
    outer loop
      vertex -9 -15.5885 0
      vertex -4 -6.9282 0
      vertex -7.32126 -16.4438 0
    endloop
  endfacet
  facet normal -0 0 -1
    outer loop
      vertex -4 -6.9282 0
      vertex -9 -15.5885 0
      vertex -4.70228 -6.47214 0
    endloop
  endfacet
  facet normal 0 0 -1
    outer loop
      vertex -10.5801 -14.5623 0
      vertex -4.70228 -6.47214 0
      vertex -9 -15.5885 0
    endloop
  endfacet
  facet normal -0 0 -1
    outer loop
      vertex -4.70228 -6.47214 0
      vertex -10.5801 -14.5623 0
      vertex -5.35304 -5.94516 0
    endloop
  endfacet
  facet normal 0 0 -1
    outer loop
      vertex -12.0444 -13.3766 0
      vertex -5.35304 -5.94516 0
      vertex -10.5801 -14.5623 0
    endloop
  endfacet
  facet normal -0 0 -1
    outer loop
      vertex -5.35304 -5.94516 0
      vertex -12.0444 -13.3766 0
      vertex -5.94516 -5.35304 0
    endloop
  endfacet
  facet normal 0 0 -1
    outer loop
      vertex -13.3766 -12.0444 0
      vertex -5.94516 -5.35304 0
      vertex -12.0444 -13.3766 0
    endloop
  endfacet
  facet normal -0 0 -1
    outer loop
      vertex -5.94516 -5.35304 0
      vertex -13.3766 -12.0444 0
      vertex -6.47214 -4.70228 0
    endloop
  endfacet
  facet normal 0 0 -1
    outer loop
      vertex -14.5623 -10.5801 0
      vertex -6.47214 -4.70228 0
      vertex -13.3766 -12.0444 0
    endloop
  endfacet
  facet normal -0 0 -1
    outer loop
      vertex -6.47214 -4.70228 0
      vertex -14.5623 -10.5801 0
      vertex -6.9282 -4 0
    endloop
  endfacet
  facet normal 0 0 -1
    outer loop
      vertex -15.5885 -9 0
      vertex -6.9282 -4 0
      vertex -14.5623 -10.5801 0
    endloop
  endfacet
  facet normal 0 0 -1
    outer loop
      vertex -19.3371 0.35345 0
      vertex -7.95617 0.836227 0
      vertex -19.3093 0.177698 0
    endloop
  endfacet
  facet normal -0 0 -1
    outer loop
      vertex -7.95617 0.836227 0
      vertex -19.3371 0.35345 0
      vertex -16.951 6 0
    endloop
  endfacet
  facet normal 0 0 -1
    outer loop
      vertex -19.3832 0.525329 0
      vertex -16.951 6 0
      vertex -19.3371 0.35345 0
    endloop
  endfacet
  facet normal 0 0 -1
    outer loop
      vertex -19.447 0.691452 0
      vertex -16.951 6 0
      vertex -19.3832 0.525329 0
    endloop
  endfacet
  facet normal 0 0 -1
    outer loop
      vertex -19.5278 0.849999 0
      vertex -16.951 6 0
      vertex -19.447 0.691452 0
    endloop
  endfacet
  facet normal 0 0 -1
    outer loop
      vertex -19.6247 0.999234 0
      vertex -16.951 6 0
      vertex -19.5278 0.849999 0
    endloop
  endfacet
  facet normal 0 0 -1
    outer loop
      vertex -19.7367 1.13752 0
      vertex -16.951 6 0
      vertex -19.6247 0.999234 0
    endloop
  endfacet
  facet normal 0 0 -1
    outer loop
      vertex -19.8625 1.26335 0
      vertex -16.951 6 0
      vertex -19.7367 1.13752 0
    endloop
  endfacet
  facet normal 0 0 -1
    outer loop
      vertex -20.0008 1.37533 0
      vertex -16.951 6 0
      vertex -19.8625 1.26335 0
    endloop
  endfacet
  facet normal 0 0 -1
    outer loop
      vertex -20.15 1.47224 0
      vertex -16.951 6 0
      vertex -20.0008 1.37533 0
    endloop
  endfacet
  facet normal 0 0 -1
    outer loop
      vertex -20.3085 1.55303 0
      vertex -16.951 6 0
      vertex -20.15 1.47224 0
    endloop
  endfacet
  facet normal 0 0 -1
    outer loop
      vertex -20.4747 1.6168 0
      vertex -16.951 6 0
      vertex -20.3085 1.55303 0
    endloop
  endfacet
  facet normal 0 0 -1
    outer loop
      vertex -20.6465 1.66285 0
      vertex -16.951 6 0
      vertex -20.4747 1.6168 0
    endloop
  endfacet
  facet normal 0 0 -1
    outer loop
      vertex -20.8223 1.69069 0
      vertex -16.951 6 0
      vertex -20.6465 1.66285 0
    endloop
  endfacet
  facet normal 0 0 -1
    outer loop
      vertex -21 1.7 0
      vertex -16.951 6 0
      vertex -20.8223 1.69069 0
    endloop
  endfacet
  facet normal 0 0 -1
    outer loop
      vertex -21.1777 1.69069 0
      vertex -16.951 6 0
      vertex -21 1.7 0
    endloop
  endfacet
  facet normal 0 0 -1
    outer loop
      vertex -27 6 0
      vertex -21.1777 1.69069 0
      vertex -21.3535 1.66285 0
    endloop
  endfacet
  facet normal 0 0 -1
    outer loop
      vertex -27 6 0
      vertex -21.3535 1.66285 0
      vertex -21.5253 1.6168 0
    endloop
  endfacet
  facet normal 0 0 -1
    outer loop
      vertex -27 6 0
      vertex -21.5253 1.6168 0
      vertex -21.6915 1.55303 0
    endloop
  endfacet
  facet normal 0 0 -1
    outer loop
      vertex -27 6 0
      vertex -21.6915 1.55303 0
      vertex -21.85 1.47224 0
    endloop
  endfacet
  facet normal 0 0 -1
    outer loop
      vertex -27 6 0
      vertex -21.85 1.47224 0
      vertex -21.9992 1.37533 0
    endloop
  endfacet
  facet normal 0 0 -1
    outer loop
      vertex -27 6 0
      vertex -21.9992 1.37533 0
      vertex -22.1375 1.26335 0
    endloop
  endfacet
  facet normal 0 0 -1
    outer loop
      vertex -27 6 0
      vertex -22.7 0 0
      vertex -27 -6 0
    endloop
  endfacet
  facet normal 0 0 -1
    outer loop
      vertex -22.7 0 0
      vertex -27 6 0
      vertex -22.6907 0.177698 0
    endloop
  endfacet
  facet normal 0 0 -1
    outer loop
      vertex -22.6907 0.177698 0
      vertex -27 6 0
      vertex -22.6628 0.35345 0
    endloop
  endfacet
  facet normal 0 0 -1
    outer loop
      vertex -22.6628 0.35345 0
      vertex -27 6 0
      vertex -22.6168 0.525329 0
    endloop
  endfacet
  facet normal 0 0 -1
    outer loop
      vertex -22.6168 0.525329 0
      vertex -27 6 0
      vertex -22.553 0.691452 0
    endloop
  endfacet
  facet normal 0 0 -1
    outer loop
      vertex -22.553 0.691452 0
      vertex -27 6 0
      vertex -22.4722 0.849999 0
    endloop
  endfacet
  facet normal 0 0 -1
    outer loop
      vertex -21.1777 1.69069 0
      vertex -27 6 0
      vertex -16.951 6 0
    endloop
  endfacet
  facet normal 0 0 -1
    outer loop
      vertex -22.2633 1.13752 0
      vertex -27 6 0
      vertex -22.1375 1.26335 0
    endloop
  endfacet
  facet normal 0 0 -1
    outer loop
      vertex -22.3753 0.999234 0
      vertex -27 6 0
      vertex -22.2633 1.13752 0
    endloop
  endfacet
  facet normal 0 0 -1
    outer loop
      vertex -22.4722 0.849999 0
      vertex -27 6 0
      vertex -22.3753 0.999234 0
    endloop
  endfacet
  facet normal 0 0 -1
    outer loop
      vertex 7.60845 2.47214 0
      vertex 10 1.5 0
      vertex 7.82518 1.66329 0
    endloop
  endfacet
  facet normal 0 0 -1
    outer loop
      vertex 7.30836 3.25389 0
      vertex 10 1.5 0
      vertex 7.60845 2.47214 0
    endloop
  endfacet
  facet normal 0 0 -1
    outer loop
      vertex 6.9282 4 0
      vertex 10 1.5 0
      vertex 7.30836 3.25389 0
    endloop
  endfacet
  facet normal -0 0 -1
    outer loop
      vertex 14.5623 10.5801 0
      vertex 6.47214 4.70228 0
      vertex 13.3766 12.0444 0
    endloop
  endfacet
  facet normal -0 0 -1
    outer loop
      vertex 13.3766 12.0444 0
      vertex 5.94516 5.35304 0
      vertex 12.0444 13.3766 0
    endloop
  endfacet
  facet normal 0 0 -1
    outer loop
      vertex 5.35304 5.94516 0
      vertex 12.0444 13.3766 0
      vertex 5.94516 5.35304 0
    endloop
  endfacet
  facet normal -0 0 -1
    outer loop
      vertex 12.0444 13.3766 0
      vertex 5.35304 5.94516 0
      vertex 10.5801 14.5623 0
    endloop
  endfacet
  facet normal 0 0 -1
    outer loop
      vertex 4.70228 6.47214 0
      vertex 10.5801 14.5623 0
      vertex 5.35304 5.94516 0
    endloop
  endfacet
  facet normal -0 0 -1
    outer loop
      vertex 10.5801 14.5623 0
      vertex 4.70228 6.47214 0
      vertex 9 15.5885 0
    endloop
  endfacet
  facet normal 0 0 -1
    outer loop
      vertex 4 6.9282 0
      vertex 9 15.5885 0
      vertex 4.70228 6.47214 0
    endloop
  endfacet
  facet normal -0 0 -1
    outer loop
      vertex 9 15.5885 0
      vertex 4 6.9282 0
      vertex 7.32126 16.4438 0
    endloop
  endfacet
  facet normal 0 0 -1
    outer loop
      vertex 3.25389 7.30836 0
      vertex 7.32126 16.4438 0
      vertex 4 6.9282 0
    endloop
  endfacet
  facet normal -0 0 -1
    outer loop
      vertex 7.32126 16.4438 0
      vertex 3.25389 7.30836 0
      vertex 5.56231 17.119 0
    endloop
  endfacet
  facet normal 0 0 -1
    outer loop
      vertex 2.47214 7.60845 0
      vertex 5.56231 17.119 0
      vertex 3.25389 7.30836 0
    endloop
  endfacet
  facet normal -0 0 -1
    outer loop
      vertex 5.56231 17.119 0
      vertex 2.47214 7.60845 0
      vertex 3.74241 17.6067 0
    endloop
  endfacet
  facet normal 0 0 -1
    outer loop
      vertex 1.66329 7.82518 0
      vertex 3.74241 17.6067 0
      vertex 2.47214 7.60845 0
    endloop
  endfacet
  facet normal -0 0 -1
    outer loop
      vertex 3.74241 17.6067 0
      vertex 1.66329 7.82518 0
      vertex 1.88151 17.9014 0
    endloop
  endfacet
  facet normal 0 0 -1
    outer loop
      vertex 0.836227 7.95617 0
      vertex 1.88151 17.9014 0
      vertex 1.66329 7.82518 0
    endloop
  endfacet
  facet normal 0 0 -1
    outer loop
      vertex 0 8 0
      vertex 1.88151 17.9014 0
      vertex 0.836227 7.95617 0
    endloop
  endfacet
  facet normal 0 0 -1
    outer loop
      vertex 0 8 0
      vertex 0 18 0
      vertex 1.88151 17.9014 0
    endloop
  endfacet
  facet normal 0 0 -1
    outer loop
      vertex -0.836227 7.95617 0
      vertex 0 18 0
      vertex 0 8 0
    endloop
  endfacet
  facet normal 0 0 -1
    outer loop
      vertex -1.88151 17.9014 0
      vertex -0.836227 7.95617 0
      vertex -1.66329 7.82518 0
    endloop
  endfacet
  facet normal 0 0 -1
    outer loop
      vertex -0.836227 7.95617 0
      vertex -1.88151 17.9014 0
      vertex 0 18 0
    endloop
  endfacet
  facet normal 0 0 -1
    outer loop
      vertex -3.74241 17.6067 0
      vertex -1.66329 7.82518 0
      vertex -2.47214 7.60845 0
    endloop
  endfacet
  facet normal 0 0 -1
    outer loop
      vertex -5.56231 17.119 0
      vertex -2.47214 7.60845 0
      vertex -3.25389 7.30836 0
    endloop
  endfacet
  facet normal 0 0 -1
    outer loop
      vertex -1.66329 7.82518 0
      vertex -3.74241 17.6067 0
      vertex -1.88151 17.9014 0
    endloop
  endfacet
  facet normal 0 0 -1
    outer loop
      vertex -7.32126 16.4438 0
      vertex -3.25389 7.30836 0
      vertex -4 6.9282 0
    endloop
  endfacet
  facet normal 0 0 -1
    outer loop
      vertex -9 15.5885 0
      vertex -4 6.9282 0
      vertex -4.70228 6.47214 0
    endloop
  endfacet
  facet normal 0 0 -1
    outer loop
      vertex -10.5801 14.5623 0
      vertex -4.70228 6.47214 0
      vertex -5.35304 5.94516 0
    endloop
  endfacet
  facet normal 0 0 -1
    outer loop
      vertex -2.47214 7.60845 0
      vertex -5.56231 17.119 0
      vertex -3.74241 17.6067 0
    endloop
  endfacet
  facet normal 0 0 -1
    outer loop
      vertex -12.0444 13.3766 0
      vertex -5.35304 5.94516 0
      vertex -5.94516 5.35304 0
    endloop
  endfacet
  facet normal 0 0 -1
    outer loop
      vertex -13.3766 12.0444 0
      vertex -5.94516 5.35304 0
      vertex -6.47214 4.70228 0
    endloop
  endfacet
  facet normal 0 0 -1
    outer loop
      vertex -14.5623 10.5801 0
      vertex -6.47214 4.70228 0
      vertex -6.9282 4 0
    endloop
  endfacet
  facet normal 0 0 -1
    outer loop
      vertex -15.5885 9 0
      vertex -6.9282 4 0
      vertex -7.30836 3.25389 0
    endloop
  endfacet
  facet normal 0 0 -1
    outer loop
      vertex -3.25389 7.30836 0
      vertex -7.32126 16.4438 0
      vertex -5.56231 17.119 0
    endloop
  endfacet
  facet normal 0 0 -1
    outer loop
      vertex -16.951 6 0
      vertex -7.30836 3.25389 0
      vertex -7.60845 2.47214 0
    endloop
  endfacet
  facet normal 0 0 -1
    outer loop
      vertex -16.951 6 0
      vertex -7.60845 2.47214 0
      vertex -7.82518 1.66329 0
    endloop
  endfacet
  facet normal 0 0 -1
    outer loop
      vertex -16.951 6 0
      vertex -7.82518 1.66329 0
      vertex -7.95617 0.836227 0
    endloop
  endfacet
  facet normal 0 0 -1
    outer loop
      vertex -19.3093 0.177698 0
      vertex -8 0 0
      vertex -19.3 0 0
    endloop
  endfacet
  facet normal -0 0 -1
    outer loop
      vertex -6.9282 -4 0
      vertex -15.5885 -9 0
      vertex -7.30836 -3.25389 0
    endloop
  endfacet
  facet normal 0 0 -1
    outer loop
      vertex -4 6.9282 0
      vertex -9 15.5885 0
      vertex -7.32126 16.4438 0
    endloop
  endfacet
  facet normal 0 0 -1
    outer loop
      vertex -16.4438 -7.32126 0
      vertex -7.30836 -3.25389 0
      vertex -15.5885 -9 0
    endloop
  endfacet
  facet normal 0 0 -1
    outer loop
      vertex -4.70228 6.47214 0
      vertex -10.5801 14.5623 0
      vertex -9 15.5885 0
    endloop
  endfacet
  facet normal 0 0 -1
    outer loop
      vertex -16.951 -6 0
      vertex -7.30836 -3.25389 0
      vertex -16.4438 -7.32126 0
    endloop
  endfacet
  facet normal 0 0 -1
    outer loop
      vertex -5.35304 5.94516 0
      vertex -12.0444 13.3766 0
      vertex -10.5801 14.5623 0
    endloop
  endfacet
  facet normal -0 0 -1
    outer loop
      vertex -7.30836 -3.25389 0
      vertex -16.951 -6 0
      vertex -7.60845 -2.47214 0
    endloop
  endfacet
  facet normal 0 0 -1
    outer loop
      vertex -5.94516 5.35304 0
      vertex -13.3766 12.0444 0
      vertex -12.0444 13.3766 0
    endloop
  endfacet
  facet normal -0 0 -1
    outer loop
      vertex -7.60845 -2.47214 0
      vertex -16.951 -6 0
      vertex -7.82518 -1.66329 0
    endloop
  endfacet
  facet normal 0 0 -1
    outer loop
      vertex -6.47214 4.70228 0
      vertex -14.5623 10.5801 0
      vertex -13.3766 12.0444 0
    endloop
  endfacet
  facet normal -0 0 -1
    outer loop
      vertex -7.82518 -1.66329 0
      vertex -16.951 -6 0
      vertex -7.95617 -0.836227 0
    endloop
  endfacet
  facet normal 0 0 -1
    outer loop
      vertex -6.9282 4 0
      vertex -15.5885 9 0
      vertex -14.5623 10.5801 0
    endloop
  endfacet
  facet normal 0 0 -1
    outer loop
      vertex -19.3371 -0.35345 0
      vertex -7.95617 -0.836227 0
      vertex -16.951 -6 0
    endloop
  endfacet
  facet normal 0 -0 -1
    outer loop
      vertex -19.3093 -0.177698 0
      vertex -7.95617 -0.836227 0
      vertex -19.3371 -0.35345 0
    endloop
  endfacet
  facet normal 0 0 -1
    outer loop
      vertex -7.30836 3.25389 0
      vertex -16.951 6 0
      vertex -16.4438 7.32126 0
    endloop
  endfacet
  facet normal 0 0 -1
    outer loop
      vertex -7.30836 3.25389 0
      vertex -16.4438 7.32126 0
      vertex -15.5885 9 0
    endloop
  endfacet
  facet normal 0 0 -1
    outer loop
      vertex -8 0 0
      vertex -19.3093 0.177698 0
      vertex -7.95617 0.836227 0
    endloop
  endfacet
  facet normal -0 0 -1
    outer loop
      vertex -8 0 0
      vertex -19.3093 -0.177698 0
      vertex -19.3 0 0
    endloop
  endfacet
  facet normal 0 0 -1
    outer loop
      vertex -7.95617 -0.836227 0
      vertex -19.3093 -0.177698 0
      vertex -8 0 0
    endloop
  endfacet
  facet normal 0 0 -1
    outer loop
      vertex -16.951 -6 0
      vertex -19.3832 -0.525329 0
      vertex -19.3371 -0.35345 0
    endloop
  endfacet
  facet normal 0 0 -1
    outer loop
      vertex -16.951 -6 0
      vertex -19.447 -0.691452 0
      vertex -19.3832 -0.525329 0
    endloop
  endfacet
  facet normal 0 0 -1
    outer loop
      vertex -16.951 -6 0
      vertex -19.5278 -0.849999 0
      vertex -19.447 -0.691452 0
    endloop
  endfacet
  facet normal 0 0 -1
    outer loop
      vertex -16.951 -6 0
      vertex -19.6247 -0.999234 0
      vertex -19.5278 -0.849999 0
    endloop
  endfacet
  facet normal 0 0 -1
    outer loop
      vertex -16.951 -6 0
      vertex -19.7367 -1.13752 0
      vertex -19.6247 -0.999234 0
    endloop
  endfacet
  facet normal 0 0 -1
    outer loop
      vertex -16.951 -6 0
      vertex -19.8625 -1.26335 0
      vertex -19.7367 -1.13752 0
    endloop
  endfacet
  facet normal 0 0 -1
    outer loop
      vertex -16.951 -6 0
      vertex -20.0008 -1.37533 0
      vertex -19.8625 -1.26335 0
    endloop
  endfacet
  facet normal 0 0 -1
    outer loop
      vertex -16.951 -6 0
      vertex -20.15 -1.47224 0
      vertex -20.0008 -1.37533 0
    endloop
  endfacet
  facet normal 0 0 -1
    outer loop
      vertex -16.951 -6 0
      vertex -20.3085 -1.55303 0
      vertex -20.15 -1.47224 0
    endloop
  endfacet
  facet normal 0 0 -1
    outer loop
      vertex -16.951 -6 0
      vertex -20.4747 -1.6168 0
      vertex -20.3085 -1.55303 0
    endloop
  endfacet
  facet normal 0 0 -1
    outer loop
      vertex -16.951 -6 0
      vertex -20.6465 -1.66285 0
      vertex -20.4747 -1.6168 0
    endloop
  endfacet
  facet normal 0 0 -1
    outer loop
      vertex -16.951 -6 0
      vertex -20.8223 -1.69069 0
      vertex -20.6465 -1.66285 0
    endloop
  endfacet
  facet normal 0 0 -1
    outer loop
      vertex -16.951 -6 0
      vertex -21 -1.7 0
      vertex -20.8223 -1.69069 0
    endloop
  endfacet
  facet normal 0 0 -1
    outer loop
      vertex -16.951 -6 0
      vertex -21.1777 -1.69069 0
      vertex -21 -1.7 0
    endloop
  endfacet
  facet normal 0 0 -1
    outer loop
      vertex -27 -6 0
      vertex -21.1777 -1.69069 0
      vertex -16.951 -6 0
    endloop
  endfacet
  facet normal -0 0 -1
    outer loop
      vertex -21.1777 -1.69069 0
      vertex -27 -6 0
      vertex -21.3535 -1.66285 0
    endloop
  endfacet
  facet normal -0 0 -1
    outer loop
      vertex -21.3535 -1.66285 0
      vertex -27 -6 0
      vertex -21.5253 -1.6168 0
    endloop
  endfacet
  facet normal -0 0 -1
    outer loop
      vertex -21.5253 -1.6168 0
      vertex -27 -6 0
      vertex -21.6915 -1.55303 0
    endloop
  endfacet
  facet normal -0 0 -1
    outer loop
      vertex -21.6915 -1.55303 0
      vertex -27 -6 0
      vertex -21.85 -1.47224 0
    endloop
  endfacet
  facet normal -0 0 -1
    outer loop
      vertex -21.85 -1.47224 0
      vertex -27 -6 0
      vertex -21.9992 -1.37533 0
    endloop
  endfacet
  facet normal -0 0 -1
    outer loop
      vertex -22.6907 -0.177698 0
      vertex -27 -6 0
      vertex -22.7 0 0
    endloop
  endfacet
  facet normal -0 0 -1
    outer loop
      vertex -22.6628 -0.35345 0
      vertex -27 -6 0
      vertex -22.6907 -0.177698 0
    endloop
  endfacet
  facet normal -0 0 -1
    outer loop
      vertex -22.6168 -0.525329 0
      vertex -27 -6 0
      vertex -22.6628 -0.35345 0
    endloop
  endfacet
  facet normal -0 0 -1
    outer loop
      vertex -22.553 -0.691452 0
      vertex -27 -6 0
      vertex -22.6168 -0.525329 0
    endloop
  endfacet
  facet normal -0 0 -1
    outer loop
      vertex -22.4722 -0.849999 0
      vertex -27 -6 0
      vertex -22.553 -0.691452 0
    endloop
  endfacet
  facet normal -0 0 -1
    outer loop
      vertex -22.3753 -0.999234 0
      vertex -27 -6 0
      vertex -22.4722 -0.849999 0
    endloop
  endfacet
  facet normal -0 0 -1
    outer loop
      vertex -22.2633 -1.13752 0
      vertex -27 -6 0
      vertex -22.3753 -0.999234 0
    endloop
  endfacet
  facet normal -0 0 -1
    outer loop
      vertex -22.1375 -1.26335 0
      vertex -27 -6 0
      vertex -22.2633 -1.13752 0
    endloop
  endfacet
  facet normal -0 0 -1
    outer loop
      vertex -21.9992 -1.37533 0
      vertex -27 -6 0
      vertex -22.1375 -1.26335 0
    endloop
  endfacet
  facet normal -1 0 0
    outer loop
      vertex -27 -6 0
      vertex -27 6 2
      vertex -27 6 0
    endloop
  endfacet
  facet normal -1 -0 0
    outer loop
      vertex -27 6 2
      vertex -27 -6 0
      vertex -27 -6 2
    endloop
  endfacet
  facet normal 0 1 -0
    outer loop
      vertex -16.951 6 0
      vertex -27 6 2
      vertex -16.951 6 2
    endloop
  endfacet
  facet normal 0 1 0
    outer loop
      vertex -27 6 2
      vertex -16.951 6 0
      vertex -27 6 0
    endloop
  endfacet
  facet normal 0 -1 0
    outer loop
      vertex -27 -6 0
      vertex -16.951 -6 2
      vertex -27 -6 2
    endloop
  endfacet
  facet normal 0 -1 -0
    outer loop
      vertex -16.951 -6 2
      vertex -27 -6 0
      vertex -16.951 -6 0
    endloop
  endfacet
  facet normal 1 -0 0
    outer loop
      vertex 27 1.5 2
      vertex 27 6 0
      vertex 27 6 2
    endloop
  endfacet
  facet normal 1 0 0
    outer loop
      vertex 27 6 0
      vertex 27 1.5 2
      vertex 27 1.5 0
    endloop
  endfacet
  facet normal 1 -0 0
    outer loop
      vertex 27 -6 2
      vertex 27 -1.5 0
      vertex 27 -1.5 2
    endloop
  endfacet
  facet normal 1 0 0
    outer loop
      vertex 27 -1.5 0
      vertex 27 -6 2
      vertex 27 -6 0
    endloop
  endfacet
  facet normal 0 1 -0
    outer loop
      vertex 27 6 0
      vertex 16.951 6 2
      vertex 27 6 2
    endloop
  endfacet
  facet normal 0 1 0
    outer loop
      vertex 16.951 6 2
      vertex 27 6 0
      vertex 16.951 6 0
    endloop
  endfacet
  facet normal 0 -1 0
    outer loop
      vertex 16.951 -6 0
      vertex 27 -6 2
      vertex 16.951 -6 2
    endloop
  endfacet
  facet normal 0 -1 -0
    outer loop
      vertex 27 -6 2
      vertex 16.951 -6 0
      vertex 27 -6 0
    endloop
  endfacet
  facet normal 0.838653 0.544666 0
    outer loop
      vertex 15.5885 9 2
      vertex 14.5623 10.5801 0
      vertex 14.5623 10.5801 2
    endloop
  endfacet
  facet normal 0.838653 0.544666 0
    outer loop
      vertex 14.5623 10.5801 0
      vertex 15.5885 9 2
      vertex 15.5885 9 0
    endloop
  endfacet
  facet normal 0.777163 0.629299 0
    outer loop
      vertex 14.5623 10.5801 2
      vertex 13.3766 12.0444 0
      vertex 13.3766 12.0444 2
    endloop
  endfacet
  facet normal 0.777163 0.629299 0
    outer loop
      vertex 13.3766 12.0444 0
      vertex 14.5623 10.5801 2
      vertex 14.5623 10.5801 0
    endloop
  endfacet
  facet normal -0.453965 0.89102 0
    outer loop
      vertex -7.32126 16.4438 0
      vertex -9 15.5885 2
      vertex -7.32126 16.4438 2
    endloop
  endfacet
  facet normal -0.453965 0.89102 0
    outer loop
      vertex -9 15.5885 2
      vertex -7.32126 16.4438 0
      vertex -9 15.5885 0
    endloop
  endfacet
  facet normal 0.453965 0.89102 -0
    outer loop
      vertex 9 15.5885 0
      vertex 7.32126 16.4438 2
      vertex 9 15.5885 2
    endloop
  endfacet
  facet normal 0.453965 0.89102 0
    outer loop
      vertex 7.32126 16.4438 2
      vertex 9 15.5885 0
      vertex 7.32126 16.4438 0
    endloop
  endfacet
  facet normal -0.838653 0.544666 0
    outer loop
      vertex -15.5885 9 0
      vertex -14.5623 10.5801 2
      vertex -14.5623 10.5801 0
    endloop
  endfacet
  facet normal -0.838653 0.544666 0
    outer loop
      vertex -14.5623 10.5801 2
      vertex -15.5885 9 0
      vertex -15.5885 9 2
    endloop
  endfacet
  facet normal 0.358369 -0.93358 0
    outer loop
      vertex 5.56231 -17.119 0
      vertex 7.32126 -16.4438 2
      vertex 5.56231 -17.119 2
    endloop
  endfacet
  facet normal 0.358369 -0.93358 0
    outer loop
      vertex 7.32126 -16.4438 2
      vertex 5.56231 -17.119 0
      vertex 7.32126 -16.4438 0
    endloop
  endfacet
  facet normal -0.156415 -0.987691 0
    outer loop
      vertex -3.74241 -17.6067 0
      vertex -1.88151 -17.9014 2
      vertex -3.74241 -17.6067 2
    endloop
  endfacet
  facet normal -0.156415 -0.987691 -0
    outer loop
      vertex -1.88151 -17.9014 2
      vertex -3.74241 -17.6067 0
      vertex -1.88151 -17.9014 0
    endloop
  endfacet
  facet normal 0.544666 -0.838653 0
    outer loop
      vertex 9 -15.5885 0
      vertex 10.5801 -14.5623 2
      vertex 9 -15.5885 2
    endloop
  endfacet
  facet normal 0.544666 -0.838653 0
    outer loop
      vertex 10.5801 -14.5623 2
      vertex 9 -15.5885 0
      vertex 10.5801 -14.5623 0
    endloop
  endfacet
  facet normal 0.156415 0.987691 -0
    outer loop
      vertex 3.74241 17.6067 0
      vertex 1.88151 17.9014 2
      vertex 3.74241 17.6067 2
    endloop
  endfacet
  facet normal 0.156415 0.987691 0
    outer loop
      vertex 1.88151 17.9014 2
      vertex 3.74241 17.6067 0
      vertex 1.88151 17.9014 0
    endloop
  endfacet
  facet normal -0.358369 0.93358 0
    outer loop
      vertex -5.56231 17.119 0
      vertex -7.32126 16.4438 2
      vertex -5.56231 17.119 2
    endloop
  endfacet
  facet normal -0.358369 0.93358 0
    outer loop
      vertex -7.32126 16.4438 2
      vertex -5.56231 17.119 0
      vertex -7.32126 16.4438 0
    endloop
  endfacet
  facet normal -0.156415 0.987691 0
    outer loop
      vertex -1.88151 17.9014 0
      vertex -3.74241 17.6067 2
      vertex -1.88151 17.9014 2
    endloop
  endfacet
  facet normal -0.156415 0.987691 0
    outer loop
      vertex -3.74241 17.6067 2
      vertex -1.88151 17.9014 0
      vertex -3.74241 17.6067 0
    endloop
  endfacet
  facet normal 0.258848 0.965918 -0
    outer loop
      vertex 5.56231 17.119 0
      vertex 3.74241 17.6067 2
      vertex 5.56231 17.119 2
    endloop
  endfacet
  facet normal 0.258848 0.965918 0
    outer loop
      vertex 3.74241 17.6067 2
      vertex 5.56231 17.119 0
      vertex 3.74241 17.6067 0
    endloop
  endfacet
  facet normal -0.89102 0.453965 0
    outer loop
      vertex -16.4438 7.32126 0
      vertex -15.5885 9 2
      vertex -15.5885 9 0
    endloop
  endfacet
  facet normal -0.89102 0.453965 0
    outer loop
      vertex -15.5885 9 2
      vertex -16.4438 7.32126 0
      vertex -16.4438 7.32126 2
    endloop
  endfacet
  facet normal 0.629299 0.777163 -0
    outer loop
      vertex 12.0444 13.3766 0
      vertex 10.5801 14.5623 2
      vertex 12.0444 13.3766 2
    endloop
  endfacet
  facet normal 0.629299 0.777163 0
    outer loop
      vertex 10.5801 14.5623 2
      vertex 12.0444 13.3766 0
      vertex 10.5801 14.5623 0
    endloop
  endfacet
  facet normal 0.544666 0.838653 -0
    outer loop
      vertex 10.5801 14.5623 0
      vertex 9 15.5885 2
      vertex 10.5801 14.5623 2
    endloop
  endfacet
  facet normal 0.544666 0.838653 0
    outer loop
      vertex 9 15.5885 2
      vertex 10.5801 14.5623 0
      vertex 9 15.5885 0
    endloop
  endfacet
  facet normal 0.629299 -0.777163 0
    outer loop
      vertex 10.5801 -14.5623 0
      vertex 12.0444 -13.3766 2
      vertex 10.5801 -14.5623 2
    endloop
  endfacet
  facet normal 0.629299 -0.777163 0
    outer loop
      vertex 12.0444 -13.3766 2
      vertex 10.5801 -14.5623 0
      vertex 12.0444 -13.3766 0
    endloop
  endfacet
  facet normal -0.933577 -0.358378 0
    outer loop
      vertex -16.4438 -7.32126 0
      vertex -16.951 -6 2
      vertex -16.951 -6 0
    endloop
  endfacet
  facet normal -0.933577 -0.358378 0
    outer loop
      vertex -16.951 -6 2
      vertex -16.4438 -7.32126 0
      vertex -16.4438 -7.32126 2
    endloop
  endfacet
  facet normal 0.358369 0.93358 -0
    outer loop
      vertex 7.32126 16.4438 0
      vertex 5.56231 17.119 2
      vertex 7.32126 16.4438 2
    endloop
  endfacet
  facet normal 0.358369 0.93358 0
    outer loop
      vertex 5.56231 17.119 2
      vertex 7.32126 16.4438 0
      vertex 5.56231 17.119 0
    endloop
  endfacet
  facet normal -0.838653 -0.544666 0
    outer loop
      vertex -14.5623 -10.5801 0
      vertex -15.5885 -9 2
      vertex -15.5885 -9 0
    endloop
  endfacet
  facet normal -0.838653 -0.544666 0
    outer loop
      vertex -15.5885 -9 2
      vertex -14.5623 -10.5801 0
      vertex -14.5623 -10.5801 2
    endloop
  endfacet
  facet normal -0.258848 -0.965918 0
    outer loop
      vertex -5.56231 -17.119 0
      vertex -3.74241 -17.6067 2
      vertex -5.56231 -17.119 2
    endloop
  endfacet
  facet normal -0.258848 -0.965918 -0
    outer loop
      vertex -3.74241 -17.6067 2
      vertex -5.56231 -17.119 0
      vertex -3.74241 -17.6067 0
    endloop
  endfacet
  facet normal 0.258848 -0.965918 0
    outer loop
      vertex 3.74241 -17.6067 0
      vertex 5.56231 -17.119 2
      vertex 3.74241 -17.6067 2
    endloop
  endfacet
  facet normal 0.258848 -0.965918 0
    outer loop
      vertex 5.56231 -17.119 2
      vertex 3.74241 -17.6067 0
      vertex 5.56231 -17.119 0
    endloop
  endfacet
  facet normal 0.707107 -0.707107 0
    outer loop
      vertex 12.0444 -13.3766 2
      vertex 13.3766 -12.0444 0
      vertex 13.3766 -12.0444 2
    endloop
  endfacet
  facet normal 0.707107 -0.707107 0
    outer loop
      vertex 13.3766 -12.0444 0
      vertex 12.0444 -13.3766 2
      vertex 12.0444 -13.3766 0
    endloop
  endfacet
  facet normal -0.707107 -0.707107 0
    outer loop
      vertex -12.0444 -13.3766 0
      vertex -13.3766 -12.0444 2
      vertex -13.3766 -12.0444 0
    endloop
  endfacet
  facet normal -0.707107 -0.707107 0
    outer loop
      vertex -13.3766 -12.0444 2
      vertex -12.0444 -13.3766 0
      vertex -12.0444 -13.3766 2
    endloop
  endfacet
  facet normal 0.0523329 -0.99863 0
    outer loop
      vertex 0 -18 0
      vertex 1.88151 -17.9014 2
      vertex 0 -18 2
    endloop
  endfacet
  facet normal 0.0523329 -0.99863 0
    outer loop
      vertex 1.88151 -17.9014 2
      vertex 0 -18 0
      vertex 1.88151 -17.9014 0
    endloop
  endfacet
  facet normal 0.89102 -0.453965 0
    outer loop
      vertex 15.5885 -9 2
      vertex 16.4438 -7.32126 0
      vertex 16.4438 -7.32126 2
    endloop
  endfacet
  facet normal 0.89102 -0.453965 0
    outer loop
      vertex 16.4438 -7.32126 0
      vertex 15.5885 -9 2
      vertex 15.5885 -9 0
    endloop
  endfacet
  facet normal -0.258848 0.965918 0
    outer loop
      vertex -3.74241 17.6067 0
      vertex -5.56231 17.119 2
      vertex -3.74241 17.6067 2
    endloop
  endfacet
  facet normal -0.258848 0.965918 0
    outer loop
      vertex -5.56231 17.119 2
      vertex -3.74241 17.6067 0
      vertex -5.56231 17.119 0
    endloop
  endfacet
  facet normal -0.89102 -0.453965 0
    outer loop
      vertex -15.5885 -9 0
      vertex -16.4438 -7.32126 2
      vertex -16.4438 -7.32126 0
    endloop
  endfacet
  facet normal -0.89102 -0.453965 0
    outer loop
      vertex -16.4438 -7.32126 2
      vertex -15.5885 -9 0
      vertex -15.5885 -9 2
    endloop
  endfacet
  facet normal 0.777163 -0.629299 0
    outer loop
      vertex 13.3766 -12.0444 2
      vertex 14.5623 -10.5801 0
      vertex 14.5623 -10.5801 2
    endloop
  endfacet
  facet normal 0.777163 -0.629299 0
    outer loop
      vertex 14.5623 -10.5801 0
      vertex 13.3766 -12.0444 2
      vertex 13.3766 -12.0444 0
    endloop
  endfacet
  facet normal 0.453965 -0.89102 0
    outer loop
      vertex 7.32126 -16.4438 0
      vertex 9 -15.5885 2
      vertex 7.32126 -16.4438 2
    endloop
  endfacet
  facet normal 0.453965 -0.89102 0
    outer loop
      vertex 9 -15.5885 2
      vertex 7.32126 -16.4438 0
      vertex 9 -15.5885 0
    endloop
  endfacet
  facet normal -0.707107 0.707107 0
    outer loop
      vertex -13.3766 12.0444 0
      vertex -12.0444 13.3766 2
      vertex -12.0444 13.3766 0
    endloop
  endfacet
  facet normal -0.707107 0.707107 0
    outer loop
      vertex -12.0444 13.3766 2
      vertex -13.3766 12.0444 0
      vertex -13.3766 12.0444 2
    endloop
  endfacet
  facet normal 0.838653 -0.544666 0
    outer loop
      vertex 14.5623 -10.5801 2
      vertex 15.5885 -9 0
      vertex 15.5885 -9 2
    endloop
  endfacet
  facet normal 0.838653 -0.544666 0
    outer loop
      vertex 15.5885 -9 0
      vertex 14.5623 -10.5801 2
      vertex 14.5623 -10.5801 0
    endloop
  endfacet
  facet normal 0.156415 -0.987691 0
    outer loop
      vertex 1.88151 -17.9014 0
      vertex 3.74241 -17.6067 2
      vertex 1.88151 -17.9014 2
    endloop
  endfacet
  facet normal 0.156415 -0.987691 0
    outer loop
      vertex 3.74241 -17.6067 2
      vertex 1.88151 -17.9014 0
      vertex 3.74241 -17.6067 0
    endloop
  endfacet
  facet normal 0.933577 0.358378 0
    outer loop
      vertex 16.951 6 2
      vertex 16.4438 7.32126 0
      vertex 16.4438 7.32126 2
    endloop
  endfacet
  facet normal 0.933577 0.358378 0
    outer loop
      vertex 16.4438 7.32126 0
      vertex 16.951 6 2
      vertex 16.951 6 0
    endloop
  endfacet
  facet normal -0.629299 0.777163 0
    outer loop
      vertex -10.5801 14.5623 0
      vertex -12.0444 13.3766 2
      vertex -10.5801 14.5623 2
    endloop
  endfacet
  facet normal -0.629299 0.777163 0
    outer loop
      vertex -12.0444 13.3766 2
      vertex -10.5801 14.5623 0
      vertex -12.0444 13.3766 0
    endloop
  endfacet
  facet normal -0.0523329 -0.99863 0
    outer loop
      vertex -1.88151 -17.9014 0
      vertex 0 -18 2
      vertex -1.88151 -17.9014 2
    endloop
  endfacet
  facet normal -0.0523329 -0.99863 -0
    outer loop
      vertex 0 -18 2
      vertex -1.88151 -17.9014 0
      vertex 0 -18 0
    endloop
  endfacet
  facet normal -0.777163 0.629299 0
    outer loop
      vertex -14.5623 10.5801 0
      vertex -13.3766 12.0444 2
      vertex -13.3766 12.0444 0
    endloop
  endfacet
  facet normal -0.777163 0.629299 0
    outer loop
      vertex -13.3766 12.0444 2
      vertex -14.5623 10.5801 0
      vertex -14.5623 10.5801 2
    endloop
  endfacet
  facet normal -0.453965 -0.89102 0
    outer loop
      vertex -9 -15.5885 0
      vertex -7.32126 -16.4438 2
      vertex -9 -15.5885 2
    endloop
  endfacet
  facet normal -0.453965 -0.89102 -0
    outer loop
      vertex -7.32126 -16.4438 2
      vertex -9 -15.5885 0
      vertex -7.32126 -16.4438 0
    endloop
  endfacet
  facet normal -0.933577 0.358378 0
    outer loop
      vertex -16.951 6 0
      vertex -16.4438 7.32126 2
      vertex -16.4438 7.32126 0
    endloop
  endfacet
  facet normal -0.933577 0.358378 0
    outer loop
      vertex -16.4438 7.32126 2
      vertex -16.951 6 0
      vertex -16.951 6 2
    endloop
  endfacet
  facet normal 0.89102 0.453965 0
    outer loop
      vertex 16.4438 7.32126 2
      vertex 15.5885 9 0
      vertex 15.5885 9 2
    endloop
  endfacet
  facet normal 0.89102 0.453965 0
    outer loop
      vertex 15.5885 9 0
      vertex 16.4438 7.32126 2
      vertex 16.4438 7.32126 0
    endloop
  endfacet
  facet normal 0.0523329 0.99863 -0
    outer loop
      vertex 1.88151 17.9014 0
      vertex 0 18 2
      vertex 1.88151 17.9014 2
    endloop
  endfacet
  facet normal 0.0523329 0.99863 0
    outer loop
      vertex 0 18 2
      vertex 1.88151 17.9014 0
      vertex 0 18 0
    endloop
  endfacet
  facet normal -0.544666 0.838653 0
    outer loop
      vertex -9 15.5885 0
      vertex -10.5801 14.5623 2
      vertex -9 15.5885 2
    endloop
  endfacet
  facet normal -0.544666 0.838653 0
    outer loop
      vertex -10.5801 14.5623 2
      vertex -9 15.5885 0
      vertex -10.5801 14.5623 0
    endloop
  endfacet
  facet normal 0.707107 0.707107 0
    outer loop
      vertex 13.3766 12.0444 2
      vertex 12.0444 13.3766 0
      vertex 12.0444 13.3766 2
    endloop
  endfacet
  facet normal 0.707107 0.707107 0
    outer loop
      vertex 12.0444 13.3766 0
      vertex 13.3766 12.0444 2
      vertex 13.3766 12.0444 0
    endloop
  endfacet
  facet normal -0.0523329 0.99863 0
    outer loop
      vertex 0 18 0
      vertex -1.88151 17.9014 2
      vertex 0 18 2
    endloop
  endfacet
  facet normal -0.0523329 0.99863 0
    outer loop
      vertex -1.88151 17.9014 2
      vertex 0 18 0
      vertex -1.88151 17.9014 0
    endloop
  endfacet
  facet normal -0.777163 -0.629299 0
    outer loop
      vertex -13.3766 -12.0444 0
      vertex -14.5623 -10.5801 2
      vertex -14.5623 -10.5801 0
    endloop
  endfacet
  facet normal -0.777163 -0.629299 0
    outer loop
      vertex -14.5623 -10.5801 2
      vertex -13.3766 -12.0444 0
      vertex -13.3766 -12.0444 2
    endloop
  endfacet
  facet normal -0.629299 -0.777163 0
    outer loop
      vertex -12.0444 -13.3766 0
      vertex -10.5801 -14.5623 2
      vertex -12.0444 -13.3766 2
    endloop
  endfacet
  facet normal -0.629299 -0.777163 -0
    outer loop
      vertex -10.5801 -14.5623 2
      vertex -12.0444 -13.3766 0
      vertex -10.5801 -14.5623 0
    endloop
  endfacet
  facet normal 0.933577 -0.358378 0
    outer loop
      vertex 16.4438 -7.32126 2
      vertex 16.951 -6 0
      vertex 16.951 -6 2
    endloop
  endfacet
  facet normal 0.933577 -0.358378 0
    outer loop
      vertex 16.951 -6 0
      vertex 16.4438 -7.32126 2
      vertex 16.4438 -7.32126 0
    endloop
  endfacet
  facet normal -0.544666 -0.838653 0
    outer loop
      vertex -10.5801 -14.5623 0
      vertex -9 -15.5885 2
      vertex -10.5801 -14.5623 2
    endloop
  endfacet
  facet normal -0.544666 -0.838653 -0
    outer loop
      vertex -9 -15.5885 2
      vertex -10.5801 -14.5623 0
      vertex -9 -15.5885 0
    endloop
  endfacet
  facet normal -0.358369 -0.93358 0
    outer loop
      vertex -7.32126 -16.4438 0
      vertex -5.56231 -17.119 2
      vertex -7.32126 -16.4438 2
    endloop
  endfacet
  facet normal -0.358369 -0.93358 -0
    outer loop
      vertex -5.56231 -17.119 2
      vertex -7.32126 -16.4438 0
      vertex -5.56231 -17.119 0
    endloop
  endfacet
  facet normal 0.987716 0.156257 0
    outer loop
      vertex 10.9397 1.14981 8.95
      vertex 10.8843 1.5 2.05
      vertex 10.8843 1.5 8.95
    endloop
  endfacet
  facet normal 0.987716 0.156257 0
    outer loop
      vertex 10.8843 1.5 2.05
      vertex 10.9397 1.14981 8.95
      vertex 10.9397 1.14981 2.05
    endloop
  endfacet
  facet normal 0.987679 0.156492 -0
    outer loop
      vertex 10.8843 1.5 8.95
      vertex 10.7596 2.28703 9
      vertex 10.8843 1.5 9
    endloop
  endfacet
  facet normal 0.987679 0.156492 0
    outer loop
      vertex 10.7596 2.28703 9
      vertex 10.8843 1.5 8.95
      vertex 10.7596 2.28703 2
    endloop
  endfacet
  facet normal 0.987679 0.156492 -0
    outer loop
      vertex 10.8843 1.5 2.05
      vertex 10.7596 2.28703 2
      vertex 10.8843 1.5 8.95
    endloop
  endfacet
  facet normal 0.987679 0.156492 0
    outer loop
      vertex 10.7596 2.28703 2
      vertex 10.8843 1.5 2.05
      vertex 10.8843 1.5 2
    endloop
  endfacet
  facet normal 0.998628 0.0523715 0
    outer loop
      vertex 11 0 8.95
      vertex 10.9397 1.14981 2.05
      vertex 10.9397 1.14981 8.95
    endloop
  endfacet
  facet normal 0.998628 0.0523715 0
    outer loop
      vertex 10.9397 1.14981 2.05
      vertex 11 0 8.95
      vertex 11 0 2.05
    endloop
  endfacet
  facet normal 0.358353 -0.933586 0
    outer loop
      vertex 3.39919 -10.4616 2
      vertex 4.4741 -10.049 9
      vertex 3.39919 -10.4616 9
    endloop
  endfacet
  facet normal 0.358353 -0.933586 0
    outer loop
      vertex 4.4741 -10.049 9
      vertex 3.39919 -10.4616 2
      vertex 4.4741 -10.049 2
    endloop
  endfacet
  facet normal 0.629323 -0.777144 0
    outer loop
      vertex 6.46564 -8.89919 2
      vertex 7.36044 -8.17459 9
      vertex 6.46564 -8.89919 9
    endloop
  endfacet
  facet normal 0.629323 -0.777144 0
    outer loop
      vertex 7.36044 -8.17459 9
      vertex 6.46564 -8.89919 2
      vertex 7.36044 -8.17459 2
    endloop
  endfacet
  facet normal 0.987679 -0.156492 0
    outer loop
      vertex 10.7596 -2.28703 9
      vertex 10.8843 -1.5 8.95
      vertex 10.8843 -1.5 9
    endloop
  endfacet
  facet normal 0.987679 -0.156492 0
    outer loop
      vertex 10.8843 -1.5 8.95
      vertex 10.7596 -2.28703 9
      vertex 10.8843 -1.5 2.05
    endloop
  endfacet
  facet normal 0.987679 -0.156492 0
    outer loop
      vertex 10.7596 -2.28703 2
      vertex 10.8843 -1.5 2.05
      vertex 10.7596 -2.28703 9
    endloop
  endfacet
  facet normal 0.987679 -0.156492 0
    outer loop
      vertex 10.8843 -1.5 2.05
      vertex 10.7596 -2.28703 2
      vertex 10.8843 -1.5 2
    endloop
  endfacet
  facet normal 0.987716 -0.156257 0
    outer loop
      vertex 10.8843 -1.5 8.95
      vertex 10.9397 -1.14981 2.05
      vertex 10.9397 -1.14981 8.95
    endloop
  endfacet
  facet normal 0.987716 -0.156257 0
    outer loop
      vertex 10.9397 -1.14981 2.05
      vertex 10.8843 -1.5 8.95
      vertex 10.8843 -1.5 2.05
    endloop
  endfacet
  facet normal -0.358353 0.933586 0
    outer loop
      vertex -3.39919 10.4616 2
      vertex -4.4741 10.049 9
      vertex -3.39919 10.4616 9
    endloop
  endfacet
  facet normal -0.358353 0.933586 0
    outer loop
      vertex -4.4741 10.049 9
      vertex -3.39919 10.4616 2
      vertex -4.4741 10.049 2
    endloop
  endfacet
  facet normal 0.156419 0.987691 -0
    outer loop
      vertex 2.28703 10.7596 2
      vertex 1.14981 10.9397 9
      vertex 2.28703 10.7596 9
    endloop
  endfacet
  facet normal 0.156419 0.987691 0
    outer loop
      vertex 1.14981 10.9397 9
      vertex 2.28703 10.7596 2
      vertex 1.14981 10.9397 2
    endloop
  endfacet
  facet normal 0.258817 -0.965926 0
    outer loop
      vertex 2.28703 -10.7596 2
      vertex 3.39919 -10.4616 9
      vertex 2.28703 -10.7596 9
    endloop
  endfacet
  facet normal 0.258817 -0.965926 0
    outer loop
      vertex 3.39919 -10.4616 9
      vertex 2.28703 -10.7596 2
      vertex 3.39919 -10.4616 2
    endloop
  endfacet
  facet normal 0.998628 -0.0523715 0
    outer loop
      vertex 10.9397 -1.14981 8.95
      vertex 11 0 2.05
      vertex 11 0 8.95
    endloop
  endfacet
  facet normal 0.998628 -0.0523715 0
    outer loop
      vertex 11 0 2.05
      vertex 10.9397 -1.14981 8.95
      vertex 10.9397 -1.14981 2.05
    endloop
  endfacet
  facet normal -0.987691 -0.156419 0
    outer loop
      vertex -10.7596 -2.28703 2
      vertex -10.9397 -1.14981 9
      vertex -10.9397 -1.14981 2
    endloop
  endfacet
  facet normal -0.987691 -0.156419 0
    outer loop
      vertex -10.9397 -1.14981 9
      vertex -10.7596 -2.28703 2
      vertex -10.7596 -2.28703 9
    endloop
  endfacet
  facet normal -0.156419 -0.987691 0
    outer loop
      vertex -2.28703 -10.7596 2
      vertex -1.14981 -10.9397 9
      vertex -2.28703 -10.7596 9
    endloop
  endfacet
  facet normal -0.156419 -0.987691 -0
    outer loop
      vertex -1.14981 -10.9397 9
      vertex -2.28703 -10.7596 2
      vertex -1.14981 -10.9397 2
    endloop
  endfacet
  facet normal 0.258817 0.965926 -0
    outer loop
      vertex 3.39919 10.4616 2
      vertex 2.28703 10.7596 9
      vertex 3.39919 10.4616 9
    endloop
  endfacet
  facet normal 0.258817 0.965926 0
    outer loop
      vertex 2.28703 10.7596 9
      vertex 3.39919 10.4616 2
      vertex 2.28703 10.7596 2
    endloop
  endfacet
  facet normal -0.544637 0.838672 0
    outer loop
      vertex -5.5 9.52628 2
      vertex -6.46564 8.89919 9
      vertex -5.5 9.52628 9
    endloop
  endfacet
  facet normal -0.544637 0.838672 0
    outer loop
      vertex -6.46564 8.89919 9
      vertex -5.5 9.52628 2
      vertex -6.46564 8.89919 2
    endloop
  endfacet
  facet normal -0.453989 0.891007 0
    outer loop
      vertex -4.4741 10.049 2
      vertex -5.5 9.52628 9
      vertex -4.4741 10.049 9
    endloop
  endfacet
  facet normal -0.453989 0.891007 0
    outer loop
      vertex -5.5 9.52628 9
      vertex -4.4741 10.049 2
      vertex -5.5 9.52628 2
    endloop
  endfacet
  facet normal -0.933586 -0.358353 0
    outer loop
      vertex -10.049 -4.4741 2
      vertex -10.4616 -3.39919 9
      vertex -10.4616 -3.39919 2
    endloop
  endfacet
  facet normal -0.933586 -0.358353 0
    outer loop
      vertex -10.4616 -3.39919 9
      vertex -10.049 -4.4741 2
      vertex -10.049 -4.4741 9
    endloop
  endfacet
  facet normal 0.544637 -0.838672 0
    outer loop
      vertex 5.5 -9.52628 2
      vertex 6.46564 -8.89919 9
      vertex 5.5 -9.52628 9
    endloop
  endfacet
  facet normal 0.544637 -0.838672 0
    outer loop
      vertex 6.46564 -8.89919 9
      vertex 5.5 -9.52628 2
      vertex 6.46564 -8.89919 2
    endloop
  endfacet
  facet normal 0.965926 -0.258817 0
    outer loop
      vertex 10.4616 -3.39919 9
      vertex 10.7596 -2.28703 2
      vertex 10.7596 -2.28703 9
    endloop
  endfacet
  facet normal 0.965926 -0.258817 0
    outer loop
      vertex 10.7596 -2.28703 2
      vertex 10.4616 -3.39919 9
      vertex 10.4616 -3.39919 2
    endloop
  endfacet
  facet normal 0.629323 0.777144 -0
    outer loop
      vertex 7.36044 8.17459 2
      vertex 6.46564 8.89919 9
      vertex 7.36044 8.17459 9
    endloop
  endfacet
  facet normal 0.629323 0.777144 0
    outer loop
      vertex 6.46564 8.89919 9
      vertex 7.36044 8.17459 2
      vertex 6.46564 8.89919 2
    endloop
  endfacet
  facet normal -0.258817 -0.965926 0
    outer loop
      vertex -3.39919 -10.4616 2
      vertex -2.28703 -10.7596 9
      vertex -3.39919 -10.4616 9
    endloop
  endfacet
  facet normal -0.258817 -0.965926 -0
    outer loop
      vertex -2.28703 -10.7596 9
      vertex -3.39919 -10.4616 2
      vertex -2.28703 -10.7596 2
    endloop
  endfacet
  facet normal 0.838672 0.544637 0
    outer loop
      vertex 9.52628 5.5 9
      vertex 8.89919 6.46564 2
      vertex 8.89919 6.46564 9
    endloop
  endfacet
  facet normal 0.838672 0.544637 0
    outer loop
      vertex 8.89919 6.46564 2
      vertex 9.52628 5.5 9
      vertex 9.52628 5.5 2
    endloop
  endfacet
  facet normal 0.453989 0.891007 -0
    outer loop
      vertex 5.5 9.52628 2
      vertex 4.4741 10.049 9
      vertex 5.5 9.52628 9
    endloop
  endfacet
  facet normal 0.453989 0.891007 0
    outer loop
      vertex 4.4741 10.049 9
      vertex 5.5 9.52628 2
      vertex 4.4741 10.049 2
    endloop
  endfacet
  facet normal 0.777144 0.629323 0
    outer loop
      vertex 8.89919 6.46564 9
      vertex 8.17459 7.36044 2
      vertex 8.17459 7.36044 9
    endloop
  endfacet
  facet normal 0.777144 0.629323 0
    outer loop
      vertex 8.17459 7.36044 2
      vertex 8.89919 6.46564 9
      vertex 8.89919 6.46564 2
    endloop
  endfacet
  facet normal -0.838672 -0.544637 0
    outer loop
      vertex -8.89919 -6.46564 2
      vertex -9.52628 -5.5 9
      vertex -9.52628 -5.5 2
    endloop
  endfacet
  facet normal -0.838672 -0.544637 0
    outer loop
      vertex -9.52628 -5.5 9
      vertex -8.89919 -6.46564 2
      vertex -8.89919 -6.46564 9
    endloop
  endfacet
  facet normal -0.987691 0.156419 0
    outer loop
      vertex -10.9397 1.14981 2
      vertex -10.7596 2.28703 9
      vertex -10.7596 2.28703 2
    endloop
  endfacet
  facet normal -0.987691 0.156419 0
    outer loop
      vertex -10.7596 2.28703 9
      vertex -10.9397 1.14981 2
      vertex -10.9397 1.14981 9
    endloop
  endfacet
  facet normal 0.707107 -0.707107 0
    outer loop
      vertex 7.36044 -8.17459 9
      vertex 8.17459 -7.36044 2
      vertex 8.17459 -7.36044 9
    endloop
  endfacet
  facet normal 0.707107 -0.707107 0
    outer loop
      vertex 8.17459 -7.36044 2
      vertex 7.36044 -8.17459 9
      vertex 7.36044 -8.17459 2
    endloop
  endfacet
  facet normal -0.838672 0.544637 0
    outer loop
      vertex -9.52628 5.5 2
      vertex -8.89919 6.46564 9
      vertex -8.89919 6.46564 2
    endloop
  endfacet
  facet normal -0.838672 0.544637 0
    outer loop
      vertex -8.89919 6.46564 9
      vertex -9.52628 5.5 2
      vertex -9.52628 5.5 9
    endloop
  endfacet
  facet normal -0.707107 -0.707107 0
    outer loop
      vertex -7.36044 -8.17459 2
      vertex -8.17459 -7.36044 9
      vertex -8.17459 -7.36044 2
    endloop
  endfacet
  facet normal -0.707107 -0.707107 0
    outer loop
      vertex -8.17459 -7.36044 9
      vertex -7.36044 -8.17459 2
      vertex -7.36044 -8.17459 9
    endloop
  endfacet
  facet normal 0.544637 0.838672 -0
    outer loop
      vertex 6.46564 8.89919 2
      vertex 5.5 9.52628 9
      vertex 6.46564 8.89919 9
    endloop
  endfacet
  facet normal 0.544637 0.838672 0
    outer loop
      vertex 5.5 9.52628 9
      vertex 6.46564 8.89919 2
      vertex 5.5 9.52628 2
    endloop
  endfacet
  facet normal 0.0523715 -0.998628 0
    outer loop
      vertex 0 -11 2
      vertex 1.14981 -10.9397 9
      vertex 0 -11 9
    endloop
  endfacet
  facet normal 0.0523715 -0.998628 0
    outer loop
      vertex 1.14981 -10.9397 9
      vertex 0 -11 2
      vertex 1.14981 -10.9397 2
    endloop
  endfacet
  facet normal 0.891007 0.453989 0
    outer loop
      vertex 10.049 4.4741 9
      vertex 9.52628 5.5 2
      vertex 9.52628 5.5 9
    endloop
  endfacet
  facet normal 0.891007 0.453989 0
    outer loop
      vertex 9.52628 5.5 2
      vertex 10.049 4.4741 9
      vertex 10.049 4.4741 2
    endloop
  endfacet
  facet normal -0.965926 -0.258817 0
    outer loop
      vertex -10.4616 -3.39919 2
      vertex -10.7596 -2.28703 9
      vertex -10.7596 -2.28703 2
    endloop
  endfacet
  facet normal -0.965926 -0.258817 0
    outer loop
      vertex -10.7596 -2.28703 9
      vertex -10.4616 -3.39919 2
      vertex -10.4616 -3.39919 9
    endloop
  endfacet
  facet normal -0.707107 0.707107 0
    outer loop
      vertex -8.17459 7.36044 2
      vertex -7.36044 8.17459 9
      vertex -7.36044 8.17459 2
    endloop
  endfacet
  facet normal -0.707107 0.707107 0
    outer loop
      vertex -7.36044 8.17459 9
      vertex -8.17459 7.36044 2
      vertex -8.17459 7.36044 9
    endloop
  endfacet
  facet normal -0.891007 -0.453989 0
    outer loop
      vertex -9.52628 -5.5 2
      vertex -10.049 -4.4741 9
      vertex -10.049 -4.4741 2
    endloop
  endfacet
  facet normal -0.891007 -0.453989 0
    outer loop
      vertex -10.049 -4.4741 9
      vertex -9.52628 -5.5 2
      vertex -9.52628 -5.5 9
    endloop
  endfacet
  facet normal 0.777144 -0.629323 0
    outer loop
      vertex 8.17459 -7.36044 9
      vertex 8.89919 -6.46564 2
      vertex 8.89919 -6.46564 9
    endloop
  endfacet
  facet normal 0.777144 -0.629323 0
    outer loop
      vertex 8.89919 -6.46564 2
      vertex 8.17459 -7.36044 9
      vertex 8.17459 -7.36044 2
    endloop
  endfacet
  facet normal 0.453989 -0.891007 0
    outer loop
      vertex 4.4741 -10.049 2
      vertex 5.5 -9.52628 9
      vertex 4.4741 -10.049 9
    endloop
  endfacet
  facet normal 0.453989 -0.891007 0
    outer loop
      vertex 5.5 -9.52628 9
      vertex 4.4741 -10.049 2
      vertex 5.5 -9.52628 2
    endloop
  endfacet
  facet normal 0.358353 0.933586 -0
    outer loop
      vertex 4.4741 10.049 2
      vertex 3.39919 10.4616 9
      vertex 4.4741 10.049 9
    endloop
  endfacet
  facet normal 0.358353 0.933586 0
    outer loop
      vertex 3.39919 10.4616 9
      vertex 4.4741 10.049 2
      vertex 3.39919 10.4616 2
    endloop
  endfacet
  facet normal 0.891007 -0.453989 0
    outer loop
      vertex 9.52628 -5.5 9
      vertex 10.049 -4.4741 2
      vertex 10.049 -4.4741 9
    endloop
  endfacet
  facet normal 0.891007 -0.453989 0
    outer loop
      vertex 10.049 -4.4741 2
      vertex 9.52628 -5.5 9
      vertex 9.52628 -5.5 2
    endloop
  endfacet
  facet normal 0.838672 -0.544637 0
    outer loop
      vertex 8.89919 -6.46564 9
      vertex 9.52628 -5.5 2
      vertex 9.52628 -5.5 9
    endloop
  endfacet
  facet normal 0.838672 -0.544637 0
    outer loop
      vertex 9.52628 -5.5 2
      vertex 8.89919 -6.46564 9
      vertex 8.89919 -6.46564 2
    endloop
  endfacet
  facet normal 0.156419 -0.987691 0
    outer loop
      vertex 1.14981 -10.9397 2
      vertex 2.28703 -10.7596 9
      vertex 1.14981 -10.9397 9
    endloop
  endfacet
  facet normal 0.156419 -0.987691 0
    outer loop
      vertex 2.28703 -10.7596 9
      vertex 1.14981 -10.9397 2
      vertex 2.28703 -10.7596 2
    endloop
  endfacet
  facet normal 0.933586 0.358353 0
    outer loop
      vertex 10.4616 3.39919 9
      vertex 10.049 4.4741 2
      vertex 10.049 4.4741 9
    endloop
  endfacet
  facet normal 0.933586 0.358353 0
    outer loop
      vertex 10.049 4.4741 2
      vertex 10.4616 3.39919 9
      vertex 10.4616 3.39919 2
    endloop
  endfacet
  facet normal 0.933586 -0.358353 0
    outer loop
      vertex 10.049 -4.4741 9
      vertex 10.4616 -3.39919 2
      vertex 10.4616 -3.39919 9
    endloop
  endfacet
  facet normal 0.933586 -0.358353 0
    outer loop
      vertex 10.4616 -3.39919 2
      vertex 10.049 -4.4741 9
      vertex 10.049 -4.4741 2
    endloop
  endfacet
  facet normal -0.258817 0.965926 0
    outer loop
      vertex -2.28703 10.7596 2
      vertex -3.39919 10.4616 9
      vertex -2.28703 10.7596 9
    endloop
  endfacet
  facet normal -0.258817 0.965926 0
    outer loop
      vertex -3.39919 10.4616 9
      vertex -2.28703 10.7596 2
      vertex -3.39919 10.4616 2
    endloop
  endfacet
  facet normal -0.0523715 -0.998628 0
    outer loop
      vertex -1.14981 -10.9397 2
      vertex 0 -11 9
      vertex -1.14981 -10.9397 9
    endloop
  endfacet
  facet normal -0.0523715 -0.998628 -0
    outer loop
      vertex 0 -11 9
      vertex -1.14981 -10.9397 2
      vertex 0 -11 2
    endloop
  endfacet
  facet normal -0.777144 0.629323 0
    outer loop
      vertex -8.89919 6.46564 2
      vertex -8.17459 7.36044 9
      vertex -8.17459 7.36044 2
    endloop
  endfacet
  facet normal -0.777144 0.629323 0
    outer loop
      vertex -8.17459 7.36044 9
      vertex -8.89919 6.46564 2
      vertex -8.89919 6.46564 9
    endloop
  endfacet
  facet normal -0.453989 -0.891007 0
    outer loop
      vertex -5.5 -9.52628 2
      vertex -4.4741 -10.049 9
      vertex -5.5 -9.52628 9
    endloop
  endfacet
  facet normal -0.453989 -0.891007 -0
    outer loop
      vertex -4.4741 -10.049 9
      vertex -5.5 -9.52628 2
      vertex -4.4741 -10.049 2
    endloop
  endfacet
  facet normal -0.156419 0.987691 0
    outer loop
      vertex -1.14981 10.9397 2
      vertex -2.28703 10.7596 9
      vertex -1.14981 10.9397 9
    endloop
  endfacet
  facet normal -0.156419 0.987691 0
    outer loop
      vertex -2.28703 10.7596 9
      vertex -1.14981 10.9397 2
      vertex -2.28703 10.7596 2
    endloop
  endfacet
  facet normal 0.0523715 0.998628 -0
    outer loop
      vertex 1.14981 10.9397 2
      vertex 0 11 9
      vertex 1.14981 10.9397 9
    endloop
  endfacet
  facet normal 0.0523715 0.998628 0
    outer loop
      vertex 0 11 9
      vertex 1.14981 10.9397 2
      vertex 0 11 2
    endloop
  endfacet
  facet normal 0.965926 0.258817 0
    outer loop
      vertex 10.7596 2.28703 9
      vertex 10.4616 3.39919 2
      vertex 10.4616 3.39919 9
    endloop
  endfacet
  facet normal 0.965926 0.258817 0
    outer loop
      vertex 10.4616 3.39919 2
      vertex 10.7596 2.28703 9
      vertex 10.7596 2.28703 2
    endloop
  endfacet
  facet normal -0.629323 0.777144 0
    outer loop
      vertex -6.46564 8.89919 2
      vertex -7.36044 8.17459 9
      vertex -6.46564 8.89919 9
    endloop
  endfacet
  facet normal -0.629323 0.777144 0
    outer loop
      vertex -7.36044 8.17459 9
      vertex -6.46564 8.89919 2
      vertex -7.36044 8.17459 2
    endloop
  endfacet
  facet normal -0.933586 0.358353 0
    outer loop
      vertex -10.4616 3.39919 2
      vertex -10.049 4.4741 9
      vertex -10.049 4.4741 2
    endloop
  endfacet
  facet normal -0.933586 0.358353 0
    outer loop
      vertex -10.049 4.4741 9
      vertex -10.4616 3.39919 2
      vertex -10.4616 3.39919 9
    endloop
  endfacet
  facet normal 0.707107 0.707107 0
    outer loop
      vertex 8.17459 7.36044 9
      vertex 7.36044 8.17459 2
      vertex 7.36044 8.17459 9
    endloop
  endfacet
  facet normal 0.707107 0.707107 0
    outer loop
      vertex 7.36044 8.17459 2
      vertex 8.17459 7.36044 9
      vertex 8.17459 7.36044 2
    endloop
  endfacet
  facet normal -0.0523715 0.998628 0
    outer loop
      vertex 0 11 2
      vertex -1.14981 10.9397 9
      vertex 0 11 9
    endloop
  endfacet
  facet normal -0.0523715 0.998628 0
    outer loop
      vertex -1.14981 10.9397 9
      vertex 0 11 2
      vertex -1.14981 10.9397 2
    endloop
  endfacet
  facet normal -0.965926 0.258817 0
    outer loop
      vertex -10.7596 2.28703 2
      vertex -10.4616 3.39919 9
      vertex -10.4616 3.39919 2
    endloop
  endfacet
  facet normal -0.965926 0.258817 0
    outer loop
      vertex -10.4616 3.39919 9
      vertex -10.7596 2.28703 2
      vertex -10.7596 2.28703 9
    endloop
  endfacet
  facet normal -0.998628 -0.0523715 0
    outer loop
      vertex -10.9397 -1.14981 2
      vertex -11 0 9
      vertex -11 0 2
    endloop
  endfacet
  facet normal -0.998628 -0.0523715 0
    outer loop
      vertex -11 0 9
      vertex -10.9397 -1.14981 2
      vertex -10.9397 -1.14981 9
    endloop
  endfacet
  facet normal -0.777144 -0.629323 0
    outer loop
      vertex -8.17459 -7.36044 2
      vertex -8.89919 -6.46564 9
      vertex -8.89919 -6.46564 2
    endloop
  endfacet
  facet normal -0.777144 -0.629323 0
    outer loop
      vertex -8.89919 -6.46564 9
      vertex -8.17459 -7.36044 2
      vertex -8.17459 -7.36044 9
    endloop
  endfacet
  facet normal -0.629323 -0.777144 0
    outer loop
      vertex -7.36044 -8.17459 2
      vertex -6.46564 -8.89919 9
      vertex -7.36044 -8.17459 9
    endloop
  endfacet
  facet normal -0.629323 -0.777144 -0
    outer loop
      vertex -6.46564 -8.89919 9
      vertex -7.36044 -8.17459 2
      vertex -6.46564 -8.89919 2
    endloop
  endfacet
  facet normal -0.544637 -0.838672 0
    outer loop
      vertex -6.46564 -8.89919 2
      vertex -5.5 -9.52628 9
      vertex -6.46564 -8.89919 9
    endloop
  endfacet
  facet normal -0.544637 -0.838672 -0
    outer loop
      vertex -5.5 -9.52628 9
      vertex -6.46564 -8.89919 2
      vertex -5.5 -9.52628 2
    endloop
  endfacet
  facet normal -0.358353 -0.933586 0
    outer loop
      vertex -4.4741 -10.049 2
      vertex -3.39919 -10.4616 9
      vertex -4.4741 -10.049 9
    endloop
  endfacet
  facet normal -0.358353 -0.933586 -0
    outer loop
      vertex -3.39919 -10.4616 9
      vertex -4.4741 -10.049 2
      vertex -3.39919 -10.4616 2
    endloop
  endfacet
  facet normal -0.998628 0.0523715 0
    outer loop
      vertex -11 0 2
      vertex -10.9397 1.14981 9
      vertex -10.9397 1.14981 2
    endloop
  endfacet
  facet normal -0.998628 0.0523715 0
    outer loop
      vertex -10.9397 1.14981 9
      vertex -11 0 2
      vertex -11 0 9
    endloop
  endfacet
  facet normal 0 0 -1
    outer loop
      vertex 10.8843 -1.5 9
      vertex 17.9014 -1.88151 9
      vertex 17.6067 -3.74241 9
    endloop
  endfacet
  facet normal 0 0 -1
    outer loop
      vertex 10.7596 -2.28703 9
      vertex 17.6067 -3.74241 9
      vertex 17.119 -5.56231 9
    endloop
  endfacet
  facet normal 0 0 -1
    outer loop
      vertex 10.4616 -3.39919 9
      vertex 17.119 -5.56231 9
      vertex 16.4438 -7.32126 9
    endloop
  endfacet
  facet normal 0 0 -1
    outer loop
      vertex 10.049 -4.4741 9
      vertex 16.4438 -7.32126 9
      vertex 15.5885 -9 9
    endloop
  endfacet
  facet normal 0 0 -1
    outer loop
      vertex 9.52628 -5.5 9
      vertex 15.5885 -9 9
      vertex 14.5623 -10.5801 9
    endloop
  endfacet
  facet normal 0 0 -1
    outer loop
      vertex 8.89919 -6.46564 9
      vertex 14.5623 -10.5801 9
      vertex 13.3766 -12.0444 9
    endloop
  endfacet
  facet normal 0 0 -1
    outer loop
      vertex 8.17459 -7.36044 9
      vertex 13.3766 -12.0444 9
      vertex 12.0444 -13.3766 9
    endloop
  endfacet
  facet normal 0 0 -1
    outer loop
      vertex 16.4438 -7.32126 9
      vertex 10.049 -4.4741 9
      vertex 10.4616 -3.39919 9
    endloop
  endfacet
  facet normal 0 0 -1
    outer loop
      vertex 17.9014 -1.88151 9
      vertex 10.8843 -1.5 9
      vertex 17.9214 -1.5 9
    endloop
  endfacet
  facet normal 0 0 -1
    outer loop
      vertex 7.36044 -8.17459 9
      vertex 12.0444 -13.3766 9
      vertex 10.5801 -14.5623 9
    endloop
  endfacet
  facet normal 0 -0 -1
    outer loop
      vertex 10.8843 -1.5 9
      vertex 17.6067 -3.74241 9
      vertex 10.7596 -2.28703 9
    endloop
  endfacet
  facet normal 0 0 -1
    outer loop
      vertex 17.119 -5.56231 9
      vertex 10.4616 -3.39919 9
      vertex 10.7596 -2.28703 9
    endloop
  endfacet
  facet normal 0 0 -1
    outer loop
      vertex 15.5885 -9 9
      vertex 9.52628 -5.5 9
      vertex 10.049 -4.4741 9
    endloop
  endfacet
  facet normal 0 0 -1
    outer loop
      vertex 6.46564 -8.89919 9
      vertex 10.5801 -14.5623 9
      vertex 9 -15.5885 9
    endloop
  endfacet
  facet normal 0 0 -1
    outer loop
      vertex 14.5623 -10.5801 9
      vertex 8.89919 -6.46564 9
      vertex 9.52628 -5.5 9
    endloop
  endfacet
  facet normal 0 0 -1
    outer loop
      vertex 13.3766 -12.0444 9
      vertex 8.17459 -7.36044 9
      vertex 8.89919 -6.46564 9
    endloop
  endfacet
  facet normal 0 0 -1
    outer loop
      vertex 12.0444 -13.3766 9
      vertex 7.36044 -8.17459 9
      vertex 8.17459 -7.36044 9
    endloop
  endfacet
  facet normal 0 0 -1
    outer loop
      vertex 5.5 -9.52628 9
      vertex 9 -15.5885 9
      vertex 7.32126 -16.4438 9
    endloop
  endfacet
  facet normal 0 0 -1
    outer loop
      vertex 10.5801 -14.5623 9
      vertex 6.46564 -8.89919 9
      vertex 7.36044 -8.17459 9
    endloop
  endfacet
  facet normal 0 0 -1
    outer loop
      vertex 4.4741 -10.049 9
      vertex 7.32126 -16.4438 9
      vertex 5.56231 -17.119 9
    endloop
  endfacet
  facet normal 0 0 -1
    outer loop
      vertex 9 -15.5885 9
      vertex 5.5 -9.52628 9
      vertex 6.46564 -8.89919 9
    endloop
  endfacet
  facet normal 0 0 -1
    outer loop
      vertex 7.32126 -16.4438 9
      vertex 4.4741 -10.049 9
      vertex 5.5 -9.52628 9
    endloop
  endfacet
  facet normal 0 0 -1
    outer loop
      vertex 3.39919 -10.4616 9
      vertex 5.56231 -17.119 9
      vertex 3.74241 -17.6067 9
    endloop
  endfacet
  facet normal 0 0 -1
    outer loop
      vertex 5.56231 -17.119 9
      vertex 3.39919 -10.4616 9
      vertex 4.4741 -10.049 9
    endloop
  endfacet
  facet normal 0 0 -1
    outer loop
      vertex 3.74241 -17.6067 9
      vertex 2.28703 -10.7596 9
      vertex 3.39919 -10.4616 9
    endloop
  endfacet
  facet normal 0 0 -1
    outer loop
      vertex 1.88151 -17.9014 9
      vertex 2.28703 -10.7596 9
      vertex 3.74241 -17.6067 9
    endloop
  endfacet
  facet normal 0 0 -1
    outer loop
      vertex 1.88151 -17.9014 9
      vertex 1.14981 -10.9397 9
      vertex 2.28703 -10.7596 9
    endloop
  endfacet
  facet normal 0 0 -1
    outer loop
      vertex 0 -18 9
      vertex 1.14981 -10.9397 9
      vertex 1.88151 -17.9014 9
    endloop
  endfacet
  facet normal 0 0 -1
    outer loop
      vertex 0 -18 9
      vertex 0 -11 9
      vertex 1.14981 -10.9397 9
    endloop
  endfacet
  facet normal 0 0 -1
    outer loop
      vertex 0 -18 9
      vertex -1.14981 -10.9397 9
      vertex 0 -11 9
    endloop
  endfacet
  facet normal 0 0 -1
    outer loop
      vertex -1.88151 -17.9014 9
      vertex -1.14981 -10.9397 9
      vertex 0 -18 9
    endloop
  endfacet
  facet normal 0 0 -1
    outer loop
      vertex -1.88151 -17.9014 9
      vertex -2.28703 -10.7596 9
      vertex -1.14981 -10.9397 9
    endloop
  endfacet
  facet normal 0 0 -1
    outer loop
      vertex -3.74241 -17.6067 9
      vertex -2.28703 -10.7596 9
      vertex -1.88151 -17.9014 9
    endloop
  endfacet
  facet normal -0 0 -1
    outer loop
      vertex -2.28703 -10.7596 9
      vertex -3.74241 -17.6067 9
      vertex -3.39919 -10.4616 9
    endloop
  endfacet
  facet normal 0 0 -1
    outer loop
      vertex -5.56231 -17.119 9
      vertex -3.39919 -10.4616 9
      vertex -3.74241 -17.6067 9
    endloop
  endfacet
  facet normal -0 0 -1
    outer loop
      vertex -3.39919 -10.4616 9
      vertex -5.56231 -17.119 9
      vertex -4.4741 -10.049 9
    endloop
  endfacet
  facet normal 0 0 -1
    outer loop
      vertex -7.32126 -16.4438 9
      vertex -4.4741 -10.049 9
      vertex -5.56231 -17.119 9
    endloop
  endfacet
  facet normal -0 0 -1
    outer loop
      vertex -4.4741 -10.049 9
      vertex -7.32126 -16.4438 9
      vertex -5.5 -9.52628 9
    endloop
  endfacet
  facet normal 0 0 -1
    outer loop
      vertex -9 -15.5885 9
      vertex -5.5 -9.52628 9
      vertex -7.32126 -16.4438 9
    endloop
  endfacet
  facet normal -0 0 -1
    outer loop
      vertex -5.5 -9.52628 9
      vertex -9 -15.5885 9
      vertex -6.46564 -8.89919 9
    endloop
  endfacet
  facet normal 0 0 -1
    outer loop
      vertex -10.5801 -14.5623 9
      vertex -6.46564 -8.89919 9
      vertex -9 -15.5885 9
    endloop
  endfacet
  facet normal -0 0 -1
    outer loop
      vertex -6.46564 -8.89919 9
      vertex -10.5801 -14.5623 9
      vertex -7.36044 -8.17459 9
    endloop
  endfacet
  facet normal 0 0 -1
    outer loop
      vertex -12.0444 -13.3766 9
      vertex -7.36044 -8.17459 9
      vertex -10.5801 -14.5623 9
    endloop
  endfacet
  facet normal -0 0 -1
    outer loop
      vertex -7.36044 -8.17459 9
      vertex -12.0444 -13.3766 9
      vertex -8.17459 -7.36044 9
    endloop
  endfacet
  facet normal 0 0 -1
    outer loop
      vertex -13.3766 -12.0444 9
      vertex -8.17459 -7.36044 9
      vertex -12.0444 -13.3766 9
    endloop
  endfacet
  facet normal -0 0 -1
    outer loop
      vertex -8.17459 -7.36044 9
      vertex -13.3766 -12.0444 9
      vertex -8.89919 -6.46564 9
    endloop
  endfacet
  facet normal 0 0 -1
    outer loop
      vertex -14.5623 -10.5801 9
      vertex -8.89919 -6.46564 9
      vertex -13.3766 -12.0444 9
    endloop
  endfacet
  facet normal -0 0 -1
    outer loop
      vertex -8.89919 -6.46564 9
      vertex -14.5623 -10.5801 9
      vertex -9.52628 -5.5 9
    endloop
  endfacet
  facet normal 0 0 -1
    outer loop
      vertex -15.5885 -9 9
      vertex -9.52628 -5.5 9
      vertex -14.5623 -10.5801 9
    endloop
  endfacet
  facet normal -0 0 -1
    outer loop
      vertex -9.52628 -5.5 9
      vertex -15.5885 -9 9
      vertex -10.049 -4.4741 9
    endloop
  endfacet
  facet normal 0 0 -1
    outer loop
      vertex -16.4438 -7.32126 9
      vertex -10.049 -4.4741 9
      vertex -15.5885 -9 9
    endloop
  endfacet
  facet normal 0 0 -1
    outer loop
      vertex 10.8843 1.5 9
      vertex 17.9014 1.88151 9
      vertex 17.9214 1.5 9
    endloop
  endfacet
  facet normal -0 0 -1
    outer loop
      vertex 17.9014 1.88151 9
      vertex 10.8843 1.5 9
      vertex 17.6067 3.74241 9
    endloop
  endfacet
  facet normal -0 0 -1
    outer loop
      vertex 17.6067 3.74241 9
      vertex 10.7596 2.28703 9
      vertex 17.119 5.56231 9
    endloop
  endfacet
  facet normal 0 0 -1
    outer loop
      vertex 10.4616 3.39919 9
      vertex 17.119 5.56231 9
      vertex 10.7596 2.28703 9
    endloop
  endfacet
  facet normal 0 0 -1
    outer loop
      vertex 10.049 4.4741 9
      vertex 16.4438 7.32126 9
      vertex 10.4616 3.39919 9
    endloop
  endfacet
  facet normal -0 0 -1
    outer loop
      vertex 16.4438 7.32126 9
      vertex 10.049 4.4741 9
      vertex 15.5885 9 9
    endloop
  endfacet
  facet normal -0 0 -1
    outer loop
      vertex 15.5885 9 9
      vertex 9.52628 5.5 9
      vertex 14.5623 10.5801 9
    endloop
  endfacet
  facet normal 0 0 -1
    outer loop
      vertex 17.6067 3.74241 9
      vertex 10.8843 1.5 9
      vertex 10.7596 2.28703 9
    endloop
  endfacet
  facet normal -0 0 -1
    outer loop
      vertex 17.119 5.56231 9
      vertex 10.4616 3.39919 9
      vertex 16.4438 7.32126 9
    endloop
  endfacet
  facet normal 0 0 -1
    outer loop
      vertex 9.52628 5.5 9
      vertex 15.5885 9 9
      vertex 10.049 4.4741 9
    endloop
  endfacet
  facet normal 0 0 -1
    outer loop
      vertex 8.89919 6.46564 9
      vertex 14.5623 10.5801 9
      vertex 9.52628 5.5 9
    endloop
  endfacet
  facet normal -0 0 -1
    outer loop
      vertex 14.5623 10.5801 9
      vertex 8.89919 6.46564 9
      vertex 13.3766 12.0444 9
    endloop
  endfacet
  facet normal 0 0 -1
    outer loop
      vertex 8.17459 7.36044 9
      vertex 13.3766 12.0444 9
      vertex 8.89919 6.46564 9
    endloop
  endfacet
  facet normal -0 0 -1
    outer loop
      vertex 13.3766 12.0444 9
      vertex 8.17459 7.36044 9
      vertex 12.0444 13.3766 9
    endloop
  endfacet
  facet normal 0 0 -1
    outer loop
      vertex 7.36044 8.17459 9
      vertex 12.0444 13.3766 9
      vertex 8.17459 7.36044 9
    endloop
  endfacet
  facet normal -0 0 -1
    outer loop
      vertex 12.0444 13.3766 9
      vertex 7.36044 8.17459 9
      vertex 10.5801 14.5623 9
    endloop
  endfacet
  facet normal 0 0 -1
    outer loop
      vertex 6.46564 8.89919 9
      vertex 10.5801 14.5623 9
      vertex 7.36044 8.17459 9
    endloop
  endfacet
  facet normal -0 0 -1
    outer loop
      vertex 10.5801 14.5623 9
      vertex 6.46564 8.89919 9
      vertex 9 15.5885 9
    endloop
  endfacet
  facet normal 0 0 -1
    outer loop
      vertex 5.5 9.52628 9
      vertex 9 15.5885 9
      vertex 6.46564 8.89919 9
    endloop
  endfacet
  facet normal -0 0 -1
    outer loop
      vertex 9 15.5885 9
      vertex 5.5 9.52628 9
      vertex 7.32126 16.4438 9
    endloop
  endfacet
  facet normal 0 0 -1
    outer loop
      vertex 4.4741 10.049 9
      vertex 7.32126 16.4438 9
      vertex 5.5 9.52628 9
    endloop
  endfacet
  facet normal -0 0 -1
    outer loop
      vertex 7.32126 16.4438 9
      vertex 4.4741 10.049 9
      vertex 5.56231 17.119 9
    endloop
  endfacet
  facet normal 0 0 -1
    outer loop
      vertex 3.39919 10.4616 9
      vertex 5.56231 17.119 9
      vertex 4.4741 10.049 9
    endloop
  endfacet
  facet normal -0 0 -1
    outer loop
      vertex 5.56231 17.119 9
      vertex 3.39919 10.4616 9
      vertex 3.74241 17.6067 9
    endloop
  endfacet
  facet normal 0 0 -1
    outer loop
      vertex 2.28703 10.7596 9
      vertex 3.74241 17.6067 9
      vertex 3.39919 10.4616 9
    endloop
  endfacet
  facet normal 0 0 -1
    outer loop
      vertex 2.28703 10.7596 9
      vertex 1.88151 17.9014 9
      vertex 3.74241 17.6067 9
    endloop
  endfacet
  facet normal 0 0 -1
    outer loop
      vertex 1.14981 10.9397 9
      vertex 1.88151 17.9014 9
      vertex 2.28703 10.7596 9
    endloop
  endfacet
  facet normal 0 0 -1
    outer loop
      vertex 0 11 9
      vertex 1.88151 17.9014 9
      vertex 1.14981 10.9397 9
    endloop
  endfacet
  facet normal 0 0 -1
    outer loop
      vertex 0 11 9
      vertex 0 18 9
      vertex 1.88151 17.9014 9
    endloop
  endfacet
  facet normal 0 0 -1
    outer loop
      vertex -1.14981 10.9397 9
      vertex 0 18 9
      vertex 0 11 9
    endloop
  endfacet
  facet normal 0 0 -1
    outer loop
      vertex -1.14981 10.9397 9
      vertex -1.88151 17.9014 9
      vertex 0 18 9
    endloop
  endfacet
  facet normal 0 0 -1
    outer loop
      vertex -2.28703 10.7596 9
      vertex -1.88151 17.9014 9
      vertex -1.14981 10.9397 9
    endloop
  endfacet
  facet normal 0 0 -1
    outer loop
      vertex -3.74241 17.6067 9
      vertex -2.28703 10.7596 9
      vertex -3.39919 10.4616 9
    endloop
  endfacet
  facet normal 0 0 -1
    outer loop
      vertex -2.28703 10.7596 9
      vertex -3.74241 17.6067 9
      vertex -1.88151 17.9014 9
    endloop
  endfacet
  facet normal 0 0 -1
    outer loop
      vertex -5.56231 17.119 9
      vertex -3.39919 10.4616 9
      vertex -4.4741 10.049 9
    endloop
  endfacet
  facet normal 0 0 -1
    outer loop
      vertex -7.32126 16.4438 9
      vertex -4.4741 10.049 9
      vertex -5.5 9.52628 9
    endloop
  endfacet
  facet normal 0 0 -1
    outer loop
      vertex -3.39919 10.4616 9
      vertex -5.56231 17.119 9
      vertex -3.74241 17.6067 9
    endloop
  endfacet
  facet normal 0 0 -1
    outer loop
      vertex -9 15.5885 9
      vertex -5.5 9.52628 9
      vertex -6.46564 8.89919 9
    endloop
  endfacet
  facet normal 0 0 -1
    outer loop
      vertex -4.4741 10.049 9
      vertex -7.32126 16.4438 9
      vertex -5.56231 17.119 9
    endloop
  endfacet
  facet normal 0 0 -1
    outer loop
      vertex -10.5801 14.5623 9
      vertex -6.46564 8.89919 9
      vertex -7.36044 8.17459 9
    endloop
  endfacet
  facet normal 0 0 -1
    outer loop
      vertex -12.0444 13.3766 9
      vertex -7.36044 8.17459 9
      vertex -8.17459 7.36044 9
    endloop
  endfacet
  facet normal 0 0 -1
    outer loop
      vertex -13.3766 12.0444 9
      vertex -8.17459 7.36044 9
      vertex -8.89919 6.46564 9
    endloop
  endfacet
  facet normal 0 0 -1
    outer loop
      vertex -5.5 9.52628 9
      vertex -9 15.5885 9
      vertex -7.32126 16.4438 9
    endloop
  endfacet
  facet normal 0 0 -1
    outer loop
      vertex -14.5623 10.5801 9
      vertex -8.89919 6.46564 9
      vertex -9.52628 5.5 9
    endloop
  endfacet
  facet normal 0 0 -1
    outer loop
      vertex -15.5885 9 9
      vertex -9.52628 5.5 9
      vertex -10.049 4.4741 9
    endloop
  endfacet
  facet normal 0 0 -1
    outer loop
      vertex -16.4438 7.32126 9
      vertex -10.049 4.4741 9
      vertex -10.4616 3.39919 9
    endloop
  endfacet
  facet normal 0 0 -1
    outer loop
      vertex -6.46564 8.89919 9
      vertex -10.5801 14.5623 9
      vertex -9 15.5885 9
    endloop
  endfacet
  facet normal 0 0 -1
    outer loop
      vertex -17.119 5.56231 9
      vertex -10.4616 3.39919 9
      vertex -10.7596 2.28703 9
    endloop
  endfacet
  facet normal 0 0 -1
    outer loop
      vertex -17.6067 3.74241 9
      vertex -10.7596 2.28703 9
      vertex -10.9397 1.14981 9
    endloop
  endfacet
  facet normal 0 0 -1
    outer loop
      vertex -17.9014 1.88151 9
      vertex -10.9397 1.14981 9
      vertex -11 0 9
    endloop
  endfacet
  facet normal -0 0 -1
    outer loop
      vertex -10.049 -4.4741 9
      vertex -16.4438 -7.32126 9
      vertex -10.4616 -3.39919 9
    endloop
  endfacet
  facet normal 0 0 -1
    outer loop
      vertex -7.36044 8.17459 9
      vertex -12.0444 13.3766 9
      vertex -10.5801 14.5623 9
    endloop
  endfacet
  facet normal 0 0 -1
    outer loop
      vertex -17.119 -5.56231 9
      vertex -10.4616 -3.39919 9
      vertex -16.4438 -7.32126 9
    endloop
  endfacet
  facet normal 0 0 -1
    outer loop
      vertex -8.17459 7.36044 9
      vertex -13.3766 12.0444 9
      vertex -12.0444 13.3766 9
    endloop
  endfacet
  facet normal -0 0 -1
    outer loop
      vertex -10.4616 -3.39919 9
      vertex -17.119 -5.56231 9
      vertex -10.7596 -2.28703 9
    endloop
  endfacet
  facet normal 0 0 -1
    outer loop
      vertex -8.89919 6.46564 9
      vertex -14.5623 10.5801 9
      vertex -13.3766 12.0444 9
    endloop
  endfacet
  facet normal 0 0 -1
    outer loop
      vertex -17.6067 -3.74241 9
      vertex -10.7596 -2.28703 9
      vertex -17.119 -5.56231 9
    endloop
  endfacet
  facet normal 0 0 -1
    outer loop
      vertex -9.52628 5.5 9
      vertex -15.5885 9 9
      vertex -14.5623 10.5801 9
    endloop
  endfacet
  facet normal -0 0 -1
    outer loop
      vertex -10.7596 -2.28703 9
      vertex -17.6067 -3.74241 9
      vertex -10.9397 -1.14981 9
    endloop
  endfacet
  facet normal 0 0 -1
    outer loop
      vertex -10.049 4.4741 9
      vertex -16.4438 7.32126 9
      vertex -15.5885 9 9
    endloop
  endfacet
  facet normal 0 0 -1
    outer loop
      vertex -17.9014 -1.88151 9
      vertex -10.9397 -1.14981 9
      vertex -17.6067 -3.74241 9
    endloop
  endfacet
  facet normal 0 0 -1
    outer loop
      vertex -10.4616 3.39919 9
      vertex -17.119 5.56231 9
      vertex -16.4438 7.32126 9
    endloop
  endfacet
  facet normal -0 0 -1
    outer loop
      vertex -10.9397 -1.14981 9
      vertex -17.9014 -1.88151 9
      vertex -11 0 9
    endloop
  endfacet
  facet normal 0 0 -1
    outer loop
      vertex -10.7596 2.28703 9
      vertex -17.6067 3.74241 9
      vertex -17.119 5.56231 9
    endloop
  endfacet
  facet normal 0 0 -1
    outer loop
      vertex -18 0 9
      vertex -11 0 9
      vertex -17.9014 -1.88151 9
    endloop
  endfacet
  facet normal 0 0 -1
    outer loop
      vertex -10.9397 1.14981 9
      vertex -17.9014 1.88151 9
      vertex -17.6067 3.74241 9
    endloop
  endfacet
  facet normal 0 0 -1
    outer loop
      vertex -11 0 9
      vertex -18 0 9
      vertex -17.9014 1.88151 9
    endloop
  endfacet
  facet normal -0.891007 0.453989 0
    outer loop
      vertex -10.049 4.4741 2
      vertex -9.52628 5.5 9
      vertex -9.52628 5.5 2
    endloop
  endfacet
  facet normal -0.891007 0.453989 0
    outer loop
      vertex -9.52628 5.5 9
      vertex -10.049 4.4741 2
      vertex -10.049 4.4741 9
    endloop
  endfacet
  facet normal 0.987691 -0.156415 0
    outer loop
      vertex 17.6067 -3.74241 11
      vertex 17.9014 -1.88151 9
      vertex 17.9014 -1.88151 11
    endloop
  endfacet
  facet normal 0.987691 -0.156415 0
    outer loop
      vertex 17.9014 -1.88151 9
      vertex 17.6067 -3.74241 11
      vertex 17.6067 -3.74241 9
    endloop
  endfacet
  facet normal 0.629299 -0.777163 0
    outer loop
      vertex 10.5801 -14.5623 9
      vertex 12.0444 -13.3766 11
      vertex 10.5801 -14.5623 11
    endloop
  endfacet
  facet normal 0.629299 -0.777163 0
    outer loop
      vertex 12.0444 -13.3766 11
      vertex 10.5801 -14.5623 9
      vertex 12.0444 -13.3766 9
    endloop
  endfacet
  facet normal -0.707107 0.707107 0
    outer loop
      vertex -13.3766 12.0444 9
      vertex -12.0444 13.3766 11
      vertex -12.0444 13.3766 9
    endloop
  endfacet
  facet normal -0.707107 0.707107 0
    outer loop
      vertex -12.0444 13.3766 11
      vertex -13.3766 12.0444 9
      vertex -13.3766 12.0444 11
    endloop
  endfacet
  facet normal 0.258848 0.965918 -0
    outer loop
      vertex 5.56231 17.119 9
      vertex 3.74241 17.6067 11
      vertex 5.56231 17.119 11
    endloop
  endfacet
  facet normal 0.258848 0.965918 0
    outer loop
      vertex 3.74241 17.6067 11
      vertex 5.56231 17.119 9
      vertex 3.74241 17.6067 9
    endloop
  endfacet
  facet normal 0.453965 -0.89102 0
    outer loop
      vertex 7.32126 -16.4438 9
      vertex 9 -15.5885 11
      vertex 7.32126 -16.4438 11
    endloop
  endfacet
  facet normal 0.453965 -0.89102 0
    outer loop
      vertex 9 -15.5885 11
      vertex 7.32126 -16.4438 9
      vertex 9 -15.5885 9
    endloop
  endfacet
  facet normal -0.987691 -0.156415 0
    outer loop
      vertex -17.6067 -3.74241 9
      vertex -17.9014 -1.88151 11
      vertex -17.9014 -1.88151 9
    endloop
  endfacet
  facet normal -0.987691 -0.156415 0
    outer loop
      vertex -17.9014 -1.88151 11
      vertex -17.6067 -3.74241 9
      vertex -17.6067 -3.74241 11
    endloop
  endfacet
  facet normal -0.453965 -0.89102 0
    outer loop
      vertex -9 -15.5885 9
      vertex -7.32126 -16.4438 11
      vertex -9 -15.5885 11
    endloop
  endfacet
  facet normal -0.453965 -0.89102 -0
    outer loop
      vertex -7.32126 -16.4438 11
      vertex -9 -15.5885 9
      vertex -7.32126 -16.4438 9
    endloop
  endfacet
  facet normal 0.93358 0.358369 0
    outer loop
      vertex 17.119 5.56231 11
      vertex 16.4438 7.32126 9
      vertex 16.4438 7.32126 11
    endloop
  endfacet
  facet normal 0.93358 0.358369 0
    outer loop
      vertex 16.4438 7.32126 9
      vertex 17.119 5.56231 11
      vertex 17.119 5.56231 9
    endloop
  endfacet
  facet normal -0.156415 -0.987691 0
    outer loop
      vertex -3.74241 -17.6067 9
      vertex -1.88151 -17.9014 11
      vertex -3.74241 -17.6067 11
    endloop
  endfacet
  facet normal -0.156415 -0.987691 -0
    outer loop
      vertex -1.88151 -17.9014 11
      vertex -3.74241 -17.6067 9
      vertex -1.88151 -17.9014 9
    endloop
  endfacet
  facet normal 0.156415 0.987691 -0
    outer loop
      vertex 3.74241 17.6067 9
      vertex 1.88151 17.9014 11
      vertex 3.74241 17.6067 11
    endloop
  endfacet
  facet normal 0.156415 0.987691 0
    outer loop
      vertex 1.88151 17.9014 11
      vertex 3.74241 17.6067 9
      vertex 1.88151 17.9014 9
    endloop
  endfacet
  facet normal 0.544666 0.838653 -0
    outer loop
      vertex 10.5801 14.5623 9
      vertex 9 15.5885 11
      vertex 10.5801 14.5623 11
    endloop
  endfacet
  facet normal 0.544666 0.838653 0
    outer loop
      vertex 9 15.5885 11
      vertex 10.5801 14.5623 9
      vertex 9 15.5885 9
    endloop
  endfacet
  facet normal 0.777163 0.629299 0
    outer loop
      vertex 14.5623 10.5801 11
      vertex 13.3766 12.0444 9
      vertex 13.3766 12.0444 11
    endloop
  endfacet
  facet normal 0.777163 0.629299 0
    outer loop
      vertex 13.3766 12.0444 9
      vertex 14.5623 10.5801 11
      vertex 14.5623 10.5801 9
    endloop
  endfacet
  facet normal 0.0523329 -0.99863 0
    outer loop
      vertex 0 -18 9
      vertex 1.88151 -17.9014 11
      vertex 0 -18 11
    endloop
  endfacet
  facet normal 0.0523329 -0.99863 0
    outer loop
      vertex 1.88151 -17.9014 11
      vertex 0 -18 9
      vertex 1.88151 -17.9014 9
    endloop
  endfacet
  facet normal 0.629299 0.777163 -0
    outer loop
      vertex 12.0444 13.3766 9
      vertex 10.5801 14.5623 11
      vertex 12.0444 13.3766 11
    endloop
  endfacet
  facet normal 0.629299 0.777163 0
    outer loop
      vertex 10.5801 14.5623 11
      vertex 12.0444 13.3766 9
      vertex 10.5801 14.5623 9
    endloop
  endfacet
  facet normal 0.987691 0.156415 0
    outer loop
      vertex 17.9014 1.88151 11
      vertex 17.6067 3.74241 9
      vertex 17.6067 3.74241 11
    endloop
  endfacet
  facet normal 0.987691 0.156415 0
    outer loop
      vertex 17.6067 3.74241 9
      vertex 17.9014 1.88151 11
      vertex 17.9014 1.88151 9
    endloop
  endfacet
  facet normal -0.156415 0.987691 0
    outer loop
      vertex -1.88151 17.9014 9
      vertex -3.74241 17.6067 11
      vertex -1.88151 17.9014 11
    endloop
  endfacet
  facet normal -0.156415 0.987691 0
    outer loop
      vertex -3.74241 17.6067 11
      vertex -1.88151 17.9014 9
      vertex -3.74241 17.6067 9
    endloop
  endfacet
  facet normal 0.998629 0.0523514 0
    outer loop
      vertex 17.9214 1.5 11
      vertex 17.9014 1.88151 9
      vertex 17.9014 1.88151 11
    endloop
  endfacet
  facet normal 0.998629 0.0523514 0
    outer loop
      vertex 17.9014 1.88151 9
      vertex 17.9214 1.5 11
      vertex 17.9214 1.5 9
    endloop
  endfacet
  facet normal -0.453965 0.89102 0
    outer loop
      vertex -7.32126 16.4438 9
      vertex -9 15.5885 11
      vertex -7.32126 16.4438 11
    endloop
  endfacet
  facet normal -0.453965 0.89102 0
    outer loop
      vertex -9 15.5885 11
      vertex -7.32126 16.4438 9
      vertex -9 15.5885 9
    endloop
  endfacet
  facet normal 0.156415 -0.987691 0
    outer loop
      vertex 1.88151 -17.9014 9
      vertex 3.74241 -17.6067 11
      vertex 1.88151 -17.9014 11
    endloop
  endfacet
  facet normal 0.156415 -0.987691 0
    outer loop
      vertex 3.74241 -17.6067 11
      vertex 1.88151 -17.9014 9
      vertex 3.74241 -17.6067 9
    endloop
  endfacet
  facet normal 0.0523329 0.99863 -0
    outer loop
      vertex 1.88151 17.9014 9
      vertex 0 18 11
      vertex 1.88151 17.9014 11
    endloop
  endfacet
  facet normal 0.0523329 0.99863 0
    outer loop
      vertex 0 18 11
      vertex 1.88151 17.9014 9
      vertex 0 18 9
    endloop
  endfacet
  facet normal 0.258848 -0.965918 0
    outer loop
      vertex 3.74241 -17.6067 9
      vertex 5.56231 -17.119 11
      vertex 3.74241 -17.6067 11
    endloop
  endfacet
  facet normal 0.258848 -0.965918 0
    outer loop
      vertex 5.56231 -17.119 11
      vertex 3.74241 -17.6067 9
      vertex 5.56231 -17.119 9
    endloop
  endfacet
  facet normal -0.358369 0.93358 0
    outer loop
      vertex -5.56231 17.119 9
      vertex -7.32126 16.4438 11
      vertex -5.56231 17.119 11
    endloop
  endfacet
  facet normal -0.358369 0.93358 0
    outer loop
      vertex -7.32126 16.4438 11
      vertex -5.56231 17.119 9
      vertex -7.32126 16.4438 9
    endloop
  endfacet
  facet normal 0.777163 -0.629299 0
    outer loop
      vertex 13.3766 -12.0444 11
      vertex 14.5623 -10.5801 9
      vertex 14.5623 -10.5801 11
    endloop
  endfacet
  facet normal 0.777163 -0.629299 0
    outer loop
      vertex 14.5623 -10.5801 9
      vertex 13.3766 -12.0444 11
      vertex 13.3766 -12.0444 9
    endloop
  endfacet
  facet normal -0.89102 -0.453965 0
    outer loop
      vertex -15.5885 -9 9
      vertex -16.4438 -7.32126 11
      vertex -16.4438 -7.32126 9
    endloop
  endfacet
  facet normal -0.89102 -0.453965 0
    outer loop
      vertex -16.4438 -7.32126 11
      vertex -15.5885 -9 9
      vertex -15.5885 -9 11
    endloop
  endfacet
  facet normal 0.838653 0.544666 0
    outer loop
      vertex 15.5885 9 11
      vertex 14.5623 10.5801 9
      vertex 14.5623 10.5801 11
    endloop
  endfacet
  facet normal 0.838653 0.544666 0
    outer loop
      vertex 14.5623 10.5801 9
      vertex 15.5885 9 11
      vertex 15.5885 9 9
    endloop
  endfacet
  facet normal -0.707107 -0.707107 0
    outer loop
      vertex -12.0444 -13.3766 9
      vertex -13.3766 -12.0444 11
      vertex -13.3766 -12.0444 9
    endloop
  endfacet
  facet normal -0.707107 -0.707107 0
    outer loop
      vertex -13.3766 -12.0444 11
      vertex -12.0444 -13.3766 9
      vertex -12.0444 -13.3766 11
    endloop
  endfacet
  facet normal -0.99863 0.0523329 0
    outer loop
      vertex -18 0 9
      vertex -17.9014 1.88151 11
      vertex -17.9014 1.88151 9
    endloop
  endfacet
  facet normal -0.99863 0.0523329 0
    outer loop
      vertex -17.9014 1.88151 11
      vertex -18 0 9
      vertex -18 0 11
    endloop
  endfacet
  facet normal 0.965918 0.258848 0
    outer loop
      vertex 17.6067 3.74241 11
      vertex 17.119 5.56231 9
      vertex 17.119 5.56231 11
    endloop
  endfacet
  facet normal 0.965918 0.258848 0
    outer loop
      vertex 17.119 5.56231 9
      vertex 17.6067 3.74241 11
      vertex 17.6067 3.74241 9
    endloop
  endfacet
  facet normal -0.987691 0.156415 0
    outer loop
      vertex -17.9014 1.88151 9
      vertex -17.6067 3.74241 11
      vertex -17.6067 3.74241 9
    endloop
  endfacet
  facet normal -0.987691 0.156415 0
    outer loop
      vertex -17.6067 3.74241 11
      vertex -17.9014 1.88151 9
      vertex -17.9014 1.88151 11
    endloop
  endfacet
  facet normal 0.453965 0.89102 -0
    outer loop
      vertex 9 15.5885 9
      vertex 7.32126 16.4438 11
      vertex 9 15.5885 11
    endloop
  endfacet
  facet normal 0.453965 0.89102 0
    outer loop
      vertex 7.32126 16.4438 11
      vertex 9 15.5885 9
      vertex 7.32126 16.4438 9
    endloop
  endfacet
  facet normal 0.707107 -0.707107 0
    outer loop
      vertex 12.0444 -13.3766 11
      vertex 13.3766 -12.0444 9
      vertex 13.3766 -12.0444 11
    endloop
  endfacet
  facet normal 0.707107 -0.707107 0
    outer loop
      vertex 13.3766 -12.0444 9
      vertex 12.0444 -13.3766 11
      vertex 12.0444 -13.3766 9
    endloop
  endfacet
  facet normal -0.777163 -0.629299 0
    outer loop
      vertex -13.3766 -12.0444 9
      vertex -14.5623 -10.5801 11
      vertex -14.5623 -10.5801 9
    endloop
  endfacet
  facet normal -0.777163 -0.629299 0
    outer loop
      vertex -14.5623 -10.5801 11
      vertex -13.3766 -12.0444 9
      vertex -13.3766 -12.0444 11
    endloop
  endfacet
  facet normal -0.358369 -0.93358 0
    outer loop
      vertex -7.32126 -16.4438 9
      vertex -5.56231 -17.119 11
      vertex -7.32126 -16.4438 11
    endloop
  endfacet
  facet normal -0.358369 -0.93358 -0
    outer loop
      vertex -5.56231 -17.119 11
      vertex -7.32126 -16.4438 9
      vertex -5.56231 -17.119 9
    endloop
  endfacet
  facet normal -0.777163 0.629299 0
    outer loop
      vertex -14.5623 10.5801 9
      vertex -13.3766 12.0444 11
      vertex -13.3766 12.0444 9
    endloop
  endfacet
  facet normal -0.777163 0.629299 0
    outer loop
      vertex -13.3766 12.0444 11
      vertex -14.5623 10.5801 9
      vertex -14.5623 10.5801 11
    endloop
  endfacet
  facet normal -0.0523329 0.99863 0
    outer loop
      vertex 0 18 9
      vertex -1.88151 17.9014 11
      vertex 0 18 11
    endloop
  endfacet
  facet normal -0.0523329 0.99863 0
    outer loop
      vertex -1.88151 17.9014 11
      vertex 0 18 9
      vertex -1.88151 17.9014 9
    endloop
  endfacet
  facet normal -0.629299 -0.777163 0
    outer loop
      vertex -12.0444 -13.3766 9
      vertex -10.5801 -14.5623 11
      vertex -12.0444 -13.3766 11
    endloop
  endfacet
  facet normal -0.629299 -0.777163 -0
    outer loop
      vertex -10.5801 -14.5623 11
      vertex -12.0444 -13.3766 9
      vertex -10.5801 -14.5623 9
    endloop
  endfacet
  facet normal -0.965918 -0.258848 0
    outer loop
      vertex -17.119 -5.56231 9
      vertex -17.6067 -3.74241 11
      vertex -17.6067 -3.74241 9
    endloop
  endfacet
  facet normal -0.965918 -0.258848 0
    outer loop
      vertex -17.6067 -3.74241 11
      vertex -17.119 -5.56231 9
      vertex -17.119 -5.56231 11
    endloop
  endfacet
  facet normal -0.838653 -0.544666 0
    outer loop
      vertex -14.5623 -10.5801 9
      vertex -15.5885 -9 11
      vertex -15.5885 -9 9
    endloop
  endfacet
  facet normal -0.838653 -0.544666 0
    outer loop
      vertex -15.5885 -9 11
      vertex -14.5623 -10.5801 9
      vertex -14.5623 -10.5801 11
    endloop
  endfacet
  facet normal 0.998629 -0.0523514 0
    outer loop
      vertex 17.9014 -1.88151 11
      vertex 17.9214 -1.5 9
      vertex 17.9214 -1.5 11
    endloop
  endfacet
  facet normal 0.998629 -0.0523514 0
    outer loop
      vertex 17.9214 -1.5 9
      vertex 17.9014 -1.88151 11
      vertex 17.9014 -1.88151 9
    endloop
  endfacet
  facet normal 0.965918 -0.258848 0
    outer loop
      vertex 17.119 -5.56231 11
      vertex 17.6067 -3.74241 9
      vertex 17.6067 -3.74241 11
    endloop
  endfacet
  facet normal 0.965918 -0.258848 0
    outer loop
      vertex 17.6067 -3.74241 9
      vertex 17.119 -5.56231 11
      vertex 17.119 -5.56231 9
    endloop
  endfacet
  facet normal 0.89102 -0.453965 0
    outer loop
      vertex 15.5885 -9 11
      vertex 16.4438 -7.32126 9
      vertex 16.4438 -7.32126 11
    endloop
  endfacet
  facet normal 0.89102 -0.453965 0
    outer loop
      vertex 16.4438 -7.32126 9
      vertex 15.5885 -9 11
      vertex 15.5885 -9 9
    endloop
  endfacet
  facet normal 0.707107 0.707107 0
    outer loop
      vertex 13.3766 12.0444 11
      vertex 12.0444 13.3766 9
      vertex 12.0444 13.3766 11
    endloop
  endfacet
  facet normal 0.707107 0.707107 0
    outer loop
      vertex 12.0444 13.3766 9
      vertex 13.3766 12.0444 11
      vertex 13.3766 12.0444 9
    endloop
  endfacet
  facet normal -0.89102 0.453965 0
    outer loop
      vertex -16.4438 7.32126 9
      vertex -15.5885 9 11
      vertex -15.5885 9 9
    endloop
  endfacet
  facet normal -0.89102 0.453965 0
    outer loop
      vertex -15.5885 9 11
      vertex -16.4438 7.32126 9
      vertex -16.4438 7.32126 11
    endloop
  endfacet
  facet normal 0.89102 0.453965 0
    outer loop
      vertex 16.4438 7.32126 11
      vertex 15.5885 9 9
      vertex 15.5885 9 11
    endloop
  endfacet
  facet normal 0.89102 0.453965 0
    outer loop
      vertex 15.5885 9 9
      vertex 16.4438 7.32126 11
      vertex 16.4438 7.32126 9
    endloop
  endfacet
  facet normal -0.258848 0.965918 0
    outer loop
      vertex -3.74241 17.6067 9
      vertex -5.56231 17.119 11
      vertex -3.74241 17.6067 11
    endloop
  endfacet
  facet normal -0.258848 0.965918 0
    outer loop
      vertex -5.56231 17.119 11
      vertex -3.74241 17.6067 9
      vertex -5.56231 17.119 9
    endloop
  endfacet
  facet normal -0.629299 0.777163 0
    outer loop
      vertex -10.5801 14.5623 9
      vertex -12.0444 13.3766 11
      vertex -10.5801 14.5623 11
    endloop
  endfacet
  facet normal -0.629299 0.777163 0
    outer loop
      vertex -12.0444 13.3766 11
      vertex -10.5801 14.5623 9
      vertex -12.0444 13.3766 9
    endloop
  endfacet
  facet normal -0.99863 -0.0523329 0
    outer loop
      vertex -17.9014 -1.88151 9
      vertex -18 0 11
      vertex -18 0 9
    endloop
  endfacet
  facet normal -0.99863 -0.0523329 0
    outer loop
      vertex -18 0 11
      vertex -17.9014 -1.88151 9
      vertex -17.9014 -1.88151 11
    endloop
  endfacet
  facet normal -0.544666 0.838653 0
    outer loop
      vertex -9 15.5885 9
      vertex -10.5801 14.5623 11
      vertex -9 15.5885 11
    endloop
  endfacet
  facet normal -0.544666 0.838653 0
    outer loop
      vertex -10.5801 14.5623 11
      vertex -9 15.5885 9
      vertex -10.5801 14.5623 9
    endloop
  endfacet
  facet normal -0.838653 0.544666 0
    outer loop
      vertex -15.5885 9 9
      vertex -14.5623 10.5801 11
      vertex -14.5623 10.5801 9
    endloop
  endfacet
  facet normal -0.838653 0.544666 0
    outer loop
      vertex -14.5623 10.5801 11
      vertex -15.5885 9 9
      vertex -15.5885 9 11
    endloop
  endfacet
  facet normal -0.0523329 -0.99863 0
    outer loop
      vertex -1.88151 -17.9014 9
      vertex 0 -18 11
      vertex -1.88151 -17.9014 11
    endloop
  endfacet
  facet normal -0.0523329 -0.99863 -0
    outer loop
      vertex 0 -18 11
      vertex -1.88151 -17.9014 9
      vertex 0 -18 9
    endloop
  endfacet
  facet normal -0.93358 -0.358369 0
    outer loop
      vertex -16.4438 -7.32126 9
      vertex -17.119 -5.56231 11
      vertex -17.119 -5.56231 9
    endloop
  endfacet
  facet normal -0.93358 -0.358369 0
    outer loop
      vertex -17.119 -5.56231 11
      vertex -16.4438 -7.32126 9
      vertex -16.4438 -7.32126 11
    endloop
  endfacet
  facet normal 0.358369 0.93358 -0
    outer loop
      vertex 7.32126 16.4438 9
      vertex 5.56231 17.119 11
      vertex 7.32126 16.4438 11
    endloop
  endfacet
  facet normal 0.358369 0.93358 0
    outer loop
      vertex 5.56231 17.119 11
      vertex 7.32126 16.4438 9
      vertex 5.56231 17.119 9
    endloop
  endfacet
  facet normal 0.838653 -0.544666 0
    outer loop
      vertex 14.5623 -10.5801 11
      vertex 15.5885 -9 9
      vertex 15.5885 -9 11
    endloop
  endfacet
  facet normal 0.838653 -0.544666 0
    outer loop
      vertex 15.5885 -9 9
      vertex 14.5623 -10.5801 11
      vertex 14.5623 -10.5801 9
    endloop
  endfacet
  facet normal 0.93358 -0.358369 0
    outer loop
      vertex 16.4438 -7.32126 11
      vertex 17.119 -5.56231 9
      vertex 17.119 -5.56231 11
    endloop
  endfacet
  facet normal 0.93358 -0.358369 0
    outer loop
      vertex 17.119 -5.56231 9
      vertex 16.4438 -7.32126 11
      vertex 16.4438 -7.32126 9
    endloop
  endfacet
  facet normal 0.358369 -0.93358 0
    outer loop
      vertex 5.56231 -17.119 9
      vertex 7.32126 -16.4438 11
      vertex 5.56231 -17.119 11
    endloop
  endfacet
  facet normal 0.358369 -0.93358 0
    outer loop
      vertex 7.32126 -16.4438 11
      vertex 5.56231 -17.119 9
      vertex 7.32126 -16.4438 9
    endloop
  endfacet
  facet normal 0.544666 -0.838653 0
    outer loop
      vertex 9 -15.5885 9
      vertex 10.5801 -14.5623 11
      vertex 9 -15.5885 11
    endloop
  endfacet
  facet normal 0.544666 -0.838653 0
    outer loop
      vertex 10.5801 -14.5623 11
      vertex 9 -15.5885 9
      vertex 10.5801 -14.5623 9
    endloop
  endfacet
  facet normal -0.965918 0.258848 0
    outer loop
      vertex -17.6067 3.74241 9
      vertex -17.119 5.56231 11
      vertex -17.119 5.56231 9
    endloop
  endfacet
  facet normal -0.965918 0.258848 0
    outer loop
      vertex -17.119 5.56231 11
      vertex -17.6067 3.74241 9
      vertex -17.6067 3.74241 11
    endloop
  endfacet
  facet normal -0.258848 -0.965918 0
    outer loop
      vertex -5.56231 -17.119 9
      vertex -3.74241 -17.6067 11
      vertex -5.56231 -17.119 11
    endloop
  endfacet
  facet normal -0.258848 -0.965918 -0
    outer loop
      vertex -3.74241 -17.6067 11
      vertex -5.56231 -17.119 9
      vertex -3.74241 -17.6067 9
    endloop
  endfacet
  facet normal -0.93358 0.358369 0
    outer loop
      vertex -17.119 5.56231 9
      vertex -16.4438 7.32126 11
      vertex -16.4438 7.32126 9
    endloop
  endfacet
  facet normal -0.93358 0.358369 0
    outer loop
      vertex -16.4438 7.32126 11
      vertex -17.119 5.56231 9
      vertex -17.119 5.56231 11
    endloop
  endfacet
  facet normal -0.544666 -0.838653 0
    outer loop
      vertex -10.5801 -14.5623 9
      vertex -9 -15.5885 11
      vertex -10.5801 -14.5623 11
    endloop
  endfacet
  facet normal -0.544666 -0.838653 -0
    outer loop
      vertex -9 -15.5885 11
      vertex -10.5801 -14.5623 9
      vertex -9 -15.5885 9
    endloop
  endfacet
  facet normal 0 0 1
    outer loop
      vertex 10 1.5 11
      vertex 17.9014 1.88151 11
      vertex 17.6067 3.74241 11
    endloop
  endfacet
  facet normal 0 0 1
    outer loop
      vertex 10 1.5 11
      vertex 17.6067 3.74241 11
      vertex 17.119 5.56231 11
    endloop
  endfacet
  facet normal 0 0 1
    outer loop
      vertex 10 1.5 11
      vertex 17.119 5.56231 11
      vertex 16.4438 7.32126 11
    endloop
  endfacet
  facet normal 0 0 1
    outer loop
      vertex 10 1.5 11
      vertex 16.4438 7.32126 11
      vertex 15.5885 9 11
    endloop
  endfacet
  facet normal 0 0 1
    outer loop
      vertex 6.9282 4 11
      vertex 15.5885 9 11
      vertex 14.5623 10.5801 11
    endloop
  endfacet
  facet normal 0 0 1
    outer loop
      vertex 6.47214 4.70228 11
      vertex 14.5623 10.5801 11
      vertex 13.3766 12.0444 11
    endloop
  endfacet
  facet normal 0 0 1
    outer loop
      vertex 6.47214 4.70228 11
      vertex 13.3766 12.0444 11
      vertex 12.0444 13.3766 11
    endloop
  endfacet
  facet normal 0 0 1
    outer loop
      vertex 6.47214 4.70228 11
      vertex 12.0444 13.3766 11
      vertex 10.5801 14.5623 11
    endloop
  endfacet
  facet normal 0 0 1
    outer loop
      vertex 17.9014 1.88151 11
      vertex 10 1.5 11
      vertex 17.9214 1.5 11
    endloop
  endfacet
  facet normal 0 0 1
    outer loop
      vertex 14.5623 10.5801 11
      vertex 6.47214 4.70228 11
      vertex 6.9282 4 11
    endloop
  endfacet
  facet normal 0 0 1
    outer loop
      vertex 6.47214 4.70228 11
      vertex 10.5801 14.5623 11
      vertex 9 15.5885 11
    endloop
  endfacet
  facet normal -0 0 1
    outer loop
      vertex 10 -1.5 11
      vertex 17.9014 -1.88151 11
      vertex 17.9214 -1.5 11
    endloop
  endfacet
  facet normal 0 0 1
    outer loop
      vertex 17.9014 -1.88151 11
      vertex 10 -1.5 11
      vertex 17.6067 -3.74241 11
    endloop
  endfacet
  facet normal 0 0 1
    outer loop
      vertex 17.6067 -3.74241 11
      vertex 10 -1.5 11
      vertex 17.119 -5.56231 11
    endloop
  endfacet
  facet normal 0 0 1
    outer loop
      vertex 17.119 -5.56231 11
      vertex 10 -1.5 11
      vertex 16.4438 -7.32126 11
    endloop
  endfacet
  facet normal 0 0 1
    outer loop
      vertex 16.4438 -7.32126 11
      vertex 10 -1.5 11
      vertex 15.5885 -9 11
    endloop
  endfacet
  facet normal -0 0 1
    outer loop
      vertex 6.9282 -4 11
      vertex 15.5885 -9 11
      vertex 10 -1.5 11
    endloop
  endfacet
  facet normal 0 0 1
    outer loop
      vertex 15.5885 -9 11
      vertex 6.9282 -4 11
      vertex 14.5623 -10.5801 11
    endloop
  endfacet
  facet normal -0 0 1
    outer loop
      vertex 6.47214 -4.70228 11
      vertex 14.5623 -10.5801 11
      vertex 6.9282 -4 11
    endloop
  endfacet
  facet normal 0 0 1
    outer loop
      vertex 14.5623 -10.5801 11
      vertex 6.47214 -4.70228 11
      vertex 13.3766 -12.0444 11
    endloop
  endfacet
  facet normal -0 -0 1
    outer loop
      vertex 7.82518 1.66329 11
      vertex 10 1.5 11
      vertex 7.60845 2.47214 11
    endloop
  endfacet
  facet normal -0 0 1
    outer loop
      vertex 7.95617 -0.836227 11
      vertex 10 -1.5 11
      vertex 8 0 11
    endloop
  endfacet
  facet normal 0 0 1
    outer loop
      vertex 7.82518 -1.66329 11
      vertex 10 -1.5 11
      vertex 7.95617 -0.836227 11
    endloop
  endfacet
  facet normal 0 0 1
    outer loop
      vertex 10 1.5 11
      vertex 8 0 11
      vertex 10 -1.5 11
    endloop
  endfacet
  facet normal 0 -0 1
    outer loop
      vertex 8 0 11
      vertex 10 1.5 11
      vertex 7.95617 0.836227 11
    endloop
  endfacet
  facet normal 0 -0 1
    outer loop
      vertex 7.95617 0.836227 11
      vertex 10 1.5 11
      vertex 7.82518 1.66329 11
    endloop
  endfacet
  facet normal 0 0 1
    outer loop
      vertex 4 6.9282 11
      vertex 9 15.5885 11
      vertex 7.32126 16.4438 11
    endloop
  endfacet
  facet normal 0 0 1
    outer loop
      vertex 10 1.5 11
      vertex 7.30836 3.25389 11
      vertex 7.60845 2.47214 11
    endloop
  endfacet
  facet normal 0 0 1
    outer loop
      vertex 10 1.5 11
      vertex 6.9282 4 11
      vertex 7.30836 3.25389 11
    endloop
  endfacet
  facet normal 0 0 1
    outer loop
      vertex 15.5885 9 11
      vertex 6.9282 4 11
      vertex 10 1.5 11
    endloop
  endfacet
  facet normal 0 0 1
    outer loop
      vertex 9 15.5885 11
      vertex 5.94516 5.35304 11
      vertex 6.47214 4.70228 11
    endloop
  endfacet
  facet normal 0 0 1
    outer loop
      vertex 3.25389 7.30836 11
      vertex 7.32126 16.4438 11
      vertex 5.56231 17.119 11
    endloop
  endfacet
  facet normal 0 0 1
    outer loop
      vertex 9 15.5885 11
      vertex 5.35304 5.94516 11
      vertex 5.94516 5.35304 11
    endloop
  endfacet
  facet normal 0 0 1
    outer loop
      vertex 9 15.5885 11
      vertex 4.70228 6.47214 11
      vertex 5.35304 5.94516 11
    endloop
  endfacet
  facet normal 0 0 1
    outer loop
      vertex 9 15.5885 11
      vertex 4 6.9282 11
      vertex 4.70228 6.47214 11
    endloop
  endfacet
  facet normal 0 0 1
    outer loop
      vertex 2.47214 7.60845 11
      vertex 5.56231 17.119 11
      vertex 3.74241 17.6067 11
    endloop
  endfacet
  facet normal 0 0 1
    outer loop
      vertex 7.32126 16.4438 11
      vertex 3.25389 7.30836 11
      vertex 4 6.9282 11
    endloop
  endfacet
  facet normal 0 0 1
    outer loop
      vertex 5.56231 17.119 11
      vertex 2.47214 7.60845 11
      vertex 3.25389 7.30836 11
    endloop
  endfacet
  facet normal 0 0 1
    outer loop
      vertex 1.66329 7.82518 11
      vertex 3.74241 17.6067 11
      vertex 1.88151 17.9014 11
    endloop
  endfacet
  facet normal 0 0 1
    outer loop
      vertex 3.74241 17.6067 11
      vertex 1.66329 7.82518 11
      vertex 2.47214 7.60845 11
    endloop
  endfacet
  facet normal 0 0 1
    outer loop
      vertex 1.88151 17.9014 11
      vertex 0.836227 7.95617 11
      vertex 1.66329 7.82518 11
    endloop
  endfacet
  facet normal 0 0 1
    outer loop
      vertex 0 18 11
      vertex 0.836227 7.95617 11
      vertex 1.88151 17.9014 11
    endloop
  endfacet
  facet normal 0 0 1
    outer loop
      vertex 0 18 11
      vertex 0 8 11
      vertex 0.836227 7.95617 11
    endloop
  endfacet
  facet normal 0 0 1
    outer loop
      vertex 0 18 11
      vertex -0.836227 7.95617 11
      vertex 0 8 11
    endloop
  endfacet
  facet normal -0 0 1
    outer loop
      vertex -1.88151 17.9014 11
      vertex -0.836227 7.95617 11
      vertex 0 18 11
    endloop
  endfacet
  facet normal 0 0 1
    outer loop
      vertex -0.836227 7.95617 11
      vertex -1.88151 17.9014 11
      vertex -1.66329 7.82518 11
    endloop
  endfacet
  facet normal -0 0 1
    outer loop
      vertex -3.74241 17.6067 11
      vertex -1.66329 7.82518 11
      vertex -1.88151 17.9014 11
    endloop
  endfacet
  facet normal 0 0 1
    outer loop
      vertex -1.66329 7.82518 11
      vertex -3.74241 17.6067 11
      vertex -2.47214 7.60845 11
    endloop
  endfacet
  facet normal -0 0 1
    outer loop
      vertex -5.56231 17.119 11
      vertex -2.47214 7.60845 11
      vertex -3.74241 17.6067 11
    endloop
  endfacet
  facet normal 0 0 1
    outer loop
      vertex -2.47214 7.60845 11
      vertex -5.56231 17.119 11
      vertex -3.25389 7.30836 11
    endloop
  endfacet
  facet normal -0 0 1
    outer loop
      vertex -7.32126 16.4438 11
      vertex -3.25389 7.30836 11
      vertex -5.56231 17.119 11
    endloop
  endfacet
  facet normal 0 0 1
    outer loop
      vertex -3.25389 7.30836 11
      vertex -7.32126 16.4438 11
      vertex -4 6.9282 11
    endloop
  endfacet
  facet normal -0 0 1
    outer loop
      vertex -9 15.5885 11
      vertex -4 6.9282 11
      vertex -7.32126 16.4438 11
    endloop
  endfacet
  facet normal 0 0 1
    outer loop
      vertex -4 6.9282 11
      vertex -9 15.5885 11
      vertex -4.70228 6.47214 11
    endloop
  endfacet
  facet normal -0 0 1
    outer loop
      vertex -10.5801 14.5623 11
      vertex -4.70228 6.47214 11
      vertex -9 15.5885 11
    endloop
  endfacet
  facet normal 0 0 1
    outer loop
      vertex -4.70228 6.47214 11
      vertex -10.5801 14.5623 11
      vertex -5.35304 5.94516 11
    endloop
  endfacet
  facet normal -0 0 1
    outer loop
      vertex -12.0444 13.3766 11
      vertex -5.35304 5.94516 11
      vertex -10.5801 14.5623 11
    endloop
  endfacet
  facet normal 0 0 1
    outer loop
      vertex -5.35304 5.94516 11
      vertex -12.0444 13.3766 11
      vertex -5.94516 5.35304 11
    endloop
  endfacet
  facet normal -0 0 1
    outer loop
      vertex -13.3766 12.0444 11
      vertex -5.94516 5.35304 11
      vertex -12.0444 13.3766 11
    endloop
  endfacet
  facet normal 0 0 1
    outer loop
      vertex -5.94516 5.35304 11
      vertex -13.3766 12.0444 11
      vertex -6.47214 4.70228 11
    endloop
  endfacet
  facet normal -0 0 1
    outer loop
      vertex -14.5623 10.5801 11
      vertex -6.47214 4.70228 11
      vertex -13.3766 12.0444 11
    endloop
  endfacet
  facet normal 0 0 1
    outer loop
      vertex -6.47214 4.70228 11
      vertex -14.5623 10.5801 11
      vertex -6.9282 4 11
    endloop
  endfacet
  facet normal -0 0 1
    outer loop
      vertex -15.5885 9 11
      vertex -6.9282 4 11
      vertex -14.5623 10.5801 11
    endloop
  endfacet
  facet normal 0 0 1
    outer loop
      vertex 7.60845 -2.47214 11
      vertex 10 -1.5 11
      vertex 7.82518 -1.66329 11
    endloop
  endfacet
  facet normal 0 0 1
    outer loop
      vertex 7.30836 -3.25389 11
      vertex 10 -1.5 11
      vertex 7.60845 -2.47214 11
    endloop
  endfacet
  facet normal 0 0 1
    outer loop
      vertex 6.9282 -4 11
      vertex 10 -1.5 11
      vertex 7.30836 -3.25389 11
    endloop
  endfacet
  facet normal -0 0 1
    outer loop
      vertex 5.94516 -5.35304 11
      vertex 13.3766 -12.0444 11
      vertex 6.47214 -4.70228 11
    endloop
  endfacet
  facet normal 0 0 1
    outer loop
      vertex 13.3766 -12.0444 11
      vertex 5.94516 -5.35304 11
      vertex 12.0444 -13.3766 11
    endloop
  endfacet
  facet normal -0 0 1
    outer loop
      vertex 5.35304 -5.94516 11
      vertex 12.0444 -13.3766 11
      vertex 5.94516 -5.35304 11
    endloop
  endfacet
  facet normal 0 0 1
    outer loop
      vertex 12.0444 -13.3766 11
      vertex 5.35304 -5.94516 11
      vertex 10.5801 -14.5623 11
    endloop
  endfacet
  facet normal -0 0 1
    outer loop
      vertex 4.70228 -6.47214 11
      vertex 10.5801 -14.5623 11
      vertex 5.35304 -5.94516 11
    endloop
  endfacet
  facet normal 0 0 1
    outer loop
      vertex 10.5801 -14.5623 11
      vertex 4.70228 -6.47214 11
      vertex 9 -15.5885 11
    endloop
  endfacet
  facet normal -0 0 1
    outer loop
      vertex 4 -6.9282 11
      vertex 9 -15.5885 11
      vertex 4.70228 -6.47214 11
    endloop
  endfacet
  facet normal 0 0 1
    outer loop
      vertex 9 -15.5885 11
      vertex 4 -6.9282 11
      vertex 7.32126 -16.4438 11
    endloop
  endfacet
  facet normal -0 0 1
    outer loop
      vertex 3.25389 -7.30836 11
      vertex 7.32126 -16.4438 11
      vertex 4 -6.9282 11
    endloop
  endfacet
  facet normal 0 0 1
    outer loop
      vertex 7.32126 -16.4438 11
      vertex 3.25389 -7.30836 11
      vertex 5.56231 -17.119 11
    endloop
  endfacet
  facet normal -0 0 1
    outer loop
      vertex 2.47214 -7.60845 11
      vertex 5.56231 -17.119 11
      vertex 3.25389 -7.30836 11
    endloop
  endfacet
  facet normal 0 0 1
    outer loop
      vertex 5.56231 -17.119 11
      vertex 2.47214 -7.60845 11
      vertex 3.74241 -17.6067 11
    endloop
  endfacet
  facet normal -0 0 1
    outer loop
      vertex 1.66329 -7.82518 11
      vertex 3.74241 -17.6067 11
      vertex 2.47214 -7.60845 11
    endloop
  endfacet
  facet normal 0 0 1
    outer loop
      vertex 3.74241 -17.6067 11
      vertex 1.66329 -7.82518 11
      vertex 1.88151 -17.9014 11
    endloop
  endfacet
  facet normal -0 0 1
    outer loop
      vertex 0.836227 -7.95617 11
      vertex 1.88151 -17.9014 11
      vertex 1.66329 -7.82518 11
    endloop
  endfacet
  facet normal -0 0 1
    outer loop
      vertex 0 -8 11
      vertex 1.88151 -17.9014 11
      vertex 0.836227 -7.95617 11
    endloop
  endfacet
  facet normal 0 0 1
    outer loop
      vertex 0 -8 11
      vertex 0 -18 11
      vertex 1.88151 -17.9014 11
    endloop
  endfacet
  facet normal 0 0 1
    outer loop
      vertex -0.836227 -7.95617 11
      vertex 0 -18 11
      vertex 0 -8 11
    endloop
  endfacet
  facet normal 0 0 1
    outer loop
      vertex -1.88151 -17.9014 11
      vertex -0.836227 -7.95617 11
      vertex -1.66329 -7.82518 11
    endloop
  endfacet
  facet normal 0 0 1
    outer loop
      vertex -0.836227 -7.95617 11
      vertex -1.88151 -17.9014 11
      vertex 0 -18 11
    endloop
  endfacet
  facet normal 0 0 1
    outer loop
      vertex -3.74241 -17.6067 11
      vertex -1.66329 -7.82518 11
      vertex -2.47214 -7.60845 11
    endloop
  endfacet
  facet normal 0 0 1
    outer loop
      vertex -5.56231 -17.119 11
      vertex -2.47214 -7.60845 11
      vertex -3.25389 -7.30836 11
    endloop
  endfacet
  facet normal 0 0 1
    outer loop
      vertex -1.66329 -7.82518 11
      vertex -3.74241 -17.6067 11
      vertex -1.88151 -17.9014 11
    endloop
  endfacet
  facet normal 0 0 1
    outer loop
      vertex -7.32126 -16.4438 11
      vertex -3.25389 -7.30836 11
      vertex -4 -6.9282 11
    endloop
  endfacet
  facet normal 0 0 1
    outer loop
      vertex -9 -15.5885 11
      vertex -4 -6.9282 11
      vertex -4.70228 -6.47214 11
    endloop
  endfacet
  facet normal 0 0 1
    outer loop
      vertex -10.5801 -14.5623 11
      vertex -4.70228 -6.47214 11
      vertex -5.35304 -5.94516 11
    endloop
  endfacet
  facet normal 0 0 1
    outer loop
      vertex -2.47214 -7.60845 11
      vertex -5.56231 -17.119 11
      vertex -3.74241 -17.6067 11
    endloop
  endfacet
  facet normal 0 0 1
    outer loop
      vertex -12.0444 -13.3766 11
      vertex -5.35304 -5.94516 11
      vertex -5.94516 -5.35304 11
    endloop
  endfacet
  facet normal 0 0 1
    outer loop
      vertex -13.3766 -12.0444 11
      vertex -5.94516 -5.35304 11
      vertex -6.47214 -4.70228 11
    endloop
  endfacet
  facet normal 0 0 1
    outer loop
      vertex -14.5623 -10.5801 11
      vertex -6.47214 -4.70228 11
      vertex -6.9282 -4 11
    endloop
  endfacet
  facet normal 0 0 1
    outer loop
      vertex -15.5885 -9 11
      vertex -6.9282 -4 11
      vertex -7.30836 -3.25389 11
    endloop
  endfacet
  facet normal 0 0 1
    outer loop
      vertex -3.25389 -7.30836 11
      vertex -7.32126 -16.4438 11
      vertex -5.56231 -17.119 11
    endloop
  endfacet
  facet normal 0 0 1
    outer loop
      vertex -16.4438 -7.32126 11
      vertex -7.30836 -3.25389 11
      vertex -7.60845 -2.47214 11
    endloop
  endfacet
  facet normal 0 0 1
    outer loop
      vertex -17.119 -5.56231 11
      vertex -7.60845 -2.47214 11
      vertex -7.82518 -1.66329 11
    endloop
  endfacet
  facet normal 0 0 1
    outer loop
      vertex -17.6067 -3.74241 11
      vertex -7.82518 -1.66329 11
      vertex -7.95617 -0.836227 11
    endloop
  endfacet
  facet normal 0 0 1
    outer loop
      vertex -17.9014 -1.88151 11
      vertex -7.95617 -0.836227 11
      vertex -8 0 11
    endloop
  endfacet
  facet normal 0 0 1
    outer loop
      vertex -6.9282 4 11
      vertex -15.5885 9 11
      vertex -7.30836 3.25389 11
    endloop
  endfacet
  facet normal 0 0 1
    outer loop
      vertex -4 -6.9282 11
      vertex -9 -15.5885 11
      vertex -7.32126 -16.4438 11
    endloop
  endfacet
  facet normal -0 0 1
    outer loop
      vertex -16.4438 7.32126 11
      vertex -7.30836 3.25389 11
      vertex -15.5885 9 11
    endloop
  endfacet
  facet normal 0 0 1
    outer loop
      vertex -4.70228 -6.47214 11
      vertex -10.5801 -14.5623 11
      vertex -9 -15.5885 11
    endloop
  endfacet
  facet normal 0 0 1
    outer loop
      vertex -7.30836 3.25389 11
      vertex -16.4438 7.32126 11
      vertex -7.60845 2.47214 11
    endloop
  endfacet
  facet normal 0 0 1
    outer loop
      vertex -5.35304 -5.94516 11
      vertex -12.0444 -13.3766 11
      vertex -10.5801 -14.5623 11
    endloop
  endfacet
  facet normal -0 0 1
    outer loop
      vertex -17.119 5.56231 11
      vertex -7.60845 2.47214 11
      vertex -16.4438 7.32126 11
    endloop
  endfacet
  facet normal 0 0 1
    outer loop
      vertex -5.94516 -5.35304 11
      vertex -13.3766 -12.0444 11
      vertex -12.0444 -13.3766 11
    endloop
  endfacet
  facet normal 0 0 1
    outer loop
      vertex -7.60845 2.47214 11
      vertex -17.119 5.56231 11
      vertex -7.82518 1.66329 11
    endloop
  endfacet
  facet normal 0 0 1
    outer loop
      vertex -6.47214 -4.70228 11
      vertex -14.5623 -10.5801 11
      vertex -13.3766 -12.0444 11
    endloop
  endfacet
  facet normal -0 0 1
    outer loop
      vertex -17.6067 3.74241 11
      vertex -7.82518 1.66329 11
      vertex -17.119 5.56231 11
    endloop
  endfacet
  facet normal 0 0 1
    outer loop
      vertex -6.9282 -4 11
      vertex -15.5885 -9 11
      vertex -14.5623 -10.5801 11
    endloop
  endfacet
  facet normal 0 0 1
    outer loop
      vertex -7.82518 1.66329 11
      vertex -17.6067 3.74241 11
      vertex -7.95617 0.836227 11
    endloop
  endfacet
  facet normal 0 0 1
    outer loop
      vertex -7.30836 -3.25389 11
      vertex -16.4438 -7.32126 11
      vertex -15.5885 -9 11
    endloop
  endfacet
  facet normal -0 0 1
    outer loop
      vertex -17.9014 1.88151 11
      vertex -7.95617 0.836227 11
      vertex -17.6067 3.74241 11
    endloop
  endfacet
  facet normal 0 0 1
    outer loop
      vertex -7.60845 -2.47214 11
      vertex -17.119 -5.56231 11
      vertex -16.4438 -7.32126 11
    endloop
  endfacet
  facet normal 0 0 1
    outer loop
      vertex -7.95617 0.836227 11
      vertex -17.9014 1.88151 11
      vertex -8 0 11
    endloop
  endfacet
  facet normal 0 0 1
    outer loop
      vertex -7.82518 -1.66329 11
      vertex -17.6067 -3.74241 11
      vertex -17.119 -5.56231 11
    endloop
  endfacet
  facet normal 0 0 1
    outer loop
      vertex -18 0 11
      vertex -8 0 11
      vertex -17.9014 1.88151 11
    endloop
  endfacet
  facet normal 0 0 1
    outer loop
      vertex -7.95617 -0.836227 11
      vertex -17.9014 -1.88151 11
      vertex -17.6067 -3.74241 11
    endloop
  endfacet
  facet normal 0 0 1
    outer loop
      vertex -8 0 11
      vertex -18 0 11
      vertex -17.9014 -1.88151 11
    endloop
  endfacet
  facet normal -0.156413 0.987692 0
    outer loop
      vertex -20.6465 -1.66285 0
      vertex -20.8223 -1.69069 2
      vertex -20.6465 -1.66285 2
    endloop
  endfacet
  facet normal -0.156413 0.987692 0
    outer loop
      vertex -20.8223 -1.69069 2
      vertex -20.6465 -1.66285 0
      vertex -20.8223 -1.69069 0
    endloop
  endfacet
  facet normal -0.98772 -0.156235 0
    outer loop
      vertex -19.3093 0.177698 0
      vertex -19.3371 0.35345 2
      vertex -19.3371 0.35345 0
    endloop
  endfacet
  facet normal -0.98772 -0.156235 0
    outer loop
      vertex -19.3371 0.35345 2
      vertex -19.3093 0.177698 0
      vertex -19.3093 0.177698 2
    endloop
  endfacet
  facet normal -0.998633 -0.0522645 0
    outer loop
      vertex -19.3 0 0
      vertex -19.3093 0.177698 2
      vertex -19.3093 0.177698 0
    endloop
  endfacet
  facet normal -0.998633 -0.0522645 0
    outer loop
      vertex -19.3093 0.177698 2
      vertex -19.3 0 0
      vertex -19.3 0 2
    endloop
  endfacet
  facet normal -0.98772 0.156235 0
    outer loop
      vertex -19.3371 -0.35345 0
      vertex -19.3093 -0.177698 2
      vertex -19.3093 -0.177698 0
    endloop
  endfacet
  facet normal -0.98772 0.156235 0
    outer loop
      vertex -19.3093 -0.177698 2
      vertex -19.3371 -0.35345 0
      vertex -19.3371 -0.35345 2
    endloop
  endfacet
  facet normal -0.35823 -0.933633 0
    outer loop
      vertex -20.4747 1.6168 0
      vertex -20.3085 1.55303 2
      vertex -20.4747 1.6168 2
    endloop
  endfacet
  facet normal -0.35823 -0.933633 -0
    outer loop
      vertex -20.3085 1.55303 2
      vertex -20.4747 1.6168 0
      vertex -20.3085 1.55303 0
    endloop
  endfacet
  facet normal -0.454125 0.890938 0
    outer loop
      vertex -20.15 -1.47224 0
      vertex -20.3085 -1.55303 2
      vertex -20.15 -1.47224 2
    endloop
  endfacet
  facet normal -0.454125 0.890938 0
    outer loop
      vertex -20.3085 -1.55303 2
      vertex -20.15 -1.47224 0
      vertex -20.3085 -1.55303 0
    endloop
  endfacet
  facet normal -0.454125 -0.890938 0
    outer loop
      vertex -20.3085 1.55303 0
      vertex -20.15 1.47224 2
      vertex -20.3085 1.55303 2
    endloop
  endfacet
  facet normal -0.454125 -0.890938 -0
    outer loop
      vertex -20.15 1.47224 2
      vertex -20.3085 1.55303 0
      vertex -20.15 1.47224 0
    endloop
  endfacet
  facet normal -0.258905 -0.965903 0
    outer loop
      vertex -20.6465 1.66285 0
      vertex -20.4747 1.6168 2
      vertex -20.6465 1.66285 2
    endloop
  endfacet
  facet normal -0.258905 -0.965903 -0
    outer loop
      vertex -20.4747 1.6168 2
      vertex -20.6465 1.66285 0
      vertex -20.4747 1.6168 0
    endloop
  endfacet
  facet normal 0.35823 -0.933633 0
    outer loop
      vertex -21.6915 1.55303 0
      vertex -21.5253 1.6168 2
      vertex -21.6915 1.55303 2
    endloop
  endfacet
  facet normal 0.35823 -0.933633 0
    outer loop
      vertex -21.5253 1.6168 2
      vertex -21.6915 1.55303 0
      vertex -21.5253 1.6168 0
    endloop
  endfacet
  facet normal -0.777096 0.629382 0
    outer loop
      vertex -19.7367 -1.13752 0
      vertex -19.6247 -0.999234 2
      vertex -19.6247 -0.999234 0
    endloop
  endfacet
  facet normal -0.777096 0.629382 0
    outer loop
      vertex -19.6247 -0.999234 2
      vertex -19.7367 -1.13752 0
      vertex -19.7367 -1.13752 2
    endloop
  endfacet
  facet normal -0.35823 0.933633 0
    outer loop
      vertex -20.3085 -1.55303 0
      vertex -20.4747 -1.6168 2
      vertex -20.3085 -1.55303 2
    endloop
  endfacet
  facet normal -0.35823 0.933633 0
    outer loop
      vertex -20.4747 -1.6168 2
      vertex -20.3085 -1.55303 0
      vertex -20.4747 -1.6168 0
    endloop
  endfacet
  facet normal 0.89097 -0.454063 0
    outer loop
      vertex -22.553 0.691452 2
      vertex -22.4722 0.849999 0
      vertex -22.4722 0.849999 2
    endloop
  endfacet
  facet normal 0.89097 -0.454063 0
    outer loop
      vertex -22.4722 0.849999 0
      vertex -22.553 0.691452 2
      vertex -22.553 0.691452 0
    endloop
  endfacet
  facet normal 0.629276 0.777182 -0
    outer loop
      vertex -21.9992 -1.37533 0
      vertex -22.1375 -1.26335 2
      vertex -21.9992 -1.37533 2
    endloop
  endfacet
  facet normal 0.629276 0.777182 0
    outer loop
      vertex -22.1375 -1.26335 2
      vertex -21.9992 -1.37533 0
      vertex -22.1375 -1.26335 0
    endloop
  endfacet
  facet normal -0.258905 0.965903 0
    outer loop
      vertex -20.4747 -1.6168 0
      vertex -20.6465 -1.66285 2
      vertex -20.4747 -1.6168 2
    endloop
  endfacet
  facet normal -0.258905 0.965903 0
    outer loop
      vertex -20.6465 -1.66285 2
      vertex -20.4747 -1.6168 0
      vertex -20.6465 -1.66285 0
    endloop
  endfacet
  facet normal -0.998633 0.0522645 0
    outer loop
      vertex -19.3093 -0.177698 0
      vertex -19.3 0 2
      vertex -19.3 0 0
    endloop
  endfacet
  facet normal -0.998633 0.0522645 0
    outer loop
      vertex -19.3 0 2
      vertex -19.3093 -0.177698 0
      vertex -19.3093 -0.177698 2
    endloop
  endfacet
  facet normal 0.258905 0.965903 -0
    outer loop
      vertex -21.3535 -1.66285 0
      vertex -21.5253 -1.6168 2
      vertex -21.3535 -1.66285 2
    endloop
  endfacet
  facet normal 0.258905 0.965903 0
    outer loop
      vertex -21.5253 -1.6168 2
      vertex -21.3535 -1.66285 0
      vertex -21.5253 -1.6168 0
    endloop
  endfacet
  facet normal -0.544712 -0.838623 0
    outer loop
      vertex -20.15 1.47224 0
      vertex -20.0008 1.37533 2
      vertex -20.15 1.47224 2
    endloop
  endfacet
  facet normal -0.544712 -0.838623 -0
    outer loop
      vertex -20.0008 1.37533 2
      vertex -20.15 1.47224 0
      vertex -20.0008 1.37533 0
    endloop
  endfacet
  facet normal 0.0523199 0.99863 -0
    outer loop
      vertex -21 -1.7 0
      vertex -21.1777 -1.69069 2
      vertex -21 -1.7 2
    endloop
  endfacet
  facet normal 0.0523199 0.99863 0
    outer loop
      vertex -21.1777 -1.69069 2
      vertex -21 -1.7 0
      vertex -21.1777 -1.69069 0
    endloop
  endfacet
  facet normal -0.838707 -0.544582 0
    outer loop
      vertex -19.5278 0.849999 0
      vertex -19.6247 0.999234 2
      vertex -19.6247 0.999234 0
    endloop
  endfacet
  facet normal -0.838707 -0.544582 0
    outer loop
      vertex -19.6247 0.999234 2
      vertex -19.5278 0.849999 0
      vertex -19.5278 0.849999 2
    endloop
  endfacet
  facet normal -0.0523199 0.99863 0
    outer loop
      vertex -20.8223 -1.69069 0
      vertex -21 -1.7 2
      vertex -20.8223 -1.69069 2
    endloop
  endfacet
  facet normal -0.0523199 0.99863 0
    outer loop
      vertex -21 -1.7 2
      vertex -20.8223 -1.69069 0
      vertex -21 -1.7 0
    endloop
  endfacet
  facet normal 0.454125 -0.890938 0
    outer loop
      vertex -21.85 1.47224 0
      vertex -21.6915 1.55303 2
      vertex -21.85 1.47224 2
    endloop
  endfacet
  facet normal 0.454125 -0.890938 0
    outer loop
      vertex -21.6915 1.55303 2
      vertex -21.85 1.47224 0
      vertex -21.6915 1.55303 0
    endloop
  endfacet
  facet normal -0.89097 -0.454063 0
    outer loop
      vertex -19.447 0.691452 0
      vertex -19.5278 0.849999 2
      vertex -19.5278 0.849999 0
    endloop
  endfacet
  facet normal -0.89097 -0.454063 0
    outer loop
      vertex -19.5278 0.849999 2
      vertex -19.447 0.691452 0
      vertex -19.447 0.691452 2
    endloop
  endfacet
  facet normal 0.987633 -0.156783 0
    outer loop
      vertex -22.6907 0.177698 2
      vertex -22.6628 0.35345 0
      vertex -22.6628 0.35345 2
    endloop
  endfacet
  facet normal 0.987633 -0.156783 0
    outer loop
      vertex -22.6628 0.35345 0
      vertex -22.6907 0.177698 2
      vertex -22.6907 0.177698 0
    endloop
  endfacet
  facet normal 0.933521 0.358522 0
    outer loop
      vertex -22.553 -0.691452 2
      vertex -22.6168 -0.525329 0
      vertex -22.6168 -0.525329 2
    endloop
  endfacet
  facet normal 0.933521 0.358522 0
    outer loop
      vertex -22.6168 -0.525329 0
      vertex -22.553 -0.691452 2
      vertex -22.553 -0.691452 0
    endloop
  endfacet
  facet normal 0.987633 0.156783 0
    outer loop
      vertex -22.6628 -0.35345 2
      vertex -22.6907 -0.177698 0
      vertex -22.6907 -0.177698 2
    endloop
  endfacet
  facet normal 0.987633 0.156783 0
    outer loop
      vertex -22.6907 -0.177698 0
      vertex -22.6628 -0.35345 2
      vertex -22.6628 -0.35345 0
    endloop
  endfacet
  facet normal -0.707191 0.707022 0
    outer loop
      vertex -19.8625 -1.26335 0
      vertex -19.7367 -1.13752 2
      vertex -19.7367 -1.13752 0
    endloop
  endfacet
  facet normal -0.707191 0.707022 0
    outer loop
      vertex -19.7367 -1.13752 2
      vertex -19.8625 -1.26335 0
      vertex -19.8625 -1.26335 2
    endloop
  endfacet
  facet normal -0.933521 -0.358522 0
    outer loop
      vertex -19.3832 0.525329 0
      vertex -19.447 0.691452 2
      vertex -19.447 0.691452 0
    endloop
  endfacet
  facet normal -0.933521 -0.358522 0
    outer loop
      vertex -19.447 0.691452 2
      vertex -19.3832 0.525329 0
      vertex -19.3832 0.525329 2
    endloop
  endfacet
  facet normal 0.777096 0.629382 0
    outer loop
      vertex -22.2633 -1.13752 2
      vertex -22.3753 -0.999234 0
      vertex -22.3753 -0.999234 2
    endloop
  endfacet
  facet normal 0.777096 0.629382 0
    outer loop
      vertex -22.3753 -0.999234 0
      vertex -22.2633 -1.13752 2
      vertex -22.2633 -1.13752 0
    endloop
  endfacet
  facet normal -0.777096 -0.629382 0
    outer loop
      vertex -19.6247 0.999234 0
      vertex -19.7367 1.13752 2
      vertex -19.7367 1.13752 0
    endloop
  endfacet
  facet normal -0.777096 -0.629382 0
    outer loop
      vertex -19.7367 1.13752 2
      vertex -19.6247 0.999234 0
      vertex -19.6247 0.999234 2
    endloop
  endfacet
  facet normal 0.777096 -0.629382 0
    outer loop
      vertex -22.3753 0.999234 2
      vertex -22.2633 1.13752 0
      vertex -22.2633 1.13752 2
    endloop
  endfacet
  facet normal 0.777096 -0.629382 0
    outer loop
      vertex -22.2633 1.13752 0
      vertex -22.3753 0.999234 2
      vertex -22.3753 0.999234 0
    endloop
  endfacet
  facet normal 0.629276 -0.777182 0
    outer loop
      vertex -22.1375 1.26335 0
      vertex -21.9992 1.37533 2
      vertex -22.1375 1.26335 2
    endloop
  endfacet
  facet normal 0.629276 -0.777182 0
    outer loop
      vertex -21.9992 1.37533 2
      vertex -22.1375 1.26335 0
      vertex -21.9992 1.37533 0
    endloop
  endfacet
  facet normal 0.544712 0.838623 -0
    outer loop
      vertex -21.85 -1.47224 0
      vertex -21.9992 -1.37533 2
      vertex -21.85 -1.47224 2
    endloop
  endfacet
  facet normal 0.544712 0.838623 0
    outer loop
      vertex -21.9992 -1.37533 2
      vertex -21.85 -1.47224 0
      vertex -21.9992 -1.37533 0
    endloop
  endfacet
  facet normal -0.707191 -0.707022 0
    outer loop
      vertex -19.7367 1.13752 0
      vertex -19.8625 1.26335 2
      vertex -19.8625 1.26335 0
    endloop
  endfacet
  facet normal -0.707191 -0.707022 0
    outer loop
      vertex -19.8625 1.26335 2
      vertex -19.7367 1.13752 0
      vertex -19.7367 1.13752 2
    endloop
  endfacet
  facet normal -0.965862 0.259056 0
    outer loop
      vertex -19.3832 -0.525329 0
      vertex -19.3371 -0.35345 2
      vertex -19.3371 -0.35345 0
    endloop
  endfacet
  facet normal -0.965862 0.259056 0
    outer loop
      vertex -19.3371 -0.35345 2
      vertex -19.3832 -0.525329 0
      vertex -19.3832 -0.525329 2
    endloop
  endfacet
  facet normal 0.156413 0.987692 -0
    outer loop
      vertex -21.1777 -1.69069 0
      vertex -21.3535 -1.66285 2
      vertex -21.1777 -1.69069 2
    endloop
  endfacet
  facet normal 0.156413 0.987692 0
    outer loop
      vertex -21.3535 -1.66285 2
      vertex -21.1777 -1.69069 0
      vertex -21.3535 -1.66285 0
    endloop
  endfacet
  facet normal 0.838707 -0.544582 0
    outer loop
      vertex -22.4722 0.849999 2
      vertex -22.3753 0.999234 0
      vertex -22.3753 0.999234 2
    endloop
  endfacet
  facet normal 0.838707 -0.544582 0
    outer loop
      vertex -22.3753 0.999234 0
      vertex -22.4722 0.849999 2
      vertex -22.4722 0.849999 0
    endloop
  endfacet
  facet normal 0.156413 -0.987692 0
    outer loop
      vertex -21.3535 1.66285 0
      vertex -21.1777 1.69069 2
      vertex -21.3535 1.66285 2
    endloop
  endfacet
  facet normal 0.156413 -0.987692 0
    outer loop
      vertex -21.1777 1.69069 2
      vertex -21.3535 1.66285 0
      vertex -21.1777 1.69069 0
    endloop
  endfacet
  facet normal 0.258905 -0.965903 0
    outer loop
      vertex -21.5253 1.6168 0
      vertex -21.3535 1.66285 2
      vertex -21.5253 1.6168 2
    endloop
  endfacet
  facet normal 0.258905 -0.965903 0
    outer loop
      vertex -21.3535 1.66285 2
      vertex -21.5253 1.6168 0
      vertex -21.3535 1.66285 0
    endloop
  endfacet
  facet normal 0.544712 -0.838623 0
    outer loop
      vertex -21.9992 1.37533 0
      vertex -21.85 1.47224 2
      vertex -21.9992 1.37533 2
    endloop
  endfacet
  facet normal 0.544712 -0.838623 0
    outer loop
      vertex -21.85 1.47224 2
      vertex -21.9992 1.37533 0
      vertex -21.85 1.47224 0
    endloop
  endfacet
  facet normal -0.629276 -0.777182 0
    outer loop
      vertex -20.0008 1.37533 0
      vertex -19.8625 1.26335 2
      vertex -20.0008 1.37533 2
    endloop
  endfacet
  facet normal -0.629276 -0.777182 -0
    outer loop
      vertex -19.8625 1.26335 2
      vertex -20.0008 1.37533 0
      vertex -19.8625 1.26335 0
    endloop
  endfacet
  facet normal 0.966003 0.258531 0
    outer loop
      vertex -22.6168 -0.525329 2
      vertex -22.6628 -0.35345 0
      vertex -22.6628 -0.35345 2
    endloop
  endfacet
  facet normal 0.966003 0.258531 0
    outer loop
      vertex -22.6628 -0.35345 0
      vertex -22.6168 -0.525329 2
      vertex -22.6168 -0.525329 0
    endloop
  endfacet
  facet normal 0.966003 -0.258531 0
    outer loop
      vertex -22.6628 0.35345 2
      vertex -22.6168 0.525329 0
      vertex -22.6168 0.525329 2
    endloop
  endfacet
  facet normal 0.966003 -0.258531 0
    outer loop
      vertex -22.6168 0.525329 0
      vertex -22.6628 0.35345 2
      vertex -22.6628 0.35345 0
    endloop
  endfacet
  facet normal -0.965862 -0.259056 0
    outer loop
      vertex -19.3371 0.35345 0
      vertex -19.3832 0.525329 2
      vertex -19.3832 0.525329 0
    endloop
  endfacet
  facet normal -0.965862 -0.259056 0
    outer loop
      vertex -19.3832 0.525329 2
      vertex -19.3371 0.35345 0
      vertex -19.3371 0.35345 2
    endloop
  endfacet
  facet normal -0.933521 0.358522 0
    outer loop
      vertex -19.447 -0.691452 0
      vertex -19.3832 -0.525329 2
      vertex -19.3832 -0.525329 0
    endloop
  endfacet
  facet normal -0.933521 0.358522 0
    outer loop
      vertex -19.3832 -0.525329 2
      vertex -19.447 -0.691452 0
      vertex -19.447 -0.691452 2
    endloop
  endfacet
  facet normal 0.998633 0.0522645 0
    outer loop
      vertex -22.6907 -0.177698 2
      vertex -22.7 0 0
      vertex -22.7 0 2
    endloop
  endfacet
  facet normal 0.998633 0.0522645 0
    outer loop
      vertex -22.7 0 0
      vertex -22.6907 -0.177698 2
      vertex -22.6907 -0.177698 0
    endloop
  endfacet
  facet normal 0.707191 -0.707022 0
    outer loop
      vertex -22.2633 1.13752 2
      vertex -22.1375 1.26335 0
      vertex -22.1375 1.26335 2
    endloop
  endfacet
  facet normal 0.707191 -0.707022 0
    outer loop
      vertex -22.1375 1.26335 0
      vertex -22.2633 1.13752 2
      vertex -22.2633 1.13752 0
    endloop
  endfacet
  facet normal -0.544712 0.838623 0
    outer loop
      vertex -20.0008 -1.37533 0
      vertex -20.15 -1.47224 2
      vertex -20.0008 -1.37533 2
    endloop
  endfacet
  facet normal -0.544712 0.838623 0
    outer loop
      vertex -20.15 -1.47224 2
      vertex -20.0008 -1.37533 0
      vertex -20.15 -1.47224 0
    endloop
  endfacet
  facet normal 0.0523199 -0.99863 0
    outer loop
      vertex -21.1777 1.69069 0
      vertex -21 1.7 2
      vertex -21.1777 1.69069 2
    endloop
  endfacet
  facet normal 0.0523199 -0.99863 0
    outer loop
      vertex -21 1.7 2
      vertex -21.1777 1.69069 0
      vertex -21 1.7 0
    endloop
  endfacet
  facet normal 0.89097 0.454063 0
    outer loop
      vertex -22.4722 -0.849999 2
      vertex -22.553 -0.691452 0
      vertex -22.553 -0.691452 2
    endloop
  endfacet
  facet normal 0.89097 0.454063 0
    outer loop
      vertex -22.553 -0.691452 0
      vertex -22.4722 -0.849999 2
      vertex -22.4722 -0.849999 0
    endloop
  endfacet
  facet normal -0.0523199 -0.99863 0
    outer loop
      vertex -21 1.7 0
      vertex -20.8223 1.69069 2
      vertex -21 1.7 2
    endloop
  endfacet
  facet normal -0.0523199 -0.99863 -0
    outer loop
      vertex -20.8223 1.69069 2
      vertex -21 1.7 0
      vertex -20.8223 1.69069 0
    endloop
  endfacet
  facet normal -0.89097 0.454063 0
    outer loop
      vertex -19.5278 -0.849999 0
      vertex -19.447 -0.691452 2
      vertex -19.447 -0.691452 0
    endloop
  endfacet
  facet normal -0.89097 0.454063 0
    outer loop
      vertex -19.447 -0.691452 2
      vertex -19.5278 -0.849999 0
      vertex -19.5278 -0.849999 2
    endloop
  endfacet
  facet normal -0.629276 0.777182 0
    outer loop
      vertex -19.8625 -1.26335 0
      vertex -20.0008 -1.37533 2
      vertex -19.8625 -1.26335 2
    endloop
  endfacet
  facet normal -0.629276 0.777182 0
    outer loop
      vertex -20.0008 -1.37533 2
      vertex -19.8625 -1.26335 0
      vertex -20.0008 -1.37533 0
    endloop
  endfacet
  facet normal -0.838707 0.544582 0
    outer loop
      vertex -19.6247 -0.999234 0
      vertex -19.5278 -0.849999 2
      vertex -19.5278 -0.849999 0
    endloop
  endfacet
  facet normal -0.838707 0.544582 0
    outer loop
      vertex -19.5278 -0.849999 2
      vertex -19.6247 -0.999234 0
      vertex -19.6247 -0.999234 2
    endloop
  endfacet
  facet normal 0.838707 0.544582 0
    outer loop
      vertex -22.3753 -0.999234 2
      vertex -22.4722 -0.849999 0
      vertex -22.4722 -0.849999 2
    endloop
  endfacet
  facet normal 0.838707 0.544582 0
    outer loop
      vertex -22.4722 -0.849999 0
      vertex -22.3753 -0.999234 2
      vertex -22.3753 -0.999234 0
    endloop
  endfacet
  facet normal 0.933521 -0.358522 0
    outer loop
      vertex -22.6168 0.525329 2
      vertex -22.553 0.691452 0
      vertex -22.553 0.691452 2
    endloop
  endfacet
  facet normal 0.933521 -0.358522 0
    outer loop
      vertex -22.553 0.691452 0
      vertex -22.6168 0.525329 2
      vertex -22.6168 0.525329 0
    endloop
  endfacet
  facet normal 0.998633 -0.0522645 0
    outer loop
      vertex -22.7 0 2
      vertex -22.6907 0.177698 0
      vertex -22.6907 0.177698 2
    endloop
  endfacet
  facet normal 0.998633 -0.0522645 0
    outer loop
      vertex -22.6907 0.177698 0
      vertex -22.7 0 2
      vertex -22.7 0 0
    endloop
  endfacet
  facet normal 0.454125 0.890938 -0
    outer loop
      vertex -21.6915 -1.55303 0
      vertex -21.85 -1.47224 2
      vertex -21.6915 -1.55303 2
    endloop
  endfacet
  facet normal 0.454125 0.890938 0
    outer loop
      vertex -21.85 -1.47224 2
      vertex -21.6915 -1.55303 0
      vertex -21.85 -1.47224 0
    endloop
  endfacet
  facet normal 0.707191 0.707022 0
    outer loop
      vertex -22.1375 -1.26335 2
      vertex -22.2633 -1.13752 0
      vertex -22.2633 -1.13752 2
    endloop
  endfacet
  facet normal 0.707191 0.707022 0
    outer loop
      vertex -22.2633 -1.13752 0
      vertex -22.1375 -1.26335 2
      vertex -22.1375 -1.26335 0
    endloop
  endfacet
  facet normal -0.156413 -0.987692 0
    outer loop
      vertex -20.8223 1.69069 0
      vertex -20.6465 1.66285 2
      vertex -20.8223 1.69069 2
    endloop
  endfacet
  facet normal -0.156413 -0.987692 -0
    outer loop
      vertex -20.6465 1.66285 2
      vertex -20.8223 1.69069 0
      vertex -20.6465 1.66285 0
    endloop
  endfacet
  facet normal 0.35823 0.933633 -0
    outer loop
      vertex -21.5253 -1.6168 0
      vertex -21.6915 -1.55303 2
      vertex -21.5253 -1.6168 2
    endloop
  endfacet
  facet normal 0.35823 0.933633 0
    outer loop
      vertex -21.6915 -1.55303 2
      vertex -21.5253 -1.6168 0
      vertex -21.6915 -1.55303 0
    endloop
  endfacet
  facet normal -0.35823 0.933633 0
    outer loop
      vertex 21.6915 -1.55303 0
      vertex 21.5253 -1.6168 2
      vertex 21.6915 -1.55303 2
    endloop
  endfacet
  facet normal -0.35823 0.933633 0
    outer loop
      vertex 21.5253 -1.6168 2
      vertex 21.6915 -1.55303 0
      vertex 21.5253 -1.6168 0
    endloop
  endfacet
  facet normal 0.0523199 -0.99863 0
    outer loop
      vertex 20.8223 1.69069 0
      vertex 21 1.7 2
      vertex 20.8223 1.69069 2
    endloop
  endfacet
  facet normal 0.0523199 -0.99863 0
    outer loop
      vertex 21 1.7 2
      vertex 20.8223 1.69069 0
      vertex 21 1.7 0
    endloop
  endfacet
  facet normal -0.35823 -0.933633 0
    outer loop
      vertex 21.5253 1.6168 0
      vertex 21.6915 1.55303 2
      vertex 21.5253 1.6168 2
    endloop
  endfacet
  facet normal -0.35823 -0.933633 -0
    outer loop
      vertex 21.6915 1.55303 2
      vertex 21.5253 1.6168 0
      vertex 21.6915 1.55303 0
    endloop
  endfacet
  facet normal 0.258905 0.965903 -0
    outer loop
      vertex 20.6465 -1.66285 0
      vertex 20.4747 -1.6168 2
      vertex 20.6465 -1.66285 2
    endloop
  endfacet
  facet normal 0.258905 0.965903 0
    outer loop
      vertex 20.4747 -1.6168 2
      vertex 20.6465 -1.66285 0
      vertex 20.4747 -1.6168 0
    endloop
  endfacet
  facet normal -0.454258 0.89087 0
    outer loop
      vertex 21.7955 -1.5 0
      vertex 21.6915 -1.55303 2
      vertex 21.7955 -1.5 2
    endloop
  endfacet
  facet normal -0.454258 0.89087 0
    outer loop
      vertex 21.6915 -1.55303 2
      vertex 21.7955 -1.5 0
      vertex 21.6915 -1.55303 0
    endloop
  endfacet
  facet normal 0.258905 -0.965903 0
    outer loop
      vertex 20.4747 1.6168 0
      vertex 20.6465 1.66285 2
      vertex 20.4747 1.6168 2
    endloop
  endfacet
  facet normal 0.258905 -0.965903 0
    outer loop
      vertex 20.6465 1.66285 2
      vertex 20.4747 1.6168 0
      vertex 20.6465 1.66285 0
    endloop
  endfacet
  facet normal 0.156413 -0.987692 0
    outer loop
      vertex 20.6465 1.66285 0
      vertex 20.8223 1.69069 2
      vertex 20.6465 1.66285 2
    endloop
  endfacet
  facet normal 0.156413 -0.987692 0
    outer loop
      vertex 20.8223 1.69069 2
      vertex 20.6465 1.66285 0
      vertex 20.8223 1.69069 0
    endloop
  endfacet
  facet normal -0.0523199 0.99863 0
    outer loop
      vertex 21.1777 -1.69069 0
      vertex 21 -1.7 2
      vertex 21.1777 -1.69069 2
    endloop
  endfacet
  facet normal -0.0523199 0.99863 0
    outer loop
      vertex 21 -1.7 2
      vertex 21.1777 -1.69069 0
      vertex 21 -1.7 0
    endloop
  endfacet
  facet normal -0.0523199 -0.99863 0
    outer loop
      vertex 21 1.7 0
      vertex 21.1777 1.69069 2
      vertex 21 1.7 2
    endloop
  endfacet
  facet normal -0.0523199 -0.99863 -0
    outer loop
      vertex 21.1777 1.69069 2
      vertex 21 1.7 0
      vertex 21.1777 1.69069 0
    endloop
  endfacet
  facet normal -0.156413 -0.987692 0
    outer loop
      vertex 21.1777 1.69069 0
      vertex 21.3535 1.66285 2
      vertex 21.1777 1.69069 2
    endloop
  endfacet
  facet normal -0.156413 -0.987692 -0
    outer loop
      vertex 21.3535 1.66285 2
      vertex 21.1777 1.69069 0
      vertex 21.3535 1.66285 0
    endloop
  endfacet
  facet normal -0.258905 0.965903 0
    outer loop
      vertex 21.5253 -1.6168 0
      vertex 21.3535 -1.66285 2
      vertex 21.5253 -1.6168 2
    endloop
  endfacet
  facet normal -0.258905 0.965903 0
    outer loop
      vertex 21.3535 -1.66285 2
      vertex 21.5253 -1.6168 0
      vertex 21.3535 -1.66285 0
    endloop
  endfacet
  facet normal -0.454258 -0.89087 0
    outer loop
      vertex 21.6915 1.55303 0
      vertex 21.7955 1.5 2
      vertex 21.6915 1.55303 2
    endloop
  endfacet
  facet normal -0.454258 -0.89087 -0
    outer loop
      vertex 21.7955 1.5 2
      vertex 21.6915 1.55303 0
      vertex 21.7955 1.5 0
    endloop
  endfacet
  facet normal -0.156413 0.987692 0
    outer loop
      vertex 21.3535 -1.66285 0
      vertex 21.1777 -1.69069 2
      vertex 21.3535 -1.66285 2
    endloop
  endfacet
  facet normal -0.156413 0.987692 0
    outer loop
      vertex 21.1777 -1.69069 2
      vertex 21.3535 -1.66285 0
      vertex 21.1777 -1.69069 0
    endloop
  endfacet
  facet normal 0.454258 -0.89087 0
    outer loop
      vertex 20.2045 1.5 0
      vertex 20.3085 1.55303 2
      vertex 20.2045 1.5 2
    endloop
  endfacet
  facet normal 0.454258 -0.89087 0
    outer loop
      vertex 20.3085 1.55303 2
      vertex 20.2045 1.5 0
      vertex 20.3085 1.55303 0
    endloop
  endfacet
  facet normal 0.156413 0.987692 -0
    outer loop
      vertex 20.8223 -1.69069 0
      vertex 20.6465 -1.66285 2
      vertex 20.8223 -1.69069 2
    endloop
  endfacet
  facet normal 0.156413 0.987692 0
    outer loop
      vertex 20.6465 -1.66285 2
      vertex 20.8223 -1.69069 0
      vertex 20.6465 -1.66285 0
    endloop
  endfacet
  facet normal 0.35823 -0.933633 0
    outer loop
      vertex 20.3085 1.55303 0
      vertex 20.4747 1.6168 2
      vertex 20.3085 1.55303 2
    endloop
  endfacet
  facet normal 0.35823 -0.933633 0
    outer loop
      vertex 20.4747 1.6168 2
      vertex 20.3085 1.55303 0
      vertex 20.4747 1.6168 0
    endloop
  endfacet
  facet normal 0.454258 0.89087 -0
    outer loop
      vertex 20.3085 -1.55303 0
      vertex 20.2045 -1.5 2
      vertex 20.3085 -1.55303 2
    endloop
  endfacet
  facet normal 0.454258 0.89087 0
    outer loop
      vertex 20.2045 -1.5 2
      vertex 20.3085 -1.55303 0
      vertex 20.2045 -1.5 0
    endloop
  endfacet
  facet normal 0.0523199 0.99863 -0
    outer loop
      vertex 21 -1.7 0
      vertex 20.8223 -1.69069 2
      vertex 21 -1.7 2
    endloop
  endfacet
  facet normal 0.0523199 0.99863 0
    outer loop
      vertex 20.8223 -1.69069 2
      vertex 21 -1.7 0
      vertex 20.8223 -1.69069 0
    endloop
  endfacet
  facet normal 0.35823 0.933633 -0
    outer loop
      vertex 20.4747 -1.6168 0
      vertex 20.3085 -1.55303 2
      vertex 20.4747 -1.6168 2
    endloop
  endfacet
  facet normal 0.35823 0.933633 0
    outer loop
      vertex 20.3085 -1.55303 2
      vertex 20.4747 -1.6168 0
      vertex 20.3085 -1.55303 0
    endloop
  endfacet
  facet normal -0.258905 -0.965903 0
    outer loop
      vertex 21.3535 1.66285 0
      vertex 21.5253 1.6168 2
      vertex 21.3535 1.66285 2
    endloop
  endfacet
  facet normal -0.258905 -0.965903 -0
    outer loop
      vertex 21.5253 1.6168 2
      vertex 21.3535 1.66285 0
      vertex 21.5253 1.6168 0
    endloop
  endfacet
  facet normal 0 0 -1
    outer loop
      vertex 10 -1.5 2.05
      vertex 11 0 2.05
      vertex 10.9397 -1.14981 2.05
    endloop
  endfacet
  facet normal 0 0 -1
    outer loop
      vertex 10 -1.5 2.05
      vertex 10.9397 -1.14981 2.05
      vertex 10.8843 -1.5 2.05
    endloop
  endfacet
  facet normal 0 0 -1
    outer loop
      vertex 10 1.5 2.05
      vertex 11 0 2.05
      vertex 10 -1.5 2.05
    endloop
  endfacet
  facet normal 0 0 -1
    outer loop
      vertex 11 0 2.05
      vertex 10 1.5 2.05
      vertex 10.9397 1.14981 2.05
    endloop
  endfacet
  facet normal 0 0 -1
    outer loop
      vertex 10.9397 1.14981 2.05
      vertex 10 1.5 2.05
      vertex 10.8843 1.5 2.05
    endloop
  endfacet
  facet normal 1 -0 0
    outer loop
      vertex 10 -1.5 2.05
      vertex 10 1.5 0
      vertex 10 1.5 2.05
    endloop
  endfacet
  facet normal 1 0 0
    outer loop
      vertex 10 1.5 0
      vertex 10 -1.5 2.05
      vertex 10 -1.5 0
    endloop
  endfacet
  facet normal 0 -1 0
    outer loop
      vertex 10 1.5 2.05
      vertex 10.8843 1.5 2
      vertex 10.8843 1.5 2.05
    endloop
  endfacet
  facet normal 0 -1 0
    outer loop
      vertex 10 1.5 0
      vertex 10.8843 1.5 2
      vertex 10 1.5 2.05
    endloop
  endfacet
  facet normal 0 -1 0
    outer loop
      vertex 20.2045 1.5 0
      vertex 10.8843 1.5 2
      vertex 10 1.5 0
    endloop
  endfacet
  facet normal 0 -1 0
    outer loop
      vertex 10.8843 1.5 2
      vertex 20.2045 1.5 0
      vertex 20.2045 1.5 2
    endloop
  endfacet
  facet normal 0 -1 0
    outer loop
      vertex 21.7955 1.5 0
      vertex 27 1.5 2
      vertex 21.7955 1.5 2
    endloop
  endfacet
  facet normal 0 -1 -0
    outer loop
      vertex 27 1.5 2
      vertex 21.7955 1.5 0
      vertex 27 1.5 0
    endloop
  endfacet
  facet normal 0 1 0
    outer loop
      vertex 20.2045 -1.5 2
      vertex 20.2045 -1.5 0
      vertex 10.8843 -1.5 2
    endloop
  endfacet
  facet normal 0 1 -0
    outer loop
      vertex 10.8843 -1.5 2
      vertex 10 -1.5 2.05
      vertex 10.8843 -1.5 2.05
    endloop
  endfacet
  facet normal 0 1 0
    outer loop
      vertex 10 -1.5 0
      vertex 10.8843 -1.5 2
      vertex 20.2045 -1.5 0
    endloop
  endfacet
  facet normal 0 1 0
    outer loop
      vertex 10.8843 -1.5 2
      vertex 10 -1.5 0
      vertex 10 -1.5 2.05
    endloop
  endfacet
  facet normal 0 1 -0
    outer loop
      vertex 27 -1.5 0
      vertex 21.7955 -1.5 2
      vertex 27 -1.5 2
    endloop
  endfacet
  facet normal 0 1 0
    outer loop
      vertex 21.7955 -1.5 2
      vertex 27 -1.5 0
      vertex 21.7955 -1.5 0
    endloop
  endfacet
  facet normal 0 0 1
    outer loop
      vertex 10 1.5 8.95
      vertex 11 0 8.95
      vertex 10.9397 1.14981 8.95
    endloop
  endfacet
  facet normal -0 0 1
    outer loop
      vertex 10 1.5 8.95
      vertex 10.9397 1.14981 8.95
      vertex 10.8843 1.5 8.95
    endloop
  endfacet
  facet normal 0 0 1
    outer loop
      vertex 10 -1.5 8.95
      vertex 11 0 8.95
      vertex 10 1.5 8.95
    endloop
  endfacet
  facet normal 0 0 1
    outer loop
      vertex 11 0 8.95
      vertex 10 -1.5 8.95
      vertex 10.9397 -1.14981 8.95
    endloop
  endfacet
  facet normal 0 0 1
    outer loop
      vertex 10.9397 -1.14981 8.95
      vertex 10 -1.5 8.95
      vertex 10.8843 -1.5 8.95
    endloop
  endfacet
  facet normal 1 -0 0
    outer loop
      vertex 10 -1.5 11
      vertex 10 1.5 8.95
      vertex 10 1.5 11
    endloop
  endfacet
  facet normal 1 0 0
    outer loop
      vertex 10 1.5 8.95
      vertex 10 -1.5 11
      vertex 10 -1.5 8.95
    endloop
  endfacet
  facet normal 0 -1 0
    outer loop
      vertex 10 1.5 11
      vertex 10.8843 1.5 9
      vertex 17.9214 1.5 11
    endloop
  endfacet
  facet normal 0 -1 0
    outer loop
      vertex 10 1.5 8.95
      vertex 10.8843 1.5 9
      vertex 10 1.5 11
    endloop
  endfacet
  facet normal 0 -1 -0
    outer loop
      vertex 10.8843 1.5 9
      vertex 10 1.5 8.95
      vertex 10.8843 1.5 8.95
    endloop
  endfacet
  facet normal 0 -1 -0
    outer loop
      vertex 17.9214 1.5 11
      vertex 10.8843 1.5 9
      vertex 17.9214 1.5 9
    endloop
  endfacet
  facet normal 0 1 0
    outer loop
      vertex 10.8843 -1.5 9
      vertex 17.9214 -1.5 11
      vertex 17.9214 -1.5 9
    endloop
  endfacet
  facet normal 0 1 0
    outer loop
      vertex 17.9214 -1.5 11
      vertex 10.8843 -1.5 9
      vertex 10 -1.5 11
    endloop
  endfacet
  facet normal 0 1 0
    outer loop
      vertex 10 -1.5 8.95
      vertex 10.8843 -1.5 9
      vertex 10.8843 -1.5 8.95
    endloop
  endfacet
  facet normal 0 1 0
    outer loop
      vertex 10.8843 -1.5 9
      vertex 10 -1.5 8.95
      vertex 10 -1.5 11
    endloop
  endfacet
  facet normal -0.987689 0.15643 0
    outer loop
      vertex 7.82518 -1.66329 0
      vertex 7.95617 -0.836227 11
      vertex 7.95617 -0.836227 0
    endloop
  endfacet
  facet normal -0.987689 0.15643 0
    outer loop
      vertex 7.95617 -0.836227 11
      vertex 7.82518 -1.66329 0
      vertex 7.82518 -1.66329 11
    endloop
  endfacet
  facet normal -0.987689 -0.15643 0
    outer loop
      vertex 7.95617 0.836227 0
      vertex 7.82518 1.66329 11
      vertex 7.82518 1.66329 0
    endloop
  endfacet
  facet normal -0.987689 -0.15643 0
    outer loop
      vertex 7.82518 1.66329 11
      vertex 7.95617 0.836227 0
      vertex 7.95617 0.836227 11
    endloop
  endfacet
  facet normal -0.998629 -0.0523421 0
    outer loop
      vertex 8 0 0
      vertex 7.95617 0.836227 11
      vertex 7.95617 0.836227 0
    endloop
  endfacet
  facet normal -0.998629 -0.0523421 0
    outer loop
      vertex 7.95617 0.836227 11
      vertex 8 0 0
      vertex 8 0 11
    endloop
  endfacet
  facet normal -0.965926 -0.258818 0
    outer loop
      vertex 7.82518 1.66329 0
      vertex 7.60845 2.47214 11
      vertex 7.60845 2.47214 0
    endloop
  endfacet
  facet normal -0.965926 -0.258818 0
    outer loop
      vertex 7.60845 2.47214 11
      vertex 7.82518 1.66329 0
      vertex 7.82518 1.66329 11
    endloop
  endfacet
  facet normal -0.838674 -0.544634 0
    outer loop
      vertex 6.9282 4 0
      vertex 6.47214 4.70228 11
      vertex 6.47214 4.70228 0
    endloop
  endfacet
  facet normal -0.838674 -0.544634 0
    outer loop
      vertex 6.47214 4.70228 11
      vertex 6.9282 4 0
      vertex 6.9282 4 11
    endloop
  endfacet
  facet normal 0.15643 -0.987689 0
    outer loop
      vertex -1.66329 7.82518 0
      vertex -0.836227 7.95617 11
      vertex -1.66329 7.82518 11
    endloop
  endfacet
  facet normal 0.15643 -0.987689 0
    outer loop
      vertex -0.836227 7.95617 11
      vertex -1.66329 7.82518 0
      vertex -0.836227 7.95617 0
    endloop
  endfacet
  facet normal 0.965926 0.258818 0
    outer loop
      vertex -7.60845 -2.47214 11
      vertex -7.82518 -1.66329 0
      vertex -7.82518 -1.66329 11
    endloop
  endfacet
  facet normal 0.965926 0.258818 0
    outer loop
      vertex -7.82518 -1.66329 0
      vertex -7.60845 -2.47214 11
      vertex -7.60845 -2.47214 0
    endloop
  endfacet
  facet normal 0.453989 0.891008 -0
    outer loop
      vertex -3.25389 -7.30836 0
      vertex -4 -6.9282 11
      vertex -3.25389 -7.30836 11
    endloop
  endfacet
  facet normal 0.453989 0.891008 0
    outer loop
      vertex -4 -6.9282 11
      vertex -3.25389 -7.30836 0
      vertex -4 -6.9282 0
    endloop
  endfacet
  facet normal -0.998629 0.0523421 0
    outer loop
      vertex 7.95617 -0.836227 0
      vertex 8 0 11
      vertex 8 0 0
    endloop
  endfacet
  facet normal -0.998629 0.0523421 0
    outer loop
      vertex 8 0 11
      vertex 7.95617 -0.836227 0
      vertex 7.95617 -0.836227 11
    endloop
  endfacet
  facet normal -0.258818 0.965926 0
    outer loop
      vertex 2.47214 -7.60845 0
      vertex 1.66329 -7.82518 11
      vertex 2.47214 -7.60845 11
    endloop
  endfacet
  facet normal -0.258818 0.965926 0
    outer loop
      vertex 1.66329 -7.82518 11
      vertex 2.47214 -7.60845 0
      vertex 1.66329 -7.82518 0
    endloop
  endfacet
  facet normal 0.629324 0.777143 -0
    outer loop
      vertex -4.70228 -6.47214 0
      vertex -5.35304 -5.94516 11
      vertex -4.70228 -6.47214 11
    endloop
  endfacet
  facet normal 0.629324 0.777143 0
    outer loop
      vertex -5.35304 -5.94516 11
      vertex -4.70228 -6.47214 0
      vertex -5.35304 -5.94516 0
    endloop
  endfacet
  facet normal 0.15643 0.987689 -0
    outer loop
      vertex -0.836227 -7.95617 0
      vertex -1.66329 -7.82518 11
      vertex -0.836227 -7.95617 11
    endloop
  endfacet
  facet normal 0.15643 0.987689 0
    outer loop
      vertex -1.66329 -7.82518 11
      vertex -0.836227 -7.95617 0
      vertex -1.66329 -7.82518 0
    endloop
  endfacet
  facet normal 0.707107 0.707107 0
    outer loop
      vertex -5.35304 -5.94516 11
      vertex -5.94516 -5.35304 0
      vertex -5.94516 -5.35304 11
    endloop
  endfacet
  facet normal 0.707107 0.707107 0
    outer loop
      vertex -5.94516 -5.35304 0
      vertex -5.35304 -5.94516 11
      vertex -5.35304 -5.94516 0
    endloop
  endfacet
  facet normal 0.965926 -0.258818 0
    outer loop
      vertex -7.82518 1.66329 11
      vertex -7.60845 2.47214 0
      vertex -7.60845 2.47214 11
    endloop
  endfacet
  facet normal 0.965926 -0.258818 0
    outer loop
      vertex -7.60845 2.47214 0
      vertex -7.82518 1.66329 11
      vertex -7.82518 1.66329 0
    endloop
  endfacet
  facet normal 0.544634 0.838674 -0
    outer loop
      vertex -4 -6.9282 0
      vertex -4.70228 -6.47214 11
      vertex -4 -6.9282 11
    endloop
  endfacet
  facet normal 0.544634 0.838674 0
    outer loop
      vertex -4.70228 -6.47214 11
      vertex -4 -6.9282 0
      vertex -4.70228 -6.47214 0
    endloop
  endfacet
  facet normal -0.629324 -0.777143 0
    outer loop
      vertex 4.70228 6.47214 0
      vertex 5.35304 5.94516 11
      vertex 4.70228 6.47214 11
    endloop
  endfacet
  facet normal -0.629324 -0.777143 -0
    outer loop
      vertex 5.35304 5.94516 11
      vertex 4.70228 6.47214 0
      vertex 5.35304 5.94516 0
    endloop
  endfacet
  facet normal -0.15643 -0.987689 0
    outer loop
      vertex 0.836227 7.95617 0
      vertex 1.66329 7.82518 11
      vertex 0.836227 7.95617 11
    endloop
  endfacet
  facet normal -0.15643 -0.987689 -0
    outer loop
      vertex 1.66329 7.82518 11
      vertex 0.836227 7.95617 0
      vertex 1.66329 7.82518 0
    endloop
  endfacet
  facet normal -0.544634 -0.838674 0
    outer loop
      vertex 4 6.9282 0
      vertex 4.70228 6.47214 11
      vertex 4 6.9282 11
    endloop
  endfacet
  facet normal -0.544634 -0.838674 -0
    outer loop
      vertex 4.70228 6.47214 11
      vertex 4 6.9282 0
      vertex 4.70228 6.47214 0
    endloop
  endfacet
  facet normal -0.358372 0.933579 0
    outer loop
      vertex 3.25389 -7.30836 0
      vertex 2.47214 -7.60845 11
      vertex 3.25389 -7.30836 11
    endloop
  endfacet
  facet normal -0.358372 0.933579 0
    outer loop
      vertex 2.47214 -7.60845 11
      vertex 3.25389 -7.30836 0
      vertex 2.47214 -7.60845 0
    endloop
  endfacet
  facet normal 0.258818 -0.965926 0
    outer loop
      vertex -2.47214 7.60845 0
      vertex -1.66329 7.82518 11
      vertex -2.47214 7.60845 11
    endloop
  endfacet
  facet normal 0.258818 -0.965926 0
    outer loop
      vertex -1.66329 7.82518 11
      vertex -2.47214 7.60845 0
      vertex -1.66329 7.82518 0
    endloop
  endfacet
  facet normal -0.0523421 -0.998629 0
    outer loop
      vertex 0 8 0
      vertex 0.836227 7.95617 11
      vertex 0 8 11
    endloop
  endfacet
  facet normal -0.0523421 -0.998629 -0
    outer loop
      vertex 0.836227 7.95617 11
      vertex 0 8 0
      vertex 0.836227 7.95617 0
    endloop
  endfacet
  facet normal -0.358372 -0.933579 0
    outer loop
      vertex 2.47214 7.60845 0
      vertex 3.25389 7.30836 11
      vertex 2.47214 7.60845 11
    endloop
  endfacet
  facet normal -0.358372 -0.933579 -0
    outer loop
      vertex 3.25389 7.30836 11
      vertex 2.47214 7.60845 0
      vertex 3.25389 7.30836 0
    endloop
  endfacet
  facet normal -0.965926 0.258818 0
    outer loop
      vertex 7.60845 -2.47214 0
      vertex 7.82518 -1.66329 11
      vertex 7.82518 -1.66329 0
    endloop
  endfacet
  facet normal -0.965926 0.258818 0
    outer loop
      vertex 7.82518 -1.66329 11
      vertex 7.60845 -2.47214 0
      vertex 7.60845 -2.47214 11
    endloop
  endfacet
  facet normal -0.453989 -0.891008 0
    outer loop
      vertex 3.25389 7.30836 0
      vertex 4 6.9282 11
      vertex 3.25389 7.30836 11
    endloop
  endfacet
  facet normal -0.453989 -0.891008 -0
    outer loop
      vertex 4 6.9282 11
      vertex 3.25389 7.30836 0
      vertex 4 6.9282 0
    endloop
  endfacet
  facet normal -0.15643 0.987689 0
    outer loop
      vertex 1.66329 -7.82518 0
      vertex 0.836227 -7.95617 11
      vertex 1.66329 -7.82518 11
    endloop
  endfacet
  facet normal -0.15643 0.987689 0
    outer loop
      vertex 0.836227 -7.95617 11
      vertex 1.66329 -7.82518 0
      vertex 0.836227 -7.95617 0
    endloop
  endfacet
  facet normal 0.258818 0.965926 -0
    outer loop
      vertex -1.66329 -7.82518 0
      vertex -2.47214 -7.60845 11
      vertex -1.66329 -7.82518 11
    endloop
  endfacet
  facet normal 0.258818 0.965926 0
    outer loop
      vertex -2.47214 -7.60845 11
      vertex -1.66329 -7.82518 0
      vertex -2.47214 -7.60845 0
    endloop
  endfacet
  facet normal -0.777143 0.629324 0
    outer loop
      vertex 5.94516 -5.35304 0
      vertex 6.47214 -4.70228 11
      vertex 6.47214 -4.70228 0
    endloop
  endfacet
  facet normal -0.777143 0.629324 0
    outer loop
      vertex 6.47214 -4.70228 11
      vertex 5.94516 -5.35304 0
      vertex 5.94516 -5.35304 11
    endloop
  endfacet
  facet normal -0.891008 0.453989 0
    outer loop
      vertex 6.9282 -4 0
      vertex 7.30836 -3.25389 11
      vertex 7.30836 -3.25389 0
    endloop
  endfacet
  facet normal -0.891008 0.453989 0
    outer loop
      vertex 7.30836 -3.25389 11
      vertex 6.9282 -4 0
      vertex 6.9282 -4 11
    endloop
  endfacet
  facet normal 0.707107 -0.707107 0
    outer loop
      vertex -5.94516 5.35304 11
      vertex -5.35304 5.94516 0
      vertex -5.35304 5.94516 11
    endloop
  endfacet
  facet normal 0.707107 -0.707107 0
    outer loop
      vertex -5.35304 5.94516 0
      vertex -5.94516 5.35304 11
      vertex -5.94516 5.35304 0
    endloop
  endfacet
  facet normal -0.0523421 0.998629 0
    outer loop
      vertex 0.836227 -7.95617 0
      vertex 0 -8 11
      vertex 0.836227 -7.95617 11
    endloop
  endfacet
  facet normal -0.0523421 0.998629 0
    outer loop
      vertex 0 -8 11
      vertex 0.836227 -7.95617 0
      vertex 0 -8 0
    endloop
  endfacet
  facet normal 0.358372 -0.933579 0
    outer loop
      vertex -3.25389 7.30836 0
      vertex -2.47214 7.60845 11
      vertex -3.25389 7.30836 11
    endloop
  endfacet
  facet normal 0.358372 -0.933579 0
    outer loop
      vertex -2.47214 7.60845 11
      vertex -3.25389 7.30836 0
      vertex -2.47214 7.60845 0
    endloop
  endfacet
  facet normal 0.0523421 -0.998629 0
    outer loop
      vertex -0.836227 7.95617 0
      vertex 0 8 11
      vertex -0.836227 7.95617 11
    endloop
  endfacet
  facet normal 0.0523421 -0.998629 0
    outer loop
      vertex 0 8 11
      vertex -0.836227 7.95617 0
      vertex 0 8 0
    endloop
  endfacet
  facet normal -0.453989 0.891008 0
    outer loop
      vertex 4 -6.9282 0
      vertex 3.25389 -7.30836 11
      vertex 4 -6.9282 11
    endloop
  endfacet
  facet normal -0.453989 0.891008 0
    outer loop
      vertex 3.25389 -7.30836 11
      vertex 4 -6.9282 0
      vertex 3.25389 -7.30836 0
    endloop
  endfacet
  facet normal 0.933579 -0.358372 0
    outer loop
      vertex -7.60845 2.47214 11
      vertex -7.30836 3.25389 0
      vertex -7.30836 3.25389 11
    endloop
  endfacet
  facet normal 0.933579 -0.358372 0
    outer loop
      vertex -7.30836 3.25389 0
      vertex -7.60845 2.47214 11
      vertex -7.60845 2.47214 0
    endloop
  endfacet
  facet normal 0.891008 -0.453989 0
    outer loop
      vertex -7.30836 3.25389 11
      vertex -6.9282 4 0
      vertex -6.9282 4 11
    endloop
  endfacet
  facet normal 0.891008 -0.453989 0
    outer loop
      vertex -6.9282 4 0
      vertex -7.30836 3.25389 11
      vertex -7.30836 3.25389 0
    endloop
  endfacet
  facet normal -0.777143 -0.629324 0
    outer loop
      vertex 6.47214 4.70228 0
      vertex 5.94516 5.35304 11
      vertex 5.94516 5.35304 0
    endloop
  endfacet
  facet normal -0.777143 -0.629324 0
    outer loop
      vertex 5.94516 5.35304 11
      vertex 6.47214 4.70228 0
      vertex 6.47214 4.70228 11
    endloop
  endfacet
  facet normal -0.258818 -0.965926 0
    outer loop
      vertex 1.66329 7.82518 0
      vertex 2.47214 7.60845 11
      vertex 1.66329 7.82518 11
    endloop
  endfacet
  facet normal -0.258818 -0.965926 -0
    outer loop
      vertex 2.47214 7.60845 11
      vertex 1.66329 7.82518 0
      vertex 2.47214 7.60845 0
    endloop
  endfacet
  facet normal -0.933579 -0.358372 0
    outer loop
      vertex 7.60845 2.47214 0
      vertex 7.30836 3.25389 11
      vertex 7.30836 3.25389 0
    endloop
  endfacet
  facet normal -0.933579 -0.358372 0
    outer loop
      vertex 7.30836 3.25389 11
      vertex 7.60845 2.47214 0
      vertex 7.60845 2.47214 11
    endloop
  endfacet
  facet normal -0.838674 0.544634 0
    outer loop
      vertex 6.47214 -4.70228 0
      vertex 6.9282 -4 11
      vertex 6.9282 -4 0
    endloop
  endfacet
  facet normal -0.838674 0.544634 0
    outer loop
      vertex 6.9282 -4 11
      vertex 6.47214 -4.70228 0
      vertex 6.47214 -4.70228 11
    endloop
  endfacet
  facet normal 0.998629 0.0523421 0
    outer loop
      vertex -7.95617 -0.836227 11
      vertex -8 0 0
      vertex -8 0 11
    endloop
  endfacet
  facet normal 0.998629 0.0523421 0
    outer loop
      vertex -8 0 0
      vertex -7.95617 -0.836227 11
      vertex -7.95617 -0.836227 0
    endloop
  endfacet
  facet normal -0.707107 -0.707107 0
    outer loop
      vertex 5.94516 5.35304 0
      vertex 5.35304 5.94516 11
      vertex 5.35304 5.94516 0
    endloop
  endfacet
  facet normal -0.707107 -0.707107 0
    outer loop
      vertex 5.35304 5.94516 11
      vertex 5.94516 5.35304 0
      vertex 5.94516 5.35304 11
    endloop
  endfacet
  facet normal -0.891008 -0.453989 0
    outer loop
      vertex 7.30836 3.25389 0
      vertex 6.9282 4 11
      vertex 6.9282 4 0
    endloop
  endfacet
  facet normal -0.891008 -0.453989 0
    outer loop
      vertex 6.9282 4 11
      vertex 7.30836 3.25389 0
      vertex 7.30836 3.25389 11
    endloop
  endfacet
  facet normal 0.838674 -0.544634 0
    outer loop
      vertex -6.9282 4 11
      vertex -6.47214 4.70228 0
      vertex -6.47214 4.70228 11
    endloop
  endfacet
  facet normal 0.838674 -0.544634 0
    outer loop
      vertex -6.47214 4.70228 0
      vertex -6.9282 4 11
      vertex -6.9282 4 0
    endloop
  endfacet
  facet normal 0.987689 -0.15643 0
    outer loop
      vertex -7.95617 0.836227 11
      vertex -7.82518 1.66329 0
      vertex -7.82518 1.66329 11
    endloop
  endfacet
  facet normal 0.987689 -0.15643 0
    outer loop
      vertex -7.82518 1.66329 0
      vertex -7.95617 0.836227 11
      vertex -7.95617 0.836227 0
    endloop
  endfacet
  facet normal 0.777143 -0.629324 0
    outer loop
      vertex -6.47214 4.70228 11
      vertex -5.94516 5.35304 0
      vertex -5.94516 5.35304 11
    endloop
  endfacet
  facet normal 0.777143 -0.629324 0
    outer loop
      vertex -5.94516 5.35304 0
      vertex -6.47214 4.70228 11
      vertex -6.47214 4.70228 0
    endloop
  endfacet
  facet normal 0.629324 -0.777143 0
    outer loop
      vertex -5.35304 5.94516 0
      vertex -4.70228 6.47214 11
      vertex -5.35304 5.94516 11
    endloop
  endfacet
  facet normal 0.629324 -0.777143 0
    outer loop
      vertex -4.70228 6.47214 11
      vertex -5.35304 5.94516 0
      vertex -4.70228 6.47214 0
    endloop
  endfacet
  facet normal 0.544634 -0.838674 0
    outer loop
      vertex -4.70228 6.47214 0
      vertex -4 6.9282 11
      vertex -4.70228 6.47214 11
    endloop
  endfacet
  facet normal 0.544634 -0.838674 0
    outer loop
      vertex -4 6.9282 11
      vertex -4.70228 6.47214 0
      vertex -4 6.9282 0
    endloop
  endfacet
  facet normal 0.891008 0.453989 0
    outer loop
      vertex -6.9282 -4 11
      vertex -7.30836 -3.25389 0
      vertex -7.30836 -3.25389 11
    endloop
  endfacet
  facet normal 0.891008 0.453989 0
    outer loop
      vertex -7.30836 -3.25389 0
      vertex -6.9282 -4 11
      vertex -6.9282 -4 0
    endloop
  endfacet
  facet normal -0.629324 0.777143 0
    outer loop
      vertex 5.35304 -5.94516 0
      vertex 4.70228 -6.47214 11
      vertex 5.35304 -5.94516 11
    endloop
  endfacet
  facet normal -0.629324 0.777143 0
    outer loop
      vertex 4.70228 -6.47214 11
      vertex 5.35304 -5.94516 0
      vertex 4.70228 -6.47214 0
    endloop
  endfacet
  facet normal 0.838674 0.544634 0
    outer loop
      vertex -6.47214 -4.70228 11
      vertex -6.9282 -4 0
      vertex -6.9282 -4 11
    endloop
  endfacet
  facet normal 0.838674 0.544634 0
    outer loop
      vertex -6.9282 -4 0
      vertex -6.47214 -4.70228 11
      vertex -6.47214 -4.70228 0
    endloop
  endfacet
  facet normal 0.987689 0.15643 0
    outer loop
      vertex -7.82518 -1.66329 11
      vertex -7.95617 -0.836227 0
      vertex -7.95617 -0.836227 11
    endloop
  endfacet
  facet normal 0.987689 0.15643 0
    outer loop
      vertex -7.95617 -0.836227 0
      vertex -7.82518 -1.66329 11
      vertex -7.82518 -1.66329 0
    endloop
  endfacet
  facet normal 0.933579 0.358372 0
    outer loop
      vertex -7.30836 -3.25389 11
      vertex -7.60845 -2.47214 0
      vertex -7.60845 -2.47214 11
    endloop
  endfacet
  facet normal 0.933579 0.358372 0
    outer loop
      vertex -7.60845 -2.47214 0
      vertex -7.30836 -3.25389 11
      vertex -7.30836 -3.25389 0
    endloop
  endfacet
  facet normal 0.777143 0.629324 0
    outer loop
      vertex -5.94516 -5.35304 11
      vertex -6.47214 -4.70228 0
      vertex -6.47214 -4.70228 11
    endloop
  endfacet
  facet normal 0.777143 0.629324 0
    outer loop
      vertex -6.47214 -4.70228 0
      vertex -5.94516 -5.35304 11
      vertex -5.94516 -5.35304 0
    endloop
  endfacet
  facet normal 0.453989 -0.891008 0
    outer loop
      vertex -4 6.9282 0
      vertex -3.25389 7.30836 11
      vertex -4 6.9282 11
    endloop
  endfacet
  facet normal 0.453989 -0.891008 0
    outer loop
      vertex -3.25389 7.30836 11
      vertex -4 6.9282 0
      vertex -3.25389 7.30836 0
    endloop
  endfacet
  facet normal -0.544634 0.838674 0
    outer loop
      vertex 4.70228 -6.47214 0
      vertex 4 -6.9282 11
      vertex 4.70228 -6.47214 11
    endloop
  endfacet
  facet normal -0.544634 0.838674 0
    outer loop
      vertex 4 -6.9282 11
      vertex 4.70228 -6.47214 0
      vertex 4 -6.9282 0
    endloop
  endfacet
  facet normal -0.933579 0.358372 0
    outer loop
      vertex 7.30836 -3.25389 0
      vertex 7.60845 -2.47214 11
      vertex 7.60845 -2.47214 0
    endloop
  endfacet
  facet normal -0.933579 0.358372 0
    outer loop
      vertex 7.60845 -2.47214 11
      vertex 7.30836 -3.25389 0
      vertex 7.30836 -3.25389 11
    endloop
  endfacet
  facet normal 0.0523421 0.998629 -0
    outer loop
      vertex 0 -8 0
      vertex -0.836227 -7.95617 11
      vertex 0 -8 11
    endloop
  endfacet
  facet normal 0.0523421 0.998629 0
    outer loop
      vertex -0.836227 -7.95617 11
      vertex 0 -8 0
      vertex -0.836227 -7.95617 0
    endloop
  endfacet
  facet normal 0.998629 -0.0523421 0
    outer loop
      vertex -8 0 11
      vertex -7.95617 0.836227 0
      vertex -7.95617 0.836227 11
    endloop
  endfacet
  facet normal 0.998629 -0.0523421 0
    outer loop
      vertex -7.95617 0.836227 0
      vertex -8 0 11
      vertex -8 0 0
    endloop
  endfacet
  facet normal 0.358372 0.933579 -0
    outer loop
      vertex -2.47214 -7.60845 0
      vertex -3.25389 -7.30836 11
      vertex -2.47214 -7.60845 11
    endloop
  endfacet
  facet normal 0.358372 0.933579 0
    outer loop
      vertex -3.25389 -7.30836 11
      vertex -2.47214 -7.60845 0
      vertex -3.25389 -7.30836 0
    endloop
  endfacet
  facet normal -0.707107 0.707107 0
    outer loop
      vertex 5.35304 -5.94516 0
      vertex 5.94516 -5.35304 11
      vertex 5.94516 -5.35304 0
    endloop
  endfacet
  facet normal -0.707107 0.707107 0
    outer loop
      vertex 5.94516 -5.35304 11
      vertex 5.35304 -5.94516 0
      vertex 5.35304 -5.94516 11
    endloop
  endfacet
endsolid OpenSCAD_Model
