solid OpenSCAD_Model
  facet normal 1 -0 0
    outer loop
      vertex 31 -18 10.5
      vertex 31 18 2.5
      vertex 31 18 10.5
    endloop
  endfacet
  facet normal 1 0 0
    outer loop
      vertex 31 18 2.5
      vertex 31 -18 10.5
      vertex 31 -18 2.5
    endloop
  endfacet
  facet normal 0 0 1
    outer loop
      vertex 31 18 10.5
      vertex 29 16 10.5
      vertex 31 -18 10.5
    endloop
  endfacet
  facet normal 0 0 1
    outer loop
      vertex 31 18 10.5
      vertex -29 16 10.5
      vertex 29 16 10.5
    endloop
  endfacet
  facet normal 0 0 1
    outer loop
      vertex -29 16 10.5
      vertex -31 18 10.5
      vertex -29 -16 10.5
    endloop
  endfacet
  facet normal -0 0 1
    outer loop
      vertex -31 18 10.5
      vertex -29 16 10.5
      vertex 31 18 10.5
    endloop
  endfacet
  facet normal -0 0 1
    outer loop
      vertex 29 -16 10.5
      vertex 31 -18 10.5
      vertex 29 16 10.5
    endloop
  endfacet
  facet normal -0 0 1
    outer loop
      vertex -29 -16 10.5
      vertex 31 -18 10.5
      vertex 29 -16 10.5
    endloop
  endfacet
  facet normal 0 0 1
    outer loop
      vertex -29 -16 10.5
      vertex -31 -18 10.5
      vertex 31 -18 10.5
    endloop
  endfacet
  facet normal 0 0 1
    outer loop
      vertex -31 -18 10.5
      vertex -29 -16 10.5
      vertex -31 18 10.5
    endloop
  endfacet
  facet normal 0 0 -1
    outer loop
      vertex -35.2881 -21.4438 0
      vertex -16.5 -17 0
      vertex -35.2393 -21.6258 0
    endloop
  endfacet
  facet normal 0 0 -1
    outer loop
      vertex -16.5 17 0
      vertex -35.2099 21.8118 0
      vertex -35.2 22 0
    endloop
  endfacet
  facet normal 0 0 -1
    outer loop
      vertex -35.3556 -21.2679 0
      vertex -16.5 -17 0
      vertex -35.2881 -21.4438 0
    endloop
  endfacet
  facet normal 0 0 -1
    outer loop
      vertex -16.5 17 0
      vertex -35.2393 21.6258 0
      vertex -35.2099 21.8118 0
    endloop
  endfacet
  facet normal 0 0 -1
    outer loop
      vertex -35.4412 -21.1 0
      vertex -16.5 -17 0
      vertex -35.3556 -21.2679 0
    endloop
  endfacet
  facet normal 0 0 -1
    outer loop
      vertex -16.5 17 0
      vertex -35.2881 21.4438 0
      vertex -35.2393 21.6258 0
    endloop
  endfacet
  facet normal 0 0 -1
    outer loop
      vertex -35.5438 -20.942 0
      vertex -16.5 -17 0
      vertex -35.4412 -21.1 0
    endloop
  endfacet
  facet normal 0 0 -1
    outer loop
      vertex -16.5 17 0
      vertex -35.3556 21.2679 0
      vertex -35.2881 21.4438 0
    endloop
  endfacet
  facet normal 0 0 -1
    outer loop
      vertex -35.6623 -20.7956 0
      vertex -16.5 -17 0
      vertex -35.5438 -20.942 0
    endloop
  endfacet
  facet normal 0 0 -1
    outer loop
      vertex -16.5 17 0
      vertex -35.4412 21.1 0
      vertex -35.3556 21.2679 0
    endloop
  endfacet
  facet normal 0 0 -1
    outer loop
      vertex -35.7956 -20.6623 0
      vertex -16.5 -17 0
      vertex -35.6623 -20.7956 0
    endloop
  endfacet
  facet normal 0 0 -1
    outer loop
      vertex -16.5 17 0
      vertex -35.5438 20.942 0
      vertex -35.4412 21.1 0
    endloop
  endfacet
  facet normal 0 0 -1
    outer loop
      vertex -35.942 -20.5438 0
      vertex -16.5 -17 0
      vertex -35.7956 -20.6623 0
    endloop
  endfacet
  facet normal 0 0 -1
    outer loop
      vertex -16.5 17 0
      vertex -35.6623 20.7956 0
      vertex -35.5438 20.942 0
    endloop
  endfacet
  facet normal 0 0 -1
    outer loop
      vertex -36.1 -20.4412 0
      vertex -16.5 -17 0
      vertex -35.942 -20.5438 0
    endloop
  endfacet
  facet normal 0 0 -1
    outer loop
      vertex -16.5 17 0
      vertex -35.7956 20.6623 0
      vertex -35.6623 20.7956 0
    endloop
  endfacet
  facet normal 0 0 -1
    outer loop
      vertex -36.2679 -20.3556 0
      vertex -16.5 -17 0
      vertex -36.1 -20.4412 0
    endloop
  endfacet
  facet normal 0 0 -1
    outer loop
      vertex -16.5 17 0
      vertex -35.942 20.5438 0
      vertex -35.7956 20.6623 0
    endloop
  endfacet
  facet normal 0 0 -1
    outer loop
      vertex -36.4438 -20.2881 0
      vertex -16.5 -17 0
      vertex -36.2679 -20.3556 0
    endloop
  endfacet
  facet normal 0 0 -1
    outer loop
      vertex -16.5 17 0
      vertex -36.1 20.4412 0
      vertex -35.942 20.5438 0
    endloop
  endfacet
  facet normal -0 0 -1
    outer loop
      vertex -16.5 -17 0
      vertex -36.4438 -20.2881 0
      vertex -16.5 17 0
    endloop
  endfacet
  facet normal 0 0 -1
    outer loop
      vertex -16.5 17 0
      vertex -36.2679 20.3556 0
      vertex -36.1 20.4412 0
    endloop
  endfacet
  facet normal 0 0 -1
    outer loop
      vertex -36.4438 20.2881 0
      vertex -16.5 17 0
      vertex -36.4438 -20.2881 0
    endloop
  endfacet
  facet normal 0 0 -1
    outer loop
      vertex -16.5 17 0
      vertex -36.4438 20.2881 0
      vertex -36.2679 20.3556 0
    endloop
  endfacet
  facet normal 0 0 -1
    outer loop
      vertex -36.6258 -20.2393 0
      vertex -36.4438 20.2881 0
      vertex -36.4438 -20.2881 0
    endloop
  endfacet
  facet normal 0 0 -1
    outer loop
      vertex -36.6258 -20.2393 0
      vertex -36.6258 20.2393 0
      vertex -36.4438 20.2881 0
    endloop
  endfacet
  facet normal 0 0 -1
    outer loop
      vertex -36.8118 -20.2099 0
      vertex -36.6258 20.2393 0
      vertex -36.6258 -20.2393 0
    endloop
  endfacet
  facet normal 0 0 -1
    outer loop
      vertex -36.8118 -20.2099 0
      vertex -36.8118 20.2099 0
      vertex -36.6258 20.2393 0
    endloop
  endfacet
  facet normal 0 0 -1
    outer loop
      vertex -37 -20.2 0
      vertex -36.8118 20.2099 0
      vertex -36.8118 -20.2099 0
    endloop
  endfacet
  facet normal 0 0 -1
    outer loop
      vertex -37 -20.2 0
      vertex -37 20.2 0
      vertex -36.8118 20.2099 0
    endloop
  endfacet
  facet normal 0 0 -1
    outer loop
      vertex -37.1881 -20.2099 0
      vertex -37 20.2 0
      vertex -37 -20.2 0
    endloop
  endfacet
  facet normal 0 0 -1
    outer loop
      vertex -37.1881 -20.2099 0
      vertex -37.1881 20.2099 0
      vertex -37 20.2 0
    endloop
  endfacet
  facet normal 0 0 -1
    outer loop
      vertex -37.3742 -20.2393 0
      vertex -37.1881 20.2099 0
      vertex -37.1881 -20.2099 0
    endloop
  endfacet
  facet normal 0 0 -1
    outer loop
      vertex -37.3742 -20.2393 0
      vertex -37.3742 20.2393 0
      vertex -37.1881 20.2099 0
    endloop
  endfacet
  facet normal 0 0 -1
    outer loop
      vertex -37.5562 -20.2881 0
      vertex -37.3742 20.2393 0
      vertex -37.3742 -20.2393 0
    endloop
  endfacet
  facet normal 0 0 -1
    outer loop
      vertex -37.5562 -20.2881 0
      vertex -37.5562 20.2881 0
      vertex -37.3742 20.2393 0
    endloop
  endfacet
  facet normal 0 0 -1
    outer loop
      vertex -37.7321 -20.3556 0
      vertex -37.5562 20.2881 0
      vertex -37.5562 -20.2881 0
    endloop
  endfacet
  facet normal 0 0 -1
    outer loop
      vertex -37.7321 -20.3556 0
      vertex -37.7321 20.3556 0
      vertex -37.5562 20.2881 0
    endloop
  endfacet
  facet normal 0 0 -1
    outer loop
      vertex -37.9 -20.4412 0
      vertex -37.7321 20.3556 0
      vertex -37.7321 -20.3556 0
    endloop
  endfacet
  facet normal 0 0 -1
    outer loop
      vertex -37.9 -20.4412 0
      vertex -37.9 20.4412 0
      vertex -37.7321 20.3556 0
    endloop
  endfacet
  facet normal 0 0 -1
    outer loop
      vertex -38.058 -20.5438 0
      vertex -37.9 20.4412 0
      vertex -37.9 -20.4412 0
    endloop
  endfacet
  facet normal 0 0 -1
    outer loop
      vertex -38.058 -20.5438 0
      vertex -38.058 20.5438 0
      vertex -37.9 20.4412 0
    endloop
  endfacet
  facet normal 0 0 -1
    outer loop
      vertex -38.2044 -20.6623 0
      vertex -38.058 20.5438 0
      vertex -38.058 -20.5438 0
    endloop
  endfacet
  facet normal 0 0 -1
    outer loop
      vertex -38.2044 -20.6623 0
      vertex -38.2044 20.6623 0
      vertex -38.058 20.5438 0
    endloop
  endfacet
  facet normal 0 0 -1
    outer loop
      vertex -38.3377 -20.7956 0
      vertex -38.2044 20.6623 0
      vertex -38.2044 -20.6623 0
    endloop
  endfacet
  facet normal 0 0 -1
    outer loop
      vertex -38.3377 -20.7956 0
      vertex -38.3377 20.7956 0
      vertex -38.2044 20.6623 0
    endloop
  endfacet
  facet normal 0 0 -1
    outer loop
      vertex -38.4562 -20.942 0
      vertex -38.3377 20.7956 0
      vertex -38.3377 -20.7956 0
    endloop
  endfacet
  facet normal 0 0 -1
    outer loop
      vertex -38.4562 -20.942 0
      vertex -38.4562 20.942 0
      vertex -38.3377 20.7956 0
    endloop
  endfacet
  facet normal 0 0 -1
    outer loop
      vertex -38.5588 -21.1 0
      vertex -38.4562 20.942 0
      vertex -38.4562 -20.942 0
    endloop
  endfacet
  facet normal 0 0 -1
    outer loop
      vertex -38.5588 -21.1 0
      vertex -38.5588 21.1 0
      vertex -38.4562 20.942 0
    endloop
  endfacet
  facet normal 0 0 -1
    outer loop
      vertex -43 -28 0
      vertex -38.5588 -21.1 0
      vertex -38.6444 -21.2679 0
    endloop
  endfacet
  facet normal -0 0 -1
    outer loop
      vertex -38.5588 -21.1 0
      vertex -43 -28 0
      vertex -38.5588 21.1 0
    endloop
  endfacet
  facet normal 0 0 -1
    outer loop
      vertex -43 -28 0
      vertex -38.6444 -21.2679 0
      vertex -38.7119 -21.4438 0
    endloop
  endfacet
  facet normal 0 0 -1
    outer loop
      vertex -43 28 0
      vertex -38.5588 21.1 0
      vertex -43 -28 0
    endloop
  endfacet
  facet normal 0 0 -1
    outer loop
      vertex -43 -28 0
      vertex -38.7119 -21.4438 0
      vertex -38.7607 -21.6258 0
    endloop
  endfacet
  facet normal 0 0 -1
    outer loop
      vertex -38.5588 21.1 0
      vertex -43 28 0
      vertex -38.6444 21.2679 0
    endloop
  endfacet
  facet normal 0 0 -1
    outer loop
      vertex -43 -28 0
      vertex -38.7607 -21.6258 0
      vertex -38.7901 -21.8118 0
    endloop
  endfacet
  facet normal 0 0 -1
    outer loop
      vertex -38.6444 21.2679 0
      vertex -43 28 0
      vertex -38.7119 21.4438 0
    endloop
  endfacet
  facet normal 0 0 -1
    outer loop
      vertex -43 -28 0
      vertex -38.7901 -21.8118 0
      vertex -38.8 -22 0
    endloop
  endfacet
  facet normal 0 0 -1
    outer loop
      vertex -38.7119 21.4438 0
      vertex -43 28 0
      vertex -38.7607 21.6258 0
    endloop
  endfacet
  facet normal 0 0 -1
    outer loop
      vertex 38.7119 -21.4438 0
      vertex 43 -28 0
      vertex 38.7607 -21.6258 0
    endloop
  endfacet
  facet normal 0 0 -1
    outer loop
      vertex 43 28 0
      vertex 38.7901 21.8118 0
      vertex 38.8 22 0
    endloop
  endfacet
  facet normal 0 0 -1
    outer loop
      vertex 38.6444 -21.2679 0
      vertex 43 -28 0
      vertex 38.7119 -21.4438 0
    endloop
  endfacet
  facet normal 0 0 -1
    outer loop
      vertex 43 28 0
      vertex 38.7607 21.6258 0
      vertex 38.7901 21.8118 0
    endloop
  endfacet
  facet normal 0 0 -1
    outer loop
      vertex 38.5588 -21.1 0
      vertex 43 -28 0
      vertex 38.6444 -21.2679 0
    endloop
  endfacet
  facet normal 0 0 -1
    outer loop
      vertex 43 28 0
      vertex 38.7119 21.4438 0
      vertex 38.7607 21.6258 0
    endloop
  endfacet
  facet normal 0 0 -1
    outer loop
      vertex 43 -28 0
      vertex 38.5588 -21.1 0
      vertex 43 28 0
    endloop
  endfacet
  facet normal 0 0 -1
    outer loop
      vertex 43 28 0
      vertex 38.6444 21.2679 0
      vertex 38.7119 21.4438 0
    endloop
  endfacet
  facet normal 0 0 -1
    outer loop
      vertex 38.5588 21.1 0
      vertex 43 28 0
      vertex 38.5588 -21.1 0
    endloop
  endfacet
  facet normal 0 0 -1
    outer loop
      vertex 43 28 0
      vertex 38.5588 21.1 0
      vertex 38.6444 21.2679 0
    endloop
  endfacet
  facet normal 0 0 -1
    outer loop
      vertex 38.4562 -20.942 0
      vertex 38.5588 21.1 0
      vertex 38.5588 -21.1 0
    endloop
  endfacet
  facet normal 0 0 -1
    outer loop
      vertex 38.4562 -20.942 0
      vertex 38.4562 20.942 0
      vertex 38.5588 21.1 0
    endloop
  endfacet
  facet normal 0 0 -1
    outer loop
      vertex 38.3377 -20.7956 0
      vertex 38.4562 20.942 0
      vertex 38.4562 -20.942 0
    endloop
  endfacet
  facet normal 0 0 -1
    outer loop
      vertex 38.3377 -20.7956 0
      vertex 38.3377 20.7956 0
      vertex 38.4562 20.942 0
    endloop
  endfacet
  facet normal 0 0 -1
    outer loop
      vertex 38.2044 -20.6623 0
      vertex 38.3377 20.7956 0
      vertex 38.3377 -20.7956 0
    endloop
  endfacet
  facet normal 0 0 -1
    outer loop
      vertex 38.2044 -20.6623 0
      vertex 38.2044 20.6623 0
      vertex 38.3377 20.7956 0
    endloop
  endfacet
  facet normal 0 0 -1
    outer loop
      vertex 38.058 -20.5438 0
      vertex 38.2044 20.6623 0
      vertex 38.2044 -20.6623 0
    endloop
  endfacet
  facet normal 0 0 -1
    outer loop
      vertex 38.058 -20.5438 0
      vertex 38.058 20.5438 0
      vertex 38.2044 20.6623 0
    endloop
  endfacet
  facet normal 0 0 -1
    outer loop
      vertex 37.9 -20.4412 0
      vertex 38.058 20.5438 0
      vertex 38.058 -20.5438 0
    endloop
  endfacet
  facet normal 0 0 -1
    outer loop
      vertex 37.9 -20.4412 0
      vertex 37.9 20.4412 0
      vertex 38.058 20.5438 0
    endloop
  endfacet
  facet normal 0 0 -1
    outer loop
      vertex 37.7321 -20.3556 0
      vertex 37.9 20.4412 0
      vertex 37.9 -20.4412 0
    endloop
  endfacet
  facet normal 0 0 -1
    outer loop
      vertex 37.7321 -20.3556 0
      vertex 37.7321 20.3556 0
      vertex 37.9 20.4412 0
    endloop
  endfacet
  facet normal 0 0 -1
    outer loop
      vertex 37.5562 -20.2881 0
      vertex 37.7321 20.3556 0
      vertex 37.7321 -20.3556 0
    endloop
  endfacet
  facet normal 0 0 -1
    outer loop
      vertex 37.5562 -20.2881 0
      vertex 37.5562 20.2881 0
      vertex 37.7321 20.3556 0
    endloop
  endfacet
  facet normal 0 0 -1
    outer loop
      vertex 37.3742 -20.2393 0
      vertex 37.5562 20.2881 0
      vertex 37.5562 -20.2881 0
    endloop
  endfacet
  facet normal 0 0 -1
    outer loop
      vertex 37.3742 -20.2393 0
      vertex 37.3742 20.2393 0
      vertex 37.5562 20.2881 0
    endloop
  endfacet
  facet normal 0 0 -1
    outer loop
      vertex 37.1881 -20.2099 0
      vertex 37.3742 20.2393 0
      vertex 37.3742 -20.2393 0
    endloop
  endfacet
  facet normal 0 0 -1
    outer loop
      vertex 37.1881 -20.2099 0
      vertex 37.1881 20.2099 0
      vertex 37.3742 20.2393 0
    endloop
  endfacet
  facet normal 0 0 -1
    outer loop
      vertex 37 -20.2 0
      vertex 37.1881 20.2099 0
      vertex 37.1881 -20.2099 0
    endloop
  endfacet
  facet normal 0 0 -1
    outer loop
      vertex 37 -20.2 0
      vertex 37 20.2 0
      vertex 37.1881 20.2099 0
    endloop
  endfacet
  facet normal 0 0 -1
    outer loop
      vertex 36.8118 -20.2099 0
      vertex 37 20.2 0
      vertex 37 -20.2 0
    endloop
  endfacet
  facet normal 0 0 -1
    outer loop
      vertex 36.8118 -20.2099 0
      vertex 36.8118 20.2099 0
      vertex 37 20.2 0
    endloop
  endfacet
  facet normal 0 0 -1
    outer loop
      vertex 36.6258 -20.2393 0
      vertex 36.8118 20.2099 0
      vertex 36.8118 -20.2099 0
    endloop
  endfacet
  facet normal 0 0 -1
    outer loop
      vertex 36.6258 -20.2393 0
      vertex 36.6258 20.2393 0
      vertex 36.8118 20.2099 0
    endloop
  endfacet
  facet normal 0 0 -1
    outer loop
      vertex 36.4438 -20.2881 0
      vertex 36.6258 20.2393 0
      vertex 36.6258 -20.2393 0
    endloop
  endfacet
  facet normal 0 0 -1
    outer loop
      vertex 36.4438 -20.2881 0
      vertex 36.4438 20.2881 0
      vertex 36.6258 20.2393 0
    endloop
  endfacet
  facet normal 0 0 -1
    outer loop
      vertex 16.5 -17 0
      vertex 36.4438 -20.2881 0
      vertex 36.2679 -20.3556 0
    endloop
  endfacet
  facet normal 0 0 -1
    outer loop
      vertex 36.4438 -20.2881 0
      vertex 16.5 -17 0
      vertex 36.4438 20.2881 0
    endloop
  endfacet
  facet normal 0 0 -1
    outer loop
      vertex 16.5 -17 0
      vertex 36.2679 -20.3556 0
      vertex 36.1 -20.4412 0
    endloop
  endfacet
  facet normal 0 0 -1
    outer loop
      vertex 16.5 17 0
      vertex 36.4438 20.2881 0
      vertex 16.5 -17 0
    endloop
  endfacet
  facet normal 0 0 -1
    outer loop
      vertex 16.5 -17 0
      vertex 36.1 -20.4412 0
      vertex 35.942 -20.5438 0
    endloop
  endfacet
  facet normal -0 0 -1
    outer loop
      vertex 36.4438 20.2881 0
      vertex 16.5 17 0
      vertex 36.2679 20.3556 0
    endloop
  endfacet
  facet normal 0 0 -1
    outer loop
      vertex 16.5 -17 0
      vertex 35.942 -20.5438 0
      vertex 35.7956 -20.6623 0
    endloop
  endfacet
  facet normal -0 0 -1
    outer loop
      vertex 36.2679 20.3556 0
      vertex 16.5 17 0
      vertex 36.1 20.4412 0
    endloop
  endfacet
  facet normal 0 0 -1
    outer loop
      vertex 16.5 -17 0
      vertex 35.7956 -20.6623 0
      vertex 35.6623 -20.7956 0
    endloop
  endfacet
  facet normal -0 0 -1
    outer loop
      vertex 36.1 20.4412 0
      vertex 16.5 17 0
      vertex 35.942 20.5438 0
    endloop
  endfacet
  facet normal 0 0 -1
    outer loop
      vertex 16.5 -17 0
      vertex 35.6623 -20.7956 0
      vertex 35.5438 -20.942 0
    endloop
  endfacet
  facet normal -0 0 -1
    outer loop
      vertex 35.942 20.5438 0
      vertex 16.5 17 0
      vertex 35.7956 20.6623 0
    endloop
  endfacet
  facet normal 0 0 -1
    outer loop
      vertex 16.5 -17 0
      vertex 35.5438 -20.942 0
      vertex 35.4412 -21.1 0
    endloop
  endfacet
  facet normal -0 0 -1
    outer loop
      vertex 35.7956 20.6623 0
      vertex 16.5 17 0
      vertex 35.6623 20.7956 0
    endloop
  endfacet
  facet normal 0 0 -1
    outer loop
      vertex 16.5 -17 0
      vertex 35.4412 -21.1 0
      vertex 35.3556 -21.2679 0
    endloop
  endfacet
  facet normal -0 0 -1
    outer loop
      vertex 35.6623 20.7956 0
      vertex 16.5 17 0
      vertex 35.5438 20.942 0
    endloop
  endfacet
  facet normal 0 0 -1
    outer loop
      vertex 16.5 -17 0
      vertex 35.3556 -21.2679 0
      vertex 35.2881 -21.4438 0
    endloop
  endfacet
  facet normal -0 0 -1
    outer loop
      vertex 35.5438 20.942 0
      vertex 16.5 17 0
      vertex 35.4412 21.1 0
    endloop
  endfacet
  facet normal 0 0 -1
    outer loop
      vertex 16.5 -17 0
      vertex 35.2881 -21.4438 0
      vertex 35.2393 -21.6258 0
    endloop
  endfacet
  facet normal -0 0 -1
    outer loop
      vertex 35.4412 21.1 0
      vertex 16.5 17 0
      vertex 35.3556 21.2679 0
    endloop
  endfacet
  facet normal 0 0 -1
    outer loop
      vertex 16.5 -17 0
      vertex 35.2393 -21.6258 0
      vertex 35.2099 -21.8118 0
    endloop
  endfacet
  facet normal -0 0 -1
    outer loop
      vertex 35.3556 21.2679 0
      vertex 16.5 17 0
      vertex 35.2881 21.4438 0
    endloop
  endfacet
  facet normal 0 0 -1
    outer loop
      vertex 16.5 -17 0
      vertex 35.2099 -21.8118 0
      vertex 35.2 -22 0
    endloop
  endfacet
  facet normal -0 0 -1
    outer loop
      vertex 35.2881 21.4438 0
      vertex 16.5 17 0
      vertex 35.2393 21.6258 0
    endloop
  endfacet
  facet normal 0 0 -1
    outer loop
      vertex 38.7901 -21.8118 0
      vertex 43 -28 0
      vertex 38.8 -22 0
    endloop
  endfacet
  facet normal 0 0 -1
    outer loop
      vertex 43 -28 0
      vertex 38.7901 -22.1882 0
      vertex 38.8 -22 0
    endloop
  endfacet
  facet normal 0 0 -1
    outer loop
      vertex 43 -28 0
      vertex 38.7607 -22.3742 0
      vertex 38.7901 -22.1882 0
    endloop
  endfacet
  facet normal 0 0 -1
    outer loop
      vertex 43 -28 0
      vertex 38.7119 -22.5562 0
      vertex 38.7607 -22.3742 0
    endloop
  endfacet
  facet normal 0 0 -1
    outer loop
      vertex 43 -28 0
      vertex 38.6444 -22.7321 0
      vertex 38.7119 -22.5562 0
    endloop
  endfacet
  facet normal 0 0 -1
    outer loop
      vertex 43 -28 0
      vertex 38.5588 -22.9 0
      vertex 38.6444 -22.7321 0
    endloop
  endfacet
  facet normal 0 0 -1
    outer loop
      vertex 43 -28 0
      vertex 38.4562 -23.058 0
      vertex 38.5588 -22.9 0
    endloop
  endfacet
  facet normal 0 0 -1
    outer loop
      vertex 43 -28 0
      vertex 38.3377 -23.2044 0
      vertex 38.4562 -23.058 0
    endloop
  endfacet
  facet normal 0 0 -1
    outer loop
      vertex 43 -28 0
      vertex 38.2044 -23.3377 0
      vertex 38.3377 -23.2044 0
    endloop
  endfacet
  facet normal 0 0 -1
    outer loop
      vertex 43 -28 0
      vertex 38.058 -23.4562 0
      vertex 38.2044 -23.3377 0
    endloop
  endfacet
  facet normal 0 0 -1
    outer loop
      vertex 43 -28 0
      vertex 37.9 -23.5588 0
      vertex 38.058 -23.4562 0
    endloop
  endfacet
  facet normal 0 0 -1
    outer loop
      vertex 43 -28 0
      vertex 37.7321 -23.6444 0
      vertex 37.9 -23.5588 0
    endloop
  endfacet
  facet normal 0 0 -1
    outer loop
      vertex 43 -28 0
      vertex 37.5562 -23.7119 0
      vertex 37.7321 -23.6444 0
    endloop
  endfacet
  facet normal 0 0 -1
    outer loop
      vertex 43 -28 0
      vertex 37.3742 -23.7607 0
      vertex 37.5562 -23.7119 0
    endloop
  endfacet
  facet normal 0 0 -1
    outer loop
      vertex 43 -28 0
      vertex 37.1881 -23.7901 0
      vertex 37.3742 -23.7607 0
    endloop
  endfacet
  facet normal 0 0 -1
    outer loop
      vertex 43 -28 0
      vertex 37 -23.8 0
      vertex 37.1881 -23.7901 0
    endloop
  endfacet
  facet normal 0 0 -1
    outer loop
      vertex 43 -28 0
      vertex 36.8118 -23.7901 0
      vertex 37 -23.8 0
    endloop
  endfacet
  facet normal 0 0 -1
    outer loop
      vertex 43 -28 0
      vertex 36.6258 -23.7607 0
      vertex 36.8118 -23.7901 0
    endloop
  endfacet
  facet normal 0 0 -1
    outer loop
      vertex 43 -28 0
      vertex 36.4438 -23.7119 0
      vertex 36.6258 -23.7607 0
    endloop
  endfacet
  facet normal 0 0 -1
    outer loop
      vertex 43 -28 0
      vertex 36.2679 -23.6444 0
      vertex 36.4438 -23.7119 0
    endloop
  endfacet
  facet normal 0 0 -1
    outer loop
      vertex 43 -28 0
      vertex 36.1 -23.5588 0
      vertex 36.2679 -23.6444 0
    endloop
  endfacet
  facet normal -0 0 -1
    outer loop
      vertex 35.2393 21.6258 0
      vertex 16.5 17 0
      vertex 35.2099 21.8118 0
    endloop
  endfacet
  facet normal 0 0 -1
    outer loop
      vertex 35.2099 -22.1882 0
      vertex 16.5 -17 0
      vertex 35.2 -22 0
    endloop
  endfacet
  facet normal 0 0 -1
    outer loop
      vertex 35.2393 -22.3742 0
      vertex 16.5 -17 0
      vertex 35.2099 -22.1882 0
    endloop
  endfacet
  facet normal 0 0 -1
    outer loop
      vertex 35.2881 -22.5562 0
      vertex 16.5 -17 0
      vertex 35.2393 -22.3742 0
    endloop
  endfacet
  facet normal 0 0 -1
    outer loop
      vertex 35.3556 -22.7321 0
      vertex 16.5 -17 0
      vertex 35.2881 -22.5562 0
    endloop
  endfacet
  facet normal 0 0 -1
    outer loop
      vertex 35.4412 -22.9 0
      vertex 16.5 -17 0
      vertex 35.3556 -22.7321 0
    endloop
  endfacet
  facet normal 0 0 -1
    outer loop
      vertex 35.5438 -23.058 0
      vertex 16.5 -17 0
      vertex 35.4412 -22.9 0
    endloop
  endfacet
  facet normal 0 0 -1
    outer loop
      vertex 35.6623 -23.2044 0
      vertex 16.5 -17 0
      vertex 35.5438 -23.058 0
    endloop
  endfacet
  facet normal 0 0 -1
    outer loop
      vertex 35.7956 -23.3377 0
      vertex 16.5 -17 0
      vertex 35.6623 -23.2044 0
    endloop
  endfacet
  facet normal 0 0 -1
    outer loop
      vertex 35.942 -23.4562 0
      vertex 16.5 -17 0
      vertex 35.7956 -23.3377 0
    endloop
  endfacet
  facet normal 0 0 -1
    outer loop
      vertex 12.5 -17 0
      vertex 35.942 -23.4562 0
      vertex 36.1 -23.5588 0
    endloop
  endfacet
  facet normal 0 0 -1
    outer loop
      vertex 12.5 -17 0
      vertex 36.1 -23.5588 0
      vertex 43 -28 0
    endloop
  endfacet
  facet normal 0 0 -1
    outer loop
      vertex 35.942 -23.4562 0
      vertex 12.5 -17 0
      vertex 16.5 -17 0
    endloop
  endfacet
  facet normal 0 0 -1
    outer loop
      vertex 12.5 -17 0
      vertex 8 0 0
      vertex 12.5 17 0
    endloop
  endfacet
  facet normal 0 0 -1
    outer loop
      vertex 12.5 -17 0
      vertex 7.95617 -0.836227 0
      vertex 8 0 0
    endloop
  endfacet
  facet normal 0 0 -1
    outer loop
      vertex 12.5 -17 0
      vertex 7.82518 -1.66329 0
      vertex 7.95617 -0.836227 0
    endloop
  endfacet
  facet normal 0 0 -1
    outer loop
      vertex 12.5 -17 0
      vertex 7.60845 -2.47214 0
      vertex 7.82518 -1.66329 0
    endloop
  endfacet
  facet normal 0 0 -1
    outer loop
      vertex 12.5 -17 0
      vertex 7.30836 -3.25389 0
      vertex 7.60845 -2.47214 0
    endloop
  endfacet
  facet normal 0 0 -1
    outer loop
      vertex 12.5 -17 0
      vertex 6.9282 -4 0
      vertex 7.30836 -3.25389 0
    endloop
  endfacet
  facet normal 0 0 -1
    outer loop
      vertex 12.5 -17 0
      vertex 6.47214 -4.70228 0
      vertex 6.9282 -4 0
    endloop
  endfacet
  facet normal 0 0 -1
    outer loop
      vertex 12.5 -17 0
      vertex 5.94516 -5.35304 0
      vertex 6.47214 -4.70228 0
    endloop
  endfacet
  facet normal 0 0 -1
    outer loop
      vertex 12.5 -17 0
      vertex 5.35304 -5.94516 0
      vertex 5.94516 -5.35304 0
    endloop
  endfacet
  facet normal 0 0 -1
    outer loop
      vertex 12.5 -17 0
      vertex 4.70228 -6.47214 0
      vertex 5.35304 -5.94516 0
    endloop
  endfacet
  facet normal 0 0 -1
    outer loop
      vertex 12.5 -17 0
      vertex 4 -6.9282 0
      vertex 4.70228 -6.47214 0
    endloop
  endfacet
  facet normal 0 0 -1
    outer loop
      vertex 12.5 -17 0
      vertex 3.25389 -7.30836 0
      vertex 4 -6.9282 0
    endloop
  endfacet
  facet normal 0 0 -1
    outer loop
      vertex 12.5 -17 0
      vertex 2.47214 -7.60845 0
      vertex 3.25389 -7.30836 0
    endloop
  endfacet
  facet normal 0 0 -1
    outer loop
      vertex 12.5 -17 0
      vertex 1.66329 -7.82518 0
      vertex 2.47214 -7.60845 0
    endloop
  endfacet
  facet normal 0 0 -1
    outer loop
      vertex 12.5 -17 0
      vertex 0.836227 -7.95617 0
      vertex 1.66329 -7.82518 0
    endloop
  endfacet
  facet normal 0 0 -1
    outer loop
      vertex 12.5 -17 0
      vertex 0 -8 0
      vertex 0.836227 -7.95617 0
    endloop
  endfacet
  facet normal 0 0 -1
    outer loop
      vertex -12.5 -17 0
      vertex 0 -8 0
      vertex 12.5 -17 0
    endloop
  endfacet
  facet normal -0 0 -1
    outer loop
      vertex 0 -8 0
      vertex -12.5 -17 0
      vertex -0.836227 -7.95617 0
    endloop
  endfacet
  facet normal -0 0 -1
    outer loop
      vertex -0.836227 -7.95617 0
      vertex -12.5 -17 0
      vertex -1.66329 -7.82518 0
    endloop
  endfacet
  facet normal -0 0 -1
    outer loop
      vertex -1.66329 -7.82518 0
      vertex -12.5 -17 0
      vertex -2.47214 -7.60845 0
    endloop
  endfacet
  facet normal -0 0 -1
    outer loop
      vertex -2.47214 -7.60845 0
      vertex -12.5 -17 0
      vertex -3.25389 -7.30836 0
    endloop
  endfacet
  facet normal -0 0 -1
    outer loop
      vertex -7.95617 -0.836227 0
      vertex -12.5 -17 0
      vertex -8 0 0
    endloop
  endfacet
  facet normal -0 0 -1
    outer loop
      vertex -7.82518 -1.66329 0
      vertex -12.5 -17 0
      vertex -7.95617 -0.836227 0
    endloop
  endfacet
  facet normal -0 0 -1
    outer loop
      vertex -7.60845 -2.47214 0
      vertex -12.5 -17 0
      vertex -7.82518 -1.66329 0
    endloop
  endfacet
  facet normal -0 0 -1
    outer loop
      vertex -7.30836 -3.25389 0
      vertex -12.5 -17 0
      vertex -7.60845 -2.47214 0
    endloop
  endfacet
  facet normal -0 0 -1
    outer loop
      vertex -6.9282 -4 0
      vertex -12.5 -17 0
      vertex -7.30836 -3.25389 0
    endloop
  endfacet
  facet normal -0 0 -1
    outer loop
      vertex -6.47214 -4.70228 0
      vertex -12.5 -17 0
      vertex -6.9282 -4 0
    endloop
  endfacet
  facet normal -0 0 -1
    outer loop
      vertex -5.94516 -5.35304 0
      vertex -12.5 -17 0
      vertex -6.47214 -4.70228 0
    endloop
  endfacet
  facet normal -0 0 -1
    outer loop
      vertex -5.35304 -5.94516 0
      vertex -12.5 -17 0
      vertex -5.94516 -5.35304 0
    endloop
  endfacet
  facet normal -0 0 -1
    outer loop
      vertex -4.70228 -6.47214 0
      vertex -12.5 -17 0
      vertex -5.35304 -5.94516 0
    endloop
  endfacet
  facet normal -0 0 -1
    outer loop
      vertex -4 -6.9282 0
      vertex -12.5 -17 0
      vertex -4.70228 -6.47214 0
    endloop
  endfacet
  facet normal -0 0 -1
    outer loop
      vertex -3.25389 -7.30836 0
      vertex -12.5 -17 0
      vertex -4 -6.9282 0
    endloop
  endfacet
  facet normal 0 0 -1
    outer loop
      vertex 43 -28 0
      vertex -12.5 -17 0
      vertex 12.5 -17 0
    endloop
  endfacet
  facet normal 0 0 -1
    outer loop
      vertex -43 -28 0
      vertex -12.5 -17 0
      vertex 43 -28 0
    endloop
  endfacet
  facet normal 0 0 -1
    outer loop
      vertex -35.2099 -21.8118 0
      vertex -16.5 -17 0
      vertex -35.2 -22 0
    endloop
  endfacet
  facet normal 0 -0 -1
    outer loop
      vertex -36.1 -23.5588 0
      vertex -12.5 -17 0
      vertex -43 -28 0
    endloop
  endfacet
  facet normal 0 0 -1
    outer loop
      vertex -16.5 -17 0
      vertex -35.2099 -22.1882 0
      vertex -35.2 -22 0
    endloop
  endfacet
  facet normal 0 0 -1
    outer loop
      vertex -16.5 -17 0
      vertex -35.2393 -22.3742 0
      vertex -35.2099 -22.1882 0
    endloop
  endfacet
  facet normal 0 0 -1
    outer loop
      vertex -16.5 -17 0
      vertex -35.2881 -22.5562 0
      vertex -35.2393 -22.3742 0
    endloop
  endfacet
  facet normal 0 0 -1
    outer loop
      vertex -16.5 -17 0
      vertex -35.3556 -22.7321 0
      vertex -35.2881 -22.5562 0
    endloop
  endfacet
  facet normal 0 0 -1
    outer loop
      vertex -16.5 -17 0
      vertex -35.4412 -22.9 0
      vertex -35.3556 -22.7321 0
    endloop
  endfacet
  facet normal 0 0 -1
    outer loop
      vertex -16.5 -17 0
      vertex -35.5438 -23.058 0
      vertex -35.4412 -22.9 0
    endloop
  endfacet
  facet normal 0 0 -1
    outer loop
      vertex -16.5 -17 0
      vertex -35.6623 -23.2044 0
      vertex -35.5438 -23.058 0
    endloop
  endfacet
  facet normal 0 0 -1
    outer loop
      vertex -16.5 -17 0
      vertex -35.7956 -23.3377 0
      vertex -35.6623 -23.2044 0
    endloop
  endfacet
  facet normal 0 0 -1
    outer loop
      vertex -16.5 -17 0
      vertex -35.942 -23.4562 0
      vertex -35.7956 -23.3377 0
    endloop
  endfacet
  facet normal -0 0 -1
    outer loop
      vertex -12.5 -17 0
      vertex -35.942 -23.4562 0
      vertex -16.5 -17 0
    endloop
  endfacet
  facet normal 0 -0 -1
    outer loop
      vertex -35.942 -23.4562 0
      vertex -12.5 -17 0
      vertex -36.1 -23.5588 0
    endloop
  endfacet
  facet normal 0 0 -1
    outer loop
      vertex -36.1 -23.5588 0
      vertex -43 -28 0
      vertex -36.2679 -23.6444 0
    endloop
  endfacet
  facet normal 0 0 -1
    outer loop
      vertex -36.2679 -23.6444 0
      vertex -43 -28 0
      vertex -36.4438 -23.7119 0
    endloop
  endfacet
  facet normal 0 0 -1
    outer loop
      vertex -36.4438 -23.7119 0
      vertex -43 -28 0
      vertex -36.6258 -23.7607 0
    endloop
  endfacet
  facet normal 0 0 -1
    outer loop
      vertex -36.6258 -23.7607 0
      vertex -43 -28 0
      vertex -36.8118 -23.7901 0
    endloop
  endfacet
  facet normal 0 0 -1
    outer loop
      vertex -36.8118 -23.7901 0
      vertex -43 -28 0
      vertex -37 -23.8 0
    endloop
  endfacet
  facet normal 0 0 -1
    outer loop
      vertex -38.7607 21.6258 0
      vertex -43 28 0
      vertex -38.7901 21.8118 0
    endloop
  endfacet
  facet normal -0 0 -1
    outer loop
      vertex -38.7901 -22.1882 0
      vertex -43 -28 0
      vertex -38.8 -22 0
    endloop
  endfacet
  facet normal -0 0 -1
    outer loop
      vertex -38.7607 -22.3742 0
      vertex -43 -28 0
      vertex -38.7901 -22.1882 0
    endloop
  endfacet
  facet normal -0 0 -1
    outer loop
      vertex -38.7119 -22.5562 0
      vertex -43 -28 0
      vertex -38.7607 -22.3742 0
    endloop
  endfacet
  facet normal -0 0 -1
    outer loop
      vertex -38.6444 -22.7321 0
      vertex -43 -28 0
      vertex -38.7119 -22.5562 0
    endloop
  endfacet
  facet normal -0 0 -1
    outer loop
      vertex -38.5588 -22.9 0
      vertex -43 -28 0
      vertex -38.6444 -22.7321 0
    endloop
  endfacet
  facet normal -0 0 -1
    outer loop
      vertex -38.4562 -23.058 0
      vertex -43 -28 0
      vertex -38.5588 -22.9 0
    endloop
  endfacet
  facet normal -0 0 -1
    outer loop
      vertex -38.3377 -23.2044 0
      vertex -43 -28 0
      vertex -38.4562 -23.058 0
    endloop
  endfacet
  facet normal -0 0 -1
    outer loop
      vertex -38.2044 -23.3377 0
      vertex -43 -28 0
      vertex -38.3377 -23.2044 0
    endloop
  endfacet
  facet normal -0 0 -1
    outer loop
      vertex -38.058 -23.4562 0
      vertex -43 -28 0
      vertex -38.2044 -23.3377 0
    endloop
  endfacet
  facet normal -0 0 -1
    outer loop
      vertex -37.9 -23.5588 0
      vertex -43 -28 0
      vertex -38.058 -23.4562 0
    endloop
  endfacet
  facet normal -0 0 -1
    outer loop
      vertex -37.7321 -23.6444 0
      vertex -43 -28 0
      vertex -37.9 -23.5588 0
    endloop
  endfacet
  facet normal -0 0 -1
    outer loop
      vertex -37.5562 -23.7119 0
      vertex -43 -28 0
      vertex -37.7321 -23.6444 0
    endloop
  endfacet
  facet normal -0 0 -1
    outer loop
      vertex -37.3742 -23.7607 0
      vertex -43 -28 0
      vertex -37.5562 -23.7119 0
    endloop
  endfacet
  facet normal -0 0 -1
    outer loop
      vertex -37.1881 -23.7901 0
      vertex -43 -28 0
      vertex -37.3742 -23.7607 0
    endloop
  endfacet
  facet normal -0 0 -1
    outer loop
      vertex -37 -23.8 0
      vertex -43 -28 0
      vertex -37.1881 -23.7901 0
    endloop
  endfacet
  facet normal 0 0 -1
    outer loop
      vertex 38.7607 -21.6258 0
      vertex 43 -28 0
      vertex 38.7901 -21.8118 0
    endloop
  endfacet
  facet normal 0 0 -1
    outer loop
      vertex 38.7901 22.1882 0
      vertex 43 28 0
      vertex 38.8 22 0
    endloop
  endfacet
  facet normal 0 0 -1
    outer loop
      vertex 38.7607 22.3742 0
      vertex 43 28 0
      vertex 38.7901 22.1882 0
    endloop
  endfacet
  facet normal 0 0 -1
    outer loop
      vertex 38.7119 22.5562 0
      vertex 43 28 0
      vertex 38.7607 22.3742 0
    endloop
  endfacet
  facet normal 0 0 -1
    outer loop
      vertex 38.6444 22.7321 0
      vertex 43 28 0
      vertex 38.7119 22.5562 0
    endloop
  endfacet
  facet normal 0 0 -1
    outer loop
      vertex 38.5588 22.9 0
      vertex 43 28 0
      vertex 38.6444 22.7321 0
    endloop
  endfacet
  facet normal 0 0 -1
    outer loop
      vertex 38.4562 23.058 0
      vertex 43 28 0
      vertex 38.5588 22.9 0
    endloop
  endfacet
  facet normal 0 0 -1
    outer loop
      vertex 38.3377 23.2044 0
      vertex 43 28 0
      vertex 38.4562 23.058 0
    endloop
  endfacet
  facet normal 0 0 -1
    outer loop
      vertex 38.2044 23.3377 0
      vertex 43 28 0
      vertex 38.3377 23.2044 0
    endloop
  endfacet
  facet normal 0 0 -1
    outer loop
      vertex 38.058 23.4562 0
      vertex 43 28 0
      vertex 38.2044 23.3377 0
    endloop
  endfacet
  facet normal 0 0 -1
    outer loop
      vertex 37.9 23.5588 0
      vertex 43 28 0
      vertex 38.058 23.4562 0
    endloop
  endfacet
  facet normal 0 0 -1
    outer loop
      vertex 37.7321 23.6444 0
      vertex 43 28 0
      vertex 37.9 23.5588 0
    endloop
  endfacet
  facet normal 0 0 -1
    outer loop
      vertex 37.5562 23.7119 0
      vertex 43 28 0
      vertex 37.7321 23.6444 0
    endloop
  endfacet
  facet normal 0 0 -1
    outer loop
      vertex 37.3742 23.7607 0
      vertex 43 28 0
      vertex 37.5562 23.7119 0
    endloop
  endfacet
  facet normal 0 0 -1
    outer loop
      vertex 37.1881 23.7901 0
      vertex 43 28 0
      vertex 37.3742 23.7607 0
    endloop
  endfacet
  facet normal 0 0 -1
    outer loop
      vertex 37 23.8 0
      vertex 43 28 0
      vertex 37.1881 23.7901 0
    endloop
  endfacet
  facet normal 0 0 -1
    outer loop
      vertex 36.8118 23.7901 0
      vertex 43 28 0
      vertex 37 23.8 0
    endloop
  endfacet
  facet normal 0 0 -1
    outer loop
      vertex 36.6258 23.7607 0
      vertex 43 28 0
      vertex 36.8118 23.7901 0
    endloop
  endfacet
  facet normal 0 0 -1
    outer loop
      vertex 36.4438 23.7119 0
      vertex 43 28 0
      vertex 36.6258 23.7607 0
    endloop
  endfacet
  facet normal 0 0 -1
    outer loop
      vertex 36.2679 23.6444 0
      vertex 43 28 0
      vertex 36.4438 23.7119 0
    endloop
  endfacet
  facet normal 0 0 -1
    outer loop
      vertex 36.1 23.5588 0
      vertex 43 28 0
      vertex 36.2679 23.6444 0
    endloop
  endfacet
  facet normal -0 0 -1
    outer loop
      vertex 35.2099 21.8118 0
      vertex 16.5 17 0
      vertex 35.2 22 0
    endloop
  endfacet
  facet normal -0 0 -1
    outer loop
      vertex 35.2 22 0
      vertex 16.5 17 0
      vertex 35.2099 22.1882 0
    endloop
  endfacet
  facet normal -0 0 -1
    outer loop
      vertex 35.2099 22.1882 0
      vertex 16.5 17 0
      vertex 35.2393 22.3742 0
    endloop
  endfacet
  facet normal -0 0 -1
    outer loop
      vertex 35.2393 22.3742 0
      vertex 16.5 17 0
      vertex 35.2881 22.5562 0
    endloop
  endfacet
  facet normal -0 0 -1
    outer loop
      vertex 35.2881 22.5562 0
      vertex 16.5 17 0
      vertex 35.3556 22.7321 0
    endloop
  endfacet
  facet normal 0 0 -1
    outer loop
      vertex 16.5 17 0
      vertex 35.4412 22.9 0
      vertex 35.3556 22.7321 0
    endloop
  endfacet
  facet normal 0 0 -1
    outer loop
      vertex 16.5 17 0
      vertex 35.5438 23.058 0
      vertex 35.4412 22.9 0
    endloop
  endfacet
  facet normal 0 0 -1
    outer loop
      vertex 16.5 17 0
      vertex 35.6623 23.2044 0
      vertex 35.5438 23.058 0
    endloop
  endfacet
  facet normal 0 0 -1
    outer loop
      vertex 16.5 17 0
      vertex 35.7956 23.3377 0
      vertex 35.6623 23.2044 0
    endloop
  endfacet
  facet normal 0 0 -1
    outer loop
      vertex 16.5 17 0
      vertex 35.942 23.4562 0
      vertex 35.7956 23.3377 0
    endloop
  endfacet
  facet normal 0 0 -1
    outer loop
      vertex 12.5 17 0
      vertex 35.942 23.4562 0
      vertex 16.5 17 0
    endloop
  endfacet
  facet normal -0 0 -1
    outer loop
      vertex 35.942 23.4562 0
      vertex 12.5 17 0
      vertex 36.1 23.5588 0
    endloop
  endfacet
  facet normal -0 0 -1
    outer loop
      vertex 36.1 23.5588 0
      vertex 12.5 17 0
      vertex 43 28 0
    endloop
  endfacet
  facet normal 0 0 -1
    outer loop
      vertex 7.95617 0.836227 0
      vertex 12.5 17 0
      vertex 8 0 0
    endloop
  endfacet
  facet normal 0 0 -1
    outer loop
      vertex 7.82518 1.66329 0
      vertex 12.5 17 0
      vertex 7.95617 0.836227 0
    endloop
  endfacet
  facet normal 0 0 -1
    outer loop
      vertex 7.60845 2.47214 0
      vertex 12.5 17 0
      vertex 7.82518 1.66329 0
    endloop
  endfacet
  facet normal 0 0 -1
    outer loop
      vertex 7.30836 3.25389 0
      vertex 12.5 17 0
      vertex 7.60845 2.47214 0
    endloop
  endfacet
  facet normal 0 0 -1
    outer loop
      vertex 6.9282 4 0
      vertex 12.5 17 0
      vertex 7.30836 3.25389 0
    endloop
  endfacet
  facet normal 0 0 -1
    outer loop
      vertex 6.47214 4.70228 0
      vertex 12.5 17 0
      vertex 6.9282 4 0
    endloop
  endfacet
  facet normal 0 0 -1
    outer loop
      vertex 5.94516 5.35304 0
      vertex 12.5 17 0
      vertex 6.47214 4.70228 0
    endloop
  endfacet
  facet normal 0 0 -1
    outer loop
      vertex 5.35304 5.94516 0
      vertex 12.5 17 0
      vertex 5.94516 5.35304 0
    endloop
  endfacet
  facet normal 0 0 -1
    outer loop
      vertex 4.70228 6.47214 0
      vertex 12.5 17 0
      vertex 5.35304 5.94516 0
    endloop
  endfacet
  facet normal 0 0 -1
    outer loop
      vertex 4 6.9282 0
      vertex 12.5 17 0
      vertex 4.70228 6.47214 0
    endloop
  endfacet
  facet normal 0 0 -1
    outer loop
      vertex 3.25389 7.30836 0
      vertex 12.5 17 0
      vertex 4 6.9282 0
    endloop
  endfacet
  facet normal 0 0 -1
    outer loop
      vertex 2.47214 7.60845 0
      vertex 12.5 17 0
      vertex 3.25389 7.30836 0
    endloop
  endfacet
  facet normal 0 0 -1
    outer loop
      vertex 1.66329 7.82518 0
      vertex 12.5 17 0
      vertex 2.47214 7.60845 0
    endloop
  endfacet
  facet normal 0 0 -1
    outer loop
      vertex 0.836227 7.95617 0
      vertex 12.5 17 0
      vertex 1.66329 7.82518 0
    endloop
  endfacet
  facet normal 0 0 -1
    outer loop
      vertex 0 8 0
      vertex 12.5 17 0
      vertex 0.836227 7.95617 0
    endloop
  endfacet
  facet normal 0 0 -1
    outer loop
      vertex -12.5 17 0
      vertex 0 8 0
      vertex -0.836227 7.95617 0
    endloop
  endfacet
  facet normal 0 0 -1
    outer loop
      vertex -12.5 17 0
      vertex -0.836227 7.95617 0
      vertex -1.66329 7.82518 0
    endloop
  endfacet
  facet normal 0 0 -1
    outer loop
      vertex -12.5 17 0
      vertex -1.66329 7.82518 0
      vertex -2.47214 7.60845 0
    endloop
  endfacet
  facet normal 0 0 -1
    outer loop
      vertex -12.5 17 0
      vertex -2.47214 7.60845 0
      vertex -3.25389 7.30836 0
    endloop
  endfacet
  facet normal 0 0 -1
    outer loop
      vertex -12.5 17 0
      vertex -3.25389 7.30836 0
      vertex -4 6.9282 0
    endloop
  endfacet
  facet normal 0 0 -1
    outer loop
      vertex -12.5 17 0
      vertex -8 0 0
      vertex -12.5 -17 0
    endloop
  endfacet
  facet normal 0 0 -1
    outer loop
      vertex -8 0 0
      vertex -12.5 17 0
      vertex -7.95617 0.836227 0
    endloop
  endfacet
  facet normal 0 0 -1
    outer loop
      vertex -7.95617 0.836227 0
      vertex -12.5 17 0
      vertex -7.82518 1.66329 0
    endloop
  endfacet
  facet normal 0 0 -1
    outer loop
      vertex -12.5 17 0
      vertex -7.60845 2.47214 0
      vertex -7.82518 1.66329 0
    endloop
  endfacet
  facet normal 0 0 -1
    outer loop
      vertex -12.5 17 0
      vertex -7.30836 3.25389 0
      vertex -7.60845 2.47214 0
    endloop
  endfacet
  facet normal 0 0 -1
    outer loop
      vertex -12.5 17 0
      vertex -6.9282 4 0
      vertex -7.30836 3.25389 0
    endloop
  endfacet
  facet normal 0 0 -1
    outer loop
      vertex -12.5 17 0
      vertex -6.47214 4.70228 0
      vertex -6.9282 4 0
    endloop
  endfacet
  facet normal 0 0 -1
    outer loop
      vertex -12.5 17 0
      vertex -5.94516 5.35304 0
      vertex -6.47214 4.70228 0
    endloop
  endfacet
  facet normal 0 0 -1
    outer loop
      vertex -12.5 17 0
      vertex -5.35304 5.94516 0
      vertex -5.94516 5.35304 0
    endloop
  endfacet
  facet normal 0 0 -1
    outer loop
      vertex -12.5 17 0
      vertex -4.70228 6.47214 0
      vertex -5.35304 5.94516 0
    endloop
  endfacet
  facet normal 0 0 -1
    outer loop
      vertex -12.5 17 0
      vertex -4 6.9282 0
      vertex -4.70228 6.47214 0
    endloop
  endfacet
  facet normal 0 0 -1
    outer loop
      vertex 0 8 0
      vertex -12.5 17 0
      vertex 12.5 17 0
    endloop
  endfacet
  facet normal 0 0 -1
    outer loop
      vertex -12.5 17 0
      vertex 43 28 0
      vertex 12.5 17 0
    endloop
  endfacet
  facet normal 0 0 -1
    outer loop
      vertex -35.942 23.4562 0
      vertex -12.5 17 0
      vertex -16.5 17 0
    endloop
  endfacet
  facet normal 0 0 -1
    outer loop
      vertex -35.2393 -21.6258 0
      vertex -16.5 -17 0
      vertex -35.2099 -21.8118 0
    endloop
  endfacet
  facet normal 0 0 -1
    outer loop
      vertex -35.2099 22.1882 0
      vertex -16.5 17 0
      vertex -35.2 22 0
    endloop
  endfacet
  facet normal 0 0 -1
    outer loop
      vertex -35.2393 22.3742 0
      vertex -16.5 17 0
      vertex -35.2099 22.1882 0
    endloop
  endfacet
  facet normal 0 0 -1
    outer loop
      vertex -35.2881 22.5562 0
      vertex -16.5 17 0
      vertex -35.2393 22.3742 0
    endloop
  endfacet
  facet normal 0 0 -1
    outer loop
      vertex -35.3556 22.7321 0
      vertex -16.5 17 0
      vertex -35.2881 22.5562 0
    endloop
  endfacet
  facet normal 0 0 -1
    outer loop
      vertex -35.4412 22.9 0
      vertex -16.5 17 0
      vertex -35.3556 22.7321 0
    endloop
  endfacet
  facet normal 0 0 -1
    outer loop
      vertex -35.5438 23.058 0
      vertex -16.5 17 0
      vertex -35.4412 22.9 0
    endloop
  endfacet
  facet normal 0 0 -1
    outer loop
      vertex -35.6623 23.2044 0
      vertex -16.5 17 0
      vertex -35.5438 23.058 0
    endloop
  endfacet
  facet normal 0 0 -1
    outer loop
      vertex -35.7956 23.3377 0
      vertex -16.5 17 0
      vertex -35.6623 23.2044 0
    endloop
  endfacet
  facet normal 0 0 -1
    outer loop
      vertex -35.942 23.4562 0
      vertex -16.5 17 0
      vertex -35.7956 23.3377 0
    endloop
  endfacet
  facet normal 0 0 -1
    outer loop
      vertex -12.5 17 0
      vertex -35.942 23.4562 0
      vertex -36.1 23.5588 0
    endloop
  endfacet
  facet normal 0 0 -1
    outer loop
      vertex -12.5 17 0
      vertex -36.1 23.5588 0
      vertex -43 28 0
    endloop
  endfacet
  facet normal 0 0 -1
    outer loop
      vertex -43 28 0
      vertex -36.1 23.5588 0
      vertex -36.2679 23.6444 0
    endloop
  endfacet
  facet normal 0 0 -1
    outer loop
      vertex -43 28 0
      vertex -36.2679 23.6444 0
      vertex -36.4438 23.7119 0
    endloop
  endfacet
  facet normal 0 0 -1
    outer loop
      vertex -43 28 0
      vertex -36.4438 23.7119 0
      vertex -36.6258 23.7607 0
    endloop
  endfacet
  facet normal 0 0 -1
    outer loop
      vertex -43 28 0
      vertex -36.6258 23.7607 0
      vertex -36.8118 23.7901 0
    endloop
  endfacet
  facet normal 0 0 -1
    outer loop
      vertex -43 28 0
      vertex -36.8118 23.7901 0
      vertex -37 23.8 0
    endloop
  endfacet
  facet normal 0 0 -1
    outer loop
      vertex -43 28 0
      vertex -37 23.8 0
      vertex -37.1881 23.7901 0
    endloop
  endfacet
  facet normal 0 0 -1
    outer loop
      vertex -38.7901 21.8118 0
      vertex -43 28 0
      vertex -38.8 22 0
    endloop
  endfacet
  facet normal 0 0 -1
    outer loop
      vertex -12.5 17 0
      vertex -43 28 0
      vertex 43 28 0
    endloop
  endfacet
  facet normal 0 0 -1
    outer loop
      vertex -37.3742 23.7607 0
      vertex -43 28 0
      vertex -37.1881 23.7901 0
    endloop
  endfacet
  facet normal 0 0 -1
    outer loop
      vertex -37.5562 23.7119 0
      vertex -43 28 0
      vertex -37.3742 23.7607 0
    endloop
  endfacet
  facet normal 0 0 -1
    outer loop
      vertex -37.7321 23.6444 0
      vertex -43 28 0
      vertex -37.5562 23.7119 0
    endloop
  endfacet
  facet normal 0 0 -1
    outer loop
      vertex -37.9 23.5588 0
      vertex -43 28 0
      vertex -37.7321 23.6444 0
    endloop
  endfacet
  facet normal 0 0 -1
    outer loop
      vertex -38.058 23.4562 0
      vertex -43 28 0
      vertex -37.9 23.5588 0
    endloop
  endfacet
  facet normal 0 0 -1
    outer loop
      vertex -38.2044 23.3377 0
      vertex -43 28 0
      vertex -38.058 23.4562 0
    endloop
  endfacet
  facet normal 0 0 -1
    outer loop
      vertex -38.3377 23.2044 0
      vertex -43 28 0
      vertex -38.2044 23.3377 0
    endloop
  endfacet
  facet normal 0 0 -1
    outer loop
      vertex -38.4562 23.058 0
      vertex -43 28 0
      vertex -38.3377 23.2044 0
    endloop
  endfacet
  facet normal 0 0 -1
    outer loop
      vertex -38.5588 22.9 0
      vertex -43 28 0
      vertex -38.4562 23.058 0
    endloop
  endfacet
  facet normal 0 0 -1
    outer loop
      vertex -38.6444 22.7321 0
      vertex -43 28 0
      vertex -38.5588 22.9 0
    endloop
  endfacet
  facet normal 0 0 -1
    outer loop
      vertex -38.7119 22.5562 0
      vertex -43 28 0
      vertex -38.6444 22.7321 0
    endloop
  endfacet
  facet normal 0 0 -1
    outer loop
      vertex -38.7607 22.3742 0
      vertex -43 28 0
      vertex -38.7119 22.5562 0
    endloop
  endfacet
  facet normal 0 0 -1
    outer loop
      vertex -38.7901 22.1882 0
      vertex -43 28 0
      vertex -38.7607 22.3742 0
    endloop
  endfacet
  facet normal 0 0 -1
    outer loop
      vertex -38.8 22 0
      vertex -43 28 0
      vertex -38.7901 22.1882 0
    endloop
  endfacet
  facet normal -1 0 0
    outer loop
      vertex -31 -18 2.5
      vertex -31 18 10.5
      vertex -31 18 2.5
    endloop
  endfacet
  facet normal -1 -0 0
    outer loop
      vertex -31 18 10.5
      vertex -31 -18 2.5
      vertex -31 -18 10.5
    endloop
  endfacet
  facet normal 0 1 -0
    outer loop
      vertex 31 18 2.5
      vertex -31 18 10.5
      vertex 31 18 10.5
    endloop
  endfacet
  facet normal 0 1 0
    outer loop
      vertex -31 18 10.5
      vertex 31 18 2.5
      vertex -31 18 2.5
    endloop
  endfacet
  facet normal 0 -1 0
    outer loop
      vertex -31 -18 2.5
      vertex 31 -18 10.5
      vertex -31 -18 10.5
    endloop
  endfacet
  facet normal 0 -1 -0
    outer loop
      vertex 31 -18 10.5
      vertex -31 -18 2.5
      vertex 31 -18 2.5
    endloop
  endfacet
  facet normal -1 0 0
    outer loop
      vertex 29 -16 2.5
      vertex 29 16 10.5
      vertex 29 16 2.5
    endloop
  endfacet
  facet normal -1 -0 0
    outer loop
      vertex 29 16 10.5
      vertex 29 -16 2.5
      vertex 29 -16 10.5
    endloop
  endfacet
  facet normal -0 0 1
    outer loop
      vertex -35.2881 21.4438 2.5
      vertex -31 18 2.5
      vertex -35.2393 21.6258 2.5
    endloop
  endfacet
  facet normal 0 0 1
    outer loop
      vertex -31 -18 2.5
      vertex -35.2099 -21.8118 2.5
      vertex -35.2 -22 2.5
    endloop
  endfacet
  facet normal -0 0 1
    outer loop
      vertex -35.3556 21.2679 2.5
      vertex -31 18 2.5
      vertex -35.2881 21.4438 2.5
    endloop
  endfacet
  facet normal 0 0 1
    outer loop
      vertex -31 -18 2.5
      vertex -35.2393 -21.6258 2.5
      vertex -35.2099 -21.8118 2.5
    endloop
  endfacet
  facet normal -0 0 1
    outer loop
      vertex -35.4412 21.1 2.5
      vertex -31 18 2.5
      vertex -35.3556 21.2679 2.5
    endloop
  endfacet
  facet normal 0 0 1
    outer loop
      vertex -31 -18 2.5
      vertex -35.2881 -21.4438 2.5
      vertex -35.2393 -21.6258 2.5
    endloop
  endfacet
  facet normal -0 0 1
    outer loop
      vertex -35.5438 20.942 2.5
      vertex -31 18 2.5
      vertex -35.4412 21.1 2.5
    endloop
  endfacet
  facet normal 0 0 1
    outer loop
      vertex -31 -18 2.5
      vertex -35.3556 -21.2679 2.5
      vertex -35.2881 -21.4438 2.5
    endloop
  endfacet
  facet normal -0 0 1
    outer loop
      vertex -35.6623 20.7956 2.5
      vertex -31 18 2.5
      vertex -35.5438 20.942 2.5
    endloop
  endfacet
  facet normal 0 0 1
    outer loop
      vertex -31 -18 2.5
      vertex -35.4412 -21.1 2.5
      vertex -35.3556 -21.2679 2.5
    endloop
  endfacet
  facet normal -0 0 1
    outer loop
      vertex -35.7956 20.6623 2.5
      vertex -31 18 2.5
      vertex -35.6623 20.7956 2.5
    endloop
  endfacet
  facet normal 0 0 1
    outer loop
      vertex -31 -18 2.5
      vertex -35.5438 -20.942 2.5
      vertex -35.4412 -21.1 2.5
    endloop
  endfacet
  facet normal -0 0 1
    outer loop
      vertex -35.942 20.5438 2.5
      vertex -31 18 2.5
      vertex -35.7956 20.6623 2.5
    endloop
  endfacet
  facet normal 0 0 1
    outer loop
      vertex -31 -18 2.5
      vertex -35.6623 -20.7956 2.5
      vertex -35.5438 -20.942 2.5
    endloop
  endfacet
  facet normal -0 0 1
    outer loop
      vertex -36.1 20.4412 2.5
      vertex -31 18 2.5
      vertex -35.942 20.5438 2.5
    endloop
  endfacet
  facet normal 0 0 1
    outer loop
      vertex -31 -18 2.5
      vertex -35.7956 -20.6623 2.5
      vertex -35.6623 -20.7956 2.5
    endloop
  endfacet
  facet normal -0 0 1
    outer loop
      vertex -36.2679 20.3556 2.5
      vertex -31 18 2.5
      vertex -36.1 20.4412 2.5
    endloop
  endfacet
  facet normal 0 0 1
    outer loop
      vertex -31 -18 2.5
      vertex -35.942 -20.5438 2.5
      vertex -35.7956 -20.6623 2.5
    endloop
  endfacet
  facet normal -0 0 1
    outer loop
      vertex -36.4438 20.2881 2.5
      vertex -31 18 2.5
      vertex -36.2679 20.3556 2.5
    endloop
  endfacet
  facet normal 0 0 1
    outer loop
      vertex -31 -18 2.5
      vertex -36.1 -20.4412 2.5
      vertex -35.942 -20.5438 2.5
    endloop
  endfacet
  facet normal -0 0 1
    outer loop
      vertex -36.6258 20.2393 2.5
      vertex -31 18 2.5
      vertex -36.4438 20.2881 2.5
    endloop
  endfacet
  facet normal 0 0 1
    outer loop
      vertex -31 -18 2.5
      vertex -36.2679 -20.3556 2.5
      vertex -36.1 -20.4412 2.5
    endloop
  endfacet
  facet normal -0 0 1
    outer loop
      vertex -36.8118 20.2099 2.5
      vertex -31 18 2.5
      vertex -36.6258 20.2393 2.5
    endloop
  endfacet
  facet normal 0 0 1
    outer loop
      vertex -31 -18 2.5
      vertex -36.4438 -20.2881 2.5
      vertex -36.2679 -20.3556 2.5
    endloop
  endfacet
  facet normal -0 0 1
    outer loop
      vertex -37 20.2 2.5
      vertex -31 18 2.5
      vertex -36.8118 20.2099 2.5
    endloop
  endfacet
  facet normal 0 0 1
    outer loop
      vertex -31 -18 2.5
      vertex -36.6258 -20.2393 2.5
      vertex -36.4438 -20.2881 2.5
    endloop
  endfacet
  facet normal 0 0 1
    outer loop
      vertex -37.1881 20.2099 2.5
      vertex -31 18 2.5
      vertex -37 20.2 2.5
    endloop
  endfacet
  facet normal 0 0 1
    outer loop
      vertex -31 -18 2.5
      vertex -36.8118 -20.2099 2.5
      vertex -36.6258 -20.2393 2.5
    endloop
  endfacet
  facet normal 0 0 1
    outer loop
      vertex -37.3742 20.2393 2.5
      vertex -31 18 2.5
      vertex -37.1881 20.2099 2.5
    endloop
  endfacet
  facet normal 0 0 1
    outer loop
      vertex -31 -18 2.5
      vertex -37 -20.2 2.5
      vertex -36.8118 -20.2099 2.5
    endloop
  endfacet
  facet normal 0 0 1
    outer loop
      vertex -31 18 2.5
      vertex -37.3742 20.2393 2.5
      vertex -31 -18 2.5
    endloop
  endfacet
  facet normal 0 0 1
    outer loop
      vertex -31 -18 2.5
      vertex -37.1881 -20.2099 2.5
      vertex -37 -20.2 2.5
    endloop
  endfacet
  facet normal 0 0 1
    outer loop
      vertex -37.3742 -20.2393 2.5
      vertex -31 -18 2.5
      vertex -37.3742 20.2393 2.5
    endloop
  endfacet
  facet normal 0 0 1
    outer loop
      vertex -31 -18 2.5
      vertex -37.3742 -20.2393 2.5
      vertex -37.1881 -20.2099 2.5
    endloop
  endfacet
  facet normal 0 0 1
    outer loop
      vertex -37.5562 20.2881 2.5
      vertex -37.3742 -20.2393 2.5
      vertex -37.3742 20.2393 2.5
    endloop
  endfacet
  facet normal 0 0 1
    outer loop
      vertex -37.5562 20.2881 2.5
      vertex -37.5562 -20.2881 2.5
      vertex -37.3742 -20.2393 2.5
    endloop
  endfacet
  facet normal 0 0 1
    outer loop
      vertex -37.7321 20.3556 2.5
      vertex -37.5562 -20.2881 2.5
      vertex -37.5562 20.2881 2.5
    endloop
  endfacet
  facet normal 0 0 1
    outer loop
      vertex -37.7321 20.3556 2.5
      vertex -37.7321 -20.3556 2.5
      vertex -37.5562 -20.2881 2.5
    endloop
  endfacet
  facet normal 0 0 1
    outer loop
      vertex -37.9 20.4412 2.5
      vertex -37.7321 -20.3556 2.5
      vertex -37.7321 20.3556 2.5
    endloop
  endfacet
  facet normal 0 0 1
    outer loop
      vertex -37.9 20.4412 2.5
      vertex -37.9 -20.4412 2.5
      vertex -37.7321 -20.3556 2.5
    endloop
  endfacet
  facet normal 0 0 1
    outer loop
      vertex -38.058 20.5438 2.5
      vertex -37.9 -20.4412 2.5
      vertex -37.9 20.4412 2.5
    endloop
  endfacet
  facet normal 0 0 1
    outer loop
      vertex -38.058 20.5438 2.5
      vertex -38.058 -20.5438 2.5
      vertex -37.9 -20.4412 2.5
    endloop
  endfacet
  facet normal 0 0 1
    outer loop
      vertex -38.2044 20.6623 2.5
      vertex -38.058 -20.5438 2.5
      vertex -38.058 20.5438 2.5
    endloop
  endfacet
  facet normal 0 0 1
    outer loop
      vertex -38.2044 20.6623 2.5
      vertex -38.2044 -20.6623 2.5
      vertex -38.058 -20.5438 2.5
    endloop
  endfacet
  facet normal 0 0 1
    outer loop
      vertex -38.3377 20.7956 2.5
      vertex -38.2044 -20.6623 2.5
      vertex -38.2044 20.6623 2.5
    endloop
  endfacet
  facet normal 0 0 1
    outer loop
      vertex -38.3377 20.7956 2.5
      vertex -38.3377 -20.7956 2.5
      vertex -38.2044 -20.6623 2.5
    endloop
  endfacet
  facet normal 0 0 1
    outer loop
      vertex -38.4562 20.942 2.5
      vertex -38.3377 -20.7956 2.5
      vertex -38.3377 20.7956 2.5
    endloop
  endfacet
  facet normal 0 0 1
    outer loop
      vertex -38.4562 20.942 2.5
      vertex -38.4562 -20.942 2.5
      vertex -38.3377 -20.7956 2.5
    endloop
  endfacet
  facet normal 0 0 1
    outer loop
      vertex -38.5588 21.1 2.5
      vertex -38.4562 -20.942 2.5
      vertex -38.4562 20.942 2.5
    endloop
  endfacet
  facet normal 0 0 1
    outer loop
      vertex -38.5588 21.1 2.5
      vertex -38.5588 -21.1 2.5
      vertex -38.4562 -20.942 2.5
    endloop
  endfacet
  facet normal 0 0 1
    outer loop
      vertex -43 28 2.5
      vertex -38.5588 21.1 2.5
      vertex -38.6444 21.2679 2.5
    endloop
  endfacet
  facet normal 0 0 1
    outer loop
      vertex -38.5588 21.1 2.5
      vertex -43 28 2.5
      vertex -38.5588 -21.1 2.5
    endloop
  endfacet
  facet normal 0 0 1
    outer loop
      vertex -43 28 2.5
      vertex -38.6444 21.2679 2.5
      vertex -38.7119 21.4438 2.5
    endloop
  endfacet
  facet normal 0 0 1
    outer loop
      vertex -43 -28 2.5
      vertex -38.5588 -21.1 2.5
      vertex -43 28 2.5
    endloop
  endfacet
  facet normal 0 0 1
    outer loop
      vertex -43 28 2.5
      vertex -38.7119 21.4438 2.5
      vertex -38.7607 21.6258 2.5
    endloop
  endfacet
  facet normal 0 0 1
    outer loop
      vertex -38.5588 -21.1 2.5
      vertex -43 -28 2.5
      vertex -38.6444 -21.2679 2.5
    endloop
  endfacet
  facet normal 0 0 1
    outer loop
      vertex -43 28 2.5
      vertex -38.7607 21.6258 2.5
      vertex -38.7901 21.8118 2.5
    endloop
  endfacet
  facet normal 0 0 1
    outer loop
      vertex -38.6444 -21.2679 2.5
      vertex -43 -28 2.5
      vertex -38.7119 -21.4438 2.5
    endloop
  endfacet
  facet normal 0 0 1
    outer loop
      vertex -43 28 2.5
      vertex -38.7901 21.8118 2.5
      vertex -38.8 22 2.5
    endloop
  endfacet
  facet normal 0 0 1
    outer loop
      vertex -38.7119 -21.4438 2.5
      vertex -43 -28 2.5
      vertex -38.7607 -21.6258 2.5
    endloop
  endfacet
  facet normal 0 0 1
    outer loop
      vertex 38.7119 21.4438 2.5
      vertex 43 28 2.5
      vertex 38.7607 21.6258 2.5
    endloop
  endfacet
  facet normal 0 0 1
    outer loop
      vertex 43 -28 2.5
      vertex 38.7901 -21.8118 2.5
      vertex 38.8 -22 2.5
    endloop
  endfacet
  facet normal 0 0 1
    outer loop
      vertex 38.6444 21.2679 2.5
      vertex 43 28 2.5
      vertex 38.7119 21.4438 2.5
    endloop
  endfacet
  facet normal 0 0 1
    outer loop
      vertex 43 -28 2.5
      vertex 38.7607 -21.6258 2.5
      vertex 38.7901 -21.8118 2.5
    endloop
  endfacet
  facet normal 0 0 1
    outer loop
      vertex 38.5588 21.1 2.5
      vertex 43 28 2.5
      vertex 38.6444 21.2679 2.5
    endloop
  endfacet
  facet normal 0 0 1
    outer loop
      vertex 43 -28 2.5
      vertex 38.7119 -21.4438 2.5
      vertex 38.7607 -21.6258 2.5
    endloop
  endfacet
  facet normal 0 0 1
    outer loop
      vertex 43 28 2.5
      vertex 38.5588 21.1 2.5
      vertex 43 -28 2.5
    endloop
  endfacet
  facet normal 0 0 1
    outer loop
      vertex 43 -28 2.5
      vertex 38.6444 -21.2679 2.5
      vertex 38.7119 -21.4438 2.5
    endloop
  endfacet
  facet normal -0 0 1
    outer loop
      vertex 38.5588 -21.1 2.5
      vertex 43 -28 2.5
      vertex 38.5588 21.1 2.5
    endloop
  endfacet
  facet normal 0 0 1
    outer loop
      vertex 43 -28 2.5
      vertex 38.5588 -21.1 2.5
      vertex 38.6444 -21.2679 2.5
    endloop
  endfacet
  facet normal -0 0 1
    outer loop
      vertex 38.4562 20.942 2.5
      vertex 38.5588 -21.1 2.5
      vertex 38.5588 21.1 2.5
    endloop
  endfacet
  facet normal 0 0 1
    outer loop
      vertex 38.4562 20.942 2.5
      vertex 38.4562 -20.942 2.5
      vertex 38.5588 -21.1 2.5
    endloop
  endfacet
  facet normal -0 0 1
    outer loop
      vertex 38.3377 20.7956 2.5
      vertex 38.4562 -20.942 2.5
      vertex 38.4562 20.942 2.5
    endloop
  endfacet
  facet normal 0 0 1
    outer loop
      vertex 38.3377 20.7956 2.5
      vertex 38.3377 -20.7956 2.5
      vertex 38.4562 -20.942 2.5
    endloop
  endfacet
  facet normal -0 0 1
    outer loop
      vertex 38.2044 20.6623 2.5
      vertex 38.3377 -20.7956 2.5
      vertex 38.3377 20.7956 2.5
    endloop
  endfacet
  facet normal 0 0 1
    outer loop
      vertex 38.2044 20.6623 2.5
      vertex 38.2044 -20.6623 2.5
      vertex 38.3377 -20.7956 2.5
    endloop
  endfacet
  facet normal -0 0 1
    outer loop
      vertex 38.058 20.5438 2.5
      vertex 38.2044 -20.6623 2.5
      vertex 38.2044 20.6623 2.5
    endloop
  endfacet
  facet normal 0 0 1
    outer loop
      vertex 38.058 20.5438 2.5
      vertex 38.058 -20.5438 2.5
      vertex 38.2044 -20.6623 2.5
    endloop
  endfacet
  facet normal -0 0 1
    outer loop
      vertex 37.9 20.4412 2.5
      vertex 38.058 -20.5438 2.5
      vertex 38.058 20.5438 2.5
    endloop
  endfacet
  facet normal 0 0 1
    outer loop
      vertex 37.9 20.4412 2.5
      vertex 37.9 -20.4412 2.5
      vertex 38.058 -20.5438 2.5
    endloop
  endfacet
  facet normal -0 0 1
    outer loop
      vertex 37.7321 20.3556 2.5
      vertex 37.9 -20.4412 2.5
      vertex 37.9 20.4412 2.5
    endloop
  endfacet
  facet normal 0 0 1
    outer loop
      vertex 37.7321 20.3556 2.5
      vertex 37.7321 -20.3556 2.5
      vertex 37.9 -20.4412 2.5
    endloop
  endfacet
  facet normal -0 0 1
    outer loop
      vertex 37.5562 20.2881 2.5
      vertex 37.7321 -20.3556 2.5
      vertex 37.7321 20.3556 2.5
    endloop
  endfacet
  facet normal 0 0 1
    outer loop
      vertex 37.5562 20.2881 2.5
      vertex 37.5562 -20.2881 2.5
      vertex 37.7321 -20.3556 2.5
    endloop
  endfacet
  facet normal -0 0 1
    outer loop
      vertex 37.3742 20.2393 2.5
      vertex 37.5562 -20.2881 2.5
      vertex 37.5562 20.2881 2.5
    endloop
  endfacet
  facet normal 0 0 1
    outer loop
      vertex 37.3742 20.2393 2.5
      vertex 37.3742 -20.2393 2.5
      vertex 37.5562 -20.2881 2.5
    endloop
  endfacet
  facet normal 0 0 1
    outer loop
      vertex 31 18 2.5
      vertex 37.3742 20.2393 2.5
      vertex 37.1881 20.2099 2.5
    endloop
  endfacet
  facet normal 0 0 1
    outer loop
      vertex 37.3742 20.2393 2.5
      vertex 31 18 2.5
      vertex 37.3742 -20.2393 2.5
    endloop
  endfacet
  facet normal 0 0 1
    outer loop
      vertex 31 18 2.5
      vertex 37.1881 20.2099 2.5
      vertex 37 20.2 2.5
    endloop
  endfacet
  facet normal -0 0 1
    outer loop
      vertex 31 -18 2.5
      vertex 37.3742 -20.2393 2.5
      vertex 31 18 2.5
    endloop
  endfacet
  facet normal 0 0 1
    outer loop
      vertex 31 18 2.5
      vertex 37 20.2 2.5
      vertex 36.8118 20.2099 2.5
    endloop
  endfacet
  facet normal 0 0 1
    outer loop
      vertex 37.3742 -20.2393 2.5
      vertex 31 -18 2.5
      vertex 37.1881 -20.2099 2.5
    endloop
  endfacet
  facet normal 0 0 1
    outer loop
      vertex 31 18 2.5
      vertex 36.8118 20.2099 2.5
      vertex 36.6258 20.2393 2.5
    endloop
  endfacet
  facet normal 0 0 1
    outer loop
      vertex 37.1881 -20.2099 2.5
      vertex 31 -18 2.5
      vertex 37 -20.2 2.5
    endloop
  endfacet
  facet normal 0 0 1
    outer loop
      vertex 31 18 2.5
      vertex 36.6258 20.2393 2.5
      vertex 36.4438 20.2881 2.5
    endloop
  endfacet
  facet normal 0 0 1
    outer loop
      vertex 37 -20.2 2.5
      vertex 31 -18 2.5
      vertex 36.8118 -20.2099 2.5
    endloop
  endfacet
  facet normal 0 0 1
    outer loop
      vertex 31 18 2.5
      vertex 36.4438 20.2881 2.5
      vertex 36.2679 20.3556 2.5
    endloop
  endfacet
  facet normal 0 0 1
    outer loop
      vertex 36.8118 -20.2099 2.5
      vertex 31 -18 2.5
      vertex 36.6258 -20.2393 2.5
    endloop
  endfacet
  facet normal 0 0 1
    outer loop
      vertex 31 18 2.5
      vertex 36.2679 20.3556 2.5
      vertex 36.1 20.4412 2.5
    endloop
  endfacet
  facet normal 0 0 1
    outer loop
      vertex 36.6258 -20.2393 2.5
      vertex 31 -18 2.5
      vertex 36.4438 -20.2881 2.5
    endloop
  endfacet
  facet normal 0 0 1
    outer loop
      vertex 31 18 2.5
      vertex 36.1 20.4412 2.5
      vertex 35.942 20.5438 2.5
    endloop
  endfacet
  facet normal 0 0 1
    outer loop
      vertex 36.4438 -20.2881 2.5
      vertex 31 -18 2.5
      vertex 36.2679 -20.3556 2.5
    endloop
  endfacet
  facet normal 0 0 1
    outer loop
      vertex 31 18 2.5
      vertex 35.942 20.5438 2.5
      vertex 35.7956 20.6623 2.5
    endloop
  endfacet
  facet normal 0 0 1
    outer loop
      vertex 36.2679 -20.3556 2.5
      vertex 31 -18 2.5
      vertex 36.1 -20.4412 2.5
    endloop
  endfacet
  facet normal 0 0 1
    outer loop
      vertex 31 18 2.5
      vertex 35.7956 20.6623 2.5
      vertex 35.6623 20.7956 2.5
    endloop
  endfacet
  facet normal 0 0 1
    outer loop
      vertex 36.1 -20.4412 2.5
      vertex 31 -18 2.5
      vertex 35.942 -20.5438 2.5
    endloop
  endfacet
  facet normal 0 0 1
    outer loop
      vertex 31 18 2.5
      vertex 35.6623 20.7956 2.5
      vertex 35.5438 20.942 2.5
    endloop
  endfacet
  facet normal 0 0 1
    outer loop
      vertex 35.942 -20.5438 2.5
      vertex 31 -18 2.5
      vertex 35.7956 -20.6623 2.5
    endloop
  endfacet
  facet normal 0 0 1
    outer loop
      vertex 31 18 2.5
      vertex 35.5438 20.942 2.5
      vertex 35.4412 21.1 2.5
    endloop
  endfacet
  facet normal 0 0 1
    outer loop
      vertex 35.7956 -20.6623 2.5
      vertex 31 -18 2.5
      vertex 35.6623 -20.7956 2.5
    endloop
  endfacet
  facet normal 0 0 1
    outer loop
      vertex 31 18 2.5
      vertex 35.4412 21.1 2.5
      vertex 35.3556 21.2679 2.5
    endloop
  endfacet
  facet normal 0 0 1
    outer loop
      vertex 35.6623 -20.7956 2.5
      vertex 31 -18 2.5
      vertex 35.5438 -20.942 2.5
    endloop
  endfacet
  facet normal 0 0 1
    outer loop
      vertex 31 18 2.5
      vertex 35.3556 21.2679 2.5
      vertex 35.2881 21.4438 2.5
    endloop
  endfacet
  facet normal 0 0 1
    outer loop
      vertex 35.5438 -20.942 2.5
      vertex 31 -18 2.5
      vertex 35.4412 -21.1 2.5
    endloop
  endfacet
  facet normal 0 0 1
    outer loop
      vertex 31 18 2.5
      vertex 35.2881 21.4438 2.5
      vertex 35.2393 21.6258 2.5
    endloop
  endfacet
  facet normal 0 0 1
    outer loop
      vertex 35.4412 -21.1 2.5
      vertex 31 -18 2.5
      vertex 35.3556 -21.2679 2.5
    endloop
  endfacet
  facet normal 0 0 1
    outer loop
      vertex 31 18 2.5
      vertex 35.2393 21.6258 2.5
      vertex 35.2099 21.8118 2.5
    endloop
  endfacet
  facet normal 0 0 1
    outer loop
      vertex 35.3556 -21.2679 2.5
      vertex 31 -18 2.5
      vertex 35.2881 -21.4438 2.5
    endloop
  endfacet
  facet normal 0 0 1
    outer loop
      vertex 31 18 2.5
      vertex 35.2099 21.8118 2.5
      vertex 35.2 22 2.5
    endloop
  endfacet
  facet normal 0 0 1
    outer loop
      vertex 35.2881 -21.4438 2.5
      vertex 31 -18 2.5
      vertex 35.2393 -21.6258 2.5
    endloop
  endfacet
  facet normal 0 0 1
    outer loop
      vertex 38.7901 21.8118 2.5
      vertex 43 28 2.5
      vertex 38.8 22 2.5
    endloop
  endfacet
  facet normal 0 0 1
    outer loop
      vertex 43 28 2.5
      vertex 38.7901 22.1882 2.5
      vertex 38.8 22 2.5
    endloop
  endfacet
  facet normal 0 0 1
    outer loop
      vertex 43 28 2.5
      vertex 38.7607 22.3742 2.5
      vertex 38.7901 22.1882 2.5
    endloop
  endfacet
  facet normal 0 0 1
    outer loop
      vertex 43 28 2.5
      vertex 38.7119 22.5562 2.5
      vertex 38.7607 22.3742 2.5
    endloop
  endfacet
  facet normal 0 0 1
    outer loop
      vertex 43 28 2.5
      vertex 38.6444 22.7321 2.5
      vertex 38.7119 22.5562 2.5
    endloop
  endfacet
  facet normal 0 0 1
    outer loop
      vertex 43 28 2.5
      vertex 38.5588 22.9 2.5
      vertex 38.6444 22.7321 2.5
    endloop
  endfacet
  facet normal 0 0 1
    outer loop
      vertex 43 28 2.5
      vertex 38.4562 23.058 2.5
      vertex 38.5588 22.9 2.5
    endloop
  endfacet
  facet normal 0 0 1
    outer loop
      vertex 43 28 2.5
      vertex 38.3377 23.2044 2.5
      vertex 38.4562 23.058 2.5
    endloop
  endfacet
  facet normal 0 0 1
    outer loop
      vertex 43 28 2.5
      vertex 38.2044 23.3377 2.5
      vertex 38.3377 23.2044 2.5
    endloop
  endfacet
  facet normal 0 0 1
    outer loop
      vertex 43 28 2.5
      vertex 38.058 23.4562 2.5
      vertex 38.2044 23.3377 2.5
    endloop
  endfacet
  facet normal 0 0 1
    outer loop
      vertex 43 28 2.5
      vertex 37.9 23.5588 2.5
      vertex 38.058 23.4562 2.5
    endloop
  endfacet
  facet normal 0 0 1
    outer loop
      vertex 43 28 2.5
      vertex 37.7321 23.6444 2.5
      vertex 37.9 23.5588 2.5
    endloop
  endfacet
  facet normal 0 0 1
    outer loop
      vertex 43 28 2.5
      vertex 37.5562 23.7119 2.5
      vertex 37.7321 23.6444 2.5
    endloop
  endfacet
  facet normal 0 0 1
    outer loop
      vertex 43 28 2.5
      vertex 37.3742 23.7607 2.5
      vertex 37.5562 23.7119 2.5
    endloop
  endfacet
  facet normal 0 0 1
    outer loop
      vertex 43 28 2.5
      vertex 37.1881 23.7901 2.5
      vertex 37.3742 23.7607 2.5
    endloop
  endfacet
  facet normal 0 0 1
    outer loop
      vertex 43 28 2.5
      vertex 37 23.8 2.5
      vertex 37.1881 23.7901 2.5
    endloop
  endfacet
  facet normal 0 0 1
    outer loop
      vertex 43 28 2.5
      vertex 36.8118 23.7901 2.5
      vertex 37 23.8 2.5
    endloop
  endfacet
  facet normal 0 0 1
    outer loop
      vertex 43 28 2.5
      vertex 36.6258 23.7607 2.5
      vertex 36.8118 23.7901 2.5
    endloop
  endfacet
  facet normal 0 0 1
    outer loop
      vertex 43 28 2.5
      vertex 36.4438 23.7119 2.5
      vertex 36.6258 23.7607 2.5
    endloop
  endfacet
  facet normal 0 0 1
    outer loop
      vertex 43 28 2.5
      vertex 36.2679 23.6444 2.5
      vertex 36.4438 23.7119 2.5
    endloop
  endfacet
  facet normal 0 0 1
    outer loop
      vertex 43 28 2.5
      vertex 36.1 23.5588 2.5
      vertex 36.2679 23.6444 2.5
    endloop
  endfacet
  facet normal 0 0 1
    outer loop
      vertex 35.2393 -21.6258 2.5
      vertex 31 -18 2.5
      vertex 35.2099 -21.8118 2.5
    endloop
  endfacet
  facet normal 0 0 1
    outer loop
      vertex 35.2099 22.1882 2.5
      vertex 31 18 2.5
      vertex 35.2 22 2.5
    endloop
  endfacet
  facet normal 0 0 1
    outer loop
      vertex 35.2393 22.3742 2.5
      vertex 31 18 2.5
      vertex 35.2099 22.1882 2.5
    endloop
  endfacet
  facet normal 0 0 1
    outer loop
      vertex 35.2881 22.5562 2.5
      vertex 31 18 2.5
      vertex 35.2393 22.3742 2.5
    endloop
  endfacet
  facet normal 0 0 1
    outer loop
      vertex 35.3556 22.7321 2.5
      vertex 31 18 2.5
      vertex 35.2881 22.5562 2.5
    endloop
  endfacet
  facet normal 0 0 1
    outer loop
      vertex 35.4412 22.9 2.5
      vertex 31 18 2.5
      vertex 35.3556 22.7321 2.5
    endloop
  endfacet
  facet normal 0 0 1
    outer loop
      vertex 35.5438 23.058 2.5
      vertex 31 18 2.5
      vertex 35.4412 22.9 2.5
    endloop
  endfacet
  facet normal 0 0 1
    outer loop
      vertex -35.5438 23.058 2.5
      vertex 35.5438 23.058 2.5
      vertex 35.6623 23.2044 2.5
    endloop
  endfacet
  facet normal 0 0 1
    outer loop
      vertex 35.5438 23.058 2.5
      vertex -31 18 2.5
      vertex 31 18 2.5
    endloop
  endfacet
  facet normal 0 0 1
    outer loop
      vertex -35.6623 23.2044 2.5
      vertex 35.6623 23.2044 2.5
      vertex 35.7956 23.3377 2.5
    endloop
  endfacet
  facet normal 0 0 1
    outer loop
      vertex -35.7956 23.3377 2.5
      vertex 35.7956 23.3377 2.5
      vertex 35.942 23.4562 2.5
    endloop
  endfacet
  facet normal 0 0 1
    outer loop
      vertex -35.942 23.4562 2.5
      vertex 35.942 23.4562 2.5
      vertex 36.1 23.5588 2.5
    endloop
  endfacet
  facet normal 0 0 1
    outer loop
      vertex -36.1 23.5588 2.5
      vertex 36.1 23.5588 2.5
      vertex 43 28 2.5
    endloop
  endfacet
  facet normal -0 0 1
    outer loop
      vertex -35.2099 21.8118 2.5
      vertex -31 18 2.5
      vertex -35.2 22 2.5
    endloop
  endfacet
  facet normal 0 0 1
    outer loop
      vertex 35.5438 23.058 2.5
      vertex -35.5438 23.058 2.5
      vertex -31 18 2.5
    endloop
  endfacet
  facet normal 0 0 1
    outer loop
      vertex -31 18 2.5
      vertex -35.2099 22.1882 2.5
      vertex -35.2 22 2.5
    endloop
  endfacet
  facet normal 0 0 1
    outer loop
      vertex -31 18 2.5
      vertex -35.2393 22.3742 2.5
      vertex -35.2099 22.1882 2.5
    endloop
  endfacet
  facet normal 0 0 1
    outer loop
      vertex -31 18 2.5
      vertex -35.2881 22.5562 2.5
      vertex -35.2393 22.3742 2.5
    endloop
  endfacet
  facet normal 0 0 1
    outer loop
      vertex -31 18 2.5
      vertex -35.3556 22.7321 2.5
      vertex -35.2881 22.5562 2.5
    endloop
  endfacet
  facet normal 0 0 1
    outer loop
      vertex -31 18 2.5
      vertex -35.4412 22.9 2.5
      vertex -35.3556 22.7321 2.5
    endloop
  endfacet
  facet normal 0 0 1
    outer loop
      vertex -31 18 2.5
      vertex -35.5438 23.058 2.5
      vertex -35.4412 22.9 2.5
    endloop
  endfacet
  facet normal 0 0 1
    outer loop
      vertex 35.6623 23.2044 2.5
      vertex -35.6623 23.2044 2.5
      vertex -35.5438 23.058 2.5
    endloop
  endfacet
  facet normal 0 0 1
    outer loop
      vertex 35.7956 23.3377 2.5
      vertex -35.7956 23.3377 2.5
      vertex -35.6623 23.2044 2.5
    endloop
  endfacet
  facet normal 0 0 1
    outer loop
      vertex 35.942 23.4562 2.5
      vertex -35.942 23.4562 2.5
      vertex -35.7956 23.3377 2.5
    endloop
  endfacet
  facet normal 0 0 1
    outer loop
      vertex 36.1 23.5588 2.5
      vertex -36.1 23.5588 2.5
      vertex -35.942 23.4562 2.5
    endloop
  endfacet
  facet normal -0 0 1
    outer loop
      vertex -43 28 2.5
      vertex -36.1 23.5588 2.5
      vertex 43 28 2.5
    endloop
  endfacet
  facet normal 0 0 1
    outer loop
      vertex -36.1 23.5588 2.5
      vertex -43 28 2.5
      vertex -36.2679 23.6444 2.5
    endloop
  endfacet
  facet normal 0 0 1
    outer loop
      vertex -36.2679 23.6444 2.5
      vertex -43 28 2.5
      vertex -36.4438 23.7119 2.5
    endloop
  endfacet
  facet normal 0 0 1
    outer loop
      vertex -36.4438 23.7119 2.5
      vertex -43 28 2.5
      vertex -36.6258 23.7607 2.5
    endloop
  endfacet
  facet normal 0 0 1
    outer loop
      vertex -36.6258 23.7607 2.5
      vertex -43 28 2.5
      vertex -36.8118 23.7901 2.5
    endloop
  endfacet
  facet normal 0 0 1
    outer loop
      vertex -36.8118 23.7901 2.5
      vertex -43 28 2.5
      vertex -37 23.8 2.5
    endloop
  endfacet
  facet normal 0 0 1
    outer loop
      vertex -38.7607 -21.6258 2.5
      vertex -43 -28 2.5
      vertex -38.7901 -21.8118 2.5
    endloop
  endfacet
  facet normal 0 0 1
    outer loop
      vertex -38.7901 22.1882 2.5
      vertex -43 28 2.5
      vertex -38.8 22 2.5
    endloop
  endfacet
  facet normal 0 0 1
    outer loop
      vertex -38.7607 22.3742 2.5
      vertex -43 28 2.5
      vertex -38.7901 22.1882 2.5
    endloop
  endfacet
  facet normal 0 0 1
    outer loop
      vertex -38.7119 22.5562 2.5
      vertex -43 28 2.5
      vertex -38.7607 22.3742 2.5
    endloop
  endfacet
  facet normal 0 0 1
    outer loop
      vertex -38.6444 22.7321 2.5
      vertex -43 28 2.5
      vertex -38.7119 22.5562 2.5
    endloop
  endfacet
  facet normal 0 0 1
    outer loop
      vertex -38.5588 22.9 2.5
      vertex -43 28 2.5
      vertex -38.6444 22.7321 2.5
    endloop
  endfacet
  facet normal 0 0 1
    outer loop
      vertex -38.4562 23.058 2.5
      vertex -43 28 2.5
      vertex -38.5588 22.9 2.5
    endloop
  endfacet
  facet normal 0 0 1
    outer loop
      vertex -38.3377 23.2044 2.5
      vertex -43 28 2.5
      vertex -38.4562 23.058 2.5
    endloop
  endfacet
  facet normal 0 0 1
    outer loop
      vertex -38.2044 23.3377 2.5
      vertex -43 28 2.5
      vertex -38.3377 23.2044 2.5
    endloop
  endfacet
  facet normal 0 0 1
    outer loop
      vertex -38.058 23.4562 2.5
      vertex -43 28 2.5
      vertex -38.2044 23.3377 2.5
    endloop
  endfacet
  facet normal 0 0 1
    outer loop
      vertex -37.9 23.5588 2.5
      vertex -43 28 2.5
      vertex -38.058 23.4562 2.5
    endloop
  endfacet
  facet normal 0 0 1
    outer loop
      vertex -37.7321 23.6444 2.5
      vertex -43 28 2.5
      vertex -37.9 23.5588 2.5
    endloop
  endfacet
  facet normal 0 0 1
    outer loop
      vertex -37.5562 23.7119 2.5
      vertex -43 28 2.5
      vertex -37.7321 23.6444 2.5
    endloop
  endfacet
  facet normal 0 0 1
    outer loop
      vertex -37.3742 23.7607 2.5
      vertex -43 28 2.5
      vertex -37.5562 23.7119 2.5
    endloop
  endfacet
  facet normal 0 0 1
    outer loop
      vertex -37.1881 23.7901 2.5
      vertex -43 28 2.5
      vertex -37.3742 23.7607 2.5
    endloop
  endfacet
  facet normal 0 0 1
    outer loop
      vertex -37 23.8 2.5
      vertex -43 28 2.5
      vertex -37.1881 23.7901 2.5
    endloop
  endfacet
  facet normal 0 0 1
    outer loop
      vertex 38.7607 21.6258 2.5
      vertex 43 28 2.5
      vertex 38.7901 21.8118 2.5
    endloop
  endfacet
  facet normal -0 0 1
    outer loop
      vertex 38.7901 -22.1882 2.5
      vertex 43 -28 2.5
      vertex 38.8 -22 2.5
    endloop
  endfacet
  facet normal -0 0 1
    outer loop
      vertex 38.7607 -22.3742 2.5
      vertex 43 -28 2.5
      vertex 38.7901 -22.1882 2.5
    endloop
  endfacet
  facet normal -0 0 1
    outer loop
      vertex 38.7119 -22.5562 2.5
      vertex 43 -28 2.5
      vertex 38.7607 -22.3742 2.5
    endloop
  endfacet
  facet normal -0 0 1
    outer loop
      vertex 38.6444 -22.7321 2.5
      vertex 43 -28 2.5
      vertex 38.7119 -22.5562 2.5
    endloop
  endfacet
  facet normal -0 0 1
    outer loop
      vertex 38.5588 -22.9 2.5
      vertex 43 -28 2.5
      vertex 38.6444 -22.7321 2.5
    endloop
  endfacet
  facet normal -0 0 1
    outer loop
      vertex 38.4562 -23.058 2.5
      vertex 43 -28 2.5
      vertex 38.5588 -22.9 2.5
    endloop
  endfacet
  facet normal -0 0 1
    outer loop
      vertex 38.3377 -23.2044 2.5
      vertex 43 -28 2.5
      vertex 38.4562 -23.058 2.5
    endloop
  endfacet
  facet normal -0 0 1
    outer loop
      vertex 38.2044 -23.3377 2.5
      vertex 43 -28 2.5
      vertex 38.3377 -23.2044 2.5
    endloop
  endfacet
  facet normal -0 0 1
    outer loop
      vertex 38.058 -23.4562 2.5
      vertex 43 -28 2.5
      vertex 38.2044 -23.3377 2.5
    endloop
  endfacet
  facet normal -0 0 1
    outer loop
      vertex 37.9 -23.5588 2.5
      vertex 43 -28 2.5
      vertex 38.058 -23.4562 2.5
    endloop
  endfacet
  facet normal -0 0 1
    outer loop
      vertex 37.7321 -23.6444 2.5
      vertex 43 -28 2.5
      vertex 37.9 -23.5588 2.5
    endloop
  endfacet
  facet normal -0 0 1
    outer loop
      vertex 37.5562 -23.7119 2.5
      vertex 43 -28 2.5
      vertex 37.7321 -23.6444 2.5
    endloop
  endfacet
  facet normal -0 0 1
    outer loop
      vertex 37.3742 -23.7607 2.5
      vertex 43 -28 2.5
      vertex 37.5562 -23.7119 2.5
    endloop
  endfacet
  facet normal -0 0 1
    outer loop
      vertex 37.1881 -23.7901 2.5
      vertex 43 -28 2.5
      vertex 37.3742 -23.7607 2.5
    endloop
  endfacet
  facet normal -0 0 1
    outer loop
      vertex 37 -23.8 2.5
      vertex 43 -28 2.5
      vertex 37.1881 -23.7901 2.5
    endloop
  endfacet
  facet normal 0 0 1
    outer loop
      vertex 36.8118 -23.7901 2.5
      vertex 43 -28 2.5
      vertex 37 -23.8 2.5
    endloop
  endfacet
  facet normal 0 0 1
    outer loop
      vertex 36.6258 -23.7607 2.5
      vertex 43 -28 2.5
      vertex 36.8118 -23.7901 2.5
    endloop
  endfacet
  facet normal 0 0 1
    outer loop
      vertex 36.4438 -23.7119 2.5
      vertex 43 -28 2.5
      vertex 36.6258 -23.7607 2.5
    endloop
  endfacet
  facet normal 0 0 1
    outer loop
      vertex 36.2679 -23.6444 2.5
      vertex 43 -28 2.5
      vertex 36.4438 -23.7119 2.5
    endloop
  endfacet
  facet normal 0 0 1
    outer loop
      vertex 36.1 -23.5588 2.5
      vertex 43 -28 2.5
      vertex 36.2679 -23.6444 2.5
    endloop
  endfacet
  facet normal 0 0 1
    outer loop
      vertex 35.2099 -21.8118 2.5
      vertex 31 -18 2.5
      vertex 35.2 -22 2.5
    endloop
  endfacet
  facet normal 0 0 1
    outer loop
      vertex 35.2 -22 2.5
      vertex 31 -18 2.5
      vertex 35.2099 -22.1882 2.5
    endloop
  endfacet
  facet normal 0 0 1
    outer loop
      vertex 31 -18 2.5
      vertex 35.2393 -22.3742 2.5
      vertex 35.2099 -22.1882 2.5
    endloop
  endfacet
  facet normal 0 0 1
    outer loop
      vertex 31 -18 2.5
      vertex 35.2881 -22.5562 2.5
      vertex 35.2393 -22.3742 2.5
    endloop
  endfacet
  facet normal 0 0 1
    outer loop
      vertex 31 -18 2.5
      vertex 35.3556 -22.7321 2.5
      vertex 35.2881 -22.5562 2.5
    endloop
  endfacet
  facet normal 0 0 1
    outer loop
      vertex 31 -18 2.5
      vertex 35.4412 -22.9 2.5
      vertex 35.3556 -22.7321 2.5
    endloop
  endfacet
  facet normal 0 0 1
    outer loop
      vertex 31 -18 2.5
      vertex 35.5438 -23.058 2.5
      vertex 35.4412 -22.9 2.5
    endloop
  endfacet
  facet normal -0 0 1
    outer loop
      vertex -31 -18 2.5
      vertex 35.5438 -23.058 2.5
      vertex 31 -18 2.5
    endloop
  endfacet
  facet normal 0 0 1
    outer loop
      vertex -35.5438 -23.058 2.5
      vertex 35.5438 -23.058 2.5
      vertex -31 -18 2.5
    endloop
  endfacet
  facet normal 0 0 1
    outer loop
      vertex 35.5438 -23.058 2.5
      vertex -35.5438 -23.058 2.5
      vertex 35.6623 -23.2044 2.5
    endloop
  endfacet
  facet normal 0 0 1
    outer loop
      vertex -35.6623 -23.2044 2.5
      vertex 35.6623 -23.2044 2.5
      vertex -35.5438 -23.058 2.5
    endloop
  endfacet
  facet normal 0 0 1
    outer loop
      vertex 35.6623 -23.2044 2.5
      vertex -35.6623 -23.2044 2.5
      vertex 35.7956 -23.3377 2.5
    endloop
  endfacet
  facet normal 0 0 1
    outer loop
      vertex -35.7956 -23.3377 2.5
      vertex 35.7956 -23.3377 2.5
      vertex -35.6623 -23.2044 2.5
    endloop
  endfacet
  facet normal -0 0 1
    outer loop
      vertex -35.2393 21.6258 2.5
      vertex -31 18 2.5
      vertex -35.2099 21.8118 2.5
    endloop
  endfacet
  facet normal 0 0 1
    outer loop
      vertex -35.2099 -22.1882 2.5
      vertex -31 -18 2.5
      vertex -35.2 -22 2.5
    endloop
  endfacet
  facet normal 0 0 1
    outer loop
      vertex -35.2393 -22.3742 2.5
      vertex -31 -18 2.5
      vertex -35.2099 -22.1882 2.5
    endloop
  endfacet
  facet normal 0 0 1
    outer loop
      vertex -35.2881 -22.5562 2.5
      vertex -31 -18 2.5
      vertex -35.2393 -22.3742 2.5
    endloop
  endfacet
  facet normal 0 0 1
    outer loop
      vertex -35.3556 -22.7321 2.5
      vertex -31 -18 2.5
      vertex -35.2881 -22.5562 2.5
    endloop
  endfacet
  facet normal 0 0 1
    outer loop
      vertex -35.4412 -22.9 2.5
      vertex -31 -18 2.5
      vertex -35.3556 -22.7321 2.5
    endloop
  endfacet
  facet normal 0 0 1
    outer loop
      vertex -35.5438 -23.058 2.5
      vertex -31 -18 2.5
      vertex -35.4412 -22.9 2.5
    endloop
  endfacet
  facet normal 0 0 1
    outer loop
      vertex 35.7956 -23.3377 2.5
      vertex -35.7956 -23.3377 2.5
      vertex 35.942 -23.4562 2.5
    endloop
  endfacet
  facet normal 0 0 1
    outer loop
      vertex -35.942 -23.4562 2.5
      vertex 35.942 -23.4562 2.5
      vertex -35.7956 -23.3377 2.5
    endloop
  endfacet
  facet normal 0 0 1
    outer loop
      vertex 35.942 -23.4562 2.5
      vertex -35.942 -23.4562 2.5
      vertex 36.1 -23.5588 2.5
    endloop
  endfacet
  facet normal 0 0 1
    outer loop
      vertex -36.1 -23.5588 2.5
      vertex 36.1 -23.5588 2.5
      vertex -35.942 -23.4562 2.5
    endloop
  endfacet
  facet normal 0 0 1
    outer loop
      vertex 36.1 -23.5588 2.5
      vertex -36.1 -23.5588 2.5
      vertex 43 -28 2.5
    endloop
  endfacet
  facet normal 0 0 1
    outer loop
      vertex -43 -28 2.5
      vertex -36.1 -23.5588 2.5
      vertex -36.2679 -23.6444 2.5
    endloop
  endfacet
  facet normal 0 0 1
    outer loop
      vertex -43 -28 2.5
      vertex -36.2679 -23.6444 2.5
      vertex -36.4438 -23.7119 2.5
    endloop
  endfacet
  facet normal 0 0 1
    outer loop
      vertex -43 -28 2.5
      vertex -36.4438 -23.7119 2.5
      vertex -36.6258 -23.7607 2.5
    endloop
  endfacet
  facet normal 0 0 1
    outer loop
      vertex -43 -28 2.5
      vertex -36.6258 -23.7607 2.5
      vertex -36.8118 -23.7901 2.5
    endloop
  endfacet
  facet normal 0 0 1
    outer loop
      vertex -43 -28 2.5
      vertex -36.8118 -23.7901 2.5
      vertex -37 -23.8 2.5
    endloop
  endfacet
  facet normal 0 0 1
    outer loop
      vertex -43 -28 2.5
      vertex -37 -23.8 2.5
      vertex -37.1881 -23.7901 2.5
    endloop
  endfacet
  facet normal 0 0 1
    outer loop
      vertex -38.7901 -21.8118 2.5
      vertex -43 -28 2.5
      vertex -38.8 -22 2.5
    endloop
  endfacet
  facet normal 0 0 1
    outer loop
      vertex -36.1 -23.5588 2.5
      vertex -43 -28 2.5
      vertex 43 -28 2.5
    endloop
  endfacet
  facet normal 0 0 1
    outer loop
      vertex -37.3742 -23.7607 2.5
      vertex -43 -28 2.5
      vertex -37.1881 -23.7901 2.5
    endloop
  endfacet
  facet normal 0 0 1
    outer loop
      vertex -37.5562 -23.7119 2.5
      vertex -43 -28 2.5
      vertex -37.3742 -23.7607 2.5
    endloop
  endfacet
  facet normal 0 0 1
    outer loop
      vertex -37.7321 -23.6444 2.5
      vertex -43 -28 2.5
      vertex -37.5562 -23.7119 2.5
    endloop
  endfacet
  facet normal 0 0 1
    outer loop
      vertex -37.9 -23.5588 2.5
      vertex -43 -28 2.5
      vertex -37.7321 -23.6444 2.5
    endloop
  endfacet
  facet normal 0 0 1
    outer loop
      vertex -38.058 -23.4562 2.5
      vertex -43 -28 2.5
      vertex -37.9 -23.5588 2.5
    endloop
  endfacet
  facet normal 0 0 1
    outer loop
      vertex -38.2044 -23.3377 2.5
      vertex -43 -28 2.5
      vertex -38.058 -23.4562 2.5
    endloop
  endfacet
  facet normal 0 0 1
    outer loop
      vertex -38.3377 -23.2044 2.5
      vertex -43 -28 2.5
      vertex -38.2044 -23.3377 2.5
    endloop
  endfacet
  facet normal 0 0 1
    outer loop
      vertex -38.4562 -23.058 2.5
      vertex -43 -28 2.5
      vertex -38.3377 -23.2044 2.5
    endloop
  endfacet
  facet normal 0 0 1
    outer loop
      vertex -38.5588 -22.9 2.5
      vertex -43 -28 2.5
      vertex -38.4562 -23.058 2.5
    endloop
  endfacet
  facet normal 0 0 1
    outer loop
      vertex -38.6444 -22.7321 2.5
      vertex -43 -28 2.5
      vertex -38.5588 -22.9 2.5
    endloop
  endfacet
  facet normal 0 0 1
    outer loop
      vertex -38.7119 -22.5562 2.5
      vertex -43 -28 2.5
      vertex -38.6444 -22.7321 2.5
    endloop
  endfacet
  facet normal 0 0 1
    outer loop
      vertex -38.7607 -22.3742 2.5
      vertex -43 -28 2.5
      vertex -38.7119 -22.5562 2.5
    endloop
  endfacet
  facet normal 0 0 1
    outer loop
      vertex -38.7901 -22.1882 2.5
      vertex -43 -28 2.5
      vertex -38.7607 -22.3742 2.5
    endloop
  endfacet
  facet normal 0 0 1
    outer loop
      vertex -38.8 -22 2.5
      vertex -43 -28 2.5
      vertex -38.7901 -22.1882 2.5
    endloop
  endfacet
  facet normal -0 0 1
    outer loop
      vertex 16.5 16 2.5
      vertex 29 -16 2.5
      vertex 29 16 2.5
    endloop
  endfacet
  facet normal 0 0 1
    outer loop
      vertex 29 -16 2.5
      vertex 16.5 16 2.5
      vertex 16.5 -16 2.5
    endloop
  endfacet
  facet normal -0 0 1
    outer loop
      vertex -29 16 2.5
      vertex -16.5 -16 2.5
      vertex -16.5 16 2.5
    endloop
  endfacet
  facet normal 0 0 1
    outer loop
      vertex -16.5 -16 2.5
      vertex -29 16 2.5
      vertex -29 -16 2.5
    endloop
  endfacet
  facet normal 0 0 1
    outer loop
      vertex 12.5 16 2.5
      vertex 8 0 2.5
      vertex 12.5 -16 2.5
    endloop
  endfacet
  facet normal 0 0 1
    outer loop
      vertex 12.5 16 2.5
      vertex 7.95617 0.836227 2.5
      vertex 8 0 2.5
    endloop
  endfacet
  facet normal 0 0 1
    outer loop
      vertex 12.5 16 2.5
      vertex 7.82518 1.66329 2.5
      vertex 7.95617 0.836227 2.5
    endloop
  endfacet
  facet normal 0 0 1
    outer loop
      vertex 12.5 16 2.5
      vertex 7.60845 2.47214 2.5
      vertex 7.82518 1.66329 2.5
    endloop
  endfacet
  facet normal 0 0 1
    outer loop
      vertex 12.5 16 2.5
      vertex 7.30836 3.25389 2.5
      vertex 7.60845 2.47214 2.5
    endloop
  endfacet
  facet normal 0 0 1
    outer loop
      vertex 12.5 16 2.5
      vertex 6.9282 4 2.5
      vertex 7.30836 3.25389 2.5
    endloop
  endfacet
  facet normal 0 0 1
    outer loop
      vertex 12.5 16 2.5
      vertex 6.47214 4.70228 2.5
      vertex 6.9282 4 2.5
    endloop
  endfacet
  facet normal 0 0 1
    outer loop
      vertex 12.5 16 2.5
      vertex 5.94516 5.35304 2.5
      vertex 6.47214 4.70228 2.5
    endloop
  endfacet
  facet normal 0 0 1
    outer loop
      vertex 12.5 16 2.5
      vertex 5.35304 5.94516 2.5
      vertex 5.94516 5.35304 2.5
    endloop
  endfacet
  facet normal 0 0 1
    outer loop
      vertex 12.5 16 2.5
      vertex 4.70228 6.47214 2.5
      vertex 5.35304 5.94516 2.5
    endloop
  endfacet
  facet normal 0 0 1
    outer loop
      vertex 12.5 16 2.5
      vertex 4 6.9282 2.5
      vertex 4.70228 6.47214 2.5
    endloop
  endfacet
  facet normal 0 0 1
    outer loop
      vertex 12.5 16 2.5
      vertex 3.25389 7.30836 2.5
      vertex 4 6.9282 2.5
    endloop
  endfacet
  facet normal 0 0 1
    outer loop
      vertex 12.5 16 2.5
      vertex 2.47214 7.60845 2.5
      vertex 3.25389 7.30836 2.5
    endloop
  endfacet
  facet normal 0 0 1
    outer loop
      vertex 12.5 16 2.5
      vertex 1.66329 7.82518 2.5
      vertex 2.47214 7.60845 2.5
    endloop
  endfacet
  facet normal 0 0 1
    outer loop
      vertex 12.5 16 2.5
      vertex 0.836227 7.95617 2.5
      vertex 1.66329 7.82518 2.5
    endloop
  endfacet
  facet normal 0 0 1
    outer loop
      vertex 12.5 16 2.5
      vertex 0 8 2.5
      vertex 0.836227 7.95617 2.5
    endloop
  endfacet
  facet normal -0 0 1
    outer loop
      vertex -12.5 16 2.5
      vertex 0 8 2.5
      vertex 12.5 16 2.5
    endloop
  endfacet
  facet normal 0 0 1
    outer loop
      vertex 0 8 2.5
      vertex -12.5 16 2.5
      vertex -0.836227 7.95617 2.5
    endloop
  endfacet
  facet normal 0 0 1
    outer loop
      vertex -0.836227 7.95617 2.5
      vertex -12.5 16 2.5
      vertex -1.66329 7.82518 2.5
    endloop
  endfacet
  facet normal 0 0 1
    outer loop
      vertex -1.66329 7.82518 2.5
      vertex -12.5 16 2.5
      vertex -2.47214 7.60845 2.5
    endloop
  endfacet
  facet normal 0 0 1
    outer loop
      vertex -2.47214 7.60845 2.5
      vertex -12.5 16 2.5
      vertex -3.25389 7.30836 2.5
    endloop
  endfacet
  facet normal 0 0 1
    outer loop
      vertex -7.95617 0.836227 2.5
      vertex -12.5 16 2.5
      vertex -8 0 2.5
    endloop
  endfacet
  facet normal 0 0 1
    outer loop
      vertex -7.82518 1.66329 2.5
      vertex -12.5 16 2.5
      vertex -7.95617 0.836227 2.5
    endloop
  endfacet
  facet normal 0 0 1
    outer loop
      vertex -7.60845 2.47214 2.5
      vertex -12.5 16 2.5
      vertex -7.82518 1.66329 2.5
    endloop
  endfacet
  facet normal 0 0 1
    outer loop
      vertex -7.30836 3.25389 2.5
      vertex -12.5 16 2.5
      vertex -7.60845 2.47214 2.5
    endloop
  endfacet
  facet normal 0 0 1
    outer loop
      vertex -6.9282 4 2.5
      vertex -12.5 16 2.5
      vertex -7.30836 3.25389 2.5
    endloop
  endfacet
  facet normal 0 0 1
    outer loop
      vertex -6.47214 4.70228 2.5
      vertex -12.5 16 2.5
      vertex -6.9282 4 2.5
    endloop
  endfacet
  facet normal 0 0 1
    outer loop
      vertex -5.94516 5.35304 2.5
      vertex -12.5 16 2.5
      vertex -6.47214 4.70228 2.5
    endloop
  endfacet
  facet normal 0 0 1
    outer loop
      vertex -5.35304 5.94516 2.5
      vertex -12.5 16 2.5
      vertex -5.94516 5.35304 2.5
    endloop
  endfacet
  facet normal 0 0 1
    outer loop
      vertex -4.70228 6.47214 2.5
      vertex -12.5 16 2.5
      vertex -5.35304 5.94516 2.5
    endloop
  endfacet
  facet normal 0 0 1
    outer loop
      vertex -4 6.9282 2.5
      vertex -12.5 16 2.5
      vertex -4.70228 6.47214 2.5
    endloop
  endfacet
  facet normal 0 0 1
    outer loop
      vertex -3.25389 7.30836 2.5
      vertex -12.5 16 2.5
      vertex -4 6.9282 2.5
    endloop
  endfacet
  facet normal -0 0 1
    outer loop
      vertex 7.95617 -0.836227 2.5
      vertex 12.5 -16 2.5
      vertex 8 0 2.5
    endloop
  endfacet
  facet normal -0 0 1
    outer loop
      vertex 7.82518 -1.66329 2.5
      vertex 12.5 -16 2.5
      vertex 7.95617 -0.836227 2.5
    endloop
  endfacet
  facet normal -0 0 1
    outer loop
      vertex 7.60845 -2.47214 2.5
      vertex 12.5 -16 2.5
      vertex 7.82518 -1.66329 2.5
    endloop
  endfacet
  facet normal -0 0 1
    outer loop
      vertex 7.30836 -3.25389 2.5
      vertex 12.5 -16 2.5
      vertex 7.60845 -2.47214 2.5
    endloop
  endfacet
  facet normal -0 0 1
    outer loop
      vertex 6.9282 -4 2.5
      vertex 12.5 -16 2.5
      vertex 7.30836 -3.25389 2.5
    endloop
  endfacet
  facet normal -0 0 1
    outer loop
      vertex 6.47214 -4.70228 2.5
      vertex 12.5 -16 2.5
      vertex 6.9282 -4 2.5
    endloop
  endfacet
  facet normal -0 0 1
    outer loop
      vertex 5.94516 -5.35304 2.5
      vertex 12.5 -16 2.5
      vertex 6.47214 -4.70228 2.5
    endloop
  endfacet
  facet normal -0 0 1
    outer loop
      vertex 5.35304 -5.94516 2.5
      vertex 12.5 -16 2.5
      vertex 5.94516 -5.35304 2.5
    endloop
  endfacet
  facet normal -0 0 1
    outer loop
      vertex 4.70228 -6.47214 2.5
      vertex 12.5 -16 2.5
      vertex 5.35304 -5.94516 2.5
    endloop
  endfacet
  facet normal -0 0 1
    outer loop
      vertex 4 -6.9282 2.5
      vertex 12.5 -16 2.5
      vertex 4.70228 -6.47214 2.5
    endloop
  endfacet
  facet normal -0 0 1
    outer loop
      vertex 3.25389 -7.30836 2.5
      vertex 12.5 -16 2.5
      vertex 4 -6.9282 2.5
    endloop
  endfacet
  facet normal -0 0 1
    outer loop
      vertex 2.47214 -7.60845 2.5
      vertex 12.5 -16 2.5
      vertex 3.25389 -7.30836 2.5
    endloop
  endfacet
  facet normal -0 0 1
    outer loop
      vertex 1.66329 -7.82518 2.5
      vertex 12.5 -16 2.5
      vertex 2.47214 -7.60845 2.5
    endloop
  endfacet
  facet normal -0 0 1
    outer loop
      vertex 0.836227 -7.95617 2.5
      vertex 12.5 -16 2.5
      vertex 1.66329 -7.82518 2.5
    endloop
  endfacet
  facet normal -0 0 1
    outer loop
      vertex 0 -8 2.5
      vertex 12.5 -16 2.5
      vertex 0.836227 -7.95617 2.5
    endloop
  endfacet
  facet normal 0 0 1
    outer loop
      vertex -12.5 -16 2.5
      vertex 0 -8 2.5
      vertex -0.836227 -7.95617 2.5
    endloop
  endfacet
  facet normal 0 0 1
    outer loop
      vertex -12.5 -16 2.5
      vertex -0.836227 -7.95617 2.5
      vertex -1.66329 -7.82518 2.5
    endloop
  endfacet
  facet normal 0 0 1
    outer loop
      vertex -12.5 -16 2.5
      vertex -1.66329 -7.82518 2.5
      vertex -2.47214 -7.60845 2.5
    endloop
  endfacet
  facet normal 0 0 1
    outer loop
      vertex -12.5 -16 2.5
      vertex -2.47214 -7.60845 2.5
      vertex -3.25389 -7.30836 2.5
    endloop
  endfacet
  facet normal 0 0 1
    outer loop
      vertex -12.5 -16 2.5
      vertex -3.25389 -7.30836 2.5
      vertex -4 -6.9282 2.5
    endloop
  endfacet
  facet normal 0 0 1
    outer loop
      vertex -12.5 -16 2.5
      vertex -8 0 2.5
      vertex -12.5 16 2.5
    endloop
  endfacet
  facet normal 0 0 1
    outer loop
      vertex -8 0 2.5
      vertex -12.5 -16 2.5
      vertex -7.95617 -0.836227 2.5
    endloop
  endfacet
  facet normal 0 0 1
    outer loop
      vertex 0 -8 2.5
      vertex -12.5 -16 2.5
      vertex 12.5 -16 2.5
    endloop
  endfacet
  facet normal 0 0 1
    outer loop
      vertex -4.70228 -6.47214 2.5
      vertex -12.5 -16 2.5
      vertex -4 -6.9282 2.5
    endloop
  endfacet
  facet normal 0 0 1
    outer loop
      vertex -5.35304 -5.94516 2.5
      vertex -12.5 -16 2.5
      vertex -4.70228 -6.47214 2.5
    endloop
  endfacet
  facet normal 0 0 1
    outer loop
      vertex -5.94516 -5.35304 2.5
      vertex -12.5 -16 2.5
      vertex -5.35304 -5.94516 2.5
    endloop
  endfacet
  facet normal 0 0 1
    outer loop
      vertex -6.47214 -4.70228 2.5
      vertex -12.5 -16 2.5
      vertex -5.94516 -5.35304 2.5
    endloop
  endfacet
  facet normal 0 0 1
    outer loop
      vertex -6.9282 -4 2.5
      vertex -12.5 -16 2.5
      vertex -6.47214 -4.70228 2.5
    endloop
  endfacet
  facet normal 0 0 1
    outer loop
      vertex -7.30836 -3.25389 2.5
      vertex -12.5 -16 2.5
      vertex -6.9282 -4 2.5
    endloop
  endfacet
  facet normal 0 0 1
    outer loop
      vertex -7.60845 -2.47214 2.5
      vertex -12.5 -16 2.5
      vertex -7.30836 -3.25389 2.5
    endloop
  endfacet
  facet normal 0 0 1
    outer loop
      vertex -7.82518 -1.66329 2.5
      vertex -12.5 -16 2.5
      vertex -7.60845 -2.47214 2.5
    endloop
  endfacet
  facet normal 0 0 1
    outer loop
      vertex -7.95617 -0.836227 2.5
      vertex -12.5 -16 2.5
      vertex -7.82518 -1.66329 2.5
    endloop
  endfacet
  facet normal 1 -0 0
    outer loop
      vertex -29 -16 10.5
      vertex -29 16 2.5
      vertex -29 16 10.5
    endloop
  endfacet
  facet normal 1 0 0
    outer loop
      vertex -29 16 2.5
      vertex -29 -16 10.5
      vertex -29 -16 2.5
    endloop
  endfacet
  facet normal 0 -1 0
    outer loop
      vertex -12.5 16 2.5
      vertex 12.5 16 2.55
      vertex -12.5 16 2.55
    endloop
  endfacet
  facet normal 0 -1 -0
    outer loop
      vertex 12.5 16 2.55
      vertex -12.5 16 2.5
      vertex 12.5 16 2.5
    endloop
  endfacet
  facet normal 0 -1 0
    outer loop
      vertex -12.5 16 2.55
      vertex -29 16 10.5
      vertex -16.5 16 2.55
    endloop
  endfacet
  facet normal 0 -1 0
    outer loop
      vertex -29 16 2.5
      vertex -16.5 16 2.55
      vertex -29 16 10.5
    endloop
  endfacet
  facet normal 0 -1 -0
    outer loop
      vertex -16.5 16 2.55
      vertex -29 16 2.5
      vertex -16.5 16 2.5
    endloop
  endfacet
  facet normal 0 -1 0
    outer loop
      vertex -29 16 10.5
      vertex -12.5 16 2.55
      vertex 29 16 10.5
    endloop
  endfacet
  facet normal 0 -1 0
    outer loop
      vertex 12.5 16 2.55
      vertex 29 16 10.5
      vertex -12.5 16 2.55
    endloop
  endfacet
  facet normal 0 -1 0
    outer loop
      vertex 16.5 16 2.55
      vertex 29 16 10.5
      vertex 12.5 16 2.55
    endloop
  endfacet
  facet normal 0 -1 0
    outer loop
      vertex 29 16 2.5
      vertex 16.5 16 2.55
      vertex 16.5 16 2.5
    endloop
  endfacet
  facet normal 0 -1 0
    outer loop
      vertex 16.5 16 2.55
      vertex 29 16 2.5
      vertex 29 16 10.5
    endloop
  endfacet
  facet normal 0 1 -0
    outer loop
      vertex 12.5 -16 2.5
      vertex -12.5 -16 2.55
      vertex 12.5 -16 2.55
    endloop
  endfacet
  facet normal 0 1 0
    outer loop
      vertex -12.5 -16 2.55
      vertex 12.5 -16 2.5
      vertex -12.5 -16 2.5
    endloop
  endfacet
  facet normal 0 1 0
    outer loop
      vertex 12.5 -16 2.55
      vertex 29 -16 10.5
      vertex 16.5 -16 2.55
    endloop
  endfacet
  facet normal 0 1 -0
    outer loop
      vertex 29 -16 2.5
      vertex 16.5 -16 2.55
      vertex 29 -16 10.5
    endloop
  endfacet
  facet normal 0 1 0
    outer loop
      vertex 16.5 -16 2.55
      vertex 29 -16 2.5
      vertex 16.5 -16 2.5
    endloop
  endfacet
  facet normal 0 1 0
    outer loop
      vertex 29 -16 10.5
      vertex 12.5 -16 2.55
      vertex -29 -16 10.5
    endloop
  endfacet
  facet normal 0 1 -0
    outer loop
      vertex -12.5 -16 2.55
      vertex -29 -16 10.5
      vertex 12.5 -16 2.55
    endloop
  endfacet
  facet normal 0 1 -0
    outer loop
      vertex -16.5 -16 2.55
      vertex -29 -16 10.5
      vertex -12.5 -16 2.55
    endloop
  endfacet
  facet normal 0 1 0
    outer loop
      vertex -29 -16 2.5
      vertex -16.5 -16 2.55
      vertex -16.5 -16 2.5
    endloop
  endfacet
  facet normal 0 1 0
    outer loop
      vertex -16.5 -16 2.55
      vertex -29 -16 2.5
      vertex -29 -16 10.5
    endloop
  endfacet
  facet normal 1 -0 0
    outer loop
      vertex 43 -28 2.5
      vertex 43 28 0
      vertex 43 28 2.5
    endloop
  endfacet
  facet normal 1 0 0
    outer loop
      vertex 43 28 0
      vertex 43 -28 2.5
      vertex 43 -28 0
    endloop
  endfacet
  facet normal -1 0 0
    outer loop
      vertex -43 -28 0
      vertex -43 28 2.5
      vertex -43 28 0
    endloop
  endfacet
  facet normal -1 -0 0
    outer loop
      vertex -43 28 2.5
      vertex -43 -28 0
      vertex -43 -28 2.5
    endloop
  endfacet
  facet normal 0 1 -0
    outer loop
      vertex 43 28 0
      vertex -43 28 2.5
      vertex 43 28 2.5
    endloop
  endfacet
  facet normal 0 1 0
    outer loop
      vertex -43 28 2.5
      vertex 43 28 0
      vertex -43 28 0
    endloop
  endfacet
  facet normal 0 -1 0
    outer loop
      vertex -43 -28 0
      vertex 43 -28 2.5
      vertex -43 -28 2.5
    endloop
  endfacet
  facet normal 0 -1 -0
    outer loop
      vertex 43 -28 2.5
      vertex -43 -28 0
      vertex 43 -28 0
    endloop
  endfacet
  facet normal -0.890898 0.454204 0
    outer loop
      vertex -35.4412 -22.9 0
      vertex -35.3556 -22.7321 2.5
      vertex -35.3556 -22.7321 0
    endloop
  endfacet
  facet normal -0.890898 0.454204 0
    outer loop
      vertex -35.3556 -22.7321 2.5
      vertex -35.4412 -22.9 0
      vertex -35.4412 -22.9 2.5
    endloop
  endfacet
  facet normal -0.358268 0.933619 0
    outer loop
      vertex -36.2679 -23.6444 0
      vertex -36.4438 -23.7119 2.5
      vertex -36.2679 -23.6444 2.5
    endloop
  endfacet
  facet normal -0.358268 0.933619 0
    outer loop
      vertex -36.4438 -23.7119 2.5
      vertex -36.2679 -23.6444 0
      vertex -36.4438 -23.7119 0
    endloop
  endfacet
  facet normal -0.987737 -0.156126 0
    outer loop
      vertex -35.2099 -21.8118 0
      vertex -35.2393 -21.6258 2.5
      vertex -35.2393 -21.6258 0
    endloop
  endfacet
  facet normal -0.987737 -0.156126 0
    outer loop
      vertex -35.2393 -21.6258 2.5
      vertex -35.2099 -21.8118 0
      vertex -35.2099 -21.8118 2.5
    endloop
  endfacet
  facet normal -0.998619 -0.052531 0
    outer loop
      vertex -35.2 -22 0
      vertex -35.2099 -21.8118 2.5
      vertex -35.2099 -21.8118 0
    endloop
  endfacet
  facet normal -0.998619 -0.052531 0
    outer loop
      vertex -35.2099 -21.8118 2.5
      vertex -35.2 -22 0
      vertex -35.2 -22 2.5
    endloop
  endfacet
  facet normal -0.965882 -0.258984 0
    outer loop
      vertex -35.2393 -21.6258 0
      vertex -35.2881 -21.4438 2.5
      vertex -35.2881 -21.4438 0
    endloop
  endfacet
  facet normal -0.965882 -0.258984 0
    outer loop
      vertex -35.2881 -21.4438 2.5
      vertex -35.2393 -21.6258 0
      vertex -35.2393 -21.6258 2.5
    endloop
  endfacet
  facet normal 0.933619 -0.358268 0
    outer loop
      vertex -38.7119 -21.4438 2.5
      vertex -38.6444 -21.2679 0
      vertex -38.6444 -21.2679 2.5
    endloop
  endfacet
  facet normal 0.933619 -0.358268 0
    outer loop
      vertex -38.6444 -21.2679 0
      vertex -38.7119 -21.4438 2.5
      vertex -38.7119 -21.4438 0
    endloop
  endfacet
  facet normal 0.707107 0.707107 -0
    outer loop
      vertex -38.2044 -23.3377 0
      vertex -38.3377 -23.2044 2.5
      vertex -38.2044 -23.3377 2.5
    endloop
  endfacet
  facet normal 0.707107 0.707107 0
    outer loop
      vertex -38.3377 -23.2044 2.5
      vertex -38.2044 -23.3377 0
      vertex -38.3377 -23.2044 0
    endloop
  endfacet
  facet normal -0.998619 0.052531 0
    outer loop
      vertex -35.2099 -22.1882 0
      vertex -35.2 -22 2.5
      vertex -35.2 -22 0
    endloop
  endfacet
  facet normal -0.998619 0.052531 0
    outer loop
      vertex -35.2 -22 2.5
      vertex -35.2099 -22.1882 0
      vertex -35.2099 -22.1882 2.5
    endloop
  endfacet
  facet normal -0.358268 -0.933619 0
    outer loop
      vertex -36.4438 -20.2881 0
      vertex -36.2679 -20.3556 2.5
      vertex -36.4438 -20.2881 2.5
    endloop
  endfacet
  facet normal -0.358268 -0.933619 -0
    outer loop
      vertex -36.2679 -20.3556 2.5
      vertex -36.4438 -20.2881 0
      vertex -36.2679 -20.3556 0
    endloop
  endfacet
  facet normal 0.0525588 0.998618 -0
    outer loop
      vertex -37 -23.8 0
      vertex -37.1881 -23.7901 2.5
      vertex -37 -23.8 2.5
    endloop
  endfacet
  facet normal 0.0525588 0.998618 0
    outer loop
      vertex -37.1881 -23.7901 2.5
      vertex -37 -23.8 0
      vertex -37.1881 -23.7901 0
    endloop
  endfacet
  facet normal -0.454204 0.890898 0
    outer loop
      vertex -36.1 -23.5588 0
      vertex -36.2679 -23.6444 2.5
      vertex -36.1 -23.5588 2.5
    endloop
  endfacet
  facet normal -0.454204 0.890898 0
    outer loop
      vertex -36.2679 -23.6444 2.5
      vertex -36.1 -23.5588 0
      vertex -36.2679 -23.6444 0
    endloop
  endfacet
  facet normal -0.987737 0.156126 0
    outer loop
      vertex -35.2393 -22.3742 0
      vertex -35.2099 -22.1882 2.5
      vertex -35.2099 -22.1882 0
    endloop
  endfacet
  facet normal -0.987737 0.156126 0
    outer loop
      vertex -35.2099 -22.1882 2.5
      vertex -35.2393 -22.3742 0
      vertex -35.2393 -22.3742 2.5
    endloop
  endfacet
  facet normal 0.629152 0.777282 -0
    outer loop
      vertex -38.058 -23.4562 0
      vertex -38.2044 -23.3377 2.5
      vertex -38.058 -23.4562 2.5
    endloop
  endfacet
  facet normal 0.629152 0.777282 0
    outer loop
      vertex -38.2044 -23.3377 2.5
      vertex -38.058 -23.4562 0
      vertex -38.2044 -23.3377 0
    endloop
  endfacet
  facet normal 0.965882 0.258984 0
    outer loop
      vertex -38.7119 -22.5562 2.5
      vertex -38.7607 -22.3742 0
      vertex -38.7607 -22.3742 2.5
    endloop
  endfacet
  facet normal 0.965882 0.258984 0
    outer loop
      vertex -38.7607 -22.3742 0
      vertex -38.7119 -22.5562 2.5
      vertex -38.7119 -22.5562 0
    endloop
  endfacet
  facet normal 0.358268 -0.933619 0
    outer loop
      vertex -37.7321 -20.3556 0
      vertex -37.5562 -20.2881 2.5
      vertex -37.7321 -20.3556 2.5
    endloop
  endfacet
  facet normal 0.358268 -0.933619 0
    outer loop
      vertex -37.5562 -20.2881 2.5
      vertex -37.7321 -20.3556 0
      vertex -37.5562 -20.2881 0
    endloop
  endfacet
  facet normal -0.629152 0.777282 0
    outer loop
      vertex -35.7956 -23.3377 0
      vertex -35.942 -23.4562 2.5
      vertex -35.7956 -23.3377 2.5
    endloop
  endfacet
  facet normal -0.629152 0.777282 0
    outer loop
      vertex -35.942 -23.4562 2.5
      vertex -35.7956 -23.3377 0
      vertex -35.942 -23.4562 0
    endloop
  endfacet
  facet normal -0.156126 0.987737 0
    outer loop
      vertex -36.6258 -23.7607 0
      vertex -36.8118 -23.7901 2.5
      vertex -36.6258 -23.7607 2.5
    endloop
  endfacet
  facet normal -0.156126 0.987737 0
    outer loop
      vertex -36.8118 -23.7901 2.5
      vertex -36.6258 -23.7607 0
      vertex -36.8118 -23.7901 0
    endloop
  endfacet
  facet normal 0.258984 -0.965882 0
    outer loop
      vertex -37.5562 -20.2881 0
      vertex -37.3742 -20.2393 2.5
      vertex -37.5562 -20.2881 2.5
    endloop
  endfacet
  facet normal 0.258984 -0.965882 0
    outer loop
      vertex -37.3742 -20.2393 2.5
      vertex -37.5562 -20.2881 0
      vertex -37.3742 -20.2393 0
    endloop
  endfacet
  facet normal -0.933619 0.358268 0
    outer loop
      vertex -35.3556 -22.7321 0
      vertex -35.2881 -22.5562 2.5
      vertex -35.2881 -22.5562 0
    endloop
  endfacet
  facet normal -0.933619 0.358268 0
    outer loop
      vertex -35.2881 -22.5562 2.5
      vertex -35.3556 -22.7321 0
      vertex -35.3556 -22.7321 2.5
    endloop
  endfacet
  facet normal 0.629152 -0.777282 0
    outer loop
      vertex -38.2044 -20.6623 0
      vertex -38.058 -20.5438 2.5
      vertex -38.2044 -20.6623 2.5
    endloop
  endfacet
  facet normal 0.629152 -0.777282 0
    outer loop
      vertex -38.058 -20.5438 2.5
      vertex -38.2044 -20.6623 0
      vertex -38.058 -20.5438 0
    endloop
  endfacet
  facet normal 0.987737 -0.156126 0
    outer loop
      vertex -38.7901 -21.8118 2.5
      vertex -38.7607 -21.6258 0
      vertex -38.7607 -21.6258 2.5
    endloop
  endfacet
  facet normal 0.987737 -0.156126 0
    outer loop
      vertex -38.7607 -21.6258 0
      vertex -38.7901 -21.8118 2.5
      vertex -38.7901 -21.8118 0
    endloop
  endfacet
  facet normal 0.358268 0.933619 -0
    outer loop
      vertex -37.5562 -23.7119 0
      vertex -37.7321 -23.6444 2.5
      vertex -37.5562 -23.7119 2.5
    endloop
  endfacet
  facet normal 0.358268 0.933619 0
    outer loop
      vertex -37.7321 -23.6444 2.5
      vertex -37.5562 -23.7119 0
      vertex -37.7321 -23.6444 0
    endloop
  endfacet
  facet normal 0.838686 -0.544615 0
    outer loop
      vertex -38.5588 -21.1 2.5
      vertex -38.4562 -20.942 0
      vertex -38.4562 -20.942 2.5
    endloop
  endfacet
  facet normal 0.838686 -0.544615 0
    outer loop
      vertex -38.4562 -20.942 0
      vertex -38.5588 -21.1 2.5
      vertex -38.5588 -21.1 0
    endloop
  endfacet
  facet normal -0.544615 -0.838686 0
    outer loop
      vertex -36.1 -20.4412 0
      vertex -35.942 -20.5438 2.5
      vertex -36.1 -20.4412 2.5
    endloop
  endfacet
  facet normal -0.544615 -0.838686 -0
    outer loop
      vertex -35.942 -20.5438 2.5
      vertex -36.1 -20.4412 0
      vertex -35.942 -20.5438 0
    endloop
  endfacet
  facet normal -0.629152 -0.777282 0
    outer loop
      vertex -35.942 -20.5438 0
      vertex -35.7956 -20.6623 2.5
      vertex -35.942 -20.5438 2.5
    endloop
  endfacet
  facet normal -0.629152 -0.777282 -0
    outer loop
      vertex -35.7956 -20.6623 2.5
      vertex -35.942 -20.5438 0
      vertex -35.7956 -20.6623 0
    endloop
  endfacet
  facet normal 0.965882 -0.258984 0
    outer loop
      vertex -38.7607 -21.6258 2.5
      vertex -38.7119 -21.4438 0
      vertex -38.7119 -21.4438 2.5
    endloop
  endfacet
  facet normal 0.965882 -0.258984 0
    outer loop
      vertex -38.7119 -21.4438 0
      vertex -38.7607 -21.6258 2.5
      vertex -38.7607 -21.6258 0
    endloop
  endfacet
  facet normal 0.454204 0.890898 -0
    outer loop
      vertex -37.7321 -23.6444 0
      vertex -37.9 -23.5588 2.5
      vertex -37.7321 -23.6444 2.5
    endloop
  endfacet
  facet normal 0.454204 0.890898 0
    outer loop
      vertex -37.9 -23.5588 2.5
      vertex -37.7321 -23.6444 0
      vertex -37.9 -23.5588 0
    endloop
  endfacet
  facet normal -0.052531 0.998619 0
    outer loop
      vertex -36.8118 -23.7901 0
      vertex -37 -23.8 2.5
      vertex -36.8118 -23.7901 2.5
    endloop
  endfacet
  facet normal -0.052531 0.998619 0
    outer loop
      vertex -37 -23.8 2.5
      vertex -36.8118 -23.7901 0
      vertex -37 -23.8 0
    endloop
  endfacet
  facet normal 0.544615 -0.838686 0
    outer loop
      vertex -38.058 -20.5438 0
      vertex -37.9 -20.4412 2.5
      vertex -38.058 -20.5438 2.5
    endloop
  endfacet
  facet normal 0.544615 -0.838686 0
    outer loop
      vertex -37.9 -20.4412 2.5
      vertex -38.058 -20.5438 0
      vertex -37.9 -20.4412 0
    endloop
  endfacet
  facet normal 0.998619 -0.052531 0
    outer loop
      vertex -38.8 -22 2.5
      vertex -38.7901 -21.8118 0
      vertex -38.7901 -21.8118 2.5
    endloop
  endfacet
  facet normal 0.998619 -0.052531 0
    outer loop
      vertex -38.7901 -21.8118 0
      vertex -38.8 -22 2.5
      vertex -38.8 -22 0
    endloop
  endfacet
  facet normal -0.258984 -0.965882 0
    outer loop
      vertex -36.6258 -20.2393 0
      vertex -36.4438 -20.2881 2.5
      vertex -36.6258 -20.2393 2.5
    endloop
  endfacet
  facet normal -0.258984 -0.965882 -0
    outer loop
      vertex -36.4438 -20.2881 2.5
      vertex -36.6258 -20.2393 0
      vertex -36.4438 -20.2881 0
    endloop
  endfacet
  facet normal -0.156126 -0.987737 0
    outer loop
      vertex -36.8118 -20.2099 0
      vertex -36.6258 -20.2393 2.5
      vertex -36.8118 -20.2099 2.5
    endloop
  endfacet
  facet normal -0.156126 -0.987737 -0
    outer loop
      vertex -36.6258 -20.2393 2.5
      vertex -36.8118 -20.2099 0
      vertex -36.6258 -20.2393 0
    endloop
  endfacet
  facet normal -0.777282 -0.629152 0
    outer loop
      vertex -35.5438 -20.942 0
      vertex -35.6623 -20.7956 2.5
      vertex -35.6623 -20.7956 0
    endloop
  endfacet
  facet normal -0.777282 -0.629152 0
    outer loop
      vertex -35.6623 -20.7956 2.5
      vertex -35.5438 -20.942 0
      vertex -35.5438 -20.942 2.5
    endloop
  endfacet
  facet normal -0.965882 0.258984 0
    outer loop
      vertex -35.2881 -22.5562 0
      vertex -35.2393 -22.3742 2.5
      vertex -35.2393 -22.3742 0
    endloop
  endfacet
  facet normal -0.965882 0.258984 0
    outer loop
      vertex -35.2393 -22.3742 2.5
      vertex -35.2881 -22.5562 0
      vertex -35.2881 -22.5562 2.5
    endloop
  endfacet
  facet normal -0.544615 0.838686 0
    outer loop
      vertex -35.942 -23.4562 0
      vertex -36.1 -23.5588 2.5
      vertex -35.942 -23.4562 2.5
    endloop
  endfacet
  facet normal -0.544615 0.838686 0
    outer loop
      vertex -36.1 -23.5588 2.5
      vertex -35.942 -23.4562 0
      vertex -36.1 -23.5588 0
    endloop
  endfacet
  facet normal 0.998619 0.052531 0
    outer loop
      vertex -38.7901 -22.1882 2.5
      vertex -38.8 -22 0
      vertex -38.8 -22 2.5
    endloop
  endfacet
  facet normal 0.998619 0.052531 0
    outer loop
      vertex -38.8 -22 0
      vertex -38.7901 -22.1882 2.5
      vertex -38.7901 -22.1882 0
    endloop
  endfacet
  facet normal -0.258984 0.965882 0
    outer loop
      vertex -36.4438 -23.7119 0
      vertex -36.6258 -23.7607 2.5
      vertex -36.4438 -23.7119 2.5
    endloop
  endfacet
  facet normal -0.258984 0.965882 0
    outer loop
      vertex -36.6258 -23.7607 2.5
      vertex -36.4438 -23.7119 0
      vertex -36.6258 -23.7607 0
    endloop
  endfacet
  facet normal 0.890898 -0.454204 0
    outer loop
      vertex -38.6444 -21.2679 2.5
      vertex -38.5588 -21.1 0
      vertex -38.5588 -21.1 2.5
    endloop
  endfacet
  facet normal 0.890898 -0.454204 0
    outer loop
      vertex -38.5588 -21.1 0
      vertex -38.6444 -21.2679 2.5
      vertex -38.6444 -21.2679 0
    endloop
  endfacet
  facet normal -0.838686 0.544615 0
    outer loop
      vertex -35.5438 -23.058 0
      vertex -35.4412 -22.9 2.5
      vertex -35.4412 -22.9 0
    endloop
  endfacet
  facet normal -0.838686 0.544615 0
    outer loop
      vertex -35.4412 -22.9 2.5
      vertex -35.5438 -23.058 0
      vertex -35.5438 -23.058 2.5
    endloop
  endfacet
  facet normal -0.454204 -0.890898 0
    outer loop
      vertex -36.2679 -20.3556 0
      vertex -36.1 -20.4412 2.5
      vertex -36.2679 -20.3556 2.5
    endloop
  endfacet
  facet normal -0.454204 -0.890898 -0
    outer loop
      vertex -36.1 -20.4412 2.5
      vertex -36.2679 -20.3556 0
      vertex -36.1 -20.4412 0
    endloop
  endfacet
  facet normal 0.777282 0.629152 0
    outer loop
      vertex -38.3377 -23.2044 2.5
      vertex -38.4562 -23.058 0
      vertex -38.4562 -23.058 2.5
    endloop
  endfacet
  facet normal 0.777282 0.629152 0
    outer loop
      vertex -38.4562 -23.058 0
      vertex -38.3377 -23.2044 2.5
      vertex -38.3377 -23.2044 0
    endloop
  endfacet
  facet normal -0.933619 -0.358268 0
    outer loop
      vertex -35.2881 -21.4438 0
      vertex -35.3556 -21.2679 2.5
      vertex -35.3556 -21.2679 0
    endloop
  endfacet
  facet normal -0.933619 -0.358268 0
    outer loop
      vertex -35.3556 -21.2679 2.5
      vertex -35.2881 -21.4438 0
      vertex -35.2881 -21.4438 2.5
    endloop
  endfacet
  facet normal -0.890898 -0.454204 0
    outer loop
      vertex -35.3556 -21.2679 0
      vertex -35.4412 -21.1 2.5
      vertex -35.4412 -21.1 0
    endloop
  endfacet
  facet normal -0.890898 -0.454204 0
    outer loop
      vertex -35.4412 -21.1 2.5
      vertex -35.3556 -21.2679 0
      vertex -35.3556 -21.2679 2.5
    endloop
  endfacet
  facet normal -0.052531 -0.998619 0
    outer loop
      vertex -37 -20.2 0
      vertex -36.8118 -20.2099 2.5
      vertex -37 -20.2 2.5
    endloop
  endfacet
  facet normal -0.052531 -0.998619 -0
    outer loop
      vertex -36.8118 -20.2099 2.5
      vertex -37 -20.2 0
      vertex -36.8118 -20.2099 0
    endloop
  endfacet
  facet normal -0.838686 -0.544615 0
    outer loop
      vertex -35.4412 -21.1 0
      vertex -35.5438 -20.942 2.5
      vertex -35.5438 -20.942 0
    endloop
  endfacet
  facet normal -0.838686 -0.544615 0
    outer loop
      vertex -35.5438 -20.942 2.5
      vertex -35.4412 -21.1 0
      vertex -35.4412 -21.1 2.5
    endloop
  endfacet
  facet normal 0.890898 0.454204 0
    outer loop
      vertex -38.5588 -22.9 2.5
      vertex -38.6444 -22.7321 0
      vertex -38.6444 -22.7321 2.5
    endloop
  endfacet
  facet normal 0.890898 0.454204 0
    outer loop
      vertex -38.6444 -22.7321 0
      vertex -38.5588 -22.9 2.5
      vertex -38.5588 -22.9 0
    endloop
  endfacet
  facet normal 0.454204 -0.890898 0
    outer loop
      vertex -37.9 -20.4412 0
      vertex -37.7321 -20.3556 2.5
      vertex -37.9 -20.4412 2.5
    endloop
  endfacet
  facet normal 0.454204 -0.890898 0
    outer loop
      vertex -37.7321 -20.3556 2.5
      vertex -37.9 -20.4412 0
      vertex -37.7321 -20.3556 0
    endloop
  endfacet
  facet normal 0.838686 0.544615 0
    outer loop
      vertex -38.4562 -23.058 2.5
      vertex -38.5588 -22.9 0
      vertex -38.5588 -22.9 2.5
    endloop
  endfacet
  facet normal 0.838686 0.544615 0
    outer loop
      vertex -38.5588 -22.9 0
      vertex -38.4562 -23.058 2.5
      vertex -38.4562 -23.058 0
    endloop
  endfacet
  facet normal 0.933619 0.358268 0
    outer loop
      vertex -38.6444 -22.7321 2.5
      vertex -38.7119 -22.5562 0
      vertex -38.7119 -22.5562 2.5
    endloop
  endfacet
  facet normal 0.933619 0.358268 0
    outer loop
      vertex -38.7119 -22.5562 0
      vertex -38.6444 -22.7321 2.5
      vertex -38.6444 -22.7321 0
    endloop
  endfacet
  facet normal 0.156044 -0.98775 0
    outer loop
      vertex -37.3742 -20.2393 0
      vertex -37.1881 -20.2099 2.5
      vertex -37.3742 -20.2393 2.5
    endloop
  endfacet
  facet normal 0.156044 -0.98775 0
    outer loop
      vertex -37.1881 -20.2099 2.5
      vertex -37.3742 -20.2393 0
      vertex -37.1881 -20.2099 0
    endloop
  endfacet
  facet normal -0.707107 -0.707107 0
    outer loop
      vertex -35.6623 -20.7956 0
      vertex -35.7956 -20.6623 2.5
      vertex -35.7956 -20.6623 0
    endloop
  endfacet
  facet normal -0.707107 -0.707107 0
    outer loop
      vertex -35.7956 -20.6623 2.5
      vertex -35.6623 -20.7956 0
      vertex -35.6623 -20.7956 2.5
    endloop
  endfacet
  facet normal 0.707107 -0.707107 0
    outer loop
      vertex -38.3377 -20.7956 0
      vertex -38.2044 -20.6623 2.5
      vertex -38.3377 -20.7956 2.5
    endloop
  endfacet
  facet normal 0.707107 -0.707107 0
    outer loop
      vertex -38.2044 -20.6623 2.5
      vertex -38.3377 -20.7956 0
      vertex -38.2044 -20.6623 0
    endloop
  endfacet
  facet normal -0.777282 0.629152 0
    outer loop
      vertex -35.6623 -23.2044 0
      vertex -35.5438 -23.058 2.5
      vertex -35.5438 -23.058 0
    endloop
  endfacet
  facet normal -0.777282 0.629152 0
    outer loop
      vertex -35.5438 -23.058 2.5
      vertex -35.6623 -23.2044 0
      vertex -35.6623 -23.2044 2.5
    endloop
  endfacet
  facet normal 0.777282 -0.629152 0
    outer loop
      vertex -38.4562 -20.942 2.5
      vertex -38.3377 -20.7956 0
      vertex -38.3377 -20.7956 2.5
    endloop
  endfacet
  facet normal 0.777282 -0.629152 0
    outer loop
      vertex -38.3377 -20.7956 0
      vertex -38.4562 -20.942 2.5
      vertex -38.4562 -20.942 0
    endloop
  endfacet
  facet normal 0.987737 0.156126 0
    outer loop
      vertex -38.7607 -22.3742 2.5
      vertex -38.7901 -22.1882 0
      vertex -38.7901 -22.1882 2.5
    endloop
  endfacet
  facet normal 0.987737 0.156126 0
    outer loop
      vertex -38.7901 -22.1882 0
      vertex -38.7607 -22.3742 2.5
      vertex -38.7607 -22.3742 0
    endloop
  endfacet
  facet normal -0.707107 0.707107 0
    outer loop
      vertex -35.7956 -23.3377 0
      vertex -35.6623 -23.2044 2.5
      vertex -35.6623 -23.2044 0
    endloop
  endfacet
  facet normal -0.707107 0.707107 0
    outer loop
      vertex -35.6623 -23.2044 2.5
      vertex -35.7956 -23.3377 0
      vertex -35.7956 -23.3377 2.5
    endloop
  endfacet
  facet normal 0.0525588 -0.998618 0
    outer loop
      vertex -37.1881 -20.2099 0
      vertex -37 -20.2 2.5
      vertex -37.1881 -20.2099 2.5
    endloop
  endfacet
  facet normal 0.0525588 -0.998618 0
    outer loop
      vertex -37 -20.2 2.5
      vertex -37.1881 -20.2099 0
      vertex -37 -20.2 0
    endloop
  endfacet
  facet normal 0.156044 0.98775 -0
    outer loop
      vertex -37.1881 -23.7901 0
      vertex -37.3742 -23.7607 2.5
      vertex -37.1881 -23.7901 2.5
    endloop
  endfacet
  facet normal 0.156044 0.98775 0
    outer loop
      vertex -37.3742 -23.7607 2.5
      vertex -37.1881 -23.7901 0
      vertex -37.3742 -23.7607 0
    endloop
  endfacet
  facet normal 0.258984 0.965882 -0
    outer loop
      vertex -37.3742 -23.7607 0
      vertex -37.5562 -23.7119 2.5
      vertex -37.3742 -23.7607 2.5
    endloop
  endfacet
  facet normal 0.258984 0.965882 0
    outer loop
      vertex -37.5562 -23.7119 2.5
      vertex -37.3742 -23.7607 0
      vertex -37.5562 -23.7119 0
    endloop
  endfacet
  facet normal 0.544615 0.838686 -0
    outer loop
      vertex -37.9 -23.5588 0
      vertex -38.058 -23.4562 2.5
      vertex -37.9 -23.5588 2.5
    endloop
  endfacet
  facet normal 0.544615 0.838686 0
    outer loop
      vertex -38.058 -23.4562 2.5
      vertex -37.9 -23.5588 0
      vertex -38.058 -23.4562 0
    endloop
  endfacet
  facet normal -0.987737 -0.156126 0
    outer loop
      vertex -35.2099 22.1882 0
      vertex -35.2393 22.3742 2.5
      vertex -35.2393 22.3742 0
    endloop
  endfacet
  facet normal -0.987737 -0.156126 0
    outer loop
      vertex -35.2393 22.3742 2.5
      vertex -35.2099 22.1882 0
      vertex -35.2099 22.1882 2.5
    endloop
  endfacet
  facet normal -0.998619 -0.052531 0
    outer loop
      vertex -35.2 22 0
      vertex -35.2099 22.1882 2.5
      vertex -35.2099 22.1882 0
    endloop
  endfacet
  facet normal -0.998619 -0.052531 0
    outer loop
      vertex -35.2099 22.1882 2.5
      vertex -35.2 22 0
      vertex -35.2 22 2.5
    endloop
  endfacet
  facet normal -0.965882 -0.258984 0
    outer loop
      vertex -35.2393 22.3742 0
      vertex -35.2881 22.5562 2.5
      vertex -35.2881 22.5562 0
    endloop
  endfacet
  facet normal -0.965882 -0.258984 0
    outer loop
      vertex -35.2881 22.5562 2.5
      vertex -35.2393 22.3742 0
      vertex -35.2393 22.3742 2.5
    endloop
  endfacet
  facet normal -0.454204 -0.890898 0
    outer loop
      vertex -36.2679 23.6444 0
      vertex -36.1 23.5588 2.5
      vertex -36.2679 23.6444 2.5
    endloop
  endfacet
  facet normal -0.454204 -0.890898 -0
    outer loop
      vertex -36.1 23.5588 2.5
      vertex -36.2679 23.6444 0
      vertex -36.1 23.5588 0
    endloop
  endfacet
  facet normal -0.358268 0.933619 0
    outer loop
      vertex -36.2679 20.3556 0
      vertex -36.4438 20.2881 2.5
      vertex -36.2679 20.3556 2.5
    endloop
  endfacet
  facet normal -0.358268 0.933619 0
    outer loop
      vertex -36.4438 20.2881 2.5
      vertex -36.2679 20.3556 0
      vertex -36.4438 20.2881 0
    endloop
  endfacet
  facet normal -0.544615 0.838686 0
    outer loop
      vertex -35.942 20.5438 0
      vertex -36.1 20.4412 2.5
      vertex -35.942 20.5438 2.5
    endloop
  endfacet
  facet normal -0.544615 0.838686 0
    outer loop
      vertex -36.1 20.4412 2.5
      vertex -35.942 20.5438 0
      vertex -36.1 20.4412 0
    endloop
  endfacet
  facet normal 0.987737 0.156126 0
    outer loop
      vertex -38.7607 21.6258 2.5
      vertex -38.7901 21.8118 0
      vertex -38.7901 21.8118 2.5
    endloop
  endfacet
  facet normal 0.987737 0.156126 0
    outer loop
      vertex -38.7901 21.8118 0
      vertex -38.7607 21.6258 2.5
      vertex -38.7607 21.6258 0
    endloop
  endfacet
  facet normal -0.629152 0.777282 0
    outer loop
      vertex -35.7956 20.6623 0
      vertex -35.942 20.5438 2.5
      vertex -35.7956 20.6623 2.5
    endloop
  endfacet
  facet normal -0.629152 0.777282 0
    outer loop
      vertex -35.942 20.5438 2.5
      vertex -35.7956 20.6623 0
      vertex -35.942 20.5438 0
    endloop
  endfacet
  facet normal -0.258984 -0.965882 0
    outer loop
      vertex -36.6258 23.7607 0
      vertex -36.4438 23.7119 2.5
      vertex -36.6258 23.7607 2.5
    endloop
  endfacet
  facet normal -0.258984 -0.965882 -0
    outer loop
      vertex -36.4438 23.7119 2.5
      vertex -36.6258 23.7607 0
      vertex -36.4438 23.7119 0
    endloop
  endfacet
  facet normal 0.965882 -0.258984 0
    outer loop
      vertex -38.7607 22.3742 2.5
      vertex -38.7119 22.5562 0
      vertex -38.7119 22.5562 2.5
    endloop
  endfacet
  facet normal 0.965882 -0.258984 0
    outer loop
      vertex -38.7119 22.5562 0
      vertex -38.7607 22.3742 2.5
      vertex -38.7607 22.3742 0
    endloop
  endfacet
  facet normal 0.0525588 -0.998618 0
    outer loop
      vertex -37.1881 23.7901 0
      vertex -37 23.8 2.5
      vertex -37.1881 23.7901 2.5
    endloop
  endfacet
  facet normal 0.0525588 -0.998618 0
    outer loop
      vertex -37 23.8 2.5
      vertex -37.1881 23.7901 0
      vertex -37 23.8 0
    endloop
  endfacet
  facet normal -0.777282 -0.629152 0
    outer loop
      vertex -35.5438 23.058 0
      vertex -35.6623 23.2044 2.5
      vertex -35.6623 23.2044 0
    endloop
  endfacet
  facet normal -0.777282 -0.629152 0
    outer loop
      vertex -35.6623 23.2044 2.5
      vertex -35.5438 23.058 0
      vertex -35.5438 23.058 2.5
    endloop
  endfacet
  facet normal -0.629152 -0.777282 0
    outer loop
      vertex -35.942 23.4562 0
      vertex -35.7956 23.3377 2.5
      vertex -35.942 23.4562 2.5
    endloop
  endfacet
  facet normal -0.629152 -0.777282 -0
    outer loop
      vertex -35.7956 23.3377 2.5
      vertex -35.942 23.4562 0
      vertex -35.7956 23.3377 0
    endloop
  endfacet
  facet normal -0.838686 0.544615 0
    outer loop
      vertex -35.5438 20.942 0
      vertex -35.4412 21.1 2.5
      vertex -35.4412 21.1 0
    endloop
  endfacet
  facet normal -0.838686 0.544615 0
    outer loop
      vertex -35.4412 21.1 2.5
      vertex -35.5438 20.942 0
      vertex -35.5438 20.942 2.5
    endloop
  endfacet
  facet normal 0.933619 0.358268 0
    outer loop
      vertex -38.6444 21.2679 2.5
      vertex -38.7119 21.4438 0
      vertex -38.7119 21.4438 2.5
    endloop
  endfacet
  facet normal 0.933619 0.358268 0
    outer loop
      vertex -38.7119 21.4438 0
      vertex -38.6444 21.2679 2.5
      vertex -38.6444 21.2679 0
    endloop
  endfacet
  facet normal 0.629152 0.777282 -0
    outer loop
      vertex -38.058 20.5438 0
      vertex -38.2044 20.6623 2.5
      vertex -38.058 20.5438 2.5
    endloop
  endfacet
  facet normal 0.629152 0.777282 0
    outer loop
      vertex -38.2044 20.6623 2.5
      vertex -38.058 20.5438 0
      vertex -38.2044 20.6623 0
    endloop
  endfacet
  facet normal -0.156126 -0.987737 0
    outer loop
      vertex -36.8118 23.7901 0
      vertex -36.6258 23.7607 2.5
      vertex -36.8118 23.7901 2.5
    endloop
  endfacet
  facet normal -0.156126 -0.987737 -0
    outer loop
      vertex -36.6258 23.7607 2.5
      vertex -36.8118 23.7901 0
      vertex -36.6258 23.7607 0
    endloop
  endfacet
  facet normal -0.052531 0.998619 0
    outer loop
      vertex -36.8118 20.2099 0
      vertex -37 20.2 2.5
      vertex -36.8118 20.2099 2.5
    endloop
  endfacet
  facet normal -0.052531 0.998619 0
    outer loop
      vertex -37 20.2 2.5
      vertex -36.8118 20.2099 0
      vertex -37 20.2 0
    endloop
  endfacet
  facet normal 0.838686 0.544615 0
    outer loop
      vertex -38.4562 20.942 2.5
      vertex -38.5588 21.1 0
      vertex -38.5588 21.1 2.5
    endloop
  endfacet
  facet normal 0.838686 0.544615 0
    outer loop
      vertex -38.5588 21.1 0
      vertex -38.4562 20.942 2.5
      vertex -38.4562 20.942 0
    endloop
  endfacet
  facet normal 0.258984 -0.965882 0
    outer loop
      vertex -37.5562 23.7119 0
      vertex -37.3742 23.7607 2.5
      vertex -37.5562 23.7119 2.5
    endloop
  endfacet
  facet normal 0.258984 -0.965882 0
    outer loop
      vertex -37.3742 23.7607 2.5
      vertex -37.5562 23.7119 0
      vertex -37.3742 23.7607 0
    endloop
  endfacet
  facet normal 0.998619 -0.052531 0
    outer loop
      vertex -38.8 22 2.5
      vertex -38.7901 22.1882 0
      vertex -38.7901 22.1882 2.5
    endloop
  endfacet
  facet normal 0.998619 -0.052531 0
    outer loop
      vertex -38.7901 22.1882 0
      vertex -38.8 22 2.5
      vertex -38.8 22 0
    endloop
  endfacet
  facet normal -0.998619 0.052531 0
    outer loop
      vertex -35.2099 21.8118 0
      vertex -35.2 22 2.5
      vertex -35.2 22 0
    endloop
  endfacet
  facet normal -0.998619 0.052531 0
    outer loop
      vertex -35.2 22 2.5
      vertex -35.2099 21.8118 0
      vertex -35.2099 21.8118 2.5
    endloop
  endfacet
  facet normal -0.544615 -0.838686 0
    outer loop
      vertex -36.1 23.5588 0
      vertex -35.942 23.4562 2.5
      vertex -36.1 23.5588 2.5
    endloop
  endfacet
  facet normal -0.544615 -0.838686 -0
    outer loop
      vertex -35.942 23.4562 2.5
      vertex -36.1 23.5588 0
      vertex -35.942 23.4562 0
    endloop
  endfacet
  facet normal 0.358268 -0.933619 0
    outer loop
      vertex -37.7321 23.6444 0
      vertex -37.5562 23.7119 2.5
      vertex -37.7321 23.6444 2.5
    endloop
  endfacet
  facet normal 0.358268 -0.933619 0
    outer loop
      vertex -37.5562 23.7119 2.5
      vertex -37.7321 23.6444 0
      vertex -37.5562 23.7119 0
    endloop
  endfacet
  facet normal -0.156126 0.987737 0
    outer loop
      vertex -36.6258 20.2393 0
      vertex -36.8118 20.2099 2.5
      vertex -36.6258 20.2393 2.5
    endloop
  endfacet
  facet normal -0.156126 0.987737 0
    outer loop
      vertex -36.8118 20.2099 2.5
      vertex -36.6258 20.2393 0
      vertex -36.8118 20.2099 0
    endloop
  endfacet
  facet normal -0.890898 -0.454204 0
    outer loop
      vertex -35.3556 22.7321 0
      vertex -35.4412 22.9 2.5
      vertex -35.4412 22.9 0
    endloop
  endfacet
  facet normal -0.890898 -0.454204 0
    outer loop
      vertex -35.4412 22.9 2.5
      vertex -35.3556 22.7321 0
      vertex -35.3556 22.7321 2.5
    endloop
  endfacet
  facet normal -0.965882 0.258984 0
    outer loop
      vertex -35.2881 21.4438 0
      vertex -35.2393 21.6258 2.5
      vertex -35.2393 21.6258 0
    endloop
  endfacet
  facet normal -0.965882 0.258984 0
    outer loop
      vertex -35.2393 21.6258 2.5
      vertex -35.2881 21.4438 0
      vertex -35.2881 21.4438 2.5
    endloop
  endfacet
  facet normal 0.544615 0.838686 -0
    outer loop
      vertex -37.9 20.4412 0
      vertex -38.058 20.5438 2.5
      vertex -37.9 20.4412 2.5
    endloop
  endfacet
  facet normal 0.544615 0.838686 0
    outer loop
      vertex -38.058 20.5438 2.5
      vertex -37.9 20.4412 0
      vertex -38.058 20.5438 0
    endloop
  endfacet
  facet normal 0.777282 0.629152 0
    outer loop
      vertex -38.3377 20.7956 2.5
      vertex -38.4562 20.942 0
      vertex -38.4562 20.942 2.5
    endloop
  endfacet
  facet normal 0.777282 0.629152 0
    outer loop
      vertex -38.4562 20.942 0
      vertex -38.3377 20.7956 2.5
      vertex -38.3377 20.7956 0
    endloop
  endfacet
  facet normal -0.454204 0.890898 0
    outer loop
      vertex -36.1 20.4412 0
      vertex -36.2679 20.3556 2.5
      vertex -36.1 20.4412 2.5
    endloop
  endfacet
  facet normal -0.454204 0.890898 0
    outer loop
      vertex -36.2679 20.3556 2.5
      vertex -36.1 20.4412 0
      vertex -36.2679 20.3556 0
    endloop
  endfacet
  facet normal -0.933619 -0.358268 0
    outer loop
      vertex -35.2881 22.5562 0
      vertex -35.3556 22.7321 2.5
      vertex -35.3556 22.7321 0
    endloop
  endfacet
  facet normal -0.933619 -0.358268 0
    outer loop
      vertex -35.3556 22.7321 2.5
      vertex -35.2881 22.5562 0
      vertex -35.2881 22.5562 2.5
    endloop
  endfacet
  facet normal -0.358268 -0.933619 0
    outer loop
      vertex -36.4438 23.7119 0
      vertex -36.2679 23.6444 2.5
      vertex -36.4438 23.7119 2.5
    endloop
  endfacet
  facet normal -0.358268 -0.933619 -0
    outer loop
      vertex -36.2679 23.6444 2.5
      vertex -36.4438 23.7119 0
      vertex -36.2679 23.6444 0
    endloop
  endfacet
  facet normal -0.258984 0.965882 0
    outer loop
      vertex -36.4438 20.2881 0
      vertex -36.6258 20.2393 2.5
      vertex -36.4438 20.2881 2.5
    endloop
  endfacet
  facet normal -0.258984 0.965882 0
    outer loop
      vertex -36.6258 20.2393 2.5
      vertex -36.4438 20.2881 0
      vertex -36.6258 20.2393 0
    endloop
  endfacet
  facet normal -0.987737 0.156126 0
    outer loop
      vertex -35.2393 21.6258 0
      vertex -35.2099 21.8118 2.5
      vertex -35.2099 21.8118 0
    endloop
  endfacet
  facet normal -0.987737 0.156126 0
    outer loop
      vertex -35.2099 21.8118 2.5
      vertex -35.2393 21.6258 0
      vertex -35.2393 21.6258 2.5
    endloop
  endfacet
  facet normal -0.890898 0.454204 0
    outer loop
      vertex -35.4412 21.1 0
      vertex -35.3556 21.2679 2.5
      vertex -35.3556 21.2679 0
    endloop
  endfacet
  facet normal -0.890898 0.454204 0
    outer loop
      vertex -35.3556 21.2679 2.5
      vertex -35.4412 21.1 0
      vertex -35.4412 21.1 2.5
    endloop
  endfacet
  facet normal 0.933619 -0.358268 0
    outer loop
      vertex -38.7119 22.5562 2.5
      vertex -38.6444 22.7321 0
      vertex -38.6444 22.7321 2.5
    endloop
  endfacet
  facet normal 0.933619 -0.358268 0
    outer loop
      vertex -38.6444 22.7321 0
      vertex -38.7119 22.5562 2.5
      vertex -38.7119 22.5562 0
    endloop
  endfacet
  facet normal -0.838686 -0.544615 0
    outer loop
      vertex -35.4412 22.9 0
      vertex -35.5438 23.058 2.5
      vertex -35.5438 23.058 0
    endloop
  endfacet
  facet normal -0.838686 -0.544615 0
    outer loop
      vertex -35.5438 23.058 2.5
      vertex -35.4412 22.9 0
      vertex -35.4412 22.9 2.5
    endloop
  endfacet
  facet normal 0.544615 -0.838686 0
    outer loop
      vertex -38.058 23.4562 0
      vertex -37.9 23.5588 2.5
      vertex -38.058 23.4562 2.5
    endloop
  endfacet
  facet normal 0.544615 -0.838686 0
    outer loop
      vertex -37.9 23.5588 2.5
      vertex -38.058 23.4562 0
      vertex -37.9 23.5588 0
    endloop
  endfacet
  facet normal -0.707107 0.707107 0
    outer loop
      vertex -35.7956 20.6623 0
      vertex -35.6623 20.7956 2.5
      vertex -35.6623 20.7956 0
    endloop
  endfacet
  facet normal -0.707107 0.707107 0
    outer loop
      vertex -35.6623 20.7956 2.5
      vertex -35.7956 20.6623 0
      vertex -35.7956 20.6623 2.5
    endloop
  endfacet
  facet normal 0.707107 -0.707107 0
    outer loop
      vertex -38.3377 23.2044 0
      vertex -38.2044 23.3377 2.5
      vertex -38.3377 23.2044 2.5
    endloop
  endfacet
  facet normal 0.707107 -0.707107 0
    outer loop
      vertex -38.2044 23.3377 2.5
      vertex -38.3377 23.2044 0
      vertex -38.2044 23.3377 0
    endloop
  endfacet
  facet normal 0.777282 -0.629152 0
    outer loop
      vertex -38.4562 23.058 2.5
      vertex -38.3377 23.2044 0
      vertex -38.3377 23.2044 2.5
    endloop
  endfacet
  facet normal 0.777282 -0.629152 0
    outer loop
      vertex -38.3377 23.2044 0
      vertex -38.4562 23.058 2.5
      vertex -38.4562 23.058 0
    endloop
  endfacet
  facet normal 0.629152 -0.777282 0
    outer loop
      vertex -38.2044 23.3377 0
      vertex -38.058 23.4562 2.5
      vertex -38.2044 23.3377 2.5
    endloop
  endfacet
  facet normal 0.629152 -0.777282 0
    outer loop
      vertex -38.058 23.4562 2.5
      vertex -38.2044 23.3377 0
      vertex -38.058 23.4562 0
    endloop
  endfacet
  facet normal -0.052531 -0.998619 0
    outer loop
      vertex -37 23.8 0
      vertex -36.8118 23.7901 2.5
      vertex -37 23.8 2.5
    endloop
  endfacet
  facet normal -0.052531 -0.998619 -0
    outer loop
      vertex -36.8118 23.7901 2.5
      vertex -37 23.8 0
      vertex -36.8118 23.7901 0
    endloop
  endfacet
  facet normal 0.454204 -0.890898 0
    outer loop
      vertex -37.9 23.5588 0
      vertex -37.7321 23.6444 2.5
      vertex -37.9 23.5588 2.5
    endloop
  endfacet
  facet normal 0.454204 -0.890898 0
    outer loop
      vertex -37.7321 23.6444 2.5
      vertex -37.9 23.5588 0
      vertex -37.7321 23.6444 0
    endloop
  endfacet
  facet normal -0.707107 -0.707107 0
    outer loop
      vertex -35.6623 23.2044 0
      vertex -35.7956 23.3377 2.5
      vertex -35.7956 23.3377 0
    endloop
  endfacet
  facet normal -0.707107 -0.707107 0
    outer loop
      vertex -35.7956 23.3377 2.5
      vertex -35.6623 23.2044 0
      vertex -35.6623 23.2044 2.5
    endloop
  endfacet
  facet normal 0.156044 -0.98775 0
    outer loop
      vertex -37.3742 23.7607 0
      vertex -37.1881 23.7901 2.5
      vertex -37.3742 23.7607 2.5
    endloop
  endfacet
  facet normal 0.156044 -0.98775 0
    outer loop
      vertex -37.1881 23.7901 2.5
      vertex -37.3742 23.7607 0
      vertex -37.1881 23.7901 0
    endloop
  endfacet
  facet normal 0.838686 -0.544615 0
    outer loop
      vertex -38.5588 22.9 2.5
      vertex -38.4562 23.058 0
      vertex -38.4562 23.058 2.5
    endloop
  endfacet
  facet normal 0.838686 -0.544615 0
    outer loop
      vertex -38.4562 23.058 0
      vertex -38.5588 22.9 2.5
      vertex -38.5588 22.9 0
    endloop
  endfacet
  facet normal 0.707107 0.707107 -0
    outer loop
      vertex -38.2044 20.6623 0
      vertex -38.3377 20.7956 2.5
      vertex -38.2044 20.6623 2.5
    endloop
  endfacet
  facet normal 0.707107 0.707107 0
    outer loop
      vertex -38.3377 20.7956 2.5
      vertex -38.2044 20.6623 0
      vertex -38.3377 20.7956 0
    endloop
  endfacet
  facet normal 0.156044 0.98775 -0
    outer loop
      vertex -37.1881 20.2099 0
      vertex -37.3742 20.2393 2.5
      vertex -37.1881 20.2099 2.5
    endloop
  endfacet
  facet normal 0.156044 0.98775 0
    outer loop
      vertex -37.3742 20.2393 2.5
      vertex -37.1881 20.2099 0
      vertex -37.3742 20.2393 0
    endloop
  endfacet
  facet normal 0.890898 0.454204 0
    outer loop
      vertex -38.5588 21.1 2.5
      vertex -38.6444 21.2679 0
      vertex -38.6444 21.2679 2.5
    endloop
  endfacet
  facet normal 0.890898 0.454204 0
    outer loop
      vertex -38.6444 21.2679 0
      vertex -38.5588 21.1 2.5
      vertex -38.5588 21.1 0
    endloop
  endfacet
  facet normal 0.890898 -0.454204 0
    outer loop
      vertex -38.6444 22.7321 2.5
      vertex -38.5588 22.9 0
      vertex -38.5588 22.9 2.5
    endloop
  endfacet
  facet normal 0.890898 -0.454204 0
    outer loop
      vertex -38.5588 22.9 0
      vertex -38.6444 22.7321 2.5
      vertex -38.6444 22.7321 0
    endloop
  endfacet
  facet normal 0.965882 0.258984 0
    outer loop
      vertex -38.7119 21.4438 2.5
      vertex -38.7607 21.6258 0
      vertex -38.7607 21.6258 2.5
    endloop
  endfacet
  facet normal 0.965882 0.258984 0
    outer loop
      vertex -38.7607 21.6258 0
      vertex -38.7119 21.4438 2.5
      vertex -38.7119 21.4438 0
    endloop
  endfacet
  facet normal 0.998619 0.052531 0
    outer loop
      vertex -38.7901 21.8118 2.5
      vertex -38.8 22 0
      vertex -38.8 22 2.5
    endloop
  endfacet
  facet normal 0.998619 0.052531 0
    outer loop
      vertex -38.8 22 0
      vertex -38.7901 21.8118 2.5
      vertex -38.7901 21.8118 0
    endloop
  endfacet
  facet normal 0.258984 0.965882 -0
    outer loop
      vertex -37.3742 20.2393 0
      vertex -37.5562 20.2881 2.5
      vertex -37.3742 20.2393 2.5
    endloop
  endfacet
  facet normal 0.258984 0.965882 0
    outer loop
      vertex -37.5562 20.2881 2.5
      vertex -37.3742 20.2393 0
      vertex -37.5562 20.2881 0
    endloop
  endfacet
  facet normal -0.933619 0.358268 0
    outer loop
      vertex -35.3556 21.2679 0
      vertex -35.2881 21.4438 2.5
      vertex -35.2881 21.4438 0
    endloop
  endfacet
  facet normal -0.933619 0.358268 0
    outer loop
      vertex -35.2881 21.4438 2.5
      vertex -35.3556 21.2679 0
      vertex -35.3556 21.2679 2.5
    endloop
  endfacet
  facet normal 0.454204 0.890898 -0
    outer loop
      vertex -37.7321 20.3556 0
      vertex -37.9 20.4412 2.5
      vertex -37.7321 20.3556 2.5
    endloop
  endfacet
  facet normal 0.454204 0.890898 0
    outer loop
      vertex -37.9 20.4412 2.5
      vertex -37.7321 20.3556 0
      vertex -37.9 20.4412 0
    endloop
  endfacet
  facet normal 0.987737 -0.156126 0
    outer loop
      vertex -38.7901 22.1882 2.5
      vertex -38.7607 22.3742 0
      vertex -38.7607 22.3742 2.5
    endloop
  endfacet
  facet normal 0.987737 -0.156126 0
    outer loop
      vertex -38.7607 22.3742 0
      vertex -38.7901 22.1882 2.5
      vertex -38.7901 22.1882 0
    endloop
  endfacet
  facet normal 0.0525588 0.998618 -0
    outer loop
      vertex -37 20.2 0
      vertex -37.1881 20.2099 2.5
      vertex -37 20.2 2.5
    endloop
  endfacet
  facet normal 0.0525588 0.998618 0
    outer loop
      vertex -37.1881 20.2099 2.5
      vertex -37 20.2 0
      vertex -37.1881 20.2099 0
    endloop
  endfacet
  facet normal -0.777282 0.629152 0
    outer loop
      vertex -35.6623 20.7956 0
      vertex -35.5438 20.942 2.5
      vertex -35.5438 20.942 0
    endloop
  endfacet
  facet normal -0.777282 0.629152 0
    outer loop
      vertex -35.5438 20.942 2.5
      vertex -35.6623 20.7956 0
      vertex -35.6623 20.7956 2.5
    endloop
  endfacet
  facet normal 0.358268 0.933619 -0
    outer loop
      vertex -37.5562 20.2881 0
      vertex -37.7321 20.3556 2.5
      vertex -37.5562 20.2881 2.5
    endloop
  endfacet
  facet normal 0.358268 0.933619 0
    outer loop
      vertex -37.7321 20.3556 2.5
      vertex -37.5562 20.2881 0
      vertex -37.7321 20.3556 0
    endloop
  endfacet
  facet normal -0.358268 -0.933619 0
    outer loop
      vertex 37.5562 -20.2881 0
      vertex 37.7321 -20.3556 2.5
      vertex 37.5562 -20.2881 2.5
    endloop
  endfacet
  facet normal -0.358268 -0.933619 -0
    outer loop
      vertex 37.7321 -20.3556 2.5
      vertex 37.5562 -20.2881 0
      vertex 37.7321 -20.3556 0
    endloop
  endfacet
  facet normal -0.0525588 0.998618 0
    outer loop
      vertex 37.1881 -23.7901 0
      vertex 37 -23.8 2.5
      vertex 37.1881 -23.7901 2.5
    endloop
  endfacet
  facet normal -0.0525588 0.998618 0
    outer loop
      vertex 37 -23.8 2.5
      vertex 37.1881 -23.7901 0
      vertex 37 -23.8 0
    endloop
  endfacet
  facet normal -0.544615 -0.838686 0
    outer loop
      vertex 37.9 -20.4412 0
      vertex 38.058 -20.5438 2.5
      vertex 37.9 -20.4412 2.5
    endloop
  endfacet
  facet normal -0.544615 -0.838686 -0
    outer loop
      vertex 38.058 -20.5438 2.5
      vertex 37.9 -20.4412 0
      vertex 38.058 -20.5438 0
    endloop
  endfacet
  facet normal 0.052531 -0.998619 0
    outer loop
      vertex 36.8118 -20.2099 0
      vertex 37 -20.2 2.5
      vertex 36.8118 -20.2099 2.5
    endloop
  endfacet
  facet normal 0.052531 -0.998619 0
    outer loop
      vertex 37 -20.2 2.5
      vertex 36.8118 -20.2099 0
      vertex 37 -20.2 0
    endloop
  endfacet
  facet normal -0.777282 -0.629152 0
    outer loop
      vertex 38.4562 -20.942 0
      vertex 38.3377 -20.7956 2.5
      vertex 38.3377 -20.7956 0
    endloop
  endfacet
  facet normal -0.777282 -0.629152 0
    outer loop
      vertex 38.3377 -20.7956 2.5
      vertex 38.4562 -20.942 0
      vertex 38.4562 -20.942 2.5
    endloop
  endfacet
  facet normal -0.987737 -0.156126 0
    outer loop
      vertex 38.7901 -21.8118 0
      vertex 38.7607 -21.6258 2.5
      vertex 38.7607 -21.6258 0
    endloop
  endfacet
  facet normal -0.987737 -0.156126 0
    outer loop
      vertex 38.7607 -21.6258 2.5
      vertex 38.7901 -21.8118 0
      vertex 38.7901 -21.8118 2.5
    endloop
  endfacet
  facet normal 0.358268 0.933619 -0
    outer loop
      vertex 36.4438 -23.7119 0
      vertex 36.2679 -23.6444 2.5
      vertex 36.4438 -23.7119 2.5
    endloop
  endfacet
  facet normal 0.358268 0.933619 0
    outer loop
      vertex 36.2679 -23.6444 2.5
      vertex 36.4438 -23.7119 0
      vertex 36.2679 -23.6444 0
    endloop
  endfacet
  facet normal -0.358268 0.933619 0
    outer loop
      vertex 37.7321 -23.6444 0
      vertex 37.5562 -23.7119 2.5
      vertex 37.7321 -23.6444 2.5
    endloop
  endfacet
  facet normal -0.358268 0.933619 0
    outer loop
      vertex 37.5562 -23.7119 2.5
      vertex 37.7321 -23.6444 0
      vertex 37.5562 -23.7119 0
    endloop
  endfacet
  facet normal -0.544615 0.838686 0
    outer loop
      vertex 38.058 -23.4562 0
      vertex 37.9 -23.5588 2.5
      vertex 38.058 -23.4562 2.5
    endloop
  endfacet
  facet normal -0.544615 0.838686 0
    outer loop
      vertex 37.9 -23.5588 2.5
      vertex 38.058 -23.4562 0
      vertex 37.9 -23.5588 0
    endloop
  endfacet
  facet normal 0.987737 0.156126 0
    outer loop
      vertex 35.2393 -22.3742 2.5
      vertex 35.2099 -22.1882 0
      vertex 35.2099 -22.1882 2.5
    endloop
  endfacet
  facet normal 0.987737 0.156126 0
    outer loop
      vertex 35.2099 -22.1882 0
      vertex 35.2393 -22.3742 2.5
      vertex 35.2393 -22.3742 0
    endloop
  endfacet
  facet normal -0.987737 0.156126 0
    outer loop
      vertex 38.7607 -22.3742 0
      vertex 38.7901 -22.1882 2.5
      vertex 38.7901 -22.1882 0
    endloop
  endfacet
  facet normal -0.987737 0.156126 0
    outer loop
      vertex 38.7901 -22.1882 2.5
      vertex 38.7607 -22.3742 0
      vertex 38.7607 -22.3742 2.5
    endloop
  endfacet
  facet normal -0.156044 -0.98775 0
    outer loop
      vertex 37.1881 -20.2099 0
      vertex 37.3742 -20.2393 2.5
      vertex 37.1881 -20.2099 2.5
    endloop
  endfacet
  facet normal -0.156044 -0.98775 -0
    outer loop
      vertex 37.3742 -20.2393 2.5
      vertex 37.1881 -20.2099 0
      vertex 37.3742 -20.2393 0
    endloop
  endfacet
  facet normal 0.544615 -0.838686 0
    outer loop
      vertex 35.942 -20.5438 0
      vertex 36.1 -20.4412 2.5
      vertex 35.942 -20.5438 2.5
    endloop
  endfacet
  facet normal 0.544615 -0.838686 0
    outer loop
      vertex 36.1 -20.4412 2.5
      vertex 35.942 -20.5438 0
      vertex 36.1 -20.4412 0
    endloop
  endfacet
  facet normal 0.890898 -0.454204 0
    outer loop
      vertex 35.3556 -21.2679 2.5
      vertex 35.4412 -21.1 0
      vertex 35.4412 -21.1 2.5
    endloop
  endfacet
  facet normal 0.890898 -0.454204 0
    outer loop
      vertex 35.4412 -21.1 0
      vertex 35.3556 -21.2679 2.5
      vertex 35.3556 -21.2679 0
    endloop
  endfacet
  facet normal 0.258984 0.965882 -0
    outer loop
      vertex 36.6258 -23.7607 0
      vertex 36.4438 -23.7119 2.5
      vertex 36.6258 -23.7607 2.5
    endloop
  endfacet
  facet normal 0.258984 0.965882 0
    outer loop
      vertex 36.4438 -23.7119 2.5
      vertex 36.6258 -23.7607 0
      vertex 36.4438 -23.7119 0
    endloop
  endfacet
  facet normal -0.890898 -0.454204 0
    outer loop
      vertex 38.6444 -21.2679 0
      vertex 38.5588 -21.1 2.5
      vertex 38.5588 -21.1 0
    endloop
  endfacet
  facet normal -0.890898 -0.454204 0
    outer loop
      vertex 38.5588 -21.1 2.5
      vertex 38.6444 -21.2679 0
      vertex 38.6444 -21.2679 2.5
    endloop
  endfacet
  facet normal -0.707107 -0.707107 0
    outer loop
      vertex 38.2044 -20.6623 0
      vertex 38.3377 -20.7956 2.5
      vertex 38.2044 -20.6623 2.5
    endloop
  endfacet
  facet normal -0.707107 -0.707107 -0
    outer loop
      vertex 38.3377 -20.7956 2.5
      vertex 38.2044 -20.6623 0
      vertex 38.3377 -20.7956 0
    endloop
  endfacet
  facet normal -0.933619 -0.358268 0
    outer loop
      vertex 38.7119 -21.4438 0
      vertex 38.6444 -21.2679 2.5
      vertex 38.6444 -21.2679 0
    endloop
  endfacet
  facet normal -0.933619 -0.358268 0
    outer loop
      vertex 38.6444 -21.2679 2.5
      vertex 38.7119 -21.4438 0
      vertex 38.7119 -21.4438 2.5
    endloop
  endfacet
  facet normal -0.998619 -0.052531 0
    outer loop
      vertex 38.8 -22 0
      vertex 38.7901 -21.8118 2.5
      vertex 38.7901 -21.8118 0
    endloop
  endfacet
  facet normal -0.998619 -0.052531 0
    outer loop
      vertex 38.7901 -21.8118 2.5
      vertex 38.8 -22 0
      vertex 38.8 -22 2.5
    endloop
  endfacet
  facet normal -0.629152 -0.777282 0
    outer loop
      vertex 38.058 -20.5438 0
      vertex 38.2044 -20.6623 2.5
      vertex 38.058 -20.5438 2.5
    endloop
  endfacet
  facet normal -0.629152 -0.777282 -0
    outer loop
      vertex 38.2044 -20.6623 2.5
      vertex 38.058 -20.5438 0
      vertex 38.2044 -20.6623 0
    endloop
  endfacet
  facet normal -0.0525588 -0.998618 0
    outer loop
      vertex 37 -20.2 0
      vertex 37.1881 -20.2099 2.5
      vertex 37 -20.2 2.5
    endloop
  endfacet
  facet normal -0.0525588 -0.998618 -0
    outer loop
      vertex 37.1881 -20.2099 2.5
      vertex 37 -20.2 0
      vertex 37.1881 -20.2099 0
    endloop
  endfacet
  facet normal 0.358268 -0.933619 0
    outer loop
      vertex 36.2679 -20.3556 0
      vertex 36.4438 -20.2881 2.5
      vertex 36.2679 -20.3556 2.5
    endloop
  endfacet
  facet normal 0.358268 -0.933619 0
    outer loop
      vertex 36.4438 -20.2881 2.5
      vertex 36.2679 -20.3556 0
      vertex 36.4438 -20.2881 0
    endloop
  endfacet
  facet normal 0.998619 -0.052531 0
    outer loop
      vertex 35.2 -22 2.5
      vertex 35.2099 -21.8118 0
      vertex 35.2099 -21.8118 2.5
    endloop
  endfacet
  facet normal 0.998619 -0.052531 0
    outer loop
      vertex 35.2099 -21.8118 0
      vertex 35.2 -22 2.5
      vertex 35.2 -22 0
    endloop
  endfacet
  facet normal 0.707107 -0.707107 0
    outer loop
      vertex 35.6623 -20.7956 2.5
      vertex 35.7956 -20.6623 0
      vertex 35.7956 -20.6623 2.5
    endloop
  endfacet
  facet normal 0.707107 -0.707107 0
    outer loop
      vertex 35.7956 -20.6623 0
      vertex 35.6623 -20.7956 2.5
      vertex 35.6623 -20.7956 0
    endloop
  endfacet
  facet normal -0.998619 0.052531 0
    outer loop
      vertex 38.7901 -22.1882 0
      vertex 38.8 -22 2.5
      vertex 38.8 -22 0
    endloop
  endfacet
  facet normal -0.998619 0.052531 0
    outer loop
      vertex 38.8 -22 2.5
      vertex 38.7901 -22.1882 0
      vertex 38.7901 -22.1882 2.5
    endloop
  endfacet
  facet normal 0.156126 0.987737 -0
    outer loop
      vertex 36.8118 -23.7901 0
      vertex 36.6258 -23.7607 2.5
      vertex 36.8118 -23.7901 2.5
    endloop
  endfacet
  facet normal 0.156126 0.987737 0
    outer loop
      vertex 36.6258 -23.7607 2.5
      vertex 36.8118 -23.7901 0
      vertex 36.6258 -23.7607 0
    endloop
  endfacet
  facet normal -0.965882 -0.258984 0
    outer loop
      vertex 38.7607 -21.6258 0
      vertex 38.7119 -21.4438 2.5
      vertex 38.7119 -21.4438 0
    endloop
  endfacet
  facet normal -0.965882 -0.258984 0
    outer loop
      vertex 38.7119 -21.4438 2.5
      vertex 38.7607 -21.6258 0
      vertex 38.7607 -21.6258 2.5
    endloop
  endfacet
  facet normal 0.454204 0.890898 -0
    outer loop
      vertex 36.2679 -23.6444 0
      vertex 36.1 -23.5588 2.5
      vertex 36.2679 -23.6444 2.5
    endloop
  endfacet
  facet normal 0.454204 0.890898 0
    outer loop
      vertex 36.1 -23.5588 2.5
      vertex 36.2679 -23.6444 0
      vertex 36.1 -23.5588 0
    endloop
  endfacet
  facet normal 0.629152 -0.777282 0
    outer loop
      vertex 35.7956 -20.6623 0
      vertex 35.942 -20.5438 2.5
      vertex 35.7956 -20.6623 2.5
    endloop
  endfacet
  facet normal 0.629152 -0.777282 0
    outer loop
      vertex 35.942 -20.5438 2.5
      vertex 35.7956 -20.6623 0
      vertex 35.942 -20.5438 0
    endloop
  endfacet
  facet normal -0.629152 0.777282 0
    outer loop
      vertex 38.2044 -23.3377 0
      vertex 38.058 -23.4562 2.5
      vertex 38.2044 -23.3377 2.5
    endloop
  endfacet
  facet normal -0.629152 0.777282 0
    outer loop
      vertex 38.058 -23.4562 2.5
      vertex 38.2044 -23.3377 0
      vertex 38.058 -23.4562 0
    endloop
  endfacet
  facet normal 0.838686 0.544615 0
    outer loop
      vertex 35.5438 -23.058 2.5
      vertex 35.4412 -22.9 0
      vertex 35.4412 -22.9 2.5
    endloop
  endfacet
  facet normal 0.838686 0.544615 0
    outer loop
      vertex 35.4412 -22.9 0
      vertex 35.5438 -23.058 2.5
      vertex 35.5438 -23.058 0
    endloop
  endfacet
  facet normal 0.965882 0.258984 0
    outer loop
      vertex 35.2881 -22.5562 2.5
      vertex 35.2393 -22.3742 0
      vertex 35.2393 -22.3742 2.5
    endloop
  endfacet
  facet normal 0.965882 0.258984 0
    outer loop
      vertex 35.2393 -22.3742 0
      vertex 35.2881 -22.5562 2.5
      vertex 35.2881 -22.5562 0
    endloop
  endfacet
  facet normal 0.454204 -0.890898 0
    outer loop
      vertex 36.1 -20.4412 0
      vertex 36.2679 -20.3556 2.5
      vertex 36.1 -20.4412 2.5
    endloop
  endfacet
  facet normal 0.454204 -0.890898 0
    outer loop
      vertex 36.2679 -20.3556 2.5
      vertex 36.1 -20.4412 0
      vertex 36.2679 -20.3556 0
    endloop
  endfacet
  facet normal -0.890898 0.454204 0
    outer loop
      vertex 38.5588 -22.9 0
      vertex 38.6444 -22.7321 2.5
      vertex 38.6444 -22.7321 0
    endloop
  endfacet
  facet normal -0.890898 0.454204 0
    outer loop
      vertex 38.6444 -22.7321 2.5
      vertex 38.5588 -22.9 0
      vertex 38.5588 -22.9 2.5
    endloop
  endfacet
  facet normal -0.454204 -0.890898 0
    outer loop
      vertex 37.7321 -20.3556 0
      vertex 37.9 -20.4412 2.5
      vertex 37.7321 -20.3556 2.5
    endloop
  endfacet
  facet normal -0.454204 -0.890898 -0
    outer loop
      vertex 37.9 -20.4412 2.5
      vertex 37.7321 -20.3556 0
      vertex 37.9 -20.4412 0
    endloop
  endfacet
  facet normal -0.838686 0.544615 0
    outer loop
      vertex 38.4562 -23.058 0
      vertex 38.5588 -22.9 2.5
      vertex 38.5588 -22.9 0
    endloop
  endfacet
  facet normal -0.838686 0.544615 0
    outer loop
      vertex 38.5588 -22.9 2.5
      vertex 38.4562 -23.058 0
      vertex 38.4562 -23.058 2.5
    endloop
  endfacet
  facet normal 0.987737 -0.156126 0
    outer loop
      vertex 35.2099 -21.8118 2.5
      vertex 35.2393 -21.6258 0
      vertex 35.2393 -21.6258 2.5
    endloop
  endfacet
  facet normal 0.987737 -0.156126 0
    outer loop
      vertex 35.2393 -21.6258 0
      vertex 35.2099 -21.8118 2.5
      vertex 35.2099 -21.8118 0
    endloop
  endfacet
  facet normal 0.777282 0.629152 0
    outer loop
      vertex 35.6623 -23.2044 2.5
      vertex 35.5438 -23.058 0
      vertex 35.5438 -23.058 2.5
    endloop
  endfacet
  facet normal 0.777282 0.629152 0
    outer loop
      vertex 35.5438 -23.058 0
      vertex 35.6623 -23.2044 2.5
      vertex 35.6623 -23.2044 0
    endloop
  endfacet
  facet normal 0.258984 -0.965882 0
    outer loop
      vertex 36.4438 -20.2881 0
      vertex 36.6258 -20.2393 2.5
      vertex 36.4438 -20.2881 2.5
    endloop
  endfacet
  facet normal 0.258984 -0.965882 0
    outer loop
      vertex 36.6258 -20.2393 2.5
      vertex 36.4438 -20.2881 0
      vertex 36.6258 -20.2393 0
    endloop
  endfacet
  facet normal -0.965882 0.258984 0
    outer loop
      vertex 38.7119 -22.5562 0
      vertex 38.7607 -22.3742 2.5
      vertex 38.7607 -22.3742 0
    endloop
  endfacet
  facet normal -0.965882 0.258984 0
    outer loop
      vertex 38.7607 -22.3742 2.5
      vertex 38.7119 -22.5562 0
      vertex 38.7119 -22.5562 2.5
    endloop
  endfacet
  facet normal -0.933619 0.358268 0
    outer loop
      vertex 38.6444 -22.7321 0
      vertex 38.7119 -22.5562 2.5
      vertex 38.7119 -22.5562 0
    endloop
  endfacet
  facet normal -0.933619 0.358268 0
    outer loop
      vertex 38.7119 -22.5562 2.5
      vertex 38.6444 -22.7321 0
      vertex 38.6444 -22.7321 2.5
    endloop
  endfacet
  facet normal -0.258984 -0.965882 0
    outer loop
      vertex 37.3742 -20.2393 0
      vertex 37.5562 -20.2881 2.5
      vertex 37.3742 -20.2393 2.5
    endloop
  endfacet
  facet normal -0.258984 -0.965882 -0
    outer loop
      vertex 37.5562 -20.2881 2.5
      vertex 37.3742 -20.2393 0
      vertex 37.5562 -20.2881 0
    endloop
  endfacet
  facet normal -0.838686 -0.544615 0
    outer loop
      vertex 38.5588 -21.1 0
      vertex 38.4562 -20.942 2.5
      vertex 38.4562 -20.942 0
    endloop
  endfacet
  facet normal -0.838686 -0.544615 0
    outer loop
      vertex 38.4562 -20.942 2.5
      vertex 38.5588 -21.1 0
      vertex 38.5588 -21.1 2.5
    endloop
  endfacet
  facet normal 0.933619 -0.358268 0
    outer loop
      vertex 35.2881 -21.4438 2.5
      vertex 35.3556 -21.2679 0
      vertex 35.3556 -21.2679 2.5
    endloop
  endfacet
  facet normal 0.933619 -0.358268 0
    outer loop
      vertex 35.3556 -21.2679 0
      vertex 35.2881 -21.4438 2.5
      vertex 35.2881 -21.4438 0
    endloop
  endfacet
  facet normal -0.454204 0.890898 0
    outer loop
      vertex 37.9 -23.5588 0
      vertex 37.7321 -23.6444 2.5
      vertex 37.9 -23.5588 2.5
    endloop
  endfacet
  facet normal -0.454204 0.890898 0
    outer loop
      vertex 37.7321 -23.6444 2.5
      vertex 37.9 -23.5588 0
      vertex 37.7321 -23.6444 0
    endloop
  endfacet
  facet normal -0.156044 0.98775 0
    outer loop
      vertex 37.3742 -23.7607 0
      vertex 37.1881 -23.7901 2.5
      vertex 37.3742 -23.7607 2.5
    endloop
  endfacet
  facet normal -0.156044 0.98775 0
    outer loop
      vertex 37.1881 -23.7901 2.5
      vertex 37.3742 -23.7607 0
      vertex 37.1881 -23.7901 0
    endloop
  endfacet
  facet normal 0.965882 -0.258984 0
    outer loop
      vertex 35.2393 -21.6258 2.5
      vertex 35.2881 -21.4438 0
      vertex 35.2881 -21.4438 2.5
    endloop
  endfacet
  facet normal 0.965882 -0.258984 0
    outer loop
      vertex 35.2881 -21.4438 0
      vertex 35.2393 -21.6258 2.5
      vertex 35.2393 -21.6258 0
    endloop
  endfacet
  facet normal -0.258984 0.965882 0
    outer loop
      vertex 37.5562 -23.7119 0
      vertex 37.3742 -23.7607 2.5
      vertex 37.5562 -23.7119 2.5
    endloop
  endfacet
  facet normal -0.258984 0.965882 0
    outer loop
      vertex 37.3742 -23.7607 2.5
      vertex 37.5562 -23.7119 0
      vertex 37.3742 -23.7607 0
    endloop
  endfacet
  facet normal 0.156126 -0.987737 0
    outer loop
      vertex 36.6258 -20.2393 0
      vertex 36.8118 -20.2099 2.5
      vertex 36.6258 -20.2393 2.5
    endloop
  endfacet
  facet normal 0.156126 -0.987737 0
    outer loop
      vertex 36.8118 -20.2099 2.5
      vertex 36.6258 -20.2393 0
      vertex 36.8118 -20.2099 0
    endloop
  endfacet
  facet normal 0.629152 0.777282 -0
    outer loop
      vertex 35.942 -23.4562 0
      vertex 35.7956 -23.3377 2.5
      vertex 35.942 -23.4562 2.5
    endloop
  endfacet
  facet normal 0.629152 0.777282 0
    outer loop
      vertex 35.7956 -23.3377 2.5
      vertex 35.942 -23.4562 0
      vertex 35.7956 -23.3377 0
    endloop
  endfacet
  facet normal 0.707107 0.707107 0
    outer loop
      vertex 35.7956 -23.3377 2.5
      vertex 35.6623 -23.2044 0
      vertex 35.6623 -23.2044 2.5
    endloop
  endfacet
  facet normal 0.707107 0.707107 0
    outer loop
      vertex 35.6623 -23.2044 0
      vertex 35.7956 -23.3377 2.5
      vertex 35.7956 -23.3377 0
    endloop
  endfacet
  facet normal 0.998619 0.052531 0
    outer loop
      vertex 35.2099 -22.1882 2.5
      vertex 35.2 -22 0
      vertex 35.2 -22 2.5
    endloop
  endfacet
  facet normal 0.998619 0.052531 0
    outer loop
      vertex 35.2 -22 0
      vertex 35.2099 -22.1882 2.5
      vertex 35.2099 -22.1882 0
    endloop
  endfacet
  facet normal 0.052531 0.998619 -0
    outer loop
      vertex 37 -23.8 0
      vertex 36.8118 -23.7901 2.5
      vertex 37 -23.8 2.5
    endloop
  endfacet
  facet normal 0.052531 0.998619 0
    outer loop
      vertex 36.8118 -23.7901 2.5
      vertex 37 -23.8 0
      vertex 36.8118 -23.7901 0
    endloop
  endfacet
  facet normal 0.777282 -0.629152 0
    outer loop
      vertex 35.5438 -20.942 2.5
      vertex 35.6623 -20.7956 0
      vertex 35.6623 -20.7956 2.5
    endloop
  endfacet
  facet normal 0.777282 -0.629152 0
    outer loop
      vertex 35.6623 -20.7956 0
      vertex 35.5438 -20.942 2.5
      vertex 35.5438 -20.942 0
    endloop
  endfacet
  facet normal 0.933619 0.358268 0
    outer loop
      vertex 35.3556 -22.7321 2.5
      vertex 35.2881 -22.5562 0
      vertex 35.2881 -22.5562 2.5
    endloop
  endfacet
  facet normal 0.933619 0.358268 0
    outer loop
      vertex 35.2881 -22.5562 0
      vertex 35.3556 -22.7321 2.5
      vertex 35.3556 -22.7321 0
    endloop
  endfacet
  facet normal 0.838686 -0.544615 0
    outer loop
      vertex 35.4412 -21.1 2.5
      vertex 35.5438 -20.942 0
      vertex 35.5438 -20.942 2.5
    endloop
  endfacet
  facet normal 0.838686 -0.544615 0
    outer loop
      vertex 35.5438 -20.942 0
      vertex 35.4412 -21.1 2.5
      vertex 35.4412 -21.1 0
    endloop
  endfacet
  facet normal 0.890898 0.454204 0
    outer loop
      vertex 35.4412 -22.9 2.5
      vertex 35.3556 -22.7321 0
      vertex 35.3556 -22.7321 2.5
    endloop
  endfacet
  facet normal 0.890898 0.454204 0
    outer loop
      vertex 35.3556 -22.7321 0
      vertex 35.4412 -22.9 2.5
      vertex 35.4412 -22.9 0
    endloop
  endfacet
  facet normal -0.707107 0.707107 0
    outer loop
      vertex 38.3377 -23.2044 0
      vertex 38.2044 -23.3377 2.5
      vertex 38.3377 -23.2044 2.5
    endloop
  endfacet
  facet normal -0.707107 0.707107 0
    outer loop
      vertex 38.2044 -23.3377 2.5
      vertex 38.3377 -23.2044 0
      vertex 38.2044 -23.3377 0
    endloop
  endfacet
  facet normal -0.777282 0.629152 0
    outer loop
      vertex 38.3377 -23.2044 0
      vertex 38.4562 -23.058 2.5
      vertex 38.4562 -23.058 0
    endloop
  endfacet
  facet normal -0.777282 0.629152 0
    outer loop
      vertex 38.4562 -23.058 2.5
      vertex 38.3377 -23.2044 0
      vertex 38.3377 -23.2044 2.5
    endloop
  endfacet
  facet normal 0.544615 0.838686 -0
    outer loop
      vertex 36.1 -23.5588 0
      vertex 35.942 -23.4562 2.5
      vertex 36.1 -23.5588 2.5
    endloop
  endfacet
  facet normal 0.544615 0.838686 0
    outer loop
      vertex 35.942 -23.4562 2.5
      vertex 36.1 -23.5588 0
      vertex 35.942 -23.4562 0
    endloop
  endfacet
  facet normal -0.987737 -0.156126 0
    outer loop
      vertex 38.7901 22.1882 0
      vertex 38.7607 22.3742 2.5
      vertex 38.7607 22.3742 0
    endloop
  endfacet
  facet normal -0.987737 -0.156126 0
    outer loop
      vertex 38.7607 22.3742 2.5
      vertex 38.7901 22.1882 0
      vertex 38.7901 22.1882 2.5
    endloop
  endfacet
  facet normal -0.998619 -0.052531 0
    outer loop
      vertex 38.8 22 0
      vertex 38.7901 22.1882 2.5
      vertex 38.7901 22.1882 0
    endloop
  endfacet
  facet normal -0.998619 -0.052531 0
    outer loop
      vertex 38.7901 22.1882 2.5
      vertex 38.8 22 0
      vertex 38.8 22 2.5
    endloop
  endfacet
  facet normal -0.965882 -0.258984 0
    outer loop
      vertex 38.7607 22.3742 0
      vertex 38.7119 22.5562 2.5
      vertex 38.7119 22.5562 0
    endloop
  endfacet
  facet normal -0.965882 -0.258984 0
    outer loop
      vertex 38.7119 22.5562 2.5
      vertex 38.7607 22.3742 0
      vertex 38.7607 22.3742 2.5
    endloop
  endfacet
  facet normal 0.890898 0.454204 0
    outer loop
      vertex 35.4412 21.1 2.5
      vertex 35.3556 21.2679 0
      vertex 35.3556 21.2679 2.5
    endloop
  endfacet
  facet normal 0.890898 0.454204 0
    outer loop
      vertex 35.3556 21.2679 0
      vertex 35.4412 21.1 2.5
      vertex 35.4412 21.1 0
    endloop
  endfacet
  facet normal 0.933619 0.358268 0
    outer loop
      vertex 35.3556 21.2679 2.5
      vertex 35.2881 21.4438 0
      vertex 35.2881 21.4438 2.5
    endloop
  endfacet
  facet normal 0.933619 0.358268 0
    outer loop
      vertex 35.2881 21.4438 0
      vertex 35.3556 21.2679 2.5
      vertex 35.3556 21.2679 0
    endloop
  endfacet
  facet normal -0.454204 -0.890898 0
    outer loop
      vertex 37.7321 23.6444 0
      vertex 37.9 23.5588 2.5
      vertex 37.7321 23.6444 2.5
    endloop
  endfacet
  facet normal -0.454204 -0.890898 -0
    outer loop
      vertex 37.9 23.5588 2.5
      vertex 37.7321 23.6444 0
      vertex 37.9 23.5588 0
    endloop
  endfacet
  facet normal -0.0525588 0.998618 0
    outer loop
      vertex 37.1881 20.2099 0
      vertex 37 20.2 2.5
      vertex 37.1881 20.2099 2.5
    endloop
  endfacet
  facet normal -0.0525588 0.998618 0
    outer loop
      vertex 37 20.2 2.5
      vertex 37.1881 20.2099 0
      vertex 37 20.2 0
    endloop
  endfacet
  facet normal -0.358268 0.933619 0
    outer loop
      vertex 37.7321 20.3556 0
      vertex 37.5562 20.2881 2.5
      vertex 37.7321 20.3556 2.5
    endloop
  endfacet
  facet normal -0.358268 0.933619 0
    outer loop
      vertex 37.5562 20.2881 2.5
      vertex 37.7321 20.3556 0
      vertex 37.5562 20.2881 0
    endloop
  endfacet
  facet normal 0.777282 0.629152 0
    outer loop
      vertex 35.6623 20.7956 2.5
      vertex 35.5438 20.942 0
      vertex 35.5438 20.942 2.5
    endloop
  endfacet
  facet normal 0.777282 0.629152 0
    outer loop
      vertex 35.5438 20.942 0
      vertex 35.6623 20.7956 2.5
      vertex 35.6623 20.7956 0
    endloop
  endfacet
  facet normal 0.890898 -0.454204 0
    outer loop
      vertex 35.3556 22.7321 2.5
      vertex 35.4412 22.9 0
      vertex 35.4412 22.9 2.5
    endloop
  endfacet
  facet normal 0.890898 -0.454204 0
    outer loop
      vertex 35.4412 22.9 0
      vertex 35.3556 22.7321 2.5
      vertex 35.3556 22.7321 0
    endloop
  endfacet
  facet normal -0.777282 -0.629152 0
    outer loop
      vertex 38.4562 23.058 0
      vertex 38.3377 23.2044 2.5
      vertex 38.3377 23.2044 0
    endloop
  endfacet
  facet normal -0.777282 -0.629152 0
    outer loop
      vertex 38.3377 23.2044 2.5
      vertex 38.4562 23.058 0
      vertex 38.4562 23.058 2.5
    endloop
  endfacet
  facet normal -0.838686 0.544615 0
    outer loop
      vertex 38.4562 20.942 0
      vertex 38.5588 21.1 2.5
      vertex 38.5588 21.1 0
    endloop
  endfacet
  facet normal -0.838686 0.544615 0
    outer loop
      vertex 38.5588 21.1 2.5
      vertex 38.4562 20.942 0
      vertex 38.4562 20.942 2.5
    endloop
  endfacet
  facet normal 0.965882 0.258984 0
    outer loop
      vertex 35.2881 21.4438 2.5
      vertex 35.2393 21.6258 0
      vertex 35.2393 21.6258 2.5
    endloop
  endfacet
  facet normal 0.965882 0.258984 0
    outer loop
      vertex 35.2393 21.6258 0
      vertex 35.2881 21.4438 2.5
      vertex 35.2881 21.4438 0
    endloop
  endfacet
  facet normal 0.987737 -0.156126 0
    outer loop
      vertex 35.2099 22.1882 2.5
      vertex 35.2393 22.3742 0
      vertex 35.2393 22.3742 2.5
    endloop
  endfacet
  facet normal 0.987737 -0.156126 0
    outer loop
      vertex 35.2393 22.3742 0
      vertex 35.2099 22.1882 2.5
      vertex 35.2099 22.1882 0
    endloop
  endfacet
  facet normal -0.707107 -0.707107 0
    outer loop
      vertex 38.2044 23.3377 0
      vertex 38.3377 23.2044 2.5
      vertex 38.2044 23.3377 2.5
    endloop
  endfacet
  facet normal -0.707107 -0.707107 -0
    outer loop
      vertex 38.3377 23.2044 2.5
      vertex 38.2044 23.3377 0
      vertex 38.3377 23.2044 0
    endloop
  endfacet
  facet normal -0.544615 0.838686 0
    outer loop
      vertex 38.058 20.5438 0
      vertex 37.9 20.4412 2.5
      vertex 38.058 20.5438 2.5
    endloop
  endfacet
  facet normal -0.544615 0.838686 0
    outer loop
      vertex 37.9 20.4412 2.5
      vertex 38.058 20.5438 0
      vertex 37.9 20.4412 0
    endloop
  endfacet
  facet normal 0.629152 -0.777282 0
    outer loop
      vertex 35.7956 23.3377 0
      vertex 35.942 23.4562 2.5
      vertex 35.7956 23.3377 2.5
    endloop
  endfacet
  facet normal 0.629152 -0.777282 0
    outer loop
      vertex 35.942 23.4562 2.5
      vertex 35.7956 23.3377 0
      vertex 35.942 23.4562 0
    endloop
  endfacet
  facet normal 0.838686 -0.544615 0
    outer loop
      vertex 35.4412 22.9 2.5
      vertex 35.5438 23.058 0
      vertex 35.5438 23.058 2.5
    endloop
  endfacet
  facet normal 0.838686 -0.544615 0
    outer loop
      vertex 35.5438 23.058 0
      vertex 35.4412 22.9 2.5
      vertex 35.4412 22.9 0
    endloop
  endfacet
  facet normal 0.258984 -0.965882 0
    outer loop
      vertex 36.4438 23.7119 0
      vertex 36.6258 23.7607 2.5
      vertex 36.4438 23.7119 2.5
    endloop
  endfacet
  facet normal 0.258984 -0.965882 0
    outer loop
      vertex 36.6258 23.7607 2.5
      vertex 36.4438 23.7119 0
      vertex 36.6258 23.7607 0
    endloop
  endfacet
  facet normal -0.998619 0.052531 0
    outer loop
      vertex 38.7901 21.8118 0
      vertex 38.8 22 2.5
      vertex 38.8 22 0
    endloop
  endfacet
  facet normal -0.998619 0.052531 0
    outer loop
      vertex 38.8 22 2.5
      vertex 38.7901 21.8118 0
      vertex 38.7901 21.8118 2.5
    endloop
  endfacet
  facet normal -0.544615 -0.838686 0
    outer loop
      vertex 37.9 23.5588 0
      vertex 38.058 23.4562 2.5
      vertex 37.9 23.5588 2.5
    endloop
  endfacet
  facet normal -0.544615 -0.838686 -0
    outer loop
      vertex 38.058 23.4562 2.5
      vertex 37.9 23.5588 0
      vertex 38.058 23.4562 0
    endloop
  endfacet
  facet normal 0.358268 -0.933619 0
    outer loop
      vertex 36.2679 23.6444 0
      vertex 36.4438 23.7119 2.5
      vertex 36.2679 23.6444 2.5
    endloop
  endfacet
  facet normal 0.358268 -0.933619 0
    outer loop
      vertex 36.4438 23.7119 2.5
      vertex 36.2679 23.6444 0
      vertex 36.4438 23.7119 0
    endloop
  endfacet
  facet normal -0.454204 0.890898 0
    outer loop
      vertex 37.9 20.4412 0
      vertex 37.7321 20.3556 2.5
      vertex 37.9 20.4412 2.5
    endloop
  endfacet
  facet normal -0.454204 0.890898 0
    outer loop
      vertex 37.7321 20.3556 2.5
      vertex 37.9 20.4412 0
      vertex 37.7321 20.3556 0
    endloop
  endfacet
  facet normal 0.052531 -0.998619 0
    outer loop
      vertex 36.8118 23.7901 0
      vertex 37 23.8 2.5
      vertex 36.8118 23.7901 2.5
    endloop
  endfacet
  facet normal 0.052531 -0.998619 0
    outer loop
      vertex 37 23.8 2.5
      vertex 36.8118 23.7901 0
      vertex 37 23.8 0
    endloop
  endfacet
  facet normal -0.156044 0.98775 0
    outer loop
      vertex 37.3742 20.2393 0
      vertex 37.1881 20.2099 2.5
      vertex 37.3742 20.2393 2.5
    endloop
  endfacet
  facet normal -0.156044 0.98775 0
    outer loop
      vertex 37.1881 20.2099 2.5
      vertex 37.3742 20.2393 0
      vertex 37.1881 20.2099 0
    endloop
  endfacet
  facet normal 0.707107 -0.707107 0
    outer loop
      vertex 35.6623 23.2044 2.5
      vertex 35.7956 23.3377 0
      vertex 35.7956 23.3377 2.5
    endloop
  endfacet
  facet normal 0.707107 -0.707107 0
    outer loop
      vertex 35.7956 23.3377 0
      vertex 35.6623 23.2044 2.5
      vertex 35.6623 23.2044 0
    endloop
  endfacet
  facet normal 0.544615 -0.838686 0
    outer loop
      vertex 35.942 23.4562 0
      vertex 36.1 23.5588 2.5
      vertex 35.942 23.4562 2.5
    endloop
  endfacet
  facet normal 0.544615 -0.838686 0
    outer loop
      vertex 36.1 23.5588 2.5
      vertex 35.942 23.4562 0
      vertex 36.1 23.5588 0
    endloop
  endfacet
  facet normal -0.890898 -0.454204 0
    outer loop
      vertex 38.6444 22.7321 0
      vertex 38.5588 22.9 2.5
      vertex 38.5588 22.9 0
    endloop
  endfacet
  facet normal -0.890898 -0.454204 0
    outer loop
      vertex 38.5588 22.9 2.5
      vertex 38.6444 22.7321 0
      vertex 38.6444 22.7321 2.5
    endloop
  endfacet
  facet normal -0.965882 0.258984 0
    outer loop
      vertex 38.7119 21.4438 0
      vertex 38.7607 21.6258 2.5
      vertex 38.7607 21.6258 0
    endloop
  endfacet
  facet normal -0.965882 0.258984 0
    outer loop
      vertex 38.7607 21.6258 2.5
      vertex 38.7119 21.4438 0
      vertex 38.7119 21.4438 2.5
    endloop
  endfacet
  facet normal 0.454204 0.890898 -0
    outer loop
      vertex 36.2679 20.3556 0
      vertex 36.1 20.4412 2.5
      vertex 36.2679 20.3556 2.5
    endloop
  endfacet
  facet normal 0.454204 0.890898 0
    outer loop
      vertex 36.1 20.4412 2.5
      vertex 36.2679 20.3556 0
      vertex 36.1 20.4412 0
    endloop
  endfacet
  facet normal -0.890898 0.454204 0
    outer loop
      vertex 38.5588 21.1 0
      vertex 38.6444 21.2679 2.5
      vertex 38.6444 21.2679 0
    endloop
  endfacet
  facet normal -0.890898 0.454204 0
    outer loop
      vertex 38.6444 21.2679 2.5
      vertex 38.5588 21.1 0
      vertex 38.5588 21.1 2.5
    endloop
  endfacet
  facet normal 0.838686 0.544615 0
    outer loop
      vertex 35.5438 20.942 2.5
      vertex 35.4412 21.1 0
      vertex 35.4412 21.1 2.5
    endloop
  endfacet
  facet normal 0.838686 0.544615 0
    outer loop
      vertex 35.4412 21.1 0
      vertex 35.5438 20.942 2.5
      vertex 35.5438 20.942 0
    endloop
  endfacet
  facet normal 0.358268 0.933619 -0
    outer loop
      vertex 36.4438 20.2881 0
      vertex 36.2679 20.3556 2.5
      vertex 36.4438 20.2881 2.5
    endloop
  endfacet
  facet normal 0.358268 0.933619 0
    outer loop
      vertex 36.2679 20.3556 2.5
      vertex 36.4438 20.2881 0
      vertex 36.2679 20.3556 0
    endloop
  endfacet
  facet normal -0.933619 -0.358268 0
    outer loop
      vertex 38.7119 22.5562 0
      vertex 38.6444 22.7321 2.5
      vertex 38.6444 22.7321 0
    endloop
  endfacet
  facet normal -0.933619 -0.358268 0
    outer loop
      vertex 38.6444 22.7321 2.5
      vertex 38.7119 22.5562 0
      vertex 38.7119 22.5562 2.5
    endloop
  endfacet
  facet normal -0.358268 -0.933619 0
    outer loop
      vertex 37.5562 23.7119 0
      vertex 37.7321 23.6444 2.5
      vertex 37.5562 23.7119 2.5
    endloop
  endfacet
  facet normal -0.358268 -0.933619 -0
    outer loop
      vertex 37.7321 23.6444 2.5
      vertex 37.5562 23.7119 0
      vertex 37.7321 23.6444 0
    endloop
  endfacet
  facet normal -0.258984 0.965882 0
    outer loop
      vertex 37.5562 20.2881 0
      vertex 37.3742 20.2393 2.5
      vertex 37.5562 20.2881 2.5
    endloop
  endfacet
  facet normal -0.258984 0.965882 0
    outer loop
      vertex 37.3742 20.2393 2.5
      vertex 37.5562 20.2881 0
      vertex 37.3742 20.2393 0
    endloop
  endfacet
  facet normal -0.987737 0.156126 0
    outer loop
      vertex 38.7607 21.6258 0
      vertex 38.7901 21.8118 2.5
      vertex 38.7901 21.8118 0
    endloop
  endfacet
  facet normal -0.987737 0.156126 0
    outer loop
      vertex 38.7901 21.8118 2.5
      vertex 38.7607 21.6258 0
      vertex 38.7607 21.6258 2.5
    endloop
  endfacet
  facet normal -0.258984 -0.965882 0
    outer loop
      vertex 37.3742 23.7607 0
      vertex 37.5562 23.7119 2.5
      vertex 37.3742 23.7607 2.5
    endloop
  endfacet
  facet normal -0.258984 -0.965882 -0
    outer loop
      vertex 37.5562 23.7119 2.5
      vertex 37.3742 23.7607 0
      vertex 37.5562 23.7119 0
    endloop
  endfacet
  facet normal 0.933619 -0.358268 0
    outer loop
      vertex 35.2881 22.5562 2.5
      vertex 35.3556 22.7321 0
      vertex 35.3556 22.7321 2.5
    endloop
  endfacet
  facet normal 0.933619 -0.358268 0
    outer loop
      vertex 35.3556 22.7321 0
      vertex 35.2881 22.5562 2.5
      vertex 35.2881 22.5562 0
    endloop
  endfacet
  facet normal -0.933619 0.358268 0
    outer loop
      vertex 38.6444 21.2679 0
      vertex 38.7119 21.4438 2.5
      vertex 38.7119 21.4438 0
    endloop
  endfacet
  facet normal -0.933619 0.358268 0
    outer loop
      vertex 38.7119 21.4438 2.5
      vertex 38.6444 21.2679 0
      vertex 38.6444 21.2679 2.5
    endloop
  endfacet
  facet normal 0.156126 -0.987737 0
    outer loop
      vertex 36.6258 23.7607 0
      vertex 36.8118 23.7901 2.5
      vertex 36.6258 23.7607 2.5
    endloop
  endfacet
  facet normal 0.156126 -0.987737 0
    outer loop
      vertex 36.8118 23.7901 2.5
      vertex 36.6258 23.7607 0
      vertex 36.8118 23.7901 0
    endloop
  endfacet
  facet normal -0.838686 -0.544615 0
    outer loop
      vertex 38.5588 22.9 0
      vertex 38.4562 23.058 2.5
      vertex 38.4562 23.058 0
    endloop
  endfacet
  facet normal -0.838686 -0.544615 0
    outer loop
      vertex 38.4562 23.058 2.5
      vertex 38.5588 22.9 0
      vertex 38.5588 22.9 2.5
    endloop
  endfacet
  facet normal 0.777282 -0.629152 0
    outer loop
      vertex 35.5438 23.058 2.5
      vertex 35.6623 23.2044 0
      vertex 35.6623 23.2044 2.5
    endloop
  endfacet
  facet normal 0.777282 -0.629152 0
    outer loop
      vertex 35.6623 23.2044 0
      vertex 35.5438 23.058 2.5
      vertex 35.5438 23.058 0
    endloop
  endfacet
  facet normal -0.629152 -0.777282 0
    outer loop
      vertex 38.058 23.4562 0
      vertex 38.2044 23.3377 2.5
      vertex 38.058 23.4562 2.5
    endloop
  endfacet
  facet normal -0.629152 -0.777282 -0
    outer loop
      vertex 38.2044 23.3377 2.5
      vertex 38.058 23.4562 0
      vertex 38.2044 23.3377 0
    endloop
  endfacet
  facet normal 0.454204 -0.890898 0
    outer loop
      vertex 36.1 23.5588 0
      vertex 36.2679 23.6444 2.5
      vertex 36.1 23.5588 2.5
    endloop
  endfacet
  facet normal 0.454204 -0.890898 0
    outer loop
      vertex 36.2679 23.6444 2.5
      vertex 36.1 23.5588 0
      vertex 36.2679 23.6444 0
    endloop
  endfacet
  facet normal 0.156126 0.987737 -0
    outer loop
      vertex 36.8118 20.2099 0
      vertex 36.6258 20.2393 2.5
      vertex 36.8118 20.2099 2.5
    endloop
  endfacet
  facet normal 0.156126 0.987737 0
    outer loop
      vertex 36.6258 20.2393 2.5
      vertex 36.8118 20.2099 0
      vertex 36.6258 20.2393 0
    endloop
  endfacet
  facet normal 0.707107 0.707107 0
    outer loop
      vertex 35.7956 20.6623 2.5
      vertex 35.6623 20.7956 0
      vertex 35.6623 20.7956 2.5
    endloop
  endfacet
  facet normal 0.707107 0.707107 0
    outer loop
      vertex 35.6623 20.7956 0
      vertex 35.7956 20.6623 2.5
      vertex 35.7956 20.6623 0
    endloop
  endfacet
  facet normal -0.0525588 -0.998618 0
    outer loop
      vertex 37 23.8 0
      vertex 37.1881 23.7901 2.5
      vertex 37 23.8 2.5
    endloop
  endfacet
  facet normal -0.0525588 -0.998618 -0
    outer loop
      vertex 37.1881 23.7901 2.5
      vertex 37 23.8 0
      vertex 37.1881 23.7901 0
    endloop
  endfacet
  facet normal 0.629152 0.777282 -0
    outer loop
      vertex 35.942 20.5438 0
      vertex 35.7956 20.6623 2.5
      vertex 35.942 20.5438 2.5
    endloop
  endfacet
  facet normal 0.629152 0.777282 0
    outer loop
      vertex 35.7956 20.6623 2.5
      vertex 35.942 20.5438 0
      vertex 35.7956 20.6623 0
    endloop
  endfacet
  facet normal 0.987737 0.156126 0
    outer loop
      vertex 35.2393 21.6258 2.5
      vertex 35.2099 21.8118 0
      vertex 35.2099 21.8118 2.5
    endloop
  endfacet
  facet normal 0.987737 0.156126 0
    outer loop
      vertex 35.2099 21.8118 0
      vertex 35.2393 21.6258 2.5
      vertex 35.2393 21.6258 0
    endloop
  endfacet
  facet normal 0.544615 0.838686 -0
    outer loop
      vertex 36.1 20.4412 0
      vertex 35.942 20.5438 2.5
      vertex 36.1 20.4412 2.5
    endloop
  endfacet
  facet normal 0.544615 0.838686 0
    outer loop
      vertex 35.942 20.5438 2.5
      vertex 36.1 20.4412 0
      vertex 35.942 20.5438 0
    endloop
  endfacet
  facet normal 0.258984 0.965882 -0
    outer loop
      vertex 36.6258 20.2393 0
      vertex 36.4438 20.2881 2.5
      vertex 36.6258 20.2393 2.5
    endloop
  endfacet
  facet normal 0.258984 0.965882 0
    outer loop
      vertex 36.4438 20.2881 2.5
      vertex 36.6258 20.2393 0
      vertex 36.4438 20.2881 0
    endloop
  endfacet
  facet normal -0.629152 0.777282 0
    outer loop
      vertex 38.2044 20.6623 0
      vertex 38.058 20.5438 2.5
      vertex 38.2044 20.6623 2.5
    endloop
  endfacet
  facet normal -0.629152 0.777282 0
    outer loop
      vertex 38.058 20.5438 2.5
      vertex 38.2044 20.6623 0
      vertex 38.058 20.5438 0
    endloop
  endfacet
  facet normal -0.156044 -0.98775 0
    outer loop
      vertex 37.1881 23.7901 0
      vertex 37.3742 23.7607 2.5
      vertex 37.1881 23.7901 2.5
    endloop
  endfacet
  facet normal -0.156044 -0.98775 -0
    outer loop
      vertex 37.3742 23.7607 2.5
      vertex 37.1881 23.7901 0
      vertex 37.3742 23.7607 0
    endloop
  endfacet
  facet normal 0.965882 -0.258984 0
    outer loop
      vertex 35.2393 22.3742 2.5
      vertex 35.2881 22.5562 0
      vertex 35.2881 22.5562 2.5
    endloop
  endfacet
  facet normal 0.965882 -0.258984 0
    outer loop
      vertex 35.2881 22.5562 0
      vertex 35.2393 22.3742 2.5
      vertex 35.2393 22.3742 0
    endloop
  endfacet
  facet normal 0.998619 -0.052531 0
    outer loop
      vertex 35.2 22 2.5
      vertex 35.2099 22.1882 0
      vertex 35.2099 22.1882 2.5
    endloop
  endfacet
  facet normal 0.998619 -0.052531 0
    outer loop
      vertex 35.2099 22.1882 0
      vertex 35.2 22 2.5
      vertex 35.2 22 0
    endloop
  endfacet
  facet normal 0.998619 0.052531 0
    outer loop
      vertex 35.2099 21.8118 2.5
      vertex 35.2 22 0
      vertex 35.2 22 2.5
    endloop
  endfacet
  facet normal 0.998619 0.052531 0
    outer loop
      vertex 35.2 22 0
      vertex 35.2099 21.8118 2.5
      vertex 35.2099 21.8118 0
    endloop
  endfacet
  facet normal 0.052531 0.998619 -0
    outer loop
      vertex 37 20.2 0
      vertex 36.8118 20.2099 2.5
      vertex 37 20.2 2.5
    endloop
  endfacet
  facet normal 0.052531 0.998619 0
    outer loop
      vertex 36.8118 20.2099 2.5
      vertex 37 20.2 0
      vertex 36.8118 20.2099 0
    endloop
  endfacet
  facet normal -0.777282 0.629152 0
    outer loop
      vertex 38.3377 20.7956 0
      vertex 38.4562 20.942 2.5
      vertex 38.4562 20.942 0
    endloop
  endfacet
  facet normal -0.777282 0.629152 0
    outer loop
      vertex 38.4562 20.942 2.5
      vertex 38.3377 20.7956 0
      vertex 38.3377 20.7956 2.5
    endloop
  endfacet
  facet normal -0.707107 0.707107 0
    outer loop
      vertex 38.3377 20.7956 0
      vertex 38.2044 20.6623 2.5
      vertex 38.3377 20.7956 2.5
    endloop
  endfacet
  facet normal -0.707107 0.707107 0
    outer loop
      vertex 38.2044 20.6623 2.5
      vertex 38.3377 20.7956 0
      vertex 38.2044 20.6623 0
    endloop
  endfacet
  facet normal -1 0 0
    outer loop
      vertex -12.5 17 0
      vertex -12.5 16 2.5
      vertex -12.5 17 2.55
    endloop
  endfacet
  facet normal -1 0 0
    outer loop
      vertex -12.5 17 0
      vertex -12.5 -16 2.5
      vertex -12.5 16 2.5
    endloop
  endfacet
  facet normal -1 0 0
    outer loop
      vertex -12.5 -17 0
      vertex -12.5 -16 2.5
      vertex -12.5 17 0
    endloop
  endfacet
  facet normal -1 0 0
    outer loop
      vertex -12.5 -17 2.55
      vertex -12.5 -16 2.5
      vertex -12.5 -17 0
    endloop
  endfacet
  facet normal -1 0 0
    outer loop
      vertex -12.5 -16 2.5
      vertex -12.5 -17 2.55
      vertex -12.5 -16 2.55
    endloop
  endfacet
  facet normal -1 -0 0
    outer loop
      vertex -12.5 17 2.55
      vertex -12.5 16 2.5
      vertex -12.5 16 2.55
    endloop
  endfacet
  facet normal 0 0 -1
    outer loop
      vertex -16.5 16 2.55
      vertex -12.5 17 2.55
      vertex -12.5 16 2.55
    endloop
  endfacet
  facet normal -0 0 -1
    outer loop
      vertex -12.5 17 2.55
      vertex -16.5 16 2.55
      vertex -16.5 17 2.55
    endloop
  endfacet
  facet normal 0 0 -1
    outer loop
      vertex -16.5 -17 2.55
      vertex -12.5 -16 2.55
      vertex -12.5 -17 2.55
    endloop
  endfacet
  facet normal -0 0 -1
    outer loop
      vertex -12.5 -16 2.55
      vertex -16.5 -17 2.55
      vertex -16.5 -16 2.55
    endloop
  endfacet
  facet normal 1 0 0
    outer loop
      vertex -16.5 -16 2.55
      vertex -16.5 -17 2.55
      vertex -16.5 -16 2.5
    endloop
  endfacet
  facet normal 1 0 0
    outer loop
      vertex -16.5 16 2.5
      vertex -16.5 17 2.55
      vertex -16.5 16 2.55
    endloop
  endfacet
  facet normal 1 0 0
    outer loop
      vertex -16.5 17 2.55
      vertex -16.5 16 2.5
      vertex -16.5 17 0
    endloop
  endfacet
  facet normal 1 -0 0
    outer loop
      vertex -16.5 -16 2.5
      vertex -16.5 17 0
      vertex -16.5 16 2.5
    endloop
  endfacet
  facet normal 1 0 0
    outer loop
      vertex -16.5 -17 0
      vertex -16.5 -16 2.5
      vertex -16.5 -17 2.55
    endloop
  endfacet
  facet normal 1 0 0
    outer loop
      vertex -16.5 -16 2.5
      vertex -16.5 -17 0
      vertex -16.5 17 0
    endloop
  endfacet
  facet normal 0 -1 0
    outer loop
      vertex -16.5 17 0
      vertex -12.5 17 2.55
      vertex -16.5 17 2.55
    endloop
  endfacet
  facet normal 0 -1 -0
    outer loop
      vertex -12.5 17 2.55
      vertex -16.5 17 0
      vertex -12.5 17 0
    endloop
  endfacet
  facet normal 0 1 -0
    outer loop
      vertex -12.5 -17 0
      vertex -16.5 -17 2.55
      vertex -12.5 -17 2.55
    endloop
  endfacet
  facet normal 0 1 0
    outer loop
      vertex -16.5 -17 2.55
      vertex -12.5 -17 0
      vertex -16.5 -17 0
    endloop
  endfacet
  facet normal -1 0 0
    outer loop
      vertex 16.5 17 0
      vertex 16.5 16 2.5
      vertex 16.5 17 2.55
    endloop
  endfacet
  facet normal -1 0 0
    outer loop
      vertex 16.5 17 0
      vertex 16.5 -16 2.5
      vertex 16.5 16 2.5
    endloop
  endfacet
  facet normal -1 0 0
    outer loop
      vertex 16.5 -17 0
      vertex 16.5 -16 2.5
      vertex 16.5 17 0
    endloop
  endfacet
  facet normal -1 0 0
    outer loop
      vertex 16.5 -17 2.55
      vertex 16.5 -16 2.5
      vertex 16.5 -17 0
    endloop
  endfacet
  facet normal -1 0 0
    outer loop
      vertex 16.5 -16 2.5
      vertex 16.5 -17 2.55
      vertex 16.5 -16 2.55
    endloop
  endfacet
  facet normal -1 -0 0
    outer loop
      vertex 16.5 17 2.55
      vertex 16.5 16 2.5
      vertex 16.5 16 2.55
    endloop
  endfacet
  facet normal 0 0 -1
    outer loop
      vertex 12.5 16 2.55
      vertex 16.5 17 2.55
      vertex 16.5 16 2.55
    endloop
  endfacet
  facet normal -0 0 -1
    outer loop
      vertex 16.5 17 2.55
      vertex 12.5 16 2.55
      vertex 12.5 17 2.55
    endloop
  endfacet
  facet normal 0 0 -1
    outer loop
      vertex 12.5 -17 2.55
      vertex 16.5 -16 2.55
      vertex 16.5 -17 2.55
    endloop
  endfacet
  facet normal -0 0 -1
    outer loop
      vertex 16.5 -16 2.55
      vertex 12.5 -17 2.55
      vertex 12.5 -16 2.55
    endloop
  endfacet
  facet normal 1 0 0
    outer loop
      vertex 12.5 -16 2.55
      vertex 12.5 -17 2.55
      vertex 12.5 -16 2.5
    endloop
  endfacet
  facet normal 1 0 0
    outer loop
      vertex 12.5 16 2.5
      vertex 12.5 17 2.55
      vertex 12.5 16 2.55
    endloop
  endfacet
  facet normal 1 0 0
    outer loop
      vertex 12.5 17 2.55
      vertex 12.5 16 2.5
      vertex 12.5 17 0
    endloop
  endfacet
  facet normal 1 -0 0
    outer loop
      vertex 12.5 -16 2.5
      vertex 12.5 17 0
      vertex 12.5 16 2.5
    endloop
  endfacet
  facet normal 1 0 0
    outer loop
      vertex 12.5 -17 0
      vertex 12.5 -16 2.5
      vertex 12.5 -17 2.55
    endloop
  endfacet
  facet normal 1 0 0
    outer loop
      vertex 12.5 -16 2.5
      vertex 12.5 -17 0
      vertex 12.5 17 0
    endloop
  endfacet
  facet normal 0 -1 0
    outer loop
      vertex 12.5 17 0
      vertex 16.5 17 2.55
      vertex 12.5 17 2.55
    endloop
  endfacet
  facet normal 0 -1 -0
    outer loop
      vertex 16.5 17 2.55
      vertex 12.5 17 0
      vertex 16.5 17 0
    endloop
  endfacet
  facet normal 0 1 -0
    outer loop
      vertex 16.5 -17 0
      vertex 12.5 -17 2.55
      vertex 16.5 -17 2.55
    endloop
  endfacet
  facet normal 0 1 0
    outer loop
      vertex 12.5 -17 2.55
      vertex 16.5 -17 0
      vertex 12.5 -17 0
    endloop
  endfacet
  facet normal -0.987689 0.15643 0
    outer loop
      vertex 7.82518 -1.66329 0
      vertex 7.95617 -0.836227 2.5
      vertex 7.95617 -0.836227 0
    endloop
  endfacet
  facet normal -0.987689 0.15643 0
    outer loop
      vertex 7.95617 -0.836227 2.5
      vertex 7.82518 -1.66329 0
      vertex 7.82518 -1.66329 2.5
    endloop
  endfacet
  facet normal -0.987689 -0.15643 0
    outer loop
      vertex 7.95617 0.836227 0
      vertex 7.82518 1.66329 2.5
      vertex 7.82518 1.66329 0
    endloop
  endfacet
  facet normal -0.987689 -0.15643 0
    outer loop
      vertex 7.82518 1.66329 2.5
      vertex 7.95617 0.836227 0
      vertex 7.95617 0.836227 2.5
    endloop
  endfacet
  facet normal -0.998629 -0.0523421 0
    outer loop
      vertex 8 0 0
      vertex 7.95617 0.836227 2.5
      vertex 7.95617 0.836227 0
    endloop
  endfacet
  facet normal -0.998629 -0.0523421 0
    outer loop
      vertex 7.95617 0.836227 2.5
      vertex 8 0 0
      vertex 8 0 2.5
    endloop
  endfacet
  facet normal -0.965926 -0.258818 0
    outer loop
      vertex 7.82518 1.66329 0
      vertex 7.60845 2.47214 2.5
      vertex 7.60845 2.47214 0
    endloop
  endfacet
  facet normal -0.965926 -0.258818 0
    outer loop
      vertex 7.60845 2.47214 2.5
      vertex 7.82518 1.66329 0
      vertex 7.82518 1.66329 2.5
    endloop
  endfacet
  facet normal -0.838674 -0.544634 0
    outer loop
      vertex 6.9282 4 0
      vertex 6.47214 4.70228 2.5
      vertex 6.47214 4.70228 0
    endloop
  endfacet
  facet normal -0.838674 -0.544634 0
    outer loop
      vertex 6.47214 4.70228 2.5
      vertex 6.9282 4 0
      vertex 6.9282 4 2.5
    endloop
  endfacet
  facet normal 0.965926 0.258818 0
    outer loop
      vertex -7.60845 -2.47214 2.5
      vertex -7.82518 -1.66329 0
      vertex -7.82518 -1.66329 2.5
    endloop
  endfacet
  facet normal 0.965926 0.258818 0
    outer loop
      vertex -7.82518 -1.66329 0
      vertex -7.60845 -2.47214 2.5
      vertex -7.60845 -2.47214 0
    endloop
  endfacet
  facet normal 0.453989 0.891008 -0
    outer loop
      vertex -3.25389 -7.30836 0
      vertex -4 -6.9282 2.5
      vertex -3.25389 -7.30836 2.5
    endloop
  endfacet
  facet normal 0.453989 0.891008 0
    outer loop
      vertex -4 -6.9282 2.5
      vertex -3.25389 -7.30836 0
      vertex -4 -6.9282 0
    endloop
  endfacet
  facet normal -0.998629 0.0523421 0
    outer loop
      vertex 7.95617 -0.836227 0
      vertex 8 0 2.5
      vertex 8 0 0
    endloop
  endfacet
  facet normal -0.998629 0.0523421 0
    outer loop
      vertex 8 0 2.5
      vertex 7.95617 -0.836227 0
      vertex 7.95617 -0.836227 2.5
    endloop
  endfacet
  facet normal -0.258818 0.965926 0
    outer loop
      vertex 2.47214 -7.60845 0
      vertex 1.66329 -7.82518 2.5
      vertex 2.47214 -7.60845 2.5
    endloop
  endfacet
  facet normal -0.258818 0.965926 0
    outer loop
      vertex 1.66329 -7.82518 2.5
      vertex 2.47214 -7.60845 0
      vertex 1.66329 -7.82518 0
    endloop
  endfacet
  facet normal 0.629324 0.777143 -0
    outer loop
      vertex -4.70228 -6.47214 0
      vertex -5.35304 -5.94516 2.5
      vertex -4.70228 -6.47214 2.5
    endloop
  endfacet
  facet normal 0.629324 0.777143 0
    outer loop
      vertex -5.35304 -5.94516 2.5
      vertex -4.70228 -6.47214 0
      vertex -5.35304 -5.94516 0
    endloop
  endfacet
  facet normal 0.15643 0.987689 -0
    outer loop
      vertex -0.836227 -7.95617 0
      vertex -1.66329 -7.82518 2.5
      vertex -0.836227 -7.95617 2.5
    endloop
  endfacet
  facet normal 0.15643 0.987689 0
    outer loop
      vertex -1.66329 -7.82518 2.5
      vertex -0.836227 -7.95617 0
      vertex -1.66329 -7.82518 0
    endloop
  endfacet
  facet normal 0.707107 0.707107 0
    outer loop
      vertex -5.35304 -5.94516 2.5
      vertex -5.94516 -5.35304 0
      vertex -5.94516 -5.35304 2.5
    endloop
  endfacet
  facet normal 0.707107 0.707107 0
    outer loop
      vertex -5.94516 -5.35304 0
      vertex -5.35304 -5.94516 2.5
      vertex -5.35304 -5.94516 0
    endloop
  endfacet
  facet normal 0.965926 -0.258818 0
    outer loop
      vertex -7.82518 1.66329 2.5
      vertex -7.60845 2.47214 0
      vertex -7.60845 2.47214 2.5
    endloop
  endfacet
  facet normal 0.965926 -0.258818 0
    outer loop
      vertex -7.60845 2.47214 0
      vertex -7.82518 1.66329 2.5
      vertex -7.82518 1.66329 0
    endloop
  endfacet
  facet normal 0.544634 0.838674 -0
    outer loop
      vertex -4 -6.9282 0
      vertex -4.70228 -6.47214 2.5
      vertex -4 -6.9282 2.5
    endloop
  endfacet
  facet normal 0.544634 0.838674 0
    outer loop
      vertex -4.70228 -6.47214 2.5
      vertex -4 -6.9282 0
      vertex -4.70228 -6.47214 0
    endloop
  endfacet
  facet normal -0.629324 -0.777143 0
    outer loop
      vertex 4.70228 6.47214 0
      vertex 5.35304 5.94516 2.5
      vertex 4.70228 6.47214 2.5
    endloop
  endfacet
  facet normal -0.629324 -0.777143 -0
    outer loop
      vertex 5.35304 5.94516 2.5
      vertex 4.70228 6.47214 0
      vertex 5.35304 5.94516 0
    endloop
  endfacet
  facet normal -0.15643 -0.987689 0
    outer loop
      vertex 0.836227 7.95617 0
      vertex 1.66329 7.82518 2.5
      vertex 0.836227 7.95617 2.5
    endloop
  endfacet
  facet normal -0.15643 -0.987689 -0
    outer loop
      vertex 1.66329 7.82518 2.5
      vertex 0.836227 7.95617 0
      vertex 1.66329 7.82518 0
    endloop
  endfacet
  facet normal -0.544634 -0.838674 0
    outer loop
      vertex 4 6.9282 0
      vertex 4.70228 6.47214 2.5
      vertex 4 6.9282 2.5
    endloop
  endfacet
  facet normal -0.544634 -0.838674 -0
    outer loop
      vertex 4.70228 6.47214 2.5
      vertex 4 6.9282 0
      vertex 4.70228 6.47214 0
    endloop
  endfacet
  facet normal -0.358372 0.933579 0
    outer loop
      vertex 3.25389 -7.30836 0
      vertex 2.47214 -7.60845 2.5
      vertex 3.25389 -7.30836 2.5
    endloop
  endfacet
  facet normal -0.358372 0.933579 0
    outer loop
      vertex 2.47214 -7.60845 2.5
      vertex 3.25389 -7.30836 0
      vertex 2.47214 -7.60845 0
    endloop
  endfacet
  facet normal 0.258818 -0.965926 0
    outer loop
      vertex -2.47214 7.60845 0
      vertex -1.66329 7.82518 2.5
      vertex -2.47214 7.60845 2.5
    endloop
  endfacet
  facet normal 0.258818 -0.965926 0
    outer loop
      vertex -1.66329 7.82518 2.5
      vertex -2.47214 7.60845 0
      vertex -1.66329 7.82518 0
    endloop
  endfacet
  facet normal -0.0523421 -0.998629 0
    outer loop
      vertex 0 8 0
      vertex 0.836227 7.95617 2.5
      vertex 0 8 2.5
    endloop
  endfacet
  facet normal -0.0523421 -0.998629 -0
    outer loop
      vertex 0.836227 7.95617 2.5
      vertex 0 8 0
      vertex 0.836227 7.95617 0
    endloop
  endfacet
  facet normal -0.358372 -0.933579 0
    outer loop
      vertex 2.47214 7.60845 0
      vertex 3.25389 7.30836 2.5
      vertex 2.47214 7.60845 2.5
    endloop
  endfacet
  facet normal -0.358372 -0.933579 -0
    outer loop
      vertex 3.25389 7.30836 2.5
      vertex 2.47214 7.60845 0
      vertex 3.25389 7.30836 0
    endloop
  endfacet
  facet normal -0.965926 0.258818 0
    outer loop
      vertex 7.60845 -2.47214 0
      vertex 7.82518 -1.66329 2.5
      vertex 7.82518 -1.66329 0
    endloop
  endfacet
  facet normal -0.965926 0.258818 0
    outer loop
      vertex 7.82518 -1.66329 2.5
      vertex 7.60845 -2.47214 0
      vertex 7.60845 -2.47214 2.5
    endloop
  endfacet
  facet normal -0.453989 -0.891008 0
    outer loop
      vertex 3.25389 7.30836 0
      vertex 4 6.9282 2.5
      vertex 3.25389 7.30836 2.5
    endloop
  endfacet
  facet normal -0.453989 -0.891008 -0
    outer loop
      vertex 4 6.9282 2.5
      vertex 3.25389 7.30836 0
      vertex 4 6.9282 0
    endloop
  endfacet
  facet normal 0.453989 -0.891008 0
    outer loop
      vertex -4 6.9282 0
      vertex -3.25389 7.30836 2.5
      vertex -4 6.9282 2.5
    endloop
  endfacet
  facet normal 0.453989 -0.891008 0
    outer loop
      vertex -3.25389 7.30836 2.5
      vertex -4 6.9282 0
      vertex -3.25389 7.30836 0
    endloop
  endfacet
  facet normal -0.15643 0.987689 0
    outer loop
      vertex 1.66329 -7.82518 0
      vertex 0.836227 -7.95617 2.5
      vertex 1.66329 -7.82518 2.5
    endloop
  endfacet
  facet normal -0.15643 0.987689 0
    outer loop
      vertex 0.836227 -7.95617 2.5
      vertex 1.66329 -7.82518 0
      vertex 0.836227 -7.95617 0
    endloop
  endfacet
  facet normal 0.258818 0.965926 -0
    outer loop
      vertex -1.66329 -7.82518 0
      vertex -2.47214 -7.60845 2.5
      vertex -1.66329 -7.82518 2.5
    endloop
  endfacet
  facet normal 0.258818 0.965926 0
    outer loop
      vertex -2.47214 -7.60845 2.5
      vertex -1.66329 -7.82518 0
      vertex -2.47214 -7.60845 0
    endloop
  endfacet
  facet normal -0.777143 0.629324 0
    outer loop
      vertex 5.94516 -5.35304 0
      vertex 6.47214 -4.70228 2.5
      vertex 6.47214 -4.70228 0
    endloop
  endfacet
  facet normal -0.777143 0.629324 0
    outer loop
      vertex 6.47214 -4.70228 2.5
      vertex 5.94516 -5.35304 0
      vertex 5.94516 -5.35304 2.5
    endloop
  endfacet
  facet normal -0.891008 0.453989 0
    outer loop
      vertex 6.9282 -4 0
      vertex 7.30836 -3.25389 2.5
      vertex 7.30836 -3.25389 0
    endloop
  endfacet
  facet normal -0.891008 0.453989 0
    outer loop
      vertex 7.30836 -3.25389 2.5
      vertex 6.9282 -4 0
      vertex 6.9282 -4 2.5
    endloop
  endfacet
  facet normal 0.707107 -0.707107 0
    outer loop
      vertex -5.94516 5.35304 2.5
      vertex -5.35304 5.94516 0
      vertex -5.35304 5.94516 2.5
    endloop
  endfacet
  facet normal 0.707107 -0.707107 0
    outer loop
      vertex -5.35304 5.94516 0
      vertex -5.94516 5.35304 2.5
      vertex -5.94516 5.35304 0
    endloop
  endfacet
  facet normal -0.0523421 0.998629 0
    outer loop
      vertex 0.836227 -7.95617 0
      vertex 0 -8 2.5
      vertex 0.836227 -7.95617 2.5
    endloop
  endfacet
  facet normal -0.0523421 0.998629 0
    outer loop
      vertex 0 -8 2.5
      vertex 0.836227 -7.95617 0
      vertex 0 -8 0
    endloop
  endfacet
  facet normal 0.358372 -0.933579 0
    outer loop
      vertex -3.25389 7.30836 0
      vertex -2.47214 7.60845 2.5
      vertex -3.25389 7.30836 2.5
    endloop
  endfacet
  facet normal 0.358372 -0.933579 0
    outer loop
      vertex -2.47214 7.60845 2.5
      vertex -3.25389 7.30836 0
      vertex -2.47214 7.60845 0
    endloop
  endfacet
  facet normal 0.0523421 -0.998629 0
    outer loop
      vertex -0.836227 7.95617 0
      vertex 0 8 2.5
      vertex -0.836227 7.95617 2.5
    endloop
  endfacet
  facet normal 0.0523421 -0.998629 0
    outer loop
      vertex 0 8 2.5
      vertex -0.836227 7.95617 0
      vertex 0 8 0
    endloop
  endfacet
  facet normal -0.453989 0.891008 0
    outer loop
      vertex 4 -6.9282 0
      vertex 3.25389 -7.30836 2.5
      vertex 4 -6.9282 2.5
    endloop
  endfacet
  facet normal -0.453989 0.891008 0
    outer loop
      vertex 3.25389 -7.30836 2.5
      vertex 4 -6.9282 0
      vertex 3.25389 -7.30836 0
    endloop
  endfacet
  facet normal 0.933579 -0.358372 0
    outer loop
      vertex -7.60845 2.47214 2.5
      vertex -7.30836 3.25389 0
      vertex -7.30836 3.25389 2.5
    endloop
  endfacet
  facet normal 0.933579 -0.358372 0
    outer loop
      vertex -7.30836 3.25389 0
      vertex -7.60845 2.47214 2.5
      vertex -7.60845 2.47214 0
    endloop
  endfacet
  facet normal 0.891008 -0.453989 0
    outer loop
      vertex -7.30836 3.25389 2.5
      vertex -6.9282 4 0
      vertex -6.9282 4 2.5
    endloop
  endfacet
  facet normal 0.891008 -0.453989 0
    outer loop
      vertex -6.9282 4 0
      vertex -7.30836 3.25389 2.5
      vertex -7.30836 3.25389 0
    endloop
  endfacet
  facet normal -0.777143 -0.629324 0
    outer loop
      vertex 6.47214 4.70228 0
      vertex 5.94516 5.35304 2.5
      vertex 5.94516 5.35304 0
    endloop
  endfacet
  facet normal -0.777143 -0.629324 0
    outer loop
      vertex 5.94516 5.35304 2.5
      vertex 6.47214 4.70228 0
      vertex 6.47214 4.70228 2.5
    endloop
  endfacet
  facet normal -0.258818 -0.965926 0
    outer loop
      vertex 1.66329 7.82518 0
      vertex 2.47214 7.60845 2.5
      vertex 1.66329 7.82518 2.5
    endloop
  endfacet
  facet normal -0.258818 -0.965926 -0
    outer loop
      vertex 2.47214 7.60845 2.5
      vertex 1.66329 7.82518 0
      vertex 2.47214 7.60845 0
    endloop
  endfacet
  facet normal -0.933579 -0.358372 0
    outer loop
      vertex 7.60845 2.47214 0
      vertex 7.30836 3.25389 2.5
      vertex 7.30836 3.25389 0
    endloop
  endfacet
  facet normal -0.933579 -0.358372 0
    outer loop
      vertex 7.30836 3.25389 2.5
      vertex 7.60845 2.47214 0
      vertex 7.60845 2.47214 2.5
    endloop
  endfacet
  facet normal -0.838674 0.544634 0
    outer loop
      vertex 6.47214 -4.70228 0
      vertex 6.9282 -4 2.5
      vertex 6.9282 -4 0
    endloop
  endfacet
  facet normal -0.838674 0.544634 0
    outer loop
      vertex 6.9282 -4 2.5
      vertex 6.47214 -4.70228 0
      vertex 6.47214 -4.70228 2.5
    endloop
  endfacet
  facet normal 0.998629 0.0523421 0
    outer loop
      vertex -7.95617 -0.836227 2.5
      vertex -8 0 0
      vertex -8 0 2.5
    endloop
  endfacet
  facet normal 0.998629 0.0523421 0
    outer loop
      vertex -8 0 0
      vertex -7.95617 -0.836227 2.5
      vertex -7.95617 -0.836227 0
    endloop
  endfacet
  facet normal -0.707107 -0.707107 0
    outer loop
      vertex 5.94516 5.35304 0
      vertex 5.35304 5.94516 2.5
      vertex 5.35304 5.94516 0
    endloop
  endfacet
  facet normal -0.707107 -0.707107 0
    outer loop
      vertex 5.35304 5.94516 2.5
      vertex 5.94516 5.35304 0
      vertex 5.94516 5.35304 2.5
    endloop
  endfacet
  facet normal -0.891008 -0.453989 0
    outer loop
      vertex 7.30836 3.25389 0
      vertex 6.9282 4 2.5
      vertex 6.9282 4 0
    endloop
  endfacet
  facet normal -0.891008 -0.453989 0
    outer loop
      vertex 6.9282 4 2.5
      vertex 7.30836 3.25389 0
      vertex 7.30836 3.25389 2.5
    endloop
  endfacet
  facet normal 0.838674 -0.544634 0
    outer loop
      vertex -6.9282 4 2.5
      vertex -6.47214 4.70228 0
      vertex -6.47214 4.70228 2.5
    endloop
  endfacet
  facet normal 0.838674 -0.544634 0
    outer loop
      vertex -6.47214 4.70228 0
      vertex -6.9282 4 2.5
      vertex -6.9282 4 0
    endloop
  endfacet
  facet normal 0.987689 -0.15643 0
    outer loop
      vertex -7.95617 0.836227 2.5
      vertex -7.82518 1.66329 0
      vertex -7.82518 1.66329 2.5
    endloop
  endfacet
  facet normal 0.987689 -0.15643 0
    outer loop
      vertex -7.82518 1.66329 0
      vertex -7.95617 0.836227 2.5
      vertex -7.95617 0.836227 0
    endloop
  endfacet
  facet normal 0.777143 -0.629324 0
    outer loop
      vertex -6.47214 4.70228 2.5
      vertex -5.94516 5.35304 0
      vertex -5.94516 5.35304 2.5
    endloop
  endfacet
  facet normal 0.777143 -0.629324 0
    outer loop
      vertex -5.94516 5.35304 0
      vertex -6.47214 4.70228 2.5
      vertex -6.47214 4.70228 0
    endloop
  endfacet
  facet normal 0.629324 -0.777143 0
    outer loop
      vertex -5.35304 5.94516 0
      vertex -4.70228 6.47214 2.5
      vertex -5.35304 5.94516 2.5
    endloop
  endfacet
  facet normal 0.629324 -0.777143 0
    outer loop
      vertex -4.70228 6.47214 2.5
      vertex -5.35304 5.94516 0
      vertex -4.70228 6.47214 0
    endloop
  endfacet
  facet normal 0.544634 -0.838674 0
    outer loop
      vertex -4.70228 6.47214 0
      vertex -4 6.9282 2.5
      vertex -4.70228 6.47214 2.5
    endloop
  endfacet
  facet normal 0.544634 -0.838674 0
    outer loop
      vertex -4 6.9282 2.5
      vertex -4.70228 6.47214 0
      vertex -4 6.9282 0
    endloop
  endfacet
  facet normal 0.891008 0.453989 0
    outer loop
      vertex -6.9282 -4 2.5
      vertex -7.30836 -3.25389 0
      vertex -7.30836 -3.25389 2.5
    endloop
  endfacet
  facet normal 0.891008 0.453989 0
    outer loop
      vertex -7.30836 -3.25389 0
      vertex -6.9282 -4 2.5
      vertex -6.9282 -4 0
    endloop
  endfacet
  facet normal 0.15643 -0.987689 0
    outer loop
      vertex -1.66329 7.82518 0
      vertex -0.836227 7.95617 2.5
      vertex -1.66329 7.82518 2.5
    endloop
  endfacet
  facet normal 0.15643 -0.987689 0
    outer loop
      vertex -0.836227 7.95617 2.5
      vertex -1.66329 7.82518 0
      vertex -0.836227 7.95617 0
    endloop
  endfacet
  facet normal -0.629324 0.777143 0
    outer loop
      vertex 5.35304 -5.94516 0
      vertex 4.70228 -6.47214 2.5
      vertex 5.35304 -5.94516 2.5
    endloop
  endfacet
  facet normal -0.629324 0.777143 0
    outer loop
      vertex 4.70228 -6.47214 2.5
      vertex 5.35304 -5.94516 0
      vertex 4.70228 -6.47214 0
    endloop
  endfacet
  facet normal 0.838674 0.544634 0
    outer loop
      vertex -6.47214 -4.70228 2.5
      vertex -6.9282 -4 0
      vertex -6.9282 -4 2.5
    endloop
  endfacet
  facet normal 0.838674 0.544634 0
    outer loop
      vertex -6.9282 -4 0
      vertex -6.47214 -4.70228 2.5
      vertex -6.47214 -4.70228 0
    endloop
  endfacet
  facet normal 0.987689 0.15643 0
    outer loop
      vertex -7.82518 -1.66329 2.5
      vertex -7.95617 -0.836227 0
      vertex -7.95617 -0.836227 2.5
    endloop
  endfacet
  facet normal 0.987689 0.15643 0
    outer loop
      vertex -7.95617 -0.836227 0
      vertex -7.82518 -1.66329 2.5
      vertex -7.82518 -1.66329 0
    endloop
  endfacet
  facet normal 0.933579 0.358372 0
    outer loop
      vertex -7.30836 -3.25389 2.5
      vertex -7.60845 -2.47214 0
      vertex -7.60845 -2.47214 2.5
    endloop
  endfacet
  facet normal 0.933579 0.358372 0
    outer loop
      vertex -7.60845 -2.47214 0
      vertex -7.30836 -3.25389 2.5
      vertex -7.30836 -3.25389 0
    endloop
  endfacet
  facet normal 0.777143 0.629324 0
    outer loop
      vertex -5.94516 -5.35304 2.5
      vertex -6.47214 -4.70228 0
      vertex -6.47214 -4.70228 2.5
    endloop
  endfacet
  facet normal 0.777143 0.629324 0
    outer loop
      vertex -6.47214 -4.70228 0
      vertex -5.94516 -5.35304 2.5
      vertex -5.94516 -5.35304 0
    endloop
  endfacet
  facet normal -0.544634 0.838674 0
    outer loop
      vertex 4.70228 -6.47214 0
      vertex 4 -6.9282 2.5
      vertex 4.70228 -6.47214 2.5
    endloop
  endfacet
  facet normal -0.544634 0.838674 0
    outer loop
      vertex 4 -6.9282 2.5
      vertex 4.70228 -6.47214 0
      vertex 4 -6.9282 0
    endloop
  endfacet
  facet normal -0.933579 0.358372 0
    outer loop
      vertex 7.30836 -3.25389 0
      vertex 7.60845 -2.47214 2.5
      vertex 7.60845 -2.47214 0
    endloop
  endfacet
  facet normal -0.933579 0.358372 0
    outer loop
      vertex 7.60845 -2.47214 2.5
      vertex 7.30836 -3.25389 0
      vertex 7.30836 -3.25389 2.5
    endloop
  endfacet
  facet normal 0.0523421 0.998629 -0
    outer loop
      vertex 0 -8 0
      vertex -0.836227 -7.95617 2.5
      vertex 0 -8 2.5
    endloop
  endfacet
  facet normal 0.0523421 0.998629 0
    outer loop
      vertex -0.836227 -7.95617 2.5
      vertex 0 -8 0
      vertex -0.836227 -7.95617 0
    endloop
  endfacet
  facet normal 0.998629 -0.0523421 0
    outer loop
      vertex -8 0 2.5
      vertex -7.95617 0.836227 0
      vertex -7.95617 0.836227 2.5
    endloop
  endfacet
  facet normal 0.998629 -0.0523421 0
    outer loop
      vertex -7.95617 0.836227 0
      vertex -8 0 2.5
      vertex -8 0 0
    endloop
  endfacet
  facet normal 0.358372 0.933579 -0
    outer loop
      vertex -2.47214 -7.60845 0
      vertex -3.25389 -7.30836 2.5
      vertex -2.47214 -7.60845 2.5
    endloop
  endfacet
  facet normal 0.358372 0.933579 0
    outer loop
      vertex -3.25389 -7.30836 2.5
      vertex -2.47214 -7.60845 0
      vertex -3.25389 -7.30836 0
    endloop
  endfacet
  facet normal -0.707107 0.707107 0
    outer loop
      vertex 5.35304 -5.94516 0
      vertex 5.94516 -5.35304 2.5
      vertex 5.94516 -5.35304 0
    endloop
  endfacet
  facet normal -0.707107 0.707107 0
    outer loop
      vertex 5.94516 -5.35304 2.5
      vertex 5.35304 -5.94516 0
      vertex 5.35304 -5.94516 2.5
    endloop
  endfacet
endsolid OpenSCAD_Model
