solid OpenSCAD_Model
  facet normal -0.156413 0.987692 0
    outer loop
      vertex -36.6465 -1.66285 0
      vertex -36.8223 -1.69069 4
      vertex -36.6465 -1.66285 4
    endloop
  endfacet
  facet normal -0.156413 0.987692 0
    outer loop
      vertex -36.8223 -1.69069 4
      vertex -36.6465 -1.66285 0
      vertex -36.8223 -1.69069 0
    endloop
  endfacet
  facet normal -0.987633 -0.156783 0
    outer loop
      vertex -35.3093 0.177698 0
      vertex -35.3372 0.35345 4
      vertex -35.3372 0.35345 0
    endloop
  endfacet
  facet normal -0.987633 -0.156783 0
    outer loop
      vertex -35.3372 0.35345 4
      vertex -35.3093 0.177698 0
      vertex -35.3093 0.177698 4
    endloop
  endfacet
  facet normal -0.998633 -0.0522645 0
    outer loop
      vertex -35.3 0 0
      vertex -35.3093 0.177698 4
      vertex -35.3093 0.177698 0
    endloop
  endfacet
  facet normal -0.998633 -0.0522645 0
    outer loop
      vertex -35.3093 0.177698 4
      vertex -35.3 0 0
      vertex -35.3 0 4
    endloop
  endfacet
  facet normal -0.987633 0.156783 0
    outer loop
      vertex -35.3372 -0.35345 0
      vertex -35.3093 -0.177698 4
      vertex -35.3093 -0.177698 0
    endloop
  endfacet
  facet normal -0.987633 0.156783 0
    outer loop
      vertex -35.3093 -0.177698 4
      vertex -35.3372 -0.35345 0
      vertex -35.3372 -0.35345 4
    endloop
  endfacet
  facet normal -0.35823 -0.933633 0
    outer loop
      vertex -36.4747 1.6168 0
      vertex -36.3085 1.55303 4
      vertex -36.4747 1.6168 4
    endloop
  endfacet
  facet normal -0.35823 -0.933633 -0
    outer loop
      vertex -36.3085 1.55303 4
      vertex -36.4747 1.6168 0
      vertex -36.3085 1.55303 0
    endloop
  endfacet
  facet normal -0.454125 0.890938 0
    outer loop
      vertex -36.15 -1.47224 0
      vertex -36.3085 -1.55303 4
      vertex -36.15 -1.47224 4
    endloop
  endfacet
  facet normal -0.454125 0.890938 0
    outer loop
      vertex -36.3085 -1.55303 4
      vertex -36.15 -1.47224 0
      vertex -36.3085 -1.55303 0
    endloop
  endfacet
  facet normal -0.454125 -0.890938 0
    outer loop
      vertex -36.3085 1.55303 0
      vertex -36.15 1.47224 4
      vertex -36.3085 1.55303 4
    endloop
  endfacet
  facet normal -0.454125 -0.890938 -0
    outer loop
      vertex -36.15 1.47224 4
      vertex -36.3085 1.55303 0
      vertex -36.15 1.47224 0
    endloop
  endfacet
  facet normal -0.258905 -0.965903 0
    outer loop
      vertex -36.6465 1.66285 0
      vertex -36.4747 1.6168 4
      vertex -36.6465 1.66285 4
    endloop
  endfacet
  facet normal -0.258905 -0.965903 -0
    outer loop
      vertex -36.4747 1.6168 4
      vertex -36.6465 1.66285 0
      vertex -36.4747 1.6168 0
    endloop
  endfacet
  facet normal 0.35823 -0.933633 0
    outer loop
      vertex -37.6915 1.55303 0
      vertex -37.5253 1.6168 4
      vertex -37.6915 1.55303 4
    endloop
  endfacet
  facet normal 0.35823 -0.933633 0
    outer loop
      vertex -37.5253 1.6168 4
      vertex -37.6915 1.55303 0
      vertex -37.5253 1.6168 0
    endloop
  endfacet
  facet normal -0.777096 0.629382 0
    outer loop
      vertex -35.7367 -1.13752 0
      vertex -35.6247 -0.999234 4
      vertex -35.6247 -0.999234 0
    endloop
  endfacet
  facet normal -0.777096 0.629382 0
    outer loop
      vertex -35.6247 -0.999234 4
      vertex -35.7367 -1.13752 0
      vertex -35.7367 -1.13752 4
    endloop
  endfacet
  facet normal -0.35823 0.933633 0
    outer loop
      vertex -36.3085 -1.55303 0
      vertex -36.4747 -1.6168 4
      vertex -36.3085 -1.55303 4
    endloop
  endfacet
  facet normal -0.35823 0.933633 0
    outer loop
      vertex -36.4747 -1.6168 4
      vertex -36.3085 -1.55303 0
      vertex -36.4747 -1.6168 0
    endloop
  endfacet
  facet normal 0.89097 -0.454063 0
    outer loop
      vertex -38.553 0.691452 4
      vertex -38.4722 0.849999 0
      vertex -38.4722 0.849999 4
    endloop
  endfacet
  facet normal 0.89097 -0.454063 0
    outer loop
      vertex -38.4722 0.849999 0
      vertex -38.553 0.691452 4
      vertex -38.553 0.691452 0
    endloop
  endfacet
  facet normal 0.629276 0.777182 -0
    outer loop
      vertex -37.9992 -1.37533 0
      vertex -38.1375 -1.26335 4
      vertex -37.9992 -1.37533 4
    endloop
  endfacet
  facet normal 0.629276 0.777182 0
    outer loop
      vertex -38.1375 -1.26335 4
      vertex -37.9992 -1.37533 0
      vertex -38.1375 -1.26335 0
    endloop
  endfacet
  facet normal -0.258905 0.965903 0
    outer loop
      vertex -36.4747 -1.6168 0
      vertex -36.6465 -1.66285 4
      vertex -36.4747 -1.6168 4
    endloop
  endfacet
  facet normal -0.258905 0.965903 0
    outer loop
      vertex -36.6465 -1.66285 4
      vertex -36.4747 -1.6168 0
      vertex -36.6465 -1.66285 0
    endloop
  endfacet
  facet normal -0.998633 0.0522645 0
    outer loop
      vertex -35.3093 -0.177698 0
      vertex -35.3 0 4
      vertex -35.3 0 0
    endloop
  endfacet
  facet normal -0.998633 0.0522645 0
    outer loop
      vertex -35.3 0 4
      vertex -35.3093 -0.177698 0
      vertex -35.3093 -0.177698 4
    endloop
  endfacet
  facet normal 0.258905 0.965903 -0
    outer loop
      vertex -37.3535 -1.66285 0
      vertex -37.5253 -1.6168 4
      vertex -37.3535 -1.66285 4
    endloop
  endfacet
  facet normal 0.258905 0.965903 0
    outer loop
      vertex -37.5253 -1.6168 4
      vertex -37.3535 -1.66285 0
      vertex -37.5253 -1.6168 0
    endloop
  endfacet
  facet normal -0.544712 -0.838623 0
    outer loop
      vertex -36.15 1.47224 0
      vertex -36.0008 1.37533 4
      vertex -36.15 1.47224 4
    endloop
  endfacet
  facet normal -0.544712 -0.838623 -0
    outer loop
      vertex -36.0008 1.37533 4
      vertex -36.15 1.47224 0
      vertex -36.0008 1.37533 0
    endloop
  endfacet
  facet normal 0.0523199 0.99863 -0
    outer loop
      vertex -37 -1.7 0
      vertex -37.1777 -1.69069 4
      vertex -37 -1.7 4
    endloop
  endfacet
  facet normal 0.0523199 0.99863 0
    outer loop
      vertex -37.1777 -1.69069 4
      vertex -37 -1.7 0
      vertex -37.1777 -1.69069 0
    endloop
  endfacet
  facet normal -0.838707 -0.544582 0
    outer loop
      vertex -35.5278 0.849999 0
      vertex -35.6247 0.999234 4
      vertex -35.6247 0.999234 0
    endloop
  endfacet
  facet normal -0.838707 -0.544582 0
    outer loop
      vertex -35.6247 0.999234 4
      vertex -35.5278 0.849999 0
      vertex -35.5278 0.849999 4
    endloop
  endfacet
  facet normal -0.0523199 0.99863 0
    outer loop
      vertex -36.8223 -1.69069 0
      vertex -37 -1.7 4
      vertex -36.8223 -1.69069 4
    endloop
  endfacet
  facet normal -0.0523199 0.99863 0
    outer loop
      vertex -37 -1.7 4
      vertex -36.8223 -1.69069 0
      vertex -37 -1.7 0
    endloop
  endfacet
  facet normal 0.454125 -0.890938 0
    outer loop
      vertex -37.85 1.47224 0
      vertex -37.6915 1.55303 4
      vertex -37.85 1.47224 4
    endloop
  endfacet
  facet normal 0.454125 -0.890938 0
    outer loop
      vertex -37.6915 1.55303 4
      vertex -37.85 1.47224 0
      vertex -37.6915 1.55303 0
    endloop
  endfacet
  facet normal -0.89097 -0.454063 0
    outer loop
      vertex -35.447 0.691452 0
      vertex -35.5278 0.849999 4
      vertex -35.5278 0.849999 0
    endloop
  endfacet
  facet normal -0.89097 -0.454063 0
    outer loop
      vertex -35.5278 0.849999 4
      vertex -35.447 0.691452 0
      vertex -35.447 0.691452 4
    endloop
  endfacet
  facet normal 0.987633 -0.156783 0
    outer loop
      vertex -38.6907 0.177698 4
      vertex -38.6628 0.35345 0
      vertex -38.6628 0.35345 4
    endloop
  endfacet
  facet normal 0.987633 -0.156783 0
    outer loop
      vertex -38.6628 0.35345 0
      vertex -38.6907 0.177698 4
      vertex -38.6907 0.177698 0
    endloop
  endfacet
  facet normal 0.933521 0.358522 0
    outer loop
      vertex -38.553 -0.691452 4
      vertex -38.6168 -0.525329 0
      vertex -38.6168 -0.525329 4
    endloop
  endfacet
  facet normal 0.933521 0.358522 0
    outer loop
      vertex -38.6168 -0.525329 0
      vertex -38.553 -0.691452 4
      vertex -38.553 -0.691452 0
    endloop
  endfacet
  facet normal 0.987633 0.156783 0
    outer loop
      vertex -38.6628 -0.35345 4
      vertex -38.6907 -0.177698 0
      vertex -38.6907 -0.177698 4
    endloop
  endfacet
  facet normal 0.987633 0.156783 0
    outer loop
      vertex -38.6907 -0.177698 0
      vertex -38.6628 -0.35345 4
      vertex -38.6628 -0.35345 0
    endloop
  endfacet
  facet normal -0.707191 0.707022 0
    outer loop
      vertex -35.8625 -1.26335 0
      vertex -35.7367 -1.13752 4
      vertex -35.7367 -1.13752 0
    endloop
  endfacet
  facet normal -0.707191 0.707022 0
    outer loop
      vertex -35.7367 -1.13752 4
      vertex -35.8625 -1.26335 0
      vertex -35.8625 -1.26335 4
    endloop
  endfacet
  facet normal -0.933521 -0.358522 0
    outer loop
      vertex -35.3832 0.525329 0
      vertex -35.447 0.691452 4
      vertex -35.447 0.691452 0
    endloop
  endfacet
  facet normal -0.933521 -0.358522 0
    outer loop
      vertex -35.447 0.691452 4
      vertex -35.3832 0.525329 0
      vertex -35.3832 0.525329 4
    endloop
  endfacet
  facet normal 0.777096 0.629382 0
    outer loop
      vertex -38.2633 -1.13752 4
      vertex -38.3753 -0.999234 0
      vertex -38.3753 -0.999234 4
    endloop
  endfacet
  facet normal 0.777096 0.629382 0
    outer loop
      vertex -38.3753 -0.999234 0
      vertex -38.2633 -1.13752 4
      vertex -38.2633 -1.13752 0
    endloop
  endfacet
  facet normal -0.777096 -0.629382 0
    outer loop
      vertex -35.6247 0.999234 0
      vertex -35.7367 1.13752 4
      vertex -35.7367 1.13752 0
    endloop
  endfacet
  facet normal -0.777096 -0.629382 0
    outer loop
      vertex -35.7367 1.13752 4
      vertex -35.6247 0.999234 0
      vertex -35.6247 0.999234 4
    endloop
  endfacet
  facet normal 0.777096 -0.629382 0
    outer loop
      vertex -38.3753 0.999234 4
      vertex -38.2633 1.13752 0
      vertex -38.2633 1.13752 4
    endloop
  endfacet
  facet normal 0.777096 -0.629382 0
    outer loop
      vertex -38.2633 1.13752 0
      vertex -38.3753 0.999234 4
      vertex -38.3753 0.999234 0
    endloop
  endfacet
  facet normal 0.629276 -0.777182 0
    outer loop
      vertex -38.1375 1.26335 0
      vertex -37.9992 1.37533 4
      vertex -38.1375 1.26335 4
    endloop
  endfacet
  facet normal 0.629276 -0.777182 0
    outer loop
      vertex -37.9992 1.37533 4
      vertex -38.1375 1.26335 0
      vertex -37.9992 1.37533 0
    endloop
  endfacet
  facet normal 0.544712 0.838623 -0
    outer loop
      vertex -37.85 -1.47224 0
      vertex -37.9992 -1.37533 4
      vertex -37.85 -1.47224 4
    endloop
  endfacet
  facet normal 0.544712 0.838623 0
    outer loop
      vertex -37.9992 -1.37533 4
      vertex -37.85 -1.47224 0
      vertex -37.9992 -1.37533 0
    endloop
  endfacet
  facet normal -0.707191 -0.707022 0
    outer loop
      vertex -35.7367 1.13752 0
      vertex -35.8625 1.26335 4
      vertex -35.8625 1.26335 0
    endloop
  endfacet
  facet normal -0.707191 -0.707022 0
    outer loop
      vertex -35.8625 1.26335 4
      vertex -35.7367 1.13752 0
      vertex -35.7367 1.13752 4
    endloop
  endfacet
  facet normal -0.966003 0.258531 0
    outer loop
      vertex -35.3832 -0.525329 0
      vertex -35.3372 -0.35345 4
      vertex -35.3372 -0.35345 0
    endloop
  endfacet
  facet normal -0.966003 0.258531 0
    outer loop
      vertex -35.3372 -0.35345 4
      vertex -35.3832 -0.525329 0
      vertex -35.3832 -0.525329 4
    endloop
  endfacet
  facet normal 0.156413 0.987692 -0
    outer loop
      vertex -37.1777 -1.69069 0
      vertex -37.3535 -1.66285 4
      vertex -37.1777 -1.69069 4
    endloop
  endfacet
  facet normal 0.156413 0.987692 0
    outer loop
      vertex -37.3535 -1.66285 4
      vertex -37.1777 -1.69069 0
      vertex -37.3535 -1.66285 0
    endloop
  endfacet
  facet normal 0.838707 -0.544582 0
    outer loop
      vertex -38.4722 0.849999 4
      vertex -38.3753 0.999234 0
      vertex -38.3753 0.999234 4
    endloop
  endfacet
  facet normal 0.838707 -0.544582 0
    outer loop
      vertex -38.3753 0.999234 0
      vertex -38.4722 0.849999 4
      vertex -38.4722 0.849999 0
    endloop
  endfacet
  facet normal 0.156413 -0.987692 0
    outer loop
      vertex -37.3535 1.66285 0
      vertex -37.1777 1.69069 4
      vertex -37.3535 1.66285 4
    endloop
  endfacet
  facet normal 0.156413 -0.987692 0
    outer loop
      vertex -37.1777 1.69069 4
      vertex -37.3535 1.66285 0
      vertex -37.1777 1.69069 0
    endloop
  endfacet
  facet normal 0.258905 -0.965903 0
    outer loop
      vertex -37.5253 1.6168 0
      vertex -37.3535 1.66285 4
      vertex -37.5253 1.6168 4
    endloop
  endfacet
  facet normal 0.258905 -0.965903 0
    outer loop
      vertex -37.3535 1.66285 4
      vertex -37.5253 1.6168 0
      vertex -37.3535 1.66285 0
    endloop
  endfacet
  facet normal 0.544712 -0.838623 0
    outer loop
      vertex -37.9992 1.37533 0
      vertex -37.85 1.47224 4
      vertex -37.9992 1.37533 4
    endloop
  endfacet
  facet normal 0.544712 -0.838623 0
    outer loop
      vertex -37.85 1.47224 4
      vertex -37.9992 1.37533 0
      vertex -37.85 1.47224 0
    endloop
  endfacet
  facet normal -0.629276 -0.777182 0
    outer loop
      vertex -36.0008 1.37533 0
      vertex -35.8625 1.26335 4
      vertex -36.0008 1.37533 4
    endloop
  endfacet
  facet normal -0.629276 -0.777182 -0
    outer loop
      vertex -35.8625 1.26335 4
      vertex -36.0008 1.37533 0
      vertex -35.8625 1.26335 0
    endloop
  endfacet
  facet normal 0.966003 0.258531 0
    outer loop
      vertex -38.6168 -0.525329 4
      vertex -38.6628 -0.35345 0
      vertex -38.6628 -0.35345 4
    endloop
  endfacet
  facet normal 0.966003 0.258531 0
    outer loop
      vertex -38.6628 -0.35345 0
      vertex -38.6168 -0.525329 4
      vertex -38.6168 -0.525329 0
    endloop
  endfacet
  facet normal 0.966003 -0.258531 0
    outer loop
      vertex -38.6628 0.35345 4
      vertex -38.6168 0.525329 0
      vertex -38.6168 0.525329 4
    endloop
  endfacet
  facet normal 0.966003 -0.258531 0
    outer loop
      vertex -38.6168 0.525329 0
      vertex -38.6628 0.35345 4
      vertex -38.6628 0.35345 0
    endloop
  endfacet
  facet normal -0.966003 -0.258531 0
    outer loop
      vertex -35.3372 0.35345 0
      vertex -35.3832 0.525329 4
      vertex -35.3832 0.525329 0
    endloop
  endfacet
  facet normal -0.966003 -0.258531 0
    outer loop
      vertex -35.3832 0.525329 4
      vertex -35.3372 0.35345 0
      vertex -35.3372 0.35345 4
    endloop
  endfacet
  facet normal -0.933521 0.358522 0
    outer loop
      vertex -35.447 -0.691452 0
      vertex -35.3832 -0.525329 4
      vertex -35.3832 -0.525329 0
    endloop
  endfacet
  facet normal -0.933521 0.358522 0
    outer loop
      vertex -35.3832 -0.525329 4
      vertex -35.447 -0.691452 0
      vertex -35.447 -0.691452 4
    endloop
  endfacet
  facet normal 0.998633 0.0522645 0
    outer loop
      vertex -38.6907 -0.177698 4
      vertex -38.7 0 0
      vertex -38.7 0 4
    endloop
  endfacet
  facet normal 0.998633 0.0522645 0
    outer loop
      vertex -38.7 0 0
      vertex -38.6907 -0.177698 4
      vertex -38.6907 -0.177698 0
    endloop
  endfacet
  facet normal 0.707191 -0.707022 0
    outer loop
      vertex -38.2633 1.13752 4
      vertex -38.1375 1.26335 0
      vertex -38.1375 1.26335 4
    endloop
  endfacet
  facet normal 0.707191 -0.707022 0
    outer loop
      vertex -38.1375 1.26335 0
      vertex -38.2633 1.13752 4
      vertex -38.2633 1.13752 0
    endloop
  endfacet
  facet normal -0.544712 0.838623 0
    outer loop
      vertex -36.0008 -1.37533 0
      vertex -36.15 -1.47224 4
      vertex -36.0008 -1.37533 4
    endloop
  endfacet
  facet normal -0.544712 0.838623 0
    outer loop
      vertex -36.15 -1.47224 4
      vertex -36.0008 -1.37533 0
      vertex -36.15 -1.47224 0
    endloop
  endfacet
  facet normal 0.0523199 -0.99863 0
    outer loop
      vertex -37.1777 1.69069 0
      vertex -37 1.7 4
      vertex -37.1777 1.69069 4
    endloop
  endfacet
  facet normal 0.0523199 -0.99863 0
    outer loop
      vertex -37 1.7 4
      vertex -37.1777 1.69069 0
      vertex -37 1.7 0
    endloop
  endfacet
  facet normal 0.89097 0.454063 0
    outer loop
      vertex -38.4722 -0.849999 4
      vertex -38.553 -0.691452 0
      vertex -38.553 -0.691452 4
    endloop
  endfacet
  facet normal 0.89097 0.454063 0
    outer loop
      vertex -38.553 -0.691452 0
      vertex -38.4722 -0.849999 4
      vertex -38.4722 -0.849999 0
    endloop
  endfacet
  facet normal -0.0523199 -0.99863 0
    outer loop
      vertex -37 1.7 0
      vertex -36.8223 1.69069 4
      vertex -37 1.7 4
    endloop
  endfacet
  facet normal -0.0523199 -0.99863 -0
    outer loop
      vertex -36.8223 1.69069 4
      vertex -37 1.7 0
      vertex -36.8223 1.69069 0
    endloop
  endfacet
  facet normal -0.89097 0.454063 0
    outer loop
      vertex -35.5278 -0.849999 0
      vertex -35.447 -0.691452 4
      vertex -35.447 -0.691452 0
    endloop
  endfacet
  facet normal -0.89097 0.454063 0
    outer loop
      vertex -35.447 -0.691452 4
      vertex -35.5278 -0.849999 0
      vertex -35.5278 -0.849999 4
    endloop
  endfacet
  facet normal -0.629276 0.777182 0
    outer loop
      vertex -35.8625 -1.26335 0
      vertex -36.0008 -1.37533 4
      vertex -35.8625 -1.26335 4
    endloop
  endfacet
  facet normal -0.629276 0.777182 0
    outer loop
      vertex -36.0008 -1.37533 4
      vertex -35.8625 -1.26335 0
      vertex -36.0008 -1.37533 0
    endloop
  endfacet
  facet normal -0.838707 0.544582 0
    outer loop
      vertex -35.6247 -0.999234 0
      vertex -35.5278 -0.849999 4
      vertex -35.5278 -0.849999 0
    endloop
  endfacet
  facet normal -0.838707 0.544582 0
    outer loop
      vertex -35.5278 -0.849999 4
      vertex -35.6247 -0.999234 0
      vertex -35.6247 -0.999234 4
    endloop
  endfacet
  facet normal 0.838707 0.544582 0
    outer loop
      vertex -38.3753 -0.999234 4
      vertex -38.4722 -0.849999 0
      vertex -38.4722 -0.849999 4
    endloop
  endfacet
  facet normal 0.838707 0.544582 0
    outer loop
      vertex -38.4722 -0.849999 0
      vertex -38.3753 -0.999234 4
      vertex -38.3753 -0.999234 0
    endloop
  endfacet
  facet normal 0.933521 -0.358522 0
    outer loop
      vertex -38.6168 0.525329 4
      vertex -38.553 0.691452 0
      vertex -38.553 0.691452 4
    endloop
  endfacet
  facet normal 0.933521 -0.358522 0
    outer loop
      vertex -38.553 0.691452 0
      vertex -38.6168 0.525329 4
      vertex -38.6168 0.525329 0
    endloop
  endfacet
  facet normal 0.998633 -0.0522645 0
    outer loop
      vertex -38.7 0 4
      vertex -38.6907 0.177698 0
      vertex -38.6907 0.177698 4
    endloop
  endfacet
  facet normal 0.998633 -0.0522645 0
    outer loop
      vertex -38.6907 0.177698 0
      vertex -38.7 0 4
      vertex -38.7 0 0
    endloop
  endfacet
  facet normal 0.454125 0.890938 -0
    outer loop
      vertex -37.6915 -1.55303 0
      vertex -37.85 -1.47224 4
      vertex -37.6915 -1.55303 4
    endloop
  endfacet
  facet normal 0.454125 0.890938 0
    outer loop
      vertex -37.85 -1.47224 4
      vertex -37.6915 -1.55303 0
      vertex -37.85 -1.47224 0
    endloop
  endfacet
  facet normal 0.707191 0.707022 0
    outer loop
      vertex -38.1375 -1.26335 4
      vertex -38.2633 -1.13752 0
      vertex -38.2633 -1.13752 4
    endloop
  endfacet
  facet normal 0.707191 0.707022 0
    outer loop
      vertex -38.2633 -1.13752 0
      vertex -38.1375 -1.26335 4
      vertex -38.1375 -1.26335 0
    endloop
  endfacet
  facet normal -0.156413 -0.987692 0
    outer loop
      vertex -36.8223 1.69069 0
      vertex -36.6465 1.66285 4
      vertex -36.8223 1.69069 4
    endloop
  endfacet
  facet normal -0.156413 -0.987692 -0
    outer loop
      vertex -36.6465 1.66285 4
      vertex -36.8223 1.69069 0
      vertex -36.6465 1.66285 0
    endloop
  endfacet
  facet normal 0.35823 0.933633 -0
    outer loop
      vertex -37.5253 -1.6168 0
      vertex -37.6915 -1.55303 4
      vertex -37.5253 -1.6168 4
    endloop
  endfacet
  facet normal 0.35823 0.933633 0
    outer loop
      vertex -37.6915 -1.55303 4
      vertex -37.5253 -1.6168 0
      vertex -37.6915 -1.55303 0
    endloop
  endfacet
  facet normal -0.987633 -0.156783 0
    outer loop
      vertex 38.6907 0.177698 0
      vertex 38.6628 0.35345 4
      vertex 38.6628 0.35345 0
    endloop
  endfacet
  facet normal -0.987633 -0.156783 0
    outer loop
      vertex 38.6628 0.35345 4
      vertex 38.6907 0.177698 0
      vertex 38.6907 0.177698 4
    endloop
  endfacet
  facet normal -0.998633 -0.0522645 0
    outer loop
      vertex 38.7 0 0
      vertex 38.6907 0.177698 4
      vertex 38.6907 0.177698 0
    endloop
  endfacet
  facet normal -0.998633 -0.0522645 0
    outer loop
      vertex 38.6907 0.177698 4
      vertex 38.7 0 0
      vertex 38.7 0 4
    endloop
  endfacet
  facet normal -0.629276 -0.777182 0
    outer loop
      vertex 37.9992 1.37533 0
      vertex 38.1375 1.26335 4
      vertex 37.9992 1.37533 4
    endloop
  endfacet
  facet normal -0.629276 -0.777182 -0
    outer loop
      vertex 38.1375 1.26335 4
      vertex 37.9992 1.37533 0
      vertex 38.1375 1.26335 0
    endloop
  endfacet
  facet normal -0.258905 0.965903 0
    outer loop
      vertex 37.5253 -1.6168 0
      vertex 37.3535 -1.66285 4
      vertex 37.5253 -1.6168 4
    endloop
  endfacet
  facet normal -0.258905 0.965903 0
    outer loop
      vertex 37.3535 -1.66285 4
      vertex 37.5253 -1.6168 0
      vertex 37.3535 -1.66285 0
    endloop
  endfacet
  facet normal 0.35823 0.933633 -0
    outer loop
      vertex 36.4747 -1.6168 0
      vertex 36.3085 -1.55303 4
      vertex 36.4747 -1.6168 4
    endloop
  endfacet
  facet normal 0.35823 0.933633 0
    outer loop
      vertex 36.3085 -1.55303 4
      vertex 36.4747 -1.6168 0
      vertex 36.3085 -1.55303 0
    endloop
  endfacet
  facet normal -0.966003 -0.258531 0
    outer loop
      vertex 38.6628 0.35345 0
      vertex 38.6168 0.525329 4
      vertex 38.6168 0.525329 0
    endloop
  endfacet
  facet normal -0.966003 -0.258531 0
    outer loop
      vertex 38.6168 0.525329 4
      vertex 38.6628 0.35345 0
      vertex 38.6628 0.35345 4
    endloop
  endfacet
  facet normal -0.987633 0.156783 0
    outer loop
      vertex 38.6628 -0.35345 0
      vertex 38.6907 -0.177698 4
      vertex 38.6907 -0.177698 0
    endloop
  endfacet
  facet normal -0.987633 0.156783 0
    outer loop
      vertex 38.6907 -0.177698 4
      vertex 38.6628 -0.35345 0
      vertex 38.6628 -0.35345 4
    endloop
  endfacet
  facet normal -0.777096 0.629382 0
    outer loop
      vertex 38.2633 -1.13752 0
      vertex 38.3753 -0.999234 4
      vertex 38.3753 -0.999234 0
    endloop
  endfacet
  facet normal -0.777096 0.629382 0
    outer loop
      vertex 38.3753 -0.999234 4
      vertex 38.2633 -1.13752 0
      vertex 38.2633 -1.13752 4
    endloop
  endfacet
  facet normal -0.35823 -0.933633 0
    outer loop
      vertex 37.5253 1.6168 0
      vertex 37.6915 1.55303 4
      vertex 37.5253 1.6168 4
    endloop
  endfacet
  facet normal -0.35823 -0.933633 -0
    outer loop
      vertex 37.6915 1.55303 4
      vertex 37.5253 1.6168 0
      vertex 37.6915 1.55303 0
    endloop
  endfacet
  facet normal -0.998633 0.0522645 0
    outer loop
      vertex 38.6907 -0.177698 0
      vertex 38.7 0 4
      vertex 38.7 0 0
    endloop
  endfacet
  facet normal -0.998633 0.0522645 0
    outer loop
      vertex 38.7 0 4
      vertex 38.6907 -0.177698 0
      vertex 38.6907 -0.177698 4
    endloop
  endfacet
  facet normal -0.707191 0.707022 0
    outer loop
      vertex 38.1375 -1.26335 0
      vertex 38.2633 -1.13752 4
      vertex 38.2633 -1.13752 0
    endloop
  endfacet
  facet normal -0.707191 0.707022 0
    outer loop
      vertex 38.2633 -1.13752 4
      vertex 38.1375 -1.26335 0
      vertex 38.1375 -1.26335 4
    endloop
  endfacet
  facet normal 0.544712 -0.838623 0
    outer loop
      vertex 36.0008 1.37533 0
      vertex 36.15 1.47224 4
      vertex 36.0008 1.37533 4
    endloop
  endfacet
  facet normal 0.544712 -0.838623 0
    outer loop
      vertex 36.15 1.47224 4
      vertex 36.0008 1.37533 0
      vertex 36.15 1.47224 0
    endloop
  endfacet
  facet normal -0.454125 -0.890938 0
    outer loop
      vertex 37.6915 1.55303 0
      vertex 37.85 1.47224 4
      vertex 37.6915 1.55303 4
    endloop
  endfacet
  facet normal -0.454125 -0.890938 -0
    outer loop
      vertex 37.85 1.47224 4
      vertex 37.6915 1.55303 0
      vertex 37.85 1.47224 0
    endloop
  endfacet
  facet normal 0.156413 0.987692 -0
    outer loop
      vertex 36.8223 -1.69069 0
      vertex 36.6465 -1.66285 4
      vertex 36.8223 -1.69069 4
    endloop
  endfacet
  facet normal 0.156413 0.987692 0
    outer loop
      vertex 36.6465 -1.66285 4
      vertex 36.8223 -1.69069 0
      vertex 36.6465 -1.66285 0
    endloop
  endfacet
  facet normal -0.777096 -0.629382 0
    outer loop
      vertex 38.3753 0.999234 0
      vertex 38.2633 1.13752 4
      vertex 38.2633 1.13752 0
    endloop
  endfacet
  facet normal -0.777096 -0.629382 0
    outer loop
      vertex 38.2633 1.13752 4
      vertex 38.3753 0.999234 0
      vertex 38.3753 0.999234 4
    endloop
  endfacet
  facet normal 0.998633 -0.0522645 0
    outer loop
      vertex 35.3 0 4
      vertex 35.3093 0.177698 0
      vertex 35.3093 0.177698 4
    endloop
  endfacet
  facet normal 0.998633 -0.0522645 0
    outer loop
      vertex 35.3093 0.177698 0
      vertex 35.3 0 4
      vertex 35.3 0 0
    endloop
  endfacet
  facet normal 0.933521 0.358522 0
    outer loop
      vertex 35.447 -0.691452 4
      vertex 35.3832 -0.525329 0
      vertex 35.3832 -0.525329 4
    endloop
  endfacet
  facet normal 0.933521 0.358522 0
    outer loop
      vertex 35.3832 -0.525329 0
      vertex 35.447 -0.691452 4
      vertex 35.447 -0.691452 0
    endloop
  endfacet
  facet normal -0.544712 -0.838623 0
    outer loop
      vertex 37.85 1.47224 0
      vertex 37.9992 1.37533 4
      vertex 37.85 1.47224 4
    endloop
  endfacet
  facet normal -0.544712 -0.838623 -0
    outer loop
      vertex 37.9992 1.37533 4
      vertex 37.85 1.47224 0
      vertex 37.9992 1.37533 0
    endloop
  endfacet
  facet normal 0.629276 -0.777182 0
    outer loop
      vertex 35.8625 1.26335 0
      vertex 36.0008 1.37533 4
      vertex 35.8625 1.26335 4
    endloop
  endfacet
  facet normal 0.629276 -0.777182 0
    outer loop
      vertex 36.0008 1.37533 4
      vertex 35.8625 1.26335 0
      vertex 36.0008 1.37533 0
    endloop
  endfacet
  facet normal -0.629276 0.777182 0
    outer loop
      vertex 38.1375 -1.26335 0
      vertex 37.9992 -1.37533 4
      vertex 38.1375 -1.26335 4
    endloop
  endfacet
  facet normal -0.629276 0.777182 0
    outer loop
      vertex 37.9992 -1.37533 4
      vertex 38.1375 -1.26335 0
      vertex 37.9992 -1.37533 0
    endloop
  endfacet
  facet normal -0.258905 -0.965903 0
    outer loop
      vertex 37.3535 1.66285 0
      vertex 37.5253 1.6168 4
      vertex 37.3535 1.66285 4
    endloop
  endfacet
  facet normal -0.258905 -0.965903 -0
    outer loop
      vertex 37.5253 1.6168 4
      vertex 37.3535 1.66285 0
      vertex 37.5253 1.6168 0
    endloop
  endfacet
  facet normal -0.933521 -0.358522 0
    outer loop
      vertex 38.6168 0.525329 0
      vertex 38.553 0.691452 4
      vertex 38.553 0.691452 0
    endloop
  endfacet
  facet normal -0.933521 -0.358522 0
    outer loop
      vertex 38.553 0.691452 4
      vertex 38.6168 0.525329 0
      vertex 38.6168 0.525329 4
    endloop
  endfacet
  facet normal -0.156413 0.987692 0
    outer loop
      vertex 37.3535 -1.66285 0
      vertex 37.1777 -1.69069 4
      vertex 37.3535 -1.66285 4
    endloop
  endfacet
  facet normal -0.156413 0.987692 0
    outer loop
      vertex 37.1777 -1.69069 4
      vertex 37.3535 -1.66285 0
      vertex 37.1777 -1.69069 0
    endloop
  endfacet
  facet normal -0.0523199 -0.99863 0
    outer loop
      vertex 37 1.7 0
      vertex 37.1777 1.69069 4
      vertex 37 1.7 4
    endloop
  endfacet
  facet normal -0.0523199 -0.99863 -0
    outer loop
      vertex 37.1777 1.69069 4
      vertex 37 1.7 0
      vertex 37.1777 1.69069 0
    endloop
  endfacet
  facet normal 0.89097 0.454063 0
    outer loop
      vertex 35.5278 -0.849999 4
      vertex 35.447 -0.691452 0
      vertex 35.447 -0.691452 4
    endloop
  endfacet
  facet normal 0.89097 0.454063 0
    outer loop
      vertex 35.447 -0.691452 0
      vertex 35.5278 -0.849999 4
      vertex 35.5278 -0.849999 0
    endloop
  endfacet
  facet normal 0.156413 -0.987692 0
    outer loop
      vertex 36.6465 1.66285 0
      vertex 36.8223 1.69069 4
      vertex 36.6465 1.66285 4
    endloop
  endfacet
  facet normal 0.156413 -0.987692 0
    outer loop
      vertex 36.8223 1.69069 4
      vertex 36.6465 1.66285 0
      vertex 36.8223 1.69069 0
    endloop
  endfacet
  facet normal 0.777096 -0.629382 0
    outer loop
      vertex 35.6247 0.999234 4
      vertex 35.7367 1.13752 0
      vertex 35.7367 1.13752 4
    endloop
  endfacet
  facet normal 0.777096 -0.629382 0
    outer loop
      vertex 35.7367 1.13752 0
      vertex 35.6247 0.999234 4
      vertex 35.6247 0.999234 0
    endloop
  endfacet
  facet normal 0.707191 0.707022 0
    outer loop
      vertex 35.8625 -1.26335 4
      vertex 35.7367 -1.13752 0
      vertex 35.7367 -1.13752 4
    endloop
  endfacet
  facet normal 0.707191 0.707022 0
    outer loop
      vertex 35.7367 -1.13752 0
      vertex 35.8625 -1.26335 4
      vertex 35.8625 -1.26335 0
    endloop
  endfacet
  facet normal -0.933521 0.358522 0
    outer loop
      vertex 38.553 -0.691452 0
      vertex 38.6168 -0.525329 4
      vertex 38.6168 -0.525329 0
    endloop
  endfacet
  facet normal -0.933521 0.358522 0
    outer loop
      vertex 38.6168 -0.525329 4
      vertex 38.553 -0.691452 0
      vertex 38.553 -0.691452 4
    endloop
  endfacet
  facet normal -0.35823 0.933633 0
    outer loop
      vertex 37.6915 -1.55303 0
      vertex 37.5253 -1.6168 4
      vertex 37.6915 -1.55303 4
    endloop
  endfacet
  facet normal -0.35823 0.933633 0
    outer loop
      vertex 37.5253 -1.6168 4
      vertex 37.6915 -1.55303 0
      vertex 37.5253 -1.6168 0
    endloop
  endfacet
  facet normal 0.838707 -0.544582 0
    outer loop
      vertex 35.5278 0.849999 4
      vertex 35.6247 0.999234 0
      vertex 35.6247 0.999234 4
    endloop
  endfacet
  facet normal 0.838707 -0.544582 0
    outer loop
      vertex 35.6247 0.999234 0
      vertex 35.5278 0.849999 4
      vertex 35.5278 0.849999 0
    endloop
  endfacet
  facet normal 0.0523199 0.99863 -0
    outer loop
      vertex 37 -1.7 0
      vertex 36.8223 -1.69069 4
      vertex 37 -1.7 4
    endloop
  endfacet
  facet normal 0.0523199 0.99863 0
    outer loop
      vertex 36.8223 -1.69069 4
      vertex 37 -1.7 0
      vertex 36.8223 -1.69069 0
    endloop
  endfacet
  facet normal 0.0523199 -0.99863 0
    outer loop
      vertex 36.8223 1.69069 0
      vertex 37 1.7 4
      vertex 36.8223 1.69069 4
    endloop
  endfacet
  facet normal 0.0523199 -0.99863 0
    outer loop
      vertex 37 1.7 4
      vertex 36.8223 1.69069 0
      vertex 37 1.7 0
    endloop
  endfacet
  facet normal -0.838707 -0.544582 0
    outer loop
      vertex 38.4722 0.849999 0
      vertex 38.3753 0.999234 4
      vertex 38.3753 0.999234 0
    endloop
  endfacet
  facet normal -0.838707 -0.544582 0
    outer loop
      vertex 38.3753 0.999234 4
      vertex 38.4722 0.849999 0
      vertex 38.4722 0.849999 4
    endloop
  endfacet
  facet normal -0.966003 0.258531 0
    outer loop
      vertex 38.6168 -0.525329 0
      vertex 38.6628 -0.35345 4
      vertex 38.6628 -0.35345 0
    endloop
  endfacet
  facet normal -0.966003 0.258531 0
    outer loop
      vertex 38.6628 -0.35345 4
      vertex 38.6168 -0.525329 0
      vertex 38.6168 -0.525329 4
    endloop
  endfacet
  facet normal 0.838707 0.544582 0
    outer loop
      vertex 35.6247 -0.999234 4
      vertex 35.5278 -0.849999 0
      vertex 35.5278 -0.849999 4
    endloop
  endfacet
  facet normal 0.838707 0.544582 0
    outer loop
      vertex 35.5278 -0.849999 0
      vertex 35.6247 -0.999234 4
      vertex 35.6247 -0.999234 0
    endloop
  endfacet
  facet normal -0.89097 -0.454063 0
    outer loop
      vertex 38.553 0.691452 0
      vertex 38.4722 0.849999 4
      vertex 38.4722 0.849999 0
    endloop
  endfacet
  facet normal -0.89097 -0.454063 0
    outer loop
      vertex 38.4722 0.849999 4
      vertex 38.553 0.691452 0
      vertex 38.553 0.691452 4
    endloop
  endfacet
  facet normal 0.258905 -0.965903 0
    outer loop
      vertex 36.4747 1.6168 0
      vertex 36.6465 1.66285 4
      vertex 36.4747 1.6168 4
    endloop
  endfacet
  facet normal 0.258905 -0.965903 0
    outer loop
      vertex 36.6465 1.66285 4
      vertex 36.4747 1.6168 0
      vertex 36.6465 1.66285 0
    endloop
  endfacet
  facet normal 0.35823 -0.933633 0
    outer loop
      vertex 36.3085 1.55303 0
      vertex 36.4747 1.6168 4
      vertex 36.3085 1.55303 4
    endloop
  endfacet
  facet normal 0.35823 -0.933633 0
    outer loop
      vertex 36.4747 1.6168 4
      vertex 36.3085 1.55303 0
      vertex 36.4747 1.6168 0
    endloop
  endfacet
  facet normal 0.777096 0.629382 0
    outer loop
      vertex 35.7367 -1.13752 4
      vertex 35.6247 -0.999234 0
      vertex 35.6247 -0.999234 4
    endloop
  endfacet
  facet normal 0.777096 0.629382 0
    outer loop
      vertex 35.6247 -0.999234 0
      vertex 35.7367 -1.13752 4
      vertex 35.7367 -1.13752 0
    endloop
  endfacet
  facet normal 0.998633 0.0522645 0
    outer loop
      vertex 35.3093 -0.177698 4
      vertex 35.3 0 0
      vertex 35.3 0 4
    endloop
  endfacet
  facet normal 0.998633 0.0522645 0
    outer loop
      vertex 35.3 0 0
      vertex 35.3093 -0.177698 4
      vertex 35.3093 -0.177698 0
    endloop
  endfacet
  facet normal -0.0523199 0.99863 0
    outer loop
      vertex 37.1777 -1.69069 0
      vertex 37 -1.7 4
      vertex 37.1777 -1.69069 4
    endloop
  endfacet
  facet normal -0.0523199 0.99863 0
    outer loop
      vertex 37 -1.7 4
      vertex 37.1777 -1.69069 0
      vertex 37 -1.7 0
    endloop
  endfacet
  facet normal 0.966003 0.258531 0
    outer loop
      vertex 35.3832 -0.525329 4
      vertex 35.3372 -0.35345 0
      vertex 35.3372 -0.35345 4
    endloop
  endfacet
  facet normal 0.966003 0.258531 0
    outer loop
      vertex 35.3372 -0.35345 0
      vertex 35.3832 -0.525329 4
      vertex 35.3832 -0.525329 0
    endloop
  endfacet
  facet normal 0.544712 0.838623 -0
    outer loop
      vertex 36.15 -1.47224 0
      vertex 36.0008 -1.37533 4
      vertex 36.15 -1.47224 4
    endloop
  endfacet
  facet normal 0.544712 0.838623 0
    outer loop
      vertex 36.0008 -1.37533 4
      vertex 36.15 -1.47224 0
      vertex 36.0008 -1.37533 0
    endloop
  endfacet
  facet normal 0.707191 -0.707022 0
    outer loop
      vertex 35.7367 1.13752 4
      vertex 35.8625 1.26335 0
      vertex 35.8625 1.26335 4
    endloop
  endfacet
  facet normal 0.707191 -0.707022 0
    outer loop
      vertex 35.8625 1.26335 0
      vertex 35.7367 1.13752 4
      vertex 35.7367 1.13752 0
    endloop
  endfacet
  facet normal 0.454125 0.890938 -0
    outer loop
      vertex 36.3085 -1.55303 0
      vertex 36.15 -1.47224 4
      vertex 36.3085 -1.55303 4
    endloop
  endfacet
  facet normal 0.454125 0.890938 0
    outer loop
      vertex 36.15 -1.47224 4
      vertex 36.3085 -1.55303 0
      vertex 36.15 -1.47224 0
    endloop
  endfacet
  facet normal 0.987633 0.156783 0
    outer loop
      vertex 35.3372 -0.35345 4
      vertex 35.3093 -0.177698 0
      vertex 35.3093 -0.177698 4
    endloop
  endfacet
  facet normal 0.987633 0.156783 0
    outer loop
      vertex 35.3093 -0.177698 0
      vertex 35.3372 -0.35345 4
      vertex 35.3372 -0.35345 0
    endloop
  endfacet
  facet normal 0.933521 -0.358522 0
    outer loop
      vertex 35.3832 0.525329 4
      vertex 35.447 0.691452 0
      vertex 35.447 0.691452 4
    endloop
  endfacet
  facet normal 0.933521 -0.358522 0
    outer loop
      vertex 35.447 0.691452 0
      vertex 35.3832 0.525329 4
      vertex 35.3832 0.525329 0
    endloop
  endfacet
  facet normal -0.707191 -0.707022 0
    outer loop
      vertex 38.2633 1.13752 0
      vertex 38.1375 1.26335 4
      vertex 38.1375 1.26335 0
    endloop
  endfacet
  facet normal -0.707191 -0.707022 0
    outer loop
      vertex 38.1375 1.26335 4
      vertex 38.2633 1.13752 0
      vertex 38.2633 1.13752 4
    endloop
  endfacet
  facet normal -0.838707 0.544582 0
    outer loop
      vertex 38.3753 -0.999234 0
      vertex 38.4722 -0.849999 4
      vertex 38.4722 -0.849999 0
    endloop
  endfacet
  facet normal -0.838707 0.544582 0
    outer loop
      vertex 38.4722 -0.849999 4
      vertex 38.3753 -0.999234 0
      vertex 38.3753 -0.999234 4
    endloop
  endfacet
  facet normal -0.156413 -0.987692 0
    outer loop
      vertex 37.1777 1.69069 0
      vertex 37.3535 1.66285 4
      vertex 37.1777 1.69069 4
    endloop
  endfacet
  facet normal -0.156413 -0.987692 -0
    outer loop
      vertex 37.3535 1.66285 4
      vertex 37.1777 1.69069 0
      vertex 37.3535 1.66285 0
    endloop
  endfacet
  facet normal 0.987633 -0.156783 0
    outer loop
      vertex 35.3093 0.177698 4
      vertex 35.3372 0.35345 0
      vertex 35.3372 0.35345 4
    endloop
  endfacet
  facet normal 0.987633 -0.156783 0
    outer loop
      vertex 35.3372 0.35345 0
      vertex 35.3093 0.177698 4
      vertex 35.3093 0.177698 0
    endloop
  endfacet
  facet normal 0.454125 -0.890938 0
    outer loop
      vertex 36.15 1.47224 0
      vertex 36.3085 1.55303 4
      vertex 36.15 1.47224 4
    endloop
  endfacet
  facet normal 0.454125 -0.890938 0
    outer loop
      vertex 36.3085 1.55303 4
      vertex 36.15 1.47224 0
      vertex 36.3085 1.55303 0
    endloop
  endfacet
  facet normal -0.544712 0.838623 0
    outer loop
      vertex 37.9992 -1.37533 0
      vertex 37.85 -1.47224 4
      vertex 37.9992 -1.37533 4
    endloop
  endfacet
  facet normal -0.544712 0.838623 0
    outer loop
      vertex 37.85 -1.47224 4
      vertex 37.9992 -1.37533 0
      vertex 37.85 -1.47224 0
    endloop
  endfacet
  facet normal -0.454125 0.890938 0
    outer loop
      vertex 37.85 -1.47224 0
      vertex 37.6915 -1.55303 4
      vertex 37.85 -1.47224 4
    endloop
  endfacet
  facet normal -0.454125 0.890938 0
    outer loop
      vertex 37.6915 -1.55303 4
      vertex 37.85 -1.47224 0
      vertex 37.6915 -1.55303 0
    endloop
  endfacet
  facet normal -0.89097 0.454063 0
    outer loop
      vertex 38.4722 -0.849999 0
      vertex 38.553 -0.691452 4
      vertex 38.553 -0.691452 0
    endloop
  endfacet
  facet normal -0.89097 0.454063 0
    outer loop
      vertex 38.553 -0.691452 4
      vertex 38.4722 -0.849999 0
      vertex 38.4722 -0.849999 4
    endloop
  endfacet
  facet normal 0.966003 -0.258531 0
    outer loop
      vertex 35.3372 0.35345 4
      vertex 35.3832 0.525329 0
      vertex 35.3832 0.525329 4
    endloop
  endfacet
  facet normal 0.966003 -0.258531 0
    outer loop
      vertex 35.3832 0.525329 0
      vertex 35.3372 0.35345 4
      vertex 35.3372 0.35345 0
    endloop
  endfacet
  facet normal 0.89097 -0.454063 0
    outer loop
      vertex 35.447 0.691452 4
      vertex 35.5278 0.849999 0
      vertex 35.5278 0.849999 4
    endloop
  endfacet
  facet normal 0.89097 -0.454063 0
    outer loop
      vertex 35.5278 0.849999 0
      vertex 35.447 0.691452 4
      vertex 35.447 0.691452 0
    endloop
  endfacet
  facet normal 0.629276 0.777182 -0
    outer loop
      vertex 36.0008 -1.37533 0
      vertex 35.8625 -1.26335 4
      vertex 36.0008 -1.37533 4
    endloop
  endfacet
  facet normal 0.629276 0.777182 0
    outer loop
      vertex 35.8625 -1.26335 4
      vertex 36.0008 -1.37533 0
      vertex 35.8625 -1.26335 0
    endloop
  endfacet
  facet normal 0.258905 0.965903 -0
    outer loop
      vertex 36.6465 -1.66285 0
      vertex 36.4747 -1.6168 4
      vertex 36.6465 -1.66285 4
    endloop
  endfacet
  facet normal 0.258905 0.965903 0
    outer loop
      vertex 36.4747 -1.6168 4
      vertex 36.6465 -1.66285 0
      vertex 36.4747 -1.6168 0
    endloop
  endfacet
  facet normal -0.156785 0.987633 0
    outer loop
      vertex -5.64655 94.3372 0
      vertex -5.8223 94.3093 4
      vertex -5.64655 94.3372 4
    endloop
  endfacet
  facet normal -0.156785 0.987633 0
    outer loop
      vertex -5.8223 94.3093 4
      vertex -5.64655 94.3372 0
      vertex -5.8223 94.3093 0
    endloop
  endfacet
  facet normal -0.987678 -0.156499 0
    outer loop
      vertex -4.30931 96.1777 0
      vertex -4.33715 96.3534 4
      vertex -4.33715 96.3534 0
    endloop
  endfacet
  facet normal -0.987678 -0.156499 0
    outer loop
      vertex -4.33715 96.3534 4
      vertex -4.30931 96.1777 0
      vertex -4.30931 96.1777 4
    endloop
  endfacet
  facet normal -0.99863 -0.0523199 0
    outer loop
      vertex -4.3 96 0
      vertex -4.30931 96.1777 4
      vertex -4.30931 96.1777 0
    endloop
  endfacet
  facet normal -0.99863 -0.0523199 0
    outer loop
      vertex -4.30931 96.1777 4
      vertex -4.3 96 0
      vertex -4.3 96 4
    endloop
  endfacet
  facet normal 0.25853 0.966003 -0
    outer loop
      vertex -6.35345 94.3372 0
      vertex -6.52533 94.3832 4
      vertex -6.35345 94.3372 4
    endloop
  endfacet
  facet normal 0.25853 0.966003 0
    outer loop
      vertex -6.52533 94.3832 4
      vertex -6.35345 94.3372 0
      vertex -6.52533 94.3832 0
    endloop
  endfacet
  facet normal 0.629371 -0.777105 0
    outer loop
      vertex -7.13752 97.2633 0
      vertex -6.99923 97.3753 4
      vertex -7.13752 97.2633 4
    endloop
  endfacet
  facet normal 0.629371 -0.777105 0
    outer loop
      vertex -6.99923 97.3753 4
      vertex -7.13752 97.2633 0
      vertex -6.99923 97.3753 0
    endloop
  endfacet
  facet normal -0.54457 0.838716 0
    outer loop
      vertex -5.00076 94.6247 0
      vertex -5.15 94.5278 4
      vertex -5.00076 94.6247 4
    endloop
  endfacet
  facet normal -0.54457 0.838716 0
    outer loop
      vertex -5.15 94.5278 4
      vertex -5.00076 94.6247 0
      vertex -5.15 94.5278 0
    endloop
  endfacet
  facet normal 0.933633 0.35823 0
    outer loop
      vertex -7.55303 95.3085 4
      vertex -7.6168 95.4747 0
      vertex -7.6168 95.4747 4
    endloop
  endfacet
  facet normal 0.933633 0.35823 0
    outer loop
      vertex -7.6168 95.4747 0
      vertex -7.55303 95.3085 4
      vertex -7.55303 95.3085 0
    endloop
  endfacet
  facet normal -0.777182 -0.629276 0
    outer loop
      vertex -4.62467 96.9992 0
      vertex -4.73665 97.1375 4
      vertex -4.73665 97.1375 0
    endloop
  endfacet
  facet normal -0.777182 -0.629276 0
    outer loop
      vertex -4.73665 97.1375 4
      vertex -4.62467 96.9992 0
      vertex -4.62467 96.9992 4
    endloop
  endfacet
  facet normal 0.707022 -0.707191 0
    outer loop
      vertex -7.26335 97.1375 4
      vertex -7.13752 97.2633 0
      vertex -7.13752 97.2633 4
    endloop
  endfacet
  facet normal 0.707022 -0.707191 0
    outer loop
      vertex -7.13752 97.2633 0
      vertex -7.26335 97.1375 4
      vertex -7.26335 97.1375 0
    endloop
  endfacet
  facet normal -0.0522639 -0.998633 0
    outer loop
      vertex -6 97.7 0
      vertex -5.8223 97.6907 4
      vertex -6 97.7 4
    endloop
  endfacet
  facet normal -0.0522639 -0.998633 -0
    outer loop
      vertex -5.8223 97.6907 4
      vertex -6 97.7 0
      vertex -5.8223 97.6907 0
    endloop
  endfacet
  facet normal -0.838623 0.544712 0
    outer loop
      vertex -4.62467 95.0008 0
      vertex -4.52776 95.15 4
      vertex -4.52776 95.15 0
    endloop
  endfacet
  facet normal -0.838623 0.544712 0
    outer loop
      vertex -4.52776 95.15 4
      vertex -4.62467 95.0008 0
      vertex -4.62467 95.0008 4
    endloop
  endfacet
  facet normal 0.99863 0.0523199 0
    outer loop
      vertex -7.69069 95.8223 4
      vertex -7.7 96 0
      vertex -7.7 96 4
    endloop
  endfacet
  facet normal 0.99863 0.0523199 0
    outer loop
      vertex -7.7 96 0
      vertex -7.69069 95.8223 4
      vertex -7.69069 95.8223 0
    endloop
  endfacet
  facet normal -0.933633 0.35823 0
    outer loop
      vertex -4.44697 95.3085 0
      vertex -4.3832 95.4747 4
      vertex -4.3832 95.4747 0
    endloop
  endfacet
  facet normal -0.933633 0.35823 0
    outer loop
      vertex -4.3832 95.4747 4
      vertex -4.44697 95.3085 0
      vertex -4.44697 95.3085 4
    endloop
  endfacet
  facet normal -0.25853 0.966003 0
    outer loop
      vertex -5.47467 94.3832 0
      vertex -5.64655 94.3372 4
      vertex -5.47467 94.3832 4
    endloop
  endfacet
  facet normal -0.25853 0.966003 0
    outer loop
      vertex -5.64655 94.3372 4
      vertex -5.47467 94.3832 0
      vertex -5.64655 94.3372 0
    endloop
  endfacet
  facet normal -0.358527 -0.933519 0
    outer loop
      vertex -5.47467 97.6168 0
      vertex -5.30855 97.553 4
      vertex -5.47467 97.6168 4
    endloop
  endfacet
  facet normal -0.358527 -0.933519 -0
    outer loop
      vertex -5.30855 97.553 4
      vertex -5.47467 97.6168 0
      vertex -5.30855 97.553 0
    endloop
  endfacet
  facet normal -0.629399 -0.777083 0
    outer loop
      vertex -5.00076 97.3753 0
      vertex -4.86248 97.2633 4
      vertex -5.00076 97.3753 4
    endloop
  endfacet
  facet normal -0.629399 -0.777083 -0
    outer loop
      vertex -4.86248 97.2633 4
      vertex -5.00076 97.3753 0
      vertex -4.86248 97.2633 0
    endloop
  endfacet
  facet normal 0.707022 0.707191 0
    outer loop
      vertex -7.13752 94.7367 4
      vertex -7.26335 94.8625 0
      vertex -7.26335 94.8625 4
    endloop
  endfacet
  facet normal 0.707022 0.707191 0
    outer loop
      vertex -7.26335 94.8625 0
      vertex -7.13752 94.7367 4
      vertex -7.13752 94.7367 0
    endloop
  endfacet
  facet normal -0.25853 -0.966003 0
    outer loop
      vertex -5.64655 97.6628 0
      vertex -5.47467 97.6168 4
      vertex -5.64655 97.6628 4
    endloop
  endfacet
  facet normal -0.25853 -0.966003 -0
    outer loop
      vertex -5.47467 97.6168 4
      vertex -5.64655 97.6628 0
      vertex -5.47467 97.6168 0
    endloop
  endfacet
  facet normal 0.777182 -0.629276 0
    outer loop
      vertex -7.37533 96.9992 4
      vertex -7.26335 97.1375 0
      vertex -7.26335 97.1375 4
    endloop
  endfacet
  facet normal 0.777182 -0.629276 0
    outer loop
      vertex -7.26335 97.1375 0
      vertex -7.37533 96.9992 4
      vertex -7.37533 96.9992 0
    endloop
  endfacet
  facet normal -0.965903 0.258905 0
    outer loop
      vertex -4.3832 95.4747 0
      vertex -4.33715 95.6465 4
      vertex -4.33715 95.6465 0
    endloop
  endfacet
  facet normal -0.965903 0.258905 0
    outer loop
      vertex -4.33715 95.6465 4
      vertex -4.3832 95.4747 0
      vertex -4.3832 95.4747 4
    endloop
  endfacet
  facet normal 0.454056 -0.890973 0
    outer loop
      vertex -6.85 97.4722 0
      vertex -6.69145 97.553 4
      vertex -6.85 97.4722 4
    endloop
  endfacet
  facet normal 0.454056 -0.890973 0
    outer loop
      vertex -6.69145 97.553 4
      vertex -6.85 97.4722 0
      vertex -6.69145 97.553 0
    endloop
  endfacet
  facet normal -0.454056 -0.890973 0
    outer loop
      vertex -5.30855 97.553 0
      vertex -5.15 97.4722 4
      vertex -5.30855 97.553 4
    endloop
  endfacet
  facet normal -0.454056 -0.890973 -0
    outer loop
      vertex -5.15 97.4722 4
      vertex -5.30855 97.553 0
      vertex -5.15 97.4722 0
    endloop
  endfacet
  facet normal -0.777182 0.629276 0
    outer loop
      vertex -4.73665 94.8625 0
      vertex -4.62467 95.0008 4
      vertex -4.62467 95.0008 0
    endloop
  endfacet
  facet normal -0.777182 0.629276 0
    outer loop
      vertex -4.62467 95.0008 4
      vertex -4.73665 94.8625 0
      vertex -4.73665 94.8625 4
    endloop
  endfacet
  facet normal -0.838623 -0.544712 0
    outer loop
      vertex -4.52776 96.85 0
      vertex -4.62467 96.9992 4
      vertex -4.62467 96.9992 0
    endloop
  endfacet
  facet normal -0.838623 -0.544712 0
    outer loop
      vertex -4.62467 96.9992 4
      vertex -4.52776 96.85 0
      vertex -4.52776 96.85 4
    endloop
  endfacet
  facet normal 0.965903 0.258905 0
    outer loop
      vertex -7.6168 95.4747 4
      vertex -7.66285 95.6465 0
      vertex -7.66285 95.6465 4
    endloop
  endfacet
  facet normal 0.965903 0.258905 0
    outer loop
      vertex -7.66285 95.6465 0
      vertex -7.6168 95.4747 4
      vertex -7.6168 95.4747 0
    endloop
  endfacet
  facet normal 0.25853 -0.966003 0
    outer loop
      vertex -6.52533 97.6168 0
      vertex -6.35345 97.6628 4
      vertex -6.52533 97.6168 4
    endloop
  endfacet
  facet normal 0.25853 -0.966003 0
    outer loop
      vertex -6.35345 97.6628 4
      vertex -6.52533 97.6168 0
      vertex -6.35345 97.6628 0
    endloop
  endfacet
  facet normal -0.933633 -0.35823 0
    outer loop
      vertex -4.3832 96.5253 0
      vertex -4.44697 96.6915 4
      vertex -4.44697 96.6915 0
    endloop
  endfacet
  facet normal -0.933633 -0.35823 0
    outer loop
      vertex -4.44697 96.6915 4
      vertex -4.3832 96.5253 0
      vertex -4.3832 96.5253 4
    endloop
  endfacet
  facet normal 0.358527 -0.933519 0
    outer loop
      vertex -6.69145 97.553 0
      vertex -6.52533 97.6168 4
      vertex -6.69145 97.553 4
    endloop
  endfacet
  facet normal 0.358527 -0.933519 0
    outer loop
      vertex -6.52533 97.6168 4
      vertex -6.69145 97.553 0
      vertex -6.52533 97.6168 0
    endloop
  endfacet
  facet normal 0.965941 -0.258764 0
    outer loop
      vertex -7.66285 96.3534 4
      vertex -7.6168 96.5253 0
      vertex -7.6168 96.5253 4
    endloop
  endfacet
  facet normal 0.965941 -0.258764 0
    outer loop
      vertex -7.6168 96.5253 0
      vertex -7.66285 96.3534 4
      vertex -7.66285 96.3534 0
    endloop
  endfacet
  facet normal -0.156785 -0.987633 0
    outer loop
      vertex -5.8223 97.6907 0
      vertex -5.64655 97.6628 4
      vertex -5.8223 97.6907 4
    endloop
  endfacet
  facet normal -0.156785 -0.987633 -0
    outer loop
      vertex -5.64655 97.6628 4
      vertex -5.8223 97.6907 0
      vertex -5.64655 97.6628 0
    endloop
  endfacet
  facet normal -0.890938 0.454125 0
    outer loop
      vertex -4.52776 95.15 0
      vertex -4.44697 95.3085 4
      vertex -4.44697 95.3085 0
    endloop
  endfacet
  facet normal -0.890938 0.454125 0
    outer loop
      vertex -4.44697 95.3085 4
      vertex -4.52776 95.15 0
      vertex -4.52776 95.15 4
    endloop
  endfacet
  facet normal 0.156785 -0.987633 0
    outer loop
      vertex -6.35345 97.6628 0
      vertex -6.1777 97.6907 4
      vertex -6.35345 97.6628 4
    endloop
  endfacet
  facet normal 0.156785 -0.987633 0
    outer loop
      vertex -6.1777 97.6907 4
      vertex -6.35345 97.6628 0
      vertex -6.1777 97.6907 0
    endloop
  endfacet
  facet normal -0.890938 -0.454125 0
    outer loop
      vertex -4.44697 96.6915 0
      vertex -4.52776 96.85 4
      vertex -4.52776 96.85 0
    endloop
  endfacet
  facet normal -0.890938 -0.454125 0
    outer loop
      vertex -4.52776 96.85 4
      vertex -4.44697 96.6915 0
      vertex -4.44697 96.6915 4
    endloop
  endfacet
  facet normal -0.54457 -0.838716 0
    outer loop
      vertex -5.15 97.4722 0
      vertex -5.00076 97.3753 4
      vertex -5.15 97.4722 4
    endloop
  endfacet
  facet normal -0.54457 -0.838716 -0
    outer loop
      vertex -5.00076 97.3753 4
      vertex -5.15 97.4722 0
      vertex -5.00076 97.3753 0
    endloop
  endfacet
  facet normal 0.0522639 -0.998633 0
    outer loop
      vertex -6.1777 97.6907 0
      vertex -6 97.7 4
      vertex -6.1777 97.6907 4
    endloop
  endfacet
  facet normal 0.0522639 -0.998633 0
    outer loop
      vertex -6 97.7 4
      vertex -6.1777 97.6907 0
      vertex -6 97.7 0
    endloop
  endfacet
  facet normal 0.890938 0.454125 0
    outer loop
      vertex -7.47224 95.15 4
      vertex -7.55303 95.3085 0
      vertex -7.55303 95.3085 4
    endloop
  endfacet
  facet normal 0.890938 0.454125 0
    outer loop
      vertex -7.55303 95.3085 0
      vertex -7.47224 95.15 4
      vertex -7.47224 95.15 0
    endloop
  endfacet
  facet normal -0.358527 0.933519 0
    outer loop
      vertex -5.30855 94.447 0
      vertex -5.47467 94.3832 4
      vertex -5.30855 94.447 4
    endloop
  endfacet
  facet normal -0.358527 0.933519 0
    outer loop
      vertex -5.47467 94.3832 4
      vertex -5.30855 94.447 0
      vertex -5.47467 94.3832 0
    endloop
  endfacet
  facet normal -0.987692 0.156413 0
    outer loop
      vertex -4.33715 95.6465 0
      vertex -4.30931 95.8223 4
      vertex -4.30931 95.8223 0
    endloop
  endfacet
  facet normal -0.987692 0.156413 0
    outer loop
      vertex -4.30931 95.8223 4
      vertex -4.33715 95.6465 0
      vertex -4.33715 95.6465 4
    endloop
  endfacet
  facet normal -0.99863 0.0523199 0
    outer loop
      vertex -4.30931 95.8223 0
      vertex -4.3 96 4
      vertex -4.3 96 0
    endloop
  endfacet
  facet normal -0.99863 0.0523199 0
    outer loop
      vertex -4.3 96 4
      vertex -4.30931 95.8223 0
      vertex -4.30931 95.8223 4
    endloop
  endfacet
  facet normal 0.987692 0.156413 0
    outer loop
      vertex -7.66285 95.6465 4
      vertex -7.69069 95.8223 0
      vertex -7.69069 95.8223 4
    endloop
  endfacet
  facet normal 0.987692 0.156413 0
    outer loop
      vertex -7.69069 95.8223 0
      vertex -7.66285 95.6465 4
      vertex -7.66285 95.6465 0
    endloop
  endfacet
  facet normal -0.0522639 0.998633 0
    outer loop
      vertex -5.8223 94.3093 0
      vertex -6 94.3 4
      vertex -5.8223 94.3093 4
    endloop
  endfacet
  facet normal -0.0522639 0.998633 0
    outer loop
      vertex -6 94.3 4
      vertex -5.8223 94.3093 0
      vertex -6 94.3 0
    endloop
  endfacet
  facet normal 0.838623 -0.544712 0
    outer loop
      vertex -7.47224 96.85 4
      vertex -7.37533 96.9992 0
      vertex -7.37533 96.9992 4
    endloop
  endfacet
  facet normal 0.838623 -0.544712 0
    outer loop
      vertex -7.37533 96.9992 0
      vertex -7.47224 96.85 4
      vertex -7.47224 96.85 0
    endloop
  endfacet
  facet normal 0.544595 -0.838699 0
    outer loop
      vertex -6.99923 97.3753 0
      vertex -6.85 97.4722 4
      vertex -6.99923 97.3753 4
    endloop
  endfacet
  facet normal 0.544595 -0.838699 0
    outer loop
      vertex -6.85 97.4722 4
      vertex -6.99923 97.3753 0
      vertex -6.85 97.4722 0
    endloop
  endfacet
  facet normal -0.965941 -0.258764 0
    outer loop
      vertex -4.33715 96.3534 0
      vertex -4.3832 96.5253 4
      vertex -4.3832 96.5253 0
    endloop
  endfacet
  facet normal -0.965941 -0.258764 0
    outer loop
      vertex -4.3832 96.5253 4
      vertex -4.33715 96.3534 0
      vertex -4.33715 96.3534 4
    endloop
  endfacet
  facet normal 0.0522639 0.998633 -0
    outer loop
      vertex -6 94.3 0
      vertex -6.1777 94.3093 4
      vertex -6 94.3 4
    endloop
  endfacet
  facet normal 0.0522639 0.998633 0
    outer loop
      vertex -6.1777 94.3093 4
      vertex -6 94.3 0
      vertex -6.1777 94.3093 0
    endloop
  endfacet
  facet normal -0.707022 -0.707191 0
    outer loop
      vertex -4.73665 97.1375 0
      vertex -4.86248 97.2633 4
      vertex -4.86248 97.2633 0
    endloop
  endfacet
  facet normal -0.707022 -0.707191 0
    outer loop
      vertex -4.86248 97.2633 4
      vertex -4.73665 97.1375 0
      vertex -4.73665 97.1375 4
    endloop
  endfacet
  facet normal 0.358527 0.933519 -0
    outer loop
      vertex -6.52533 94.3832 0
      vertex -6.69145 94.447 4
      vertex -6.52533 94.3832 4
    endloop
  endfacet
  facet normal 0.358527 0.933519 0
    outer loop
      vertex -6.69145 94.447 4
      vertex -6.52533 94.3832 0
      vertex -6.69145 94.447 0
    endloop
  endfacet
  facet normal -0.707022 0.707191 0
    outer loop
      vertex -4.86248 94.7367 0
      vertex -4.73665 94.8625 4
      vertex -4.73665 94.8625 0
    endloop
  endfacet
  facet normal -0.707022 0.707191 0
    outer loop
      vertex -4.73665 94.8625 4
      vertex -4.86248 94.7367 0
      vertex -4.86248 94.7367 4
    endloop
  endfacet
  facet normal 0.987678 -0.156499 0
    outer loop
      vertex -7.69069 96.1777 4
      vertex -7.66285 96.3534 0
      vertex -7.66285 96.3534 4
    endloop
  endfacet
  facet normal 0.987678 -0.156499 0
    outer loop
      vertex -7.66285 96.3534 0
      vertex -7.69069 96.1777 4
      vertex -7.69069 96.1777 0
    endloop
  endfacet
  facet normal 0.454056 0.890973 -0
    outer loop
      vertex -6.69145 94.447 0
      vertex -6.85 94.5278 4
      vertex -6.69145 94.447 4
    endloop
  endfacet
  facet normal 0.454056 0.890973 0
    outer loop
      vertex -6.85 94.5278 4
      vertex -6.69145 94.447 0
      vertex -6.85 94.5278 0
    endloop
  endfacet
  facet normal 0.777182 0.629276 0
    outer loop
      vertex -7.26335 94.8625 4
      vertex -7.37533 95.0008 0
      vertex -7.37533 95.0008 4
    endloop
  endfacet
  facet normal 0.777182 0.629276 0
    outer loop
      vertex -7.37533 95.0008 0
      vertex -7.26335 94.8625 4
      vertex -7.26335 94.8625 0
    endloop
  endfacet
  facet normal 0.629371 0.777105 -0
    outer loop
      vertex -6.99923 94.6247 0
      vertex -7.13752 94.7367 4
      vertex -6.99923 94.6247 4
    endloop
  endfacet
  facet normal 0.629371 0.777105 0
    outer loop
      vertex -7.13752 94.7367 4
      vertex -6.99923 94.6247 0
      vertex -7.13752 94.7367 0
    endloop
  endfacet
  facet normal 0.156785 0.987633 -0
    outer loop
      vertex -6.1777 94.3093 0
      vertex -6.35345 94.3372 4
      vertex -6.1777 94.3093 4
    endloop
  endfacet
  facet normal 0.156785 0.987633 0
    outer loop
      vertex -6.35345 94.3372 4
      vertex -6.1777 94.3093 0
      vertex -6.35345 94.3372 0
    endloop
  endfacet
  facet normal 0.544595 0.838699 -0
    outer loop
      vertex -6.85 94.5278 0
      vertex -6.99923 94.6247 4
      vertex -6.85 94.5278 4
    endloop
  endfacet
  facet normal 0.544595 0.838699 0
    outer loop
      vertex -6.99923 94.6247 4
      vertex -6.85 94.5278 0
      vertex -6.99923 94.6247 0
    endloop
  endfacet
  facet normal -0.454056 0.890973 0
    outer loop
      vertex -5.15 94.5278 0
      vertex -5.30855 94.447 4
      vertex -5.15 94.5278 4
    endloop
  endfacet
  facet normal -0.454056 0.890973 0
    outer loop
      vertex -5.30855 94.447 4
      vertex -5.15 94.5278 0
      vertex -5.30855 94.447 0
    endloop
  endfacet
  facet normal -0.629399 0.777083 0
    outer loop
      vertex -4.86248 94.7367 0
      vertex -5.00076 94.6247 4
      vertex -4.86248 94.7367 4
    endloop
  endfacet
  facet normal -0.629399 0.777083 0
    outer loop
      vertex -5.00076 94.6247 4
      vertex -4.86248 94.7367 0
      vertex -5.00076 94.6247 0
    endloop
  endfacet
  facet normal 0.838623 0.544712 0
    outer loop
      vertex -7.37533 95.0008 4
      vertex -7.47224 95.15 0
      vertex -7.47224 95.15 4
    endloop
  endfacet
  facet normal 0.838623 0.544712 0
    outer loop
      vertex -7.47224 95.15 0
      vertex -7.37533 95.0008 4
      vertex -7.37533 95.0008 0
    endloop
  endfacet
  facet normal 0.99863 -0.0523199 0
    outer loop
      vertex -7.7 96 4
      vertex -7.69069 96.1777 0
      vertex -7.69069 96.1777 4
    endloop
  endfacet
  facet normal 0.99863 -0.0523199 0
    outer loop
      vertex -7.69069 96.1777 0
      vertex -7.7 96 4
      vertex -7.7 96 0
    endloop
  endfacet
  facet normal 0.890938 -0.454125 0
    outer loop
      vertex -7.55303 96.6915 4
      vertex -7.47224 96.85 0
      vertex -7.47224 96.85 4
    endloop
  endfacet
  facet normal 0.890938 -0.454125 0
    outer loop
      vertex -7.47224 96.85 0
      vertex -7.55303 96.6915 4
      vertex -7.55303 96.6915 0
    endloop
  endfacet
  facet normal 0.933633 -0.35823 0
    outer loop
      vertex -7.6168 96.5253 4
      vertex -7.55303 96.6915 0
      vertex -7.55303 96.6915 4
    endloop
  endfacet
  facet normal 0.933633 -0.35823 0
    outer loop
      vertex -7.55303 96.6915 0
      vertex -7.6168 96.5253 4
      vertex -7.6168 96.5253 0
    endloop
  endfacet
  facet normal 0.54457 -0.838716 0
    outer loop
      vertex 5.00076 97.3753 0
      vertex 5.15 97.4722 4
      vertex 5.00076 97.3753 4
    endloop
  endfacet
  facet normal 0.54457 -0.838716 0
    outer loop
      vertex 5.15 97.4722 4
      vertex 5.00076 97.3753 0
      vertex 5.15 97.4722 0
    endloop
  endfacet
  facet normal -0.156785 0.987633 0
    outer loop
      vertex 6.35345 94.3372 0
      vertex 6.1777 94.3093 4
      vertex 6.35345 94.3372 4
    endloop
  endfacet
  facet normal -0.156785 0.987633 0
    outer loop
      vertex 6.1777 94.3093 4
      vertex 6.35345 94.3372 0
      vertex 6.1777 94.3093 0
    endloop
  endfacet
  facet normal -0.987678 -0.156499 0
    outer loop
      vertex 7.69069 96.1777 0
      vertex 7.66285 96.3534 4
      vertex 7.66285 96.3534 0
    endloop
  endfacet
  facet normal -0.987678 -0.156499 0
    outer loop
      vertex 7.66285 96.3534 4
      vertex 7.69069 96.1777 0
      vertex 7.69069 96.1777 4
    endloop
  endfacet
  facet normal -0.99863 -0.0523199 0
    outer loop
      vertex 7.7 96 0
      vertex 7.69069 96.1777 4
      vertex 7.69069 96.1777 0
    endloop
  endfacet
  facet normal -0.99863 -0.0523199 0
    outer loop
      vertex 7.69069 96.1777 4
      vertex 7.7 96 0
      vertex 7.7 96 4
    endloop
  endfacet
  facet normal -0.0522639 0.998633 0
    outer loop
      vertex 6.1777 94.3093 0
      vertex 6 94.3 4
      vertex 6.1777 94.3093 4
    endloop
  endfacet
  facet normal -0.0522639 0.998633 0
    outer loop
      vertex 6 94.3 4
      vertex 6.1777 94.3093 0
      vertex 6 94.3 0
    endloop
  endfacet
  facet normal -0.933633 0.35823 0
    outer loop
      vertex 7.55303 95.3085 0
      vertex 7.6168 95.4747 4
      vertex 7.6168 95.4747 0
    endloop
  endfacet
  facet normal -0.933633 0.35823 0
    outer loop
      vertex 7.6168 95.4747 4
      vertex 7.55303 95.3085 0
      vertex 7.55303 95.3085 4
    endloop
  endfacet
  facet normal 0.707022 0.707191 0
    outer loop
      vertex 4.86248 94.7367 4
      vertex 4.73665 94.8625 0
      vertex 4.73665 94.8625 4
    endloop
  endfacet
  facet normal 0.707022 0.707191 0
    outer loop
      vertex 4.73665 94.8625 0
      vertex 4.86248 94.7367 4
      vertex 4.86248 94.7367 0
    endloop
  endfacet
  facet normal 0.629399 -0.777083 0
    outer loop
      vertex 4.86248 97.2633 0
      vertex 5.00076 97.3753 4
      vertex 4.86248 97.2633 4
    endloop
  endfacet
  facet normal 0.629399 -0.777083 0
    outer loop
      vertex 5.00076 97.3753 4
      vertex 4.86248 97.2633 0
      vertex 5.00076 97.3753 0
    endloop
  endfacet
  facet normal 0.933633 0.35823 0
    outer loop
      vertex 4.44697 95.3085 4
      vertex 4.3832 95.4747 0
      vertex 4.3832 95.4747 4
    endloop
  endfacet
  facet normal 0.933633 0.35823 0
    outer loop
      vertex 4.3832 95.4747 0
      vertex 4.44697 95.3085 4
      vertex 4.44697 95.3085 0
    endloop
  endfacet
  facet normal 0.0522639 0.998633 -0
    outer loop
      vertex 6 94.3 0
      vertex 5.8223 94.3093 4
      vertex 6 94.3 4
    endloop
  endfacet
  facet normal 0.0522639 0.998633 0
    outer loop
      vertex 5.8223 94.3093 4
      vertex 6 94.3 0
      vertex 5.8223 94.3093 0
    endloop
  endfacet
  facet normal 0.707022 -0.707191 0
    outer loop
      vertex 4.73665 97.1375 4
      vertex 4.86248 97.2633 0
      vertex 4.86248 97.2633 4
    endloop
  endfacet
  facet normal 0.707022 -0.707191 0
    outer loop
      vertex 4.86248 97.2633 0
      vertex 4.73665 97.1375 4
      vertex 4.73665 97.1375 0
    endloop
  endfacet
  facet normal 0.358527 0.933519 -0
    outer loop
      vertex 5.47467 94.3832 0
      vertex 5.30855 94.447 4
      vertex 5.47467 94.3832 4
    endloop
  endfacet
  facet normal 0.358527 0.933519 0
    outer loop
      vertex 5.30855 94.447 4
      vertex 5.47467 94.3832 0
      vertex 5.30855 94.447 0
    endloop
  endfacet
  facet normal -0.838623 0.544712 0
    outer loop
      vertex 7.37533 95.0008 0
      vertex 7.47224 95.15 4
      vertex 7.47224 95.15 0
    endloop
  endfacet
  facet normal -0.838623 0.544712 0
    outer loop
      vertex 7.47224 95.15 4
      vertex 7.37533 95.0008 0
      vertex 7.37533 95.0008 4
    endloop
  endfacet
  facet normal -0.358527 0.933519 0
    outer loop
      vertex 6.69145 94.447 0
      vertex 6.52533 94.3832 4
      vertex 6.69145 94.447 4
    endloop
  endfacet
  facet normal -0.358527 0.933519 0
    outer loop
      vertex 6.52533 94.3832 4
      vertex 6.69145 94.447 0
      vertex 6.52533 94.3832 0
    endloop
  endfacet
  facet normal -0.358527 -0.933519 0
    outer loop
      vertex 6.52533 97.6168 0
      vertex 6.69145 97.553 4
      vertex 6.52533 97.6168 4
    endloop
  endfacet
  facet normal -0.358527 -0.933519 -0
    outer loop
      vertex 6.69145 97.553 4
      vertex 6.52533 97.6168 0
      vertex 6.69145 97.553 0
    endloop
  endfacet
  facet normal -0.629371 -0.777105 0
    outer loop
      vertex 6.99923 97.3753 0
      vertex 7.13752 97.2633 4
      vertex 6.99923 97.3753 4
    endloop
  endfacet
  facet normal -0.629371 -0.777105 -0
    outer loop
      vertex 7.13752 97.2633 4
      vertex 6.99923 97.3753 0
      vertex 7.13752 97.2633 0
    endloop
  endfacet
  facet normal 0.965903 0.258905 0
    outer loop
      vertex 4.3832 95.4747 4
      vertex 4.33715 95.6465 0
      vertex 4.33715 95.6465 4
    endloop
  endfacet
  facet normal 0.965903 0.258905 0
    outer loop
      vertex 4.33715 95.6465 0
      vertex 4.3832 95.4747 4
      vertex 4.3832 95.4747 0
    endloop
  endfacet
  facet normal 0.965941 -0.258764 0
    outer loop
      vertex 4.33715 96.3534 4
      vertex 4.3832 96.5253 0
      vertex 4.3832 96.5253 4
    endloop
  endfacet
  facet normal 0.965941 -0.258764 0
    outer loop
      vertex 4.3832 96.5253 0
      vertex 4.33715 96.3534 4
      vertex 4.33715 96.3534 0
    endloop
  endfacet
  facet normal -0.965903 0.258905 0
    outer loop
      vertex 7.6168 95.4747 0
      vertex 7.66285 95.6465 4
      vertex 7.66285 95.6465 0
    endloop
  endfacet
  facet normal -0.965903 0.258905 0
    outer loop
      vertex 7.66285 95.6465 4
      vertex 7.6168 95.4747 0
      vertex 7.6168 95.4747 4
    endloop
  endfacet
  facet normal -0.454056 -0.890973 0
    outer loop
      vertex 6.69145 97.553 0
      vertex 6.85 97.4722 4
      vertex 6.69145 97.553 4
    endloop
  endfacet
  facet normal -0.454056 -0.890973 -0
    outer loop
      vertex 6.85 97.4722 4
      vertex 6.69145 97.553 0
      vertex 6.85 97.4722 0
    endloop
  endfacet
  facet normal -0.777182 0.629276 0
    outer loop
      vertex 7.26335 94.8625 0
      vertex 7.37533 95.0008 4
      vertex 7.37533 95.0008 0
    endloop
  endfacet
  facet normal -0.777182 0.629276 0
    outer loop
      vertex 7.37533 95.0008 4
      vertex 7.26335 94.8625 0
      vertex 7.26335 94.8625 4
    endloop
  endfacet
  facet normal -0.838623 -0.544712 0
    outer loop
      vertex 7.47224 96.85 0
      vertex 7.37533 96.9992 4
      vertex 7.37533 96.9992 0
    endloop
  endfacet
  facet normal -0.838623 -0.544712 0
    outer loop
      vertex 7.37533 96.9992 4
      vertex 7.47224 96.85 0
      vertex 7.47224 96.85 4
    endloop
  endfacet
  facet normal 0.25853 -0.966003 0
    outer loop
      vertex 5.47467 97.6168 0
      vertex 5.64655 97.6628 4
      vertex 5.47467 97.6168 4
    endloop
  endfacet
  facet normal 0.25853 -0.966003 0
    outer loop
      vertex 5.64655 97.6628 4
      vertex 5.47467 97.6168 0
      vertex 5.64655 97.6628 0
    endloop
  endfacet
  facet normal 0.890938 0.454125 0
    outer loop
      vertex 4.52776 95.15 4
      vertex 4.44697 95.3085 0
      vertex 4.44697 95.3085 4
    endloop
  endfacet
  facet normal 0.890938 0.454125 0
    outer loop
      vertex 4.44697 95.3085 0
      vertex 4.52776 95.15 4
      vertex 4.52776 95.15 0
    endloop
  endfacet
  facet normal -0.933633 -0.35823 0
    outer loop
      vertex 7.6168 96.5253 0
      vertex 7.55303 96.6915 4
      vertex 7.55303 96.6915 0
    endloop
  endfacet
  facet normal -0.933633 -0.35823 0
    outer loop
      vertex 7.55303 96.6915 4
      vertex 7.6168 96.5253 0
      vertex 7.6168 96.5253 4
    endloop
  endfacet
  facet normal 0.358527 -0.933519 0
    outer loop
      vertex 5.30855 97.553 0
      vertex 5.47467 97.6168 4
      vertex 5.30855 97.553 4
    endloop
  endfacet
  facet normal 0.358527 -0.933519 0
    outer loop
      vertex 5.47467 97.6168 4
      vertex 5.30855 97.553 0
      vertex 5.47467 97.6168 0
    endloop
  endfacet
  facet normal 0.838623 0.544712 0
    outer loop
      vertex 4.62467 95.0008 4
      vertex 4.52776 95.15 0
      vertex 4.52776 95.15 4
    endloop
  endfacet
  facet normal 0.838623 0.544712 0
    outer loop
      vertex 4.52776 95.15 0
      vertex 4.62467 95.0008 4
      vertex 4.62467 95.0008 0
    endloop
  endfacet
  facet normal 0.156785 -0.987633 0
    outer loop
      vertex 5.64655 97.6628 0
      vertex 5.8223 97.6907 4
      vertex 5.64655 97.6628 4
    endloop
  endfacet
  facet normal 0.156785 -0.987633 0
    outer loop
      vertex 5.8223 97.6907 4
      vertex 5.64655 97.6628 0
      vertex 5.8223 97.6907 0
    endloop
  endfacet
  facet normal -0.890938 -0.454125 0
    outer loop
      vertex 7.55303 96.6915 0
      vertex 7.47224 96.85 4
      vertex 7.47224 96.85 0
    endloop
  endfacet
  facet normal -0.890938 -0.454125 0
    outer loop
      vertex 7.47224 96.85 4
      vertex 7.55303 96.6915 0
      vertex 7.55303 96.6915 4
    endloop
  endfacet
  facet normal -0.544595 -0.838699 0
    outer loop
      vertex 6.85 97.4722 0
      vertex 6.99923 97.3753 4
      vertex 6.85 97.4722 4
    endloop
  endfacet
  facet normal -0.544595 -0.838699 -0
    outer loop
      vertex 6.99923 97.3753 4
      vertex 6.85 97.4722 0
      vertex 6.99923 97.3753 0
    endloop
  endfacet
  facet normal -0.987692 0.156413 0
    outer loop
      vertex 7.66285 95.6465 0
      vertex 7.69069 95.8223 4
      vertex 7.69069 95.8223 0
    endloop
  endfacet
  facet normal -0.987692 0.156413 0
    outer loop
      vertex 7.69069 95.8223 4
      vertex 7.66285 95.6465 0
      vertex 7.66285 95.6465 4
    endloop
  endfacet
  facet normal -0.99863 0.0523199 0
    outer loop
      vertex 7.69069 95.8223 0
      vertex 7.7 96 4
      vertex 7.7 96 0
    endloop
  endfacet
  facet normal -0.99863 0.0523199 0
    outer loop
      vertex 7.7 96 4
      vertex 7.69069 95.8223 0
      vertex 7.69069 95.8223 4
    endloop
  endfacet
  facet normal 0.987692 0.156413 0
    outer loop
      vertex 4.33715 95.6465 4
      vertex 4.30931 95.8223 0
      vertex 4.30931 95.8223 4
    endloop
  endfacet
  facet normal 0.987692 0.156413 0
    outer loop
      vertex 4.30931 95.8223 0
      vertex 4.33715 95.6465 4
      vertex 4.33715 95.6465 0
    endloop
  endfacet
  facet normal 0.629399 0.777083 -0
    outer loop
      vertex 5.00076 94.6247 0
      vertex 4.86248 94.7367 4
      vertex 5.00076 94.6247 4
    endloop
  endfacet
  facet normal 0.629399 0.777083 0
    outer loop
      vertex 4.86248 94.7367 4
      vertex 5.00076 94.6247 0
      vertex 4.86248 94.7367 0
    endloop
  endfacet
  facet normal 0.987678 -0.156499 0
    outer loop
      vertex 4.30931 96.1777 4
      vertex 4.33715 96.3534 0
      vertex 4.33715 96.3534 4
    endloop
  endfacet
  facet normal 0.987678 -0.156499 0
    outer loop
      vertex 4.33715 96.3534 0
      vertex 4.30931 96.1777 4
      vertex 4.30931 96.1777 0
    endloop
  endfacet
  facet normal -0.156785 -0.987633 0
    outer loop
      vertex 6.1777 97.6907 0
      vertex 6.35345 97.6628 4
      vertex 6.1777 97.6907 4
    endloop
  endfacet
  facet normal -0.156785 -0.987633 -0
    outer loop
      vertex 6.35345 97.6628 4
      vertex 6.1777 97.6907 0
      vertex 6.35345 97.6628 0
    endloop
  endfacet
  facet normal -0.777182 -0.629276 0
    outer loop
      vertex 7.37533 96.9992 0
      vertex 7.26335 97.1375 4
      vertex 7.26335 97.1375 0
    endloop
  endfacet
  facet normal -0.777182 -0.629276 0
    outer loop
      vertex 7.26335 97.1375 4
      vertex 7.37533 96.9992 0
      vertex 7.37533 96.9992 4
    endloop
  endfacet
  facet normal -0.0522639 -0.998633 0
    outer loop
      vertex 6 97.7 0
      vertex 6.1777 97.6907 4
      vertex 6 97.7 4
    endloop
  endfacet
  facet normal -0.0522639 -0.998633 -0
    outer loop
      vertex 6.1777 97.6907 4
      vertex 6 97.7 0
      vertex 6.1777 97.6907 0
    endloop
  endfacet
  facet normal -0.965941 -0.258764 0
    outer loop
      vertex 7.66285 96.3534 0
      vertex 7.6168 96.5253 4
      vertex 7.6168 96.5253 0
    endloop
  endfacet
  facet normal -0.965941 -0.258764 0
    outer loop
      vertex 7.6168 96.5253 4
      vertex 7.66285 96.3534 0
      vertex 7.66285 96.3534 4
    endloop
  endfacet
  facet normal 0.890938 -0.454125 0
    outer loop
      vertex 4.44697 96.6915 4
      vertex 4.52776 96.85 0
      vertex 4.52776 96.85 4
    endloop
  endfacet
  facet normal 0.890938 -0.454125 0
    outer loop
      vertex 4.52776 96.85 0
      vertex 4.44697 96.6915 4
      vertex 4.44697 96.6915 0
    endloop
  endfacet
  facet normal -0.707022 -0.707191 0
    outer loop
      vertex 7.26335 97.1375 0
      vertex 7.13752 97.2633 4
      vertex 7.13752 97.2633 0
    endloop
  endfacet
  facet normal -0.707022 -0.707191 0
    outer loop
      vertex 7.13752 97.2633 4
      vertex 7.26335 97.1375 0
      vertex 7.26335 97.1375 4
    endloop
  endfacet
  facet normal 0.777182 -0.629276 0
    outer loop
      vertex 4.62467 96.9992 4
      vertex 4.73665 97.1375 0
      vertex 4.73665 97.1375 4
    endloop
  endfacet
  facet normal 0.777182 -0.629276 0
    outer loop
      vertex 4.73665 97.1375 0
      vertex 4.62467 96.9992 4
      vertex 4.62467 96.9992 0
    endloop
  endfacet
  facet normal 0.0522639 -0.998633 0
    outer loop
      vertex 5.8223 97.6907 0
      vertex 6 97.7 4
      vertex 5.8223 97.6907 4
    endloop
  endfacet
  facet normal 0.0522639 -0.998633 0
    outer loop
      vertex 6 97.7 4
      vertex 5.8223 97.6907 0
      vertex 6 97.7 0
    endloop
  endfacet
  facet normal 0.99863 0.0523199 0
    outer loop
      vertex 4.30931 95.8223 4
      vertex 4.3 96 0
      vertex 4.3 96 4
    endloop
  endfacet
  facet normal 0.99863 0.0523199 0
    outer loop
      vertex 4.3 96 0
      vertex 4.30931 95.8223 4
      vertex 4.30931 95.8223 0
    endloop
  endfacet
  facet normal 0.99863 -0.0523199 0
    outer loop
      vertex 4.3 96 4
      vertex 4.30931 96.1777 0
      vertex 4.30931 96.1777 4
    endloop
  endfacet
  facet normal 0.99863 -0.0523199 0
    outer loop
      vertex 4.30931 96.1777 0
      vertex 4.3 96 4
      vertex 4.3 96 0
    endloop
  endfacet
  facet normal 0.777182 0.629276 0
    outer loop
      vertex 4.73665 94.8625 4
      vertex 4.62467 95.0008 0
      vertex 4.62467 95.0008 4
    endloop
  endfacet
  facet normal 0.777182 0.629276 0
    outer loop
      vertex 4.62467 95.0008 0
      vertex 4.73665 94.8625 4
      vertex 4.73665 94.8625 0
    endloop
  endfacet
  facet normal -0.25853 0.966003 0
    outer loop
      vertex 6.52533 94.3832 0
      vertex 6.35345 94.3372 4
      vertex 6.52533 94.3832 4
    endloop
  endfacet
  facet normal -0.25853 0.966003 0
    outer loop
      vertex 6.35345 94.3372 4
      vertex 6.52533 94.3832 0
      vertex 6.35345 94.3372 0
    endloop
  endfacet
  facet normal 0.54457 0.838716 -0
    outer loop
      vertex 5.15 94.5278 0
      vertex 5.00076 94.6247 4
      vertex 5.15 94.5278 4
    endloop
  endfacet
  facet normal 0.54457 0.838716 0
    outer loop
      vertex 5.00076 94.6247 4
      vertex 5.15 94.5278 0
      vertex 5.00076 94.6247 0
    endloop
  endfacet
  facet normal 0.454056 -0.890973 0
    outer loop
      vertex 5.15 97.4722 0
      vertex 5.30855 97.553 4
      vertex 5.15 97.4722 4
    endloop
  endfacet
  facet normal 0.454056 -0.890973 0
    outer loop
      vertex 5.30855 97.553 4
      vertex 5.15 97.4722 0
      vertex 5.30855 97.553 0
    endloop
  endfacet
  facet normal 0.156785 0.987633 -0
    outer loop
      vertex 5.8223 94.3093 0
      vertex 5.64655 94.3372 4
      vertex 5.8223 94.3093 4
    endloop
  endfacet
  facet normal 0.156785 0.987633 0
    outer loop
      vertex 5.64655 94.3372 4
      vertex 5.8223 94.3093 0
      vertex 5.64655 94.3372 0
    endloop
  endfacet
  facet normal -0.454056 0.890973 0
    outer loop
      vertex 6.85 94.5278 0
      vertex 6.69145 94.447 4
      vertex 6.85 94.5278 4
    endloop
  endfacet
  facet normal -0.454056 0.890973 0
    outer loop
      vertex 6.69145 94.447 4
      vertex 6.85 94.5278 0
      vertex 6.69145 94.447 0
    endloop
  endfacet
  facet normal -0.544595 0.838699 0
    outer loop
      vertex 6.99923 94.6247 0
      vertex 6.85 94.5278 4
      vertex 6.99923 94.6247 4
    endloop
  endfacet
  facet normal -0.544595 0.838699 0
    outer loop
      vertex 6.85 94.5278 4
      vertex 6.99923 94.6247 0
      vertex 6.85 94.5278 0
    endloop
  endfacet
  facet normal -0.890938 0.454125 0
    outer loop
      vertex 7.47224 95.15 0
      vertex 7.55303 95.3085 4
      vertex 7.55303 95.3085 0
    endloop
  endfacet
  facet normal -0.890938 0.454125 0
    outer loop
      vertex 7.55303 95.3085 4
      vertex 7.47224 95.15 0
      vertex 7.47224 95.15 4
    endloop
  endfacet
  facet normal -0.25853 -0.966003 0
    outer loop
      vertex 6.35345 97.6628 0
      vertex 6.52533 97.6168 4
      vertex 6.35345 97.6628 4
    endloop
  endfacet
  facet normal -0.25853 -0.966003 -0
    outer loop
      vertex 6.52533 97.6168 4
      vertex 6.35345 97.6628 0
      vertex 6.52533 97.6168 0
    endloop
  endfacet
  facet normal -0.707022 0.707191 0
    outer loop
      vertex 7.13752 94.7367 0
      vertex 7.26335 94.8625 4
      vertex 7.26335 94.8625 0
    endloop
  endfacet
  facet normal -0.707022 0.707191 0
    outer loop
      vertex 7.26335 94.8625 4
      vertex 7.13752 94.7367 0
      vertex 7.13752 94.7367 4
    endloop
  endfacet
  facet normal -0.629371 0.777105 0
    outer loop
      vertex 7.13752 94.7367 0
      vertex 6.99923 94.6247 4
      vertex 7.13752 94.7367 4
    endloop
  endfacet
  facet normal -0.629371 0.777105 0
    outer loop
      vertex 6.99923 94.6247 4
      vertex 7.13752 94.7367 0
      vertex 6.99923 94.6247 0
    endloop
  endfacet
  facet normal 0.454056 0.890973 -0
    outer loop
      vertex 5.30855 94.447 0
      vertex 5.15 94.5278 4
      vertex 5.30855 94.447 4
    endloop
  endfacet
  facet normal 0.454056 0.890973 0
    outer loop
      vertex 5.15 94.5278 4
      vertex 5.30855 94.447 0
      vertex 5.15 94.5278 0
    endloop
  endfacet
  facet normal 0.933633 -0.35823 0
    outer loop
      vertex 4.3832 96.5253 4
      vertex 4.44697 96.6915 0
      vertex 4.44697 96.6915 4
    endloop
  endfacet
  facet normal 0.933633 -0.35823 0
    outer loop
      vertex 4.44697 96.6915 0
      vertex 4.3832 96.5253 4
      vertex 4.3832 96.5253 0
    endloop
  endfacet
  facet normal 0.838623 -0.544712 0
    outer loop
      vertex 4.52776 96.85 4
      vertex 4.62467 96.9992 0
      vertex 4.62467 96.9992 4
    endloop
  endfacet
  facet normal 0.838623 -0.544712 0
    outer loop
      vertex 4.62467 96.9992 0
      vertex 4.52776 96.85 4
      vertex 4.52776 96.85 0
    endloop
  endfacet
  facet normal 0.25853 0.966003 -0
    outer loop
      vertex 5.64655 94.3372 0
      vertex 5.47467 94.3832 4
      vertex 5.64655 94.3372 4
    endloop
  endfacet
  facet normal 0.25853 0.966003 0
    outer loop
      vertex 5.47467 94.3832 4
      vertex 5.64655 94.3372 0
      vertex 5.47467 94.3832 0
    endloop
  endfacet
  facet normal -0.987581 -0.15711 0
    outer loop
      vertex -8.30931 106.178 0
      vertex -8.33715 106.353 4
      vertex -8.33715 106.353 0
    endloop
  endfacet
  facet normal -0.987581 -0.15711 0
    outer loop
      vertex -8.33715 106.353 4
      vertex -8.30931 106.178 0
      vertex -8.30931 106.178 4
    endloop
  endfacet
  facet normal 0.891493 -0.453035 0
    outer loop
      vertex -11.553 106.691 4
      vertex -11.4722 106.85 0
      vertex -11.4722 106.85 4
    endloop
  endfacet
  facet normal 0.891493 -0.453035 0
    outer loop
      vertex -11.4722 106.85 0
      vertex -11.553 106.691 4
      vertex -11.553 106.691 0
    endloop
  endfacet
  facet normal 0.998638 -0.052176 0
    outer loop
      vertex -11.7 106 4
      vertex -11.6907 106.178 0
      vertex -11.6907 106.178 4
    endloop
  endfacet
  facet normal 0.998638 -0.052176 0
    outer loop
      vertex -11.6907 106.178 0
      vertex -11.7 106 4
      vertex -11.7 106 0
    endloop
  endfacet
  facet normal -0.0505823 -0.99872 0
    outer loop
      vertex -10 107.7 0
      vertex -9.8223 107.691 4
      vertex -10 107.7 4
    endloop
  endfacet
  facet normal -0.0505823 -0.99872 -0
    outer loop
      vertex -9.8223 107.691 4
      vertex -10 107.7 0
      vertex -9.8223 107.691 0
    endloop
  endfacet
  facet normal 0.258502 0.966011 -0
    outer loop
      vertex -10.3534 104.337 0
      vertex -10.5253 104.383 4
      vertex -10.3534 104.337 4
    endloop
  endfacet
  facet normal 0.258502 0.966011 0
    outer loop
      vertex -10.5253 104.383 4
      vertex -10.3534 104.337 0
      vertex -10.5253 104.383 0
    endloop
  endfacet
  facet normal -0.157333 0.987546 0
    outer loop
      vertex -9.64655 104.337 0
      vertex -9.8223 104.309 4
      vertex -9.64655 104.337 4
    endloop
  endfacet
  facet normal -0.157333 0.987546 0
    outer loop
      vertex -9.8223 104.309 4
      vertex -9.64655 104.337 0
      vertex -9.8223 104.309 0
    endloop
  endfacet
  facet normal 0.157377 -0.987539 0
    outer loop
      vertex -10.3534 107.663 0
      vertex -10.1777 107.691 4
      vertex -10.3534 107.663 4
    endloop
  endfacet
  facet normal 0.157377 -0.987539 0
    outer loop
      vertex -10.1777 107.691 4
      vertex -10.3534 107.663 0
      vertex -10.1777 107.691 0
    endloop
  endfacet
  facet normal 0.157377 0.987539 -0
    outer loop
      vertex -10.1777 104.309 0
      vertex -10.3534 104.337 4
      vertex -10.1777 104.309 4
    endloop
  endfacet
  facet normal 0.157377 0.987539 0
    outer loop
      vertex -10.3534 104.337 4
      vertex -10.1777 104.309 0
      vertex -10.3534 104.337 0
    endloop
  endfacet
  facet normal 0.455062 0.89046 -0
    outer loop
      vertex -10.6915 104.447 0
      vertex -10.85 104.528 4
      vertex -10.6915 104.447 4
    endloop
  endfacet
  facet normal 0.455062 0.89046 0
    outer loop
      vertex -10.85 104.528 4
      vertex -10.6915 104.447 0
      vertex -10.85 104.528 0
    endloop
  endfacet
  facet normal 0.0505823 -0.99872 0
    outer loop
      vertex -10.1777 107.691 0
      vertex -10 107.7 4
      vertex -10.1777 107.691 4
    endloop
  endfacet
  facet normal 0.0505823 -0.99872 0
    outer loop
      vertex -10 107.7 4
      vertex -10.1777 107.691 0
      vertex -10 107.7 0
    endloop
  endfacet
  facet normal -0.629399 -0.777083 0
    outer loop
      vertex -9.00076 107.375 0
      vertex -8.86248 107.263 4
      vertex -9.00076 107.375 4
    endloop
  endfacet
  facet normal -0.629399 -0.777083 -0
    outer loop
      vertex -8.86248 107.263 4
      vertex -9.00076 107.375 0
      vertex -8.86248 107.263 0
    endloop
  endfacet
  facet normal -0.778733 0.627356 0
    outer loop
      vertex -8.73665 104.862 0
      vertex -8.62467 105.001 4
      vertex -8.62467 105.001 0
    endloop
  endfacet
  facet normal -0.778733 0.627356 0
    outer loop
      vertex -8.62467 105.001 4
      vertex -8.73665 104.862 0
      vertex -8.73665 104.862 4
    endloop
  endfacet
  facet normal 0.838315 0.545186 0
    outer loop
      vertex -11.3753 105.001 4
      vertex -11.4722 105.15 0
      vertex -11.4722 105.15 4
    endloop
  endfacet
  facet normal 0.838315 0.545186 0
    outer loop
      vertex -11.4722 105.15 0
      vertex -11.3753 105.001 4
      vertex -11.3753 105.001 0
    endloop
  endfacet
  facet normal 0.704848 0.709359 0
    outer loop
      vertex -11.1375 104.737 4
      vertex -11.2633 104.862 0
      vertex -11.2633 104.862 4
    endloop
  endfacet
  facet normal 0.704848 0.709359 0
    outer loop
      vertex -11.2633 104.862 0
      vertex -11.1375 104.737 4
      vertex -11.1375 104.737 0
    endloop
  endfacet
  facet normal -0.704763 -0.709443 0
    outer loop
      vertex -8.73665 107.138 0
      vertex -8.86248 107.263 4
      vertex -8.86248 107.263 0
    endloop
  endfacet
  facet normal -0.704763 -0.709443 0
    outer loop
      vertex -8.86248 107.263 4
      vertex -8.73665 107.138 0
      vertex -8.73665 107.138 4
    endloop
  endfacet
  facet normal -0.998635 -0.052232 0
    outer loop
      vertex -8.3 106 0
      vertex -8.30931 106.178 4
      vertex -8.30931 106.178 0
    endloop
  endfacet
  facet normal -0.998635 -0.052232 0
    outer loop
      vertex -8.30931 106.178 4
      vertex -8.3 106 0
      vertex -8.3 106 4
    endloop
  endfacet
  facet normal -0.359506 -0.933143 0
    outer loop
      vertex -9.47467 107.617 0
      vertex -9.30855 107.553 4
      vertex -9.47467 107.617 4
    endloop
  endfacet
  facet normal -0.359506 -0.933143 -0
    outer loop
      vertex -9.30855 107.553 4
      vertex -9.47467 107.617 0
      vertex -9.30855 107.553 0
    endloop
  endfacet
  facet normal -0.157333 -0.987546 0
    outer loop
      vertex -9.8223 107.691 0
      vertex -9.64655 107.663 4
      vertex -9.8223 107.691 4
    endloop
  endfacet
  facet normal -0.157333 -0.987546 -0
    outer loop
      vertex -9.64655 107.663 4
      vertex -9.8223 107.691 0
      vertex -9.64655 107.663 0
    endloop
  endfacet
  facet normal -0.998635 0.052232 0
    outer loop
      vertex -8.30931 105.822 0
      vertex -8.3 106 4
      vertex -8.3 106 0
    endloop
  endfacet
  facet normal -0.998635 0.052232 0
    outer loop
      vertex -8.3 106 4
      vertex -8.30931 105.822 0
      vertex -8.30931 105.822 4
    endloop
  endfacet
  facet normal 0.359355 -0.933201 0
    outer loop
      vertex -10.6915 107.553 0
      vertex -10.5253 107.617 4
      vertex -10.6915 107.553 4
    endloop
  endfacet
  facet normal 0.359355 -0.933201 0
    outer loop
      vertex -10.5253 107.617 4
      vertex -10.6915 107.553 0
      vertex -10.5253 107.617 0
    endloop
  endfacet
  facet normal -0.933489 -0.358606 0
    outer loop
      vertex -8.3832 106.525 0
      vertex -8.44697 106.691 4
      vertex -8.44697 106.691 0
    endloop
  endfacet
  facet normal -0.933489 -0.358606 0
    outer loop
      vertex -8.44697 106.691 4
      vertex -8.3832 106.525 0
      vertex -8.3832 106.525 4
    endloop
  endfacet
  facet normal -0.891515 0.452991 0
    outer loop
      vertex -8.52776 105.15 0
      vertex -8.44697 105.309 4
      vertex -8.44697 105.309 0
    endloop
  endfacet
  facet normal -0.891515 0.452991 0
    outer loop
      vertex -8.44697 105.309 4
      vertex -8.52776 105.15 0
      vertex -8.52776 105.15 4
    endloop
  endfacet
  facet normal 0.359355 0.933201 -0
    outer loop
      vertex -10.5253 104.383 0
      vertex -10.6915 104.447 4
      vertex -10.5253 104.383 4
    endloop
  endfacet
  facet normal 0.359355 0.933201 0
    outer loop
      vertex -10.6915 104.447 4
      vertex -10.5253 104.383 0
      vertex -10.6915 104.447 0
    endloop
  endfacet
  facet normal 0.933433 -0.358753 0
    outer loop
      vertex -11.6168 106.525 4
      vertex -11.553 106.691 0
      vertex -11.553 106.691 4
    endloop
  endfacet
  facet normal 0.933433 -0.358753 0
    outer loop
      vertex -11.553 106.691 0
      vertex -11.6168 106.525 4
      vertex -11.6168 106.525 0
    endloop
  endfacet
  facet normal -0.544965 -0.838459 0
    outer loop
      vertex -9.15 107.472 0
      vertex -9.00076 107.375 4
      vertex -9.15 107.472 4
    endloop
  endfacet
  facet normal -0.544965 -0.838459 -0
    outer loop
      vertex -9.00076 107.375 4
      vertex -9.15 107.472 0
      vertex -9.00076 107.375 0
    endloop
  endfacet
  facet normal 0.998638 0.052176 0
    outer loop
      vertex -11.6907 105.822 4
      vertex -11.7 106 0
      vertex -11.7 106 4
    endloop
  endfacet
  facet normal 0.998638 0.052176 0
    outer loop
      vertex -11.7 106 0
      vertex -11.6907 105.822 4
      vertex -11.6907 105.822 0
    endloop
  endfacet
  facet normal -0.704763 0.709443 0
    outer loop
      vertex -8.86248 104.737 0
      vertex -8.73665 104.862 4
      vertex -8.73665 104.862 0
    endloop
  endfacet
  facet normal -0.704763 0.709443 0
    outer loop
      vertex -8.73665 104.862 4
      vertex -8.86248 104.737 0
      vertex -8.86248 104.737 4
    endloop
  endfacet
  facet normal -0.965978 -0.258624 0
    outer loop
      vertex -8.33715 106.353 0
      vertex -8.3832 106.525 4
      vertex -8.3832 106.525 0
    endloop
  endfacet
  facet normal -0.965978 -0.258624 0
    outer loop
      vertex -8.3832 106.525 4
      vertex -8.33715 106.353 0
      vertex -8.33715 106.353 4
    endloop
  endfacet
  facet normal -0.454948 -0.890518 0
    outer loop
      vertex -9.30855 107.553 0
      vertex -9.15 107.472 4
      vertex -9.30855 107.553 4
    endloop
  endfacet
  facet normal -0.454948 -0.890518 -0
    outer loop
      vertex -9.15 107.472 4
      vertex -9.30855 107.553 0
      vertex -9.15 107.472 0
    endloop
  endfacet
  facet normal -0.965978 0.258624 0
    outer loop
      vertex -8.3832 105.475 0
      vertex -8.33715 105.647 4
      vertex -8.33715 105.647 0
    endloop
  endfacet
  facet normal -0.965978 0.258624 0
    outer loop
      vertex -8.33715 105.647 4
      vertex -8.3832 105.475 0
      vertex -8.3832 105.475 4
    endloop
  endfacet
  facet normal -0.629399 0.777083 0
    outer loop
      vertex -8.86248 104.737 0
      vertex -9.00076 104.625 4
      vertex -8.86248 104.737 4
    endloop
  endfacet
  facet normal -0.629399 0.777083 0
    outer loop
      vertex -9.00076 104.625 4
      vertex -8.86248 104.737 0
      vertex -9.00076 104.625 0
    endloop
  endfacet
  facet normal 0.987616 -0.15689 0
    outer loop
      vertex -11.6907 106.178 4
      vertex -11.6629 106.353 0
      vertex -11.6629 106.353 4
    endloop
  endfacet
  facet normal 0.987616 -0.15689 0
    outer loop
      vertex -11.6629 106.353 0
      vertex -11.6907 106.178 4
      vertex -11.6907 106.178 0
    endloop
  endfacet
  facet normal -0.25853 0.966003 0
    outer loop
      vertex -9.47467 104.383 0
      vertex -9.64655 104.337 4
      vertex -9.47467 104.383 4
    endloop
  endfacet
  facet normal -0.25853 0.966003 0
    outer loop
      vertex -9.64655 104.337 4
      vertex -9.47467 104.383 0
      vertex -9.64655 104.337 0
    endloop
  endfacet
  facet normal -0.25853 -0.966003 0
    outer loop
      vertex -9.64655 107.663 0
      vertex -9.47467 107.617 4
      vertex -9.64655 107.663 4
    endloop
  endfacet
  facet normal -0.25853 -0.966003 -0
    outer loop
      vertex -9.47467 107.617 4
      vertex -9.64655 107.663 0
      vertex -9.47467 107.617 0
    endloop
  endfacet
  facet normal -0.891515 -0.452991 0
    outer loop
      vertex -8.44697 106.691 0
      vertex -8.52776 106.85 4
      vertex -8.52776 106.85 0
    endloop
  endfacet
  facet normal -0.891515 -0.452991 0
    outer loop
      vertex -8.52776 106.85 4
      vertex -8.44697 106.691 0
      vertex -8.44697 106.691 4
    endloop
  endfacet
  facet normal 0.778678 0.627424 0
    outer loop
      vertex -11.2633 104.862 4
      vertex -11.3753 105.001 0
      vertex -11.3753 105.001 4
    endloop
  endfacet
  facet normal 0.778678 0.627424 0
    outer loop
      vertex -11.3753 105.001 0
      vertex -11.2633 104.862 4
      vertex -11.2633 104.862 0
    endloop
  endfacet
  facet normal -0.987581 0.15711 0
    outer loop
      vertex -8.33715 105.647 0
      vertex -8.30931 105.822 4
      vertex -8.30931 105.822 0
    endloop
  endfacet
  facet normal -0.987581 0.15711 0
    outer loop
      vertex -8.30931 105.822 4
      vertex -8.33715 105.647 0
      vertex -8.33715 105.647 4
    endloop
  endfacet
  facet normal 0.933433 0.358753 0
    outer loop
      vertex -11.553 105.309 4
      vertex -11.6168 105.475 0
      vertex -11.6168 105.475 4
    endloop
  endfacet
  facet normal 0.933433 0.358753 0
    outer loop
      vertex -11.6168 105.475 0
      vertex -11.553 105.309 4
      vertex -11.553 105.309 0
    endloop
  endfacet
  facet normal 0.987616 0.15689 0
    outer loop
      vertex -11.6629 105.647 4
      vertex -11.6907 105.822 0
      vertex -11.6907 105.822 4
    endloop
  endfacet
  facet normal 0.987616 0.15689 0
    outer loop
      vertex -11.6907 105.822 0
      vertex -11.6629 105.647 4
      vertex -11.6629 105.647 0
    endloop
  endfacet
  facet normal -0.359506 0.933143 0
    outer loop
      vertex -9.30855 104.447 0
      vertex -9.47467 104.383 4
      vertex -9.30855 104.447 4
    endloop
  endfacet
  facet normal -0.359506 0.933143 0
    outer loop
      vertex -9.47467 104.383 4
      vertex -9.30855 104.447 0
      vertex -9.47467 104.383 0
    endloop
  endfacet
  facet normal 0.838315 -0.545186 0
    outer loop
      vertex -11.4722 106.85 4
      vertex -11.3753 106.999 0
      vertex -11.3753 106.999 4
    endloop
  endfacet
  facet normal 0.838315 -0.545186 0
    outer loop
      vertex -11.3753 106.999 0
      vertex -11.4722 106.85 4
      vertex -11.4722 106.85 0
    endloop
  endfacet
  facet normal -0.544965 0.838459 0
    outer loop
      vertex -9.00076 104.625 0
      vertex -9.15 104.528 4
      vertex -9.00076 104.625 4
    endloop
  endfacet
  facet normal -0.544965 0.838459 0
    outer loop
      vertex -9.15 104.528 4
      vertex -9.00076 104.625 0
      vertex -9.15 104.528 0
    endloop
  endfacet
  facet normal -0.933489 0.358606 0
    outer loop
      vertex -8.44697 105.309 0
      vertex -8.3832 105.475 4
      vertex -8.3832 105.475 0
    endloop
  endfacet
  facet normal -0.933489 0.358606 0
    outer loop
      vertex -8.3832 105.475 4
      vertex -8.44697 105.309 0
      vertex -8.44697 105.309 4
    endloop
  endfacet
  facet normal 0.778678 -0.627424 0
    outer loop
      vertex -11.3753 106.999 4
      vertex -11.2633 107.138 0
      vertex -11.2633 107.138 4
    endloop
  endfacet
  facet normal 0.778678 -0.627424 0
    outer loop
      vertex -11.2633 107.138 0
      vertex -11.3753 106.999 4
      vertex -11.3753 106.999 0
    endloop
  endfacet
  facet normal -0.838289 -0.545226 0
    outer loop
      vertex -8.52776 106.85 0
      vertex -8.62467 106.999 4
      vertex -8.62467 106.999 0
    endloop
  endfacet
  facet normal -0.838289 -0.545226 0
    outer loop
      vertex -8.62467 106.999 4
      vertex -8.52776 106.85 0
      vertex -8.52776 106.85 4
    endloop
  endfacet
  facet normal -0.778733 -0.627356 0
    outer loop
      vertex -8.62467 106.999 0
      vertex -8.73665 107.138 4
      vertex -8.73665 107.138 0
    endloop
  endfacet
  facet normal -0.778733 -0.627356 0
    outer loop
      vertex -8.73665 107.138 4
      vertex -8.62467 106.999 0
      vertex -8.62467 106.999 4
    endloop
  endfacet
  facet normal 0.629344 -0.777127 0
    outer loop
      vertex -11.1375 107.263 0
      vertex -10.9992 107.375 4
      vertex -11.1375 107.263 4
    endloop
  endfacet
  facet normal 0.629344 -0.777127 0
    outer loop
      vertex -10.9992 107.375 4
      vertex -11.1375 107.263 0
      vertex -10.9992 107.375 0
    endloop
  endfacet
  facet normal 0.704848 -0.709359 0
    outer loop
      vertex -11.2633 107.138 4
      vertex -11.1375 107.263 0
      vertex -11.1375 107.263 4
    endloop
  endfacet
  facet normal 0.704848 -0.709359 0
    outer loop
      vertex -11.1375 107.263 0
      vertex -11.2633 107.138 4
      vertex -11.2633 107.138 0
    endloop
  endfacet
  facet normal -0.838289 0.545226 0
    outer loop
      vertex -8.62467 105.001 0
      vertex -8.52776 105.15 4
      vertex -8.52776 105.15 0
    endloop
  endfacet
  facet normal -0.838289 0.545226 0
    outer loop
      vertex -8.52776 105.15 4
      vertex -8.62467 105.001 0
      vertex -8.62467 105.001 4
    endloop
  endfacet
  facet normal 0.965908 -0.258886 0
    outer loop
      vertex -11.6629 106.353 4
      vertex -11.6168 106.525 0
      vertex -11.6168 106.525 4
    endloop
  endfacet
  facet normal 0.965908 -0.258886 0
    outer loop
      vertex -11.6168 106.525 0
      vertex -11.6629 106.353 4
      vertex -11.6629 106.353 0
    endloop
  endfacet
  facet normal 0.258502 -0.966011 0
    outer loop
      vertex -10.5253 107.617 0
      vertex -10.3534 107.663 4
      vertex -10.5253 107.617 4
    endloop
  endfacet
  facet normal 0.258502 -0.966011 0
    outer loop
      vertex -10.3534 107.663 4
      vertex -10.5253 107.617 0
      vertex -10.3534 107.663 0
    endloop
  endfacet
  facet normal -0.0505823 0.99872 0
    outer loop
      vertex -9.8223 104.309 0
      vertex -10 104.3 4
      vertex -9.8223 104.309 4
    endloop
  endfacet
  facet normal -0.0505823 0.99872 0
    outer loop
      vertex -10 104.3 4
      vertex -9.8223 104.309 0
      vertex -10 104.3 0
    endloop
  endfacet
  facet normal 0.965908 0.258886 0
    outer loop
      vertex -11.6168 105.475 4
      vertex -11.6629 105.647 0
      vertex -11.6629 105.647 4
    endloop
  endfacet
  facet normal 0.965908 0.258886 0
    outer loop
      vertex -11.6629 105.647 0
      vertex -11.6168 105.475 4
      vertex -11.6168 105.475 0
    endloop
  endfacet
  facet normal -0.454948 0.890518 0
    outer loop
      vertex -9.15 104.528 0
      vertex -9.30855 104.447 4
      vertex -9.15 104.528 4
    endloop
  endfacet
  facet normal -0.454948 0.890518 0
    outer loop
      vertex -9.30855 104.447 4
      vertex -9.15 104.528 0
      vertex -9.30855 104.447 0
    endloop
  endfacet
  facet normal 0.629344 0.777127 -0
    outer loop
      vertex -10.9992 104.625 0
      vertex -11.1375 104.737 4
      vertex -10.9992 104.625 4
    endloop
  endfacet
  facet normal 0.629344 0.777127 0
    outer loop
      vertex -11.1375 104.737 4
      vertex -10.9992 104.625 0
      vertex -11.1375 104.737 0
    endloop
  endfacet
  facet normal 0.0505823 0.99872 -0
    outer loop
      vertex -10 104.3 0
      vertex -10.1777 104.309 4
      vertex -10 104.3 4
    endloop
  endfacet
  facet normal 0.0505823 0.99872 0
    outer loop
      vertex -10.1777 104.309 4
      vertex -10 104.3 0
      vertex -10.1777 104.309 0
    endloop
  endfacet
  facet normal 0.545067 -0.838392 0
    outer loop
      vertex -10.9992 107.375 0
      vertex -10.85 107.472 4
      vertex -10.9992 107.375 4
    endloop
  endfacet
  facet normal 0.545067 -0.838392 0
    outer loop
      vertex -10.85 107.472 4
      vertex -10.9992 107.375 0
      vertex -10.85 107.472 0
    endloop
  endfacet
  facet normal 0.455062 -0.89046 0
    outer loop
      vertex -10.85 107.472 0
      vertex -10.6915 107.553 4
      vertex -10.85 107.472 4
    endloop
  endfacet
  facet normal 0.455062 -0.89046 0
    outer loop
      vertex -10.6915 107.553 4
      vertex -10.85 107.472 0
      vertex -10.6915 107.553 0
    endloop
  endfacet
  facet normal 0.891493 0.453035 0
    outer loop
      vertex -11.4722 105.15 4
      vertex -11.553 105.309 0
      vertex -11.553 105.309 4
    endloop
  endfacet
  facet normal 0.891493 0.453035 0
    outer loop
      vertex -11.553 105.309 0
      vertex -11.4722 105.15 4
      vertex -11.4722 105.15 0
    endloop
  endfacet
  facet normal 0.545067 0.838392 -0
    outer loop
      vertex -10.85 104.528 0
      vertex -10.9992 104.625 4
      vertex -10.85 104.528 4
    endloop
  endfacet
  facet normal 0.545067 0.838392 0
    outer loop
      vertex -10.9992 104.625 4
      vertex -10.85 104.528 0
      vertex -10.9992 104.625 0
    endloop
  endfacet
  facet normal -0.157377 0.987539 0
    outer loop
      vertex 10.3534 104.337 0
      vertex 10.1777 104.309 4
      vertex 10.3534 104.337 4
    endloop
  endfacet
  facet normal -0.157377 0.987539 0
    outer loop
      vertex 10.1777 104.309 4
      vertex 10.3534 104.337 0
      vertex 10.1777 104.309 0
    endloop
  endfacet
  facet normal -0.987616 -0.15689 0
    outer loop
      vertex 11.6907 106.178 0
      vertex 11.6629 106.353 4
      vertex 11.6629 106.353 0
    endloop
  endfacet
  facet normal -0.987616 -0.15689 0
    outer loop
      vertex 11.6629 106.353 4
      vertex 11.6907 106.178 0
      vertex 11.6907 106.178 4
    endloop
  endfacet
  facet normal -0.998638 -0.052176 0
    outer loop
      vertex 11.7 106 0
      vertex 11.6907 106.178 4
      vertex 11.6907 106.178 0
    endloop
  endfacet
  facet normal -0.998638 -0.052176 0
    outer loop
      vertex 11.6907 106.178 4
      vertex 11.7 106 0
      vertex 11.7 106 4
    endloop
  endfacet
  facet normal 0.25853 0.966003 -0
    outer loop
      vertex 9.64655 104.337 0
      vertex 9.47467 104.383 4
      vertex 9.64655 104.337 4
    endloop
  endfacet
  facet normal 0.25853 0.966003 0
    outer loop
      vertex 9.47467 104.383 4
      vertex 9.64655 104.337 0
      vertex 9.47467 104.383 0
    endloop
  endfacet
  facet normal 0.629399 -0.777083 0
    outer loop
      vertex 8.86248 107.263 0
      vertex 9.00076 107.375 4
      vertex 8.86248 107.263 4
    endloop
  endfacet
  facet normal 0.629399 -0.777083 0
    outer loop
      vertex 9.00076 107.375 4
      vertex 8.86248 107.263 0
      vertex 9.00076 107.375 0
    endloop
  endfacet
  facet normal -0.545067 0.838392 0
    outer loop
      vertex 10.9992 104.625 0
      vertex 10.85 104.528 4
      vertex 10.9992 104.625 4
    endloop
  endfacet
  facet normal -0.545067 0.838392 0
    outer loop
      vertex 10.85 104.528 4
      vertex 10.9992 104.625 0
      vertex 10.85 104.528 0
    endloop
  endfacet
  facet normal 0.933489 0.358606 0
    outer loop
      vertex 8.44697 105.309 4
      vertex 8.3832 105.475 0
      vertex 8.3832 105.475 4
    endloop
  endfacet
  facet normal 0.933489 0.358606 0
    outer loop
      vertex 8.3832 105.475 0
      vertex 8.44697 105.309 4
      vertex 8.44697 105.309 0
    endloop
  endfacet
  facet normal -0.778678 -0.627424 0
    outer loop
      vertex 11.3753 106.999 0
      vertex 11.2633 107.138 4
      vertex 11.2633 107.138 0
    endloop
  endfacet
  facet normal -0.778678 -0.627424 0
    outer loop
      vertex 11.2633 107.138 4
      vertex 11.3753 106.999 0
      vertex 11.3753 106.999 4
    endloop
  endfacet
  facet normal 0.704763 -0.709443 0
    outer loop
      vertex 8.73665 107.138 4
      vertex 8.86248 107.263 0
      vertex 8.86248 107.263 4
    endloop
  endfacet
  facet normal 0.704763 -0.709443 0
    outer loop
      vertex 8.86248 107.263 0
      vertex 8.73665 107.138 4
      vertex 8.73665 107.138 0
    endloop
  endfacet
  facet normal -0.0505823 -0.99872 0
    outer loop
      vertex 10 107.7 0
      vertex 10.1777 107.691 4
      vertex 10 107.7 4
    endloop
  endfacet
  facet normal -0.0505823 -0.99872 -0
    outer loop
      vertex 10.1777 107.691 4
      vertex 10 107.7 0
      vertex 10.1777 107.691 0
    endloop
  endfacet
  facet normal -0.838315 0.545186 0
    outer loop
      vertex 11.3753 105.001 0
      vertex 11.4722 105.15 4
      vertex 11.4722 105.15 0
    endloop
  endfacet
  facet normal -0.838315 0.545186 0
    outer loop
      vertex 11.4722 105.15 4
      vertex 11.3753 105.001 0
      vertex 11.3753 105.001 4
    endloop
  endfacet
  facet normal 0.998635 0.052232 0
    outer loop
      vertex 8.30931 105.822 4
      vertex 8.3 106 0
      vertex 8.3 106 4
    endloop
  endfacet
  facet normal 0.998635 0.052232 0
    outer loop
      vertex 8.3 106 0
      vertex 8.30931 105.822 4
      vertex 8.30931 105.822 0
    endloop
  endfacet
  facet normal -0.933433 0.358753 0
    outer loop
      vertex 11.553 105.309 0
      vertex 11.6168 105.475 4
      vertex 11.6168 105.475 0
    endloop
  endfacet
  facet normal -0.933433 0.358753 0
    outer loop
      vertex 11.6168 105.475 4
      vertex 11.553 105.309 0
      vertex 11.553 105.309 4
    endloop
  endfacet
  facet normal -0.258502 0.966011 0
    outer loop
      vertex 10.5253 104.383 0
      vertex 10.3534 104.337 4
      vertex 10.5253 104.383 4
    endloop
  endfacet
  facet normal -0.258502 0.966011 0
    outer loop
      vertex 10.3534 104.337 4
      vertex 10.5253 104.383 0
      vertex 10.3534 104.337 0
    endloop
  endfacet
  facet normal -0.359355 -0.933201 0
    outer loop
      vertex 10.5253 107.617 0
      vertex 10.6915 107.553 4
      vertex 10.5253 107.617 4
    endloop
  endfacet
  facet normal -0.359355 -0.933201 -0
    outer loop
      vertex 10.6915 107.553 4
      vertex 10.5253 107.617 0
      vertex 10.6915 107.553 0
    endloop
  endfacet
  facet normal -0.629344 -0.777127 0
    outer loop
      vertex 10.9992 107.375 0
      vertex 11.1375 107.263 4
      vertex 10.9992 107.375 4
    endloop
  endfacet
  facet normal -0.629344 -0.777127 -0
    outer loop
      vertex 11.1375 107.263 4
      vertex 10.9992 107.375 0
      vertex 11.1375 107.263 0
    endloop
  endfacet
  facet normal 0.704763 0.709443 0
    outer loop
      vertex 8.86248 104.737 4
      vertex 8.73665 104.862 0
      vertex 8.73665 104.862 4
    endloop
  endfacet
  facet normal 0.704763 0.709443 0
    outer loop
      vertex 8.73665 104.862 0
      vertex 8.86248 104.737 4
      vertex 8.86248 104.737 0
    endloop
  endfacet
  facet normal -0.258502 -0.966011 0
    outer loop
      vertex 10.3534 107.663 0
      vertex 10.5253 107.617 4
      vertex 10.3534 107.663 4
    endloop
  endfacet
  facet normal -0.258502 -0.966011 -0
    outer loop
      vertex 10.5253 107.617 4
      vertex 10.3534 107.663 0
      vertex 10.5253 107.617 0
    endloop
  endfacet
  facet normal 0.778733 -0.627356 0
    outer loop
      vertex 8.62467 106.999 4
      vertex 8.73665 107.138 0
      vertex 8.73665 107.138 4
    endloop
  endfacet
  facet normal 0.778733 -0.627356 0
    outer loop
      vertex 8.73665 107.138 0
      vertex 8.62467 106.999 4
      vertex 8.62467 106.999 0
    endloop
  endfacet
  facet normal -0.965908 0.258886 0
    outer loop
      vertex 11.6168 105.475 0
      vertex 11.6629 105.647 4
      vertex 11.6629 105.647 0
    endloop
  endfacet
  facet normal -0.965908 0.258886 0
    outer loop
      vertex 11.6629 105.647 4
      vertex 11.6168 105.475 0
      vertex 11.6168 105.475 4
    endloop
  endfacet
  facet normal 0.454948 -0.890518 0
    outer loop
      vertex 9.15 107.472 0
      vertex 9.30855 107.553 4
      vertex 9.15 107.472 4
    endloop
  endfacet
  facet normal 0.454948 -0.890518 0
    outer loop
      vertex 9.30855 107.553 4
      vertex 9.15 107.472 0
      vertex 9.30855 107.553 0
    endloop
  endfacet
  facet normal -0.455062 -0.89046 0
    outer loop
      vertex 10.6915 107.553 0
      vertex 10.85 107.472 4
      vertex 10.6915 107.553 4
    endloop
  endfacet
  facet normal -0.455062 -0.89046 -0
    outer loop
      vertex 10.85 107.472 4
      vertex 10.6915 107.553 0
      vertex 10.85 107.472 0
    endloop
  endfacet
  facet normal -0.778678 0.627424 0
    outer loop
      vertex 11.2633 104.862 0
      vertex 11.3753 105.001 4
      vertex 11.3753 105.001 0
    endloop
  endfacet
  facet normal -0.778678 0.627424 0
    outer loop
      vertex 11.3753 105.001 4
      vertex 11.2633 104.862 0
      vertex 11.2633 104.862 4
    endloop
  endfacet
  facet normal -0.838315 -0.545186 0
    outer loop
      vertex 11.4722 106.85 0
      vertex 11.3753 106.999 4
      vertex 11.3753 106.999 0
    endloop
  endfacet
  facet normal -0.838315 -0.545186 0
    outer loop
      vertex 11.3753 106.999 4
      vertex 11.4722 106.85 0
      vertex 11.4722 106.85 4
    endloop
  endfacet
  facet normal 0.965978 0.258624 0
    outer loop
      vertex 8.3832 105.475 4
      vertex 8.33715 105.647 0
      vertex 8.33715 105.647 4
    endloop
  endfacet
  facet normal 0.965978 0.258624 0
    outer loop
      vertex 8.33715 105.647 0
      vertex 8.3832 105.475 4
      vertex 8.3832 105.475 0
    endloop
  endfacet
  facet normal 0.25853 -0.966003 0
    outer loop
      vertex 9.47467 107.617 0
      vertex 9.64655 107.663 4
      vertex 9.47467 107.617 4
    endloop
  endfacet
  facet normal 0.25853 -0.966003 0
    outer loop
      vertex 9.64655 107.663 4
      vertex 9.47467 107.617 0
      vertex 9.64655 107.663 0
    endloop
  endfacet
  facet normal -0.933433 -0.358753 0
    outer loop
      vertex 11.6168 106.525 0
      vertex 11.553 106.691 4
      vertex 11.553 106.691 0
    endloop
  endfacet
  facet normal -0.933433 -0.358753 0
    outer loop
      vertex 11.553 106.691 4
      vertex 11.6168 106.525 0
      vertex 11.6168 106.525 4
    endloop
  endfacet
  facet normal 0.359506 -0.933143 0
    outer loop
      vertex 9.30855 107.553 0
      vertex 9.47467 107.617 4
      vertex 9.30855 107.553 4
    endloop
  endfacet
  facet normal 0.359506 -0.933143 0
    outer loop
      vertex 9.47467 107.617 4
      vertex 9.30855 107.553 0
      vertex 9.47467 107.617 0
    endloop
  endfacet
  facet normal 0.965978 -0.258624 0
    outer loop
      vertex 8.33715 106.353 4
      vertex 8.3832 106.525 0
      vertex 8.3832 106.525 4
    endloop
  endfacet
  facet normal 0.965978 -0.258624 0
    outer loop
      vertex 8.3832 106.525 0
      vertex 8.33715 106.353 4
      vertex 8.33715 106.353 0
    endloop
  endfacet
  facet normal -0.157377 -0.987539 0
    outer loop
      vertex 10.1777 107.691 0
      vertex 10.3534 107.663 4
      vertex 10.1777 107.691 4
    endloop
  endfacet
  facet normal -0.157377 -0.987539 -0
    outer loop
      vertex 10.3534 107.663 4
      vertex 10.1777 107.691 0
      vertex 10.3534 107.663 0
    endloop
  endfacet
  facet normal -0.891493 0.453035 0
    outer loop
      vertex 11.4722 105.15 0
      vertex 11.553 105.309 4
      vertex 11.553 105.309 0
    endloop
  endfacet
  facet normal -0.891493 0.453035 0
    outer loop
      vertex 11.553 105.309 4
      vertex 11.4722 105.15 0
      vertex 11.4722 105.15 4
    endloop
  endfacet
  facet normal 0.157333 -0.987546 0
    outer loop
      vertex 9.64655 107.663 0
      vertex 9.8223 107.691 4
      vertex 9.64655 107.663 4
    endloop
  endfacet
  facet normal 0.157333 -0.987546 0
    outer loop
      vertex 9.8223 107.691 4
      vertex 9.64655 107.663 0
      vertex 9.8223 107.691 0
    endloop
  endfacet
  facet normal -0.891493 -0.453035 0
    outer loop
      vertex 11.553 106.691 0
      vertex 11.4722 106.85 4
      vertex 11.4722 106.85 0
    endloop
  endfacet
  facet normal -0.891493 -0.453035 0
    outer loop
      vertex 11.4722 106.85 4
      vertex 11.553 106.691 0
      vertex 11.553 106.691 4
    endloop
  endfacet
  facet normal -0.545067 -0.838392 0
    outer loop
      vertex 10.85 107.472 0
      vertex 10.9992 107.375 4
      vertex 10.85 107.472 4
    endloop
  endfacet
  facet normal -0.545067 -0.838392 -0
    outer loop
      vertex 10.9992 107.375 4
      vertex 10.85 107.472 0
      vertex 10.9992 107.375 0
    endloop
  endfacet
  facet normal 0.0505823 -0.99872 0
    outer loop
      vertex 9.8223 107.691 0
      vertex 10 107.7 4
      vertex 9.8223 107.691 4
    endloop
  endfacet
  facet normal 0.0505823 -0.99872 0
    outer loop
      vertex 10 107.7 4
      vertex 9.8223 107.691 0
      vertex 10 107.7 0
    endloop
  endfacet
  facet normal 0.891515 0.452991 0
    outer loop
      vertex 8.52776 105.15 4
      vertex 8.44697 105.309 0
      vertex 8.44697 105.309 4
    endloop
  endfacet
  facet normal 0.891515 0.452991 0
    outer loop
      vertex 8.44697 105.309 0
      vertex 8.52776 105.15 4
      vertex 8.52776 105.15 0
    endloop
  endfacet
  facet normal -0.359355 0.933201 0
    outer loop
      vertex 10.6915 104.447 0
      vertex 10.5253 104.383 4
      vertex 10.6915 104.447 4
    endloop
  endfacet
  facet normal -0.359355 0.933201 0
    outer loop
      vertex 10.5253 104.383 4
      vertex 10.6915 104.447 0
      vertex 10.5253 104.383 0
    endloop
  endfacet
  facet normal -0.987616 0.15689 0
    outer loop
      vertex 11.6629 105.647 0
      vertex 11.6907 105.822 4
      vertex 11.6907 105.822 0
    endloop
  endfacet
  facet normal -0.987616 0.15689 0
    outer loop
      vertex 11.6907 105.822 4
      vertex 11.6629 105.647 0
      vertex 11.6629 105.647 4
    endloop
  endfacet
  facet normal -0.998638 0.052176 0
    outer loop
      vertex 11.6907 105.822 0
      vertex 11.7 106 4
      vertex 11.7 106 0
    endloop
  endfacet
  facet normal -0.998638 0.052176 0
    outer loop
      vertex 11.7 106 4
      vertex 11.6907 105.822 0
      vertex 11.6907 105.822 4
    endloop
  endfacet
  facet normal 0.987581 0.15711 0
    outer loop
      vertex 8.33715 105.647 4
      vertex 8.30931 105.822 0
      vertex 8.30931 105.822 4
    endloop
  endfacet
  facet normal 0.987581 0.15711 0
    outer loop
      vertex 8.30931 105.822 0
      vertex 8.33715 105.647 4
      vertex 8.33715 105.647 0
    endloop
  endfacet
  facet normal -0.0505823 0.99872 0
    outer loop
      vertex 10.1777 104.309 0
      vertex 10 104.3 4
      vertex 10.1777 104.309 4
    endloop
  endfacet
  facet normal -0.0505823 0.99872 0
    outer loop
      vertex 10 104.3 4
      vertex 10.1777 104.309 0
      vertex 10 104.3 0
    endloop
  endfacet
  facet normal 0.838289 -0.545226 0
    outer loop
      vertex 8.52776 106.85 4
      vertex 8.62467 106.999 0
      vertex 8.62467 106.999 4
    endloop
  endfacet
  facet normal 0.838289 -0.545226 0
    outer loop
      vertex 8.62467 106.999 0
      vertex 8.52776 106.85 4
      vertex 8.52776 106.85 0
    endloop
  endfacet
  facet normal 0.544965 -0.838459 0
    outer loop
      vertex 9.00076 107.375 0
      vertex 9.15 107.472 4
      vertex 9.00076 107.375 4
    endloop
  endfacet
  facet normal 0.544965 -0.838459 0
    outer loop
      vertex 9.15 107.472 4
      vertex 9.00076 107.375 0
      vertex 9.15 107.472 0
    endloop
  endfacet
  facet normal -0.965908 -0.258886 0
    outer loop
      vertex 11.6629 106.353 0
      vertex 11.6168 106.525 4
      vertex 11.6168 106.525 0
    endloop
  endfacet
  facet normal -0.965908 -0.258886 0
    outer loop
      vertex 11.6168 106.525 4
      vertex 11.6629 106.353 0
      vertex 11.6629 106.353 4
    endloop
  endfacet
  facet normal 0.0505823 0.99872 -0
    outer loop
      vertex 10 104.3 0
      vertex 9.8223 104.309 4
      vertex 10 104.3 4
    endloop
  endfacet
  facet normal 0.0505823 0.99872 0
    outer loop
      vertex 9.8223 104.309 4
      vertex 10 104.3 0
      vertex 9.8223 104.309 0
    endloop
  endfacet
  facet normal -0.704848 -0.709359 0
    outer loop
      vertex 11.2633 107.138 0
      vertex 11.1375 107.263 4
      vertex 11.1375 107.263 0
    endloop
  endfacet
  facet normal -0.704848 -0.709359 0
    outer loop
      vertex 11.1375 107.263 4
      vertex 11.2633 107.138 0
      vertex 11.2633 107.138 4
    endloop
  endfacet
  facet normal 0.359506 0.933143 -0
    outer loop
      vertex 9.47467 104.383 0
      vertex 9.30855 104.447 4
      vertex 9.47467 104.383 4
    endloop
  endfacet
  facet normal 0.359506 0.933143 0
    outer loop
      vertex 9.30855 104.447 4
      vertex 9.47467 104.383 0
      vertex 9.30855 104.447 0
    endloop
  endfacet
  facet normal -0.704848 0.709359 0
    outer loop
      vertex 11.1375 104.737 0
      vertex 11.2633 104.862 4
      vertex 11.2633 104.862 0
    endloop
  endfacet
  facet normal -0.704848 0.709359 0
    outer loop
      vertex 11.2633 104.862 4
      vertex 11.1375 104.737 0
      vertex 11.1375 104.737 4
    endloop
  endfacet
  facet normal 0.987581 -0.15711 0
    outer loop
      vertex 8.30931 106.178 4
      vertex 8.33715 106.353 0
      vertex 8.33715 106.353 4
    endloop
  endfacet
  facet normal 0.987581 -0.15711 0
    outer loop
      vertex 8.33715 106.353 0
      vertex 8.30931 106.178 4
      vertex 8.30931 106.178 0
    endloop
  endfacet
  facet normal 0.454948 0.890518 -0
    outer loop
      vertex 9.30855 104.447 0
      vertex 9.15 104.528 4
      vertex 9.30855 104.447 4
    endloop
  endfacet
  facet normal 0.454948 0.890518 0
    outer loop
      vertex 9.15 104.528 4
      vertex 9.30855 104.447 0
      vertex 9.15 104.528 0
    endloop
  endfacet
  facet normal 0.778733 0.627356 0
    outer loop
      vertex 8.73665 104.862 4
      vertex 8.62467 105.001 0
      vertex 8.62467 105.001 4
    endloop
  endfacet
  facet normal 0.778733 0.627356 0
    outer loop
      vertex 8.62467 105.001 0
      vertex 8.73665 104.862 4
      vertex 8.73665 104.862 0
    endloop
  endfacet
  facet normal 0.629399 0.777083 -0
    outer loop
      vertex 9.00076 104.625 0
      vertex 8.86248 104.737 4
      vertex 9.00076 104.625 4
    endloop
  endfacet
  facet normal 0.629399 0.777083 0
    outer loop
      vertex 8.86248 104.737 4
      vertex 9.00076 104.625 0
      vertex 8.86248 104.737 0
    endloop
  endfacet
  facet normal 0.157333 0.987546 -0
    outer loop
      vertex 9.8223 104.309 0
      vertex 9.64655 104.337 4
      vertex 9.8223 104.309 4
    endloop
  endfacet
  facet normal 0.157333 0.987546 0
    outer loop
      vertex 9.64655 104.337 4
      vertex 9.8223 104.309 0
      vertex 9.64655 104.337 0
    endloop
  endfacet
  facet normal 0.544965 0.838459 -0
    outer loop
      vertex 9.15 104.528 0
      vertex 9.00076 104.625 4
      vertex 9.15 104.528 4
    endloop
  endfacet
  facet normal 0.544965 0.838459 0
    outer loop
      vertex 9.00076 104.625 4
      vertex 9.15 104.528 0
      vertex 9.00076 104.625 0
    endloop
  endfacet
  facet normal -0.455062 0.89046 0
    outer loop
      vertex 10.85 104.528 0
      vertex 10.6915 104.447 4
      vertex 10.85 104.528 4
    endloop
  endfacet
  facet normal -0.455062 0.89046 0
    outer loop
      vertex 10.6915 104.447 4
      vertex 10.85 104.528 0
      vertex 10.6915 104.447 0
    endloop
  endfacet
  facet normal -0.629344 0.777127 0
    outer loop
      vertex 11.1375 104.737 0
      vertex 10.9992 104.625 4
      vertex 11.1375 104.737 4
    endloop
  endfacet
  facet normal -0.629344 0.777127 0
    outer loop
      vertex 10.9992 104.625 4
      vertex 11.1375 104.737 0
      vertex 10.9992 104.625 0
    endloop
  endfacet
  facet normal 0.838289 0.545226 0
    outer loop
      vertex 8.62467 105.001 4
      vertex 8.52776 105.15 0
      vertex 8.52776 105.15 4
    endloop
  endfacet
  facet normal 0.838289 0.545226 0
    outer loop
      vertex 8.52776 105.15 0
      vertex 8.62467 105.001 4
      vertex 8.62467 105.001 0
    endloop
  endfacet
  facet normal 0.998635 -0.052232 0
    outer loop
      vertex 8.3 106 4
      vertex 8.30931 106.178 0
      vertex 8.30931 106.178 4
    endloop
  endfacet
  facet normal 0.998635 -0.052232 0
    outer loop
      vertex 8.30931 106.178 0
      vertex 8.3 106 4
      vertex 8.3 106 0
    endloop
  endfacet
  facet normal 0.891515 -0.452991 0
    outer loop
      vertex 8.44697 106.691 4
      vertex 8.52776 106.85 0
      vertex 8.52776 106.85 4
    endloop
  endfacet
  facet normal 0.891515 -0.452991 0
    outer loop
      vertex 8.52776 106.85 0
      vertex 8.44697 106.691 4
      vertex 8.44697 106.691 0
    endloop
  endfacet
  facet normal 0.933489 -0.358606 0
    outer loop
      vertex 8.3832 106.525 4
      vertex 8.44697 106.691 0
      vertex 8.44697 106.691 4
    endloop
  endfacet
  facet normal 0.933489 -0.358606 0
    outer loop
      vertex 8.44697 106.691 0
      vertex 8.3832 106.525 4
      vertex 8.3832 106.525 0
    endloop
  endfacet
  facet normal -0.157333 0.987546 0
    outer loop
      vertex -5.64655 114.337 0
      vertex -5.8223 114.309 4
      vertex -5.64655 114.337 4
    endloop
  endfacet
  facet normal -0.157333 0.987546 0
    outer loop
      vertex -5.8223 114.309 4
      vertex -5.64655 114.337 0
      vertex -5.8223 114.309 0
    endloop
  endfacet
  facet normal -0.987581 -0.15711 0
    outer loop
      vertex -4.30931 116.178 0
      vertex -4.33715 116.353 4
      vertex -4.33715 116.353 0
    endloop
  endfacet
  facet normal -0.987581 -0.15711 0
    outer loop
      vertex -4.33715 116.353 4
      vertex -4.30931 116.178 0
      vertex -4.30931 116.178 4
    endloop
  endfacet
  facet normal -0.998635 -0.052232 0
    outer loop
      vertex -4.3 116 0
      vertex -4.30931 116.178 4
      vertex -4.30931 116.178 0
    endloop
  endfacet
  facet normal -0.998635 -0.052232 0
    outer loop
      vertex -4.30931 116.178 4
      vertex -4.3 116 0
      vertex -4.3 116 4
    endloop
  endfacet
  facet normal 0.25853 0.966003 -0
    outer loop
      vertex -6.35345 114.337 0
      vertex -6.52533 114.383 4
      vertex -6.35345 114.337 4
    endloop
  endfacet
  facet normal 0.25853 0.966003 0
    outer loop
      vertex -6.52533 114.383 4
      vertex -6.35345 114.337 0
      vertex -6.52533 114.383 0
    endloop
  endfacet
  facet normal 0.629371 -0.777105 0
    outer loop
      vertex -7.13752 117.263 0
      vertex -6.99923 117.375 4
      vertex -7.13752 117.263 4
    endloop
  endfacet
  facet normal 0.629371 -0.777105 0
    outer loop
      vertex -6.99923 117.375 4
      vertex -7.13752 117.263 0
      vertex -6.99923 117.375 0
    endloop
  endfacet
  facet normal -0.544965 0.838459 0
    outer loop
      vertex -5.00076 114.625 0
      vertex -5.15 114.528 4
      vertex -5.00076 114.625 4
    endloop
  endfacet
  facet normal -0.544965 0.838459 0
    outer loop
      vertex -5.15 114.528 4
      vertex -5.00076 114.625 0
      vertex -5.15 114.528 0
    endloop
  endfacet
  facet normal 0.933489 0.358606 0
    outer loop
      vertex -7.55303 115.309 4
      vertex -7.6168 115.475 0
      vertex -7.6168 115.475 4
    endloop
  endfacet
  facet normal 0.933489 0.358606 0
    outer loop
      vertex -7.6168 115.475 0
      vertex -7.55303 115.309 4
      vertex -7.55303 115.309 0
    endloop
  endfacet
  facet normal -0.778733 -0.627356 0
    outer loop
      vertex -4.62467 116.999 0
      vertex -4.73665 117.138 4
      vertex -4.73665 117.138 0
    endloop
  endfacet
  facet normal -0.778733 -0.627356 0
    outer loop
      vertex -4.73665 117.138 4
      vertex -4.62467 116.999 0
      vertex -4.62467 116.999 4
    endloop
  endfacet
  facet normal 0.704763 -0.709443 0
    outer loop
      vertex -7.26335 117.138 4
      vertex -7.13752 117.263 0
      vertex -7.13752 117.263 4
    endloop
  endfacet
  facet normal 0.704763 -0.709443 0
    outer loop
      vertex -7.13752 117.263 0
      vertex -7.26335 117.138 4
      vertex -7.26335 117.138 0
    endloop
  endfacet
  facet normal -0.0505823 -0.99872 0
    outer loop
      vertex -6 117.7 0
      vertex -5.8223 117.691 4
      vertex -6 117.7 4
    endloop
  endfacet
  facet normal -0.0505823 -0.99872 -0
    outer loop
      vertex -5.8223 117.691 4
      vertex -6 117.7 0
      vertex -5.8223 117.691 0
    endloop
  endfacet
  facet normal -0.838289 0.545226 0
    outer loop
      vertex -4.62467 115.001 0
      vertex -4.52776 115.15 4
      vertex -4.52776 115.15 0
    endloop
  endfacet
  facet normal -0.838289 0.545226 0
    outer loop
      vertex -4.52776 115.15 4
      vertex -4.62467 115.001 0
      vertex -4.62467 115.001 4
    endloop
  endfacet
  facet normal 0.998635 0.052232 0
    outer loop
      vertex -7.69069 115.822 4
      vertex -7.7 116 0
      vertex -7.7 116 4
    endloop
  endfacet
  facet normal 0.998635 0.052232 0
    outer loop
      vertex -7.7 116 0
      vertex -7.69069 115.822 4
      vertex -7.69069 115.822 0
    endloop
  endfacet
  facet normal -0.933489 0.358606 0
    outer loop
      vertex -4.44697 115.309 0
      vertex -4.3832 115.475 4
      vertex -4.3832 115.475 0
    endloop
  endfacet
  facet normal -0.933489 0.358606 0
    outer loop
      vertex -4.3832 115.475 4
      vertex -4.44697 115.309 0
      vertex -4.44697 115.309 4
    endloop
  endfacet
  facet normal -0.25853 0.966003 0
    outer loop
      vertex -5.47467 114.383 0
      vertex -5.64655 114.337 4
      vertex -5.47467 114.383 4
    endloop
  endfacet
  facet normal -0.25853 0.966003 0
    outer loop
      vertex -5.64655 114.337 4
      vertex -5.47467 114.383 0
      vertex -5.64655 114.337 0
    endloop
  endfacet
  facet normal -0.359506 -0.933143 0
    outer loop
      vertex -5.47467 117.617 0
      vertex -5.30855 117.553 4
      vertex -5.47467 117.617 4
    endloop
  endfacet
  facet normal -0.359506 -0.933143 -0
    outer loop
      vertex -5.30855 117.553 4
      vertex -5.47467 117.617 0
      vertex -5.30855 117.553 0
    endloop
  endfacet
  facet normal -0.629399 -0.777083 0
    outer loop
      vertex -5.00076 117.375 0
      vertex -4.86248 117.263 4
      vertex -5.00076 117.375 4
    endloop
  endfacet
  facet normal -0.629399 -0.777083 -0
    outer loop
      vertex -4.86248 117.263 4
      vertex -5.00076 117.375 0
      vertex -4.86248 117.263 0
    endloop
  endfacet
  facet normal 0.704763 0.709443 0
    outer loop
      vertex -7.13752 114.737 4
      vertex -7.26335 114.862 0
      vertex -7.26335 114.862 4
    endloop
  endfacet
  facet normal 0.704763 0.709443 0
    outer loop
      vertex -7.26335 114.862 0
      vertex -7.13752 114.737 4
      vertex -7.13752 114.737 0
    endloop
  endfacet
  facet normal -0.25853 -0.966003 0
    outer loop
      vertex -5.64655 117.663 0
      vertex -5.47467 117.617 4
      vertex -5.64655 117.663 4
    endloop
  endfacet
  facet normal -0.25853 -0.966003 -0
    outer loop
      vertex -5.47467 117.617 4
      vertex -5.64655 117.663 0
      vertex -5.47467 117.617 0
    endloop
  endfacet
  facet normal 0.778733 -0.627356 0
    outer loop
      vertex -7.37533 116.999 4
      vertex -7.26335 117.138 0
      vertex -7.26335 117.138 4
    endloop
  endfacet
  facet normal 0.778733 -0.627356 0
    outer loop
      vertex -7.26335 117.138 0
      vertex -7.37533 116.999 4
      vertex -7.37533 116.999 0
    endloop
  endfacet
  facet normal -0.965978 0.258624 0
    outer loop
      vertex -4.3832 115.475 0
      vertex -4.33715 115.647 4
      vertex -4.33715 115.647 0
    endloop
  endfacet
  facet normal -0.965978 0.258624 0
    outer loop
      vertex -4.33715 115.647 4
      vertex -4.3832 115.475 0
      vertex -4.3832 115.475 4
    endloop
  endfacet
  facet normal 0.454948 -0.890518 0
    outer loop
      vertex -6.85 117.472 0
      vertex -6.69145 117.553 4
      vertex -6.85 117.472 4
    endloop
  endfacet
  facet normal 0.454948 -0.890518 0
    outer loop
      vertex -6.69145 117.553 4
      vertex -6.85 117.472 0
      vertex -6.69145 117.553 0
    endloop
  endfacet
  facet normal -0.454948 -0.890518 0
    outer loop
      vertex -5.30855 117.553 0
      vertex -5.15 117.472 4
      vertex -5.30855 117.553 4
    endloop
  endfacet
  facet normal -0.454948 -0.890518 -0
    outer loop
      vertex -5.15 117.472 4
      vertex -5.30855 117.553 0
      vertex -5.15 117.472 0
    endloop
  endfacet
  facet normal -0.778733 0.627356 0
    outer loop
      vertex -4.73665 114.862 0
      vertex -4.62467 115.001 4
      vertex -4.62467 115.001 0
    endloop
  endfacet
  facet normal -0.778733 0.627356 0
    outer loop
      vertex -4.62467 115.001 4
      vertex -4.73665 114.862 0
      vertex -4.73665 114.862 4
    endloop
  endfacet
  facet normal -0.838289 -0.545226 0
    outer loop
      vertex -4.52776 116.85 0
      vertex -4.62467 116.999 4
      vertex -4.62467 116.999 0
    endloop
  endfacet
  facet normal -0.838289 -0.545226 0
    outer loop
      vertex -4.62467 116.999 4
      vertex -4.52776 116.85 0
      vertex -4.52776 116.85 4
    endloop
  endfacet
  facet normal 0.965978 0.258624 0
    outer loop
      vertex -7.6168 115.475 4
      vertex -7.66285 115.647 0
      vertex -7.66285 115.647 4
    endloop
  endfacet
  facet normal 0.965978 0.258624 0
    outer loop
      vertex -7.66285 115.647 0
      vertex -7.6168 115.475 4
      vertex -7.6168 115.475 0
    endloop
  endfacet
  facet normal 0.25853 -0.966003 0
    outer loop
      vertex -6.52533 117.617 0
      vertex -6.35345 117.663 4
      vertex -6.52533 117.617 4
    endloop
  endfacet
  facet normal 0.25853 -0.966003 0
    outer loop
      vertex -6.35345 117.663 4
      vertex -6.52533 117.617 0
      vertex -6.35345 117.663 0
    endloop
  endfacet
  facet normal -0.933489 -0.358606 0
    outer loop
      vertex -4.3832 116.525 0
      vertex -4.44697 116.691 4
      vertex -4.44697 116.691 0
    endloop
  endfacet
  facet normal -0.933489 -0.358606 0
    outer loop
      vertex -4.44697 116.691 4
      vertex -4.3832 116.525 0
      vertex -4.3832 116.525 4
    endloop
  endfacet
  facet normal 0.359506 -0.933143 0
    outer loop
      vertex -6.69145 117.553 0
      vertex -6.52533 117.617 4
      vertex -6.69145 117.553 4
    endloop
  endfacet
  facet normal 0.359506 -0.933143 0
    outer loop
      vertex -6.52533 117.617 4
      vertex -6.69145 117.553 0
      vertex -6.52533 117.617 0
    endloop
  endfacet
  facet normal 0.965978 -0.258624 0
    outer loop
      vertex -7.66285 116.353 4
      vertex -7.6168 116.525 0
      vertex -7.6168 116.525 4
    endloop
  endfacet
  facet normal 0.965978 -0.258624 0
    outer loop
      vertex -7.6168 116.525 0
      vertex -7.66285 116.353 4
      vertex -7.66285 116.353 0
    endloop
  endfacet
  facet normal -0.157333 -0.987546 0
    outer loop
      vertex -5.8223 117.691 0
      vertex -5.64655 117.663 4
      vertex -5.8223 117.691 4
    endloop
  endfacet
  facet normal -0.157333 -0.987546 -0
    outer loop
      vertex -5.64655 117.663 4
      vertex -5.8223 117.691 0
      vertex -5.64655 117.663 0
    endloop
  endfacet
  facet normal -0.891515 0.452991 0
    outer loop
      vertex -4.52776 115.15 0
      vertex -4.44697 115.309 4
      vertex -4.44697 115.309 0
    endloop
  endfacet
  facet normal -0.891515 0.452991 0
    outer loop
      vertex -4.44697 115.309 4
      vertex -4.52776 115.15 0
      vertex -4.52776 115.15 4
    endloop
  endfacet
  facet normal 0.157333 -0.987546 0
    outer loop
      vertex -6.35345 117.663 0
      vertex -6.1777 117.691 4
      vertex -6.35345 117.663 4
    endloop
  endfacet
  facet normal 0.157333 -0.987546 0
    outer loop
      vertex -6.1777 117.691 4
      vertex -6.35345 117.663 0
      vertex -6.1777 117.691 0
    endloop
  endfacet
  facet normal -0.891515 -0.452991 0
    outer loop
      vertex -4.44697 116.691 0
      vertex -4.52776 116.85 4
      vertex -4.52776 116.85 0
    endloop
  endfacet
  facet normal -0.891515 -0.452991 0
    outer loop
      vertex -4.52776 116.85 4
      vertex -4.44697 116.691 0
      vertex -4.44697 116.691 4
    endloop
  endfacet
  facet normal -0.544965 -0.838459 0
    outer loop
      vertex -5.15 117.472 0
      vertex -5.00076 117.375 4
      vertex -5.15 117.472 4
    endloop
  endfacet
  facet normal -0.544965 -0.838459 -0
    outer loop
      vertex -5.00076 117.375 4
      vertex -5.15 117.472 0
      vertex -5.00076 117.375 0
    endloop
  endfacet
  facet normal 0.0505823 -0.99872 0
    outer loop
      vertex -6.1777 117.691 0
      vertex -6 117.7 4
      vertex -6.1777 117.691 4
    endloop
  endfacet
  facet normal 0.0505823 -0.99872 0
    outer loop
      vertex -6 117.7 4
      vertex -6.1777 117.691 0
      vertex -6 117.7 0
    endloop
  endfacet
  facet normal 0.891515 0.452991 0
    outer loop
      vertex -7.47224 115.15 4
      vertex -7.55303 115.309 0
      vertex -7.55303 115.309 4
    endloop
  endfacet
  facet normal 0.891515 0.452991 0
    outer loop
      vertex -7.55303 115.309 0
      vertex -7.47224 115.15 4
      vertex -7.47224 115.15 0
    endloop
  endfacet
  facet normal -0.359506 0.933143 0
    outer loop
      vertex -5.30855 114.447 0
      vertex -5.47467 114.383 4
      vertex -5.30855 114.447 4
    endloop
  endfacet
  facet normal -0.359506 0.933143 0
    outer loop
      vertex -5.47467 114.383 4
      vertex -5.30855 114.447 0
      vertex -5.47467 114.383 0
    endloop
  endfacet
  facet normal -0.987581 0.15711 0
    outer loop
      vertex -4.33715 115.647 0
      vertex -4.30931 115.822 4
      vertex -4.30931 115.822 0
    endloop
  endfacet
  facet normal -0.987581 0.15711 0
    outer loop
      vertex -4.30931 115.822 4
      vertex -4.33715 115.647 0
      vertex -4.33715 115.647 4
    endloop
  endfacet
  facet normal -0.998635 0.052232 0
    outer loop
      vertex -4.30931 115.822 0
      vertex -4.3 116 4
      vertex -4.3 116 0
    endloop
  endfacet
  facet normal -0.998635 0.052232 0
    outer loop
      vertex -4.3 116 4
      vertex -4.30931 115.822 0
      vertex -4.30931 115.822 4
    endloop
  endfacet
  facet normal 0.987581 0.15711 0
    outer loop
      vertex -7.66285 115.647 4
      vertex -7.69069 115.822 0
      vertex -7.69069 115.822 4
    endloop
  endfacet
  facet normal 0.987581 0.15711 0
    outer loop
      vertex -7.69069 115.822 0
      vertex -7.66285 115.647 4
      vertex -7.66285 115.647 0
    endloop
  endfacet
  facet normal -0.0505823 0.99872 0
    outer loop
      vertex -5.8223 114.309 0
      vertex -6 114.3 4
      vertex -5.8223 114.309 4
    endloop
  endfacet
  facet normal -0.0505823 0.99872 0
    outer loop
      vertex -6 114.3 4
      vertex -5.8223 114.309 0
      vertex -6 114.3 0
    endloop
  endfacet
  facet normal 0.838289 -0.545226 0
    outer loop
      vertex -7.47224 116.85 4
      vertex -7.37533 116.999 0
      vertex -7.37533 116.999 4
    endloop
  endfacet
  facet normal 0.838289 -0.545226 0
    outer loop
      vertex -7.37533 116.999 0
      vertex -7.47224 116.85 4
      vertex -7.47224 116.85 0
    endloop
  endfacet
  facet normal 0.54499 -0.838442 0
    outer loop
      vertex -6.99923 117.375 0
      vertex -6.85 117.472 4
      vertex -6.99923 117.375 4
    endloop
  endfacet
  facet normal 0.54499 -0.838442 0
    outer loop
      vertex -6.85 117.472 4
      vertex -6.99923 117.375 0
      vertex -6.85 117.472 0
    endloop
  endfacet
  facet normal -0.965978 -0.258624 0
    outer loop
      vertex -4.33715 116.353 0
      vertex -4.3832 116.525 4
      vertex -4.3832 116.525 0
    endloop
  endfacet
  facet normal -0.965978 -0.258624 0
    outer loop
      vertex -4.3832 116.525 4
      vertex -4.33715 116.353 0
      vertex -4.33715 116.353 4
    endloop
  endfacet
  facet normal 0.0505823 0.99872 -0
    outer loop
      vertex -6 114.3 0
      vertex -6.1777 114.309 4
      vertex -6 114.3 4
    endloop
  endfacet
  facet normal 0.0505823 0.99872 0
    outer loop
      vertex -6.1777 114.309 4
      vertex -6 114.3 0
      vertex -6.1777 114.309 0
    endloop
  endfacet
  facet normal -0.704763 -0.709443 0
    outer loop
      vertex -4.73665 117.138 0
      vertex -4.86248 117.263 4
      vertex -4.86248 117.263 0
    endloop
  endfacet
  facet normal -0.704763 -0.709443 0
    outer loop
      vertex -4.86248 117.263 4
      vertex -4.73665 117.138 0
      vertex -4.73665 117.138 4
    endloop
  endfacet
  facet normal 0.359506 0.933143 -0
    outer loop
      vertex -6.52533 114.383 0
      vertex -6.69145 114.447 4
      vertex -6.52533 114.383 4
    endloop
  endfacet
  facet normal 0.359506 0.933143 0
    outer loop
      vertex -6.69145 114.447 4
      vertex -6.52533 114.383 0
      vertex -6.69145 114.447 0
    endloop
  endfacet
  facet normal -0.704763 0.709443 0
    outer loop
      vertex -4.86248 114.737 0
      vertex -4.73665 114.862 4
      vertex -4.73665 114.862 0
    endloop
  endfacet
  facet normal -0.704763 0.709443 0
    outer loop
      vertex -4.73665 114.862 4
      vertex -4.86248 114.737 0
      vertex -4.86248 114.737 4
    endloop
  endfacet
  facet normal 0.987581 -0.15711 0
    outer loop
      vertex -7.69069 116.178 4
      vertex -7.66285 116.353 0
      vertex -7.66285 116.353 4
    endloop
  endfacet
  facet normal 0.987581 -0.15711 0
    outer loop
      vertex -7.66285 116.353 0
      vertex -7.69069 116.178 4
      vertex -7.69069 116.178 0
    endloop
  endfacet
  facet normal 0.454948 0.890518 -0
    outer loop
      vertex -6.69145 114.447 0
      vertex -6.85 114.528 4
      vertex -6.69145 114.447 4
    endloop
  endfacet
  facet normal 0.454948 0.890518 0
    outer loop
      vertex -6.85 114.528 4
      vertex -6.69145 114.447 0
      vertex -6.85 114.528 0
    endloop
  endfacet
  facet normal 0.778733 0.627356 0
    outer loop
      vertex -7.26335 114.862 4
      vertex -7.37533 115.001 0
      vertex -7.37533 115.001 4
    endloop
  endfacet
  facet normal 0.778733 0.627356 0
    outer loop
      vertex -7.37533 115.001 0
      vertex -7.26335 114.862 4
      vertex -7.26335 114.862 0
    endloop
  endfacet
  facet normal 0.629371 0.777105 -0
    outer loop
      vertex -6.99923 114.625 0
      vertex -7.13752 114.737 4
      vertex -6.99923 114.625 4
    endloop
  endfacet
  facet normal 0.629371 0.777105 0
    outer loop
      vertex -7.13752 114.737 4
      vertex -6.99923 114.625 0
      vertex -7.13752 114.737 0
    endloop
  endfacet
  facet normal 0.157333 0.987546 -0
    outer loop
      vertex -6.1777 114.309 0
      vertex -6.35345 114.337 4
      vertex -6.1777 114.309 4
    endloop
  endfacet
  facet normal 0.157333 0.987546 0
    outer loop
      vertex -6.35345 114.337 4
      vertex -6.1777 114.309 0
      vertex -6.35345 114.337 0
    endloop
  endfacet
  facet normal 0.54499 0.838442 -0
    outer loop
      vertex -6.85 114.528 0
      vertex -6.99923 114.625 4
      vertex -6.85 114.528 4
    endloop
  endfacet
  facet normal 0.54499 0.838442 0
    outer loop
      vertex -6.99923 114.625 4
      vertex -6.85 114.528 0
      vertex -6.99923 114.625 0
    endloop
  endfacet
  facet normal -0.454948 0.890518 0
    outer loop
      vertex -5.15 114.528 0
      vertex -5.30855 114.447 4
      vertex -5.15 114.528 4
    endloop
  endfacet
  facet normal -0.454948 0.890518 0
    outer loop
      vertex -5.30855 114.447 4
      vertex -5.15 114.528 0
      vertex -5.30855 114.447 0
    endloop
  endfacet
  facet normal -0.629399 0.777083 0
    outer loop
      vertex -4.86248 114.737 0
      vertex -5.00076 114.625 4
      vertex -4.86248 114.737 4
    endloop
  endfacet
  facet normal -0.629399 0.777083 0
    outer loop
      vertex -5.00076 114.625 4
      vertex -4.86248 114.737 0
      vertex -5.00076 114.625 0
    endloop
  endfacet
  facet normal 0.838289 0.545226 0
    outer loop
      vertex -7.37533 115.001 4
      vertex -7.47224 115.15 0
      vertex -7.47224 115.15 4
    endloop
  endfacet
  facet normal 0.838289 0.545226 0
    outer loop
      vertex -7.47224 115.15 0
      vertex -7.37533 115.001 4
      vertex -7.37533 115.001 0
    endloop
  endfacet
  facet normal 0.998635 -0.052232 0
    outer loop
      vertex -7.7 116 4
      vertex -7.69069 116.178 0
      vertex -7.69069 116.178 4
    endloop
  endfacet
  facet normal 0.998635 -0.052232 0
    outer loop
      vertex -7.69069 116.178 0
      vertex -7.7 116 4
      vertex -7.7 116 0
    endloop
  endfacet
  facet normal 0.891515 -0.452991 0
    outer loop
      vertex -7.55303 116.691 4
      vertex -7.47224 116.85 0
      vertex -7.47224 116.85 4
    endloop
  endfacet
  facet normal 0.891515 -0.452991 0
    outer loop
      vertex -7.47224 116.85 0
      vertex -7.55303 116.691 4
      vertex -7.55303 116.691 0
    endloop
  endfacet
  facet normal 0.933489 -0.358606 0
    outer loop
      vertex -7.6168 116.525 4
      vertex -7.55303 116.691 0
      vertex -7.55303 116.691 4
    endloop
  endfacet
  facet normal 0.933489 -0.358606 0
    outer loop
      vertex -7.55303 116.691 0
      vertex -7.6168 116.525 4
      vertex -7.6168 116.525 0
    endloop
  endfacet
  facet normal -0.157333 0.987546 0
    outer loop
      vertex 6.35345 114.337 0
      vertex 6.1777 114.309 4
      vertex 6.35345 114.337 4
    endloop
  endfacet
  facet normal -0.157333 0.987546 0
    outer loop
      vertex 6.1777 114.309 4
      vertex 6.35345 114.337 0
      vertex 6.1777 114.309 0
    endloop
  endfacet
  facet normal -0.987581 -0.15711 0
    outer loop
      vertex 7.69069 116.178 0
      vertex 7.66285 116.353 4
      vertex 7.66285 116.353 0
    endloop
  endfacet
  facet normal -0.987581 -0.15711 0
    outer loop
      vertex 7.66285 116.353 4
      vertex 7.69069 116.178 0
      vertex 7.69069 116.178 4
    endloop
  endfacet
  facet normal -0.998635 -0.052232 0
    outer loop
      vertex 7.7 116 0
      vertex 7.69069 116.178 4
      vertex 7.69069 116.178 0
    endloop
  endfacet
  facet normal -0.998635 -0.052232 0
    outer loop
      vertex 7.69069 116.178 4
      vertex 7.7 116 0
      vertex 7.7 116 4
    endloop
  endfacet
  facet normal 0.25853 0.966003 -0
    outer loop
      vertex 5.64655 114.337 0
      vertex 5.47467 114.383 4
      vertex 5.64655 114.337 4
    endloop
  endfacet
  facet normal 0.25853 0.966003 0
    outer loop
      vertex 5.47467 114.383 4
      vertex 5.64655 114.337 0
      vertex 5.47467 114.383 0
    endloop
  endfacet
  facet normal 0.629399 -0.777083 0
    outer loop
      vertex 4.86248 117.263 0
      vertex 5.00076 117.375 4
      vertex 4.86248 117.263 4
    endloop
  endfacet
  facet normal 0.629399 -0.777083 0
    outer loop
      vertex 5.00076 117.375 4
      vertex 4.86248 117.263 0
      vertex 5.00076 117.375 0
    endloop
  endfacet
  facet normal -0.54499 0.838442 0
    outer loop
      vertex 6.99923 114.625 0
      vertex 6.85 114.528 4
      vertex 6.99923 114.625 4
    endloop
  endfacet
  facet normal -0.54499 0.838442 0
    outer loop
      vertex 6.85 114.528 4
      vertex 6.99923 114.625 0
      vertex 6.85 114.528 0
    endloop
  endfacet
  facet normal 0.933489 0.358606 0
    outer loop
      vertex 4.44697 115.309 4
      vertex 4.3832 115.475 0
      vertex 4.3832 115.475 4
    endloop
  endfacet
  facet normal 0.933489 0.358606 0
    outer loop
      vertex 4.3832 115.475 0
      vertex 4.44697 115.309 4
      vertex 4.44697 115.309 0
    endloop
  endfacet
  facet normal -0.778733 -0.627356 0
    outer loop
      vertex 7.37533 116.999 0
      vertex 7.26335 117.138 4
      vertex 7.26335 117.138 0
    endloop
  endfacet
  facet normal -0.778733 -0.627356 0
    outer loop
      vertex 7.26335 117.138 4
      vertex 7.37533 116.999 0
      vertex 7.37533 116.999 4
    endloop
  endfacet
  facet normal 0.704763 -0.709443 0
    outer loop
      vertex 4.73665 117.138 4
      vertex 4.86248 117.263 0
      vertex 4.86248 117.263 4
    endloop
  endfacet
  facet normal 0.704763 -0.709443 0
    outer loop
      vertex 4.86248 117.263 0
      vertex 4.73665 117.138 4
      vertex 4.73665 117.138 0
    endloop
  endfacet
  facet normal -0.0505823 -0.99872 0
    outer loop
      vertex 6 117.7 0
      vertex 6.1777 117.691 4
      vertex 6 117.7 4
    endloop
  endfacet
  facet normal -0.0505823 -0.99872 -0
    outer loop
      vertex 6.1777 117.691 4
      vertex 6 117.7 0
      vertex 6.1777 117.691 0
    endloop
  endfacet
  facet normal -0.838289 0.545226 0
    outer loop
      vertex 7.37533 115.001 0
      vertex 7.47224 115.15 4
      vertex 7.47224 115.15 0
    endloop
  endfacet
  facet normal -0.838289 0.545226 0
    outer loop
      vertex 7.47224 115.15 4
      vertex 7.37533 115.001 0
      vertex 7.37533 115.001 4
    endloop
  endfacet
  facet normal 0.998635 0.052232 0
    outer loop
      vertex 4.30931 115.822 4
      vertex 4.3 116 0
      vertex 4.3 116 4
    endloop
  endfacet
  facet normal 0.998635 0.052232 0
    outer loop
      vertex 4.3 116 0
      vertex 4.30931 115.822 4
      vertex 4.30931 115.822 0
    endloop
  endfacet
  facet normal -0.933489 0.358606 0
    outer loop
      vertex 7.55303 115.309 0
      vertex 7.6168 115.475 4
      vertex 7.6168 115.475 0
    endloop
  endfacet
  facet normal -0.933489 0.358606 0
    outer loop
      vertex 7.6168 115.475 4
      vertex 7.55303 115.309 0
      vertex 7.55303 115.309 4
    endloop
  endfacet
  facet normal -0.25853 0.966003 0
    outer loop
      vertex 6.52533 114.383 0
      vertex 6.35345 114.337 4
      vertex 6.52533 114.383 4
    endloop
  endfacet
  facet normal -0.25853 0.966003 0
    outer loop
      vertex 6.35345 114.337 4
      vertex 6.52533 114.383 0
      vertex 6.35345 114.337 0
    endloop
  endfacet
  facet normal -0.359506 -0.933143 0
    outer loop
      vertex 6.52533 117.617 0
      vertex 6.69145 117.553 4
      vertex 6.52533 117.617 4
    endloop
  endfacet
  facet normal -0.359506 -0.933143 -0
    outer loop
      vertex 6.69145 117.553 4
      vertex 6.52533 117.617 0
      vertex 6.69145 117.553 0
    endloop
  endfacet
  facet normal -0.629371 -0.777105 0
    outer loop
      vertex 6.99923 117.375 0
      vertex 7.13752 117.263 4
      vertex 6.99923 117.375 4
    endloop
  endfacet
  facet normal -0.629371 -0.777105 -0
    outer loop
      vertex 7.13752 117.263 4
      vertex 6.99923 117.375 0
      vertex 7.13752 117.263 0
    endloop
  endfacet
  facet normal 0.704763 0.709443 0
    outer loop
      vertex 4.86248 114.737 4
      vertex 4.73665 114.862 0
      vertex 4.73665 114.862 4
    endloop
  endfacet
  facet normal 0.704763 0.709443 0
    outer loop
      vertex 4.73665 114.862 0
      vertex 4.86248 114.737 4
      vertex 4.86248 114.737 0
    endloop
  endfacet
  facet normal -0.25853 -0.966003 0
    outer loop
      vertex 6.35345 117.663 0
      vertex 6.52533 117.617 4
      vertex 6.35345 117.663 4
    endloop
  endfacet
  facet normal -0.25853 -0.966003 -0
    outer loop
      vertex 6.52533 117.617 4
      vertex 6.35345 117.663 0
      vertex 6.52533 117.617 0
    endloop
  endfacet
  facet normal 0.778733 -0.627356 0
    outer loop
      vertex 4.62467 116.999 4
      vertex 4.73665 117.138 0
      vertex 4.73665 117.138 4
    endloop
  endfacet
  facet normal 0.778733 -0.627356 0
    outer loop
      vertex 4.73665 117.138 0
      vertex 4.62467 116.999 4
      vertex 4.62467 116.999 0
    endloop
  endfacet
  facet normal -0.965978 0.258624 0
    outer loop
      vertex 7.6168 115.475 0
      vertex 7.66285 115.647 4
      vertex 7.66285 115.647 0
    endloop
  endfacet
  facet normal -0.965978 0.258624 0
    outer loop
      vertex 7.66285 115.647 4
      vertex 7.6168 115.475 0
      vertex 7.6168 115.475 4
    endloop
  endfacet
  facet normal 0.454948 -0.890518 0
    outer loop
      vertex 5.15 117.472 0
      vertex 5.30855 117.553 4
      vertex 5.15 117.472 4
    endloop
  endfacet
  facet normal 0.454948 -0.890518 0
    outer loop
      vertex 5.30855 117.553 4
      vertex 5.15 117.472 0
      vertex 5.30855 117.553 0
    endloop
  endfacet
  facet normal -0.454948 -0.890518 0
    outer loop
      vertex 6.69145 117.553 0
      vertex 6.85 117.472 4
      vertex 6.69145 117.553 4
    endloop
  endfacet
  facet normal -0.454948 -0.890518 -0
    outer loop
      vertex 6.85 117.472 4
      vertex 6.69145 117.553 0
      vertex 6.85 117.472 0
    endloop
  endfacet
  facet normal -0.778733 0.627356 0
    outer loop
      vertex 7.26335 114.862 0
      vertex 7.37533 115.001 4
      vertex 7.37533 115.001 0
    endloop
  endfacet
  facet normal -0.778733 0.627356 0
    outer loop
      vertex 7.37533 115.001 4
      vertex 7.26335 114.862 0
      vertex 7.26335 114.862 4
    endloop
  endfacet
  facet normal -0.838289 -0.545226 0
    outer loop
      vertex 7.47224 116.85 0
      vertex 7.37533 116.999 4
      vertex 7.37533 116.999 0
    endloop
  endfacet
  facet normal -0.838289 -0.545226 0
    outer loop
      vertex 7.37533 116.999 4
      vertex 7.47224 116.85 0
      vertex 7.47224 116.85 4
    endloop
  endfacet
  facet normal 0.965978 0.258624 0
    outer loop
      vertex 4.3832 115.475 4
      vertex 4.33715 115.647 0
      vertex 4.33715 115.647 4
    endloop
  endfacet
  facet normal 0.965978 0.258624 0
    outer loop
      vertex 4.33715 115.647 0
      vertex 4.3832 115.475 4
      vertex 4.3832 115.475 0
    endloop
  endfacet
  facet normal 0.25853 -0.966003 0
    outer loop
      vertex 5.47467 117.617 0
      vertex 5.64655 117.663 4
      vertex 5.47467 117.617 4
    endloop
  endfacet
  facet normal 0.25853 -0.966003 0
    outer loop
      vertex 5.64655 117.663 4
      vertex 5.47467 117.617 0
      vertex 5.64655 117.663 0
    endloop
  endfacet
  facet normal -0.933489 -0.358606 0
    outer loop
      vertex 7.6168 116.525 0
      vertex 7.55303 116.691 4
      vertex 7.55303 116.691 0
    endloop
  endfacet
  facet normal -0.933489 -0.358606 0
    outer loop
      vertex 7.55303 116.691 4
      vertex 7.6168 116.525 0
      vertex 7.6168 116.525 4
    endloop
  endfacet
  facet normal 0.359506 -0.933143 0
    outer loop
      vertex 5.30855 117.553 0
      vertex 5.47467 117.617 4
      vertex 5.30855 117.553 4
    endloop
  endfacet
  facet normal 0.359506 -0.933143 0
    outer loop
      vertex 5.47467 117.617 4
      vertex 5.30855 117.553 0
      vertex 5.47467 117.617 0
    endloop
  endfacet
  facet normal 0.965978 -0.258624 0
    outer loop
      vertex 4.33715 116.353 4
      vertex 4.3832 116.525 0
      vertex 4.3832 116.525 4
    endloop
  endfacet
  facet normal 0.965978 -0.258624 0
    outer loop
      vertex 4.3832 116.525 0
      vertex 4.33715 116.353 4
      vertex 4.33715 116.353 0
    endloop
  endfacet
  facet normal -0.157333 -0.987546 0
    outer loop
      vertex 6.1777 117.691 0
      vertex 6.35345 117.663 4
      vertex 6.1777 117.691 4
    endloop
  endfacet
  facet normal -0.157333 -0.987546 -0
    outer loop
      vertex 6.35345 117.663 4
      vertex 6.1777 117.691 0
      vertex 6.35345 117.663 0
    endloop
  endfacet
  facet normal -0.891515 0.452991 0
    outer loop
      vertex 7.47224 115.15 0
      vertex 7.55303 115.309 4
      vertex 7.55303 115.309 0
    endloop
  endfacet
  facet normal -0.891515 0.452991 0
    outer loop
      vertex 7.55303 115.309 4
      vertex 7.47224 115.15 0
      vertex 7.47224 115.15 4
    endloop
  endfacet
  facet normal 0.157333 -0.987546 0
    outer loop
      vertex 5.64655 117.663 0
      vertex 5.8223 117.691 4
      vertex 5.64655 117.663 4
    endloop
  endfacet
  facet normal 0.157333 -0.987546 0
    outer loop
      vertex 5.8223 117.691 4
      vertex 5.64655 117.663 0
      vertex 5.8223 117.691 0
    endloop
  endfacet
  facet normal -0.891515 -0.452991 0
    outer loop
      vertex 7.55303 116.691 0
      vertex 7.47224 116.85 4
      vertex 7.47224 116.85 0
    endloop
  endfacet
  facet normal -0.891515 -0.452991 0
    outer loop
      vertex 7.47224 116.85 4
      vertex 7.55303 116.691 0
      vertex 7.55303 116.691 4
    endloop
  endfacet
  facet normal -0.54499 -0.838442 0
    outer loop
      vertex 6.85 117.472 0
      vertex 6.99923 117.375 4
      vertex 6.85 117.472 4
    endloop
  endfacet
  facet normal -0.54499 -0.838442 -0
    outer loop
      vertex 6.99923 117.375 4
      vertex 6.85 117.472 0
      vertex 6.99923 117.375 0
    endloop
  endfacet
  facet normal 0.0505823 -0.99872 0
    outer loop
      vertex 5.8223 117.691 0
      vertex 6 117.7 4
      vertex 5.8223 117.691 4
    endloop
  endfacet
  facet normal 0.0505823 -0.99872 0
    outer loop
      vertex 6 117.7 4
      vertex 5.8223 117.691 0
      vertex 6 117.7 0
    endloop
  endfacet
  facet normal 0.891515 0.452991 0
    outer loop
      vertex 4.52776 115.15 4
      vertex 4.44697 115.309 0
      vertex 4.44697 115.309 4
    endloop
  endfacet
  facet normal 0.891515 0.452991 0
    outer loop
      vertex 4.44697 115.309 0
      vertex 4.52776 115.15 4
      vertex 4.52776 115.15 0
    endloop
  endfacet
  facet normal -0.359506 0.933143 0
    outer loop
      vertex 6.69145 114.447 0
      vertex 6.52533 114.383 4
      vertex 6.69145 114.447 4
    endloop
  endfacet
  facet normal -0.359506 0.933143 0
    outer loop
      vertex 6.52533 114.383 4
      vertex 6.69145 114.447 0
      vertex 6.52533 114.383 0
    endloop
  endfacet
  facet normal -0.987581 0.15711 0
    outer loop
      vertex 7.66285 115.647 0
      vertex 7.69069 115.822 4
      vertex 7.69069 115.822 0
    endloop
  endfacet
  facet normal -0.987581 0.15711 0
    outer loop
      vertex 7.69069 115.822 4
      vertex 7.66285 115.647 0
      vertex 7.66285 115.647 4
    endloop
  endfacet
  facet normal -0.998635 0.052232 0
    outer loop
      vertex 7.69069 115.822 0
      vertex 7.7 116 4
      vertex 7.7 116 0
    endloop
  endfacet
  facet normal -0.998635 0.052232 0
    outer loop
      vertex 7.7 116 4
      vertex 7.69069 115.822 0
      vertex 7.69069 115.822 4
    endloop
  endfacet
  facet normal 0.987581 0.15711 0
    outer loop
      vertex 4.33715 115.647 4
      vertex 4.30931 115.822 0
      vertex 4.30931 115.822 4
    endloop
  endfacet
  facet normal 0.987581 0.15711 0
    outer loop
      vertex 4.30931 115.822 0
      vertex 4.33715 115.647 4
      vertex 4.33715 115.647 0
    endloop
  endfacet
  facet normal -0.0505823 0.99872 0
    outer loop
      vertex 6.1777 114.309 0
      vertex 6 114.3 4
      vertex 6.1777 114.309 4
    endloop
  endfacet
  facet normal -0.0505823 0.99872 0
    outer loop
      vertex 6 114.3 4
      vertex 6.1777 114.309 0
      vertex 6 114.3 0
    endloop
  endfacet
  facet normal 0.838289 -0.545226 0
    outer loop
      vertex 4.52776 116.85 4
      vertex 4.62467 116.999 0
      vertex 4.62467 116.999 4
    endloop
  endfacet
  facet normal 0.838289 -0.545226 0
    outer loop
      vertex 4.62467 116.999 0
      vertex 4.52776 116.85 4
      vertex 4.52776 116.85 0
    endloop
  endfacet
  facet normal 0.544965 -0.838459 0
    outer loop
      vertex 5.00076 117.375 0
      vertex 5.15 117.472 4
      vertex 5.00076 117.375 4
    endloop
  endfacet
  facet normal 0.544965 -0.838459 0
    outer loop
      vertex 5.15 117.472 4
      vertex 5.00076 117.375 0
      vertex 5.15 117.472 0
    endloop
  endfacet
  facet normal -0.965978 -0.258624 0
    outer loop
      vertex 7.66285 116.353 0
      vertex 7.6168 116.525 4
      vertex 7.6168 116.525 0
    endloop
  endfacet
  facet normal -0.965978 -0.258624 0
    outer loop
      vertex 7.6168 116.525 4
      vertex 7.66285 116.353 0
      vertex 7.66285 116.353 4
    endloop
  endfacet
  facet normal 0.0505823 0.99872 -0
    outer loop
      vertex 6 114.3 0
      vertex 5.8223 114.309 4
      vertex 6 114.3 4
    endloop
  endfacet
  facet normal 0.0505823 0.99872 0
    outer loop
      vertex 5.8223 114.309 4
      vertex 6 114.3 0
      vertex 5.8223 114.309 0
    endloop
  endfacet
  facet normal -0.704763 -0.709443 0
    outer loop
      vertex 7.26335 117.138 0
      vertex 7.13752 117.263 4
      vertex 7.13752 117.263 0
    endloop
  endfacet
  facet normal -0.704763 -0.709443 0
    outer loop
      vertex 7.13752 117.263 4
      vertex 7.26335 117.138 0
      vertex 7.26335 117.138 4
    endloop
  endfacet
  facet normal 0.359506 0.933143 -0
    outer loop
      vertex 5.47467 114.383 0
      vertex 5.30855 114.447 4
      vertex 5.47467 114.383 4
    endloop
  endfacet
  facet normal 0.359506 0.933143 0
    outer loop
      vertex 5.30855 114.447 4
      vertex 5.47467 114.383 0
      vertex 5.30855 114.447 0
    endloop
  endfacet
  facet normal -0.704763 0.709443 0
    outer loop
      vertex 7.13752 114.737 0
      vertex 7.26335 114.862 4
      vertex 7.26335 114.862 0
    endloop
  endfacet
  facet normal -0.704763 0.709443 0
    outer loop
      vertex 7.26335 114.862 4
      vertex 7.13752 114.737 0
      vertex 7.13752 114.737 4
    endloop
  endfacet
  facet normal 0.987581 -0.15711 0
    outer loop
      vertex 4.30931 116.178 4
      vertex 4.33715 116.353 0
      vertex 4.33715 116.353 4
    endloop
  endfacet
  facet normal 0.987581 -0.15711 0
    outer loop
      vertex 4.33715 116.353 0
      vertex 4.30931 116.178 4
      vertex 4.30931 116.178 0
    endloop
  endfacet
  facet normal 0.454948 0.890518 -0
    outer loop
      vertex 5.30855 114.447 0
      vertex 5.15 114.528 4
      vertex 5.30855 114.447 4
    endloop
  endfacet
  facet normal 0.454948 0.890518 0
    outer loop
      vertex 5.15 114.528 4
      vertex 5.30855 114.447 0
      vertex 5.15 114.528 0
    endloop
  endfacet
  facet normal 0.778733 0.627356 0
    outer loop
      vertex 4.73665 114.862 4
      vertex 4.62467 115.001 0
      vertex 4.62467 115.001 4
    endloop
  endfacet
  facet normal 0.778733 0.627356 0
    outer loop
      vertex 4.62467 115.001 0
      vertex 4.73665 114.862 4
      vertex 4.73665 114.862 0
    endloop
  endfacet
  facet normal 0.629399 0.777083 -0
    outer loop
      vertex 5.00076 114.625 0
      vertex 4.86248 114.737 4
      vertex 5.00076 114.625 4
    endloop
  endfacet
  facet normal 0.629399 0.777083 0
    outer loop
      vertex 4.86248 114.737 4
      vertex 5.00076 114.625 0
      vertex 4.86248 114.737 0
    endloop
  endfacet
  facet normal 0.157333 0.987546 -0
    outer loop
      vertex 5.8223 114.309 0
      vertex 5.64655 114.337 4
      vertex 5.8223 114.309 4
    endloop
  endfacet
  facet normal 0.157333 0.987546 0
    outer loop
      vertex 5.64655 114.337 4
      vertex 5.8223 114.309 0
      vertex 5.64655 114.337 0
    endloop
  endfacet
  facet normal 0.544965 0.838459 -0
    outer loop
      vertex 5.15 114.528 0
      vertex 5.00076 114.625 4
      vertex 5.15 114.528 4
    endloop
  endfacet
  facet normal 0.544965 0.838459 0
    outer loop
      vertex 5.00076 114.625 4
      vertex 5.15 114.528 0
      vertex 5.00076 114.625 0
    endloop
  endfacet
  facet normal -0.454948 0.890518 0
    outer loop
      vertex 6.85 114.528 0
      vertex 6.69145 114.447 4
      vertex 6.85 114.528 4
    endloop
  endfacet
  facet normal -0.454948 0.890518 0
    outer loop
      vertex 6.69145 114.447 4
      vertex 6.85 114.528 0
      vertex 6.69145 114.447 0
    endloop
  endfacet
  facet normal -0.629371 0.777105 0
    outer loop
      vertex 7.13752 114.737 0
      vertex 6.99923 114.625 4
      vertex 7.13752 114.737 4
    endloop
  endfacet
  facet normal -0.629371 0.777105 0
    outer loop
      vertex 6.99923 114.625 4
      vertex 7.13752 114.737 0
      vertex 6.99923 114.625 0
    endloop
  endfacet
  facet normal 0.838289 0.545226 0
    outer loop
      vertex 4.62467 115.001 4
      vertex 4.52776 115.15 0
      vertex 4.52776 115.15 4
    endloop
  endfacet
  facet normal 0.838289 0.545226 0
    outer loop
      vertex 4.52776 115.15 0
      vertex 4.62467 115.001 4
      vertex 4.62467 115.001 0
    endloop
  endfacet
  facet normal 0.998635 -0.052232 0
    outer loop
      vertex 4.3 116 4
      vertex 4.30931 116.178 0
      vertex 4.30931 116.178 4
    endloop
  endfacet
  facet normal 0.998635 -0.052232 0
    outer loop
      vertex 4.30931 116.178 0
      vertex 4.3 116 4
      vertex 4.3 116 0
    endloop
  endfacet
  facet normal 0.891515 -0.452991 0
    outer loop
      vertex 4.44697 116.691 4
      vertex 4.52776 116.85 0
      vertex 4.52776 116.85 4
    endloop
  endfacet
  facet normal 0.891515 -0.452991 0
    outer loop
      vertex 4.52776 116.85 0
      vertex 4.44697 116.691 4
      vertex 4.44697 116.691 0
    endloop
  endfacet
  facet normal 0.933489 -0.358606 0
    outer loop
      vertex 4.3832 116.525 4
      vertex 4.44697 116.691 0
      vertex 4.44697 116.691 4
    endloop
  endfacet
  facet normal 0.933489 -0.358606 0
    outer loop
      vertex 4.44697 116.691 0
      vertex 4.3832 116.525 4
      vertex 4.3832 116.525 0
    endloop
  endfacet
  facet normal -0.987681 0.156481 0
    outer loop
      vertex 2.93444 95.3763 0
      vertex 2.98357 95.6864 4
      vertex 2.98357 95.6864 0
    endloop
  endfacet
  facet normal -0.987681 0.156481 0
    outer loop
      vertex 2.98357 95.6864 4
      vertex 2.93444 95.3763 0
      vertex 2.93444 95.3763 4
    endloop
  endfacet
  facet normal 0.965925 0.258822 0
    outer loop
      vertex -2.85317 95.073 4
      vertex -2.93444 95.3763 0
      vertex -2.93444 95.3763 4
    endloop
  endfacet
  facet normal 0.965925 0.258822 0
    outer loop
      vertex -2.93444 95.3763 0
      vertex -2.85317 95.073 4
      vertex -2.85317 95.073 0
    endloop
  endfacet
  facet normal -0.987681 -0.156481 0
    outer loop
      vertex 2.98357 96.3136 0
      vertex 2.93444 96.6237 4
      vertex 2.93444 96.6237 0
    endloop
  endfacet
  facet normal -0.987681 -0.156481 0
    outer loop
      vertex 2.93444 96.6237 4
      vertex 2.98357 96.3136 0
      vertex 2.98357 96.3136 4
    endloop
  endfacet
  facet normal 0.156674 0.98765 -0
    outer loop
      vertex -0.313585 93.0164 0
      vertex -0.623734 93.0656 4
      vertex -0.313585 93.0164 4
    endloop
  endfacet
  facet normal 0.156674 0.98765 0
    outer loop
      vertex -0.623734 93.0656 4
      vertex -0.313585 93.0164 0
      vertex -0.623734 93.0656 0
    endloop
  endfacet
  facet normal 0.5448 -0.838566 0
    outer loop
      vertex -1.76336 98.427 0
      vertex -1.5 98.5981 4
      vertex -1.76336 98.427 4
    endloop
  endfacet
  facet normal 0.5448 -0.838566 0
    outer loop
      vertex -1.5 98.5981 4
      vertex -1.76336 98.427 0
      vertex -1.5 98.5981 0
    endloop
  endfacet
  facet normal -0.838705 0.544585 0
    outer loop
      vertex 2.42705 94.2366 0
      vertex 2.59808 94.5 4
      vertex 2.59808 94.5 0
    endloop
  endfacet
  facet normal -0.838705 0.544585 0
    outer loop
      vertex 2.59808 94.5 4
      vertex 2.42705 94.2366 0
      vertex 2.42705 94.2366 4
    endloop
  endfacet
  facet normal 0.052227 -0.998635 0
    outer loop
      vertex -0.313585 98.9836 0
      vertex 0 99 4
      vertex -0.313585 98.9836 4
    endloop
  endfacet
  facet normal 0.052227 -0.998635 0
    outer loop
      vertex 0 99 4
      vertex -0.313585 98.9836 0
      vertex 0 99 0
    endloop
  endfacet
  facet normal 0.453838 -0.891084 0
    outer loop
      vertex -1.5 98.5981 0
      vertex -1.22021 98.7406 4
      vertex -1.5 98.5981 4
    endloop
  endfacet
  facet normal 0.453838 -0.891084 0
    outer loop
      vertex -1.22021 98.7406 4
      vertex -1.5 98.5981 0
      vertex -1.22021 98.7406 0
    endloop
  endfacet
  facet normal 0.707043 -0.70717 0
    outer loop
      vertex -2.22943 98.0074 0
      vertex -2.00739 98.2294 4
      vertex -2.22943 98.0074 4
    endloop
  endfacet
  facet normal 0.707043 -0.70717 0
    outer loop
      vertex -2.00739 98.2294 4
      vertex -2.22943 98.0074 0
      vertex -2.00739 98.2294 0
    endloop
  endfacet
  facet normal -0.99863 0.0523198 0
    outer loop
      vertex 2.98357 95.6864 0
      vertex 3 96 4
      vertex 3 96 0
    endloop
  endfacet
  facet normal -0.99863 0.0523198 0
    outer loop
      vertex 3 96 4
      vertex 2.98357 95.6864 0
      vertex 2.98357 95.6864 4
    endloop
  endfacet
  facet normal -0.933601 -0.358315 0
    outer loop
      vertex 2.85317 96.927 0
      vertex 2.74064 97.2202 4
      vertex 2.74064 97.2202 0
    endloop
  endfacet
  facet normal -0.933601 -0.358315 0
    outer loop
      vertex 2.74064 97.2202 4
      vertex 2.85317 96.927 0
      vertex 2.85317 96.927 4
    endloop
  endfacet
  facet normal -0.258601 -0.965984 0
    outer loop
      vertex 0.623734 98.9344 0
      vertex 0.927051 98.8532 4
      vertex 0.623734 98.9344 4
    endloop
  endfacet
  facet normal -0.258601 -0.965984 -0
    outer loop
      vertex 0.927051 98.8532 4
      vertex 0.623734 98.9344 0
      vertex 0.927051 98.8532 0
    endloop
  endfacet
  facet normal -0.629298 -0.777164 0
    outer loop
      vertex 1.76336 98.427 0
      vertex 2.00739 98.2294 4
      vertex 1.76336 98.427 4
    endloop
  endfacet
  facet normal -0.629298 -0.777164 -0
    outer loop
      vertex 2.00739 98.2294 4
      vertex 1.76336 98.427 0
      vertex 2.00739 98.2294 0
    endloop
  endfacet
  facet normal -0.358553 -0.933509 0
    outer loop
      vertex 0.927051 98.8532 0
      vertex 1.22021 98.7406 4
      vertex 0.927051 98.8532 4
    endloop
  endfacet
  facet normal -0.358553 -0.933509 -0
    outer loop
      vertex 1.22021 98.7406 4
      vertex 0.927051 98.8532 0
      vertex 1.22021 98.7406 0
    endloop
  endfacet
  facet normal -0.891013 0.453977 0
    outer loop
      vertex 2.59808 94.5 0
      vertex 2.74064 94.7798 4
      vertex 2.74064 94.7798 0
    endloop
  endfacet
  facet normal -0.891013 0.453977 0
    outer loop
      vertex 2.74064 94.7798 4
      vertex 2.59808 94.5 0
      vertex 2.59808 94.5 4
    endloop
  endfacet
  facet normal 0.987681 -0.156481 0
    outer loop
      vertex -2.98357 96.3136 4
      vertex -2.93444 96.6237 0
      vertex -2.93444 96.6237 4
    endloop
  endfacet
  facet normal 0.987681 -0.156481 0
    outer loop
      vertex -2.93444 96.6237 0
      vertex -2.98357 96.3136 4
      vertex -2.98357 96.3136 0
    endloop
  endfacet
  facet normal -0.99863 -0.0523198 0
    outer loop
      vertex 3 96 0
      vertex 2.98357 96.3136 4
      vertex 2.98357 96.3136 0
    endloop
  endfacet
  facet normal -0.99863 -0.0523198 0
    outer loop
      vertex 2.98357 96.3136 4
      vertex 3 96 0
      vertex 3 96 4
    endloop
  endfacet
  facet normal -0.5448 -0.838566 0
    outer loop
      vertex 1.5 98.5981 0
      vertex 1.76336 98.427 4
      vertex 1.5 98.5981 4
    endloop
  endfacet
  facet normal -0.5448 -0.838566 -0
    outer loop
      vertex 1.76336 98.427 4
      vertex 1.5 98.5981 0
      vertex 1.76336 98.427 0
    endloop
  endfacet
  facet normal -0.965925 -0.258822 0
    outer loop
      vertex 2.93444 96.6237 0
      vertex 2.85317 96.927 4
      vertex 2.85317 96.927 0
    endloop
  endfacet
  facet normal -0.965925 -0.258822 0
    outer loop
      vertex 2.85317 96.927 4
      vertex 2.93444 96.6237 0
      vertex 2.93444 96.6237 4
    endloop
  endfacet
  facet normal 0.258601 -0.965984 0
    outer loop
      vertex -0.927051 98.8532 0
      vertex -0.623734 98.9344 4
      vertex -0.927051 98.8532 4
    endloop
  endfacet
  facet normal 0.258601 -0.965984 0
    outer loop
      vertex -0.623734 98.9344 4
      vertex -0.927051 98.8532 0
      vertex -0.623734 98.9344 0
    endloop
  endfacet
  facet normal 0.99863 0.0523198 0
    outer loop
      vertex -2.98357 95.6864 4
      vertex -3 96 0
      vertex -3 96 4
    endloop
  endfacet
  facet normal 0.99863 0.0523198 0
    outer loop
      vertex -3 96 0
      vertex -2.98357 95.6864 4
      vertex -2.98357 95.6864 0
    endloop
  endfacet
  facet normal 0.965925 -0.258822 0
    outer loop
      vertex -2.93444 96.6237 4
      vertex -2.85317 96.927 0
      vertex -2.85317 96.927 4
    endloop
  endfacet
  facet normal 0.965925 -0.258822 0
    outer loop
      vertex -2.85317 96.927 0
      vertex -2.93444 96.6237 4
      vertex -2.93444 96.6237 0
    endloop
  endfacet
  facet normal -0.156674 -0.98765 0
    outer loop
      vertex 0.313585 98.9836 0
      vertex 0.623734 98.9344 4
      vertex 0.313585 98.9836 4
    endloop
  endfacet
  facet normal -0.156674 -0.98765 -0
    outer loop
      vertex 0.623734 98.9344 4
      vertex 0.313585 98.9836 0
      vertex 0.623734 98.9344 0
    endloop
  endfacet
  facet normal 0.777095 -0.629383 0
    outer loop
      vertex -2.42705 97.7634 4
      vertex -2.22943 98.0074 0
      vertex -2.22943 98.0074 4
    endloop
  endfacet
  facet normal 0.777095 -0.629383 0
    outer loop
      vertex -2.22943 98.0074 0
      vertex -2.42705 97.7634 4
      vertex -2.42705 97.7634 0
    endloop
  endfacet
  facet normal -0.052227 -0.998635 0
    outer loop
      vertex 0 99 0
      vertex 0.313585 98.9836 4
      vertex 0 99 4
    endloop
  endfacet
  facet normal -0.052227 -0.998635 -0
    outer loop
      vertex 0.313585 98.9836 4
      vertex 0 99 0
      vertex 0.313585 98.9836 0
    endloop
  endfacet
  facet normal -0.891013 -0.453977 0
    outer loop
      vertex 2.74064 97.2202 0
      vertex 2.59808 97.5 4
      vertex 2.59808 97.5 0
    endloop
  endfacet
  facet normal -0.891013 -0.453977 0
    outer loop
      vertex 2.59808 97.5 4
      vertex 2.74064 97.2202 0
      vertex 2.74064 97.2202 4
    endloop
  endfacet
  facet normal -0.707043 -0.70717 0
    outer loop
      vertex 2.00739 98.2294 0
      vertex 2.22943 98.0074 4
      vertex 2.00739 98.2294 4
    endloop
  endfacet
  facet normal -0.707043 -0.70717 -0
    outer loop
      vertex 2.22943 98.0074 4
      vertex 2.00739 98.2294 0
      vertex 2.22943 98.0074 0
    endloop
  endfacet
  facet normal -0.453838 0.891084 0
    outer loop
      vertex 1.5 93.4019 0
      vertex 1.22021 93.2594 4
      vertex 1.5 93.4019 4
    endloop
  endfacet
  facet normal -0.453838 0.891084 0
    outer loop
      vertex 1.22021 93.2594 4
      vertex 1.5 93.4019 0
      vertex 1.22021 93.2594 0
    endloop
  endfacet
  facet normal 0.629298 -0.777164 0
    outer loop
      vertex -2.00739 98.2294 0
      vertex -1.76336 98.427 4
      vertex -2.00739 98.2294 4
    endloop
  endfacet
  facet normal 0.629298 -0.777164 0
    outer loop
      vertex -1.76336 98.427 4
      vertex -2.00739 98.2294 0
      vertex -1.76336 98.427 0
    endloop
  endfacet
  facet normal 0.838705 -0.544585 0
    outer loop
      vertex -2.59808 97.5 4
      vertex -2.42705 97.7634 0
      vertex -2.42705 97.7634 4
    endloop
  endfacet
  facet normal 0.838705 -0.544585 0
    outer loop
      vertex -2.42705 97.7634 0
      vertex -2.59808 97.5 4
      vertex -2.59808 97.5 0
    endloop
  endfacet
  facet normal 0.933601 -0.358315 0
    outer loop
      vertex -2.85317 96.927 4
      vertex -2.74064 97.2202 0
      vertex -2.74064 97.2202 4
    endloop
  endfacet
  facet normal 0.933601 -0.358315 0
    outer loop
      vertex -2.74064 97.2202 0
      vertex -2.85317 96.927 4
      vertex -2.85317 96.927 0
    endloop
  endfacet
  facet normal -0.156674 0.98765 0
    outer loop
      vertex 0.623734 93.0656 0
      vertex 0.313585 93.0164 4
      vertex 0.623734 93.0656 4
    endloop
  endfacet
  facet normal -0.156674 0.98765 0
    outer loop
      vertex 0.313585 93.0164 4
      vertex 0.623734 93.0656 0
      vertex 0.313585 93.0164 0
    endloop
  endfacet
  facet normal -0.453838 -0.891084 0
    outer loop
      vertex 1.22021 98.7406 0
      vertex 1.5 98.5981 4
      vertex 1.22021 98.7406 4
    endloop
  endfacet
  facet normal -0.453838 -0.891084 -0
    outer loop
      vertex 1.5 98.5981 4
      vertex 1.22021 98.7406 0
      vertex 1.5 98.5981 0
    endloop
  endfacet
  facet normal 0.453838 0.891084 -0
    outer loop
      vertex -1.22021 93.2594 0
      vertex -1.5 93.4019 4
      vertex -1.22021 93.2594 4
    endloop
  endfacet
  facet normal 0.453838 0.891084 0
    outer loop
      vertex -1.5 93.4019 4
      vertex -1.22021 93.2594 0
      vertex -1.5 93.4019 0
    endloop
  endfacet
  facet normal 0.156674 -0.98765 0
    outer loop
      vertex -0.623734 98.9344 0
      vertex -0.313585 98.9836 4
      vertex -0.623734 98.9344 4
    endloop
  endfacet
  facet normal 0.156674 -0.98765 0
    outer loop
      vertex -0.313585 98.9836 4
      vertex -0.623734 98.9344 0
      vertex -0.313585 98.9836 0
    endloop
  endfacet
  facet normal -0.258601 0.965984 0
    outer loop
      vertex 0.927051 93.1468 0
      vertex 0.623734 93.0656 4
      vertex 0.927051 93.1468 4
    endloop
  endfacet
  facet normal -0.258601 0.965984 0
    outer loop
      vertex 0.623734 93.0656 4
      vertex 0.927051 93.1468 0
      vertex 0.623734 93.0656 0
    endloop
  endfacet
  facet normal 0.987681 0.156481 0
    outer loop
      vertex -2.93444 95.3763 4
      vertex -2.98357 95.6864 0
      vertex -2.98357 95.6864 4
    endloop
  endfacet
  facet normal 0.987681 0.156481 0
    outer loop
      vertex -2.98357 95.6864 0
      vertex -2.93444 95.3763 4
      vertex -2.93444 95.3763 0
    endloop
  endfacet
  facet normal 0.707043 0.70717 -0
    outer loop
      vertex -2.00739 93.7706 0
      vertex -2.22943 93.9926 4
      vertex -2.00739 93.7706 4
    endloop
  endfacet
  facet normal 0.707043 0.70717 0
    outer loop
      vertex -2.22943 93.9926 4
      vertex -2.00739 93.7706 0
      vertex -2.22943 93.9926 0
    endloop
  endfacet
  facet normal -0.777095 -0.629383 0
    outer loop
      vertex 2.42705 97.7634 0
      vertex 2.22943 98.0074 4
      vertex 2.22943 98.0074 0
    endloop
  endfacet
  facet normal -0.777095 -0.629383 0
    outer loop
      vertex 2.22943 98.0074 4
      vertex 2.42705 97.7634 0
      vertex 2.42705 97.7634 4
    endloop
  endfacet
  facet normal 0.838705 0.544585 0
    outer loop
      vertex -2.42705 94.2366 4
      vertex -2.59808 94.5 0
      vertex -2.59808 94.5 4
    endloop
  endfacet
  facet normal 0.838705 0.544585 0
    outer loop
      vertex -2.59808 94.5 0
      vertex -2.42705 94.2366 4
      vertex -2.42705 94.2366 0
    endloop
  endfacet
  facet normal 0.777095 0.629383 0
    outer loop
      vertex -2.22943 93.9926 4
      vertex -2.42705 94.2366 0
      vertex -2.42705 94.2366 4
    endloop
  endfacet
  facet normal 0.777095 0.629383 0
    outer loop
      vertex -2.42705 94.2366 0
      vertex -2.22943 93.9926 4
      vertex -2.22943 93.9926 0
    endloop
  endfacet
  facet normal -0.965925 0.258822 0
    outer loop
      vertex 2.85317 95.073 0
      vertex 2.93444 95.3763 4
      vertex 2.93444 95.3763 0
    endloop
  endfacet
  facet normal -0.965925 0.258822 0
    outer loop
      vertex 2.93444 95.3763 4
      vertex 2.85317 95.073 0
      vertex 2.85317 95.073 4
    endloop
  endfacet
  facet normal -0.933601 0.358315 0
    outer loop
      vertex 2.74064 94.7798 0
      vertex 2.85317 95.073 4
      vertex 2.85317 95.073 0
    endloop
  endfacet
  facet normal -0.933601 0.358315 0
    outer loop
      vertex 2.85317 95.073 4
      vertex 2.74064 94.7798 0
      vertex 2.74064 94.7798 4
    endloop
  endfacet
  facet normal -0.838705 -0.544585 0
    outer loop
      vertex 2.59808 97.5 0
      vertex 2.42705 97.7634 4
      vertex 2.42705 97.7634 0
    endloop
  endfacet
  facet normal -0.838705 -0.544585 0
    outer loop
      vertex 2.42705 97.7634 4
      vertex 2.59808 97.5 0
      vertex 2.59808 97.5 4
    endloop
  endfacet
  facet normal -0.5448 0.838566 0
    outer loop
      vertex 1.76336 93.573 0
      vertex 1.5 93.4019 4
      vertex 1.76336 93.573 4
    endloop
  endfacet
  facet normal -0.5448 0.838566 0
    outer loop
      vertex 1.5 93.4019 4
      vertex 1.76336 93.573 0
      vertex 1.5 93.4019 0
    endloop
  endfacet
  facet normal 0.629298 0.777164 -0
    outer loop
      vertex -1.76336 93.573 0
      vertex -2.00739 93.7706 4
      vertex -1.76336 93.573 4
    endloop
  endfacet
  facet normal 0.629298 0.777164 0
    outer loop
      vertex -2.00739 93.7706 4
      vertex -1.76336 93.573 0
      vertex -2.00739 93.7706 0
    endloop
  endfacet
  facet normal 0.933601 0.358315 0
    outer loop
      vertex -2.74064 94.7798 4
      vertex -2.85317 95.073 0
      vertex -2.85317 95.073 4
    endloop
  endfacet
  facet normal 0.933601 0.358315 0
    outer loop
      vertex -2.85317 95.073 0
      vertex -2.74064 94.7798 4
      vertex -2.74064 94.7798 0
    endloop
  endfacet
  facet normal 0.891013 0.453977 0
    outer loop
      vertex -2.59808 94.5 4
      vertex -2.74064 94.7798 0
      vertex -2.74064 94.7798 4
    endloop
  endfacet
  facet normal 0.891013 0.453977 0
    outer loop
      vertex -2.74064 94.7798 0
      vertex -2.59808 94.5 4
      vertex -2.59808 94.5 0
    endloop
  endfacet
  facet normal 0.99863 -0.0523198 0
    outer loop
      vertex -3 96 4
      vertex -2.98357 96.3136 0
      vertex -2.98357 96.3136 4
    endloop
  endfacet
  facet normal 0.99863 -0.0523198 0
    outer loop
      vertex -2.98357 96.3136 0
      vertex -3 96 4
      vertex -3 96 0
    endloop
  endfacet
  facet normal 0.358553 -0.933509 0
    outer loop
      vertex -1.22021 98.7406 0
      vertex -0.927051 98.8532 4
      vertex -1.22021 98.7406 4
    endloop
  endfacet
  facet normal 0.358553 -0.933509 0
    outer loop
      vertex -0.927051 98.8532 4
      vertex -1.22021 98.7406 0
      vertex -0.927051 98.8532 0
    endloop
  endfacet
  facet normal 0.258601 0.965984 -0
    outer loop
      vertex -0.623734 93.0656 0
      vertex -0.927051 93.1468 4
      vertex -0.623734 93.0656 4
    endloop
  endfacet
  facet normal 0.258601 0.965984 0
    outer loop
      vertex -0.927051 93.1468 4
      vertex -0.623734 93.0656 0
      vertex -0.927051 93.1468 0
    endloop
  endfacet
  facet normal 0.052227 0.998635 -0
    outer loop
      vertex 0 93 0
      vertex -0.313585 93.0164 4
      vertex 0 93 4
    endloop
  endfacet
  facet normal 0.052227 0.998635 0
    outer loop
      vertex -0.313585 93.0164 4
      vertex 0 93 0
      vertex -0.313585 93.0164 0
    endloop
  endfacet
  facet normal -0.358553 0.933509 0
    outer loop
      vertex 1.22021 93.2594 0
      vertex 0.927051 93.1468 4
      vertex 1.22021 93.2594 4
    endloop
  endfacet
  facet normal -0.358553 0.933509 0
    outer loop
      vertex 0.927051 93.1468 4
      vertex 1.22021 93.2594 0
      vertex 0.927051 93.1468 0
    endloop
  endfacet
  facet normal 0.5448 0.838566 -0
    outer loop
      vertex -1.5 93.4019 0
      vertex -1.76336 93.573 4
      vertex -1.5 93.4019 4
    endloop
  endfacet
  facet normal 0.5448 0.838566 0
    outer loop
      vertex -1.76336 93.573 4
      vertex -1.5 93.4019 0
      vertex -1.76336 93.573 0
    endloop
  endfacet
  facet normal -0.629298 0.777164 0
    outer loop
      vertex 2.00739 93.7706 0
      vertex 1.76336 93.573 4
      vertex 2.00739 93.7706 4
    endloop
  endfacet
  facet normal -0.629298 0.777164 0
    outer loop
      vertex 1.76336 93.573 4
      vertex 2.00739 93.7706 0
      vertex 1.76336 93.573 0
    endloop
  endfacet
  facet normal 0.358553 0.933509 -0
    outer loop
      vertex -0.927051 93.1468 0
      vertex -1.22021 93.2594 4
      vertex -0.927051 93.1468 4
    endloop
  endfacet
  facet normal 0.358553 0.933509 0
    outer loop
      vertex -1.22021 93.2594 4
      vertex -0.927051 93.1468 0
      vertex -1.22021 93.2594 0
    endloop
  endfacet
  facet normal -0.777095 0.629383 0
    outer loop
      vertex 2.22943 93.9926 0
      vertex 2.42705 94.2366 4
      vertex 2.42705 94.2366 0
    endloop
  endfacet
  facet normal -0.777095 0.629383 0
    outer loop
      vertex 2.42705 94.2366 4
      vertex 2.22943 93.9926 0
      vertex 2.22943 93.9926 4
    endloop
  endfacet
  facet normal -0.052227 0.998635 0
    outer loop
      vertex 0.313585 93.0164 0
      vertex 0 93 4
      vertex 0.313585 93.0164 4
    endloop
  endfacet
  facet normal -0.052227 0.998635 0
    outer loop
      vertex 0 93 4
      vertex 0.313585 93.0164 0
      vertex 0 93 0
    endloop
  endfacet
  facet normal 0.891013 -0.453977 0
    outer loop
      vertex -2.74064 97.2202 4
      vertex -2.59808 97.5 0
      vertex -2.59808 97.5 4
    endloop
  endfacet
  facet normal 0.891013 -0.453977 0
    outer loop
      vertex -2.59808 97.5 0
      vertex -2.74064 97.2202 4
      vertex -2.74064 97.2202 0
    endloop
  endfacet
  facet normal -0.707043 0.70717 0
    outer loop
      vertex 2.22943 93.9926 0
      vertex 2.00739 93.7706 4
      vertex 2.22943 93.9926 4
    endloop
  endfacet
  facet normal -0.707043 0.70717 0
    outer loop
      vertex 2.00739 93.7706 4
      vertex 2.22943 93.9926 0
      vertex 2.00739 93.7706 0
    endloop
  endfacet
  facet normal -0.987673 0.15653 0
    outer loop
      vertex 2.93444 105.376 0
      vertex 2.98357 105.686 4
      vertex 2.98357 105.686 0
    endloop
  endfacet
  facet normal -0.987673 0.15653 0
    outer loop
      vertex 2.98357 105.686 4
      vertex 2.93444 105.376 0
      vertex 2.93444 105.376 4
    endloop
  endfacet
  facet normal 0.965861 0.259061 0
    outer loop
      vertex -2.85317 105.073 4
      vertex -2.93444 105.376 0
      vertex -2.93444 105.376 4
    endloop
  endfacet
  facet normal 0.965861 0.259061 0
    outer loop
      vertex -2.93444 105.376 0
      vertex -2.85317 105.073 4
      vertex -2.85317 105.073 0
    endloop
  endfacet
  facet normal 0.159158 0.987253 -0
    outer loop
      vertex -0.313585 103.016 0
      vertex -0.623734 103.066 4
      vertex -0.313585 103.016 4
    endloop
  endfacet
  facet normal 0.159158 0.987253 0
    outer loop
      vertex -0.623734 103.066 4
      vertex -0.313585 103.016 0
      vertex -0.623734 103.066 0
    endloop
  endfacet
  facet normal 0.0509566 -0.998701 0
    outer loop
      vertex -0.313585 108.984 0
      vertex 0 109 4
      vertex -0.313585 108.984 4
    endloop
  endfacet
  facet normal 0.0509566 -0.998701 0
    outer loop
      vertex 0 109 4
      vertex -0.313585 108.984 0
      vertex 0 109 0
    endloop
  endfacet
  facet normal -0.544576 0.838711 0
    outer loop
      vertex 1.76336 103.573 0
      vertex 1.5 103.402 4
      vertex 1.76336 103.573 4
    endloop
  endfacet
  facet normal -0.544576 0.838711 0
    outer loop
      vertex 1.5 103.402 4
      vertex 1.76336 103.573 0
      vertex 1.5 103.402 0
    endloop
  endfacet
  facet normal 0.159158 -0.987253 0
    outer loop
      vertex -0.623734 108.934 0
      vertex -0.313585 108.984 4
      vertex -0.623734 108.934 4
    endloop
  endfacet
  facet normal 0.159158 -0.987253 0
    outer loop
      vertex -0.313585 108.984 4
      vertex -0.623734 108.934 0
      vertex -0.313585 108.984 0
    endloop
  endfacet
  facet normal -0.933519 -0.358529 0
    outer loop
      vertex 2.85317 106.927 0
      vertex 2.74064 107.22 4
      vertex 2.74064 107.22 0
    endloop
  endfacet
  facet normal -0.933519 -0.358529 0
    outer loop
      vertex 2.74064 107.22 4
      vertex 2.85317 106.927 0
      vertex 2.85317 106.927 4
    endloop
  endfacet
  facet normal 0.965861 -0.259061 0
    outer loop
      vertex -2.93444 106.624 4
      vertex -2.85317 106.927 0
      vertex -2.85317 106.927 4
    endloop
  endfacet
  facet normal 0.965861 -0.259061 0
    outer loop
      vertex -2.85317 106.927 0
      vertex -2.93444 106.624 4
      vertex -2.93444 106.624 0
    endloop
  endfacet
  facet normal 0.455102 -0.89044 0
    outer loop
      vertex -1.5 108.598 0
      vertex -1.22021 108.741 4
      vertex -1.5 108.598 4
    endloop
  endfacet
  facet normal 0.455102 -0.89044 0
    outer loop
      vertex -1.22021 108.741 4
      vertex -1.5 108.598 0
      vertex -1.22021 108.741 0
    endloop
  endfacet
  facet normal -0.838327 -0.545168 0
    outer loop
      vertex 2.59808 107.5 0
      vertex 2.42705 107.763 4
      vertex 2.42705 107.763 0
    endloop
  endfacet
  facet normal -0.838327 -0.545168 0
    outer loop
      vertex 2.42705 107.763 4
      vertex 2.59808 107.5 0
      vertex 2.59808 107.5 4
    endloop
  endfacet
  facet normal -0.0509566 0.998701 0
    outer loop
      vertex 0.313585 103.016 0
      vertex 0 103 4
      vertex 0.313585 103.016 4
    endloop
  endfacet
  facet normal -0.0509566 0.998701 0
    outer loop
      vertex 0 103 4
      vertex 0.313585 103.016 0
      vertex 0 103 0
    endloop
  endfacet
  facet normal -0.0509566 -0.998701 0
    outer loop
      vertex 0 109 0
      vertex 0.313585 108.984 4
      vertex 0 109 4
    endloop
  endfacet
  facet normal -0.0509566 -0.998701 -0
    outer loop
      vertex 0.313585 108.984 4
      vertex 0 109 0
      vertex 0.313585 108.984 0
    endloop
  endfacet
  facet normal 0.455102 0.89044 -0
    outer loop
      vertex -1.22021 103.259 0
      vertex -1.5 103.402 4
      vertex -1.22021 103.259 4
    endloop
  endfacet
  facet normal 0.455102 0.89044 0
    outer loop
      vertex -1.5 103.402 4
      vertex -1.22021 103.259 0
      vertex -1.5 103.402 0
    endloop
  endfacet
  facet normal -0.356887 -0.934148 0
    outer loop
      vertex 0.927051 108.853 0
      vertex 1.22021 108.741 4
      vertex 0.927051 108.853 4
    endloop
  endfacet
  facet normal -0.356887 -0.934148 -0
    outer loop
      vertex 1.22021 108.741 4
      vertex 0.927051 108.853 0
      vertex 1.22021 108.741 0
    endloop
  endfacet
  facet normal 0.987673 0.15653 0
    outer loop
      vertex -2.93444 105.376 4
      vertex -2.98357 105.686 0
      vertex -2.98357 105.686 4
    endloop
  endfacet
  facet normal 0.987673 0.15653 0
    outer loop
      vertex -2.98357 105.686 0
      vertex -2.93444 105.376 4
      vertex -2.93444 105.376 0
    endloop
  endfacet
  facet normal -0.987673 -0.15653 0
    outer loop
      vertex 2.98357 106.314 0
      vertex 2.93444 106.624 4
      vertex 2.93444 106.624 0
    endloop
  endfacet
  facet normal -0.987673 -0.15653 0
    outer loop
      vertex 2.93444 106.624 4
      vertex 2.98357 106.314 0
      vertex 2.98357 106.314 4
    endloop
  endfacet
  facet normal -0.998634 -0.0522534 0
    outer loop
      vertex 3 106 0
      vertex 2.98357 106.314 4
      vertex 2.98357 106.314 0
    endloop
  endfacet
  facet normal -0.998634 -0.0522534 0
    outer loop
      vertex 2.98357 106.314 4
      vertex 3 106 0
      vertex 3 106 4
    endloop
  endfacet
  facet normal -0.630067 0.776541 0
    outer loop
      vertex 2.00739 103.771 0
      vertex 1.76336 103.573 4
      vertex 2.00739 103.771 4
    endloop
  endfacet
  facet normal -0.630067 0.776541 0
    outer loop
      vertex 1.76336 103.573 4
      vertex 2.00739 103.771 0
      vertex 1.76336 103.573 0
    endloop
  endfacet
  facet normal -0.356887 0.934148 0
    outer loop
      vertex 1.22021 103.259 0
      vertex 0.927051 103.147 4
      vertex 1.22021 103.259 4
    endloop
  endfacet
  facet normal -0.356887 0.934148 0
    outer loop
      vertex 0.927051 103.147 4
      vertex 1.22021 103.259 0
      vertex 0.927051 103.147 0
    endloop
  endfacet
  facet normal -0.455102 -0.89044 0
    outer loop
      vertex 1.22021 108.741 0
      vertex 1.5 108.598 4
      vertex 1.22021 108.741 4
    endloop
  endfacet
  facet normal -0.455102 -0.89044 -0
    outer loop
      vertex 1.5 108.598 4
      vertex 1.22021 108.741 0
      vertex 1.5 108.598 0
    endloop
  endfacet
  facet normal 0.356887 -0.934148 0
    outer loop
      vertex -1.22021 108.741 0
      vertex -0.927051 108.853 4
      vertex -1.22021 108.741 4
    endloop
  endfacet
  facet normal 0.356887 -0.934148 0
    outer loop
      vertex -0.927051 108.853 4
      vertex -1.22021 108.741 0
      vertex -0.927051 108.853 0
    endloop
  endfacet
  facet normal 0.891144 0.45372 0
    outer loop
      vertex -2.59808 104.5 4
      vertex -2.74064 104.78 0
      vertex -2.74064 104.78 4
    endloop
  endfacet
  facet normal 0.891144 0.45372 0
    outer loop
      vertex -2.74064 104.78 0
      vertex -2.59808 104.5 4
      vertex -2.59808 104.5 0
    endloop
  endfacet
  facet normal 0.891144 -0.45372 0
    outer loop
      vertex -2.74064 107.22 4
      vertex -2.59808 107.5 0
      vertex -2.59808 107.5 4
    endloop
  endfacet
  facet normal 0.891144 -0.45372 0
    outer loop
      vertex -2.59808 107.5 0
      vertex -2.74064 107.22 4
      vertex -2.74064 107.22 0
    endloop
  endfacet
  facet normal 0.258006 -0.966143 0
    outer loop
      vertex -0.927051 108.853 0
      vertex -0.623734 108.934 4
      vertex -0.927051 108.853 4
    endloop
  endfacet
  facet normal 0.258006 -0.966143 0
    outer loop
      vertex -0.623734 108.934 4
      vertex -0.927051 108.853 0
      vertex -0.623734 108.934 0
    endloop
  endfacet
  facet normal 0.838327 0.545168 0
    outer loop
      vertex -2.42705 104.237 4
      vertex -2.59808 104.5 0
      vertex -2.59808 104.5 4
    endloop
  endfacet
  facet normal 0.838327 0.545168 0
    outer loop
      vertex -2.59808 104.5 0
      vertex -2.42705 104.237 4
      vertex -2.42705 104.237 0
    endloop
  endfacet
  facet normal -0.965861 0.259061 0
    outer loop
      vertex 2.85317 105.073 0
      vertex 2.93444 105.376 4
      vertex 2.93444 105.376 0
    endloop
  endfacet
  facet normal -0.965861 0.259061 0
    outer loop
      vertex 2.93444 105.376 4
      vertex 2.85317 105.073 0
      vertex 2.85317 105.073 4
    endloop
  endfacet
  facet normal -0.838327 0.545168 0
    outer loop
      vertex 2.42705 104.237 0
      vertex 2.59808 104.5 4
      vertex 2.59808 104.5 0
    endloop
  endfacet
  facet normal -0.838327 0.545168 0
    outer loop
      vertex 2.59808 104.5 4
      vertex 2.42705 104.237 0
      vertex 2.42705 104.237 4
    endloop
  endfacet
  facet normal -0.965861 -0.259061 0
    outer loop
      vertex 2.93444 106.624 0
      vertex 2.85317 106.927 4
      vertex 2.85317 106.927 0
    endloop
  endfacet
  facet normal -0.965861 -0.259061 0
    outer loop
      vertex 2.85317 106.927 4
      vertex 2.93444 106.624 0
      vertex 2.93444 106.624 4
    endloop
  endfacet
  facet normal 0.630067 -0.776541 0
    outer loop
      vertex -2.00739 108.229 0
      vertex -1.76336 108.427 4
      vertex -2.00739 108.229 4
    endloop
  endfacet
  facet normal 0.630067 -0.776541 0
    outer loop
      vertex -1.76336 108.427 4
      vertex -2.00739 108.229 0
      vertex -1.76336 108.427 0
    endloop
  endfacet
  facet normal -0.159158 -0.987253 0
    outer loop
      vertex 0.313585 108.984 0
      vertex 0.623734 108.934 4
      vertex 0.313585 108.984 4
    endloop
  endfacet
  facet normal -0.159158 -0.987253 -0
    outer loop
      vertex 0.623734 108.934 4
      vertex 0.313585 108.984 0
      vertex 0.623734 108.934 0
    endloop
  endfacet
  facet normal -0.544576 -0.838711 0
    outer loop
      vertex 1.5 108.598 0
      vertex 1.76336 108.427 4
      vertex 1.5 108.598 4
    endloop
  endfacet
  facet normal -0.544576 -0.838711 -0
    outer loop
      vertex 1.76336 108.427 4
      vertex 1.5 108.598 0
      vertex 1.76336 108.427 0
    endloop
  endfacet
  facet normal 0.998634 0.0522534 0
    outer loop
      vertex -2.98357 105.686 4
      vertex -3 106 0
      vertex -3 106 4
    endloop
  endfacet
  facet normal 0.998634 0.0522534 0
    outer loop
      vertex -3 106 0
      vertex -2.98357 105.686 4
      vertex -2.98357 105.686 0
    endloop
  endfacet
  facet normal 0.707043 -0.70717 0
    outer loop
      vertex -2.22943 108.007 0
      vertex -2.00739 108.229 4
      vertex -2.22943 108.007 4
    endloop
  endfacet
  facet normal 0.707043 -0.70717 0
    outer loop
      vertex -2.00739 108.229 4
      vertex -2.22943 108.007 0
      vertex -2.00739 108.229 0
    endloop
  endfacet
  facet normal 0.987673 -0.15653 0
    outer loop
      vertex -2.98357 106.314 4
      vertex -2.93444 106.624 0
      vertex -2.93444 106.624 4
    endloop
  endfacet
  facet normal 0.987673 -0.15653 0
    outer loop
      vertex -2.93444 106.624 0
      vertex -2.98357 106.314 4
      vertex -2.98357 106.314 0
    endloop
  endfacet
  facet normal -0.933519 0.358529 0
    outer loop
      vertex 2.74064 104.78 0
      vertex 2.85317 105.073 4
      vertex 2.85317 105.073 0
    endloop
  endfacet
  facet normal -0.933519 0.358529 0
    outer loop
      vertex 2.85317 105.073 4
      vertex 2.74064 104.78 0
      vertex 2.74064 104.78 4
    endloop
  endfacet
  facet normal -0.159158 0.987253 0
    outer loop
      vertex 0.623734 103.066 0
      vertex 0.313585 103.016 4
      vertex 0.623734 103.066 4
    endloop
  endfacet
  facet normal -0.159158 0.987253 0
    outer loop
      vertex 0.313585 103.016 4
      vertex 0.623734 103.066 0
      vertex 0.313585 103.016 0
    endloop
  endfacet
  facet normal -0.258006 0.966143 0
    outer loop
      vertex 0.927051 103.147 0
      vertex 0.623734 103.066 4
      vertex 0.927051 103.147 4
    endloop
  endfacet
  facet normal -0.258006 0.966143 0
    outer loop
      vertex 0.623734 103.066 4
      vertex 0.927051 103.147 0
      vertex 0.623734 103.066 0
    endloop
  endfacet
  facet normal -0.630067 -0.776541 0
    outer loop
      vertex 1.76336 108.427 0
      vertex 2.00739 108.229 4
      vertex 1.76336 108.427 4
    endloop
  endfacet
  facet normal -0.630067 -0.776541 -0
    outer loop
      vertex 2.00739 108.229 4
      vertex 1.76336 108.427 0
      vertex 2.00739 108.229 0
    endloop
  endfacet
  facet normal 0.356887 0.934148 -0
    outer loop
      vertex -0.927051 103.147 0
      vertex -1.22021 103.259 4
      vertex -0.927051 103.147 4
    endloop
  endfacet
  facet normal 0.356887 0.934148 0
    outer loop
      vertex -1.22021 103.259 4
      vertex -0.927051 103.147 0
      vertex -1.22021 103.259 0
    endloop
  endfacet
  facet normal -0.998634 0.0522534 0
    outer loop
      vertex 2.98357 105.686 0
      vertex 3 106 4
      vertex 3 106 0
    endloop
  endfacet
  facet normal -0.998634 0.0522534 0
    outer loop
      vertex 3 106 4
      vertex 2.98357 105.686 0
      vertex 2.98357 105.686 4
    endloop
  endfacet
  facet normal 0.544576 -0.838711 0
    outer loop
      vertex -1.76336 108.427 0
      vertex -1.5 108.598 4
      vertex -1.76336 108.427 4
    endloop
  endfacet
  facet normal 0.544576 -0.838711 0
    outer loop
      vertex -1.5 108.598 4
      vertex -1.76336 108.427 0
      vertex -1.5 108.598 0
    endloop
  endfacet
  facet normal 0.777095 0.629383 0
    outer loop
      vertex -2.22943 103.993 4
      vertex -2.42705 104.237 0
      vertex -2.42705 104.237 4
    endloop
  endfacet
  facet normal 0.777095 0.629383 0
    outer loop
      vertex -2.42705 104.237 0
      vertex -2.22943 103.993 4
      vertex -2.22943 103.993 0
    endloop
  endfacet
  facet normal -0.891144 -0.45372 0
    outer loop
      vertex 2.74064 107.22 0
      vertex 2.59808 107.5 4
      vertex 2.59808 107.5 0
    endloop
  endfacet
  facet normal -0.891144 -0.45372 0
    outer loop
      vertex 2.59808 107.5 4
      vertex 2.74064 107.22 0
      vertex 2.74064 107.22 4
    endloop
  endfacet
  facet normal -0.777095 -0.629383 0
    outer loop
      vertex 2.42705 107.763 0
      vertex 2.22943 108.007 4
      vertex 2.22943 108.007 0
    endloop
  endfacet
  facet normal -0.777095 -0.629383 0
    outer loop
      vertex 2.22943 108.007 4
      vertex 2.42705 107.763 0
      vertex 2.42705 107.763 4
    endloop
  endfacet
  facet normal 0.258006 0.966143 -0
    outer loop
      vertex -0.623734 103.066 0
      vertex -0.927051 103.147 4
      vertex -0.623734 103.066 4
    endloop
  endfacet
  facet normal 0.258006 0.966143 0
    outer loop
      vertex -0.927051 103.147 4
      vertex -0.623734 103.066 0
      vertex -0.927051 103.147 0
    endloop
  endfacet
  facet normal 0.777095 -0.629383 0
    outer loop
      vertex -2.42705 107.763 4
      vertex -2.22943 108.007 0
      vertex -2.22943 108.007 4
    endloop
  endfacet
  facet normal 0.777095 -0.629383 0
    outer loop
      vertex -2.22943 108.007 0
      vertex -2.42705 107.763 4
      vertex -2.42705 107.763 0
    endloop
  endfacet
  facet normal 0.998634 -0.0522534 0
    outer loop
      vertex -3 106 4
      vertex -2.98357 106.314 0
      vertex -2.98357 106.314 4
    endloop
  endfacet
  facet normal 0.998634 -0.0522534 0
    outer loop
      vertex -2.98357 106.314 0
      vertex -3 106 4
      vertex -3 106 0
    endloop
  endfacet
  facet normal 0.838327 -0.545168 0
    outer loop
      vertex -2.59808 107.5 4
      vertex -2.42705 107.763 0
      vertex -2.42705 107.763 4
    endloop
  endfacet
  facet normal 0.838327 -0.545168 0
    outer loop
      vertex -2.42705 107.763 0
      vertex -2.59808 107.5 4
      vertex -2.59808 107.5 0
    endloop
  endfacet
  facet normal 0.707043 0.70717 -0
    outer loop
      vertex -2.00739 103.771 0
      vertex -2.22943 103.993 4
      vertex -2.00739 103.771 4
    endloop
  endfacet
  facet normal 0.707043 0.70717 0
    outer loop
      vertex -2.22943 103.993 4
      vertex -2.00739 103.771 0
      vertex -2.22943 103.993 0
    endloop
  endfacet
  facet normal 0.630067 0.776541 -0
    outer loop
      vertex -1.76336 103.573 0
      vertex -2.00739 103.771 4
      vertex -1.76336 103.573 4
    endloop
  endfacet
  facet normal 0.630067 0.776541 0
    outer loop
      vertex -2.00739 103.771 4
      vertex -1.76336 103.573 0
      vertex -2.00739 103.771 0
    endloop
  endfacet
  facet normal 0.544576 0.838711 -0
    outer loop
      vertex -1.5 103.402 0
      vertex -1.76336 103.573 4
      vertex -1.5 103.402 4
    endloop
  endfacet
  facet normal 0.544576 0.838711 0
    outer loop
      vertex -1.76336 103.573 4
      vertex -1.5 103.402 0
      vertex -1.76336 103.573 0
    endloop
  endfacet
  facet normal -0.707043 -0.70717 0
    outer loop
      vertex 2.00739 108.229 0
      vertex 2.22943 108.007 4
      vertex 2.00739 108.229 4
    endloop
  endfacet
  facet normal -0.707043 -0.70717 -0
    outer loop
      vertex 2.22943 108.007 4
      vertex 2.00739 108.229 0
      vertex 2.22943 108.007 0
    endloop
  endfacet
  facet normal 0.933519 0.358529 0
    outer loop
      vertex -2.74064 104.78 4
      vertex -2.85317 105.073 0
      vertex -2.85317 105.073 4
    endloop
  endfacet
  facet normal 0.933519 0.358529 0
    outer loop
      vertex -2.85317 105.073 0
      vertex -2.74064 104.78 4
      vertex -2.74064 104.78 0
    endloop
  endfacet
  facet normal 0.0509566 0.998701 -0
    outer loop
      vertex 0 103 0
      vertex -0.313585 103.016 4
      vertex 0 103 4
    endloop
  endfacet
  facet normal 0.0509566 0.998701 0
    outer loop
      vertex -0.313585 103.016 4
      vertex 0 103 0
      vertex -0.313585 103.016 0
    endloop
  endfacet
  facet normal -0.258006 -0.966143 0
    outer loop
      vertex 0.623734 108.934 0
      vertex 0.927051 108.853 4
      vertex 0.623734 108.934 4
    endloop
  endfacet
  facet normal -0.258006 -0.966143 -0
    outer loop
      vertex 0.927051 108.853 4
      vertex 0.623734 108.934 0
      vertex 0.927051 108.853 0
    endloop
  endfacet
  facet normal -0.777095 0.629383 0
    outer loop
      vertex 2.22943 103.993 0
      vertex 2.42705 104.237 4
      vertex 2.42705 104.237 0
    endloop
  endfacet
  facet normal -0.777095 0.629383 0
    outer loop
      vertex 2.42705 104.237 4
      vertex 2.22943 103.993 0
      vertex 2.22943 103.993 4
    endloop
  endfacet
  facet normal -0.455102 0.89044 0
    outer loop
      vertex 1.5 103.402 0
      vertex 1.22021 103.259 4
      vertex 1.5 103.402 4
    endloop
  endfacet
  facet normal -0.455102 0.89044 0
    outer loop
      vertex 1.22021 103.259 4
      vertex 1.5 103.402 0
      vertex 1.22021 103.259 0
    endloop
  endfacet
  facet normal 0.933519 -0.358529 0
    outer loop
      vertex -2.85317 106.927 4
      vertex -2.74064 107.22 0
      vertex -2.74064 107.22 4
    endloop
  endfacet
  facet normal 0.933519 -0.358529 0
    outer loop
      vertex -2.74064 107.22 0
      vertex -2.85317 106.927 4
      vertex -2.85317 106.927 0
    endloop
  endfacet
  facet normal -0.891144 0.45372 0
    outer loop
      vertex 2.59808 104.5 0
      vertex 2.74064 104.78 4
      vertex 2.74064 104.78 0
    endloop
  endfacet
  facet normal -0.891144 0.45372 0
    outer loop
      vertex 2.74064 104.78 4
      vertex 2.59808 104.5 0
      vertex 2.59808 104.5 4
    endloop
  endfacet
  facet normal -0.707043 0.70717 0
    outer loop
      vertex 2.22943 103.993 0
      vertex 2.00739 103.771 4
      vertex 2.22943 103.993 4
    endloop
  endfacet
  facet normal -0.707043 0.70717 0
    outer loop
      vertex 2.00739 103.771 4
      vertex 2.22943 103.993 0
      vertex 2.00739 103.771 0
    endloop
  endfacet
  facet normal -0.987673 0.15653 0
    outer loop
      vertex 2.93444 115.376 0
      vertex 2.98357 115.686 4
      vertex 2.98357 115.686 0
    endloop
  endfacet
  facet normal -0.987673 0.15653 0
    outer loop
      vertex 2.98357 115.686 4
      vertex 2.93444 115.376 0
      vertex 2.93444 115.376 4
    endloop
  endfacet
  facet normal 0.965861 0.259061 0
    outer loop
      vertex -2.85317 115.073 4
      vertex -2.93444 115.376 0
      vertex -2.93444 115.376 4
    endloop
  endfacet
  facet normal 0.965861 0.259061 0
    outer loop
      vertex -2.93444 115.376 0
      vertex -2.85317 115.073 4
      vertex -2.85317 115.073 0
    endloop
  endfacet
  facet normal -0.987673 -0.15653 0
    outer loop
      vertex 2.98357 116.314 0
      vertex 2.93444 116.624 4
      vertex 2.93444 116.624 0
    endloop
  endfacet
  facet normal -0.987673 -0.15653 0
    outer loop
      vertex 2.93444 116.624 4
      vertex 2.98357 116.314 0
      vertex 2.98357 116.314 4
    endloop
  endfacet
  facet normal 0.159158 0.987253 -0
    outer loop
      vertex -0.313585 113.016 0
      vertex -0.623734 113.066 4
      vertex -0.313585 113.016 4
    endloop
  endfacet
  facet normal 0.159158 0.987253 0
    outer loop
      vertex -0.623734 113.066 4
      vertex -0.313585 113.016 0
      vertex -0.623734 113.066 0
    endloop
  endfacet
  facet normal 0.544576 -0.838711 0
    outer loop
      vertex -1.76336 118.427 0
      vertex -1.5 118.598 4
      vertex -1.76336 118.427 4
    endloop
  endfacet
  facet normal 0.544576 -0.838711 0
    outer loop
      vertex -1.5 118.598 4
      vertex -1.76336 118.427 0
      vertex -1.5 118.598 0
    endloop
  endfacet
  facet normal -0.838327 0.545168 0
    outer loop
      vertex 2.42705 114.237 0
      vertex 2.59808 114.5 4
      vertex 2.59808 114.5 0
    endloop
  endfacet
  facet normal -0.838327 0.545168 0
    outer loop
      vertex 2.59808 114.5 4
      vertex 2.42705 114.237 0
      vertex 2.42705 114.237 4
    endloop
  endfacet
  facet normal 0.0509566 -0.998701 0
    outer loop
      vertex -0.313585 118.984 0
      vertex 0 119 4
      vertex -0.313585 118.984 4
    endloop
  endfacet
  facet normal 0.0509566 -0.998701 0
    outer loop
      vertex 0 119 4
      vertex -0.313585 118.984 0
      vertex 0 119 0
    endloop
  endfacet
  facet normal 0.455102 -0.89044 0
    outer loop
      vertex -1.5 118.598 0
      vertex -1.22021 118.741 4
      vertex -1.5 118.598 4
    endloop
  endfacet
  facet normal 0.455102 -0.89044 0
    outer loop
      vertex -1.22021 118.741 4
      vertex -1.5 118.598 0
      vertex -1.22021 118.741 0
    endloop
  endfacet
  facet normal 0.707043 -0.70717 0
    outer loop
      vertex -2.22943 118.007 0
      vertex -2.00739 118.229 4
      vertex -2.22943 118.007 4
    endloop
  endfacet
  facet normal 0.707043 -0.70717 0
    outer loop
      vertex -2.00739 118.229 4
      vertex -2.22943 118.007 0
      vertex -2.00739 118.229 0
    endloop
  endfacet
  facet normal -0.998634 0.0522534 0
    outer loop
      vertex 2.98357 115.686 0
      vertex 3 116 4
      vertex 3 116 0
    endloop
  endfacet
  facet normal -0.998634 0.0522534 0
    outer loop
      vertex 3 116 4
      vertex 2.98357 115.686 0
      vertex 2.98357 115.686 4
    endloop
  endfacet
  facet normal -0.933519 -0.358529 0
    outer loop
      vertex 2.85317 116.927 0
      vertex 2.74064 117.22 4
      vertex 2.74064 117.22 0
    endloop
  endfacet
  facet normal -0.933519 -0.358529 0
    outer loop
      vertex 2.74064 117.22 4
      vertex 2.85317 116.927 0
      vertex 2.85317 116.927 4
    endloop
  endfacet
  facet normal -0.258006 -0.966143 0
    outer loop
      vertex 0.623734 118.934 0
      vertex 0.927051 118.853 4
      vertex 0.623734 118.934 4
    endloop
  endfacet
  facet normal -0.258006 -0.966143 -0
    outer loop
      vertex 0.927051 118.853 4
      vertex 0.623734 118.934 0
      vertex 0.927051 118.853 0
    endloop
  endfacet
  facet normal -0.630067 -0.776541 0
    outer loop
      vertex 1.76336 118.427 0
      vertex 2.00739 118.229 4
      vertex 1.76336 118.427 4
    endloop
  endfacet
  facet normal -0.630067 -0.776541 -0
    outer loop
      vertex 2.00739 118.229 4
      vertex 1.76336 118.427 0
      vertex 2.00739 118.229 0
    endloop
  endfacet
  facet normal -0.356887 -0.934148 0
    outer loop
      vertex 0.927051 118.853 0
      vertex 1.22021 118.741 4
      vertex 0.927051 118.853 4
    endloop
  endfacet
  facet normal -0.356887 -0.934148 -0
    outer loop
      vertex 1.22021 118.741 4
      vertex 0.927051 118.853 0
      vertex 1.22021 118.741 0
    endloop
  endfacet
  facet normal -0.891144 0.45372 0
    outer loop
      vertex 2.59808 114.5 0
      vertex 2.74064 114.78 4
      vertex 2.74064 114.78 0
    endloop
  endfacet
  facet normal -0.891144 0.45372 0
    outer loop
      vertex 2.74064 114.78 4
      vertex 2.59808 114.5 0
      vertex 2.59808 114.5 4
    endloop
  endfacet
  facet normal 0.987673 -0.15653 0
    outer loop
      vertex -2.98357 116.314 4
      vertex -2.93444 116.624 0
      vertex -2.93444 116.624 4
    endloop
  endfacet
  facet normal 0.987673 -0.15653 0
    outer loop
      vertex -2.93444 116.624 0
      vertex -2.98357 116.314 4
      vertex -2.98357 116.314 0
    endloop
  endfacet
  facet normal -0.998634 -0.0522534 0
    outer loop
      vertex 3 116 0
      vertex 2.98357 116.314 4
      vertex 2.98357 116.314 0
    endloop
  endfacet
  facet normal -0.998634 -0.0522534 0
    outer loop
      vertex 2.98357 116.314 4
      vertex 3 116 0
      vertex 3 116 4
    endloop
  endfacet
  facet normal -0.544576 -0.838711 0
    outer loop
      vertex 1.5 118.598 0
      vertex 1.76336 118.427 4
      vertex 1.5 118.598 4
    endloop
  endfacet
  facet normal -0.544576 -0.838711 -0
    outer loop
      vertex 1.76336 118.427 4
      vertex 1.5 118.598 0
      vertex 1.76336 118.427 0
    endloop
  endfacet
  facet normal -0.965861 -0.259061 0
    outer loop
      vertex 2.93444 116.624 0
      vertex 2.85317 116.927 4
      vertex 2.85317 116.927 0
    endloop
  endfacet
  facet normal -0.965861 -0.259061 0
    outer loop
      vertex 2.85317 116.927 4
      vertex 2.93444 116.624 0
      vertex 2.93444 116.624 4
    endloop
  endfacet
  facet normal 0.258006 -0.966143 0
    outer loop
      vertex -0.927051 118.853 0
      vertex -0.623734 118.934 4
      vertex -0.927051 118.853 4
    endloop
  endfacet
  facet normal 0.258006 -0.966143 0
    outer loop
      vertex -0.623734 118.934 4
      vertex -0.927051 118.853 0
      vertex -0.623734 118.934 0
    endloop
  endfacet
  facet normal 0.998634 0.0522534 0
    outer loop
      vertex -2.98357 115.686 4
      vertex -3 116 0
      vertex -3 116 4
    endloop
  endfacet
  facet normal 0.998634 0.0522534 0
    outer loop
      vertex -3 116 0
      vertex -2.98357 115.686 4
      vertex -2.98357 115.686 0
    endloop
  endfacet
  facet normal 0.965861 -0.259061 0
    outer loop
      vertex -2.93444 116.624 4
      vertex -2.85317 116.927 0
      vertex -2.85317 116.927 4
    endloop
  endfacet
  facet normal 0.965861 -0.259061 0
    outer loop
      vertex -2.85317 116.927 0
      vertex -2.93444 116.624 4
      vertex -2.93444 116.624 0
    endloop
  endfacet
  facet normal -0.159158 -0.987253 0
    outer loop
      vertex 0.313585 118.984 0
      vertex 0.623734 118.934 4
      vertex 0.313585 118.984 4
    endloop
  endfacet
  facet normal -0.159158 -0.987253 -0
    outer loop
      vertex 0.623734 118.934 4
      vertex 0.313585 118.984 0
      vertex 0.623734 118.934 0
    endloop
  endfacet
  facet normal 0.777095 -0.629383 0
    outer loop
      vertex -2.42705 117.763 4
      vertex -2.22943 118.007 0
      vertex -2.22943 118.007 4
    endloop
  endfacet
  facet normal 0.777095 -0.629383 0
    outer loop
      vertex -2.22943 118.007 0
      vertex -2.42705 117.763 4
      vertex -2.42705 117.763 0
    endloop
  endfacet
  facet normal -0.0509566 -0.998701 0
    outer loop
      vertex 0 119 0
      vertex 0.313585 118.984 4
      vertex 0 119 4
    endloop
  endfacet
  facet normal -0.0509566 -0.998701 -0
    outer loop
      vertex 0.313585 118.984 4
      vertex 0 119 0
      vertex 0.313585 118.984 0
    endloop
  endfacet
  facet normal -0.891144 -0.45372 0
    outer loop
      vertex 2.74064 117.22 0
      vertex 2.59808 117.5 4
      vertex 2.59808 117.5 0
    endloop
  endfacet
  facet normal -0.891144 -0.45372 0
    outer loop
      vertex 2.59808 117.5 4
      vertex 2.74064 117.22 0
      vertex 2.74064 117.22 4
    endloop
  endfacet
  facet normal -0.707043 -0.70717 0
    outer loop
      vertex 2.00739 118.229 0
      vertex 2.22943 118.007 4
      vertex 2.00739 118.229 4
    endloop
  endfacet
  facet normal -0.707043 -0.70717 -0
    outer loop
      vertex 2.22943 118.007 4
      vertex 2.00739 118.229 0
      vertex 2.22943 118.007 0
    endloop
  endfacet
  facet normal -0.455102 0.89044 0
    outer loop
      vertex 1.5 113.402 0
      vertex 1.22021 113.259 4
      vertex 1.5 113.402 4
    endloop
  endfacet
  facet normal -0.455102 0.89044 0
    outer loop
      vertex 1.22021 113.259 4
      vertex 1.5 113.402 0
      vertex 1.22021 113.259 0
    endloop
  endfacet
  facet normal 0.630067 -0.776541 0
    outer loop
      vertex -2.00739 118.229 0
      vertex -1.76336 118.427 4
      vertex -2.00739 118.229 4
    endloop
  endfacet
  facet normal 0.630067 -0.776541 0
    outer loop
      vertex -1.76336 118.427 4
      vertex -2.00739 118.229 0
      vertex -1.76336 118.427 0
    endloop
  endfacet
  facet normal 0.838327 -0.545168 0
    outer loop
      vertex -2.59808 117.5 4
      vertex -2.42705 117.763 0
      vertex -2.42705 117.763 4
    endloop
  endfacet
  facet normal 0.838327 -0.545168 0
    outer loop
      vertex -2.42705 117.763 0
      vertex -2.59808 117.5 4
      vertex -2.59808 117.5 0
    endloop
  endfacet
  facet normal 0.933519 -0.358529 0
    outer loop
      vertex -2.85317 116.927 4
      vertex -2.74064 117.22 0
      vertex -2.74064 117.22 4
    endloop
  endfacet
  facet normal 0.933519 -0.358529 0
    outer loop
      vertex -2.74064 117.22 0
      vertex -2.85317 116.927 4
      vertex -2.85317 116.927 0
    endloop
  endfacet
  facet normal -0.159158 0.987253 0
    outer loop
      vertex 0.623734 113.066 0
      vertex 0.313585 113.016 4
      vertex 0.623734 113.066 4
    endloop
  endfacet
  facet normal -0.159158 0.987253 0
    outer loop
      vertex 0.313585 113.016 4
      vertex 0.623734 113.066 0
      vertex 0.313585 113.016 0
    endloop
  endfacet
  facet normal -0.455102 -0.89044 0
    outer loop
      vertex 1.22021 118.741 0
      vertex 1.5 118.598 4
      vertex 1.22021 118.741 4
    endloop
  endfacet
  facet normal -0.455102 -0.89044 -0
    outer loop
      vertex 1.5 118.598 4
      vertex 1.22021 118.741 0
      vertex 1.5 118.598 0
    endloop
  endfacet
  facet normal 0.455102 0.89044 -0
    outer loop
      vertex -1.22021 113.259 0
      vertex -1.5 113.402 4
      vertex -1.22021 113.259 4
    endloop
  endfacet
  facet normal 0.455102 0.89044 0
    outer loop
      vertex -1.5 113.402 4
      vertex -1.22021 113.259 0
      vertex -1.5 113.402 0
    endloop
  endfacet
  facet normal 0.159158 -0.987253 0
    outer loop
      vertex -0.623734 118.934 0
      vertex -0.313585 118.984 4
      vertex -0.623734 118.934 4
    endloop
  endfacet
  facet normal 0.159158 -0.987253 0
    outer loop
      vertex -0.313585 118.984 4
      vertex -0.623734 118.934 0
      vertex -0.313585 118.984 0
    endloop
  endfacet
  facet normal -0.258006 0.966143 0
    outer loop
      vertex 0.927051 113.147 0
      vertex 0.623734 113.066 4
      vertex 0.927051 113.147 4
    endloop
  endfacet
  facet normal -0.258006 0.966143 0
    outer loop
      vertex 0.623734 113.066 4
      vertex 0.927051 113.147 0
      vertex 0.623734 113.066 0
    endloop
  endfacet
  facet normal 0.987673 0.15653 0
    outer loop
      vertex -2.93444 115.376 4
      vertex -2.98357 115.686 0
      vertex -2.98357 115.686 4
    endloop
  endfacet
  facet normal 0.987673 0.15653 0
    outer loop
      vertex -2.98357 115.686 0
      vertex -2.93444 115.376 4
      vertex -2.93444 115.376 0
    endloop
  endfacet
  facet normal 0.707043 0.70717 -0
    outer loop
      vertex -2.00739 113.771 0
      vertex -2.22943 113.993 4
      vertex -2.00739 113.771 4
    endloop
  endfacet
  facet normal 0.707043 0.70717 0
    outer loop
      vertex -2.22943 113.993 4
      vertex -2.00739 113.771 0
      vertex -2.22943 113.993 0
    endloop
  endfacet
  facet normal -0.777095 -0.629383 0
    outer loop
      vertex 2.42705 117.763 0
      vertex 2.22943 118.007 4
      vertex 2.22943 118.007 0
    endloop
  endfacet
  facet normal -0.777095 -0.629383 0
    outer loop
      vertex 2.22943 118.007 4
      vertex 2.42705 117.763 0
      vertex 2.42705 117.763 4
    endloop
  endfacet
  facet normal 0.838327 0.545168 0
    outer loop
      vertex -2.42705 114.237 4
      vertex -2.59808 114.5 0
      vertex -2.59808 114.5 4
    endloop
  endfacet
  facet normal 0.838327 0.545168 0
    outer loop
      vertex -2.59808 114.5 0
      vertex -2.42705 114.237 4
      vertex -2.42705 114.237 0
    endloop
  endfacet
  facet normal 0.777095 0.629383 0
    outer loop
      vertex -2.22943 113.993 4
      vertex -2.42705 114.237 0
      vertex -2.42705 114.237 4
    endloop
  endfacet
  facet normal 0.777095 0.629383 0
    outer loop
      vertex -2.42705 114.237 0
      vertex -2.22943 113.993 4
      vertex -2.22943 113.993 0
    endloop
  endfacet
  facet normal -0.965861 0.259061 0
    outer loop
      vertex 2.85317 115.073 0
      vertex 2.93444 115.376 4
      vertex 2.93444 115.376 0
    endloop
  endfacet
  facet normal -0.965861 0.259061 0
    outer loop
      vertex 2.93444 115.376 4
      vertex 2.85317 115.073 0
      vertex 2.85317 115.073 4
    endloop
  endfacet
  facet normal -0.933519 0.358529 0
    outer loop
      vertex 2.74064 114.78 0
      vertex 2.85317 115.073 4
      vertex 2.85317 115.073 0
    endloop
  endfacet
  facet normal -0.933519 0.358529 0
    outer loop
      vertex 2.85317 115.073 4
      vertex 2.74064 114.78 0
      vertex 2.74064 114.78 4
    endloop
  endfacet
  facet normal -0.838327 -0.545168 0
    outer loop
      vertex 2.59808 117.5 0
      vertex 2.42705 117.763 4
      vertex 2.42705 117.763 0
    endloop
  endfacet
  facet normal -0.838327 -0.545168 0
    outer loop
      vertex 2.42705 117.763 4
      vertex 2.59808 117.5 0
      vertex 2.59808 117.5 4
    endloop
  endfacet
  facet normal -0.544576 0.838711 0
    outer loop
      vertex 1.76336 113.573 0
      vertex 1.5 113.402 4
      vertex 1.76336 113.573 4
    endloop
  endfacet
  facet normal -0.544576 0.838711 0
    outer loop
      vertex 1.5 113.402 4
      vertex 1.76336 113.573 0
      vertex 1.5 113.402 0
    endloop
  endfacet
  facet normal 0.630067 0.776541 -0
    outer loop
      vertex -1.76336 113.573 0
      vertex -2.00739 113.771 4
      vertex -1.76336 113.573 4
    endloop
  endfacet
  facet normal 0.630067 0.776541 0
    outer loop
      vertex -2.00739 113.771 4
      vertex -1.76336 113.573 0
      vertex -2.00739 113.771 0
    endloop
  endfacet
  facet normal 0.933519 0.358529 0
    outer loop
      vertex -2.74064 114.78 4
      vertex -2.85317 115.073 0
      vertex -2.85317 115.073 4
    endloop
  endfacet
  facet normal 0.933519 0.358529 0
    outer loop
      vertex -2.85317 115.073 0
      vertex -2.74064 114.78 4
      vertex -2.74064 114.78 0
    endloop
  endfacet
  facet normal 0.998634 -0.0522534 0
    outer loop
      vertex -3 116 4
      vertex -2.98357 116.314 0
      vertex -2.98357 116.314 4
    endloop
  endfacet
  facet normal 0.998634 -0.0522534 0
    outer loop
      vertex -2.98357 116.314 0
      vertex -3 116 4
      vertex -3 116 0
    endloop
  endfacet
  facet normal 0.356887 -0.934148 0
    outer loop
      vertex -1.22021 118.741 0
      vertex -0.927051 118.853 4
      vertex -1.22021 118.741 4
    endloop
  endfacet
  facet normal 0.356887 -0.934148 0
    outer loop
      vertex -0.927051 118.853 4
      vertex -1.22021 118.741 0
      vertex -0.927051 118.853 0
    endloop
  endfacet
  facet normal 0.891144 0.45372 0
    outer loop
      vertex -2.59808 114.5 4
      vertex -2.74064 114.78 0
      vertex -2.74064 114.78 4
    endloop
  endfacet
  facet normal 0.891144 0.45372 0
    outer loop
      vertex -2.74064 114.78 0
      vertex -2.59808 114.5 4
      vertex -2.59808 114.5 0
    endloop
  endfacet
  facet normal 0.258006 0.966143 -0
    outer loop
      vertex -0.623734 113.066 0
      vertex -0.927051 113.147 4
      vertex -0.623734 113.066 4
    endloop
  endfacet
  facet normal 0.258006 0.966143 0
    outer loop
      vertex -0.927051 113.147 4
      vertex -0.623734 113.066 0
      vertex -0.927051 113.147 0
    endloop
  endfacet
  facet normal 0.0509566 0.998701 -0
    outer loop
      vertex 0 113 0
      vertex -0.313585 113.016 4
      vertex 0 113 4
    endloop
  endfacet
  facet normal 0.0509566 0.998701 0
    outer loop
      vertex -0.313585 113.016 4
      vertex 0 113 0
      vertex -0.313585 113.016 0
    endloop
  endfacet
  facet normal -0.356887 0.934148 0
    outer loop
      vertex 1.22021 113.259 0
      vertex 0.927051 113.147 4
      vertex 1.22021 113.259 4
    endloop
  endfacet
  facet normal -0.356887 0.934148 0
    outer loop
      vertex 0.927051 113.147 4
      vertex 1.22021 113.259 0
      vertex 0.927051 113.147 0
    endloop
  endfacet
  facet normal 0.544576 0.838711 -0
    outer loop
      vertex -1.5 113.402 0
      vertex -1.76336 113.573 4
      vertex -1.5 113.402 4
    endloop
  endfacet
  facet normal 0.544576 0.838711 0
    outer loop
      vertex -1.76336 113.573 4
      vertex -1.5 113.402 0
      vertex -1.76336 113.573 0
    endloop
  endfacet
  facet normal -0.630067 0.776541 0
    outer loop
      vertex 2.00739 113.771 0
      vertex 1.76336 113.573 4
      vertex 2.00739 113.771 4
    endloop
  endfacet
  facet normal -0.630067 0.776541 0
    outer loop
      vertex 1.76336 113.573 4
      vertex 2.00739 113.771 0
      vertex 1.76336 113.573 0
    endloop
  endfacet
  facet normal 0.356887 0.934148 -0
    outer loop
      vertex -0.927051 113.147 0
      vertex -1.22021 113.259 4
      vertex -0.927051 113.147 4
    endloop
  endfacet
  facet normal 0.356887 0.934148 0
    outer loop
      vertex -1.22021 113.259 4
      vertex -0.927051 113.147 0
      vertex -1.22021 113.259 0
    endloop
  endfacet
  facet normal -0.777095 0.629383 0
    outer loop
      vertex 2.22943 113.993 0
      vertex 2.42705 114.237 4
      vertex 2.42705 114.237 0
    endloop
  endfacet
  facet normal -0.777095 0.629383 0
    outer loop
      vertex 2.42705 114.237 4
      vertex 2.22943 113.993 0
      vertex 2.22943 113.993 4
    endloop
  endfacet
  facet normal -0.0509566 0.998701 0
    outer loop
      vertex 0.313585 113.016 0
      vertex 0 113 4
      vertex 0.313585 113.016 4
    endloop
  endfacet
  facet normal -0.0509566 0.998701 0
    outer loop
      vertex 0 113 4
      vertex 0.313585 113.016 0
      vertex 0 113 0
    endloop
  endfacet
  facet normal 0.891144 -0.45372 0
    outer loop
      vertex -2.74064 117.22 4
      vertex -2.59808 117.5 0
      vertex -2.59808 117.5 4
    endloop
  endfacet
  facet normal 0.891144 -0.45372 0
    outer loop
      vertex -2.59808 117.5 0
      vertex -2.74064 117.22 4
      vertex -2.74064 117.22 0
    endloop
  endfacet
  facet normal -0.707043 0.70717 0
    outer loop
      vertex 2.22943 113.993 0
      vertex 2.00739 113.771 4
      vertex 2.22943 113.993 4
    endloop
  endfacet
  facet normal -0.707043 0.70717 0
    outer loop
      vertex 2.00739 113.771 4
      vertex 2.22943 113.993 0
      vertex 2.00739 113.771 0
    endloop
  endfacet
  facet normal -0.258805 0.965929 0
    outer loop
      vertex -26.6094 -4.27975 0
      vertex -27.0644 -4.40166 4
      vertex -26.6094 -4.27975 4
    endloop
  endfacet
  facet normal -0.258805 0.965929 0
    outer loop
      vertex -27.0644 -4.40166 4
      vertex -26.6094 -4.27975 0
      vertex -27.0644 -4.40166 0
    endloop
  endfacet
  facet normal -0.987716 -0.15626 0
    outer loop
      vertex -23.5247 0.470378 0
      vertex -23.5983 0.935602 4
      vertex -23.5983 0.935602 0
    endloop
  endfacet
  facet normal -0.987716 -0.15626 0
    outer loop
      vertex -23.5983 0.935602 4
      vertex -23.5247 0.470378 0
      vertex -23.5247 0.470378 4
    endloop
  endfacet
  facet normal -0.777177 0.629283 0
    outer loop
      vertex -24.6558 -3.01109 0
      vertex -24.3594 -2.64503 4
      vertex -24.3594 -2.64503 0
    endloop
  endfacet
  facet normal -0.777177 0.629283 0
    outer loop
      vertex -24.3594 -2.64503 4
      vertex -24.6558 -3.01109 0
      vertex -24.6558 -3.01109 4
    endloop
  endfacet
  facet normal -0.707064 0.707149 0
    outer loop
      vertex -24.9889 -3.34415 0
      vertex -24.6558 -3.01109 4
      vertex -24.6558 -3.01109 0
    endloop
  endfacet
  facet normal -0.707064 0.707149 0
    outer loop
      vertex -24.6558 -3.01109 4
      vertex -24.9889 -3.34415 0
      vertex -24.9889 -3.34415 4
    endloop
  endfacet
  facet normal -0.890957 -0.454087 0
    outer loop
      vertex -23.889 1.83031 0
      vertex -24.1029 2.25 4
      vertex -24.1029 2.25 0
    endloop
  endfacet
  facet normal -0.890957 -0.454087 0
    outer loop
      vertex -24.1029 2.25 4
      vertex -23.889 1.83031 0
      vertex -23.889 1.83031 4
    endloop
  endfacet
  facet normal -0.998624 0.0524387 0
    outer loop
      vertex -23.5247 -0.470378 0
      vertex -23.5 0 4
      vertex -23.5 0 0
    endloop
  endfacet
  facet normal -0.998624 0.0524387 0
    outer loop
      vertex -23.5 0 4
      vertex -23.5247 -0.470378 0
      vertex -23.5247 -0.470378 4
    endloop
  endfacet
  facet normal 0.777177 0.629283 0
    outer loop
      vertex -31.3442 -3.01109 4
      vertex -31.6406 -2.64503 0
      vertex -31.6406 -2.64503 4
    endloop
  endfacet
  facet normal 0.777177 0.629283 0
    outer loop
      vertex -31.6406 -2.64503 0
      vertex -31.3442 -3.01109 4
      vertex -31.3442 -3.01109 0
    endloop
  endfacet
  facet normal 0.629279 0.777179 -0
    outer loop
      vertex -30.645 -3.64058 0
      vertex -31.0111 -3.34415 4
      vertex -30.645 -3.64058 4
    endloop
  endfacet
  facet normal 0.629279 0.777179 0
    outer loop
      vertex -31.0111 -3.34415 4
      vertex -30.645 -3.64058 0
      vertex -31.0111 -3.34415 0
    endloop
  endfacet
  facet normal -0.777177 -0.629283 0
    outer loop
      vertex -24.3594 2.64503 0
      vertex -24.6558 3.01109 4
      vertex -24.6558 3.01109 0
    endloop
  endfacet
  facet normal -0.777177 -0.629283 0
    outer loop
      vertex -24.6558 3.01109 4
      vertex -24.3594 2.64503 0
      vertex -24.3594 2.64503 4
    endloop
  endfacet
  facet normal 0.0523304 -0.99863 0
    outer loop
      vertex -28.4704 4.47535 0
      vertex -28 4.5 4
      vertex -28.4704 4.47535 4
    endloop
  endfacet
  facet normal 0.0523304 -0.99863 0
    outer loop
      vertex -28 4.5 4
      vertex -28.4704 4.47535 0
      vertex -28 4.5 0
    endloop
  endfacet
  facet normal 0.707064 0.707149 0
    outer loop
      vertex -31.0111 -3.34415 4
      vertex -31.3442 -3.01109 0
      vertex -31.3442 -3.01109 4
    endloop
  endfacet
  facet normal 0.707064 0.707149 0
    outer loop
      vertex -31.3442 -3.01109 0
      vertex -31.0111 -3.34415 4
      vertex -31.0111 -3.34415 0
    endloop
  endfacet
  facet normal 0.453977 0.891013 -0
    outer loop
      vertex -29.8303 -4.11095 0
      vertex -30.25 -3.89711 4
      vertex -29.8303 -4.11095 4
    endloop
  endfacet
  facet normal 0.453977 0.891013 0
    outer loop
      vertex -30.25 -3.89711 4
      vertex -29.8303 -4.11095 0
      vertex -30.25 -3.89711 0
    endloop
  endfacet
  facet normal 0.777177 -0.629283 0
    outer loop
      vertex -31.6406 2.64503 4
      vertex -31.3442 3.01109 0
      vertex -31.3442 3.01109 4
    endloop
  endfacet
  facet normal 0.777177 -0.629283 0
    outer loop
      vertex -31.3442 3.01109 0
      vertex -31.6406 2.64503 4
      vertex -31.6406 2.64503 0
    endloop
  endfacet
  facet normal -0.629279 -0.777179 0
    outer loop
      vertex -25.355 3.64058 0
      vertex -24.9889 3.34415 4
      vertex -25.355 3.64058 4
    endloop
  endfacet
  facet normal -0.629279 -0.777179 -0
    outer loop
      vertex -24.9889 3.34415 4
      vertex -25.355 3.64058 0
      vertex -24.9889 3.34415 0
    endloop
  endfacet
  facet normal -0.358396 -0.93357 0
    outer loop
      vertex -26.6094 4.27975 0
      vertex -26.1697 4.11095 4
      vertex -26.6094 4.27975 4
    endloop
  endfacet
  facet normal -0.358396 -0.93357 -0
    outer loop
      vertex -26.1697 4.11095 4
      vertex -26.6094 4.27975 0
      vertex -26.1697 4.11095 0
    endloop
  endfacet
  facet normal -0.998624 -0.0524387 0
    outer loop
      vertex -23.5 0 0
      vertex -23.5247 0.470378 4
      vertex -23.5247 0.470378 0
    endloop
  endfacet
  facet normal -0.998624 -0.0524387 0
    outer loop
      vertex -23.5247 0.470378 4
      vertex -23.5 0 0
      vertex -23.5 0 4
    endloop
  endfacet
  facet normal -0.965932 -0.258797 0
    outer loop
      vertex -23.5983 0.935602 0
      vertex -23.7202 1.39058 4
      vertex -23.7202 1.39058 0
    endloop
  endfacet
  facet normal -0.965932 -0.258797 0
    outer loop
      vertex -23.7202 1.39058 4
      vertex -23.5983 0.935602 0
      vertex -23.5983 0.935602 4
    endloop
  endfacet
  facet normal -0.987716 0.15626 0
    outer loop
      vertex -23.5983 -0.935602 0
      vertex -23.5247 -0.470378 4
      vertex -23.5247 -0.470378 0
    endloop
  endfacet
  facet normal -0.987716 0.15626 0
    outer loop
      vertex -23.5247 -0.470378 4
      vertex -23.5983 -0.935602 0
      vertex -23.5983 -0.935602 4
    endloop
  endfacet
  facet normal 0.156454 -0.987685 0
    outer loop
      vertex -28.9356 4.40166 0
      vertex -28.4704 4.47535 4
      vertex -28.9356 4.40166 4
    endloop
  endfacet
  facet normal 0.156454 -0.987685 0
    outer loop
      vertex -28.4704 4.47535 4
      vertex -28.9356 4.40166 0
      vertex -28.4704 4.47535 0
    endloop
  endfacet
  facet normal 0.629279 -0.777179 0
    outer loop
      vertex -31.0111 3.34415 0
      vertex -30.645 3.64058 4
      vertex -31.0111 3.34415 4
    endloop
  endfacet
  facet normal 0.629279 -0.777179 0
    outer loop
      vertex -30.645 3.64058 4
      vertex -31.0111 3.34415 0
      vertex -30.645 3.64058 0
    endloop
  endfacet
  facet normal 0.54466 0.838657 -0
    outer loop
      vertex -30.25 -3.89711 0
      vertex -30.645 -3.64058 4
      vertex -30.25 -3.89711 4
    endloop
  endfacet
  facet normal 0.54466 0.838657 0
    outer loop
      vertex -30.645 -3.64058 4
      vertex -30.25 -3.89711 0
      vertex -30.645 -3.64058 0
    endloop
  endfacet
  facet normal -0.156454 0.987685 0
    outer loop
      vertex -27.0644 -4.40166 0
      vertex -27.5296 -4.47535 4
      vertex -27.0644 -4.40166 4
    endloop
  endfacet
  facet normal -0.156454 0.987685 0
    outer loop
      vertex -27.5296 -4.47535 4
      vertex -27.0644 -4.40166 0
      vertex -27.5296 -4.47535 0
    endloop
  endfacet
  facet normal -0.933578 -0.358374 0
    outer loop
      vertex -23.7202 1.39058 0
      vertex -23.889 1.83031 4
      vertex -23.889 1.83031 0
    endloop
  endfacet
  facet normal -0.933578 -0.358374 0
    outer loop
      vertex -23.889 1.83031 4
      vertex -23.7202 1.39058 0
      vertex -23.7202 1.39058 4
    endloop
  endfacet
  facet normal 0.0523304 0.99863 -0
    outer loop
      vertex -28 -4.5 0
      vertex -28.4704 -4.47535 4
      vertex -28 -4.5 4
    endloop
  endfacet
  facet normal 0.0523304 0.99863 0
    outer loop
      vertex -28.4704 -4.47535 4
      vertex -28 -4.5 0
      vertex -28.4704 -4.47535 0
    endloop
  endfacet
  facet normal -0.965932 0.258797 0
    outer loop
      vertex -23.7202 -1.39058 0
      vertex -23.5983 -0.935602 4
      vertex -23.5983 -0.935602 0
    endloop
  endfacet
  facet normal -0.965932 0.258797 0
    outer loop
      vertex -23.5983 -0.935602 4
      vertex -23.7202 -1.39058 0
      vertex -23.7202 -1.39058 4
    endloop
  endfacet
  facet normal -0.54466 0.838657 0
    outer loop
      vertex -25.355 -3.64058 0
      vertex -25.75 -3.89711 4
      vertex -25.355 -3.64058 4
    endloop
  endfacet
  facet normal -0.54466 0.838657 0
    outer loop
      vertex -25.75 -3.89711 4
      vertex -25.355 -3.64058 0
      vertex -25.75 -3.89711 0
    endloop
  endfacet
  facet normal -0.933578 0.358374 0
    outer loop
      vertex -23.889 -1.83031 0
      vertex -23.7202 -1.39058 4
      vertex -23.7202 -1.39058 0
    endloop
  endfacet
  facet normal -0.933578 0.358374 0
    outer loop
      vertex -23.7202 -1.39058 4
      vertex -23.889 -1.83031 0
      vertex -23.889 -1.83031 4
    endloop
  endfacet
  facet normal 0.987716 -0.15626 0
    outer loop
      vertex -32.4753 0.470378 4
      vertex -32.4017 0.935602 0
      vertex -32.4017 0.935602 4
    endloop
  endfacet
  facet normal 0.987716 -0.15626 0
    outer loop
      vertex -32.4017 0.935602 0
      vertex -32.4753 0.470378 4
      vertex -32.4753 0.470378 0
    endloop
  endfacet
  facet normal 0.358396 0.93357 -0
    outer loop
      vertex -29.3906 -4.27975 0
      vertex -29.8303 -4.11095 4
      vertex -29.3906 -4.27975 4
    endloop
  endfacet
  facet normal 0.358396 0.93357 0
    outer loop
      vertex -29.8303 -4.11095 4
      vertex -29.3906 -4.27975 0
      vertex -29.8303 -4.11095 0
    endloop
  endfacet
  facet normal 0.965932 0.258797 0
    outer loop
      vertex -32.2798 -1.39058 4
      vertex -32.4017 -0.935602 0
      vertex -32.4017 -0.935602 4
    endloop
  endfacet
  facet normal 0.965932 0.258797 0
    outer loop
      vertex -32.4017 -0.935602 0
      vertex -32.2798 -1.39058 4
      vertex -32.2798 -1.39058 0
    endloop
  endfacet
  facet normal -0.453977 -0.891013 0
    outer loop
      vertex -26.1697 4.11095 0
      vertex -25.75 3.89711 4
      vertex -26.1697 4.11095 4
    endloop
  endfacet
  facet normal -0.453977 -0.891013 -0
    outer loop
      vertex -25.75 3.89711 4
      vertex -26.1697 4.11095 0
      vertex -25.75 3.89711 0
    endloop
  endfacet
  facet normal 0.156454 0.987685 -0
    outer loop
      vertex -28.4704 -4.47535 0
      vertex -28.9356 -4.40166 4
      vertex -28.4704 -4.47535 4
    endloop
  endfacet
  facet normal 0.156454 0.987685 0
    outer loop
      vertex -28.9356 -4.40166 4
      vertex -28.4704 -4.47535 0
      vertex -28.9356 -4.40166 0
    endloop
  endfacet
  facet normal 0.453977 -0.891013 0
    outer loop
      vertex -30.25 3.89711 0
      vertex -29.8303 4.11095 4
      vertex -30.25 3.89711 4
    endloop
  endfacet
  facet normal 0.453977 -0.891013 0
    outer loop
      vertex -29.8303 4.11095 4
      vertex -30.25 3.89711 0
      vertex -29.8303 4.11095 0
    endloop
  endfacet
  facet normal 0.258805 -0.965929 0
    outer loop
      vertex -29.3906 4.27975 0
      vertex -28.9356 4.40166 4
      vertex -29.3906 4.27975 4
    endloop
  endfacet
  facet normal 0.258805 -0.965929 0
    outer loop
      vertex -28.9356 4.40166 4
      vertex -29.3906 4.27975 0
      vertex -28.9356 4.40166 0
    endloop
  endfacet
  facet normal -0.0523304 0.99863 0
    outer loop
      vertex -27.5296 -4.47535 0
      vertex -28 -4.5 4
      vertex -27.5296 -4.47535 4
    endloop
  endfacet
  facet normal -0.0523304 0.99863 0
    outer loop
      vertex -28 -4.5 4
      vertex -27.5296 -4.47535 0
      vertex -28 -4.5 0
    endloop
  endfacet
  facet normal -0.156454 -0.987685 0
    outer loop
      vertex -27.5296 4.47535 0
      vertex -27.0644 4.40166 4
      vertex -27.5296 4.47535 4
    endloop
  endfacet
  facet normal -0.156454 -0.987685 -0
    outer loop
      vertex -27.0644 4.40166 4
      vertex -27.5296 4.47535 0
      vertex -27.0644 4.40166 0
    endloop
  endfacet
  facet normal 0.998624 -0.0524387 0
    outer loop
      vertex -32.5 0 4
      vertex -32.4753 0.470378 0
      vertex -32.4753 0.470378 4
    endloop
  endfacet
  facet normal 0.998624 -0.0524387 0
    outer loop
      vertex -32.4753 0.470378 0
      vertex -32.5 0 4
      vertex -32.5 0 0
    endloop
  endfacet
  facet normal 0.890957 0.454087 0
    outer loop
      vertex -31.8971 -2.25 4
      vertex -32.111 -1.83031 0
      vertex -32.111 -1.83031 4
    endloop
  endfacet
  facet normal 0.890957 0.454087 0
    outer loop
      vertex -32.111 -1.83031 0
      vertex -31.8971 -2.25 4
      vertex -31.8971 -2.25 0
    endloop
  endfacet
  facet normal 0.998624 0.0524387 0
    outer loop
      vertex -32.4753 -0.470378 4
      vertex -32.5 0 0
      vertex -32.5 0 4
    endloop
  endfacet
  facet normal 0.998624 0.0524387 0
    outer loop
      vertex -32.5 0 0
      vertex -32.4753 -0.470378 4
      vertex -32.4753 -0.470378 0
    endloop
  endfacet
  facet normal -0.54466 -0.838657 0
    outer loop
      vertex -25.75 3.89711 0
      vertex -25.355 3.64058 4
      vertex -25.75 3.89711 4
    endloop
  endfacet
  facet normal -0.54466 -0.838657 -0
    outer loop
      vertex -25.355 3.64058 4
      vertex -25.75 3.89711 0
      vertex -25.355 3.64058 0
    endloop
  endfacet
  facet normal 0.933578 -0.358374 0
    outer loop
      vertex -32.2798 1.39058 4
      vertex -32.111 1.83031 0
      vertex -32.111 1.83031 4
    endloop
  endfacet
  facet normal 0.933578 -0.358374 0
    outer loop
      vertex -32.111 1.83031 0
      vertex -32.2798 1.39058 4
      vertex -32.2798 1.39058 0
    endloop
  endfacet
  facet normal -0.629279 0.777179 0
    outer loop
      vertex -24.9889 -3.34415 0
      vertex -25.355 -3.64058 4
      vertex -24.9889 -3.34415 4
    endloop
  endfacet
  facet normal -0.629279 0.777179 0
    outer loop
      vertex -25.355 -3.64058 4
      vertex -24.9889 -3.34415 0
      vertex -25.355 -3.64058 0
    endloop
  endfacet
  facet normal -0.838705 0.544586 0
    outer loop
      vertex -24.3594 -2.64503 0
      vertex -24.1029 -2.25 4
      vertex -24.1029 -2.25 0
    endloop
  endfacet
  facet normal -0.838705 0.544586 0
    outer loop
      vertex -24.1029 -2.25 4
      vertex -24.3594 -2.64503 0
      vertex -24.3594 -2.64503 4
    endloop
  endfacet
  facet normal -0.890957 0.454087 0
    outer loop
      vertex -24.1029 -2.25 0
      vertex -23.889 -1.83031 4
      vertex -23.889 -1.83031 0
    endloop
  endfacet
  facet normal -0.890957 0.454087 0
    outer loop
      vertex -23.889 -1.83031 4
      vertex -24.1029 -2.25 0
      vertex -24.1029 -2.25 4
    endloop
  endfacet
  facet normal -0.707064 -0.707149 0
    outer loop
      vertex -24.6558 3.01109 0
      vertex -24.9889 3.34415 4
      vertex -24.9889 3.34415 0
    endloop
  endfacet
  facet normal -0.707064 -0.707149 0
    outer loop
      vertex -24.9889 3.34415 4
      vertex -24.6558 3.01109 0
      vertex -24.6558 3.01109 4
    endloop
  endfacet
  facet normal -0.0523304 -0.99863 0
    outer loop
      vertex -28 4.5 0
      vertex -27.5296 4.47535 4
      vertex -28 4.5 4
    endloop
  endfacet
  facet normal -0.0523304 -0.99863 -0
    outer loop
      vertex -27.5296 4.47535 4
      vertex -28 4.5 0
      vertex -27.5296 4.47535 0
    endloop
  endfacet
  facet normal -0.838705 -0.544586 0
    outer loop
      vertex -24.1029 2.25 0
      vertex -24.3594 2.64503 4
      vertex -24.3594 2.64503 0
    endloop
  endfacet
  facet normal -0.838705 -0.544586 0
    outer loop
      vertex -24.3594 2.64503 4
      vertex -24.1029 2.25 0
      vertex -24.1029 2.25 4
    endloop
  endfacet
  facet normal 0.54466 -0.838657 0
    outer loop
      vertex -30.645 3.64058 0
      vertex -30.25 3.89711 4
      vertex -30.645 3.64058 4
    endloop
  endfacet
  facet normal 0.54466 -0.838657 0
    outer loop
      vertex -30.25 3.89711 4
      vertex -30.645 3.64058 0
      vertex -30.25 3.89711 0
    endloop
  endfacet
  facet normal 0.838705 0.544586 0
    outer loop
      vertex -31.6406 -2.64503 4
      vertex -31.8971 -2.25 0
      vertex -31.8971 -2.25 4
    endloop
  endfacet
  facet normal 0.838705 0.544586 0
    outer loop
      vertex -31.8971 -2.25 0
      vertex -31.6406 -2.64503 4
      vertex -31.6406 -2.64503 0
    endloop
  endfacet
  facet normal 0.933578 0.358374 0
    outer loop
      vertex -32.111 -1.83031 4
      vertex -32.2798 -1.39058 0
      vertex -32.2798 -1.39058 4
    endloop
  endfacet
  facet normal 0.933578 0.358374 0
    outer loop
      vertex -32.2798 -1.39058 0
      vertex -32.111 -1.83031 4
      vertex -32.111 -1.83031 0
    endloop
  endfacet
  facet normal 0.258805 0.965929 -0
    outer loop
      vertex -28.9356 -4.40166 0
      vertex -29.3906 -4.27975 4
      vertex -28.9356 -4.40166 4
    endloop
  endfacet
  facet normal 0.258805 0.965929 0
    outer loop
      vertex -29.3906 -4.27975 4
      vertex -28.9356 -4.40166 0
      vertex -29.3906 -4.27975 0
    endloop
  endfacet
  facet normal 0.965932 -0.258797 0
    outer loop
      vertex -32.4017 0.935602 4
      vertex -32.2798 1.39058 0
      vertex -32.2798 1.39058 4
    endloop
  endfacet
  facet normal 0.965932 -0.258797 0
    outer loop
      vertex -32.2798 1.39058 0
      vertex -32.4017 0.935602 4
      vertex -32.4017 0.935602 0
    endloop
  endfacet
  facet normal 0.358396 -0.93357 0
    outer loop
      vertex -29.8303 4.11095 0
      vertex -29.3906 4.27975 4
      vertex -29.8303 4.11095 4
    endloop
  endfacet
  facet normal 0.358396 -0.93357 0
    outer loop
      vertex -29.3906 4.27975 4
      vertex -29.8303 4.11095 0
      vertex -29.3906 4.27975 0
    endloop
  endfacet
  facet normal 0.987716 0.15626 0
    outer loop
      vertex -32.4017 -0.935602 4
      vertex -32.4753 -0.470378 0
      vertex -32.4753 -0.470378 4
    endloop
  endfacet
  facet normal 0.987716 0.15626 0
    outer loop
      vertex -32.4753 -0.470378 0
      vertex -32.4017 -0.935602 4
      vertex -32.4017 -0.935602 0
    endloop
  endfacet
  facet normal -0.258805 -0.965929 0
    outer loop
      vertex -27.0644 4.40166 0
      vertex -26.6094 4.27975 4
      vertex -27.0644 4.40166 4
    endloop
  endfacet
  facet normal -0.258805 -0.965929 -0
    outer loop
      vertex -26.6094 4.27975 4
      vertex -27.0644 4.40166 0
      vertex -26.6094 4.27975 0
    endloop
  endfacet
  facet normal -0.358396 0.93357 0
    outer loop
      vertex -26.1697 -4.11095 0
      vertex -26.6094 -4.27975 4
      vertex -26.1697 -4.11095 4
    endloop
  endfacet
  facet normal -0.358396 0.93357 0
    outer loop
      vertex -26.6094 -4.27975 4
      vertex -26.1697 -4.11095 0
      vertex -26.6094 -4.27975 0
    endloop
  endfacet
  facet normal -0.453977 0.891013 0
    outer loop
      vertex -25.75 -3.89711 0
      vertex -26.1697 -4.11095 4
      vertex -25.75 -3.89711 4
    endloop
  endfacet
  facet normal -0.453977 0.891013 0
    outer loop
      vertex -26.1697 -4.11095 4
      vertex -25.75 -3.89711 0
      vertex -26.1697 -4.11095 0
    endloop
  endfacet
  facet normal 0.707064 -0.707149 0
    outer loop
      vertex -31.3442 3.01109 4
      vertex -31.0111 3.34415 0
      vertex -31.0111 3.34415 4
    endloop
  endfacet
  facet normal 0.707064 -0.707149 0
    outer loop
      vertex -31.0111 3.34415 0
      vertex -31.3442 3.01109 4
      vertex -31.3442 3.01109 0
    endloop
  endfacet
  facet normal 0.890957 -0.454087 0
    outer loop
      vertex -32.111 1.83031 4
      vertex -31.8971 2.25 0
      vertex -31.8971 2.25 4
    endloop
  endfacet
  facet normal 0.890957 -0.454087 0
    outer loop
      vertex -31.8971 2.25 0
      vertex -32.111 1.83031 4
      vertex -32.111 1.83031 0
    endloop
  endfacet
  facet normal 0.838705 -0.544586 0
    outer loop
      vertex -31.8971 2.25 4
      vertex -31.6406 2.64503 0
      vertex -31.6406 2.64503 4
    endloop
  endfacet
  facet normal 0.838705 -0.544586 0
    outer loop
      vertex -31.6406 2.64503 0
      vertex -31.8971 2.25 4
      vertex -31.8971 2.25 0
    endloop
  endfacet
  facet normal -0.987716 -0.15626 0
    outer loop
      vertex 32.4753 0.470378 0
      vertex 32.4017 0.935602 4
      vertex 32.4017 0.935602 0
    endloop
  endfacet
  facet normal -0.987716 -0.15626 0
    outer loop
      vertex 32.4017 0.935602 4
      vertex 32.4753 0.470378 0
      vertex 32.4753 0.470378 4
    endloop
  endfacet
  facet normal -0.998624 -0.0524387 0
    outer loop
      vertex 32.5 0 0
      vertex 32.4753 0.470378 4
      vertex 32.4753 0.470378 0
    endloop
  endfacet
  facet normal -0.998624 -0.0524387 0
    outer loop
      vertex 32.4753 0.470378 4
      vertex 32.5 0 0
      vertex 32.5 0 4
    endloop
  endfacet
  facet normal 0.933578 -0.358374 0
    outer loop
      vertex 23.7202 1.39058 4
      vertex 23.889 1.83031 0
      vertex 23.889 1.83031 4
    endloop
  endfacet
  facet normal 0.933578 -0.358374 0
    outer loop
      vertex 23.889 1.83031 0
      vertex 23.7202 1.39058 4
      vertex 23.7202 1.39058 0
    endloop
  endfacet
  facet normal -0.453977 0.891013 0
    outer loop
      vertex 30.25 -3.89711 0
      vertex 29.8303 -4.11095 4
      vertex 30.25 -3.89711 4
    endloop
  endfacet
  facet normal -0.453977 0.891013 0
    outer loop
      vertex 29.8303 -4.11095 4
      vertex 30.25 -3.89711 0
      vertex 29.8303 -4.11095 0
    endloop
  endfacet
  facet normal -0.156454 0.987685 0
    outer loop
      vertex 28.9356 -4.40166 0
      vertex 28.4704 -4.47535 4
      vertex 28.9356 -4.40166 4
    endloop
  endfacet
  facet normal -0.156454 0.987685 0
    outer loop
      vertex 28.4704 -4.47535 4
      vertex 28.9356 -4.40166 0
      vertex 28.4704 -4.47535 0
    endloop
  endfacet
  facet normal 0.54466 -0.838657 0
    outer loop
      vertex 25.355 3.64058 0
      vertex 25.75 3.89711 4
      vertex 25.355 3.64058 4
    endloop
  endfacet
  facet normal 0.54466 -0.838657 0
    outer loop
      vertex 25.75 3.89711 4
      vertex 25.355 3.64058 0
      vertex 25.75 3.89711 0
    endloop
  endfacet
  facet normal -0.998624 0.0524387 0
    outer loop
      vertex 32.4753 -0.470378 0
      vertex 32.5 0 4
      vertex 32.5 0 0
    endloop
  endfacet
  facet normal -0.998624 0.0524387 0
    outer loop
      vertex 32.5 0 4
      vertex 32.4753 -0.470378 0
      vertex 32.4753 -0.470378 4
    endloop
  endfacet
  facet normal -0.629279 -0.777179 0
    outer loop
      vertex 30.645 3.64058 0
      vertex 31.0111 3.34415 4
      vertex 30.645 3.64058 4
    endloop
  endfacet
  facet normal -0.629279 -0.777179 -0
    outer loop
      vertex 31.0111 3.34415 4
      vertex 30.645 3.64058 0
      vertex 31.0111 3.34415 0
    endloop
  endfacet
  facet normal 0.629279 0.777179 -0
    outer loop
      vertex 25.355 -3.64058 0
      vertex 24.9889 -3.34415 4
      vertex 25.355 -3.64058 4
    endloop
  endfacet
  facet normal 0.629279 0.777179 0
    outer loop
      vertex 24.9889 -3.34415 4
      vertex 25.355 -3.64058 0
      vertex 24.9889 -3.34415 0
    endloop
  endfacet
  facet normal 0.838705 -0.544586 0
    outer loop
      vertex 24.1029 2.25 4
      vertex 24.3594 2.64503 0
      vertex 24.3594 2.64503 4
    endloop
  endfacet
  facet normal 0.838705 -0.544586 0
    outer loop
      vertex 24.3594 2.64503 0
      vertex 24.1029 2.25 4
      vertex 24.1029 2.25 0
    endloop
  endfacet
  facet normal -0.156454 -0.987685 0
    outer loop
      vertex 28.4704 4.47535 0
      vertex 28.9356 4.40166 4
      vertex 28.4704 4.47535 4
    endloop
  endfacet
  facet normal -0.156454 -0.987685 -0
    outer loop
      vertex 28.9356 4.40166 4
      vertex 28.4704 4.47535 0
      vertex 28.9356 4.40166 0
    endloop
  endfacet
  facet normal -0.0523304 -0.99863 0
    outer loop
      vertex 28 4.5 0
      vertex 28.4704 4.47535 4
      vertex 28 4.5 4
    endloop
  endfacet
  facet normal -0.0523304 -0.99863 -0
    outer loop
      vertex 28.4704 4.47535 4
      vertex 28 4.5 0
      vertex 28.4704 4.47535 0
    endloop
  endfacet
  facet normal -0.707064 0.707149 0
    outer loop
      vertex 31.0111 -3.34415 0
      vertex 31.3442 -3.01109 4
      vertex 31.3442 -3.01109 0
    endloop
  endfacet
  facet normal -0.707064 0.707149 0
    outer loop
      vertex 31.3442 -3.01109 4
      vertex 31.0111 -3.34415 0
      vertex 31.0111 -3.34415 4
    endloop
  endfacet
  facet normal 0.890957 -0.454087 0
    outer loop
      vertex 23.889 1.83031 4
      vertex 24.1029 2.25 0
      vertex 24.1029 2.25 4
    endloop
  endfacet
  facet normal 0.890957 -0.454087 0
    outer loop
      vertex 24.1029 2.25 0
      vertex 23.889 1.83031 4
      vertex 23.889 1.83031 0
    endloop
  endfacet
  facet normal -0.838705 -0.544586 0
    outer loop
      vertex 31.8971 2.25 0
      vertex 31.6406 2.64503 4
      vertex 31.6406 2.64503 0
    endloop
  endfacet
  facet normal -0.838705 -0.544586 0
    outer loop
      vertex 31.6406 2.64503 4
      vertex 31.8971 2.25 0
      vertex 31.8971 2.25 4
    endloop
  endfacet
  facet normal 0.0523304 -0.99863 0
    outer loop
      vertex 27.5296 4.47535 0
      vertex 28 4.5 4
      vertex 27.5296 4.47535 4
    endloop
  endfacet
  facet normal 0.0523304 -0.99863 0
    outer loop
      vertex 28 4.5 4
      vertex 27.5296 4.47535 0
      vertex 28 4.5 0
    endloop
  endfacet
  facet normal 0.358396 -0.93357 0
    outer loop
      vertex 26.1697 4.11095 0
      vertex 26.6094 4.27975 4
      vertex 26.1697 4.11095 4
    endloop
  endfacet
  facet normal 0.358396 -0.93357 0
    outer loop
      vertex 26.6094 4.27975 4
      vertex 26.1697 4.11095 0
      vertex 26.6094 4.27975 0
    endloop
  endfacet
  facet normal -0.777177 -0.629283 0
    outer loop
      vertex 31.6406 2.64503 0
      vertex 31.3442 3.01109 4
      vertex 31.3442 3.01109 0
    endloop
  endfacet
  facet normal -0.777177 -0.629283 0
    outer loop
      vertex 31.3442 3.01109 4
      vertex 31.6406 2.64503 0
      vertex 31.6406 2.64503 4
    endloop
  endfacet
  facet normal 0.707064 0.707149 0
    outer loop
      vertex 24.9889 -3.34415 4
      vertex 24.6558 -3.01109 0
      vertex 24.6558 -3.01109 4
    endloop
  endfacet
  facet normal 0.707064 0.707149 0
    outer loop
      vertex 24.6558 -3.01109 0
      vertex 24.9889 -3.34415 4
      vertex 24.9889 -3.34415 0
    endloop
  endfacet
  facet normal -0.358396 -0.93357 0
    outer loop
      vertex 29.3906 4.27975 0
      vertex 29.8303 4.11095 4
      vertex 29.3906 4.27975 4
    endloop
  endfacet
  facet normal -0.358396 -0.93357 -0
    outer loop
      vertex 29.8303 4.11095 4
      vertex 29.3906 4.27975 0
      vertex 29.8303 4.11095 0
    endloop
  endfacet
  facet normal -0.258805 -0.965929 0
    outer loop
      vertex 28.9356 4.40166 0
      vertex 29.3906 4.27975 4
      vertex 28.9356 4.40166 4
    endloop
  endfacet
  facet normal -0.258805 -0.965929 -0
    outer loop
      vertex 29.3906 4.27975 4
      vertex 28.9356 4.40166 0
      vertex 29.3906 4.27975 0
    endloop
  endfacet
  facet normal -0.358396 0.93357 0
    outer loop
      vertex 29.8303 -4.11095 0
      vertex 29.3906 -4.27975 4
      vertex 29.8303 -4.11095 4
    endloop
  endfacet
  facet normal -0.358396 0.93357 0
    outer loop
      vertex 29.3906 -4.27975 4
      vertex 29.8303 -4.11095 0
      vertex 29.3906 -4.27975 0
    endloop
  endfacet
  facet normal 0.629279 -0.777179 0
    outer loop
      vertex 24.9889 3.34415 0
      vertex 25.355 3.64058 4
      vertex 24.9889 3.34415 4
    endloop
  endfacet
  facet normal 0.629279 -0.777179 0
    outer loop
      vertex 25.355 3.64058 4
      vertex 24.9889 3.34415 0
      vertex 25.355 3.64058 0
    endloop
  endfacet
  facet normal 0.707064 -0.707149 0
    outer loop
      vertex 24.6558 3.01109 4
      vertex 24.9889 3.34415 0
      vertex 24.9889 3.34415 4
    endloop
  endfacet
  facet normal 0.707064 -0.707149 0
    outer loop
      vertex 24.9889 3.34415 0
      vertex 24.6558 3.01109 4
      vertex 24.6558 3.01109 0
    endloop
  endfacet
  facet normal 0.258805 -0.965929 0
    outer loop
      vertex 26.6094 4.27975 0
      vertex 27.0644 4.40166 4
      vertex 26.6094 4.27975 4
    endloop
  endfacet
  facet normal 0.258805 -0.965929 0
    outer loop
      vertex 27.0644 4.40166 4
      vertex 26.6094 4.27975 0
      vertex 27.0644 4.40166 0
    endloop
  endfacet
  facet normal -0.933578 -0.358374 0
    outer loop
      vertex 32.2798 1.39058 0
      vertex 32.111 1.83031 4
      vertex 32.111 1.83031 0
    endloop
  endfacet
  facet normal -0.933578 -0.358374 0
    outer loop
      vertex 32.111 1.83031 4
      vertex 32.2798 1.39058 0
      vertex 32.2798 1.39058 4
    endloop
  endfacet
  facet normal 0.453977 0.891013 -0
    outer loop
      vertex 26.1697 -4.11095 0
      vertex 25.75 -3.89711 4
      vertex 26.1697 -4.11095 4
    endloop
  endfacet
  facet normal 0.453977 0.891013 0
    outer loop
      vertex 25.75 -3.89711 4
      vertex 26.1697 -4.11095 0
      vertex 25.75 -3.89711 0
    endloop
  endfacet
  facet normal 0.54466 0.838657 -0
    outer loop
      vertex 25.75 -3.89711 0
      vertex 25.355 -3.64058 4
      vertex 25.75 -3.89711 4
    endloop
  endfacet
  facet normal 0.54466 0.838657 0
    outer loop
      vertex 25.355 -3.64058 4
      vertex 25.75 -3.89711 0
      vertex 25.355 -3.64058 0
    endloop
  endfacet
  facet normal -0.258805 0.965929 0
    outer loop
      vertex 29.3906 -4.27975 0
      vertex 28.9356 -4.40166 4
      vertex 29.3906 -4.27975 4
    endloop
  endfacet
  facet normal -0.258805 0.965929 0
    outer loop
      vertex 28.9356 -4.40166 4
      vertex 29.3906 -4.27975 0
      vertex 28.9356 -4.40166 0
    endloop
  endfacet
  facet normal -0.453977 -0.891013 0
    outer loop
      vertex 29.8303 4.11095 0
      vertex 30.25 3.89711 4
      vertex 29.8303 4.11095 4
    endloop
  endfacet
  facet normal -0.453977 -0.891013 -0
    outer loop
      vertex 30.25 3.89711 4
      vertex 29.8303 4.11095 0
      vertex 30.25 3.89711 0
    endloop
  endfacet
  facet normal 0.156454 -0.987685 0
    outer loop
      vertex 27.0644 4.40166 0
      vertex 27.5296 4.47535 4
      vertex 27.0644 4.40166 4
    endloop
  endfacet
  facet normal 0.156454 -0.987685 0
    outer loop
      vertex 27.5296 4.47535 4
      vertex 27.0644 4.40166 0
      vertex 27.5296 4.47535 0
    endloop
  endfacet
  facet normal 0.933578 0.358374 0
    outer loop
      vertex 23.889 -1.83031 4
      vertex 23.7202 -1.39058 0
      vertex 23.7202 -1.39058 4
    endloop
  endfacet
  facet normal 0.933578 0.358374 0
    outer loop
      vertex 23.7202 -1.39058 0
      vertex 23.889 -1.83031 4
      vertex 23.889 -1.83031 0
    endloop
  endfacet
  facet normal -0.890957 0.454087 0
    outer loop
      vertex 31.8971 -2.25 0
      vertex 32.111 -1.83031 4
      vertex 32.111 -1.83031 0
    endloop
  endfacet
  facet normal -0.890957 0.454087 0
    outer loop
      vertex 32.111 -1.83031 4
      vertex 31.8971 -2.25 0
      vertex 31.8971 -2.25 4
    endloop
  endfacet
  facet normal 0.998624 -0.0524387 0
    outer loop
      vertex 23.5 0 4
      vertex 23.5247 0.470378 0
      vertex 23.5247 0.470378 4
    endloop
  endfacet
  facet normal 0.998624 -0.0524387 0
    outer loop
      vertex 23.5247 0.470378 0
      vertex 23.5 0 4
      vertex 23.5 0 0
    endloop
  endfacet
  facet normal 0.156454 0.987685 -0
    outer loop
      vertex 27.5296 -4.47535 0
      vertex 27.0644 -4.40166 4
      vertex 27.5296 -4.47535 4
    endloop
  endfacet
  facet normal 0.156454 0.987685 0
    outer loop
      vertex 27.0644 -4.40166 4
      vertex 27.5296 -4.47535 0
      vertex 27.0644 -4.40166 0
    endloop
  endfacet
  facet normal -0.965932 0.258797 0
    outer loop
      vertex 32.2798 -1.39058 0
      vertex 32.4017 -0.935602 4
      vertex 32.4017 -0.935602 0
    endloop
  endfacet
  facet normal -0.965932 0.258797 0
    outer loop
      vertex 32.4017 -0.935602 4
      vertex 32.2798 -1.39058 0
      vertex 32.2798 -1.39058 4
    endloop
  endfacet
  facet normal 0.777177 -0.629283 0
    outer loop
      vertex 24.3594 2.64503 4
      vertex 24.6558 3.01109 0
      vertex 24.6558 3.01109 4
    endloop
  endfacet
  facet normal 0.777177 -0.629283 0
    outer loop
      vertex 24.6558 3.01109 0
      vertex 24.3594 2.64503 4
      vertex 24.3594 2.64503 0
    endloop
  endfacet
  facet normal -0.54466 -0.838657 0
    outer loop
      vertex 30.25 3.89711 0
      vertex 30.645 3.64058 4
      vertex 30.25 3.89711 4
    endloop
  endfacet
  facet normal -0.54466 -0.838657 -0
    outer loop
      vertex 30.645 3.64058 4
      vertex 30.25 3.89711 0
      vertex 30.645 3.64058 0
    endloop
  endfacet
  facet normal -0.987716 0.15626 0
    outer loop
      vertex 32.4017 -0.935602 0
      vertex 32.4753 -0.470378 4
      vertex 32.4753 -0.470378 0
    endloop
  endfacet
  facet normal -0.987716 0.15626 0
    outer loop
      vertex 32.4753 -0.470378 4
      vertex 32.4017 -0.935602 0
      vertex 32.4017 -0.935602 4
    endloop
  endfacet
  facet normal 0.890957 0.454087 0
    outer loop
      vertex 24.1029 -2.25 4
      vertex 23.889 -1.83031 0
      vertex 23.889 -1.83031 4
    endloop
  endfacet
  facet normal 0.890957 0.454087 0
    outer loop
      vertex 23.889 -1.83031 0
      vertex 24.1029 -2.25 4
      vertex 24.1029 -2.25 0
    endloop
  endfacet
  facet normal 0.987716 0.15626 0
    outer loop
      vertex 23.5983 -0.935602 4
      vertex 23.5247 -0.470378 0
      vertex 23.5247 -0.470378 4
    endloop
  endfacet
  facet normal 0.987716 0.15626 0
    outer loop
      vertex 23.5247 -0.470378 0
      vertex 23.5983 -0.935602 4
      vertex 23.5983 -0.935602 0
    endloop
  endfacet
  facet normal -0.890957 -0.454087 0
    outer loop
      vertex 32.111 1.83031 0
      vertex 31.8971 2.25 4
      vertex 31.8971 2.25 0
    endloop
  endfacet
  facet normal -0.890957 -0.454087 0
    outer loop
      vertex 31.8971 2.25 4
      vertex 32.111 1.83031 0
      vertex 32.111 1.83031 4
    endloop
  endfacet
  facet normal 0.453977 -0.891013 0
    outer loop
      vertex 25.75 3.89711 0
      vertex 26.1697 4.11095 4
      vertex 25.75 3.89711 4
    endloop
  endfacet
  facet normal 0.453977 -0.891013 0
    outer loop
      vertex 26.1697 4.11095 4
      vertex 25.75 3.89711 0
      vertex 26.1697 4.11095 0
    endloop
  endfacet
  facet normal -0.965932 -0.258797 0
    outer loop
      vertex 32.4017 0.935602 0
      vertex 32.2798 1.39058 4
      vertex 32.2798 1.39058 0
    endloop
  endfacet
  facet normal -0.965932 -0.258797 0
    outer loop
      vertex 32.2798 1.39058 4
      vertex 32.4017 0.935602 0
      vertex 32.4017 0.935602 4
    endloop
  endfacet
  facet normal -0.777177 0.629283 0
    outer loop
      vertex 31.3442 -3.01109 0
      vertex 31.6406 -2.64503 4
      vertex 31.6406 -2.64503 0
    endloop
  endfacet
  facet normal -0.777177 0.629283 0
    outer loop
      vertex 31.6406 -2.64503 4
      vertex 31.3442 -3.01109 0
      vertex 31.3442 -3.01109 4
    endloop
  endfacet
  facet normal 0.838705 0.544586 0
    outer loop
      vertex 24.3594 -2.64503 4
      vertex 24.1029 -2.25 0
      vertex 24.1029 -2.25 4
    endloop
  endfacet
  facet normal 0.838705 0.544586 0
    outer loop
      vertex 24.1029 -2.25 0
      vertex 24.3594 -2.64503 4
      vertex 24.3594 -2.64503 0
    endloop
  endfacet
  facet normal -0.0523304 0.99863 0
    outer loop
      vertex 28.4704 -4.47535 0
      vertex 28 -4.5 4
      vertex 28.4704 -4.47535 4
    endloop
  endfacet
  facet normal -0.0523304 0.99863 0
    outer loop
      vertex 28 -4.5 4
      vertex 28.4704 -4.47535 0
      vertex 28 -4.5 0
    endloop
  endfacet
  facet normal -0.838705 0.544586 0
    outer loop
      vertex 31.6406 -2.64503 0
      vertex 31.8971 -2.25 4
      vertex 31.8971 -2.25 0
    endloop
  endfacet
  facet normal -0.838705 0.544586 0
    outer loop
      vertex 31.8971 -2.25 4
      vertex 31.6406 -2.64503 0
      vertex 31.6406 -2.64503 4
    endloop
  endfacet
  facet normal -0.707064 -0.707149 0
    outer loop
      vertex 31.3442 3.01109 0
      vertex 31.0111 3.34415 4
      vertex 31.0111 3.34415 0
    endloop
  endfacet
  facet normal -0.707064 -0.707149 0
    outer loop
      vertex 31.0111 3.34415 4
      vertex 31.3442 3.01109 0
      vertex 31.3442 3.01109 4
    endloop
  endfacet
  facet normal 0.965932 0.258797 0
    outer loop
      vertex 23.7202 -1.39058 4
      vertex 23.5983 -0.935602 0
      vertex 23.5983 -0.935602 4
    endloop
  endfacet
  facet normal 0.965932 0.258797 0
    outer loop
      vertex 23.5983 -0.935602 0
      vertex 23.7202 -1.39058 4
      vertex 23.7202 -1.39058 0
    endloop
  endfacet
  facet normal 0.358396 0.93357 -0
    outer loop
      vertex 26.6094 -4.27975 0
      vertex 26.1697 -4.11095 4
      vertex 26.6094 -4.27975 4
    endloop
  endfacet
  facet normal 0.358396 0.93357 0
    outer loop
      vertex 26.1697 -4.11095 4
      vertex 26.6094 -4.27975 0
      vertex 26.1697 -4.11095 0
    endloop
  endfacet
  facet normal 0.777177 0.629283 0
    outer loop
      vertex 24.6558 -3.01109 4
      vertex 24.3594 -2.64503 0
      vertex 24.3594 -2.64503 4
    endloop
  endfacet
  facet normal 0.777177 0.629283 0
    outer loop
      vertex 24.3594 -2.64503 0
      vertex 24.6558 -3.01109 4
      vertex 24.6558 -3.01109 0
    endloop
  endfacet
  facet normal 0.965932 -0.258797 0
    outer loop
      vertex 23.5983 0.935602 4
      vertex 23.7202 1.39058 0
      vertex 23.7202 1.39058 4
    endloop
  endfacet
  facet normal 0.965932 -0.258797 0
    outer loop
      vertex 23.7202 1.39058 0
      vertex 23.5983 0.935602 4
      vertex 23.5983 0.935602 0
    endloop
  endfacet
  facet normal 0.987716 -0.15626 0
    outer loop
      vertex 23.5247 0.470378 4
      vertex 23.5983 0.935602 0
      vertex 23.5983 0.935602 4
    endloop
  endfacet
  facet normal 0.987716 -0.15626 0
    outer loop
      vertex 23.5983 0.935602 0
      vertex 23.5247 0.470378 4
      vertex 23.5247 0.470378 0
    endloop
  endfacet
  facet normal -0.933578 0.358374 0
    outer loop
      vertex 32.111 -1.83031 0
      vertex 32.2798 -1.39058 4
      vertex 32.2798 -1.39058 0
    endloop
  endfacet
  facet normal -0.933578 0.358374 0
    outer loop
      vertex 32.2798 -1.39058 4
      vertex 32.111 -1.83031 0
      vertex 32.111 -1.83031 4
    endloop
  endfacet
  facet normal 0.0523304 0.99863 -0
    outer loop
      vertex 28 -4.5 0
      vertex 27.5296 -4.47535 4
      vertex 28 -4.5 4
    endloop
  endfacet
  facet normal 0.0523304 0.99863 0
    outer loop
      vertex 27.5296 -4.47535 4
      vertex 28 -4.5 0
      vertex 27.5296 -4.47535 0
    endloop
  endfacet
  facet normal 0.258805 0.965929 -0
    outer loop
      vertex 27.0644 -4.40166 0
      vertex 26.6094 -4.27975 4
      vertex 27.0644 -4.40166 4
    endloop
  endfacet
  facet normal 0.258805 0.965929 0
    outer loop
      vertex 26.6094 -4.27975 4
      vertex 27.0644 -4.40166 0
      vertex 26.6094 -4.27975 0
    endloop
  endfacet
  facet normal 0.998624 0.0524387 0
    outer loop
      vertex 23.5247 -0.470378 4
      vertex 23.5 0 0
      vertex 23.5 0 4
    endloop
  endfacet
  facet normal 0.998624 0.0524387 0
    outer loop
      vertex 23.5 0 0
      vertex 23.5247 -0.470378 4
      vertex 23.5247 -0.470378 0
    endloop
  endfacet
  facet normal -0.629279 0.777179 0
    outer loop
      vertex 31.0111 -3.34415 0
      vertex 30.645 -3.64058 4
      vertex 31.0111 -3.34415 4
    endloop
  endfacet
  facet normal -0.629279 0.777179 0
    outer loop
      vertex 30.645 -3.64058 4
      vertex 31.0111 -3.34415 0
      vertex 30.645 -3.64058 0
    endloop
  endfacet
  facet normal -0.54466 0.838657 0
    outer loop
      vertex 30.645 -3.64058 0
      vertex 30.25 -3.89711 4
      vertex 30.645 -3.64058 4
    endloop
  endfacet
  facet normal -0.54466 0.838657 0
    outer loop
      vertex 30.25 -3.89711 4
      vertex 30.645 -3.64058 0
      vertex 30.25 -3.89711 0
    endloop
  endfacet
  facet normal -0.15626 0.987716 0
    outer loop
      vertex 0.935602 25.5983 0
      vertex 0.470378 25.5247 4
      vertex 0.935602 25.5983 4
    endloop
  endfacet
  facet normal -0.15626 0.987716 0
    outer loop
      vertex 0.470378 25.5247 4
      vertex 0.935602 25.5983 0
      vertex 0.470378 25.5247 0
    endloop
  endfacet
  facet normal -0.987685 -0.156454 0
    outer loop
      vertex 4.47535 30.4704 0
      vertex 4.40166 30.9356 4
      vertex 4.40166 30.9356 0
    endloop
  endfacet
  facet normal -0.987685 -0.156454 0
    outer loop
      vertex 4.40166 30.9356 4
      vertex 4.47535 30.4704 0
      vertex 4.47535 30.4704 4
    endloop
  endfacet
  facet normal -0.99863 -0.0523304 0
    outer loop
      vertex 4.5 30 0
      vertex 4.47535 30.4704 4
      vertex 4.47535 30.4704 0
    endloop
  endfacet
  facet normal -0.99863 -0.0523304 0
    outer loop
      vertex 4.47535 30.4704 4
      vertex 4.5 30 0
      vertex 4.5 30 4
    endloop
  endfacet
  facet normal 0.258797 0.965932 -0
    outer loop
      vertex -0.935602 25.5983 0
      vertex -1.39058 25.7202 4
      vertex -0.935602 25.5983 4
    endloop
  endfacet
  facet normal 0.258797 0.965932 0
    outer loop
      vertex -1.39058 25.7202 4
      vertex -0.935602 25.5983 0
      vertex -1.39058 25.7202 0
    endloop
  endfacet
  facet normal 0.629283 -0.777177 0
    outer loop
      vertex -3.01109 33.3442 0
      vertex -2.64503 33.6406 4
      vertex -3.01109 33.3442 4
    endloop
  endfacet
  facet normal 0.629283 -0.777177 0
    outer loop
      vertex -2.64503 33.6406 4
      vertex -3.01109 33.3442 0
      vertex -2.64503 33.6406 0
    endloop
  endfacet
  facet normal -0.544586 0.838705 0
    outer loop
      vertex 2.64503 26.3594 0
      vertex 2.25 26.1029 4
      vertex 2.64503 26.3594 4
    endloop
  endfacet
  facet normal -0.544586 0.838705 0
    outer loop
      vertex 2.25 26.1029 4
      vertex 2.64503 26.3594 0
      vertex 2.25 26.1029 0
    endloop
  endfacet
  facet normal 0.93357 0.358396 0
    outer loop
      vertex -4.11095 28.1697 4
      vertex -4.27975 28.6094 0
      vertex -4.27975 28.6094 4
    endloop
  endfacet
  facet normal 0.93357 0.358396 0
    outer loop
      vertex -4.27975 28.6094 0
      vertex -4.11095 28.1697 4
      vertex -4.11095 28.1697 0
    endloop
  endfacet
  facet normal -0.777179 -0.629279 0
    outer loop
      vertex 3.64058 32.645 0
      vertex 3.34415 33.0111 4
      vertex 3.34415 33.0111 0
    endloop
  endfacet
  facet normal -0.777179 -0.629279 0
    outer loop
      vertex 3.34415 33.0111 4
      vertex 3.64058 32.645 0
      vertex 3.64058 32.645 4
    endloop
  endfacet
  facet normal 0.707149 -0.707064 0
    outer loop
      vertex -3.34415 33.0111 4
      vertex -3.01109 33.3442 0
      vertex -3.01109 33.3442 4
    endloop
  endfacet
  facet normal 0.707149 -0.707064 0
    outer loop
      vertex -3.01109 33.3442 0
      vertex -3.34415 33.0111 4
      vertex -3.34415 33.0111 0
    endloop
  endfacet
  facet normal -0.0524387 -0.998624 0
    outer loop
      vertex 0 34.5 0
      vertex 0.470378 34.4753 4
      vertex 0 34.5 4
    endloop
  endfacet
  facet normal -0.0524387 -0.998624 -0
    outer loop
      vertex 0.470378 34.4753 4
      vertex 0 34.5 0
      vertex 0.470378 34.4753 0
    endloop
  endfacet
  facet normal -0.838657 0.54466 0
    outer loop
      vertex 3.64058 27.355 0
      vertex 3.89711 27.75 4
      vertex 3.89711 27.75 0
    endloop
  endfacet
  facet normal -0.838657 0.54466 0
    outer loop
      vertex 3.89711 27.75 4
      vertex 3.64058 27.355 0
      vertex 3.64058 27.355 4
    endloop
  endfacet
  facet normal 0.99863 0.0523304 0
    outer loop
      vertex -4.47535 29.5296 4
      vertex -4.5 30 0
      vertex -4.5 30 4
    endloop
  endfacet
  facet normal 0.99863 0.0523304 0
    outer loop
      vertex -4.5 30 0
      vertex -4.47535 29.5296 4
      vertex -4.47535 29.5296 0
    endloop
  endfacet
  facet normal -0.93357 0.358396 0
    outer loop
      vertex 4.11095 28.1697 0
      vertex 4.27975 28.6094 4
      vertex 4.27975 28.6094 0
    endloop
  endfacet
  facet normal -0.93357 0.358396 0
    outer loop
      vertex 4.27975 28.6094 4
      vertex 4.11095 28.1697 0
      vertex 4.11095 28.1697 4
    endloop
  endfacet
  facet normal -0.258797 0.965932 0
    outer loop
      vertex 1.39058 25.7202 0
      vertex 0.935602 25.5983 4
      vertex 1.39058 25.7202 4
    endloop
  endfacet
  facet normal -0.258797 0.965932 0
    outer loop
      vertex 0.935602 25.5983 4
      vertex 1.39058 25.7202 0
      vertex 0.935602 25.5983 0
    endloop
  endfacet
  facet normal -0.358374 -0.933578 0
    outer loop
      vertex 1.39058 34.2798 0
      vertex 1.83031 34.111 4
      vertex 1.39058 34.2798 4
    endloop
  endfacet
  facet normal -0.358374 -0.933578 -0
    outer loop
      vertex 1.83031 34.111 4
      vertex 1.39058 34.2798 0
      vertex 1.83031 34.111 0
    endloop
  endfacet
  facet normal -0.629283 -0.777177 0
    outer loop
      vertex 2.64503 33.6406 0
      vertex 3.01109 33.3442 4
      vertex 2.64503 33.6406 4
    endloop
  endfacet
  facet normal -0.629283 -0.777177 -0
    outer loop
      vertex 3.01109 33.3442 4
      vertex 2.64503 33.6406 0
      vertex 3.01109 33.3442 0
    endloop
  endfacet
  facet normal 0.707149 0.707064 -0
    outer loop
      vertex -3.01109 26.6558 0
      vertex -3.34415 26.9889 4
      vertex -3.01109 26.6558 4
    endloop
  endfacet
  facet normal 0.707149 0.707064 0
    outer loop
      vertex -3.34415 26.9889 4
      vertex -3.01109 26.6558 0
      vertex -3.34415 26.9889 0
    endloop
  endfacet
  facet normal -0.258797 -0.965932 0
    outer loop
      vertex 0.935602 34.4017 0
      vertex 1.39058 34.2798 4
      vertex 0.935602 34.4017 4
    endloop
  endfacet
  facet normal -0.258797 -0.965932 -0
    outer loop
      vertex 1.39058 34.2798 4
      vertex 0.935602 34.4017 0
      vertex 1.39058 34.2798 0
    endloop
  endfacet
  facet normal 0.777179 -0.629279 0
    outer loop
      vertex -3.64058 32.645 4
      vertex -3.34415 33.0111 0
      vertex -3.34415 33.0111 4
    endloop
  endfacet
  facet normal 0.777179 -0.629279 0
    outer loop
      vertex -3.34415 33.0111 0
      vertex -3.64058 32.645 4
      vertex -3.64058 32.645 0
    endloop
  endfacet
  facet normal -0.965929 0.258805 0
    outer loop
      vertex 4.27975 28.6094 0
      vertex 4.40166 29.0644 4
      vertex 4.40166 29.0644 0
    endloop
  endfacet
  facet normal -0.965929 0.258805 0
    outer loop
      vertex 4.40166 29.0644 4
      vertex 4.27975 28.6094 0
      vertex 4.27975 28.6094 4
    endloop
  endfacet
  facet normal 0.454087 -0.890957 0
    outer loop
      vertex -2.25 33.8971 0
      vertex -1.83031 34.111 4
      vertex -2.25 33.8971 4
    endloop
  endfacet
  facet normal 0.454087 -0.890957 0
    outer loop
      vertex -1.83031 34.111 4
      vertex -2.25 33.8971 0
      vertex -1.83031 34.111 0
    endloop
  endfacet
  facet normal -0.454087 -0.890957 0
    outer loop
      vertex 1.83031 34.111 0
      vertex 2.25 33.8971 4
      vertex 1.83031 34.111 4
    endloop
  endfacet
  facet normal -0.454087 -0.890957 -0
    outer loop
      vertex 2.25 33.8971 4
      vertex 1.83031 34.111 0
      vertex 2.25 33.8971 0
    endloop
  endfacet
  facet normal -0.777179 0.629279 0
    outer loop
      vertex 3.34415 26.9889 0
      vertex 3.64058 27.355 4
      vertex 3.64058 27.355 0
    endloop
  endfacet
  facet normal -0.777179 0.629279 0
    outer loop
      vertex 3.64058 27.355 4
      vertex 3.34415 26.9889 0
      vertex 3.34415 26.9889 4
    endloop
  endfacet
  facet normal -0.838657 -0.54466 0
    outer loop
      vertex 3.89711 32.25 0
      vertex 3.64058 32.645 4
      vertex 3.64058 32.645 0
    endloop
  endfacet
  facet normal -0.838657 -0.54466 0
    outer loop
      vertex 3.64058 32.645 4
      vertex 3.89711 32.25 0
      vertex 3.89711 32.25 4
    endloop
  endfacet
  facet normal 0.965929 0.258805 0
    outer loop
      vertex -4.27975 28.6094 4
      vertex -4.40166 29.0644 0
      vertex -4.40166 29.0644 4
    endloop
  endfacet
  facet normal 0.965929 0.258805 0
    outer loop
      vertex -4.40166 29.0644 0
      vertex -4.27975 28.6094 4
      vertex -4.27975 28.6094 0
    endloop
  endfacet
  facet normal 0.258797 -0.965932 0
    outer loop
      vertex -1.39058 34.2798 0
      vertex -0.935602 34.4017 4
      vertex -1.39058 34.2798 4
    endloop
  endfacet
  facet normal 0.258797 -0.965932 0
    outer loop
      vertex -0.935602 34.4017 4
      vertex -1.39058 34.2798 0
      vertex -0.935602 34.4017 0
    endloop
  endfacet
  facet normal -0.93357 -0.358396 0
    outer loop
      vertex 4.27975 31.3906 0
      vertex 4.11095 31.8303 4
      vertex 4.11095 31.8303 0
    endloop
  endfacet
  facet normal -0.93357 -0.358396 0
    outer loop
      vertex 4.11095 31.8303 4
      vertex 4.27975 31.3906 0
      vertex 4.27975 31.3906 4
    endloop
  endfacet
  facet normal 0.358374 -0.933578 0
    outer loop
      vertex -1.83031 34.111 0
      vertex -1.39058 34.2798 4
      vertex -1.83031 34.111 4
    endloop
  endfacet
  facet normal 0.358374 -0.933578 0
    outer loop
      vertex -1.39058 34.2798 4
      vertex -1.83031 34.111 0
      vertex -1.39058 34.2798 0
    endloop
  endfacet
  facet normal 0.965929 -0.258805 0
    outer loop
      vertex -4.40166 30.9356 4
      vertex -4.27975 31.3906 0
      vertex -4.27975 31.3906 4
    endloop
  endfacet
  facet normal 0.965929 -0.258805 0
    outer loop
      vertex -4.27975 31.3906 0
      vertex -4.40166 30.9356 4
      vertex -4.40166 30.9356 0
    endloop
  endfacet
  facet normal -0.15626 -0.987716 0
    outer loop
      vertex 0.470378 34.4753 0
      vertex 0.935602 34.4017 4
      vertex 0.470378 34.4753 4
    endloop
  endfacet
  facet normal -0.15626 -0.987716 -0
    outer loop
      vertex 0.935602 34.4017 4
      vertex 0.470378 34.4753 0
      vertex 0.935602 34.4017 0
    endloop
  endfacet
  facet normal -0.891013 0.453977 0
    outer loop
      vertex 3.89711 27.75 0
      vertex 4.11095 28.1697 4
      vertex 4.11095 28.1697 0
    endloop
  endfacet
  facet normal -0.891013 0.453977 0
    outer loop
      vertex 4.11095 28.1697 4
      vertex 3.89711 27.75 0
      vertex 3.89711 27.75 4
    endloop
  endfacet
  facet normal 0.15626 -0.987716 0
    outer loop
      vertex -0.935602 34.4017 0
      vertex -0.470378 34.4753 4
      vertex -0.935602 34.4017 4
    endloop
  endfacet
  facet normal 0.15626 -0.987716 0
    outer loop
      vertex -0.470378 34.4753 4
      vertex -0.935602 34.4017 0
      vertex -0.470378 34.4753 0
    endloop
  endfacet
  facet normal -0.891013 -0.453977 0
    outer loop
      vertex 4.11095 31.8303 0
      vertex 3.89711 32.25 4
      vertex 3.89711 32.25 0
    endloop
  endfacet
  facet normal -0.891013 -0.453977 0
    outer loop
      vertex 3.89711 32.25 4
      vertex 4.11095 31.8303 0
      vertex 4.11095 31.8303 4
    endloop
  endfacet
  facet normal -0.544586 -0.838705 0
    outer loop
      vertex 2.25 33.8971 0
      vertex 2.64503 33.6406 4
      vertex 2.25 33.8971 4
    endloop
  endfacet
  facet normal -0.544586 -0.838705 -0
    outer loop
      vertex 2.64503 33.6406 4
      vertex 2.25 33.8971 0
      vertex 2.64503 33.6406 0
    endloop
  endfacet
  facet normal 0.0524387 -0.998624 0
    outer loop
      vertex -0.470378 34.4753 0
      vertex 0 34.5 4
      vertex -0.470378 34.4753 4
    endloop
  endfacet
  facet normal 0.0524387 -0.998624 0
    outer loop
      vertex 0 34.5 4
      vertex -0.470378 34.4753 0
      vertex 0 34.5 0
    endloop
  endfacet
  facet normal 0.891013 0.453977 0
    outer loop
      vertex -3.89711 27.75 4
      vertex -4.11095 28.1697 0
      vertex -4.11095 28.1697 4
    endloop
  endfacet
  facet normal 0.891013 0.453977 0
    outer loop
      vertex -4.11095 28.1697 0
      vertex -3.89711 27.75 4
      vertex -3.89711 27.75 0
    endloop
  endfacet
  facet normal -0.358374 0.933578 0
    outer loop
      vertex 1.83031 25.889 0
      vertex 1.39058 25.7202 4
      vertex 1.83031 25.889 4
    endloop
  endfacet
  facet normal -0.358374 0.933578 0
    outer loop
      vertex 1.39058 25.7202 4
      vertex 1.83031 25.889 0
      vertex 1.39058 25.7202 0
    endloop
  endfacet
  facet normal -0.987685 0.156454 0
    outer loop
      vertex 4.40166 29.0644 0
      vertex 4.47535 29.5296 4
      vertex 4.47535 29.5296 0
    endloop
  endfacet
  facet normal -0.987685 0.156454 0
    outer loop
      vertex 4.47535 29.5296 4
      vertex 4.40166 29.0644 0
      vertex 4.40166 29.0644 4
    endloop
  endfacet
  facet normal -0.99863 0.0523304 0
    outer loop
      vertex 4.47535 29.5296 0
      vertex 4.5 30 4
      vertex 4.5 30 0
    endloop
  endfacet
  facet normal -0.99863 0.0523304 0
    outer loop
      vertex 4.5 30 4
      vertex 4.47535 29.5296 0
      vertex 4.47535 29.5296 4
    endloop
  endfacet
  facet normal 0.987685 0.156454 0
    outer loop
      vertex -4.40166 29.0644 4
      vertex -4.47535 29.5296 0
      vertex -4.47535 29.5296 4
    endloop
  endfacet
  facet normal 0.987685 0.156454 0
    outer loop
      vertex -4.47535 29.5296 0
      vertex -4.40166 29.0644 4
      vertex -4.40166 29.0644 0
    endloop
  endfacet
  facet normal -0.0524387 0.998624 0
    outer loop
      vertex 0.470378 25.5247 0
      vertex 0 25.5 4
      vertex 0.470378 25.5247 4
    endloop
  endfacet
  facet normal -0.0524387 0.998624 0
    outer loop
      vertex 0 25.5 4
      vertex 0.470378 25.5247 0
      vertex 0 25.5 0
    endloop
  endfacet
  facet normal 0.838657 -0.54466 0
    outer loop
      vertex -3.89711 32.25 4
      vertex -3.64058 32.645 0
      vertex -3.64058 32.645 4
    endloop
  endfacet
  facet normal 0.838657 -0.54466 0
    outer loop
      vertex -3.64058 32.645 0
      vertex -3.89711 32.25 4
      vertex -3.89711 32.25 0
    endloop
  endfacet
  facet normal 0.544586 -0.838705 0
    outer loop
      vertex -2.64503 33.6406 0
      vertex -2.25 33.8971 4
      vertex -2.64503 33.6406 4
    endloop
  endfacet
  facet normal 0.544586 -0.838705 0
    outer loop
      vertex -2.25 33.8971 4
      vertex -2.64503 33.6406 0
      vertex -2.25 33.8971 0
    endloop
  endfacet
  facet normal -0.965929 -0.258805 0
    outer loop
      vertex 4.40166 30.9356 0
      vertex 4.27975 31.3906 4
      vertex 4.27975 31.3906 0
    endloop
  endfacet
  facet normal -0.965929 -0.258805 0
    outer loop
      vertex 4.27975 31.3906 4
      vertex 4.40166 30.9356 0
      vertex 4.40166 30.9356 4
    endloop
  endfacet
  facet normal 0.0524387 0.998624 -0
    outer loop
      vertex 0 25.5 0
      vertex -0.470378 25.5247 4
      vertex 0 25.5 4
    endloop
  endfacet
  facet normal 0.0524387 0.998624 0
    outer loop
      vertex -0.470378 25.5247 4
      vertex 0 25.5 0
      vertex -0.470378 25.5247 0
    endloop
  endfacet
  facet normal -0.707149 -0.707064 0
    outer loop
      vertex 3.34415 33.0111 0
      vertex 3.01109 33.3442 4
      vertex 3.01109 33.3442 0
    endloop
  endfacet
  facet normal -0.707149 -0.707064 0
    outer loop
      vertex 3.01109 33.3442 4
      vertex 3.34415 33.0111 0
      vertex 3.34415 33.0111 4
    endloop
  endfacet
  facet normal 0.358374 0.933578 -0
    outer loop
      vertex -1.39058 25.7202 0
      vertex -1.83031 25.889 4
      vertex -1.39058 25.7202 4
    endloop
  endfacet
  facet normal 0.358374 0.933578 0
    outer loop
      vertex -1.83031 25.889 4
      vertex -1.39058 25.7202 0
      vertex -1.83031 25.889 0
    endloop
  endfacet
  facet normal -0.707149 0.707064 0
    outer loop
      vertex 3.34415 26.9889 0
      vertex 3.01109 26.6558 4
      vertex 3.34415 26.9889 4
    endloop
  endfacet
  facet normal -0.707149 0.707064 0
    outer loop
      vertex 3.01109 26.6558 4
      vertex 3.34415 26.9889 0
      vertex 3.01109 26.6558 0
    endloop
  endfacet
  facet normal 0.987685 -0.156454 0
    outer loop
      vertex -4.47535 30.4704 4
      vertex -4.40166 30.9356 0
      vertex -4.40166 30.9356 4
    endloop
  endfacet
  facet normal 0.987685 -0.156454 0
    outer loop
      vertex -4.40166 30.9356 0
      vertex -4.47535 30.4704 4
      vertex -4.47535 30.4704 0
    endloop
  endfacet
  facet normal 0.454087 0.890957 -0
    outer loop
      vertex -1.83031 25.889 0
      vertex -2.25 26.1029 4
      vertex -1.83031 25.889 4
    endloop
  endfacet
  facet normal 0.454087 0.890957 0
    outer loop
      vertex -2.25 26.1029 4
      vertex -1.83031 25.889 0
      vertex -2.25 26.1029 0
    endloop
  endfacet
  facet normal 0.777179 0.629279 0
    outer loop
      vertex -3.34415 26.9889 4
      vertex -3.64058 27.355 0
      vertex -3.64058 27.355 4
    endloop
  endfacet
  facet normal 0.777179 0.629279 0
    outer loop
      vertex -3.64058 27.355 0
      vertex -3.34415 26.9889 4
      vertex -3.34415 26.9889 0
    endloop
  endfacet
  facet normal 0.629283 0.777177 -0
    outer loop
      vertex -2.64503 26.3594 0
      vertex -3.01109 26.6558 4
      vertex -2.64503 26.3594 4
    endloop
  endfacet
  facet normal 0.629283 0.777177 0
    outer loop
      vertex -3.01109 26.6558 4
      vertex -2.64503 26.3594 0
      vertex -3.01109 26.6558 0
    endloop
  endfacet
  facet normal 0.15626 0.987716 -0
    outer loop
      vertex -0.470378 25.5247 0
      vertex -0.935602 25.5983 4
      vertex -0.470378 25.5247 4
    endloop
  endfacet
  facet normal 0.15626 0.987716 0
    outer loop
      vertex -0.935602 25.5983 4
      vertex -0.470378 25.5247 0
      vertex -0.935602 25.5983 0
    endloop
  endfacet
  facet normal 0.544586 0.838705 -0
    outer loop
      vertex -2.25 26.1029 0
      vertex -2.64503 26.3594 4
      vertex -2.25 26.1029 4
    endloop
  endfacet
  facet normal 0.544586 0.838705 0
    outer loop
      vertex -2.64503 26.3594 4
      vertex -2.25 26.1029 0
      vertex -2.64503 26.3594 0
    endloop
  endfacet
  facet normal -0.454087 0.890957 0
    outer loop
      vertex 2.25 26.1029 0
      vertex 1.83031 25.889 4
      vertex 2.25 26.1029 4
    endloop
  endfacet
  facet normal -0.454087 0.890957 0
    outer loop
      vertex 1.83031 25.889 4
      vertex 2.25 26.1029 0
      vertex 1.83031 25.889 0
    endloop
  endfacet
  facet normal -0.629283 0.777177 0
    outer loop
      vertex 3.01109 26.6558 0
      vertex 2.64503 26.3594 4
      vertex 3.01109 26.6558 4
    endloop
  endfacet
  facet normal -0.629283 0.777177 0
    outer loop
      vertex 2.64503 26.3594 4
      vertex 3.01109 26.6558 0
      vertex 2.64503 26.3594 0
    endloop
  endfacet
  facet normal 0.838657 0.54466 0
    outer loop
      vertex -3.64058 27.355 4
      vertex -3.89711 27.75 0
      vertex -3.89711 27.75 4
    endloop
  endfacet
  facet normal 0.838657 0.54466 0
    outer loop
      vertex -3.89711 27.75 0
      vertex -3.64058 27.355 4
      vertex -3.64058 27.355 0
    endloop
  endfacet
  facet normal 0.99863 -0.0523304 0
    outer loop
      vertex -4.5 30 4
      vertex -4.47535 30.4704 0
      vertex -4.47535 30.4704 4
    endloop
  endfacet
  facet normal 0.99863 -0.0523304 0
    outer loop
      vertex -4.47535 30.4704 0
      vertex -4.5 30 4
      vertex -4.5 30 0
    endloop
  endfacet
  facet normal 0.891013 -0.453977 0
    outer loop
      vertex -4.11095 31.8303 4
      vertex -3.89711 32.25 0
      vertex -3.89711 32.25 4
    endloop
  endfacet
  facet normal 0.891013 -0.453977 0
    outer loop
      vertex -3.89711 32.25 0
      vertex -4.11095 31.8303 4
      vertex -4.11095 31.8303 0
    endloop
  endfacet
  facet normal 0.93357 -0.358396 0
    outer loop
      vertex -4.27975 31.3906 4
      vertex -4.11095 31.8303 0
      vertex -4.11095 31.8303 4
    endloop
  endfacet
  facet normal 0.93357 -0.358396 0
    outer loop
      vertex -4.11095 31.8303 0
      vertex -4.27975 31.3906 4
      vertex -4.27975 31.3906 0
    endloop
  endfacet
  facet normal -0.15626 0.987716 0
    outer loop
      vertex 0.935602 57.5983 0
      vertex 0.470378 57.5247 4
      vertex 0.935602 57.5983 4
    endloop
  endfacet
  facet normal -0.15626 0.987716 0
    outer loop
      vertex 0.470378 57.5247 4
      vertex 0.935602 57.5983 0
      vertex 0.470378 57.5247 0
    endloop
  endfacet
  facet normal -0.987685 -0.156454 0
    outer loop
      vertex 4.47535 62.4704 0
      vertex 4.40166 62.9356 4
      vertex 4.40166 62.9356 0
    endloop
  endfacet
  facet normal -0.987685 -0.156454 0
    outer loop
      vertex 4.40166 62.9356 4
      vertex 4.47535 62.4704 0
      vertex 4.47535 62.4704 4
    endloop
  endfacet
  facet normal -0.99863 -0.0523304 0
    outer loop
      vertex 4.5 62 0
      vertex 4.47535 62.4704 4
      vertex 4.47535 62.4704 0
    endloop
  endfacet
  facet normal -0.99863 -0.0523304 0
    outer loop
      vertex 4.47535 62.4704 4
      vertex 4.5 62 0
      vertex 4.5 62 4
    endloop
  endfacet
  facet normal 0.258797 0.965932 -0
    outer loop
      vertex -0.935602 57.5983 0
      vertex -1.39058 57.7202 4
      vertex -0.935602 57.5983 4
    endloop
  endfacet
  facet normal 0.258797 0.965932 0
    outer loop
      vertex -1.39058 57.7202 4
      vertex -0.935602 57.5983 0
      vertex -1.39058 57.7202 0
    endloop
  endfacet
  facet normal 0.629283 -0.777177 0
    outer loop
      vertex -3.01109 65.3442 0
      vertex -2.64503 65.6406 4
      vertex -3.01109 65.3442 4
    endloop
  endfacet
  facet normal 0.629283 -0.777177 0
    outer loop
      vertex -2.64503 65.6406 4
      vertex -3.01109 65.3442 0
      vertex -2.64503 65.6406 0
    endloop
  endfacet
  facet normal -0.544586 0.838705 0
    outer loop
      vertex 2.64503 58.3594 0
      vertex 2.25 58.1029 4
      vertex 2.64503 58.3594 4
    endloop
  endfacet
  facet normal -0.544586 0.838705 0
    outer loop
      vertex 2.25 58.1029 4
      vertex 2.64503 58.3594 0
      vertex 2.25 58.1029 0
    endloop
  endfacet
  facet normal 0.93357 0.358396 0
    outer loop
      vertex -4.11095 60.1697 4
      vertex -4.27975 60.6094 0
      vertex -4.27975 60.6094 4
    endloop
  endfacet
  facet normal 0.93357 0.358396 0
    outer loop
      vertex -4.27975 60.6094 0
      vertex -4.11095 60.1697 4
      vertex -4.11095 60.1697 0
    endloop
  endfacet
  facet normal -0.777179 -0.629279 0
    outer loop
      vertex 3.64058 64.645 0
      vertex 3.34415 65.0111 4
      vertex 3.34415 65.0111 0
    endloop
  endfacet
  facet normal -0.777179 -0.629279 0
    outer loop
      vertex 3.34415 65.0111 4
      vertex 3.64058 64.645 0
      vertex 3.64058 64.645 4
    endloop
  endfacet
  facet normal 0.707149 -0.707064 0
    outer loop
      vertex -3.34415 65.0111 4
      vertex -3.01109 65.3442 0
      vertex -3.01109 65.3442 4
    endloop
  endfacet
  facet normal 0.707149 -0.707064 0
    outer loop
      vertex -3.01109 65.3442 0
      vertex -3.34415 65.0111 4
      vertex -3.34415 65.0111 0
    endloop
  endfacet
  facet normal -0.0524387 -0.998624 0
    outer loop
      vertex 0 66.5 0
      vertex 0.470378 66.4753 4
      vertex 0 66.5 4
    endloop
  endfacet
  facet normal -0.0524387 -0.998624 -0
    outer loop
      vertex 0.470378 66.4753 4
      vertex 0 66.5 0
      vertex 0.470378 66.4753 0
    endloop
  endfacet
  facet normal -0.838657 0.54466 0
    outer loop
      vertex 3.64058 59.355 0
      vertex 3.89711 59.75 4
      vertex 3.89711 59.75 0
    endloop
  endfacet
  facet normal -0.838657 0.54466 0
    outer loop
      vertex 3.89711 59.75 4
      vertex 3.64058 59.355 0
      vertex 3.64058 59.355 4
    endloop
  endfacet
  facet normal 0.99863 0.0523304 0
    outer loop
      vertex -4.47535 61.5296 4
      vertex -4.5 62 0
      vertex -4.5 62 4
    endloop
  endfacet
  facet normal 0.99863 0.0523304 0
    outer loop
      vertex -4.5 62 0
      vertex -4.47535 61.5296 4
      vertex -4.47535 61.5296 0
    endloop
  endfacet
  facet normal -0.93357 0.358396 0
    outer loop
      vertex 4.11095 60.1697 0
      vertex 4.27975 60.6094 4
      vertex 4.27975 60.6094 0
    endloop
  endfacet
  facet normal -0.93357 0.358396 0
    outer loop
      vertex 4.27975 60.6094 4
      vertex 4.11095 60.1697 0
      vertex 4.11095 60.1697 4
    endloop
  endfacet
  facet normal -0.258797 0.965932 0
    outer loop
      vertex 1.39058 57.7202 0
      vertex 0.935602 57.5983 4
      vertex 1.39058 57.7202 4
    endloop
  endfacet
  facet normal -0.258797 0.965932 0
    outer loop
      vertex 0.935602 57.5983 4
      vertex 1.39058 57.7202 0
      vertex 0.935602 57.5983 0
    endloop
  endfacet
  facet normal -0.358374 -0.933578 0
    outer loop
      vertex 1.39058 66.2798 0
      vertex 1.83031 66.111 4
      vertex 1.39058 66.2798 4
    endloop
  endfacet
  facet normal -0.358374 -0.933578 -0
    outer loop
      vertex 1.83031 66.111 4
      vertex 1.39058 66.2798 0
      vertex 1.83031 66.111 0
    endloop
  endfacet
  facet normal -0.629283 -0.777177 0
    outer loop
      vertex 2.64503 65.6406 0
      vertex 3.01109 65.3442 4
      vertex 2.64503 65.6406 4
    endloop
  endfacet
  facet normal -0.629283 -0.777177 -0
    outer loop
      vertex 3.01109 65.3442 4
      vertex 2.64503 65.6406 0
      vertex 3.01109 65.3442 0
    endloop
  endfacet
  facet normal 0.707149 0.707064 0
    outer loop
      vertex -3.01109 58.6558 4
      vertex -3.34415 58.9889 0
      vertex -3.34415 58.9889 4
    endloop
  endfacet
  facet normal 0.707149 0.707064 0
    outer loop
      vertex -3.34415 58.9889 0
      vertex -3.01109 58.6558 4
      vertex -3.01109 58.6558 0
    endloop
  endfacet
  facet normal -0.258797 -0.965932 0
    outer loop
      vertex 0.935602 66.4017 0
      vertex 1.39058 66.2798 4
      vertex 0.935602 66.4017 4
    endloop
  endfacet
  facet normal -0.258797 -0.965932 -0
    outer loop
      vertex 1.39058 66.2798 4
      vertex 0.935602 66.4017 0
      vertex 1.39058 66.2798 0
    endloop
  endfacet
  facet normal 0.777179 -0.629279 0
    outer loop
      vertex -3.64058 64.645 4
      vertex -3.34415 65.0111 0
      vertex -3.34415 65.0111 4
    endloop
  endfacet
  facet normal 0.777179 -0.629279 0
    outer loop
      vertex -3.34415 65.0111 0
      vertex -3.64058 64.645 4
      vertex -3.64058 64.645 0
    endloop
  endfacet
  facet normal -0.965929 0.258805 0
    outer loop
      vertex 4.27975 60.6094 0
      vertex 4.40166 61.0644 4
      vertex 4.40166 61.0644 0
    endloop
  endfacet
  facet normal -0.965929 0.258805 0
    outer loop
      vertex 4.40166 61.0644 4
      vertex 4.27975 60.6094 0
      vertex 4.27975 60.6094 4
    endloop
  endfacet
  facet normal 0.454087 -0.890957 0
    outer loop
      vertex -2.25 65.8971 0
      vertex -1.83031 66.111 4
      vertex -2.25 65.8971 4
    endloop
  endfacet
  facet normal 0.454087 -0.890957 0
    outer loop
      vertex -1.83031 66.111 4
      vertex -2.25 65.8971 0
      vertex -1.83031 66.111 0
    endloop
  endfacet
  facet normal -0.454087 -0.890957 0
    outer loop
      vertex 1.83031 66.111 0
      vertex 2.25 65.8971 4
      vertex 1.83031 66.111 4
    endloop
  endfacet
  facet normal -0.454087 -0.890957 -0
    outer loop
      vertex 2.25 65.8971 4
      vertex 1.83031 66.111 0
      vertex 2.25 65.8971 0
    endloop
  endfacet
  facet normal -0.777179 0.629279 0
    outer loop
      vertex 3.34415 58.9889 0
      vertex 3.64058 59.355 4
      vertex 3.64058 59.355 0
    endloop
  endfacet
  facet normal -0.777179 0.629279 0
    outer loop
      vertex 3.64058 59.355 4
      vertex 3.34415 58.9889 0
      vertex 3.34415 58.9889 4
    endloop
  endfacet
  facet normal -0.838657 -0.54466 0
    outer loop
      vertex 3.89711 64.25 0
      vertex 3.64058 64.645 4
      vertex 3.64058 64.645 0
    endloop
  endfacet
  facet normal -0.838657 -0.54466 0
    outer loop
      vertex 3.64058 64.645 4
      vertex 3.89711 64.25 0
      vertex 3.89711 64.25 4
    endloop
  endfacet
  facet normal 0.965929 0.258805 0
    outer loop
      vertex -4.27975 60.6094 4
      vertex -4.40166 61.0644 0
      vertex -4.40166 61.0644 4
    endloop
  endfacet
  facet normal 0.965929 0.258805 0
    outer loop
      vertex -4.40166 61.0644 0
      vertex -4.27975 60.6094 4
      vertex -4.27975 60.6094 0
    endloop
  endfacet
  facet normal 0.258797 -0.965932 0
    outer loop
      vertex -1.39058 66.2798 0
      vertex -0.935602 66.4017 4
      vertex -1.39058 66.2798 4
    endloop
  endfacet
  facet normal 0.258797 -0.965932 0
    outer loop
      vertex -0.935602 66.4017 4
      vertex -1.39058 66.2798 0
      vertex -0.935602 66.4017 0
    endloop
  endfacet
  facet normal -0.93357 -0.358396 0
    outer loop
      vertex 4.27975 63.3906 0
      vertex 4.11095 63.8303 4
      vertex 4.11095 63.8303 0
    endloop
  endfacet
  facet normal -0.93357 -0.358396 0
    outer loop
      vertex 4.11095 63.8303 4
      vertex 4.27975 63.3906 0
      vertex 4.27975 63.3906 4
    endloop
  endfacet
  facet normal 0.358374 -0.933578 0
    outer loop
      vertex -1.83031 66.111 0
      vertex -1.39058 66.2798 4
      vertex -1.83031 66.111 4
    endloop
  endfacet
  facet normal 0.358374 -0.933578 0
    outer loop
      vertex -1.39058 66.2798 4
      vertex -1.83031 66.111 0
      vertex -1.39058 66.2798 0
    endloop
  endfacet
  facet normal 0.965929 -0.258805 0
    outer loop
      vertex -4.40166 62.9356 4
      vertex -4.27975 63.3906 0
      vertex -4.27975 63.3906 4
    endloop
  endfacet
  facet normal 0.965929 -0.258805 0
    outer loop
      vertex -4.27975 63.3906 0
      vertex -4.40166 62.9356 4
      vertex -4.40166 62.9356 0
    endloop
  endfacet
  facet normal -0.15626 -0.987716 0
    outer loop
      vertex 0.470378 66.4753 0
      vertex 0.935602 66.4017 4
      vertex 0.470378 66.4753 4
    endloop
  endfacet
  facet normal -0.15626 -0.987716 -0
    outer loop
      vertex 0.935602 66.4017 4
      vertex 0.470378 66.4753 0
      vertex 0.935602 66.4017 0
    endloop
  endfacet
  facet normal -0.891013 0.453977 0
    outer loop
      vertex 3.89711 59.75 0
      vertex 4.11095 60.1697 4
      vertex 4.11095 60.1697 0
    endloop
  endfacet
  facet normal -0.891013 0.453977 0
    outer loop
      vertex 4.11095 60.1697 4
      vertex 3.89711 59.75 0
      vertex 3.89711 59.75 4
    endloop
  endfacet
  facet normal 0.15626 -0.987716 0
    outer loop
      vertex -0.935602 66.4017 0
      vertex -0.470378 66.4753 4
      vertex -0.935602 66.4017 4
    endloop
  endfacet
  facet normal 0.15626 -0.987716 0
    outer loop
      vertex -0.470378 66.4753 4
      vertex -0.935602 66.4017 0
      vertex -0.470378 66.4753 0
    endloop
  endfacet
  facet normal -0.891013 -0.453977 0
    outer loop
      vertex 4.11095 63.8303 0
      vertex 3.89711 64.25 4
      vertex 3.89711 64.25 0
    endloop
  endfacet
  facet normal -0.891013 -0.453977 0
    outer loop
      vertex 3.89711 64.25 4
      vertex 4.11095 63.8303 0
      vertex 4.11095 63.8303 4
    endloop
  endfacet
  facet normal -0.544586 -0.838705 0
    outer loop
      vertex 2.25 65.8971 0
      vertex 2.64503 65.6406 4
      vertex 2.25 65.8971 4
    endloop
  endfacet
  facet normal -0.544586 -0.838705 -0
    outer loop
      vertex 2.64503 65.6406 4
      vertex 2.25 65.8971 0
      vertex 2.64503 65.6406 0
    endloop
  endfacet
  facet normal 0.0524387 -0.998624 0
    outer loop
      vertex -0.470378 66.4753 0
      vertex 0 66.5 4
      vertex -0.470378 66.4753 4
    endloop
  endfacet
  facet normal 0.0524387 -0.998624 0
    outer loop
      vertex 0 66.5 4
      vertex -0.470378 66.4753 0
      vertex 0 66.5 0
    endloop
  endfacet
  facet normal 0.891013 0.453977 0
    outer loop
      vertex -3.89711 59.75 4
      vertex -4.11095 60.1697 0
      vertex -4.11095 60.1697 4
    endloop
  endfacet
  facet normal 0.891013 0.453977 0
    outer loop
      vertex -4.11095 60.1697 0
      vertex -3.89711 59.75 4
      vertex -3.89711 59.75 0
    endloop
  endfacet
  facet normal -0.358374 0.933578 0
    outer loop
      vertex 1.83031 57.889 0
      vertex 1.39058 57.7202 4
      vertex 1.83031 57.889 4
    endloop
  endfacet
  facet normal -0.358374 0.933578 0
    outer loop
      vertex 1.39058 57.7202 4
      vertex 1.83031 57.889 0
      vertex 1.39058 57.7202 0
    endloop
  endfacet
  facet normal -0.987685 0.156454 0
    outer loop
      vertex 4.40166 61.0644 0
      vertex 4.47535 61.5296 4
      vertex 4.47535 61.5296 0
    endloop
  endfacet
  facet normal -0.987685 0.156454 0
    outer loop
      vertex 4.47535 61.5296 4
      vertex 4.40166 61.0644 0
      vertex 4.40166 61.0644 4
    endloop
  endfacet
  facet normal -0.99863 0.0523304 0
    outer loop
      vertex 4.47535 61.5296 0
      vertex 4.5 62 4
      vertex 4.5 62 0
    endloop
  endfacet
  facet normal -0.99863 0.0523304 0
    outer loop
      vertex 4.5 62 4
      vertex 4.47535 61.5296 0
      vertex 4.47535 61.5296 4
    endloop
  endfacet
  facet normal 0.987685 0.156454 0
    outer loop
      vertex -4.40166 61.0644 4
      vertex -4.47535 61.5296 0
      vertex -4.47535 61.5296 4
    endloop
  endfacet
  facet normal 0.987685 0.156454 0
    outer loop
      vertex -4.47535 61.5296 0
      vertex -4.40166 61.0644 4
      vertex -4.40166 61.0644 0
    endloop
  endfacet
  facet normal -0.0524387 0.998624 0
    outer loop
      vertex 0.470378 57.5247 0
      vertex 0 57.5 4
      vertex 0.470378 57.5247 4
    endloop
  endfacet
  facet normal -0.0524387 0.998624 0
    outer loop
      vertex 0 57.5 4
      vertex 0.470378 57.5247 0
      vertex 0 57.5 0
    endloop
  endfacet
  facet normal 0.838657 -0.54466 0
    outer loop
      vertex -3.89711 64.25 4
      vertex -3.64058 64.645 0
      vertex -3.64058 64.645 4
    endloop
  endfacet
  facet normal 0.838657 -0.54466 0
    outer loop
      vertex -3.64058 64.645 0
      vertex -3.89711 64.25 4
      vertex -3.89711 64.25 0
    endloop
  endfacet
  facet normal 0.544586 -0.838705 0
    outer loop
      vertex -2.64503 65.6406 0
      vertex -2.25 65.8971 4
      vertex -2.64503 65.6406 4
    endloop
  endfacet
  facet normal 0.544586 -0.838705 0
    outer loop
      vertex -2.25 65.8971 4
      vertex -2.64503 65.6406 0
      vertex -2.25 65.8971 0
    endloop
  endfacet
  facet normal -0.965929 -0.258805 0
    outer loop
      vertex 4.40166 62.9356 0
      vertex 4.27975 63.3906 4
      vertex 4.27975 63.3906 0
    endloop
  endfacet
  facet normal -0.965929 -0.258805 0
    outer loop
      vertex 4.27975 63.3906 4
      vertex 4.40166 62.9356 0
      vertex 4.40166 62.9356 4
    endloop
  endfacet
  facet normal 0.0524387 0.998624 -0
    outer loop
      vertex 0 57.5 0
      vertex -0.470378 57.5247 4
      vertex 0 57.5 4
    endloop
  endfacet
  facet normal 0.0524387 0.998624 0
    outer loop
      vertex -0.470378 57.5247 4
      vertex 0 57.5 0
      vertex -0.470378 57.5247 0
    endloop
  endfacet
  facet normal 0.358374 0.933578 -0
    outer loop
      vertex -1.39058 57.7202 0
      vertex -1.83031 57.889 4
      vertex -1.39058 57.7202 4
    endloop
  endfacet
  facet normal 0.358374 0.933578 0
    outer loop
      vertex -1.83031 57.889 4
      vertex -1.39058 57.7202 0
      vertex -1.83031 57.889 0
    endloop
  endfacet
  facet normal -0.707149 0.707064 0
    outer loop
      vertex 3.01109 58.6558 0
      vertex 3.34415 58.9889 4
      vertex 3.34415 58.9889 0
    endloop
  endfacet
  facet normal -0.707149 0.707064 0
    outer loop
      vertex 3.34415 58.9889 4
      vertex 3.01109 58.6558 0
      vertex 3.01109 58.6558 4
    endloop
  endfacet
  facet normal 0.987685 -0.156454 0
    outer loop
      vertex -4.47535 62.4704 4
      vertex -4.40166 62.9356 0
      vertex -4.40166 62.9356 4
    endloop
  endfacet
  facet normal 0.987685 -0.156454 0
    outer loop
      vertex -4.40166 62.9356 0
      vertex -4.47535 62.4704 4
      vertex -4.47535 62.4704 0
    endloop
  endfacet
  facet normal -0.707149 -0.707064 0
    outer loop
      vertex 3.34415 65.0111 0
      vertex 3.01109 65.3442 4
      vertex 3.01109 65.3442 0
    endloop
  endfacet
  facet normal -0.707149 -0.707064 0
    outer loop
      vertex 3.01109 65.3442 4
      vertex 3.34415 65.0111 0
      vertex 3.34415 65.0111 4
    endloop
  endfacet
  facet normal 0.454087 0.890957 -0
    outer loop
      vertex -1.83031 57.889 0
      vertex -2.25 58.1029 4
      vertex -1.83031 57.889 4
    endloop
  endfacet
  facet normal 0.454087 0.890957 0
    outer loop
      vertex -2.25 58.1029 4
      vertex -1.83031 57.889 0
      vertex -2.25 58.1029 0
    endloop
  endfacet
  facet normal 0.777179 0.629279 0
    outer loop
      vertex -3.34415 58.9889 4
      vertex -3.64058 59.355 0
      vertex -3.64058 59.355 4
    endloop
  endfacet
  facet normal 0.777179 0.629279 0
    outer loop
      vertex -3.64058 59.355 0
      vertex -3.34415 58.9889 4
      vertex -3.34415 58.9889 0
    endloop
  endfacet
  facet normal 0.629283 0.777177 -0
    outer loop
      vertex -2.64503 58.3594 0
      vertex -3.01109 58.6558 4
      vertex -2.64503 58.3594 4
    endloop
  endfacet
  facet normal 0.629283 0.777177 0
    outer loop
      vertex -3.01109 58.6558 4
      vertex -2.64503 58.3594 0
      vertex -3.01109 58.6558 0
    endloop
  endfacet
  facet normal 0.15626 0.987716 -0
    outer loop
      vertex -0.470378 57.5247 0
      vertex -0.935602 57.5983 4
      vertex -0.470378 57.5247 4
    endloop
  endfacet
  facet normal 0.15626 0.987716 0
    outer loop
      vertex -0.935602 57.5983 4
      vertex -0.470378 57.5247 0
      vertex -0.935602 57.5983 0
    endloop
  endfacet
  facet normal 0.544586 0.838705 -0
    outer loop
      vertex -2.25 58.1029 0
      vertex -2.64503 58.3594 4
      vertex -2.25 58.1029 4
    endloop
  endfacet
  facet normal 0.544586 0.838705 0
    outer loop
      vertex -2.64503 58.3594 4
      vertex -2.25 58.1029 0
      vertex -2.64503 58.3594 0
    endloop
  endfacet
  facet normal -0.454087 0.890957 0
    outer loop
      vertex 2.25 58.1029 0
      vertex 1.83031 57.889 4
      vertex 2.25 58.1029 4
    endloop
  endfacet
  facet normal -0.454087 0.890957 0
    outer loop
      vertex 1.83031 57.889 4
      vertex 2.25 58.1029 0
      vertex 1.83031 57.889 0
    endloop
  endfacet
  facet normal -0.629283 0.777177 0
    outer loop
      vertex 3.01109 58.6558 0
      vertex 2.64503 58.3594 4
      vertex 3.01109 58.6558 4
    endloop
  endfacet
  facet normal -0.629283 0.777177 0
    outer loop
      vertex 2.64503 58.3594 4
      vertex 3.01109 58.6558 0
      vertex 2.64503 58.3594 0
    endloop
  endfacet
  facet normal 0.838657 0.54466 0
    outer loop
      vertex -3.64058 59.355 4
      vertex -3.89711 59.75 0
      vertex -3.89711 59.75 4
    endloop
  endfacet
  facet normal 0.838657 0.54466 0
    outer loop
      vertex -3.89711 59.75 0
      vertex -3.64058 59.355 4
      vertex -3.64058 59.355 0
    endloop
  endfacet
  facet normal 0.99863 -0.0523304 0
    outer loop
      vertex -4.5 62 4
      vertex -4.47535 62.4704 0
      vertex -4.47535 62.4704 4
    endloop
  endfacet
  facet normal 0.99863 -0.0523304 0
    outer loop
      vertex -4.47535 62.4704 0
      vertex -4.5 62 4
      vertex -4.5 62 0
    endloop
  endfacet
  facet normal 0.891013 -0.453977 0
    outer loop
      vertex -4.11095 63.8303 4
      vertex -3.89711 64.25 0
      vertex -3.89711 64.25 4
    endloop
  endfacet
  facet normal 0.891013 -0.453977 0
    outer loop
      vertex -3.89711 64.25 0
      vertex -4.11095 63.8303 4
      vertex -4.11095 63.8303 0
    endloop
  endfacet
  facet normal 0.93357 -0.358396 0
    outer loop
      vertex -4.27975 63.3906 4
      vertex -4.11095 63.8303 0
      vertex -4.11095 63.8303 4
    endloop
  endfacet
  facet normal 0.93357 -0.358396 0
    outer loop
      vertex -4.11095 63.8303 0
      vertex -4.27975 63.3906 4
      vertex -4.27975 63.3906 0
    endloop
  endfacet
  facet normal -0 0 -1
    outer loop
      vertex -2.22943 98.0074 0
      vertex -5.30855 97.553 0
      vertex -2.00739 98.2294 0
    endloop
  endfacet
  facet normal 0 0 -1
    outer loop
      vertex -3 106 0
      vertex -4.30931 115.822 0
      vertex -4.3 116 0
    endloop
  endfacet
  facet normal 0 0 -1
    outer loop
      vertex -5.47467 97.6168 0
      vertex -2.00739 98.2294 0
      vertex -5.30855 97.553 0
    endloop
  endfacet
  facet normal 0 0 -1
    outer loop
      vertex -3 106 0
      vertex -4.33715 115.647 0
      vertex -4.30931 115.822 0
    endloop
  endfacet
  facet normal -0 0 -1
    outer loop
      vertex -2.00739 98.2294 0
      vertex -5.47467 97.6168 0
      vertex -2.00739 103.771 0
    endloop
  endfacet
  facet normal 0 0 -1
    outer loop
      vertex -3 106 0
      vertex -4.3832 115.475 0
      vertex -4.33715 115.647 0
    endloop
  endfacet
  facet normal 0 0 -1
    outer loop
      vertex -5.64655 97.6628 0
      vertex -2.00739 103.771 0
      vertex -5.47467 97.6168 0
    endloop
  endfacet
  facet normal 0 0 -1
    outer loop
      vertex -3 106 0
      vertex -4.44697 115.309 0
      vertex -4.3832 115.475 0
    endloop
  endfacet
  facet normal -0 0 -1
    outer loop
      vertex -2.00739 103.771 0
      vertex -5.64655 97.6628 0
      vertex -2.22943 103.993 0
    endloop
  endfacet
  facet normal 0 0 -1
    outer loop
      vertex -3 106 0
      vertex -4.52776 115.15 0
      vertex -4.44697 115.309 0
    endloop
  endfacet
  facet normal 0 0 -1
    outer loop
      vertex -5.8223 97.6907 0
      vertex -2.22943 103.993 0
      vertex -5.64655 97.6628 0
    endloop
  endfacet
  facet normal 0 0 -1
    outer loop
      vertex -3 106 0
      vertex -4.62467 115.001 0
      vertex -4.52776 115.15 0
    endloop
  endfacet
  facet normal -0 0 -1
    outer loop
      vertex -2.22943 103.993 0
      vertex -5.8223 97.6907 0
      vertex -2.42705 104.237 0
    endloop
  endfacet
  facet normal 0 0 -1
    outer loop
      vertex -3 106 0
      vertex -4.73665 114.862 0
      vertex -4.62467 115.001 0
    endloop
  endfacet
  facet normal 0 0 -1
    outer loop
      vertex -6 97.7 0
      vertex -2.42705 104.237 0
      vertex -5.8223 97.6907 0
    endloop
  endfacet
  facet normal 0 0 -1
    outer loop
      vertex -8.30931 106.178 0
      vertex -3 106 0
      vertex -8.3 106 0
    endloop
  endfacet
  facet normal 0 0 -1
    outer loop
      vertex -8.73665 104.862 0
      vertex -2.42705 104.237 0
      vertex -6 97.7 0
    endloop
  endfacet
  facet normal 0 0 -1
    outer loop
      vertex -3 106 0
      vertex -4.86248 114.737 0
      vertex -4.73665 114.862 0
    endloop
  endfacet
  facet normal 0 0 -1
    outer loop
      vertex -2.42705 104.237 0
      vertex -8.73665 104.862 0
      vertex -2.59808 104.5 0
    endloop
  endfacet
  facet normal 0 0 -1
    outer loop
      vertex -8.33715 106.353 0
      vertex -3 106 0
      vertex -8.30931 106.178 0
    endloop
  endfacet
  facet normal 0 0 -1
    outer loop
      vertex -2.59808 104.5 0
      vertex -8.62467 105.001 0
      vertex -2.74064 104.78 0
    endloop
  endfacet
  facet normal 0 0 -1
    outer loop
      vertex -3 106 0
      vertex -5.00076 114.625 0
      vertex -4.86248 114.737 0
    endloop
  endfacet
  facet normal 0 -0 -1
    outer loop
      vertex -8.52776 105.15 0
      vertex -2.74064 104.78 0
      vertex -8.62467 105.001 0
    endloop
  endfacet
  facet normal 0 0 -1
    outer loop
      vertex -8.3832 106.525 0
      vertex -3 106 0
      vertex -8.33715 106.353 0
    endloop
  endfacet
  facet normal 0 0 -1
    outer loop
      vertex -2.74064 104.78 0
      vertex -8.52776 105.15 0
      vertex -2.85317 105.073 0
    endloop
  endfacet
  facet normal 0 0 -1
    outer loop
      vertex -3 106 0
      vertex -5.15 114.528 0
      vertex -5.00076 114.625 0
    endloop
  endfacet
  facet normal 0 -0 -1
    outer loop
      vertex -8.3832 105.475 0
      vertex -2.85317 105.073 0
      vertex -8.44697 105.309 0
    endloop
  endfacet
  facet normal 0 0 -1
    outer loop
      vertex -8.44697 106.691 0
      vertex -3 106 0
      vertex -8.3832 106.525 0
    endloop
  endfacet
  facet normal 0 -0 -1
    outer loop
      vertex -8.62467 105.001 0
      vertex -2.59808 104.5 0
      vertex -8.73665 104.862 0
    endloop
  endfacet
  facet normal 0 0 -1
    outer loop
      vertex -3 106 0
      vertex -5.30855 114.447 0
      vertex -5.15 114.528 0
    endloop
  endfacet
  facet normal 0 0 -1
    outer loop
      vertex -8.86248 104.737 0
      vertex -6 97.7 0
      vertex -6.1777 97.6907 0
    endloop
  endfacet
  facet normal 0 0 -1
    outer loop
      vertex -8.52776 106.85 0
      vertex -3 106 0
      vertex -8.44697 106.691 0
    endloop
  endfacet
  facet normal 0 0 -1
    outer loop
      vertex -9.00076 104.625 0
      vertex -6.1777 97.6907 0
      vertex -6.35345 97.6628 0
    endloop
  endfacet
  facet normal 0 0 -1
    outer loop
      vertex -3 106 0
      vertex -5.47467 114.383 0
      vertex -5.30855 114.447 0
    endloop
  endfacet
  facet normal 0 0 -1
    outer loop
      vertex -9.15 104.528 0
      vertex -6.35345 97.6628 0
      vertex -6.52533 97.6168 0
    endloop
  endfacet
  facet normal 0 0 -1
    outer loop
      vertex -8.62467 106.999 0
      vertex -3 106 0
      vertex -8.52776 106.85 0
    endloop
  endfacet
  facet normal 0 0 -1
    outer loop
      vertex -9.30855 104.447 0
      vertex -6.52533 97.6168 0
      vertex -6.69145 97.553 0
    endloop
  endfacet
  facet normal 0 0 -1
    outer loop
      vertex -3 106 0
      vertex -5.64655 114.337 0
      vertex -5.47467 114.383 0
    endloop
  endfacet
  facet normal 0 0 -1
    outer loop
      vertex -9.47467 104.383 0
      vertex -6.69145 97.553 0
      vertex -6.85 97.4722 0
    endloop
  endfacet
  facet normal 0 -0 -1
    outer loop
      vertex -5.8223 114.309 0
      vertex -3 106 0
      vertex -8.62467 106.999 0
    endloop
  endfacet
  facet normal 0 0 -1
    outer loop
      vertex -9.64655 104.337 0
      vertex -6.85 97.4722 0
      vertex -6.99923 97.3753 0
    endloop
  endfacet
  facet normal 0 0 -1
    outer loop
      vertex -3 106 0
      vertex -5.8223 114.309 0
      vertex -5.64655 114.337 0
    endloop
  endfacet
  facet normal 0 0 -1
    outer loop
      vertex -9.8223 104.309 0
      vertex -6.99923 97.3753 0
      vertex -7.13752 97.2633 0
    endloop
  endfacet
  facet normal 0 0 -1
    outer loop
      vertex -8.73665 107.138 0
      vertex -5.8223 114.309 0
      vertex -8.62467 106.999 0
    endloop
  endfacet
  facet normal 0 0 -1
    outer loop
      vertex -10 104.3 0
      vertex -7.13752 97.2633 0
      vertex -7.26335 97.1375 0
    endloop
  endfacet
  facet normal 0 0 -1
    outer loop
      vertex -5.8223 114.309 0
      vertex -8.73665 107.138 0
      vertex -6 114.3 0
    endloop
  endfacet
  facet normal 0 0 -1
    outer loop
      vertex -10.1777 104.309 0
      vertex -7.26335 97.1375 0
      vertex -7.37533 96.9992 0
    endloop
  endfacet
  facet normal 0 0 -1
    outer loop
      vertex -8.86248 107.263 0
      vertex -6 114.3 0
      vertex -8.73665 107.138 0
    endloop
  endfacet
  facet normal 0 0 -1
    outer loop
      vertex -10.3534 104.337 0
      vertex -7.37533 96.9992 0
      vertex -7.47224 96.85 0
    endloop
  endfacet
  facet normal -0 0 -1
    outer loop
      vertex -6 114.3 0
      vertex -8.86248 107.263 0
      vertex -6.1777 114.309 0
    endloop
  endfacet
  facet normal 0 0 -1
    outer loop
      vertex -10.5253 104.383 0
      vertex -7.47224 96.85 0
      vertex -7.55303 96.6915 0
    endloop
  endfacet
  facet normal 0 0 -1
    outer loop
      vertex -9.00076 107.375 0
      vertex -6.1777 114.309 0
      vertex -8.86248 107.263 0
    endloop
  endfacet
  facet normal 0 0 -1
    outer loop
      vertex -10.6915 104.447 0
      vertex -7.55303 96.6915 0
      vertex -7.6168 96.5253 0
    endloop
  endfacet
  facet normal -0 0 -1
    outer loop
      vertex -6.1777 114.309 0
      vertex -9.00076 107.375 0
      vertex -6.35345 114.337 0
    endloop
  endfacet
  facet normal 0 0 -1
    outer loop
      vertex -10.85 104.528 0
      vertex -7.6168 96.5253 0
      vertex -7.66285 96.3534 0
    endloop
  endfacet
  facet normal 0 0 -1
    outer loop
      vertex -9.15 107.472 0
      vertex -6.35345 114.337 0
      vertex -9.00076 107.375 0
    endloop
  endfacet
  facet normal 0 0 -1
    outer loop
      vertex -10.9992 104.625 0
      vertex -7.66285 96.3534 0
      vertex -7.69069 96.1777 0
    endloop
  endfacet
  facet normal -0 0 -1
    outer loop
      vertex -6.35345 114.337 0
      vertex -9.15 107.472 0
      vertex -6.52533 114.383 0
    endloop
  endfacet
  facet normal 0 0 -1
    outer loop
      vertex -11.1375 104.737 0
      vertex -7.69069 96.1777 0
      vertex -7.7 96 0
    endloop
  endfacet
  facet normal 0 0 -1
    outer loop
      vertex -9.30855 107.553 0
      vertex -6.52533 114.383 0
      vertex -9.15 107.472 0
    endloop
  endfacet
  facet normal -0 0 -1
    outer loop
      vertex -3 96 0
      vertex -4.30931 95.8223 0
      vertex -4.3 96 0
    endloop
  endfacet
  facet normal 0 0 -1
    outer loop
      vertex -4.11095 63.8303 0
      vertex -4.33715 95.6465 0
      vertex -4.30931 95.8223 0
    endloop
  endfacet
  facet normal 0 0 -1
    outer loop
      vertex -4.11095 63.8303 0
      vertex -4.3832 95.4747 0
      vertex -4.33715 95.6465 0
    endloop
  endfacet
  facet normal 0 0 -1
    outer loop
      vertex -12 88 0
      vertex -4.27975 63.3906 0
      vertex -4.40166 62.9356 0
    endloop
  endfacet
  facet normal 0 0 -1
    outer loop
      vertex -4.11095 63.8303 0
      vertex -4.44697 95.3085 0
      vertex -4.3832 95.4747 0
    endloop
  endfacet
  facet normal 0 0 -1
    outer loop
      vertex -12 88 0
      vertex -4.40166 62.9356 0
      vertex -4.47535 62.4704 0
    endloop
  endfacet
  facet normal 0 0 -1
    outer loop
      vertex -12 88 0
      vertex -4.47535 62.4704 0
      vertex -4.5 62 0
    endloop
  endfacet
  facet normal 0 0 -1
    outer loop
      vertex -4.11095 63.8303 0
      vertex -4.52776 95.15 0
      vertex -4.44697 95.3085 0
    endloop
  endfacet
  facet normal 0 0 -1
    outer loop
      vertex -23.5247 0.470378 0
      vertex -12 9 0
      vertex -23.5 0 0
    endloop
  endfacet
  facet normal 0 0 -1
    outer loop
      vertex -23.5983 0.935602 0
      vertex -12 9 0
      vertex -23.5247 0.470378 0
    endloop
  endfacet
  facet normal 0 0 -1
    outer loop
      vertex -23.7202 1.39058 0
      vertex -12 9 0
      vertex -23.5983 0.935602 0
    endloop
  endfacet
  facet normal 0 0 -1
    outer loop
      vertex -23.889 1.83031 0
      vertex -12 9 0
      vertex -23.7202 1.39058 0
    endloop
  endfacet
  facet normal 0 0 -1
    outer loop
      vertex -24.1029 2.25 0
      vertex -12 9 0
      vertex -23.889 1.83031 0
    endloop
  endfacet
  facet normal 0 0 -1
    outer loop
      vertex -24.3594 2.64503 0
      vertex -12 9 0
      vertex -24.1029 2.25 0
    endloop
  endfacet
  facet normal 0 0 -1
    outer loop
      vertex -24.6558 3.01109 0
      vertex -12 9 0
      vertex -24.3594 2.64503 0
    endloop
  endfacet
  facet normal 0 0 -1
    outer loop
      vertex -24.9889 3.34415 0
      vertex -12 9 0
      vertex -24.6558 3.01109 0
    endloop
  endfacet
  facet normal 0 0 -1
    outer loop
      vertex -25.355 3.64058 0
      vertex -12 9 0
      vertex -24.9889 3.34415 0
    endloop
  endfacet
  facet normal 0 0 -1
    outer loop
      vertex -25.75 3.89711 0
      vertex -12 9 0
      vertex -25.355 3.64058 0
    endloop
  endfacet
  facet normal 0 0 -1
    outer loop
      vertex -26.1697 4.11095 0
      vertex -12 9 0
      vertex -25.75 3.89711 0
    endloop
  endfacet
  facet normal 0 0 -1
    outer loop
      vertex -26.6094 4.27975 0
      vertex -12 9 0
      vertex -26.1697 4.11095 0
    endloop
  endfacet
  facet normal 0 0 -1
    outer loop
      vertex -27.0644 4.40166 0
      vertex -12 9 0
      vertex -26.6094 4.27975 0
    endloop
  endfacet
  facet normal 0 0 -1
    outer loop
      vertex -27.5296 4.47535 0
      vertex -12 9 0
      vertex -27.0644 4.40166 0
    endloop
  endfacet
  facet normal 0 0 -1
    outer loop
      vertex -28 4.5 0
      vertex -12 9 0
      vertex -27.5296 4.47535 0
    endloop
  endfacet
  facet normal 0 0 -1
    outer loop
      vertex -43 9 0
      vertex -28 4.5 0
      vertex -28.4704 4.47535 0
    endloop
  endfacet
  facet normal 0 0 -1
    outer loop
      vertex -43 9 0
      vertex -28.4704 4.47535 0
      vertex -28.9356 4.40166 0
    endloop
  endfacet
  facet normal 0 0 -1
    outer loop
      vertex -43 9 0
      vertex -28.9356 4.40166 0
      vertex -29.3906 4.27975 0
    endloop
  endfacet
  facet normal 0 0 -1
    outer loop
      vertex -35.3093 0.177698 0
      vertex -32.5 0 0
      vertex -35.3 0 0
    endloop
  endfacet
  facet normal 0 0 -1
    outer loop
      vertex -32.5 0 0
      vertex -35.3093 0.177698 0
      vertex -32.4753 0.470378 0
    endloop
  endfacet
  facet normal 0 0 -1
    outer loop
      vertex -35.3372 0.35345 0
      vertex -32.4753 0.470378 0
      vertex -35.3093 0.177698 0
    endloop
  endfacet
  facet normal 0 0 -1
    outer loop
      vertex -35.3832 0.525329 0
      vertex -32.4753 0.470378 0
      vertex -35.3372 0.35345 0
    endloop
  endfacet
  facet normal 0 0 -1
    outer loop
      vertex -32.4753 0.470378 0
      vertex -35.3832 0.525329 0
      vertex -32.4017 0.935602 0
    endloop
  endfacet
  facet normal 0 0 -1
    outer loop
      vertex -35.447 0.691452 0
      vertex -32.4017 0.935602 0
      vertex -35.3832 0.525329 0
    endloop
  endfacet
  facet normal 0 0 -1
    outer loop
      vertex -35.5278 0.849999 0
      vertex -32.4017 0.935602 0
      vertex -35.447 0.691452 0
    endloop
  endfacet
  facet normal -0 0 -1
    outer loop
      vertex -32.4017 0.935602 0
      vertex -35.5278 0.849999 0
      vertex -32.2798 1.39058 0
    endloop
  endfacet
  facet normal 0 0 -1
    outer loop
      vertex -35.6247 0.999234 0
      vertex -32.2798 1.39058 0
      vertex -35.5278 0.849999 0
    endloop
  endfacet
  facet normal -0 0 -1
    outer loop
      vertex -32.2798 1.39058 0
      vertex -35.6247 0.999234 0
      vertex -32.111 1.83031 0
    endloop
  endfacet
  facet normal 0 0 -1
    outer loop
      vertex -35.7367 1.13752 0
      vertex -32.111 1.83031 0
      vertex -35.6247 0.999234 0
    endloop
  endfacet
  facet normal 0 0 -1
    outer loop
      vertex -35.8625 1.26335 0
      vertex -32.111 1.83031 0
      vertex -35.7367 1.13752 0
    endloop
  endfacet
  facet normal -0 0 -1
    outer loop
      vertex -32.111 1.83031 0
      vertex -35.8625 1.26335 0
      vertex -31.8971 2.25 0
    endloop
  endfacet
  facet normal 0 0 -1
    outer loop
      vertex -36.0008 1.37533 0
      vertex -31.8971 2.25 0
      vertex -35.8625 1.26335 0
    endloop
  endfacet
  facet normal 0 0 -1
    outer loop
      vertex -36.15 1.47224 0
      vertex -31.8971 2.25 0
      vertex -36.0008 1.37533 0
    endloop
  endfacet
  facet normal -0 0 -1
    outer loop
      vertex -31.8971 2.25 0
      vertex -36.15 1.47224 0
      vertex -31.6406 2.64503 0
    endloop
  endfacet
  facet normal 0 0 -1
    outer loop
      vertex -36.3085 1.55303 0
      vertex -31.6406 2.64503 0
      vertex -36.15 1.47224 0
    endloop
  endfacet
  facet normal -0 0 -1
    outer loop
      vertex -31.6406 2.64503 0
      vertex -36.3085 1.55303 0
      vertex -31.3442 3.01109 0
    endloop
  endfacet
  facet normal 0 0 -1
    outer loop
      vertex -36.4747 1.6168 0
      vertex -31.3442 3.01109 0
      vertex -36.3085 1.55303 0
    endloop
  endfacet
  facet normal 0 0 -1
    outer loop
      vertex -36.6465 1.66285 0
      vertex -31.3442 3.01109 0
      vertex -36.4747 1.6168 0
    endloop
  endfacet
  facet normal -0 0 -1
    outer loop
      vertex -31.3442 3.01109 0
      vertex -36.6465 1.66285 0
      vertex -31.0111 3.34415 0
    endloop
  endfacet
  facet normal 0 0 -1
    outer loop
      vertex -36.8223 1.69069 0
      vertex -31.0111 3.34415 0
      vertex -36.6465 1.66285 0
    endloop
  endfacet
  facet normal 0 0 -1
    outer loop
      vertex -43 9 0
      vertex -31.0111 3.34415 0
      vertex -36.8223 1.69069 0
    endloop
  endfacet
  facet normal 0 0 -1
    outer loop
      vertex -30.645 3.64058 0
      vertex -43 9 0
      vertex -30.25 3.89711 0
    endloop
  endfacet
  facet normal 0 0 -1
    outer loop
      vertex -30.25 3.89711 0
      vertex -43 9 0
      vertex -29.8303 4.11095 0
    endloop
  endfacet
  facet normal 0 0 -1
    outer loop
      vertex -31.0111 3.34415 0
      vertex -43 9 0
      vertex -30.645 3.64058 0
    endloop
  endfacet
  facet normal 0 0 -1
    outer loop
      vertex -43 9 0
      vertex -36.8223 1.69069 0
      vertex -37 1.7 0
    endloop
  endfacet
  facet normal 0 0 -1
    outer loop
      vertex -43 9 0
      vertex -37 1.7 0
      vertex -37.1777 1.69069 0
    endloop
  endfacet
  facet normal 0 0 -1
    outer loop
      vertex -43 9 0
      vertex -37.1777 1.69069 0
      vertex -37.3535 1.66285 0
    endloop
  endfacet
  facet normal 0 0 -1
    outer loop
      vertex -43 9 0
      vertex -37.3535 1.66285 0
      vertex -37.5253 1.6168 0
    endloop
  endfacet
  facet normal 0 0 -1
    outer loop
      vertex -43 9 0
      vertex -38.7 0 0
      vertex -43 -9 0
    endloop
  endfacet
  facet normal 0 0 -1
    outer loop
      vertex -38.7 0 0
      vertex -43 9 0
      vertex -38.6907 0.177698 0
    endloop
  endfacet
  facet normal 0 0 -1
    outer loop
      vertex -38.6907 0.177698 0
      vertex -43 9 0
      vertex -38.6628 0.35345 0
    endloop
  endfacet
  facet normal 0 0 -1
    outer loop
      vertex -38.6628 0.35345 0
      vertex -43 9 0
      vertex -38.6168 0.525329 0
    endloop
  endfacet
  facet normal 0 0 -1
    outer loop
      vertex -28 4.5 0
      vertex -43 9 0
      vertex -12 9 0
    endloop
  endfacet
  facet normal 0 0 -1
    outer loop
      vertex -29.8303 4.11095 0
      vertex -43 9 0
      vertex -29.3906 4.27975 0
    endloop
  endfacet
  facet normal 0 0 -1
    outer loop
      vertex -37.6915 1.55303 0
      vertex -43 9 0
      vertex -37.5253 1.6168 0
    endloop
  endfacet
  facet normal 0 0 -1
    outer loop
      vertex -37.85 1.47224 0
      vertex -43 9 0
      vertex -37.6915 1.55303 0
    endloop
  endfacet
  facet normal 0 0 -1
    outer loop
      vertex -37.9992 1.37533 0
      vertex -43 9 0
      vertex -37.85 1.47224 0
    endloop
  endfacet
  facet normal 0 0 -1
    outer loop
      vertex -38.1375 1.26335 0
      vertex -43 9 0
      vertex -37.9992 1.37533 0
    endloop
  endfacet
  facet normal 0 0 -1
    outer loop
      vertex -38.2633 1.13752 0
      vertex -43 9 0
      vertex -38.1375 1.26335 0
    endloop
  endfacet
  facet normal 0 0 -1
    outer loop
      vertex -38.3753 0.999234 0
      vertex -43 9 0
      vertex -38.2633 1.13752 0
    endloop
  endfacet
  facet normal 0 0 -1
    outer loop
      vertex -38.4722 0.849999 0
      vertex -43 9 0
      vertex -38.3753 0.999234 0
    endloop
  endfacet
  facet normal 0 0 -1
    outer loop
      vertex -38.553 0.691452 0
      vertex -43 9 0
      vertex -38.4722 0.849999 0
    endloop
  endfacet
  facet normal 0 0 -1
    outer loop
      vertex -38.6168 0.525329 0
      vertex -43 9 0
      vertex -38.553 0.691452 0
    endloop
  endfacet
  facet normal 0 0 -1
    outer loop
      vertex 2.00739 108.229 0
      vertex 5.64655 114.337 0
      vertex 2.22943 108.007 0
    endloop
  endfacet
  facet normal 0 0 -1
    outer loop
      vertex 4.73665 114.862 0
      vertex 2.98357 115.686 0
      vertex 3 116 0
    endloop
  endfacet
  facet normal -0 0 -1
    outer loop
      vertex 5.64655 114.337 0
      vertex 2.00739 108.229 0
      vertex 5.47467 114.383 0
    endloop
  endfacet
  facet normal 0 0 -1
    outer loop
      vertex 4.73665 114.862 0
      vertex 2.93444 115.376 0
      vertex 2.98357 115.686 0
    endloop
  endfacet
  facet normal 0 0 -1
    outer loop
      vertex 2.00739 113.771 0
      vertex 5.47467 114.383 0
      vertex 2.00739 108.229 0
    endloop
  endfacet
  facet normal 0 0 -1
    outer loop
      vertex 4.73665 114.862 0
      vertex 2.85317 115.073 0
      vertex 2.93444 115.376 0
    endloop
  endfacet
  facet normal -0 0 -1
    outer loop
      vertex 5.47467 114.383 0
      vertex 2.00739 113.771 0
      vertex 5.30855 114.447 0
    endloop
  endfacet
  facet normal -0 0 -1
    outer loop
      vertex 4.73665 114.862 0
      vertex 2.74064 114.78 0
      vertex 2.85317 115.073 0
    endloop
  endfacet
  facet normal 0 -0 -1
    outer loop
      vertex 2.22943 113.993 0
      vertex 5.30855 114.447 0
      vertex 2.00739 113.771 0
    endloop
  endfacet
  facet normal 0 0 -1
    outer loop
      vertex 4.73665 114.862 0
      vertex 2.59808 114.5 0
      vertex 2.74064 114.78 0
    endloop
  endfacet
  facet normal -0 0 -1
    outer loop
      vertex 5.30855 114.447 0
      vertex 2.22943 113.993 0
      vertex 5.15 114.528 0
    endloop
  endfacet
  facet normal -0 0 -1
    outer loop
      vertex 4.86248 114.737 0
      vertex 2.59808 114.5 0
      vertex 4.73665 114.862 0
    endloop
  endfacet
  facet normal 0 -0 -1
    outer loop
      vertex 2.42705 114.237 0
      vertex 5.15 114.528 0
      vertex 2.22943 113.993 0
    endloop
  endfacet
  facet normal 0 -0 -1
    outer loop
      vertex 2.59808 114.5 0
      vertex 4.86248 114.737 0
      vertex 2.42705 114.237 0
    endloop
  endfacet
  facet normal -0 0 -1
    outer loop
      vertex 5.15 114.528 0
      vertex 2.42705 114.237 0
      vertex 5.00076 114.625 0
    endloop
  endfacet
  facet normal -0 0 -1
    outer loop
      vertex 5.00076 114.625 0
      vertex 2.42705 114.237 0
      vertex 4.86248 114.737 0
    endloop
  endfacet
  facet normal 0 0 -1
    outer loop
      vertex 1.76336 108.427 0
      vertex 2.00739 113.771 0
      vertex 2.00739 108.229 0
    endloop
  endfacet
  facet normal 0 0 -1
    outer loop
      vertex 1.76336 108.427 0
      vertex 1.76336 113.573 0
      vertex 2.00739 113.771 0
    endloop
  endfacet
  facet normal 0 0 -1
    outer loop
      vertex 1.5 108.598 0
      vertex 1.76336 113.573 0
      vertex 1.76336 108.427 0
    endloop
  endfacet
  facet normal 0 0 -1
    outer loop
      vertex 1.5 108.598 0
      vertex 1.5 113.402 0
      vertex 1.76336 113.573 0
    endloop
  endfacet
  facet normal 0 0 -1
    outer loop
      vertex 1.22021 108.741 0
      vertex 1.5 113.402 0
      vertex 1.5 108.598 0
    endloop
  endfacet
  facet normal 0 0 -1
    outer loop
      vertex 1.22021 108.741 0
      vertex 1.22021 113.259 0
      vertex 1.5 113.402 0
    endloop
  endfacet
  facet normal 0 0 -1
    outer loop
      vertex 0.927051 108.853 0
      vertex 1.22021 113.259 0
      vertex 1.22021 108.741 0
    endloop
  endfacet
  facet normal 0 0 -1
    outer loop
      vertex 0.927051 108.853 0
      vertex 0.927051 113.147 0
      vertex 1.22021 113.259 0
    endloop
  endfacet
  facet normal 0 0 -1
    outer loop
      vertex 0.623734 108.934 0
      vertex 0.927051 113.147 0
      vertex 0.927051 108.853 0
    endloop
  endfacet
  facet normal 0 0 -1
    outer loop
      vertex 0.623734 108.934 0
      vertex 0.623734 113.066 0
      vertex 0.927051 113.147 0
    endloop
  endfacet
  facet normal 0 0 -1
    outer loop
      vertex 0.313585 108.984 0
      vertex 0.623734 113.066 0
      vertex 0.623734 108.934 0
    endloop
  endfacet
  facet normal 0 0 -1
    outer loop
      vertex 0.313585 108.984 0
      vertex 0.313585 113.016 0
      vertex 0.623734 113.066 0
    endloop
  endfacet
  facet normal 0 0 -1
    outer loop
      vertex 0 109 0
      vertex 0.313585 113.016 0
      vertex 0.313585 108.984 0
    endloop
  endfacet
  facet normal 0 0 -1
    outer loop
      vertex 0 109 0
      vertex 0 113 0
      vertex 0.313585 113.016 0
    endloop
  endfacet
  facet normal 0 0 -1
    outer loop
      vertex -0.313585 108.984 0
      vertex 0 113 0
      vertex 0 109 0
    endloop
  endfacet
  facet normal 0 0 -1
    outer loop
      vertex -0.313585 108.984 0
      vertex -0.313585 113.016 0
      vertex 0 113 0
    endloop
  endfacet
  facet normal 0 0 -1
    outer loop
      vertex -0.623734 108.934 0
      vertex -0.313585 113.016 0
      vertex -0.313585 108.984 0
    endloop
  endfacet
  facet normal 0 0 -1
    outer loop
      vertex -0.623734 108.934 0
      vertex -0.623734 113.066 0
      vertex -0.313585 113.016 0
    endloop
  endfacet
  facet normal 0 0 -1
    outer loop
      vertex -0.927051 108.853 0
      vertex -0.623734 113.066 0
      vertex -0.623734 108.934 0
    endloop
  endfacet
  facet normal 0 0 -1
    outer loop
      vertex -0.927051 108.853 0
      vertex -0.927051 113.147 0
      vertex -0.623734 113.066 0
    endloop
  endfacet
  facet normal 0 0 -1
    outer loop
      vertex -1.22021 108.741 0
      vertex -0.927051 113.147 0
      vertex -0.927051 108.853 0
    endloop
  endfacet
  facet normal 0 0 -1
    outer loop
      vertex -1.22021 108.741 0
      vertex -1.22021 113.259 0
      vertex -0.927051 113.147 0
    endloop
  endfacet
  facet normal 0 0 -1
    outer loop
      vertex -1.5 108.598 0
      vertex -1.22021 113.259 0
      vertex -1.22021 108.741 0
    endloop
  endfacet
  facet normal 0 0 -1
    outer loop
      vertex -1.5 108.598 0
      vertex -1.5 113.402 0
      vertex -1.22021 113.259 0
    endloop
  endfacet
  facet normal 0 0 -1
    outer loop
      vertex -1.76336 108.427 0
      vertex -1.5 113.402 0
      vertex -1.5 108.598 0
    endloop
  endfacet
  facet normal 0 0 -1
    outer loop
      vertex -1.76336 108.427 0
      vertex -1.76336 113.573 0
      vertex -1.5 113.402 0
    endloop
  endfacet
  facet normal 0 0 -1
    outer loop
      vertex -2.00739 108.229 0
      vertex -1.76336 113.573 0
      vertex -1.76336 108.427 0
    endloop
  endfacet
  facet normal 0 0 -1
    outer loop
      vertex -2.00739 108.229 0
      vertex -2.00739 113.771 0
      vertex -1.76336 113.573 0
    endloop
  endfacet
  facet normal 0 0 -1
    outer loop
      vertex -2.22943 108.007 0
      vertex -2.00739 113.771 0
      vertex -2.00739 108.229 0
    endloop
  endfacet
  facet normal 0 0 -1
    outer loop
      vertex -2.22943 108.007 0
      vertex -2.22943 113.993 0
      vertex -2.00739 113.771 0
    endloop
  endfacet
  facet normal 0 0 -1
    outer loop
      vertex -2.42705 107.763 0
      vertex -2.22943 113.993 0
      vertex -2.22943 108.007 0
    endloop
  endfacet
  facet normal 0 0 -1
    outer loop
      vertex -2.42705 107.763 0
      vertex -2.42705 114.237 0
      vertex -2.22943 113.993 0
    endloop
  endfacet
  facet normal 0 0 -1
    outer loop
      vertex -4.3 116 0
      vertex -2.42705 107.763 0
      vertex -2.59808 107.5 0
    endloop
  endfacet
  facet normal 0 0 -1
    outer loop
      vertex -2.42705 107.763 0
      vertex -4.3 116 0
      vertex -2.42705 114.237 0
    endloop
  endfacet
  facet normal 0 0 -1
    outer loop
      vertex -4.3 116 0
      vertex -2.59808 107.5 0
      vertex -2.74064 107.22 0
    endloop
  endfacet
  facet normal 0 0 -1
    outer loop
      vertex -2.42705 114.237 0
      vertex -4.3 116 0
      vertex -2.59808 114.5 0
    endloop
  endfacet
  facet normal 0 0 -1
    outer loop
      vertex -4.3 116 0
      vertex -2.74064 107.22 0
      vertex -2.85317 106.927 0
    endloop
  endfacet
  facet normal 0 0 -1
    outer loop
      vertex -2.59808 114.5 0
      vertex -4.3 116 0
      vertex -2.74064 114.78 0
    endloop
  endfacet
  facet normal 0 0 -1
    outer loop
      vertex -4.3 116 0
      vertex -2.85317 106.927 0
      vertex -2.93444 106.624 0
    endloop
  endfacet
  facet normal 0 0 -1
    outer loop
      vertex -2.74064 114.78 0
      vertex -4.3 116 0
      vertex -2.85317 115.073 0
    endloop
  endfacet
  facet normal 0 0 -1
    outer loop
      vertex -4.3 116 0
      vertex -2.93444 106.624 0
      vertex -2.98357 106.314 0
    endloop
  endfacet
  facet normal 0 0 -1
    outer loop
      vertex -2.85317 115.073 0
      vertex -4.3 116 0
      vertex -2.93444 115.376 0
    endloop
  endfacet
  facet normal 0 0 -1
    outer loop
      vertex -4.3 116 0
      vertex -2.98357 106.314 0
      vertex -3 106 0
    endloop
  endfacet
  facet normal 0 0 -1
    outer loop
      vertex -2.93444 115.376 0
      vertex -4.3 116 0
      vertex -2.98357 115.686 0
    endloop
  endfacet
  facet normal 0 0 -1
    outer loop
      vertex 4.52776 96.85 0
      vertex 2.74064 97.2202 0
      vertex 4.62467 96.9992 0
    endloop
  endfacet
  facet normal 0 0 -1
    outer loop
      vertex 4.86248 97.2633 0
      vertex 2.98357 105.686 0
      vertex 3 106 0
    endloop
  endfacet
  facet normal 0 0 -1
    outer loop
      vertex 4.62467 96.9992 0
      vertex 2.74064 97.2202 0
      vertex 4.73665 97.1375 0
    endloop
  endfacet
  facet normal 0 0 -1
    outer loop
      vertex 4.86248 97.2633 0
      vertex 2.93444 105.376 0
      vertex 2.98357 105.686 0
    endloop
  endfacet
  facet normal 0 0 -1
    outer loop
      vertex 2.59808 97.5 0
      vertex 4.73665 97.1375 0
      vertex 2.74064 97.2202 0
    endloop
  endfacet
  facet normal 0 0 -1
    outer loop
      vertex 4.86248 97.2633 0
      vertex 2.85317 105.073 0
      vertex 2.93444 105.376 0
    endloop
  endfacet
  facet normal 0 0 -1
    outer loop
      vertex 4.73665 97.1375 0
      vertex 2.59808 97.5 0
      vertex 4.86248 97.2633 0
    endloop
  endfacet
  facet normal 0 0 -1
    outer loop
      vertex 4.86248 97.2633 0
      vertex 2.74064 104.78 0
      vertex 2.85317 105.073 0
    endloop
  endfacet
  facet normal 0 0 -1
    outer loop
      vertex 2.42705 97.7634 0
      vertex 4.86248 97.2633 0
      vertex 2.59808 97.5 0
    endloop
  endfacet
  facet normal 0 0 -1
    outer loop
      vertex 4.86248 97.2633 0
      vertex 2.59808 104.5 0
      vertex 2.74064 104.78 0
    endloop
  endfacet
  facet normal 0 0 -1
    outer loop
      vertex 2.22943 98.0074 0
      vertex 4.86248 97.2633 0
      vertex 2.42705 97.7634 0
    endloop
  endfacet
  facet normal 0 0 -1
    outer loop
      vertex 4.86248 97.2633 0
      vertex 2.42705 104.237 0
      vertex 2.59808 104.5 0
    endloop
  endfacet
  facet normal 0 0 -1
    outer loop
      vertex 2.00739 98.2294 0
      vertex 4.86248 97.2633 0
      vertex 2.22943 98.0074 0
    endloop
  endfacet
  facet normal 0 0 -1
    outer loop
      vertex 4.86248 97.2633 0
      vertex 2.22943 103.993 0
      vertex 2.42705 104.237 0
    endloop
  endfacet
  facet normal 0 0 -1
    outer loop
      vertex 2.00739 103.771 0
      vertex 4.86248 97.2633 0
      vertex 2.00739 98.2294 0
    endloop
  endfacet
  facet normal 0 0 -1
    outer loop
      vertex 4.86248 97.2633 0
      vertex 2.00739 103.771 0
      vertex 2.22943 103.993 0
    endloop
  endfacet
  facet normal 0 0 -1
    outer loop
      vertex 1.76336 98.427 0
      vertex 2.00739 103.771 0
      vertex 2.00739 98.2294 0
    endloop
  endfacet
  facet normal 0 0 -1
    outer loop
      vertex 1.76336 98.427 0
      vertex 1.76336 103.573 0
      vertex 2.00739 103.771 0
    endloop
  endfacet
  facet normal 0 0 -1
    outer loop
      vertex 1.5 98.5981 0
      vertex 1.76336 103.573 0
      vertex 1.76336 98.427 0
    endloop
  endfacet
  facet normal 0 0 -1
    outer loop
      vertex 1.5 98.5981 0
      vertex 1.5 103.402 0
      vertex 1.76336 103.573 0
    endloop
  endfacet
  facet normal 0 0 -1
    outer loop
      vertex 1.22021 98.7406 0
      vertex 1.5 103.402 0
      vertex 1.5 98.5981 0
    endloop
  endfacet
  facet normal 0 0 -1
    outer loop
      vertex 1.22021 98.7406 0
      vertex 1.22021 103.259 0
      vertex 1.5 103.402 0
    endloop
  endfacet
  facet normal 0 0 -1
    outer loop
      vertex 0.927051 98.8532 0
      vertex 1.22021 103.259 0
      vertex 1.22021 98.7406 0
    endloop
  endfacet
  facet normal 0 0 -1
    outer loop
      vertex 0.927051 98.8532 0
      vertex 0.927051 103.147 0
      vertex 1.22021 103.259 0
    endloop
  endfacet
  facet normal 0 0 -1
    outer loop
      vertex 0.623734 98.9344 0
      vertex 0.927051 103.147 0
      vertex 0.927051 98.8532 0
    endloop
  endfacet
  facet normal 0 0 -1
    outer loop
      vertex 0.623734 98.9344 0
      vertex 0.623734 103.066 0
      vertex 0.927051 103.147 0
    endloop
  endfacet
  facet normal 0 0 -1
    outer loop
      vertex 0.313585 98.9836 0
      vertex 0.623734 103.066 0
      vertex 0.623734 98.9344 0
    endloop
  endfacet
  facet normal 0 0 -1
    outer loop
      vertex 0.313585 98.9836 0
      vertex 0.313585 103.016 0
      vertex 0.623734 103.066 0
    endloop
  endfacet
  facet normal 0 0 -1
    outer loop
      vertex 0 99 0
      vertex 0.313585 103.016 0
      vertex 0.313585 98.9836 0
    endloop
  endfacet
  facet normal 0 0 -1
    outer loop
      vertex 0 99 0
      vertex 0 103 0
      vertex 0.313585 103.016 0
    endloop
  endfacet
  facet normal 0 0 -1
    outer loop
      vertex -0.313585 98.9836 0
      vertex 0 103 0
      vertex 0 99 0
    endloop
  endfacet
  facet normal 0 0 -1
    outer loop
      vertex -0.313585 98.9836 0
      vertex -0.313585 103.016 0
      vertex 0 103 0
    endloop
  endfacet
  facet normal 0 0 -1
    outer loop
      vertex -0.623734 98.9344 0
      vertex -0.313585 103.016 0
      vertex -0.313585 98.9836 0
    endloop
  endfacet
  facet normal 0 0 -1
    outer loop
      vertex -0.623734 98.9344 0
      vertex -0.623734 103.066 0
      vertex -0.313585 103.016 0
    endloop
  endfacet
  facet normal 0 0 -1
    outer loop
      vertex -0.927051 98.8532 0
      vertex -0.623734 103.066 0
      vertex -0.623734 98.9344 0
    endloop
  endfacet
  facet normal 0 0 -1
    outer loop
      vertex -0.927051 98.8532 0
      vertex -0.927051 103.147 0
      vertex -0.623734 103.066 0
    endloop
  endfacet
  facet normal 0 0 -1
    outer loop
      vertex -1.22021 98.7406 0
      vertex -0.927051 103.147 0
      vertex -0.927051 98.8532 0
    endloop
  endfacet
  facet normal 0 0 -1
    outer loop
      vertex -1.22021 98.7406 0
      vertex -1.22021 103.259 0
      vertex -0.927051 103.147 0
    endloop
  endfacet
  facet normal 0 0 -1
    outer loop
      vertex -1.5 98.5981 0
      vertex -1.22021 103.259 0
      vertex -1.22021 98.7406 0
    endloop
  endfacet
  facet normal 0 0 -1
    outer loop
      vertex -1.5 98.5981 0
      vertex -1.5 103.402 0
      vertex -1.22021 103.259 0
    endloop
  endfacet
  facet normal 0 0 -1
    outer loop
      vertex -1.76336 98.427 0
      vertex -1.5 103.402 0
      vertex -1.5 98.5981 0
    endloop
  endfacet
  facet normal 0 0 -1
    outer loop
      vertex -1.76336 98.427 0
      vertex -1.76336 103.573 0
      vertex -1.5 103.402 0
    endloop
  endfacet
  facet normal 0 0 -1
    outer loop
      vertex -2.00739 98.2294 0
      vertex -1.76336 103.573 0
      vertex -1.76336 98.427 0
    endloop
  endfacet
  facet normal 0 0 -1
    outer loop
      vertex -2.00739 98.2294 0
      vertex -2.00739 103.771 0
      vertex -1.76336 103.573 0
    endloop
  endfacet
  facet normal -0 0 -1
    outer loop
      vertex -2.59808 97.5 0
      vertex -4.86248 97.2633 0
      vertex -2.42705 97.7634 0
    endloop
  endfacet
  facet normal 0 0 -1
    outer loop
      vertex -5.00076 97.3753 0
      vertex -2.42705 97.7634 0
      vertex -4.86248 97.2633 0
    endloop
  endfacet
  facet normal 0 0 -1
    outer loop
      vertex -4.62467 96.9992 0
      vertex -2.74064 97.2202 0
      vertex -4.52776 96.85 0
    endloop
  endfacet
  facet normal 0 0 -1
    outer loop
      vertex -4.73665 97.1375 0
      vertex -2.74064 97.2202 0
      vertex -4.62467 96.9992 0
    endloop
  endfacet
  facet normal 0 0 -1
    outer loop
      vertex -4.44697 96.6915 0
      vertex -2.93444 96.6237 0
      vertex -4.3832 96.5253 0
    endloop
  endfacet
  facet normal 0 0 -1
    outer loop
      vertex -2.93444 96.6237 0
      vertex -4.44697 96.6915 0
      vertex -2.85317 96.927 0
    endloop
  endfacet
  facet normal 0 0 -1
    outer loop
      vertex -4.3832 96.5253 0
      vertex -2.93444 96.6237 0
      vertex -4.33715 96.3534 0
    endloop
  endfacet
  facet normal 0 0 -1
    outer loop
      vertex -4.52776 96.85 0
      vertex -2.85317 96.927 0
      vertex -4.44697 96.6915 0
    endloop
  endfacet
  facet normal 0 0 -1
    outer loop
      vertex -2.98357 96.3136 0
      vertex -4.33715 96.3534 0
      vertex -2.93444 96.6237 0
    endloop
  endfacet
  facet normal -0 0 -1
    outer loop
      vertex -2.85317 96.927 0
      vertex -4.52776 96.85 0
      vertex -2.74064 97.2202 0
    endloop
  endfacet
  facet normal 0 0 -1
    outer loop
      vertex -4.33715 96.3534 0
      vertex -2.98357 96.3136 0
      vertex -4.30931 96.1777 0
    endloop
  endfacet
  facet normal -0 0 -1
    outer loop
      vertex -2.74064 97.2202 0
      vertex -4.73665 97.1375 0
      vertex -2.59808 97.5 0
    endloop
  endfacet
  facet normal 0 0 -1
    outer loop
      vertex -3 96 0
      vertex -4.30931 96.1777 0
      vertex -2.98357 96.3136 0
    endloop
  endfacet
  facet normal 0 0 -1
    outer loop
      vertex -4.86248 97.2633 0
      vertex -2.59808 97.5 0
      vertex -4.73665 97.1375 0
    endloop
  endfacet
  facet normal 0 0 -1
    outer loop
      vertex -4.30931 96.1777 0
      vertex -3 96 0
      vertex -4.3 96 0
    endloop
  endfacet
  facet normal 0 0 -1
    outer loop
      vertex -5.15 97.4722 0
      vertex -2.42705 97.7634 0
      vertex -5.00076 97.3753 0
    endloop
  endfacet
  facet normal -0 0 -1
    outer loop
      vertex 4.30931 95.8223 0
      vertex 2.98357 95.6864 0
      vertex 3 96 0
    endloop
  endfacet
  facet normal 0 0 -1
    outer loop
      vertex 5.15 94.5278 0
      vertex 2.93444 95.3763 0
      vertex 2.98357 95.6864 0
    endloop
  endfacet
  facet normal 0 0 -1
    outer loop
      vertex 5.15 94.5278 0
      vertex 2.85317 95.073 0
      vertex 2.93444 95.3763 0
    endloop
  endfacet
  facet normal 0 0 -1
    outer loop
      vertex 5.15 94.5278 0
      vertex 2.74064 94.7798 0
      vertex 2.85317 95.073 0
    endloop
  endfacet
  facet normal 0 0 -1
    outer loop
      vertex 1.39058 66.2798 0
      vertex 12 88 0
      vertex 1.83031 66.111 0
    endloop
  endfacet
  facet normal -0 0 -1
    outer loop
      vertex 5.15 94.5278 0
      vertex 2.59808 94.5 0
      vertex 2.74064 94.7798 0
    endloop
  endfacet
  facet normal 0 0 -1
    outer loop
      vertex 5.15 94.5278 0
      vertex 2.42705 94.2366 0
      vertex 2.59808 94.5 0
    endloop
  endfacet
  facet normal 0 -0 -1
    outer loop
      vertex 1.5 93.4019 0
      vertex 12 88 0
      vertex 1.22021 93.2594 0
    endloop
  endfacet
  facet normal 0 0 -1
    outer loop
      vertex 5.15 94.5278 0
      vertex 2.22943 93.9926 0
      vertex 2.42705 94.2366 0
    endloop
  endfacet
  facet normal -0 0 -1
    outer loop
      vertex 5.30855 94.447 0
      vertex 2.22943 93.9926 0
      vertex 5.15 94.5278 0
    endloop
  endfacet
  facet normal 0 0 -1
    outer loop
      vertex 12 88 0
      vertex 1.5 93.4019 0
      vertex 5.30855 94.447 0
    endloop
  endfacet
  facet normal 0 -0 -1
    outer loop
      vertex 2.22943 93.9926 0
      vertex 5.30855 94.447 0
      vertex 2.00739 93.7706 0
    endloop
  endfacet
  facet normal 0 -0 -1
    outer loop
      vertex 2.00739 93.7706 0
      vertex 5.30855 94.447 0
      vertex 1.76336 93.573 0
    endloop
  endfacet
  facet normal 0 0 -1
    outer loop
      vertex 0.935602 66.4017 0
      vertex 12 88 0
      vertex 1.39058 66.2798 0
    endloop
  endfacet
  facet normal 0 -0 -1
    outer loop
      vertex 1.76336 93.573 0
      vertex 5.30855 94.447 0
      vertex 1.5 93.4019 0
    endloop
  endfacet
  facet normal 0 0 -1
    outer loop
      vertex 0.470378 66.4753 0
      vertex 12 88 0
      vertex 0.935602 66.4017 0
    endloop
  endfacet
  facet normal 0 0 -1
    outer loop
      vertex 12 88 0
      vertex 0.927051 93.1468 0
      vertex 1.22021 93.2594 0
    endloop
  endfacet
  facet normal 0 0 -1
    outer loop
      vertex 12 88 0
      vertex 0.623734 93.0656 0
      vertex 0.927051 93.1468 0
    endloop
  endfacet
  facet normal 0 0 -1
    outer loop
      vertex 0.313585 93.0164 0
      vertex 12 88 0
      vertex 0.470378 66.4753 0
    endloop
  endfacet
  facet normal 0 0 -1
    outer loop
      vertex 12 88 0
      vertex 0.313585 93.0164 0
      vertex 0.623734 93.0656 0
    endloop
  endfacet
  facet normal 0 0 -1
    outer loop
      vertex 0 66.5 0
      vertex 0.313585 93.0164 0
      vertex 0.470378 66.4753 0
    endloop
  endfacet
  facet normal 0 0 -1
    outer loop
      vertex 0 66.5 0
      vertex 0 93 0
      vertex 0.313585 93.0164 0
    endloop
  endfacet
  facet normal 0 0 -1
    outer loop
      vertex 0 66.5 0
      vertex -0.313585 93.0164 0
      vertex 0 93 0
    endloop
  endfacet
  facet normal 0 0 -1
    outer loop
      vertex -0.470378 66.4753 0
      vertex -0.313585 93.0164 0
      vertex 0 66.5 0
    endloop
  endfacet
  facet normal 0 0 -1
    outer loop
      vertex -0.470378 66.4753 0
      vertex -0.623734 93.0656 0
      vertex -0.313585 93.0164 0
    endloop
  endfacet
  facet normal 0 0 -1
    outer loop
      vertex -0.935602 66.4017 0
      vertex -0.623734 93.0656 0
      vertex -0.470378 66.4753 0
    endloop
  endfacet
  facet normal -0 0 -1
    outer loop
      vertex -0.623734 93.0656 0
      vertex -0.935602 66.4017 0
      vertex -0.927051 93.1468 0
    endloop
  endfacet
  facet normal 0 0 -1
    outer loop
      vertex -1.39058 66.2798 0
      vertex -0.927051 93.1468 0
      vertex -0.935602 66.4017 0
    endloop
  endfacet
  facet normal -0 0 -1
    outer loop
      vertex -0.927051 93.1468 0
      vertex -1.39058 66.2798 0
      vertex -1.22021 93.2594 0
    endloop
  endfacet
  facet normal 0 0 -1
    outer loop
      vertex -1.83031 66.111 0
      vertex -1.22021 93.2594 0
      vertex -1.39058 66.2798 0
    endloop
  endfacet
  facet normal -0 0 -1
    outer loop
      vertex -1.22021 93.2594 0
      vertex -1.83031 66.111 0
      vertex -1.5 93.4019 0
    endloop
  endfacet
  facet normal 0 0 -1
    outer loop
      vertex -2.25 65.8971 0
      vertex -1.5 93.4019 0
      vertex -1.83031 66.111 0
    endloop
  endfacet
  facet normal -0 0 -1
    outer loop
      vertex -1.5 93.4019 0
      vertex -2.25 65.8971 0
      vertex -1.76336 93.573 0
    endloop
  endfacet
  facet normal 0 0 -1
    outer loop
      vertex -2.64503 65.6406 0
      vertex -1.76336 93.573 0
      vertex -2.25 65.8971 0
    endloop
  endfacet
  facet normal -0 0 -1
    outer loop
      vertex -1.76336 93.573 0
      vertex -2.64503 65.6406 0
      vertex -2.00739 93.7706 0
    endloop
  endfacet
  facet normal 0 0 -1
    outer loop
      vertex -3.01109 65.3442 0
      vertex -2.00739 93.7706 0
      vertex -2.64503 65.6406 0
    endloop
  endfacet
  facet normal -0 0 -1
    outer loop
      vertex -2.00739 93.7706 0
      vertex -3.01109 65.3442 0
      vertex -2.22943 93.9926 0
    endloop
  endfacet
  facet normal 0 0 -1
    outer loop
      vertex -4.30931 95.8223 0
      vertex -2.22943 93.9926 0
      vertex -3.01109 65.3442 0
    endloop
  endfacet
  facet normal 0 0 -1
    outer loop
      vertex -4.30931 95.8223 0
      vertex -2.42705 94.2366 0
      vertex -2.22943 93.9926 0
    endloop
  endfacet
  facet normal 0 0 -1
    outer loop
      vertex -4.30931 95.8223 0
      vertex -2.59808 94.5 0
      vertex -2.42705 94.2366 0
    endloop
  endfacet
  facet normal 0 0 -1
    outer loop
      vertex -4.30931 95.8223 0
      vertex -2.85317 95.073 0
      vertex -2.74064 94.7798 0
    endloop
  endfacet
  facet normal 0 0 -1
    outer loop
      vertex -4.30931 95.8223 0
      vertex -2.93444 95.3763 0
      vertex -2.85317 95.073 0
    endloop
  endfacet
  facet normal 0 0 -1
    outer loop
      vertex -4.30931 95.8223 0
      vertex -2.98357 95.6864 0
      vertex -2.93444 95.3763 0
    endloop
  endfacet
  facet normal -0 0 -1
    outer loop
      vertex -2.42705 97.7634 0
      vertex -5.15 97.4722 0
      vertex -2.22943 98.0074 0
    endloop
  endfacet
  facet normal 0 0 -1
    outer loop
      vertex -4.30931 95.8223 0
      vertex -3 96 0
      vertex -2.98357 95.6864 0
    endloop
  endfacet
  facet normal 0 0 -1
    outer loop
      vertex -4.30931 95.8223 0
      vertex -2.74064 94.7798 0
      vertex -2.59808 94.5 0
    endloop
  endfacet
  facet normal 0 0 -1
    outer loop
      vertex 4.40166 30.9356 0
      vertex 12 9 0
      vertex 4.47535 30.4704 0
    endloop
  endfacet
  facet normal 0 0 -1
    outer loop
      vertex 12 9 0
      vertex 4.47535 61.5296 0
      vertex 4.5 62 0
    endloop
  endfacet
  facet normal 0 0 -1
    outer loop
      vertex 4.40166 61.0644 0
      vertex 12 9 0
      vertex 4.40166 30.9356 0
    endloop
  endfacet
  facet normal 0 0 -1
    outer loop
      vertex 12 9 0
      vertex 4.40166 61.0644 0
      vertex 4.47535 61.5296 0
    endloop
  endfacet
  facet normal 0 0 -1
    outer loop
      vertex 4.27975 31.3906 0
      vertex 4.40166 61.0644 0
      vertex 4.40166 30.9356 0
    endloop
  endfacet
  facet normal 0 0 -1
    outer loop
      vertex 4.27975 31.3906 0
      vertex 4.27975 60.6094 0
      vertex 4.40166 61.0644 0
    endloop
  endfacet
  facet normal 0 0 -1
    outer loop
      vertex 4.11095 31.8303 0
      vertex 4.27975 60.6094 0
      vertex 4.27975 31.3906 0
    endloop
  endfacet
  facet normal 0 0 -1
    outer loop
      vertex 4.11095 31.8303 0
      vertex 4.11095 60.1697 0
      vertex 4.27975 60.6094 0
    endloop
  endfacet
  facet normal 0 0 -1
    outer loop
      vertex 3.89711 32.25 0
      vertex 4.11095 60.1697 0
      vertex 4.11095 31.8303 0
    endloop
  endfacet
  facet normal 0 0 -1
    outer loop
      vertex 3.89711 32.25 0
      vertex 3.89711 59.75 0
      vertex 4.11095 60.1697 0
    endloop
  endfacet
  facet normal 0 0 -1
    outer loop
      vertex 3.64058 32.645 0
      vertex 3.89711 59.75 0
      vertex 3.89711 32.25 0
    endloop
  endfacet
  facet normal 0 0 -1
    outer loop
      vertex 3.64058 32.645 0
      vertex 3.64058 59.355 0
      vertex 3.89711 59.75 0
    endloop
  endfacet
  facet normal 0 0 -1
    outer loop
      vertex 3.34415 33.0111 0
      vertex 3.64058 59.355 0
      vertex 3.64058 32.645 0
    endloop
  endfacet
  facet normal 0 0 -1
    outer loop
      vertex 3.34415 33.0111 0
      vertex 3.34415 58.9889 0
      vertex 3.64058 59.355 0
    endloop
  endfacet
  facet normal 0 0 -1
    outer loop
      vertex 3.01109 33.3442 0
      vertex 3.34415 58.9889 0
      vertex 3.34415 33.0111 0
    endloop
  endfacet
  facet normal 0 0 -1
    outer loop
      vertex 3.01109 33.3442 0
      vertex 3.01109 58.6558 0
      vertex 3.34415 58.9889 0
    endloop
  endfacet
  facet normal 0 0 -1
    outer loop
      vertex 2.64503 33.6406 0
      vertex 3.01109 58.6558 0
      vertex 3.01109 33.3442 0
    endloop
  endfacet
  facet normal 0 0 -1
    outer loop
      vertex 2.64503 33.6406 0
      vertex 2.64503 58.3594 0
      vertex 3.01109 58.6558 0
    endloop
  endfacet
  facet normal 0 0 -1
    outer loop
      vertex 2.25 33.8971 0
      vertex 2.64503 58.3594 0
      vertex 2.64503 33.6406 0
    endloop
  endfacet
  facet normal 0 0 -1
    outer loop
      vertex 2.25 33.8971 0
      vertex 2.25 58.1029 0
      vertex 2.64503 58.3594 0
    endloop
  endfacet
  facet normal 0 0 -1
    outer loop
      vertex 1.83031 34.111 0
      vertex 2.25 58.1029 0
      vertex 2.25 33.8971 0
    endloop
  endfacet
  facet normal 0 0 -1
    outer loop
      vertex 1.83031 34.111 0
      vertex 1.83031 57.889 0
      vertex 2.25 58.1029 0
    endloop
  endfacet
  facet normal 0 0 -1
    outer loop
      vertex 1.39058 34.2798 0
      vertex 1.83031 57.889 0
      vertex 1.83031 34.111 0
    endloop
  endfacet
  facet normal 0 0 -1
    outer loop
      vertex 1.39058 34.2798 0
      vertex 1.39058 57.7202 0
      vertex 1.83031 57.889 0
    endloop
  endfacet
  facet normal 0 0 -1
    outer loop
      vertex 0.935602 34.4017 0
      vertex 1.39058 57.7202 0
      vertex 1.39058 34.2798 0
    endloop
  endfacet
  facet normal 0 0 -1
    outer loop
      vertex 0.935602 34.4017 0
      vertex 0.935602 57.5983 0
      vertex 1.39058 57.7202 0
    endloop
  endfacet
  facet normal 0 0 -1
    outer loop
      vertex 0.470378 34.4753 0
      vertex 0.935602 57.5983 0
      vertex 0.935602 34.4017 0
    endloop
  endfacet
  facet normal 0 0 -1
    outer loop
      vertex 0.470378 34.4753 0
      vertex 0.470378 57.5247 0
      vertex 0.935602 57.5983 0
    endloop
  endfacet
  facet normal 0 0 -1
    outer loop
      vertex 0 34.5 0
      vertex 0.470378 57.5247 0
      vertex 0.470378 34.4753 0
    endloop
  endfacet
  facet normal 0 0 -1
    outer loop
      vertex 0 34.5 0
      vertex 0 57.5 0
      vertex 0.470378 57.5247 0
    endloop
  endfacet
  facet normal 0 0 -1
    outer loop
      vertex -0.470378 34.4753 0
      vertex 0 57.5 0
      vertex 0 34.5 0
    endloop
  endfacet
  facet normal 0 0 -1
    outer loop
      vertex -0.470378 34.4753 0
      vertex -0.470378 57.5247 0
      vertex 0 57.5 0
    endloop
  endfacet
  facet normal 0 0 -1
    outer loop
      vertex -0.935602 34.4017 0
      vertex -0.470378 57.5247 0
      vertex -0.470378 34.4753 0
    endloop
  endfacet
  facet normal 0 0 -1
    outer loop
      vertex -0.935602 34.4017 0
      vertex -0.935602 57.5983 0
      vertex -0.470378 57.5247 0
    endloop
  endfacet
  facet normal 0 0 -1
    outer loop
      vertex -1.39058 34.2798 0
      vertex -0.935602 57.5983 0
      vertex -0.935602 34.4017 0
    endloop
  endfacet
  facet normal 0 0 -1
    outer loop
      vertex -1.39058 34.2798 0
      vertex -1.39058 57.7202 0
      vertex -0.935602 57.5983 0
    endloop
  endfacet
  facet normal 0 0 -1
    outer loop
      vertex -1.83031 34.111 0
      vertex -1.39058 57.7202 0
      vertex -1.39058 34.2798 0
    endloop
  endfacet
  facet normal 0 0 -1
    outer loop
      vertex -1.83031 34.111 0
      vertex -1.83031 57.889 0
      vertex -1.39058 57.7202 0
    endloop
  endfacet
  facet normal 0 0 -1
    outer loop
      vertex -2.25 33.8971 0
      vertex -1.83031 57.889 0
      vertex -1.83031 34.111 0
    endloop
  endfacet
  facet normal 0 0 -1
    outer loop
      vertex -2.25 33.8971 0
      vertex -2.25 58.1029 0
      vertex -1.83031 57.889 0
    endloop
  endfacet
  facet normal 0 0 -1
    outer loop
      vertex -2.64503 33.6406 0
      vertex -2.25 58.1029 0
      vertex -2.25 33.8971 0
    endloop
  endfacet
  facet normal 0 0 -1
    outer loop
      vertex -2.64503 33.6406 0
      vertex -2.64503 58.3594 0
      vertex -2.25 58.1029 0
    endloop
  endfacet
  facet normal 0 0 -1
    outer loop
      vertex -3.01109 33.3442 0
      vertex -2.64503 58.3594 0
      vertex -2.64503 33.6406 0
    endloop
  endfacet
  facet normal 0 0 -1
    outer loop
      vertex -3.01109 33.3442 0
      vertex -3.01109 58.6558 0
      vertex -2.64503 58.3594 0
    endloop
  endfacet
  facet normal 0 0 -1
    outer loop
      vertex -3.34415 33.0111 0
      vertex -3.01109 58.6558 0
      vertex -3.01109 33.3442 0
    endloop
  endfacet
  facet normal 0 0 -1
    outer loop
      vertex -3.34415 33.0111 0
      vertex -3.34415 58.9889 0
      vertex -3.01109 58.6558 0
    endloop
  endfacet
  facet normal 0 0 -1
    outer loop
      vertex -3.64058 32.645 0
      vertex -3.34415 58.9889 0
      vertex -3.34415 33.0111 0
    endloop
  endfacet
  facet normal 0 0 -1
    outer loop
      vertex -3.64058 32.645 0
      vertex -3.64058 59.355 0
      vertex -3.34415 58.9889 0
    endloop
  endfacet
  facet normal 0 0 -1
    outer loop
      vertex -3.89711 32.25 0
      vertex -3.64058 59.355 0
      vertex -3.64058 32.645 0
    endloop
  endfacet
  facet normal 0 0 -1
    outer loop
      vertex -3.89711 32.25 0
      vertex -3.89711 59.75 0
      vertex -3.64058 59.355 0
    endloop
  endfacet
  facet normal 0 0 -1
    outer loop
      vertex -4.11095 31.8303 0
      vertex -3.89711 59.75 0
      vertex -3.89711 32.25 0
    endloop
  endfacet
  facet normal 0 0 -1
    outer loop
      vertex -4.11095 31.8303 0
      vertex -4.11095 60.1697 0
      vertex -3.89711 59.75 0
    endloop
  endfacet
  facet normal 0 0 -1
    outer loop
      vertex -4.27975 31.3906 0
      vertex -4.11095 60.1697 0
      vertex -4.11095 31.8303 0
    endloop
  endfacet
  facet normal 0 0 -1
    outer loop
      vertex -4.27975 31.3906 0
      vertex -4.27975 60.6094 0
      vertex -4.11095 60.1697 0
    endloop
  endfacet
  facet normal 0 0 -1
    outer loop
      vertex -4.40166 30.9356 0
      vertex -4.27975 60.6094 0
      vertex -4.27975 31.3906 0
    endloop
  endfacet
  facet normal 0 0 -1
    outer loop
      vertex -4.40166 30.9356 0
      vertex -4.40166 61.0644 0
      vertex -4.27975 60.6094 0
    endloop
  endfacet
  facet normal 0 0 -1
    outer loop
      vertex -12 9 0
      vertex -4.40166 30.9356 0
      vertex -4.47535 30.4704 0
    endloop
  endfacet
  facet normal -0 0 -1
    outer loop
      vertex -4.40166 30.9356 0
      vertex -12 9 0
      vertex -4.40166 61.0644 0
    endloop
  endfacet
  facet normal 0 0 -1
    outer loop
      vertex -12 9 0
      vertex -4.47535 30.4704 0
      vertex -4.5 30 0
    endloop
  endfacet
  facet normal -0 0 -1
    outer loop
      vertex -4.40166 61.0644 0
      vertex -12 9 0
      vertex -4.47535 61.5296 0
    endloop
  endfacet
  facet normal -0 0 -1
    outer loop
      vertex 9.30855 104.447 0
      vertex 6.52533 97.6168 0
      vertex 9.15 104.528 0
    endloop
  endfacet
  facet normal 0 0 -1
    outer loop
      vertex 8.3 106 0
      vertex 7.69069 115.822 0
      vertex 7.7 116 0
    endloop
  endfacet
  facet normal 0 0 -1
    outer loop
      vertex 6.35345 97.6628 0
      vertex 9.15 104.528 0
      vertex 6.52533 97.6168 0
    endloop
  endfacet
  facet normal 0 0 -1
    outer loop
      vertex 8.3 106 0
      vertex 7.66285 115.647 0
      vertex 7.69069 115.822 0
    endloop
  endfacet
  facet normal -0 0 -1
    outer loop
      vertex 9.15 104.528 0
      vertex 6.35345 97.6628 0
      vertex 9.00076 104.625 0
    endloop
  endfacet
  facet normal 0 0 -1
    outer loop
      vertex 8.3 106 0
      vertex 7.6168 115.475 0
      vertex 7.66285 115.647 0
    endloop
  endfacet
  facet normal 0 0 -1
    outer loop
      vertex 6.1777 97.6907 0
      vertex 9.00076 104.625 0
      vertex 6.35345 97.6628 0
    endloop
  endfacet
  facet normal 0 0 -1
    outer loop
      vertex 8.3 106 0
      vertex 7.55303 115.309 0
      vertex 7.6168 115.475 0
    endloop
  endfacet
  facet normal -0 0 -1
    outer loop
      vertex 9.00076 104.625 0
      vertex 6.1777 97.6907 0
      vertex 8.86248 104.737 0
    endloop
  endfacet
  facet normal 0 0 -1
    outer loop
      vertex 8.3 106 0
      vertex 7.47224 115.15 0
      vertex 7.55303 115.309 0
    endloop
  endfacet
  facet normal 0 0 -1
    outer loop
      vertex 6 97.7 0
      vertex 8.86248 104.737 0
      vertex 6.1777 97.6907 0
    endloop
  endfacet
  facet normal 0 0 -1
    outer loop
      vertex 8.3 106 0
      vertex 7.37533 115.001 0
      vertex 7.47224 115.15 0
    endloop
  endfacet
  facet normal -0 0 -1
    outer loop
      vertex 8.86248 104.737 0
      vertex 6 97.7 0
      vertex 8.73665 104.862 0
    endloop
  endfacet
  facet normal 0 0 -1
    outer loop
      vertex 8.3 106 0
      vertex 7.26335 114.862 0
      vertex 7.37533 115.001 0
    endloop
  endfacet
  facet normal 0 0 -1
    outer loop
      vertex 5.8223 97.6907 0
      vertex 8.73665 104.862 0
      vertex 6 97.7 0
    endloop
  endfacet
  facet normal 0 0 -1
    outer loop
      vertex 8.3 106 0
      vertex 7.13752 114.737 0
      vertex 7.26335 114.862 0
    endloop
  endfacet
  facet normal -0 0 -1
    outer loop
      vertex 8.73665 104.862 0
      vertex 5.8223 97.6907 0
      vertex 8.62467 105.001 0
    endloop
  endfacet
  facet normal 0 0 -1
    outer loop
      vertex 2.98357 106.314 0
      vertex 8.3 106 0
      vertex 3 106 0
    endloop
  endfacet
  facet normal 0 0 -1
    outer loop
      vertex 3 106 0
      vertex 8.62467 105.001 0
      vertex 5.8223 97.6907 0
    endloop
  endfacet
  facet normal 0 0 -1
    outer loop
      vertex 8.3 106 0
      vertex 6.99923 114.625 0
      vertex 7.13752 114.737 0
    endloop
  endfacet
  facet normal 0 0 -1
    outer loop
      vertex 8.62467 105.001 0
      vertex 3 106 0
      vertex 8.52776 105.15 0
    endloop
  endfacet
  facet normal 0 0 -1
    outer loop
      vertex 8.3 106 0
      vertex 6.85 114.528 0
      vertex 6.99923 114.625 0
    endloop
  endfacet
  facet normal 0 0 -1
    outer loop
      vertex 8.52776 105.15 0
      vertex 3 106 0
      vertex 8.44697 105.309 0
    endloop
  endfacet
  facet normal 0 0 -1
    outer loop
      vertex 8.3 106 0
      vertex 6.69145 114.447 0
      vertex 6.85 114.528 0
    endloop
  endfacet
  facet normal 0 0 -1
    outer loop
      vertex 8.44697 105.309 0
      vertex 3 106 0
      vertex 8.3832 105.475 0
    endloop
  endfacet
  facet normal 0 0 -1
    outer loop
      vertex 8.3 106 0
      vertex 6.52533 114.383 0
      vertex 6.69145 114.447 0
    endloop
  endfacet
  facet normal 0 0 -1
    outer loop
      vertex 8.3832 105.475 0
      vertex 3 106 0
      vertex 8.33715 105.647 0
    endloop
  endfacet
  facet normal 0 0 -1
    outer loop
      vertex 8.3 106 0
      vertex 6.35345 114.337 0
      vertex 6.52533 114.383 0
    endloop
  endfacet
  facet normal 0 0 -1
    outer loop
      vertex 8.30931 105.822 0
      vertex 3 106 0
      vertex 8.3 106 0
    endloop
  endfacet
  facet normal 0 0 -1
    outer loop
      vertex 8.3 106 0
      vertex 6.1777 114.309 0
      vertex 6.35345 114.337 0
    endloop
  endfacet
  facet normal 0 0 -1
    outer loop
      vertex 8.33715 105.647 0
      vertex 3 106 0
      vertex 8.30931 105.822 0
    endloop
  endfacet
  facet normal 0 0 -1
    outer loop
      vertex 8.3 106 0
      vertex 6 114.3 0
      vertex 6.1777 114.309 0
    endloop
  endfacet
  facet normal 0 0 -1
    outer loop
      vertex 3 106 0
      vertex 5.8223 97.6907 0
      vertex 5.64655 97.6628 0
    endloop
  endfacet
  facet normal 0 0 -1
    outer loop
      vertex 2.93444 106.624 0
      vertex 8.3 106 0
      vertex 2.98357 106.314 0
    endloop
  endfacet
  facet normal 0 0 -1
    outer loop
      vertex 3 106 0
      vertex 5.64655 97.6628 0
      vertex 5.47467 97.6168 0
    endloop
  endfacet
  facet normal 0 0 -1
    outer loop
      vertex 2.85317 106.927 0
      vertex 8.3 106 0
      vertex 2.93444 106.624 0
    endloop
  endfacet
  facet normal 0 0 -1
    outer loop
      vertex 3 106 0
      vertex 5.47467 97.6168 0
      vertex 5.30855 97.553 0
    endloop
  endfacet
  facet normal 0 0 -1
    outer loop
      vertex 2.74064 107.22 0
      vertex 8.3 106 0
      vertex 2.85317 106.927 0
    endloop
  endfacet
  facet normal 0 0 -1
    outer loop
      vertex 3 106 0
      vertex 5.30855 97.553 0
      vertex 5.15 97.4722 0
    endloop
  endfacet
  facet normal 0 0 -1
    outer loop
      vertex 2.59808 107.5 0
      vertex 8.3 106 0
      vertex 2.74064 107.22 0
    endloop
  endfacet
  facet normal 0 0 -1
    outer loop
      vertex 3 106 0
      vertex 5.15 97.4722 0
      vertex 5.00076 97.3753 0
    endloop
  endfacet
  facet normal 0 0 -1
    outer loop
      vertex 8.3 106 0
      vertex 2.59808 107.5 0
      vertex 6 114.3 0
    endloop
  endfacet
  facet normal 0 0 -1
    outer loop
      vertex 3 106 0
      vertex 5.00076 97.3753 0
      vertex 4.86248 97.2633 0
    endloop
  endfacet
  facet normal 0 0 -1
    outer loop
      vertex 2.42705 107.763 0
      vertex 6 114.3 0
      vertex 2.59808 107.5 0
    endloop
  endfacet
  facet normal 0 0 -1
    outer loop
      vertex 2.74064 97.2202 0
      vertex 4.52776 96.85 0
      vertex 2.85317 96.927 0
    endloop
  endfacet
  facet normal -0 0 -1
    outer loop
      vertex 6 114.3 0
      vertex 2.42705 107.763 0
      vertex 5.8223 114.309 0
    endloop
  endfacet
  facet normal 0 0 -1
    outer loop
      vertex 2.85317 96.927 0
      vertex 4.44697 96.6915 0
      vertex 2.93444 96.6237 0
    endloop
  endfacet
  facet normal 0 0 -1
    outer loop
      vertex 2.22943 108.007 0
      vertex 5.8223 114.309 0
      vertex 2.42705 107.763 0
    endloop
  endfacet
  facet normal 0 0 -1
    outer loop
      vertex 4.3832 96.5253 0
      vertex 2.93444 96.6237 0
      vertex 4.44697 96.6915 0
    endloop
  endfacet
  facet normal -0 0 -1
    outer loop
      vertex 5.8223 114.309 0
      vertex 2.22943 108.007 0
      vertex 5.64655 114.337 0
    endloop
  endfacet
  facet normal 0 0 -1
    outer loop
      vertex 4.33715 96.3534 0
      vertex 2.93444 96.6237 0
      vertex 4.3832 96.5253 0
    endloop
  endfacet
  facet normal 0 0 -1
    outer loop
      vertex 4.73665 114.862 0
      vertex 3 116 0
      vertex 4.62467 115.001 0
    endloop
  endfacet
  facet normal 0 0 -1
    outer loop
      vertex 2.93444 96.6237 0
      vertex 4.33715 96.3534 0
      vertex 2.98357 96.3136 0
    endloop
  endfacet
  facet normal 0 0 -1
    outer loop
      vertex 4.62467 115.001 0
      vertex 3 116 0
      vertex 4.52776 115.15 0
    endloop
  endfacet
  facet normal 0 0 -1
    outer loop
      vertex 4.30931 96.1777 0
      vertex 2.98357 96.3136 0
      vertex 4.33715 96.3534 0
    endloop
  endfacet
  facet normal 0 0 -1
    outer loop
      vertex 4.52776 115.15 0
      vertex 3 116 0
      vertex 4.44697 115.309 0
    endloop
  endfacet
  facet normal 0 0 -1
    outer loop
      vertex 2.98357 96.3136 0
      vertex 4.30931 96.1777 0
      vertex 3 96 0
    endloop
  endfacet
  facet normal 0 0 -1
    outer loop
      vertex 4.44697 115.309 0
      vertex 3 116 0
      vertex 4.3832 115.475 0
    endloop
  endfacet
  facet normal 0 0 -1
    outer loop
      vertex 3 96 0
      vertex 4.30931 96.1777 0
      vertex 4.3 96 0
    endloop
  endfacet
  facet normal 0 0 -1
    outer loop
      vertex 4.3832 115.475 0
      vertex 3 116 0
      vertex 4.33715 115.647 0
    endloop
  endfacet
  facet normal 0 0 -1
    outer loop
      vertex 43 -9 0
      vertex 38.7 0 0
      vertex 43 9 0
    endloop
  endfacet
  facet normal 0 0 -1
    outer loop
      vertex 43 -9 0
      vertex 38.6907 -0.177698 0
      vertex 38.7 0 0
    endloop
  endfacet
  facet normal 0 0 -1
    outer loop
      vertex 43 -9 0
      vertex 38.6628 -0.35345 0
      vertex 38.6907 -0.177698 0
    endloop
  endfacet
  facet normal 0 0 -1
    outer loop
      vertex 43 -9 0
      vertex 38.6168 -0.525329 0
      vertex 38.6628 -0.35345 0
    endloop
  endfacet
  facet normal 0 0 -1
    outer loop
      vertex 43 -9 0
      vertex 38.553 -0.691452 0
      vertex 38.6168 -0.525329 0
    endloop
  endfacet
  facet normal 0 0 -1
    outer loop
      vertex 43 -9 0
      vertex 38.4722 -0.849999 0
      vertex 38.553 -0.691452 0
    endloop
  endfacet
  facet normal 0 0 -1
    outer loop
      vertex 43 -9 0
      vertex 38.3753 -0.999234 0
      vertex 38.4722 -0.849999 0
    endloop
  endfacet
  facet normal 0 0 -1
    outer loop
      vertex 43 -9 0
      vertex 38.2633 -1.13752 0
      vertex 38.3753 -0.999234 0
    endloop
  endfacet
  facet normal 0 0 -1
    outer loop
      vertex 43 -9 0
      vertex 38.1375 -1.26335 0
      vertex 38.2633 -1.13752 0
    endloop
  endfacet
  facet normal 0 0 -1
    outer loop
      vertex 43 -9 0
      vertex 37.9992 -1.37533 0
      vertex 38.1375 -1.26335 0
    endloop
  endfacet
  facet normal 0 0 -1
    outer loop
      vertex 43 -9 0
      vertex 37.85 -1.47224 0
      vertex 37.9992 -1.37533 0
    endloop
  endfacet
  facet normal 0 0 -1
    outer loop
      vertex 43 -9 0
      vertex 37.6915 -1.55303 0
      vertex 37.85 -1.47224 0
    endloop
  endfacet
  facet normal 0 0 -1
    outer loop
      vertex 43 -9 0
      vertex 37.5253 -1.6168 0
      vertex 37.6915 -1.55303 0
    endloop
  endfacet
  facet normal 0 0 -1
    outer loop
      vertex 43 -9 0
      vertex 37.3535 -1.66285 0
      vertex 37.5253 -1.6168 0
    endloop
  endfacet
  facet normal 0 0 -1
    outer loop
      vertex 43 -9 0
      vertex 37.1777 -1.69069 0
      vertex 37.3535 -1.66285 0
    endloop
  endfacet
  facet normal 0 0 -1
    outer loop
      vertex 43 -9 0
      vertex 37 -1.7 0
      vertex 37.1777 -1.69069 0
    endloop
  endfacet
  facet normal 0 0 -1
    outer loop
      vertex 43 -9 0
      vertex 36.8223 -1.69069 0
      vertex 37 -1.7 0
    endloop
  endfacet
  facet normal 0 0 -1
    outer loop
      vertex 31.0111 -3.34415 0
      vertex 36.8223 -1.69069 0
      vertex 43 -9 0
    endloop
  endfacet
  facet normal -0 0 -1
    outer loop
      vertex 36.8223 -1.69069 0
      vertex 31.0111 -3.34415 0
      vertex 36.6465 -1.66285 0
    endloop
  endfacet
  facet normal 0 -0 -1
    outer loop
      vertex 31.3442 -3.01109 0
      vertex 36.6465 -1.66285 0
      vertex 31.0111 -3.34415 0
    endloop
  endfacet
  facet normal -0 0 -1
    outer loop
      vertex 36.6465 -1.66285 0
      vertex 31.3442 -3.01109 0
      vertex 36.4747 -1.6168 0
    endloop
  endfacet
  facet normal -0 0 -1
    outer loop
      vertex 36.4747 -1.6168 0
      vertex 31.3442 -3.01109 0
      vertex 36.3085 -1.55303 0
    endloop
  endfacet
  facet normal 0 -0 -1
    outer loop
      vertex 31.6406 -2.64503 0
      vertex 36.3085 -1.55303 0
      vertex 31.3442 -3.01109 0
    endloop
  endfacet
  facet normal -0 0 -1
    outer loop
      vertex 36.3085 -1.55303 0
      vertex 31.6406 -2.64503 0
      vertex 36.15 -1.47224 0
    endloop
  endfacet
  facet normal 0 0 -1
    outer loop
      vertex 35.3093 -0.177698 0
      vertex 32.5 0 0
      vertex 35.3 0 0
    endloop
  endfacet
  facet normal 0 0 -1
    outer loop
      vertex 32.4753 -0.470378 0
      vertex 35.3093 -0.177698 0
      vertex 35.3372 -0.35345 0
    endloop
  endfacet
  facet normal 0 0 -1
    outer loop
      vertex 32.4753 -0.470378 0
      vertex 35.3372 -0.35345 0
      vertex 35.3832 -0.525329 0
    endloop
  endfacet
  facet normal 0 0 -1
    outer loop
      vertex 32.4017 -0.935602 0
      vertex 35.3832 -0.525329 0
      vertex 35.447 -0.691452 0
    endloop
  endfacet
  facet normal 0 0 -1
    outer loop
      vertex 32.4017 -0.935602 0
      vertex 35.447 -0.691452 0
      vertex 35.5278 -0.849999 0
    endloop
  endfacet
  facet normal 0 0 -1
    outer loop
      vertex 32.2798 -1.39058 0
      vertex 35.5278 -0.849999 0
      vertex 35.6247 -0.999234 0
    endloop
  endfacet
  facet normal 0 0 -1
    outer loop
      vertex 32.2798 -1.39058 0
      vertex 35.6247 -0.999234 0
      vertex 35.7367 -1.13752 0
    endloop
  endfacet
  facet normal -0 0 -1
    outer loop
      vertex 36.15 -1.47224 0
      vertex 31.8971 -2.25 0
      vertex 36.0008 -1.37533 0
    endloop
  endfacet
  facet normal -0 0 -1
    outer loop
      vertex 35.3093 -0.177698 0
      vertex 32.4753 -0.470378 0
      vertex 32.5 0 0
    endloop
  endfacet
  facet normal -0 0 -1
    outer loop
      vertex 35.3832 -0.525329 0
      vertex 32.4017 -0.935602 0
      vertex 32.4753 -0.470378 0
    endloop
  endfacet
  facet normal 0 0 -1
    outer loop
      vertex 35.5278 -0.849999 0
      vertex 32.2798 -1.39058 0
      vertex 32.4017 -0.935602 0
    endloop
  endfacet
  facet normal 0 0 -1
    outer loop
      vertex 35.7367 -1.13752 0
      vertex 32.111 -1.83031 0
      vertex 32.2798 -1.39058 0
    endloop
  endfacet
  facet normal -0 0 -1
    outer loop
      vertex 35.8625 -1.26335 0
      vertex 32.111 -1.83031 0
      vertex 35.7367 -1.13752 0
    endloop
  endfacet
  facet normal 0 -0 -1
    outer loop
      vertex 32.111 -1.83031 0
      vertex 35.8625 -1.26335 0
      vertex 31.8971 -2.25 0
    endloop
  endfacet
  facet normal -0 0 -1
    outer loop
      vertex 36.0008 -1.37533 0
      vertex 31.8971 -2.25 0
      vertex 35.8625 -1.26335 0
    endloop
  endfacet
  facet normal 0 -0 -1
    outer loop
      vertex 31.8971 -2.25 0
      vertex 36.15 -1.47224 0
      vertex 31.6406 -2.64503 0
    endloop
  endfacet
  facet normal 0 0 -1
    outer loop
      vertex 43 -9 0
      vertex 30.645 -3.64058 0
      vertex 31.0111 -3.34415 0
    endloop
  endfacet
  facet normal 0 0 -1
    outer loop
      vertex 43 -9 0
      vertex 30.25 -3.89711 0
      vertex 30.645 -3.64058 0
    endloop
  endfacet
  facet normal 0 0 -1
    outer loop
      vertex 43 -9 0
      vertex 29.8303 -4.11095 0
      vertex 30.25 -3.89711 0
    endloop
  endfacet
  facet normal 0 0 -1
    outer loop
      vertex 43 -9 0
      vertex 29.3906 -4.27975 0
      vertex 29.8303 -4.11095 0
    endloop
  endfacet
  facet normal 0 0 -1
    outer loop
      vertex 43 -9 0
      vertex 28.9356 -4.40166 0
      vertex 29.3906 -4.27975 0
    endloop
  endfacet
  facet normal 0 0 -1
    outer loop
      vertex 43 -9 0
      vertex 28.4704 -4.47535 0
      vertex 28.9356 -4.40166 0
    endloop
  endfacet
  facet normal 0 0 -1
    outer loop
      vertex 43 -9 0
      vertex 28 -4.5 0
      vertex 28.4704 -4.47535 0
    endloop
  endfacet
  facet normal 0 0 -1
    outer loop
      vertex 43 -9 0
      vertex 27.5296 -4.47535 0
      vertex 28 -4.5 0
    endloop
  endfacet
  facet normal 0 0 -1
    outer loop
      vertex 43 -9 0
      vertex 27.0644 -4.40166 0
      vertex 27.5296 -4.47535 0
    endloop
  endfacet
  facet normal 0 0 -1
    outer loop
      vertex -27.0644 -4.40166 0
      vertex 27.0644 -4.40166 0
      vertex 43 -9 0
    endloop
  endfacet
  facet normal 0 0 -1
    outer loop
      vertex 23.5247 -0.470378 0
      vertex 12 9 0
      vertex 23.5 0 0
    endloop
  endfacet
  facet normal 0 0 -1
    outer loop
      vertex 23.5983 -0.935602 0
      vertex 12 9 0
      vertex 23.5247 -0.470378 0
    endloop
  endfacet
  facet normal 0 0 -1
    outer loop
      vertex 23.7202 -1.39058 0
      vertex 12 9 0
      vertex 23.5983 -0.935602 0
    endloop
  endfacet
  facet normal 0 0 -1
    outer loop
      vertex 23.889 -1.83031 0
      vertex 12 9 0
      vertex 23.7202 -1.39058 0
    endloop
  endfacet
  facet normal 0 0 -1
    outer loop
      vertex 24.1029 -2.25 0
      vertex 12 9 0
      vertex 23.889 -1.83031 0
    endloop
  endfacet
  facet normal 0 0 -1
    outer loop
      vertex -24.1029 -2.25 0
      vertex 24.1029 -2.25 0
      vertex 24.3594 -2.64503 0
    endloop
  endfacet
  facet normal 0 0 -1
    outer loop
      vertex -24.3594 -2.64503 0
      vertex 24.3594 -2.64503 0
      vertex 24.6558 -3.01109 0
    endloop
  endfacet
  facet normal 0 0 -1
    outer loop
      vertex -24.6558 -3.01109 0
      vertex 24.6558 -3.01109 0
      vertex 24.9889 -3.34415 0
    endloop
  endfacet
  facet normal 0 0 -1
    outer loop
      vertex 4.5 62 0
      vertex 12 88 0
      vertex 12 9 0
    endloop
  endfacet
  facet normal 0 0 -1
    outer loop
      vertex 12 88 0
      vertex 11.6907 105.822 0
      vertex 11.7 106 0
    endloop
  endfacet
  facet normal 0 0 -1
    outer loop
      vertex 12 88 0
      vertex 11.6629 105.647 0
      vertex 11.6907 105.822 0
    endloop
  endfacet
  facet normal 0 0 -1
    outer loop
      vertex 12 88 0
      vertex 11.6168 105.475 0
      vertex 11.6629 105.647 0
    endloop
  endfacet
  facet normal 0 0 -1
    outer loop
      vertex 4.47535 62.4704 0
      vertex 12 88 0
      vertex 4.5 62 0
    endloop
  endfacet
  facet normal 0 0 -1
    outer loop
      vertex 12 88 0
      vertex 11.553 105.309 0
      vertex 11.6168 105.475 0
    endloop
  endfacet
  facet normal 0 0 -1
    outer loop
      vertex 4.40166 62.9356 0
      vertex 12 88 0
      vertex 4.47535 62.4704 0
    endloop
  endfacet
  facet normal 0 -0 -1
    outer loop
      vertex 7.66285 95.6465 0
      vertex 12 88 0
      vertex 7.6168 95.4747 0
    endloop
  endfacet
  facet normal 0 0 -1
    outer loop
      vertex 12 88 0
      vertex 11.4722 105.15 0
      vertex 11.553 105.309 0
    endloop
  endfacet
  facet normal 0 -0 -1
    outer loop
      vertex 7.69069 95.8223 0
      vertex 12 88 0
      vertex 7.66285 95.6465 0
    endloop
  endfacet
  facet normal 0 0 -1
    outer loop
      vertex 12 88 0
      vertex 11.3753 105.001 0
      vertex 11.4722 105.15 0
    endloop
  endfacet
  facet normal 0 -0 -1
    outer loop
      vertex 7.7 96 0
      vertex 12 88 0
      vertex 7.69069 95.8223 0
    endloop
  endfacet
  facet normal 0 0 -1
    outer loop
      vertex 12 88 0
      vertex 11.2633 104.862 0
      vertex 11.3753 105.001 0
    endloop
  endfacet
  facet normal 0 -0 -1
    outer loop
      vertex 11.1375 104.737 0
      vertex 12 88 0
      vertex 7.7 96 0
    endloop
  endfacet
  facet normal 0 0 -1
    outer loop
      vertex 12 88 0
      vertex 11.1375 104.737 0
      vertex 11.2633 104.862 0
    endloop
  endfacet
  facet normal 0 0 -1
    outer loop
      vertex 11.1375 104.737 0
      vertex 7.69069 96.1777 0
      vertex 10.9992 104.625 0
    endloop
  endfacet
  facet normal 0 0 -1
    outer loop
      vertex 10.9992 104.625 0
      vertex 7.66285 96.3534 0
      vertex 10.85 104.528 0
    endloop
  endfacet
  facet normal 0 0 -1
    outer loop
      vertex 7.6168 96.5253 0
      vertex 10.85 104.528 0
      vertex 7.66285 96.3534 0
    endloop
  endfacet
  facet normal 0 0 -1
    outer loop
      vertex 10.85 104.528 0
      vertex 7.6168 96.5253 0
      vertex 10.6915 104.447 0
    endloop
  endfacet
  facet normal 0 0 -1
    outer loop
      vertex 10.6915 104.447 0
      vertex 7.55303 96.6915 0
      vertex 10.5253 104.383 0
    endloop
  endfacet
  facet normal 0 0 -1
    outer loop
      vertex 10.5253 104.383 0
      vertex 7.47224 96.85 0
      vertex 10.3534 104.337 0
    endloop
  endfacet
  facet normal 0 0 -1
    outer loop
      vertex 7.37533 96.9992 0
      vertex 10.3534 104.337 0
      vertex 7.47224 96.85 0
    endloop
  endfacet
  facet normal 0 0 -1
    outer loop
      vertex 10.3534 104.337 0
      vertex 7.37533 96.9992 0
      vertex 10.1777 104.309 0
    endloop
  endfacet
  facet normal 0 0 -1
    outer loop
      vertex 7.26335 97.1375 0
      vertex 10.1777 104.309 0
      vertex 7.37533 96.9992 0
    endloop
  endfacet
  facet normal 0 0 -1
    outer loop
      vertex 10.1777 104.309 0
      vertex 7.26335 97.1375 0
      vertex 10 104.3 0
    endloop
  endfacet
  facet normal 0 0 -1
    outer loop
      vertex 7.13752 97.2633 0
      vertex 10 104.3 0
      vertex 7.26335 97.1375 0
    endloop
  endfacet
  facet normal -0 0 -1
    outer loop
      vertex 10 104.3 0
      vertex 7.13752 97.2633 0
      vertex 9.8223 104.309 0
    endloop
  endfacet
  facet normal 0 0 -1
    outer loop
      vertex 6.99923 97.3753 0
      vertex 9.8223 104.309 0
      vertex 7.13752 97.2633 0
    endloop
  endfacet
  facet normal 0 0 -1
    outer loop
      vertex 6.85 97.4722 0
      vertex 9.64655 104.337 0
      vertex 6.99923 97.3753 0
    endloop
  endfacet
  facet normal -0 0 -1
    outer loop
      vertex 9.64655 104.337 0
      vertex 6.85 97.4722 0
      vertex 9.47467 104.383 0
    endloop
  endfacet
  facet normal 0 0 -1
    outer loop
      vertex 6.69145 97.553 0
      vertex 9.47467 104.383 0
      vertex 6.85 97.4722 0
    endloop
  endfacet
  facet normal -0 0 -1
    outer loop
      vertex 9.47467 104.383 0
      vertex 6.69145 97.553 0
      vertex 9.30855 104.447 0
    endloop
  endfacet
  facet normal -0 0 -1
    outer loop
      vertex 9.8223 104.309 0
      vertex 6.99923 97.3753 0
      vertex 9.64655 104.337 0
    endloop
  endfacet
  facet normal 0 0 -1
    outer loop
      vertex 7.47224 96.85 0
      vertex 10.5253 104.383 0
      vertex 7.55303 96.6915 0
    endloop
  endfacet
  facet normal 0 0 -1
    outer loop
      vertex 7.55303 96.6915 0
      vertex 10.6915 104.447 0
      vertex 7.6168 96.5253 0
    endloop
  endfacet
  facet normal 0 0 -1
    outer loop
      vertex 7.66285 96.3534 0
      vertex 10.9992 104.625 0
      vertex 7.69069 96.1777 0
    endloop
  endfacet
  facet normal 0 0 -1
    outer loop
      vertex 7.69069 96.1777 0
      vertex 11.1375 104.737 0
      vertex 7.7 96 0
    endloop
  endfacet
  facet normal 0 0 -1
    outer loop
      vertex 4.27975 63.3906 0
      vertex 12 88 0
      vertex 4.40166 62.9356 0
    endloop
  endfacet
  facet normal 0 0 -1
    outer loop
      vertex 12 88 0
      vertex 7.55303 95.3085 0
      vertex 7.6168 95.4747 0
    endloop
  endfacet
  facet normal 0 0 -1
    outer loop
      vertex 4.11095 63.8303 0
      vertex 12 88 0
      vertex 4.27975 63.3906 0
    endloop
  endfacet
  facet normal 0 0 -1
    outer loop
      vertex 12 88 0
      vertex 7.47224 95.15 0
      vertex 7.55303 95.3085 0
    endloop
  endfacet
  facet normal 0 0 -1
    outer loop
      vertex 12 88 0
      vertex 7.37533 95.0008 0
      vertex 7.47224 95.15 0
    endloop
  endfacet
  facet normal 0 0 -1
    outer loop
      vertex 3.89711 64.25 0
      vertex 12 88 0
      vertex 4.11095 63.8303 0
    endloop
  endfacet
  facet normal 0 0 -1
    outer loop
      vertex 12 88 0
      vertex 7.26335 94.8625 0
      vertex 7.37533 95.0008 0
    endloop
  endfacet
  facet normal 0 0 -1
    outer loop
      vertex 3.64058 64.645 0
      vertex 12 88 0
      vertex 3.89711 64.25 0
    endloop
  endfacet
  facet normal 0 0 -1
    outer loop
      vertex 12 88 0
      vertex 7.13752 94.7367 0
      vertex 7.26335 94.8625 0
    endloop
  endfacet
  facet normal 0 0 -1
    outer loop
      vertex 3.34415 65.0111 0
      vertex 12 88 0
      vertex 3.64058 64.645 0
    endloop
  endfacet
  facet normal 0 0 -1
    outer loop
      vertex 12 88 0
      vertex 6.99923 94.6247 0
      vertex 7.13752 94.7367 0
    endloop
  endfacet
  facet normal 0 0 -1
    outer loop
      vertex 3.01109 65.3442 0
      vertex 12 88 0
      vertex 3.34415 65.0111 0
    endloop
  endfacet
  facet normal 0 0 -1
    outer loop
      vertex 12 88 0
      vertex 6.85 94.5278 0
      vertex 6.99923 94.6247 0
    endloop
  endfacet
  facet normal 0 0 -1
    outer loop
      vertex 2.64503 65.6406 0
      vertex 12 88 0
      vertex 3.01109 65.3442 0
    endloop
  endfacet
  facet normal 0 0 -1
    outer loop
      vertex 12 88 0
      vertex 6.69145 94.447 0
      vertex 6.85 94.5278 0
    endloop
  endfacet
  facet normal 0 0 -1
    outer loop
      vertex 12 88 0
      vertex 6.52533 94.3832 0
      vertex 6.69145 94.447 0
    endloop
  endfacet
  facet normal 0 0 -1
    outer loop
      vertex 12 88 0
      vertex 6.35345 94.3372 0
      vertex 6.52533 94.3832 0
    endloop
  endfacet
  facet normal 0 0 -1
    outer loop
      vertex 12 88 0
      vertex 6.1777 94.3093 0
      vertex 6.35345 94.3372 0
    endloop
  endfacet
  facet normal 0 0 -1
    outer loop
      vertex 12 88 0
      vertex 6 94.3 0
      vertex 6.1777 94.3093 0
    endloop
  endfacet
  facet normal 0 0 -1
    outer loop
      vertex 12 88 0
      vertex 5.8223 94.3093 0
      vertex 6 94.3 0
    endloop
  endfacet
  facet normal 0 0 -1
    outer loop
      vertex 4.47535 30.4704 0
      vertex 12 9 0
      vertex 4.5 30 0
    endloop
  endfacet
  facet normal 0 0 -1
    outer loop
      vertex 12 9 0
      vertex 4.47535 29.5296 0
      vertex 4.5 30 0
    endloop
  endfacet
  facet normal 0 0 -1
    outer loop
      vertex 12 9 0
      vertex 4.40166 29.0644 0
      vertex 4.47535 29.5296 0
    endloop
  endfacet
  facet normal 0 0 -1
    outer loop
      vertex 12 9 0
      vertex 4.27975 28.6094 0
      vertex 4.40166 29.0644 0
    endloop
  endfacet
  facet normal 0 0 -1
    outer loop
      vertex 12 9 0
      vertex 4.11095 28.1697 0
      vertex 4.27975 28.6094 0
    endloop
  endfacet
  facet normal 0 0 -1
    outer loop
      vertex 12 9 0
      vertex 3.89711 27.75 0
      vertex 4.11095 28.1697 0
    endloop
  endfacet
  facet normal 0 0 -1
    outer loop
      vertex 12 9 0
      vertex 3.64058 27.355 0
      vertex 3.89711 27.75 0
    endloop
  endfacet
  facet normal 0 0 -1
    outer loop
      vertex 12 9 0
      vertex 3.34415 26.9889 0
      vertex 3.64058 27.355 0
    endloop
  endfacet
  facet normal 0 0 -1
    outer loop
      vertex 12 9 0
      vertex 3.01109 26.6558 0
      vertex 3.34415 26.9889 0
    endloop
  endfacet
  facet normal 0 0 -1
    outer loop
      vertex 12 9 0
      vertex 2.64503 26.3594 0
      vertex 3.01109 26.6558 0
    endloop
  endfacet
  facet normal 0 0 -1
    outer loop
      vertex 12 9 0
      vertex 2.25 26.1029 0
      vertex 2.64503 26.3594 0
    endloop
  endfacet
  facet normal 0 0 -1
    outer loop
      vertex 12 9 0
      vertex 1.83031 25.889 0
      vertex 2.25 26.1029 0
    endloop
  endfacet
  facet normal 0 0 -1
    outer loop
      vertex 12 9 0
      vertex 1.39058 25.7202 0
      vertex 1.83031 25.889 0
    endloop
  endfacet
  facet normal 0 0 -1
    outer loop
      vertex 12 9 0
      vertex 0.935602 25.5983 0
      vertex 1.39058 25.7202 0
    endloop
  endfacet
  facet normal 0 0 -1
    outer loop
      vertex 12 9 0
      vertex 0.470378 25.5247 0
      vertex 0.935602 25.5983 0
    endloop
  endfacet
  facet normal 0 0 -1
    outer loop
      vertex 12 9 0
      vertex 0 25.5 0
      vertex 0.470378 25.5247 0
    endloop
  endfacet
  facet normal 0 0 -1
    outer loop
      vertex -12 9 0
      vertex 0 25.5 0
      vertex 12 9 0
    endloop
  endfacet
  facet normal -0 0 -1
    outer loop
      vertex 0 25.5 0
      vertex -12 9 0
      vertex -0.470378 25.5247 0
    endloop
  endfacet
  facet normal -0 0 -1
    outer loop
      vertex -0.470378 25.5247 0
      vertex -12 9 0
      vertex -0.935602 25.5983 0
    endloop
  endfacet
  facet normal -0 0 -1
    outer loop
      vertex -0.935602 25.5983 0
      vertex -12 9 0
      vertex -1.39058 25.7202 0
    endloop
  endfacet
  facet normal -0 0 -1
    outer loop
      vertex -1.39058 25.7202 0
      vertex -12 9 0
      vertex -1.83031 25.889 0
    endloop
  endfacet
  facet normal -0 0 -1
    outer loop
      vertex -1.83031 25.889 0
      vertex -12 9 0
      vertex -2.25 26.1029 0
    endloop
  endfacet
  facet normal -0 0 -1
    outer loop
      vertex -2.25 26.1029 0
      vertex -12 9 0
      vertex -2.64503 26.3594 0
    endloop
  endfacet
  facet normal -0 0 -1
    outer loop
      vertex -2.64503 26.3594 0
      vertex -12 9 0
      vertex -3.01109 26.6558 0
    endloop
  endfacet
  facet normal 0 0 -1
    outer loop
      vertex -12 88 0
      vertex -4.47535 61.5296 0
      vertex -12 9 0
    endloop
  endfacet
  facet normal 0 0 -1
    outer loop
      vertex -4.11095 63.8303 0
      vertex -4.62467 95.0008 0
      vertex -4.52776 95.15 0
    endloop
  endfacet
  facet normal 0 0 -1
    outer loop
      vertex -4.11095 63.8303 0
      vertex -4.73665 94.8625 0
      vertex -4.62467 95.0008 0
    endloop
  endfacet
  facet normal 0 0 -1
    outer loop
      vertex -4.11095 63.8303 0
      vertex -4.86248 94.7367 0
      vertex -4.73665 94.8625 0
    endloop
  endfacet
  facet normal 0 0 -1
    outer loop
      vertex -4.11095 63.8303 0
      vertex -5.00076 94.6247 0
      vertex -4.86248 94.7367 0
    endloop
  endfacet
  facet normal 0 0 -1
    outer loop
      vertex -4.11095 63.8303 0
      vertex -12 88 0
      vertex -5.15 94.5278 0
    endloop
  endfacet
  facet normal 0 0 -1
    outer loop
      vertex -4.11095 63.8303 0
      vertex -5.15 94.5278 0
      vertex -5.00076 94.6247 0
    endloop
  endfacet
  facet normal 0 0 -1
    outer loop
      vertex -5.15 94.5278 0
      vertex -12 88 0
      vertex -5.30855 94.447 0
    endloop
  endfacet
  facet normal 0 0 -1
    outer loop
      vertex -5.30855 94.447 0
      vertex -12 88 0
      vertex -5.47467 94.3832 0
    endloop
  endfacet
  facet normal 0 0 -1
    outer loop
      vertex -5.47467 94.3832 0
      vertex -12 88 0
      vertex -5.64655 94.3372 0
    endloop
  endfacet
  facet normal 0 0 -1
    outer loop
      vertex -5.64655 94.3372 0
      vertex -12 88 0
      vertex -5.8223 94.3093 0
    endloop
  endfacet
  facet normal 0 0 -1
    outer loop
      vertex -5.8223 94.3093 0
      vertex -12 88 0
      vertex -6 94.3 0
    endloop
  endfacet
  facet normal -0 0 -1
    outer loop
      vertex -6 94.3 0
      vertex -12 88 0
      vertex -6.1777 94.3093 0
    endloop
  endfacet
  facet normal -0 0 -1
    outer loop
      vertex -6.1777 94.3093 0
      vertex -12 88 0
      vertex -6.35345 94.3372 0
    endloop
  endfacet
  facet normal -0 0 -1
    outer loop
      vertex -6.35345 94.3372 0
      vertex -12 88 0
      vertex -6.52533 94.3832 0
    endloop
  endfacet
  facet normal -0 0 -1
    outer loop
      vertex -6.52533 94.3832 0
      vertex -12 88 0
      vertex -6.69145 94.447 0
    endloop
  endfacet
  facet normal -0 0 -1
    outer loop
      vertex -6.69145 94.447 0
      vertex -12 88 0
      vertex -6.85 94.5278 0
    endloop
  endfacet
  facet normal -0 0 -1
    outer loop
      vertex -6.85 94.5278 0
      vertex -12 88 0
      vertex -6.99923 94.6247 0
    endloop
  endfacet
  facet normal -0 0 -1
    outer loop
      vertex -6.99923 94.6247 0
      vertex -12 88 0
      vertex -7.13752 94.7367 0
    endloop
  endfacet
  facet normal -0 0 -1
    outer loop
      vertex -7.13752 94.7367 0
      vertex -12 88 0
      vertex -7.26335 94.8625 0
    endloop
  endfacet
  facet normal -0 0 -1
    outer loop
      vertex -7.26335 94.8625 0
      vertex -12 88 0
      vertex -7.37533 95.0008 0
    endloop
  endfacet
  facet normal -0 0 -1
    outer loop
      vertex -7.37533 95.0008 0
      vertex -12 88 0
      vertex -7.47224 95.15 0
    endloop
  endfacet
  facet normal -0 0 -1
    outer loop
      vertex -7.47224 95.15 0
      vertex -12 88 0
      vertex -7.55303 95.3085 0
    endloop
  endfacet
  facet normal -0 0 -1
    outer loop
      vertex -7.55303 95.3085 0
      vertex -12 88 0
      vertex -7.6168 95.4747 0
    endloop
  endfacet
  facet normal -0 0 -1
    outer loop
      vertex -7.6168 95.4747 0
      vertex -12 88 0
      vertex -7.66285 95.6465 0
    endloop
  endfacet
  facet normal -0 0 -1
    outer loop
      vertex -7.66285 95.6465 0
      vertex -12 88 0
      vertex -7.69069 95.8223 0
    endloop
  endfacet
  facet normal -0 0 -1
    outer loop
      vertex -6.52533 114.383 0
      vertex -9.30855 107.553 0
      vertex -6.69145 114.447 0
    endloop
  endfacet
  facet normal -0 0 -1
    outer loop
      vertex -7.69069 95.8223 0
      vertex -12 88 0
      vertex -7.7 96 0
    endloop
  endfacet
  facet normal -0 0 -1
    outer loop
      vertex -3 106 0
      vertex -8.30931 105.822 0
      vertex -8.3 106 0
    endloop
  endfacet
  facet normal 0 0 -1
    outer loop
      vertex -2.98357 105.686 0
      vertex -8.30931 105.822 0
      vertex -3 106 0
    endloop
  endfacet
  facet normal 0 -0 -1
    outer loop
      vertex -8.30931 105.822 0
      vertex -2.98357 105.686 0
      vertex -8.33715 105.647 0
    endloop
  endfacet
  facet normal 0 -0 -1
    outer loop
      vertex -11.1375 104.737 0
      vertex -7.7 96 0
      vertex -12 88 0
    endloop
  endfacet
  facet normal 0 0 -1
    outer loop
      vertex -12 9 0
      vertex -4.5 30 0
      vertex -4.47535 29.5296 0
    endloop
  endfacet
  facet normal 0 0 -1
    outer loop
      vertex -2.93444 105.376 0
      vertex -8.33715 105.647 0
      vertex -2.98357 105.686 0
    endloop
  endfacet
  facet normal 0 -0 -1
    outer loop
      vertex -8.33715 105.647 0
      vertex -2.93444 105.376 0
      vertex -8.3832 105.475 0
    endloop
  endfacet
  facet normal 0 0 -1
    outer loop
      vertex -2.85317 105.073 0
      vertex -8.3832 105.475 0
      vertex -2.93444 105.376 0
    endloop
  endfacet
  facet normal 0 -0 -1
    outer loop
      vertex -8.44697 105.309 0
      vertex -2.85317 105.073 0
      vertex -8.52776 105.15 0
    endloop
  endfacet
  facet normal 0 0 -1
    outer loop
      vertex -6 97.7 0
      vertex -8.86248 104.737 0
      vertex -8.73665 104.862 0
    endloop
  endfacet
  facet normal 0 0 -1
    outer loop
      vertex -6.1777 97.6907 0
      vertex -9.00076 104.625 0
      vertex -8.86248 104.737 0
    endloop
  endfacet
  facet normal 0 0 -1
    outer loop
      vertex -6.35345 97.6628 0
      vertex -9.15 104.528 0
      vertex -9.00076 104.625 0
    endloop
  endfacet
  facet normal 0 0 -1
    outer loop
      vertex -6.52533 97.6168 0
      vertex -9.30855 104.447 0
      vertex -9.15 104.528 0
    endloop
  endfacet
  facet normal 0 0 -1
    outer loop
      vertex -6.69145 97.553 0
      vertex -9.47467 104.383 0
      vertex -9.30855 104.447 0
    endloop
  endfacet
  facet normal 0 0 -1
    outer loop
      vertex -6.85 97.4722 0
      vertex -9.64655 104.337 0
      vertex -9.47467 104.383 0
    endloop
  endfacet
  facet normal 0 0 -1
    outer loop
      vertex -6.99923 97.3753 0
      vertex -9.8223 104.309 0
      vertex -9.64655 104.337 0
    endloop
  endfacet
  facet normal 0 0 -1
    outer loop
      vertex -7.13752 97.2633 0
      vertex -10 104.3 0
      vertex -9.8223 104.309 0
    endloop
  endfacet
  facet normal 0 0 -1
    outer loop
      vertex -7.26335 97.1375 0
      vertex -10.1777 104.309 0
      vertex -10 104.3 0
    endloop
  endfacet
  facet normal 0 0 -1
    outer loop
      vertex -7.37533 96.9992 0
      vertex -10.3534 104.337 0
      vertex -10.1777 104.309 0
    endloop
  endfacet
  facet normal 0 0 -1
    outer loop
      vertex -7.47224 96.85 0
      vertex -10.5253 104.383 0
      vertex -10.3534 104.337 0
    endloop
  endfacet
  facet normal 0 0 -1
    outer loop
      vertex -7.55303 96.6915 0
      vertex -10.6915 104.447 0
      vertex -10.5253 104.383 0
    endloop
  endfacet
  facet normal 0 0 -1
    outer loop
      vertex -7.6168 96.5253 0
      vertex -10.85 104.528 0
      vertex -10.6915 104.447 0
    endloop
  endfacet
  facet normal 0 0 -1
    outer loop
      vertex -7.66285 96.3534 0
      vertex -10.9992 104.625 0
      vertex -10.85 104.528 0
    endloop
  endfacet
  facet normal 0 0 -1
    outer loop
      vertex -7.69069 96.1777 0
      vertex -11.1375 104.737 0
      vertex -10.9992 104.625 0
    endloop
  endfacet
  facet normal -0 0 -1
    outer loop
      vertex -11.1375 104.737 0
      vertex -12 88 0
      vertex -11.2633 104.862 0
    endloop
  endfacet
  facet normal -0 0 -1
    outer loop
      vertex -11.2633 104.862 0
      vertex -12 88 0
      vertex -11.3753 105.001 0
    endloop
  endfacet
  facet normal 0 0 -1
    outer loop
      vertex -32 88 0
      vertex -11.3753 105.001 0
      vertex -12 88 0
    endloop
  endfacet
  facet normal -0 0 -1
    outer loop
      vertex -11.3753 105.001 0
      vertex -32 88 0
      vertex -11.4722 105.15 0
    endloop
  endfacet
  facet normal -0 0 -1
    outer loop
      vertex -11.4722 105.15 0
      vertex -32 88 0
      vertex -11.553 105.309 0
    endloop
  endfacet
  facet normal -0 0 -1
    outer loop
      vertex -11.553 105.309 0
      vertex -32 88 0
      vertex -11.6168 105.475 0
    endloop
  endfacet
  facet normal -0 0 -1
    outer loop
      vertex -11.6168 105.475 0
      vertex -32 88 0
      vertex -11.6629 105.647 0
    endloop
  endfacet
  facet normal 0 0 -1
    outer loop
      vertex -4.47535 61.5296 0
      vertex -12 88 0
      vertex -4.5 62 0
    endloop
  endfacet
  facet normal -0 0 -1
    outer loop
      vertex -4.40166 29.0644 0
      vertex -12 9 0
      vertex -4.47535 29.5296 0
    endloop
  endfacet
  facet normal -0 0 -1
    outer loop
      vertex -4.27975 28.6094 0
      vertex -12 9 0
      vertex -4.40166 29.0644 0
    endloop
  endfacet
  facet normal -0 0 -1
    outer loop
      vertex -4.11095 28.1697 0
      vertex -12 9 0
      vertex -4.27975 28.6094 0
    endloop
  endfacet
  facet normal -0 0 -1
    outer loop
      vertex -3.89711 27.75 0
      vertex -12 9 0
      vertex -4.11095 28.1697 0
    endloop
  endfacet
  facet normal -0 0 -1
    outer loop
      vertex -3.64058 27.355 0
      vertex -12 9 0
      vertex -3.89711 27.75 0
    endloop
  endfacet
  facet normal -0 0 -1
    outer loop
      vertex -3.34415 26.9889 0
      vertex -12 9 0
      vertex -3.64058 27.355 0
    endloop
  endfacet
  facet normal -0 0 -1
    outer loop
      vertex -3.01109 26.6558 0
      vertex -12 9 0
      vertex -3.34415 26.9889 0
    endloop
  endfacet
  facet normal 0 0 -1
    outer loop
      vertex 24.1029 -2.25 0
      vertex -24.1029 -2.25 0
      vertex 12 9 0
    endloop
  endfacet
  facet normal 0 0 -1
    outer loop
      vertex -24.9889 -3.34415 0
      vertex 24.9889 -3.34415 0
      vertex 25.355 -3.64058 0
    endloop
  endfacet
  facet normal 0 0 -1
    outer loop
      vertex -25.355 -3.64058 0
      vertex 25.355 -3.64058 0
      vertex 25.75 -3.89711 0
    endloop
  endfacet
  facet normal 0 0 -1
    outer loop
      vertex -25.75 -3.89711 0
      vertex 25.75 -3.89711 0
      vertex 26.1697 -4.11095 0
    endloop
  endfacet
  facet normal 0 0 -1
    outer loop
      vertex -26.1697 -4.11095 0
      vertex 26.1697 -4.11095 0
      vertex 26.6094 -4.27975 0
    endloop
  endfacet
  facet normal -0 0 -1
    outer loop
      vertex 12 9 0
      vertex -24.1029 -2.25 0
      vertex -12 9 0
    endloop
  endfacet
  facet normal 0 0 -1
    outer loop
      vertex 27.0644 -4.40166 0
      vertex -27.0644 -4.40166 0
      vertex 26.6094 -4.27975 0
    endloop
  endfacet
  facet normal 0 0 -1
    outer loop
      vertex -12 9 0
      vertex -23.5247 -0.470378 0
      vertex -23.5 0 0
    endloop
  endfacet
  facet normal 0 0 -1
    outer loop
      vertex -12 9 0
      vertex -23.5983 -0.935602 0
      vertex -23.5247 -0.470378 0
    endloop
  endfacet
  facet normal 0 0 -1
    outer loop
      vertex -12 9 0
      vertex -23.7202 -1.39058 0
      vertex -23.5983 -0.935602 0
    endloop
  endfacet
  facet normal 0 0 -1
    outer loop
      vertex -12 9 0
      vertex -23.889 -1.83031 0
      vertex -23.7202 -1.39058 0
    endloop
  endfacet
  facet normal 0 0 -1
    outer loop
      vertex -12 9 0
      vertex -24.1029 -2.25 0
      vertex -23.889 -1.83031 0
    endloop
  endfacet
  facet normal 0 0 -1
    outer loop
      vertex 24.3594 -2.64503 0
      vertex -24.3594 -2.64503 0
      vertex -24.1029 -2.25 0
    endloop
  endfacet
  facet normal 0 0 -1
    outer loop
      vertex 24.6558 -3.01109 0
      vertex -24.6558 -3.01109 0
      vertex -24.3594 -2.64503 0
    endloop
  endfacet
  facet normal 0 0 -1
    outer loop
      vertex 24.9889 -3.34415 0
      vertex -24.9889 -3.34415 0
      vertex -24.6558 -3.01109 0
    endloop
  endfacet
  facet normal 0 0 -1
    outer loop
      vertex 25.355 -3.64058 0
      vertex -25.355 -3.64058 0
      vertex -24.9889 -3.34415 0
    endloop
  endfacet
  facet normal 0 0 -1
    outer loop
      vertex 25.75 -3.89711 0
      vertex -25.75 -3.89711 0
      vertex -25.355 -3.64058 0
    endloop
  endfacet
  facet normal 0 0 -1
    outer loop
      vertex 26.1697 -4.11095 0
      vertex -26.1697 -4.11095 0
      vertex -25.75 -3.89711 0
    endloop
  endfacet
  facet normal 0 0 -1
    outer loop
      vertex 26.6094 -4.27975 0
      vertex -26.6094 -4.27975 0
      vertex -26.1697 -4.11095 0
    endloop
  endfacet
  facet normal -0 0 -1
    outer loop
      vertex 26.6094 -4.27975 0
      vertex -27.0644 -4.40166 0
      vertex -26.6094 -4.27975 0
    endloop
  endfacet
  facet normal 0 0 -1
    outer loop
      vertex -43 -9 0
      vertex -27.0644 -4.40166 0
      vertex 43 -9 0
    endloop
  endfacet
  facet normal 0 0 -1
    outer loop
      vertex -27.0644 -4.40166 0
      vertex -43 -9 0
      vertex -27.5296 -4.47535 0
    endloop
  endfacet
  facet normal 0 0 -1
    outer loop
      vertex -27.5296 -4.47535 0
      vertex -43 -9 0
      vertex -28 -4.5 0
    endloop
  endfacet
  facet normal 0 0 -1
    outer loop
      vertex -35.3093 -0.177698 0
      vertex -32.5 0 0
      vertex -32.4753 -0.470378 0
    endloop
  endfacet
  facet normal 0 0 -1
    outer loop
      vertex -35.3832 -0.525329 0
      vertex -32.4753 -0.470378 0
      vertex -32.4017 -0.935602 0
    endloop
  endfacet
  facet normal 0 0 -1
    outer loop
      vertex -35.5278 -0.849999 0
      vertex -32.4017 -0.935602 0
      vertex -32.2798 -1.39058 0
    endloop
  endfacet
  facet normal 0 0 -1
    outer loop
      vertex -35.6247 -0.999234 0
      vertex -32.2798 -1.39058 0
      vertex -32.111 -1.83031 0
    endloop
  endfacet
  facet normal 0 0 -1
    outer loop
      vertex -35.8625 -1.26335 0
      vertex -32.111 -1.83031 0
      vertex -31.8971 -2.25 0
    endloop
  endfacet
  facet normal 0 0 -1
    outer loop
      vertex -36.15 -1.47224 0
      vertex -31.8971 -2.25 0
      vertex -31.6406 -2.64503 0
    endloop
  endfacet
  facet normal 0 0 -1
    outer loop
      vertex -36.3085 -1.55303 0
      vertex -31.6406 -2.64503 0
      vertex -31.3442 -3.01109 0
    endloop
  endfacet
  facet normal 0 0 -1
    outer loop
      vertex -36.6465 -1.66285 0
      vertex -31.3442 -3.01109 0
      vertex -31.0111 -3.34415 0
    endloop
  endfacet
  facet normal 0 0 -1
    outer loop
      vertex -43 -9 0
      vertex -31.0111 -3.34415 0
      vertex -30.645 -3.64058 0
    endloop
  endfacet
  facet normal -0 0 -1
    outer loop
      vertex -32.5 0 0
      vertex -35.3093 -0.177698 0
      vertex -35.3 0 0
    endloop
  endfacet
  facet normal 0 0 -1
    outer loop
      vertex -32.4753 -0.470378 0
      vertex -35.3372 -0.35345 0
      vertex -35.3093 -0.177698 0
    endloop
  endfacet
  facet normal -0 0 -1
    outer loop
      vertex -32.4753 -0.470378 0
      vertex -35.3832 -0.525329 0
      vertex -35.3372 -0.35345 0
    endloop
  endfacet
  facet normal 0 0 -1
    outer loop
      vertex -32.4017 -0.935602 0
      vertex -35.447 -0.691452 0
      vertex -35.3832 -0.525329 0
    endloop
  endfacet
  facet normal 0 0 -1
    outer loop
      vertex -43 -9 0
      vertex -30.645 -3.64058 0
      vertex -30.25 -3.89711 0
    endloop
  endfacet
  facet normal 0 0 -1
    outer loop
      vertex -32.4017 -0.935602 0
      vertex -35.5278 -0.849999 0
      vertex -35.447 -0.691452 0
    endloop
  endfacet
  facet normal 0 0 -1
    outer loop
      vertex -32.2798 -1.39058 0
      vertex -35.6247 -0.999234 0
      vertex -35.5278 -0.849999 0
    endloop
  endfacet
  facet normal 0 0 -1
    outer loop
      vertex -32.111 -1.83031 0
      vertex -35.7367 -1.13752 0
      vertex -35.6247 -0.999234 0
    endloop
  endfacet
  facet normal 0 0 -1
    outer loop
      vertex -43 -9 0
      vertex -30.25 -3.89711 0
      vertex -29.8303 -4.11095 0
    endloop
  endfacet
  facet normal 0 0 -1
    outer loop
      vertex -32.111 -1.83031 0
      vertex -35.8625 -1.26335 0
      vertex -35.7367 -1.13752 0
    endloop
  endfacet
  facet normal 0 0 -1
    outer loop
      vertex -31.8971 -2.25 0
      vertex -36.0008 -1.37533 0
      vertex -35.8625 -1.26335 0
    endloop
  endfacet
  facet normal 0 0 -1
    outer loop
      vertex -31.8971 -2.25 0
      vertex -36.15 -1.47224 0
      vertex -36.0008 -1.37533 0
    endloop
  endfacet
  facet normal 0 0 -1
    outer loop
      vertex -31.6406 -2.64503 0
      vertex -36.3085 -1.55303 0
      vertex -36.15 -1.47224 0
    endloop
  endfacet
  facet normal 0 0 -1
    outer loop
      vertex -31.3442 -3.01109 0
      vertex -36.4747 -1.6168 0
      vertex -36.3085 -1.55303 0
    endloop
  endfacet
  facet normal 0 0 -1
    outer loop
      vertex -43 -9 0
      vertex -29.8303 -4.11095 0
      vertex -29.3906 -4.27975 0
    endloop
  endfacet
  facet normal 0 0 -1
    outer loop
      vertex -31.3442 -3.01109 0
      vertex -36.6465 -1.66285 0
      vertex -36.4747 -1.6168 0
    endloop
  endfacet
  facet normal -0 0 -1
    outer loop
      vertex -31.0111 -3.34415 0
      vertex -43 -9 0
      vertex -36.8223 -1.69069 0
    endloop
  endfacet
  facet normal 0 0 -1
    outer loop
      vertex -31.0111 -3.34415 0
      vertex -36.8223 -1.69069 0
      vertex -36.6465 -1.66285 0
    endloop
  endfacet
  facet normal 0 0 -1
    outer loop
      vertex -36.8223 -1.69069 0
      vertex -43 -9 0
      vertex -37 -1.7 0
    endloop
  endfacet
  facet normal -0 0 -1
    outer loop
      vertex -37 -1.7 0
      vertex -43 -9 0
      vertex -37.1777 -1.69069 0
    endloop
  endfacet
  facet normal -0 0 -1
    outer loop
      vertex -37.1777 -1.69069 0
      vertex -43 -9 0
      vertex -37.3535 -1.66285 0
    endloop
  endfacet
  facet normal -0 0 -1
    outer loop
      vertex -38.6907 -0.177698 0
      vertex -43 -9 0
      vertex -38.7 0 0
    endloop
  endfacet
  facet normal -0 0 -1
    outer loop
      vertex -38.6628 -0.35345 0
      vertex -43 -9 0
      vertex -38.6907 -0.177698 0
    endloop
  endfacet
  facet normal -0 0 -1
    outer loop
      vertex -38.6168 -0.525329 0
      vertex -43 -9 0
      vertex -38.6628 -0.35345 0
    endloop
  endfacet
  facet normal -0 0 -1
    outer loop
      vertex -38.553 -0.691452 0
      vertex -43 -9 0
      vertex -38.6168 -0.525329 0
    endloop
  endfacet
  facet normal -0 0 -1
    outer loop
      vertex -38.4722 -0.849999 0
      vertex -43 -9 0
      vertex -38.553 -0.691452 0
    endloop
  endfacet
  facet normal -0 0 -1
    outer loop
      vertex -38.3753 -0.999234 0
      vertex -43 -9 0
      vertex -38.4722 -0.849999 0
    endloop
  endfacet
  facet normal -0 0 -1
    outer loop
      vertex -38.2633 -1.13752 0
      vertex -43 -9 0
      vertex -38.3753 -0.999234 0
    endloop
  endfacet
  facet normal -0 0 -1
    outer loop
      vertex -38.1375 -1.26335 0
      vertex -43 -9 0
      vertex -38.2633 -1.13752 0
    endloop
  endfacet
  facet normal -0 0 -1
    outer loop
      vertex -37.9992 -1.37533 0
      vertex -43 -9 0
      vertex -38.1375 -1.26335 0
    endloop
  endfacet
  facet normal -0 0 -1
    outer loop
      vertex -37.85 -1.47224 0
      vertex -43 -9 0
      vertex -37.9992 -1.37533 0
    endloop
  endfacet
  facet normal -0 0 -1
    outer loop
      vertex -37.6915 -1.55303 0
      vertex -43 -9 0
      vertex -37.85 -1.47224 0
    endloop
  endfacet
  facet normal -0 0 -1
    outer loop
      vertex -37.5253 -1.6168 0
      vertex -43 -9 0
      vertex -37.6915 -1.55303 0
    endloop
  endfacet
  facet normal -0 0 -1
    outer loop
      vertex -37.3535 -1.66285 0
      vertex -43 -9 0
      vertex -37.5253 -1.6168 0
    endloop
  endfacet
  facet normal -0 0 -1
    outer loop
      vertex -28.9356 -4.40166 0
      vertex -43 -9 0
      vertex -29.3906 -4.27975 0
    endloop
  endfacet
  facet normal -0 0 -1
    outer loop
      vertex -28.4704 -4.47535 0
      vertex -43 -9 0
      vertex -28.9356 -4.40166 0
    endloop
  endfacet
  facet normal -0 0 -1
    outer loop
      vertex -28 -4.5 0
      vertex -43 -9 0
      vertex -28.4704 -4.47535 0
    endloop
  endfacet
  facet normal 0 0 -1
    outer loop
      vertex 38.6907 0.177698 0
      vertex 43 9 0
      vertex 38.7 0 0
    endloop
  endfacet
  facet normal 0 0 -1
    outer loop
      vertex 38.6628 0.35345 0
      vertex 43 9 0
      vertex 38.6907 0.177698 0
    endloop
  endfacet
  facet normal 0 0 -1
    outer loop
      vertex 38.6168 0.525329 0
      vertex 43 9 0
      vertex 38.6628 0.35345 0
    endloop
  endfacet
  facet normal 0 0 -1
    outer loop
      vertex 38.553 0.691452 0
      vertex 43 9 0
      vertex 38.6168 0.525329 0
    endloop
  endfacet
  facet normal 0 0 -1
    outer loop
      vertex 38.4722 0.849999 0
      vertex 43 9 0
      vertex 38.553 0.691452 0
    endloop
  endfacet
  facet normal 0 0 -1
    outer loop
      vertex 38.3753 0.999234 0
      vertex 43 9 0
      vertex 38.4722 0.849999 0
    endloop
  endfacet
  facet normal 0 0 -1
    outer loop
      vertex 38.2633 1.13752 0
      vertex 43 9 0
      vertex 38.3753 0.999234 0
    endloop
  endfacet
  facet normal 0 0 -1
    outer loop
      vertex 38.1375 1.26335 0
      vertex 43 9 0
      vertex 38.2633 1.13752 0
    endloop
  endfacet
  facet normal 0 0 -1
    outer loop
      vertex 37.9992 1.37533 0
      vertex 43 9 0
      vertex 38.1375 1.26335 0
    endloop
  endfacet
  facet normal 0 0 -1
    outer loop
      vertex 37.85 1.47224 0
      vertex 43 9 0
      vertex 37.9992 1.37533 0
    endloop
  endfacet
  facet normal 0 0 -1
    outer loop
      vertex 37.6915 1.55303 0
      vertex 43 9 0
      vertex 37.85 1.47224 0
    endloop
  endfacet
  facet normal 0 0 -1
    outer loop
      vertex 37.5253 1.6168 0
      vertex 43 9 0
      vertex 37.6915 1.55303 0
    endloop
  endfacet
  facet normal 0 0 -1
    outer loop
      vertex 37.3535 1.66285 0
      vertex 43 9 0
      vertex 37.5253 1.6168 0
    endloop
  endfacet
  facet normal 0 0 -1
    outer loop
      vertex 37.1777 1.69069 0
      vertex 43 9 0
      vertex 37.3535 1.66285 0
    endloop
  endfacet
  facet normal 0 0 -1
    outer loop
      vertex 37 1.7 0
      vertex 43 9 0
      vertex 37.1777 1.69069 0
    endloop
  endfacet
  facet normal 0 0 -1
    outer loop
      vertex 36.8223 1.69069 0
      vertex 43 9 0
      vertex 37 1.7 0
    endloop
  endfacet
  facet normal 0 0 -1
    outer loop
      vertex 31.0111 3.34415 0
      vertex 36.8223 1.69069 0
      vertex 36.6465 1.66285 0
    endloop
  endfacet
  facet normal 0 0 -1
    outer loop
      vertex 31.3442 3.01109 0
      vertex 36.6465 1.66285 0
      vertex 36.4747 1.6168 0
    endloop
  endfacet
  facet normal 0 0 -1
    outer loop
      vertex 31.3442 3.01109 0
      vertex 36.4747 1.6168 0
      vertex 36.3085 1.55303 0
    endloop
  endfacet
  facet normal 0 0 -1
    outer loop
      vertex 31.6406 2.64503 0
      vertex 36.3085 1.55303 0
      vertex 36.15 1.47224 0
    endloop
  endfacet
  facet normal 0 0 -1
    outer loop
      vertex 31.8971 2.25 0
      vertex 36.15 1.47224 0
      vertex 36.0008 1.37533 0
    endloop
  endfacet
  facet normal 0 0 -1
    outer loop
      vertex 31.8971 2.25 0
      vertex 36.0008 1.37533 0
      vertex 35.8625 1.26335 0
    endloop
  endfacet
  facet normal 0 0 -1
    outer loop
      vertex 32.111 1.83031 0
      vertex 35.8625 1.26335 0
      vertex 35.7367 1.13752 0
    endloop
  endfacet
  facet normal 0 0 -1
    outer loop
      vertex 32.5 0 0
      vertex 35.3093 0.177698 0
      vertex 35.3 0 0
    endloop
  endfacet
  facet normal 0 0 -1
    outer loop
      vertex 32.4753 0.470378 0
      vertex 35.3093 0.177698 0
      vertex 32.5 0 0
    endloop
  endfacet
  facet normal 0 0 -1
    outer loop
      vertex 35.3093 0.177698 0
      vertex 32.4753 0.470378 0
      vertex 35.3372 0.35345 0
    endloop
  endfacet
  facet normal 0 0 -1
    outer loop
      vertex 35.3372 0.35345 0
      vertex 32.4753 0.470378 0
      vertex 35.3832 0.525329 0
    endloop
  endfacet
  facet normal 0 0 -1
    outer loop
      vertex 32.4017 0.935602 0
      vertex 35.3832 0.525329 0
      vertex 32.4753 0.470378 0
    endloop
  endfacet
  facet normal 0 0 -1
    outer loop
      vertex 35.3832 0.525329 0
      vertex 32.4017 0.935602 0
      vertex 35.447 0.691452 0
    endloop
  endfacet
  facet normal 0 0 -1
    outer loop
      vertex 35.447 0.691452 0
      vertex 32.4017 0.935602 0
      vertex 35.5278 0.849999 0
    endloop
  endfacet
  facet normal 0 0 -1
    outer loop
      vertex 32.2798 1.39058 0
      vertex 35.5278 0.849999 0
      vertex 32.4017 0.935602 0
    endloop
  endfacet
  facet normal 0 0 -1
    outer loop
      vertex 35.5278 0.849999 0
      vertex 32.2798 1.39058 0
      vertex 35.6247 0.999234 0
    endloop
  endfacet
  facet normal 0 0 -1
    outer loop
      vertex 35.6247 0.999234 0
      vertex 32.2798 1.39058 0
      vertex 35.7367 1.13752 0
    endloop
  endfacet
  facet normal 0 0 -1
    outer loop
      vertex 32.111 1.83031 0
      vertex 35.7367 1.13752 0
      vertex 32.2798 1.39058 0
    endloop
  endfacet
  facet normal 0 0 -1
    outer loop
      vertex 35.8625 1.26335 0
      vertex 32.111 1.83031 0
      vertex 31.8971 2.25 0
    endloop
  endfacet
  facet normal 0 0 -1
    outer loop
      vertex 36.15 1.47224 0
      vertex 31.8971 2.25 0
      vertex 31.6406 2.64503 0
    endloop
  endfacet
  facet normal 0 0 -1
    outer loop
      vertex 36.3085 1.55303 0
      vertex 31.6406 2.64503 0
      vertex 31.3442 3.01109 0
    endloop
  endfacet
  facet normal 0 0 -1
    outer loop
      vertex 36.6465 1.66285 0
      vertex 31.3442 3.01109 0
      vertex 31.0111 3.34415 0
    endloop
  endfacet
  facet normal 0 0 -1
    outer loop
      vertex 36.8223 1.69069 0
      vertex 31.0111 3.34415 0
      vertex 43 9 0
    endloop
  endfacet
  facet normal 0 0 -1
    outer loop
      vertex 30.645 3.64058 0
      vertex 43 9 0
      vertex 31.0111 3.34415 0
    endloop
  endfacet
  facet normal 0 0 -1
    outer loop
      vertex 30.25 3.89711 0
      vertex 43 9 0
      vertex 30.645 3.64058 0
    endloop
  endfacet
  facet normal 0 0 -1
    outer loop
      vertex 29.8303 4.11095 0
      vertex 43 9 0
      vertex 30.25 3.89711 0
    endloop
  endfacet
  facet normal 0 0 -1
    outer loop
      vertex 29.3906 4.27975 0
      vertex 43 9 0
      vertex 29.8303 4.11095 0
    endloop
  endfacet
  facet normal 0 0 -1
    outer loop
      vertex 28.9356 4.40166 0
      vertex 43 9 0
      vertex 29.3906 4.27975 0
    endloop
  endfacet
  facet normal 0 0 -1
    outer loop
      vertex 28.4704 4.47535 0
      vertex 43 9 0
      vertex 28.9356 4.40166 0
    endloop
  endfacet
  facet normal 0 0 -1
    outer loop
      vertex 28 4.5 0
      vertex 43 9 0
      vertex 28.4704 4.47535 0
    endloop
  endfacet
  facet normal 0 0 -1
    outer loop
      vertex 12 9 0
      vertex 28 4.5 0
      vertex 27.5296 4.47535 0
    endloop
  endfacet
  facet normal 0 0 -1
    outer loop
      vertex 12 9 0
      vertex 27.5296 4.47535 0
      vertex 27.0644 4.40166 0
    endloop
  endfacet
  facet normal 0 0 -1
    outer loop
      vertex 12 9 0
      vertex 27.0644 4.40166 0
      vertex 26.6094 4.27975 0
    endloop
  endfacet
  facet normal 0 0 -1
    outer loop
      vertex 28 4.5 0
      vertex 12 9 0
      vertex 43 9 0
    endloop
  endfacet
  facet normal 0 0 -1
    outer loop
      vertex 26.1697 4.11095 0
      vertex 12 9 0
      vertex 26.6094 4.27975 0
    endloop
  endfacet
  facet normal 0 0 -1
    outer loop
      vertex 25.75 3.89711 0
      vertex 12 9 0
      vertex 26.1697 4.11095 0
    endloop
  endfacet
  facet normal 0 0 -1
    outer loop
      vertex 25.355 3.64058 0
      vertex 12 9 0
      vertex 25.75 3.89711 0
    endloop
  endfacet
  facet normal 0 0 -1
    outer loop
      vertex 24.9889 3.34415 0
      vertex 12 9 0
      vertex 25.355 3.64058 0
    endloop
  endfacet
  facet normal 0 0 -1
    outer loop
      vertex 24.6558 3.01109 0
      vertex 12 9 0
      vertex 24.9889 3.34415 0
    endloop
  endfacet
  facet normal 0 0 -1
    outer loop
      vertex 24.3594 2.64503 0
      vertex 12 9 0
      vertex 24.6558 3.01109 0
    endloop
  endfacet
  facet normal 0 0 -1
    outer loop
      vertex 24.1029 2.25 0
      vertex 12 9 0
      vertex 24.3594 2.64503 0
    endloop
  endfacet
  facet normal 0 0 -1
    outer loop
      vertex 23.889 1.83031 0
      vertex 12 9 0
      vertex 24.1029 2.25 0
    endloop
  endfacet
  facet normal 0 0 -1
    outer loop
      vertex 23.7202 1.39058 0
      vertex 12 9 0
      vertex 23.889 1.83031 0
    endloop
  endfacet
  facet normal 0 0 -1
    outer loop
      vertex 23.5983 0.935602 0
      vertex 12 9 0
      vertex 23.7202 1.39058 0
    endloop
  endfacet
  facet normal 0 0 -1
    outer loop
      vertex 23.5247 0.470378 0
      vertex 12 9 0
      vertex 23.5983 0.935602 0
    endloop
  endfacet
  facet normal 0 0 -1
    outer loop
      vertex 12 9 0
      vertex 23.5247 0.470378 0
      vertex 23.5 0 0
    endloop
  endfacet
  facet normal 0 0 -1
    outer loop
      vertex 11.7 106 0
      vertex 32 88 0
      vertex 12 88 0
    endloop
  endfacet
  facet normal 0 0 -1
    outer loop
      vertex 32 88 0
      vertex 11.7 106 0
      vertex 32 120 0
    endloop
  endfacet
  facet normal 0 0 -1
    outer loop
      vertex 11.6907 106.178 0
      vertex 32 120 0
      vertex 11.7 106 0
    endloop
  endfacet
  facet normal 0 0 -1
    outer loop
      vertex 11.6629 106.353 0
      vertex 32 120 0
      vertex 11.6907 106.178 0
    endloop
  endfacet
  facet normal 0 0 -1
    outer loop
      vertex 11.6168 106.525 0
      vertex 32 120 0
      vertex 11.6629 106.353 0
    endloop
  endfacet
  facet normal 0 0 -1
    outer loop
      vertex 11.553 106.691 0
      vertex 32 120 0
      vertex 11.6168 106.525 0
    endloop
  endfacet
  facet normal 0 0 -1
    outer loop
      vertex 11.4722 106.85 0
      vertex 32 120 0
      vertex 11.553 106.691 0
    endloop
  endfacet
  facet normal 0 0 -1
    outer loop
      vertex 11.3753 106.999 0
      vertex 32 120 0
      vertex 11.4722 106.85 0
    endloop
  endfacet
  facet normal 0 0 -1
    outer loop
      vertex 11.2633 107.138 0
      vertex 32 120 0
      vertex 11.3753 106.999 0
    endloop
  endfacet
  facet normal 0 0 -1
    outer loop
      vertex 7.7 116 0
      vertex 11.2633 107.138 0
      vertex 11.1375 107.263 0
    endloop
  endfacet
  facet normal 0 0 -1
    outer loop
      vertex 7.7 116 0
      vertex 11.1375 107.263 0
      vertex 10.9992 107.375 0
    endloop
  endfacet
  facet normal 0 0 -1
    outer loop
      vertex 7.7 116 0
      vertex 10.9992 107.375 0
      vertex 10.85 107.472 0
    endloop
  endfacet
  facet normal 0 0 -1
    outer loop
      vertex 7.7 116 0
      vertex 10.85 107.472 0
      vertex 10.6915 107.553 0
    endloop
  endfacet
  facet normal 0 0 -1
    outer loop
      vertex 7.7 116 0
      vertex 10.6915 107.553 0
      vertex 10.5253 107.617 0
    endloop
  endfacet
  facet normal 0 0 -1
    outer loop
      vertex 7.7 116 0
      vertex 10.5253 107.617 0
      vertex 10.3534 107.663 0
    endloop
  endfacet
  facet normal 0 0 -1
    outer loop
      vertex 7.7 116 0
      vertex 10.3534 107.663 0
      vertex 10.1777 107.691 0
    endloop
  endfacet
  facet normal 0 0 -1
    outer loop
      vertex 7.7 116 0
      vertex 10.1777 107.691 0
      vertex 10 107.7 0
    endloop
  endfacet
  facet normal 0 0 -1
    outer loop
      vertex 7.7 116 0
      vertex 10 107.7 0
      vertex 9.8223 107.691 0
    endloop
  endfacet
  facet normal 0 0 -1
    outer loop
      vertex 7.7 116 0
      vertex 9.8223 107.691 0
      vertex 9.64655 107.663 0
    endloop
  endfacet
  facet normal 0 0 -1
    outer loop
      vertex 7.7 116 0
      vertex 9.64655 107.663 0
      vertex 9.47467 107.617 0
    endloop
  endfacet
  facet normal 0 0 -1
    outer loop
      vertex 7.7 116 0
      vertex 9.47467 107.617 0
      vertex 9.30855 107.553 0
    endloop
  endfacet
  facet normal 0 0 -1
    outer loop
      vertex 7.7 116 0
      vertex 9.30855 107.553 0
      vertex 9.15 107.472 0
    endloop
  endfacet
  facet normal 0 0 -1
    outer loop
      vertex 6.52533 97.6168 0
      vertex 9.30855 104.447 0
      vertex 6.69145 97.553 0
    endloop
  endfacet
  facet normal 0 0 -1
    outer loop
      vertex 8.3 106 0
      vertex 7.7 116 0
      vertex 8.30931 106.178 0
    endloop
  endfacet
  facet normal 0 0 -1
    outer loop
      vertex 7.7 116 0
      vertex 8.33715 106.353 0
      vertex 8.30931 106.178 0
    endloop
  endfacet
  facet normal 0 0 -1
    outer loop
      vertex 7.7 116 0
      vertex 8.3832 106.525 0
      vertex 8.33715 106.353 0
    endloop
  endfacet
  facet normal 0 0 -1
    outer loop
      vertex 7.7 116 0
      vertex 8.44697 106.691 0
      vertex 8.3832 106.525 0
    endloop
  endfacet
  facet normal 0 0 -1
    outer loop
      vertex 7.7 116 0
      vertex 8.52776 106.85 0
      vertex 8.44697 106.691 0
    endloop
  endfacet
  facet normal 0 0 -1
    outer loop
      vertex 7.7 116 0
      vertex 8.62467 106.999 0
      vertex 8.52776 106.85 0
    endloop
  endfacet
  facet normal 0 0 -1
    outer loop
      vertex 7.7 116 0
      vertex 8.73665 107.138 0
      vertex 8.62467 106.999 0
    endloop
  endfacet
  facet normal 0 0 -1
    outer loop
      vertex 7.7 116 0
      vertex 8.86248 107.263 0
      vertex 8.73665 107.138 0
    endloop
  endfacet
  facet normal 0 0 -1
    outer loop
      vertex 7.7 116 0
      vertex 9.00076 107.375 0
      vertex 8.86248 107.263 0
    endloop
  endfacet
  facet normal 0 0 -1
    outer loop
      vertex 7.7 116 0
      vertex 9.15 107.472 0
      vertex 9.00076 107.375 0
    endloop
  endfacet
  facet normal 0 0 -1
    outer loop
      vertex 11.2633 107.138 0
      vertex 7.7 116 0
      vertex 32 120 0
    endloop
  endfacet
  facet normal 0 0 -1
    outer loop
      vertex 7.69069 116.178 0
      vertex 32 120 0
      vertex 7.7 116 0
    endloop
  endfacet
  facet normal 0 0 -1
    outer loop
      vertex 7.66285 116.353 0
      vertex 32 120 0
      vertex 7.69069 116.178 0
    endloop
  endfacet
  facet normal 0 0 -1
    outer loop
      vertex 7.6168 116.525 0
      vertex 32 120 0
      vertex 7.66285 116.353 0
    endloop
  endfacet
  facet normal 0 0 -1
    outer loop
      vertex 7.55303 116.691 0
      vertex 32 120 0
      vertex 7.6168 116.525 0
    endloop
  endfacet
  facet normal 0 0 -1
    outer loop
      vertex 7.47224 116.85 0
      vertex 32 120 0
      vertex 7.55303 116.691 0
    endloop
  endfacet
  facet normal 0 0 -1
    outer loop
      vertex 7.37533 116.999 0
      vertex 32 120 0
      vertex 7.47224 116.85 0
    endloop
  endfacet
  facet normal 0 0 -1
    outer loop
      vertex 7.26335 117.138 0
      vertex 32 120 0
      vertex 7.37533 116.999 0
    endloop
  endfacet
  facet normal 0 0 -1
    outer loop
      vertex 7.13752 117.263 0
      vertex 32 120 0
      vertex 7.26335 117.138 0
    endloop
  endfacet
  facet normal 0 0 -1
    outer loop
      vertex 6.99923 117.375 0
      vertex 32 120 0
      vertex 7.13752 117.263 0
    endloop
  endfacet
  facet normal 0 0 -1
    outer loop
      vertex 6.85 117.472 0
      vertex 32 120 0
      vertex 6.99923 117.375 0
    endloop
  endfacet
  facet normal 0 0 -1
    outer loop
      vertex 6.69145 117.553 0
      vertex 32 120 0
      vertex 6.85 117.472 0
    endloop
  endfacet
  facet normal 0 0 -1
    outer loop
      vertex 6.52533 117.617 0
      vertex 32 120 0
      vertex 6.69145 117.553 0
    endloop
  endfacet
  facet normal 0 0 -1
    outer loop
      vertex 6.35345 117.663 0
      vertex 32 120 0
      vertex 6.52533 117.617 0
    endloop
  endfacet
  facet normal 0 0 -1
    outer loop
      vertex 6.1777 117.691 0
      vertex 32 120 0
      vertex 6.35345 117.663 0
    endloop
  endfacet
  facet normal 0 0 -1
    outer loop
      vertex 1.22021 118.741 0
      vertex 6.1777 117.691 0
      vertex 6 117.7 0
    endloop
  endfacet
  facet normal 0 0 -1
    outer loop
      vertex 1.22021 118.741 0
      vertex 6 117.7 0
      vertex 5.8223 117.691 0
    endloop
  endfacet
  facet normal 0 0 -1
    outer loop
      vertex 2.98357 95.6864 0
      vertex 4.44697 95.3085 0
      vertex 4.52776 95.15 0
    endloop
  endfacet
  facet normal 0 0 -1
    outer loop
      vertex 2.98357 95.6864 0
      vertex 4.3832 95.4747 0
      vertex 4.44697 95.3085 0
    endloop
  endfacet
  facet normal 0 0 -1
    outer loop
      vertex 2.98357 95.6864 0
      vertex 4.33715 95.6465 0
      vertex 4.3832 95.4747 0
    endloop
  endfacet
  facet normal 0 0 -1
    outer loop
      vertex 2.98357 95.6864 0
      vertex 4.30931 95.8223 0
      vertex 4.33715 95.6465 0
    endloop
  endfacet
  facet normal 0 0 -1
    outer loop
      vertex 4.30931 95.8223 0
      vertex 3 96 0
      vertex 4.3 96 0
    endloop
  endfacet
  facet normal 0 0 -1
    outer loop
      vertex 4.44697 96.6915 0
      vertex 2.85317 96.927 0
      vertex 4.52776 96.85 0
    endloop
  endfacet
  facet normal 0 0 -1
    outer loop
      vertex 4.33715 115.647 0
      vertex 3 116 0
      vertex 4.30931 115.822 0
    endloop
  endfacet
  facet normal 0 0 -1
    outer loop
      vertex 4.30931 115.822 0
      vertex 3 116 0
      vertex 4.3 116 0
    endloop
  endfacet
  facet normal 0 0 -1
    outer loop
      vertex 4.3 116 0
      vertex 3 116 0
      vertex 4.30931 116.178 0
    endloop
  endfacet
  facet normal 0 0 -1
    outer loop
      vertex 2.98357 116.314 0
      vertex 4.30931 116.178 0
      vertex 3 116 0
    endloop
  endfacet
  facet normal 0 0 -1
    outer loop
      vertex 4.30931 116.178 0
      vertex 2.98357 116.314 0
      vertex 4.33715 116.353 0
    endloop
  endfacet
  facet normal 0 0 -1
    outer loop
      vertex 2.93444 116.624 0
      vertex 4.33715 116.353 0
      vertex 2.98357 116.314 0
    endloop
  endfacet
  facet normal 0 0 -1
    outer loop
      vertex 4.33715 116.353 0
      vertex 2.93444 116.624 0
      vertex 4.3832 116.525 0
    endloop
  endfacet
  facet normal 0 0 -1
    outer loop
      vertex 4.3832 116.525 0
      vertex 2.93444 116.624 0
      vertex 4.44697 116.691 0
    endloop
  endfacet
  facet normal 0 0 -1
    outer loop
      vertex 2.85317 116.927 0
      vertex 4.44697 116.691 0
      vertex 2.93444 116.624 0
    endloop
  endfacet
  facet normal 0 0 -1
    outer loop
      vertex 4.44697 116.691 0
      vertex 2.85317 116.927 0
      vertex 4.52776 116.85 0
    endloop
  endfacet
  facet normal 0 0 -1
    outer loop
      vertex 2.74064 117.22 0
      vertex 4.52776 116.85 0
      vertex 2.85317 116.927 0
    endloop
  endfacet
  facet normal 0 0 -1
    outer loop
      vertex 4.52776 116.85 0
      vertex 2.74064 117.22 0
      vertex 4.62467 116.999 0
    endloop
  endfacet
  facet normal 0 0 -1
    outer loop
      vertex 4.62467 116.999 0
      vertex 2.74064 117.22 0
      vertex 4.73665 117.138 0
    endloop
  endfacet
  facet normal 0 0 -1
    outer loop
      vertex 2.59808 117.5 0
      vertex 4.73665 117.138 0
      vertex 2.74064 117.22 0
    endloop
  endfacet
  facet normal 0 0 -1
    outer loop
      vertex 4.73665 117.138 0
      vertex 2.59808 117.5 0
      vertex 4.86248 117.263 0
    endloop
  endfacet
  facet normal 0 0 -1
    outer loop
      vertex 2.42705 117.763 0
      vertex 4.86248 117.263 0
      vertex 2.59808 117.5 0
    endloop
  endfacet
  facet normal 0 0 -1
    outer loop
      vertex 4.86248 117.263 0
      vertex 2.42705 117.763 0
      vertex 5.00076 117.375 0
    endloop
  endfacet
  facet normal 0 0 -1
    outer loop
      vertex 5.00076 117.375 0
      vertex 2.42705 117.763 0
      vertex 5.15 117.472 0
    endloop
  endfacet
  facet normal 0 0 -1
    outer loop
      vertex 2.22943 118.007 0
      vertex 5.15 117.472 0
      vertex 2.42705 117.763 0
    endloop
  endfacet
  facet normal 0 0 -1
    outer loop
      vertex 5.15 117.472 0
      vertex 2.22943 118.007 0
      vertex 5.30855 117.553 0
    endloop
  endfacet
  facet normal 0 0 -1
    outer loop
      vertex 2.00739 118.229 0
      vertex 5.30855 117.553 0
      vertex 2.22943 118.007 0
    endloop
  endfacet
  facet normal 0 0 -1
    outer loop
      vertex 5.30855 117.553 0
      vertex 2.00739 118.229 0
      vertex 5.47467 117.617 0
    endloop
  endfacet
  facet normal 0 0 -1
    outer loop
      vertex 1.76336 118.427 0
      vertex 5.47467 117.617 0
      vertex 2.00739 118.229 0
    endloop
  endfacet
  facet normal 0 0 -1
    outer loop
      vertex 5.47467 117.617 0
      vertex 1.76336 118.427 0
      vertex 5.64655 117.663 0
    endloop
  endfacet
  facet normal 0 0 -1
    outer loop
      vertex 1.5 118.598 0
      vertex 5.64655 117.663 0
      vertex 1.76336 118.427 0
    endloop
  endfacet
  facet normal 0 0 -1
    outer loop
      vertex 5.64655 117.663 0
      vertex 1.5 118.598 0
      vertex 5.8223 117.691 0
    endloop
  endfacet
  facet normal 0 0 -1
    outer loop
      vertex 1.22021 118.741 0
      vertex 5.8223 117.691 0
      vertex 1.5 118.598 0
    endloop
  endfacet
  facet normal 0 0 -1
    outer loop
      vertex 6.1777 117.691 0
      vertex 1.22021 118.741 0
      vertex 0.927051 118.853 0
    endloop
  endfacet
  facet normal 0 0 -1
    outer loop
      vertex 6.1777 117.691 0
      vertex 0.927051 118.853 0
      vertex 32 120 0
    endloop
  endfacet
  facet normal 0 0 -1
    outer loop
      vertex 0.623734 118.934 0
      vertex 32 120 0
      vertex 0.927051 118.853 0
    endloop
  endfacet
  facet normal 0 0 -1
    outer loop
      vertex 0.313585 118.984 0
      vertex 32 120 0
      vertex 0.623734 118.934 0
    endloop
  endfacet
  facet normal 0 0 -1
    outer loop
      vertex 0 119 0
      vertex 32 120 0
      vertex 0.313585 118.984 0
    endloop
  endfacet
  facet normal 0 0 -1
    outer loop
      vertex -4.30931 95.8223 0
      vertex -3.01109 65.3442 0
      vertex -3.34415 65.0111 0
    endloop
  endfacet
  facet normal 0 0 -1
    outer loop
      vertex -4.30931 95.8223 0
      vertex -3.34415 65.0111 0
      vertex -3.64058 64.645 0
    endloop
  endfacet
  facet normal 0 0 -1
    outer loop
      vertex -4.30931 95.8223 0
      vertex -3.64058 64.645 0
      vertex -3.89711 64.25 0
    endloop
  endfacet
  facet normal 0 0 -1
    outer loop
      vertex -4.30931 95.8223 0
      vertex -3.89711 64.25 0
      vertex -4.11095 63.8303 0
    endloop
  endfacet
  facet normal 0 0 -1
    outer loop
      vertex -12 88 0
      vertex -4.11095 63.8303 0
      vertex -4.27975 63.3906 0
    endloop
  endfacet
  facet normal 0 0 -1
    outer loop
      vertex -5.30855 97.553 0
      vertex -2.22943 98.0074 0
      vertex -5.15 97.4722 0
    endloop
  endfacet
  facet normal 0 0 -1
    outer loop
      vertex -2.98357 115.686 0
      vertex -4.3 116 0
      vertex -3 116 0
    endloop
  endfacet
  facet normal 0 0 -1
    outer loop
      vertex -4.30931 116.178 0
      vertex -3 116 0
      vertex -4.3 116 0
    endloop
  endfacet
  facet normal 0 0 -1
    outer loop
      vertex -3 116 0
      vertex -4.30931 116.178 0
      vertex -2.98357 116.314 0
    endloop
  endfacet
  facet normal 0 0 -1
    outer loop
      vertex -4.33715 116.353 0
      vertex -2.98357 116.314 0
      vertex -4.30931 116.178 0
    endloop
  endfacet
  facet normal 0 0 -1
    outer loop
      vertex -2.98357 116.314 0
      vertex -4.33715 116.353 0
      vertex -2.93444 116.624 0
    endloop
  endfacet
  facet normal 0 0 -1
    outer loop
      vertex -4.3832 116.525 0
      vertex -2.93444 116.624 0
      vertex -4.33715 116.353 0
    endloop
  endfacet
  facet normal 0 0 -1
    outer loop
      vertex -4.44697 116.691 0
      vertex -2.93444 116.624 0
      vertex -4.3832 116.525 0
    endloop
  endfacet
  facet normal 0 0 -1
    outer loop
      vertex -2.93444 116.624 0
      vertex -4.44697 116.691 0
      vertex -2.85317 116.927 0
    endloop
  endfacet
  facet normal 0 0 -1
    outer loop
      vertex -4.52776 116.85 0
      vertex -2.85317 116.927 0
      vertex -4.44697 116.691 0
    endloop
  endfacet
  facet normal -0 0 -1
    outer loop
      vertex -2.85317 116.927 0
      vertex -4.52776 116.85 0
      vertex -2.74064 117.22 0
    endloop
  endfacet
  facet normal 0 0 -1
    outer loop
      vertex -4.62467 116.999 0
      vertex -2.74064 117.22 0
      vertex -4.52776 116.85 0
    endloop
  endfacet
  facet normal 0 0 -1
    outer loop
      vertex -4.73665 117.138 0
      vertex -2.74064 117.22 0
      vertex -4.62467 116.999 0
    endloop
  endfacet
  facet normal -0 0 -1
    outer loop
      vertex -2.74064 117.22 0
      vertex -4.73665 117.138 0
      vertex -2.59808 117.5 0
    endloop
  endfacet
  facet normal 0 0 -1
    outer loop
      vertex -4.86248 117.263 0
      vertex -2.59808 117.5 0
      vertex -4.73665 117.138 0
    endloop
  endfacet
  facet normal -0 0 -1
    outer loop
      vertex -2.59808 117.5 0
      vertex -4.86248 117.263 0
      vertex -2.42705 117.763 0
    endloop
  endfacet
  facet normal 0 0 -1
    outer loop
      vertex -5.00076 117.375 0
      vertex -2.42705 117.763 0
      vertex -4.86248 117.263 0
    endloop
  endfacet
  facet normal 0 0 -1
    outer loop
      vertex -5.15 117.472 0
      vertex -2.42705 117.763 0
      vertex -5.00076 117.375 0
    endloop
  endfacet
  facet normal -0 0 -1
    outer loop
      vertex -2.42705 117.763 0
      vertex -5.15 117.472 0
      vertex -2.22943 118.007 0
    endloop
  endfacet
  facet normal 0 0 -1
    outer loop
      vertex -5.30855 117.553 0
      vertex -2.22943 118.007 0
      vertex -5.15 117.472 0
    endloop
  endfacet
  facet normal -0 0 -1
    outer loop
      vertex -2.22943 118.007 0
      vertex -5.30855 117.553 0
      vertex -2.00739 118.229 0
    endloop
  endfacet
  facet normal 0 0 -1
    outer loop
      vertex -5.47467 117.617 0
      vertex -2.00739 118.229 0
      vertex -5.30855 117.553 0
    endloop
  endfacet
  facet normal -0 0 -1
    outer loop
      vertex -2.00739 118.229 0
      vertex -5.47467 117.617 0
      vertex -1.76336 118.427 0
    endloop
  endfacet
  facet normal 0 0 -1
    outer loop
      vertex -5.64655 117.663 0
      vertex -1.76336 118.427 0
      vertex -5.47467 117.617 0
    endloop
  endfacet
  facet normal -0 0 -1
    outer loop
      vertex -1.76336 118.427 0
      vertex -5.64655 117.663 0
      vertex -1.5 118.598 0
    endloop
  endfacet
  facet normal 0 0 -1
    outer loop
      vertex -5.8223 117.691 0
      vertex -1.5 118.598 0
      vertex -5.64655 117.663 0
    endloop
  endfacet
  facet normal -0 0 -1
    outer loop
      vertex -1.5 118.598 0
      vertex -5.8223 117.691 0
      vertex -1.22021 118.741 0
    endloop
  endfacet
  facet normal 0 0 -1
    outer loop
      vertex -6 117.7 0
      vertex -1.22021 118.741 0
      vertex -5.8223 117.691 0
    endloop
  endfacet
  facet normal 0 0 -1
    outer loop
      vertex -6.1777 117.691 0
      vertex -1.22021 118.741 0
      vertex -6 117.7 0
    endloop
  endfacet
  facet normal -0 0 -1
    outer loop
      vertex -1.22021 118.741 0
      vertex -6.1777 117.691 0
      vertex -0.927051 118.853 0
    endloop
  endfacet
  facet normal 0 0 -1
    outer loop
      vertex -6.35345 117.663 0
      vertex -0.927051 118.853 0
      vertex -6.1777 117.691 0
    endloop
  endfacet
  facet normal 0 0 -1
    outer loop
      vertex -32 120 0
      vertex -0.927051 118.853 0
      vertex -6.35345 117.663 0
    endloop
  endfacet
  facet normal 0 0 -1
    outer loop
      vertex -9.47467 107.617 0
      vertex -6.69145 114.447 0
      vertex -9.30855 107.553 0
    endloop
  endfacet
  facet normal -0 0 -1
    outer loop
      vertex -6.69145 114.447 0
      vertex -9.47467 107.617 0
      vertex -6.85 114.528 0
    endloop
  endfacet
  facet normal 0 0 -1
    outer loop
      vertex -9.64655 107.663 0
      vertex -6.85 114.528 0
      vertex -9.47467 107.617 0
    endloop
  endfacet
  facet normal -0 0 -1
    outer loop
      vertex -6.85 114.528 0
      vertex -9.64655 107.663 0
      vertex -6.99923 114.625 0
    endloop
  endfacet
  facet normal 0 0 -1
    outer loop
      vertex -9.8223 107.691 0
      vertex -6.99923 114.625 0
      vertex -9.64655 107.663 0
    endloop
  endfacet
  facet normal -0 0 -1
    outer loop
      vertex -6.99923 114.625 0
      vertex -9.8223 107.691 0
      vertex -7.13752 114.737 0
    endloop
  endfacet
  facet normal 0 0 -1
    outer loop
      vertex -10 107.7 0
      vertex -7.13752 114.737 0
      vertex -9.8223 107.691 0
    endloop
  endfacet
  facet normal -0 0 -1
    outer loop
      vertex -7.13752 114.737 0
      vertex -10 107.7 0
      vertex -7.26335 114.862 0
    endloop
  endfacet
  facet normal 0 0 -1
    outer loop
      vertex -10.1777 107.691 0
      vertex -7.26335 114.862 0
      vertex -10 107.7 0
    endloop
  endfacet
  facet normal -0 0 -1
    outer loop
      vertex -7.26335 114.862 0
      vertex -10.1777 107.691 0
      vertex -7.37533 115.001 0
    endloop
  endfacet
  facet normal 0 0 -1
    outer loop
      vertex -10.3534 107.663 0
      vertex -7.37533 115.001 0
      vertex -10.1777 107.691 0
    endloop
  endfacet
  facet normal -0 0 -1
    outer loop
      vertex -7.37533 115.001 0
      vertex -10.3534 107.663 0
      vertex -7.47224 115.15 0
    endloop
  endfacet
  facet normal 0 0 -1
    outer loop
      vertex -10.5253 107.617 0
      vertex -7.47224 115.15 0
      vertex -10.3534 107.663 0
    endloop
  endfacet
  facet normal -0 0 -1
    outer loop
      vertex -7.47224 115.15 0
      vertex -10.5253 107.617 0
      vertex -7.55303 115.309 0
    endloop
  endfacet
  facet normal 0 0 -1
    outer loop
      vertex -10.6915 107.553 0
      vertex -7.55303 115.309 0
      vertex -10.5253 107.617 0
    endloop
  endfacet
  facet normal -0 0 -1
    outer loop
      vertex -7.55303 115.309 0
      vertex -10.6915 107.553 0
      vertex -7.6168 115.475 0
    endloop
  endfacet
  facet normal 0 0 -1
    outer loop
      vertex -10.85 107.472 0
      vertex -7.6168 115.475 0
      vertex -10.6915 107.553 0
    endloop
  endfacet
  facet normal -0 0 -1
    outer loop
      vertex -7.6168 115.475 0
      vertex -10.85 107.472 0
      vertex -7.66285 115.647 0
    endloop
  endfacet
  facet normal 0 0 -1
    outer loop
      vertex -10.9992 107.375 0
      vertex -7.66285 115.647 0
      vertex -10.85 107.472 0
    endloop
  endfacet
  facet normal -0 0 -1
    outer loop
      vertex -7.66285 115.647 0
      vertex -10.9992 107.375 0
      vertex -7.69069 115.822 0
    endloop
  endfacet
  facet normal 0 0 -1
    outer loop
      vertex -11.1375 107.263 0
      vertex -7.69069 115.822 0
      vertex -10.9992 107.375 0
    endloop
  endfacet
  facet normal -0 0 -1
    outer loop
      vertex -7.69069 115.822 0
      vertex -11.1375 107.263 0
      vertex -7.7 116 0
    endloop
  endfacet
  facet normal 0 0 -1
    outer loop
      vertex -11.2633 107.138 0
      vertex -7.7 116 0
      vertex -11.1375 107.263 0
    endloop
  endfacet
  facet normal 0 0 -1
    outer loop
      vertex -32 120 0
      vertex -7.7 116 0
      vertex -11.2633 107.138 0
    endloop
  endfacet
  facet normal 0 0 -1
    outer loop
      vertex -7.7 116 0
      vertex -32 120 0
      vertex -7.69069 116.178 0
    endloop
  endfacet
  facet normal 0 0 -1
    outer loop
      vertex -7.69069 116.178 0
      vertex -32 120 0
      vertex -7.66285 116.353 0
    endloop
  endfacet
  facet normal 0 0 -1
    outer loop
      vertex -7.66285 116.353 0
      vertex -32 120 0
      vertex -7.6168 116.525 0
    endloop
  endfacet
  facet normal 0 0 -1
    outer loop
      vertex -32 120 0
      vertex -11.2633 107.138 0
      vertex -11.3753 106.999 0
    endloop
  endfacet
  facet normal 0 0 -1
    outer loop
      vertex -32 120 0
      vertex -11.3753 106.999 0
      vertex -11.4722 106.85 0
    endloop
  endfacet
  facet normal 0 0 -1
    outer loop
      vertex -32 120 0
      vertex -11.4722 106.85 0
      vertex -11.553 106.691 0
    endloop
  endfacet
  facet normal -0 0 -1
    outer loop
      vertex -11.6629 105.647 0
      vertex -32 88 0
      vertex -11.6907 105.822 0
    endloop
  endfacet
  facet normal 0 0 -1
    outer loop
      vertex -32 120 0
      vertex -11.6907 105.822 0
      vertex -32 88 0
    endloop
  endfacet
  facet normal 0 0 -1
    outer loop
      vertex -11.6907 105.822 0
      vertex -32 120 0
      vertex -11.7 106 0
    endloop
  endfacet
  facet normal 0 0 -1
    outer loop
      vertex -11.7 106 0
      vertex -32 120 0
      vertex -11.6907 106.178 0
    endloop
  endfacet
  facet normal 0 0 -1
    outer loop
      vertex -11.6907 106.178 0
      vertex -32 120 0
      vertex -11.6629 106.353 0
    endloop
  endfacet
  facet normal 0 0 -1
    outer loop
      vertex -11.6629 106.353 0
      vertex -32 120 0
      vertex -11.6168 106.525 0
    endloop
  endfacet
  facet normal 0 0 -1
    outer loop
      vertex -11.6168 106.525 0
      vertex -32 120 0
      vertex -11.553 106.691 0
    endloop
  endfacet
  facet normal 0 0 -1
    outer loop
      vertex -7.6168 116.525 0
      vertex -32 120 0
      vertex -7.55303 116.691 0
    endloop
  endfacet
  facet normal 0 0 -1
    outer loop
      vertex -7.55303 116.691 0
      vertex -32 120 0
      vertex -7.47224 116.85 0
    endloop
  endfacet
  facet normal 0 0 -1
    outer loop
      vertex -7.47224 116.85 0
      vertex -32 120 0
      vertex -7.37533 116.999 0
    endloop
  endfacet
  facet normal 0 0 -1
    outer loop
      vertex 0 119 0
      vertex -32 120 0
      vertex 32 120 0
    endloop
  endfacet
  facet normal 0 0 -1
    outer loop
      vertex -0.313585 118.984 0
      vertex -32 120 0
      vertex 0 119 0
    endloop
  endfacet
  facet normal 0 0 -1
    outer loop
      vertex -0.623734 118.934 0
      vertex -32 120 0
      vertex -0.313585 118.984 0
    endloop
  endfacet
  facet normal 0 0 -1
    outer loop
      vertex -0.927051 118.853 0
      vertex -32 120 0
      vertex -0.623734 118.934 0
    endloop
  endfacet
  facet normal 0 0 -1
    outer loop
      vertex -6.52533 117.617 0
      vertex -32 120 0
      vertex -6.35345 117.663 0
    endloop
  endfacet
  facet normal 0 0 -1
    outer loop
      vertex -6.69145 117.553 0
      vertex -32 120 0
      vertex -6.52533 117.617 0
    endloop
  endfacet
  facet normal 0 0 -1
    outer loop
      vertex -6.85 117.472 0
      vertex -32 120 0
      vertex -6.69145 117.553 0
    endloop
  endfacet
  facet normal 0 0 -1
    outer loop
      vertex -6.99923 117.375 0
      vertex -32 120 0
      vertex -6.85 117.472 0
    endloop
  endfacet
  facet normal 0 0 -1
    outer loop
      vertex -7.13752 117.263 0
      vertex -32 120 0
      vertex -6.99923 117.375 0
    endloop
  endfacet
  facet normal 0 0 -1
    outer loop
      vertex -7.26335 117.138 0
      vertex -32 120 0
      vertex -7.13752 117.263 0
    endloop
  endfacet
  facet normal 0 0 -1
    outer loop
      vertex -7.37533 116.999 0
      vertex -32 120 0
      vertex -7.26335 117.138 0
    endloop
  endfacet
  facet normal 0 0 -1
    outer loop
      vertex 12 88 0
      vertex 5.64655 94.3372 0
      vertex 5.8223 94.3093 0
    endloop
  endfacet
  facet normal 0 0 -1
    outer loop
      vertex 12 88 0
      vertex 5.47467 94.3832 0
      vertex 5.64655 94.3372 0
    endloop
  endfacet
  facet normal 0 0 -1
    outer loop
      vertex 12 88 0
      vertex 5.30855 94.447 0
      vertex 5.47467 94.3832 0
    endloop
  endfacet
  facet normal 0 0 -1
    outer loop
      vertex 2.25 65.8971 0
      vertex 12 88 0
      vertex 2.64503 65.6406 0
    endloop
  endfacet
  facet normal 0 0 -1
    outer loop
      vertex 1.83031 66.111 0
      vertex 12 88 0
      vertex 2.25 65.8971 0
    endloop
  endfacet
  facet normal 0 0 -1
    outer loop
      vertex 5.15 94.5278 0
      vertex 2.98357 95.6864 0
      vertex 5.00076 94.6247 0
    endloop
  endfacet
  facet normal 0 0 -1
    outer loop
      vertex 2.98357 95.6864 0
      vertex 4.86248 94.7367 0
      vertex 5.00076 94.6247 0
    endloop
  endfacet
  facet normal 0 0 -1
    outer loop
      vertex 2.98357 95.6864 0
      vertex 4.73665 94.8625 0
      vertex 4.86248 94.7367 0
    endloop
  endfacet
  facet normal 0 0 -1
    outer loop
      vertex 2.98357 95.6864 0
      vertex 4.52776 95.15 0
      vertex 4.62467 95.0008 0
    endloop
  endfacet
  facet normal 0 0 -1
    outer loop
      vertex 2.98357 95.6864 0
      vertex 4.62467 95.0008 0
      vertex 4.73665 94.8625 0
    endloop
  endfacet
  facet normal 0 0 1
    outer loop
      vertex -12 9 4
      vertex -23.5247 0.470378 4
      vertex -23.5 0 4
    endloop
  endfacet
  facet normal 0 0 1
    outer loop
      vertex -12 9 4
      vertex -23.5983 0.935602 4
      vertex -23.5247 0.470378 4
    endloop
  endfacet
  facet normal 0 0 1
    outer loop
      vertex -12 9 4
      vertex -23.7202 1.39058 4
      vertex -23.5983 0.935602 4
    endloop
  endfacet
  facet normal 0 0 1
    outer loop
      vertex -12 9 4
      vertex -23.889 1.83031 4
      vertex -23.7202 1.39058 4
    endloop
  endfacet
  facet normal 0 0 1
    outer loop
      vertex -12 9 4
      vertex -24.1029 2.25 4
      vertex -23.889 1.83031 4
    endloop
  endfacet
  facet normal 0 0 1
    outer loop
      vertex -12 9 4
      vertex -24.3594 2.64503 4
      vertex -24.1029 2.25 4
    endloop
  endfacet
  facet normal 0 0 1
    outer loop
      vertex -12 9 4
      vertex -24.6558 3.01109 4
      vertex -24.3594 2.64503 4
    endloop
  endfacet
  facet normal 0 0 1
    outer loop
      vertex -12 9 4
      vertex -24.9889 3.34415 4
      vertex -24.6558 3.01109 4
    endloop
  endfacet
  facet normal 0 0 1
    outer loop
      vertex -12 9 4
      vertex -25.355 3.64058 4
      vertex -24.9889 3.34415 4
    endloop
  endfacet
  facet normal 0 0 1
    outer loop
      vertex -12 9 4
      vertex -25.75 3.89711 4
      vertex -25.355 3.64058 4
    endloop
  endfacet
  facet normal 0 0 1
    outer loop
      vertex -12 9 4
      vertex -26.1697 4.11095 4
      vertex -25.75 3.89711 4
    endloop
  endfacet
  facet normal 0 0 1
    outer loop
      vertex -12 9 4
      vertex -26.6094 4.27975 4
      vertex -26.1697 4.11095 4
    endloop
  endfacet
  facet normal 0 0 1
    outer loop
      vertex -12 9 4
      vertex -27.0644 4.40166 4
      vertex -26.6094 4.27975 4
    endloop
  endfacet
  facet normal 0 0 1
    outer loop
      vertex -12 9 4
      vertex -27.5296 4.47535 4
      vertex -27.0644 4.40166 4
    endloop
  endfacet
  facet normal 0 0 1
    outer loop
      vertex -12 9 4
      vertex -28 4.5 4
      vertex -27.5296 4.47535 4
    endloop
  endfacet
  facet normal -0 0 1
    outer loop
      vertex -43 9 4
      vertex -28 4.5 4
      vertex -12 9 4
    endloop
  endfacet
  facet normal 0 0 1
    outer loop
      vertex -28 4.5 4
      vertex -43 9 4
      vertex -28.4704 4.47535 4
    endloop
  endfacet
  facet normal 0 0 1
    outer loop
      vertex -28.4704 4.47535 4
      vertex -43 9 4
      vertex -28.9356 4.40166 4
    endloop
  endfacet
  facet normal -0 0 1
    outer loop
      vertex -35.3093 0.177698 4
      vertex -32.5 0 4
      vertex -32.4753 0.470378 4
    endloop
  endfacet
  facet normal -0 0 1
    outer loop
      vertex -35.3832 0.525329 4
      vertex -32.4753 0.470378 4
      vertex -32.4017 0.935602 4
    endloop
  endfacet
  facet normal 0 0 1
    outer loop
      vertex -35.5278 0.849999 4
      vertex -32.4017 0.935602 4
      vertex -32.2798 1.39058 4
    endloop
  endfacet
  facet normal 0 0 1
    outer loop
      vertex -35.6247 0.999234 4
      vertex -32.2798 1.39058 4
      vertex -32.111 1.83031 4
    endloop
  endfacet
  facet normal 0 0 1
    outer loop
      vertex -35.8625 1.26335 4
      vertex -32.111 1.83031 4
      vertex -31.8971 2.25 4
    endloop
  endfacet
  facet normal 0 0 1
    outer loop
      vertex -36.15 1.47224 4
      vertex -31.8971 2.25 4
      vertex -31.6406 2.64503 4
    endloop
  endfacet
  facet normal 0 0 1
    outer loop
      vertex -36.3085 1.55303 4
      vertex -31.6406 2.64503 4
      vertex -31.3442 3.01109 4
    endloop
  endfacet
  facet normal 0 0 1
    outer loop
      vertex -36.6465 1.66285 4
      vertex -31.3442 3.01109 4
      vertex -31.0111 3.34415 4
    endloop
  endfacet
  facet normal 0 0 1
    outer loop
      vertex -43 9 4
      vertex -31.0111 3.34415 4
      vertex -30.645 3.64058 4
    endloop
  endfacet
  facet normal 0 0 1
    outer loop
      vertex -32.5 0 4
      vertex -35.3093 0.177698 4
      vertex -35.3 0 4
    endloop
  endfacet
  facet normal 0 0 1
    outer loop
      vertex -32.4753 0.470378 4
      vertex -35.3372 0.35345 4
      vertex -35.3093 0.177698 4
    endloop
  endfacet
  facet normal 0 0 1
    outer loop
      vertex -32.4753 0.470378 4
      vertex -35.3832 0.525329 4
      vertex -35.3372 0.35345 4
    endloop
  endfacet
  facet normal 0 0 1
    outer loop
      vertex -32.4017 0.935602 4
      vertex -35.447 0.691452 4
      vertex -35.3832 0.525329 4
    endloop
  endfacet
  facet normal 0 0 1
    outer loop
      vertex -43 9 4
      vertex -30.645 3.64058 4
      vertex -30.25 3.89711 4
    endloop
  endfacet
  facet normal 0 0 1
    outer loop
      vertex -32.4017 0.935602 4
      vertex -35.5278 0.849999 4
      vertex -35.447 0.691452 4
    endloop
  endfacet
  facet normal 0 0 1
    outer loop
      vertex -32.2798 1.39058 4
      vertex -35.6247 0.999234 4
      vertex -35.5278 0.849999 4
    endloop
  endfacet
  facet normal 0 0 1
    outer loop
      vertex -32.111 1.83031 4
      vertex -35.7367 1.13752 4
      vertex -35.6247 0.999234 4
    endloop
  endfacet
  facet normal 0 0 1
    outer loop
      vertex -43 9 4
      vertex -30.25 3.89711 4
      vertex -29.8303 4.11095 4
    endloop
  endfacet
  facet normal 0 0 1
    outer loop
      vertex -32.111 1.83031 4
      vertex -35.8625 1.26335 4
      vertex -35.7367 1.13752 4
    endloop
  endfacet
  facet normal 0 0 1
    outer loop
      vertex -31.8971 2.25 4
      vertex -36.0008 1.37533 4
      vertex -35.8625 1.26335 4
    endloop
  endfacet
  facet normal 0 0 1
    outer loop
      vertex -31.8971 2.25 4
      vertex -36.15 1.47224 4
      vertex -36.0008 1.37533 4
    endloop
  endfacet
  facet normal 0 0 1
    outer loop
      vertex -31.6406 2.64503 4
      vertex -36.3085 1.55303 4
      vertex -36.15 1.47224 4
    endloop
  endfacet
  facet normal 0 0 1
    outer loop
      vertex -31.3442 3.01109 4
      vertex -36.4747 1.6168 4
      vertex -36.3085 1.55303 4
    endloop
  endfacet
  facet normal 0 0 1
    outer loop
      vertex -43 9 4
      vertex -29.8303 4.11095 4
      vertex -29.3906 4.27975 4
    endloop
  endfacet
  facet normal 0 0 1
    outer loop
      vertex -31.3442 3.01109 4
      vertex -36.6465 1.66285 4
      vertex -36.4747 1.6168 4
    endloop
  endfacet
  facet normal 0 0 1
    outer loop
      vertex -31.0111 3.34415 4
      vertex -43 9 4
      vertex -36.8223 1.69069 4
    endloop
  endfacet
  facet normal 0 0 1
    outer loop
      vertex -31.0111 3.34415 4
      vertex -36.8223 1.69069 4
      vertex -36.6465 1.66285 4
    endloop
  endfacet
  facet normal 0 0 1
    outer loop
      vertex -36.8223 1.69069 4
      vertex -43 9 4
      vertex -37 1.7 4
    endloop
  endfacet
  facet normal 0 0 1
    outer loop
      vertex -37 1.7 4
      vertex -43 9 4
      vertex -37.1777 1.69069 4
    endloop
  endfacet
  facet normal 0 0 1
    outer loop
      vertex -37.1777 1.69069 4
      vertex -43 9 4
      vertex -37.3535 1.66285 4
    endloop
  endfacet
  facet normal 0 0 1
    outer loop
      vertex -38.6907 0.177698 4
      vertex -43 9 4
      vertex -38.7 0 4
    endloop
  endfacet
  facet normal 0 0 1
    outer loop
      vertex -38.6628 0.35345 4
      vertex -43 9 4
      vertex -38.6907 0.177698 4
    endloop
  endfacet
  facet normal 0 0 1
    outer loop
      vertex -38.6168 0.525329 4
      vertex -43 9 4
      vertex -38.6628 0.35345 4
    endloop
  endfacet
  facet normal 0 0 1
    outer loop
      vertex -38.553 0.691452 4
      vertex -43 9 4
      vertex -38.6168 0.525329 4
    endloop
  endfacet
  facet normal 0 0 1
    outer loop
      vertex -38.4722 0.849999 4
      vertex -43 9 4
      vertex -38.553 0.691452 4
    endloop
  endfacet
  facet normal 0 0 1
    outer loop
      vertex -38.3753 0.999234 4
      vertex -43 9 4
      vertex -38.4722 0.849999 4
    endloop
  endfacet
  facet normal 0 0 1
    outer loop
      vertex -38.2633 1.13752 4
      vertex -43 9 4
      vertex -38.3753 0.999234 4
    endloop
  endfacet
  facet normal 0 0 1
    outer loop
      vertex -38.1375 1.26335 4
      vertex -43 9 4
      vertex -38.2633 1.13752 4
    endloop
  endfacet
  facet normal 0 0 1
    outer loop
      vertex -37.9992 1.37533 4
      vertex -43 9 4
      vertex -38.1375 1.26335 4
    endloop
  endfacet
  facet normal 0 0 1
    outer loop
      vertex -37.85 1.47224 4
      vertex -43 9 4
      vertex -37.9992 1.37533 4
    endloop
  endfacet
  facet normal 0 0 1
    outer loop
      vertex -37.6915 1.55303 4
      vertex -43 9 4
      vertex -37.85 1.47224 4
    endloop
  endfacet
  facet normal 0 0 1
    outer loop
      vertex -37.5253 1.6168 4
      vertex -43 9 4
      vertex -37.6915 1.55303 4
    endloop
  endfacet
  facet normal 0 0 1
    outer loop
      vertex -37.3535 1.66285 4
      vertex -43 9 4
      vertex -37.5253 1.6168 4
    endloop
  endfacet
  facet normal 0 0 1
    outer loop
      vertex -28.9356 4.40166 4
      vertex -43 9 4
      vertex -29.3906 4.27975 4
    endloop
  endfacet
  facet normal 0 0 1
    outer loop
      vertex -2.22943 113.993 4
      vertex -5.30855 114.447 4
      vertex -2.00739 113.771 4
    endloop
  endfacet
  facet normal 0 0 1
    outer loop
      vertex -3 106 4
      vertex -4.30931 96.1777 4
      vertex -4.3 96 4
    endloop
  endfacet
  facet normal -0 0 1
    outer loop
      vertex -5.47467 114.383 4
      vertex -2.00739 113.771 4
      vertex -5.30855 114.447 4
    endloop
  endfacet
  facet normal 0 0 1
    outer loop
      vertex -3 106 4
      vertex -4.33715 96.3534 4
      vertex -4.30931 96.1777 4
    endloop
  endfacet
  facet normal 0 0 1
    outer loop
      vertex -2.00739 113.771 4
      vertex -5.47467 114.383 4
      vertex -2.00739 108.229 4
    endloop
  endfacet
  facet normal 0 0 1
    outer loop
      vertex -3 106 4
      vertex -4.3832 96.5253 4
      vertex -4.33715 96.3534 4
    endloop
  endfacet
  facet normal -0 0 1
    outer loop
      vertex -5.64655 114.337 4
      vertex -2.00739 108.229 4
      vertex -5.47467 114.383 4
    endloop
  endfacet
  facet normal 0 0 1
    outer loop
      vertex -3 106 4
      vertex -4.44697 96.6915 4
      vertex -4.3832 96.5253 4
    endloop
  endfacet
  facet normal 0 0 1
    outer loop
      vertex -2.00739 108.229 4
      vertex -5.64655 114.337 4
      vertex -2.22943 108.007 4
    endloop
  endfacet
  facet normal 0 0 1
    outer loop
      vertex -3 106 4
      vertex -4.52776 96.85 4
      vertex -4.44697 96.6915 4
    endloop
  endfacet
  facet normal -0 0 1
    outer loop
      vertex -5.8223 114.309 4
      vertex -2.22943 108.007 4
      vertex -5.64655 114.337 4
    endloop
  endfacet
  facet normal 0 0 1
    outer loop
      vertex -3 106 4
      vertex -4.62467 96.9992 4
      vertex -4.52776 96.85 4
    endloop
  endfacet
  facet normal 0 0 1
    outer loop
      vertex -2.22943 108.007 4
      vertex -5.8223 114.309 4
      vertex -2.42705 107.763 4
    endloop
  endfacet
  facet normal 0 0 1
    outer loop
      vertex -3 106 4
      vertex -4.73665 97.1375 4
      vertex -4.62467 96.9992 4
    endloop
  endfacet
  facet normal -0 0 1
    outer loop
      vertex -6 114.3 4
      vertex -2.42705 107.763 4
      vertex -5.8223 114.309 4
    endloop
  endfacet
  facet normal 0 0 1
    outer loop
      vertex -8.30931 105.822 4
      vertex -3 106 4
      vertex -8.3 106 4
    endloop
  endfacet
  facet normal 0 0 1
    outer loop
      vertex -8.73665 107.138 4
      vertex -2.42705 107.763 4
      vertex -6 114.3 4
    endloop
  endfacet
  facet normal 0 0 1
    outer loop
      vertex -3 106 4
      vertex -4.86248 97.2633 4
      vertex -4.73665 97.1375 4
    endloop
  endfacet
  facet normal 0 0 1
    outer loop
      vertex -2.42705 107.763 4
      vertex -8.73665 107.138 4
      vertex -2.59808 107.5 4
    endloop
  endfacet
  facet normal 0 0 1
    outer loop
      vertex -8.33715 105.647 4
      vertex -3 106 4
      vertex -8.30931 105.822 4
    endloop
  endfacet
  facet normal 0 0 1
    outer loop
      vertex -2.59808 107.5 4
      vertex -8.62467 106.999 4
      vertex -2.74064 107.22 4
    endloop
  endfacet
  facet normal 0 0 1
    outer loop
      vertex -3 106 4
      vertex -5.00076 97.3753 4
      vertex -4.86248 97.2633 4
    endloop
  endfacet
  facet normal 0 -0 1
    outer loop
      vertex -8.52776 106.85 4
      vertex -2.74064 107.22 4
      vertex -8.62467 106.999 4
    endloop
  endfacet
  facet normal 0 0 1
    outer loop
      vertex -8.3832 105.475 4
      vertex -3 106 4
      vertex -8.33715 105.647 4
    endloop
  endfacet
  facet normal 0 0 1
    outer loop
      vertex -2.74064 107.22 4
      vertex -8.52776 106.85 4
      vertex -2.85317 106.927 4
    endloop
  endfacet
  facet normal 0 0 1
    outer loop
      vertex -3 106 4
      vertex -5.15 97.4722 4
      vertex -5.00076 97.3753 4
    endloop
  endfacet
  facet normal 0 -0 1
    outer loop
      vertex -8.3832 106.525 4
      vertex -2.85317 106.927 4
      vertex -8.44697 106.691 4
    endloop
  endfacet
  facet normal 0 0 1
    outer loop
      vertex -8.44697 105.309 4
      vertex -3 106 4
      vertex -8.3832 105.475 4
    endloop
  endfacet
  facet normal 0 -0 1
    outer loop
      vertex -8.62467 106.999 4
      vertex -2.59808 107.5 4
      vertex -8.73665 107.138 4
    endloop
  endfacet
  facet normal 0 0 1
    outer loop
      vertex -3 106 4
      vertex -5.30855 97.553 4
      vertex -5.15 97.4722 4
    endloop
  endfacet
  facet normal 0 0 1
    outer loop
      vertex -8.86248 107.263 4
      vertex -6 114.3 4
      vertex -6.1777 114.309 4
    endloop
  endfacet
  facet normal 0 0 1
    outer loop
      vertex -8.52776 105.15 4
      vertex -3 106 4
      vertex -8.44697 105.309 4
    endloop
  endfacet
  facet normal 0 0 1
    outer loop
      vertex -9.00076 107.375 4
      vertex -6.1777 114.309 4
      vertex -6.35345 114.337 4
    endloop
  endfacet
  facet normal 0 0 1
    outer loop
      vertex -3 106 4
      vertex -5.47467 97.6168 4
      vertex -5.30855 97.553 4
    endloop
  endfacet
  facet normal 0 0 1
    outer loop
      vertex -9.15 107.472 4
      vertex -6.35345 114.337 4
      vertex -6.52533 114.383 4
    endloop
  endfacet
  facet normal 0 0 1
    outer loop
      vertex -8.62467 105.001 4
      vertex -3 106 4
      vertex -8.52776 105.15 4
    endloop
  endfacet
  facet normal 0 0 1
    outer loop
      vertex -9.30855 107.553 4
      vertex -6.52533 114.383 4
      vertex -6.69145 114.447 4
    endloop
  endfacet
  facet normal 0 0 1
    outer loop
      vertex -3 106 4
      vertex -5.64655 97.6628 4
      vertex -5.47467 97.6168 4
    endloop
  endfacet
  facet normal 0 0 1
    outer loop
      vertex -9.47467 107.617 4
      vertex -6.69145 114.447 4
      vertex -6.85 114.528 4
    endloop
  endfacet
  facet normal 0 -0 1
    outer loop
      vertex -5.8223 97.6907 4
      vertex -3 106 4
      vertex -8.62467 105.001 4
    endloop
  endfacet
  facet normal 0 0 1
    outer loop
      vertex -9.64655 107.663 4
      vertex -6.85 114.528 4
      vertex -6.99923 114.625 4
    endloop
  endfacet
  facet normal 0 0 1
    outer loop
      vertex -3 106 4
      vertex -5.8223 97.6907 4
      vertex -5.64655 97.6628 4
    endloop
  endfacet
  facet normal 0 0 1
    outer loop
      vertex -9.8223 107.691 4
      vertex -6.99923 114.625 4
      vertex -7.13752 114.737 4
    endloop
  endfacet
  facet normal -0 0 1
    outer loop
      vertex -8.73665 104.862 4
      vertex -5.8223 97.6907 4
      vertex -8.62467 105.001 4
    endloop
  endfacet
  facet normal 0 0 1
    outer loop
      vertex -10 107.7 4
      vertex -7.13752 114.737 4
      vertex -7.26335 114.862 4
    endloop
  endfacet
  facet normal 0 0 1
    outer loop
      vertex -5.8223 97.6907 4
      vertex -8.73665 104.862 4
      vertex -6 97.7 4
    endloop
  endfacet
  facet normal 0 0 1
    outer loop
      vertex -10.1777 107.691 4
      vertex -7.26335 114.862 4
      vertex -7.37533 115.001 4
    endloop
  endfacet
  facet normal -0 0 1
    outer loop
      vertex -8.86248 104.737 4
      vertex -6 97.7 4
      vertex -8.73665 104.862 4
    endloop
  endfacet
  facet normal 0 0 1
    outer loop
      vertex -10.3534 107.663 4
      vertex -7.37533 115.001 4
      vertex -7.47224 115.15 4
    endloop
  endfacet
  facet normal 0 0 1
    outer loop
      vertex -6 97.7 4
      vertex -8.86248 104.737 4
      vertex -6.1777 97.6907 4
    endloop
  endfacet
  facet normal 0 0 1
    outer loop
      vertex -10.5253 107.617 4
      vertex -7.47224 115.15 4
      vertex -7.55303 115.309 4
    endloop
  endfacet
  facet normal -0 0 1
    outer loop
      vertex -9.00076 104.625 4
      vertex -6.1777 97.6907 4
      vertex -8.86248 104.737 4
    endloop
  endfacet
  facet normal 0 0 1
    outer loop
      vertex -10.6915 107.553 4
      vertex -7.55303 115.309 4
      vertex -7.6168 115.475 4
    endloop
  endfacet
  facet normal 0 0 1
    outer loop
      vertex -6.1777 97.6907 4
      vertex -9.00076 104.625 4
      vertex -6.35345 97.6628 4
    endloop
  endfacet
  facet normal 0 0 1
    outer loop
      vertex -10.85 107.472 4
      vertex -7.6168 115.475 4
      vertex -7.66285 115.647 4
    endloop
  endfacet
  facet normal -0 0 1
    outer loop
      vertex -9.15 104.528 4
      vertex -6.35345 97.6628 4
      vertex -9.00076 104.625 4
    endloop
  endfacet
  facet normal 0 0 1
    outer loop
      vertex -10.9992 107.375 4
      vertex -7.66285 115.647 4
      vertex -7.69069 115.822 4
    endloop
  endfacet
  facet normal 0 0 1
    outer loop
      vertex -6.35345 97.6628 4
      vertex -9.15 104.528 4
      vertex -6.52533 97.6168 4
    endloop
  endfacet
  facet normal 0 0 1
    outer loop
      vertex -11.1375 107.263 4
      vertex -7.69069 115.822 4
      vertex -7.7 116 4
    endloop
  endfacet
  facet normal -0 0 1
    outer loop
      vertex -9.30855 104.447 4
      vertex -6.52533 97.6168 4
      vertex -9.15 104.528 4
    endloop
  endfacet
  facet normal -0 0 1
    outer loop
      vertex 2.00739 103.771 4
      vertex 5.64655 97.6628 4
      vertex 2.22943 103.993 4
    endloop
  endfacet
  facet normal 0 0 1
    outer loop
      vertex 4.73665 97.1375 4
      vertex 2.98357 96.3136 4
      vertex 3 96 4
    endloop
  endfacet
  facet normal 0 0 1
    outer loop
      vertex 5.64655 97.6628 4
      vertex 2.00739 103.771 4
      vertex 5.47467 97.6168 4
    endloop
  endfacet
  facet normal 0 0 1
    outer loop
      vertex 4.73665 97.1375 4
      vertex 2.93444 96.6237 4
      vertex 2.98357 96.3136 4
    endloop
  endfacet
  facet normal -0 0 1
    outer loop
      vertex 2.00739 98.2294 4
      vertex 5.47467 97.6168 4
      vertex 2.00739 103.771 4
    endloop
  endfacet
  facet normal 0 0 1
    outer loop
      vertex 4.73665 97.1375 4
      vertex 2.85317 96.927 4
      vertex 2.93444 96.6237 4
    endloop
  endfacet
  facet normal 0 0 1
    outer loop
      vertex 5.47467 97.6168 4
      vertex 2.00739 98.2294 4
      vertex 5.30855 97.553 4
    endloop
  endfacet
  facet normal 0 0 1
    outer loop
      vertex 4.73665 97.1375 4
      vertex 2.74064 97.2202 4
      vertex 2.85317 96.927 4
    endloop
  endfacet
  facet normal -0 -0 1
    outer loop
      vertex 2.22943 98.0074 4
      vertex 5.30855 97.553 4
      vertex 2.00739 98.2294 4
    endloop
  endfacet
  facet normal 0 0 1
    outer loop
      vertex 4.73665 97.1375 4
      vertex 2.59808 97.5 4
      vertex 2.74064 97.2202 4
    endloop
  endfacet
  facet normal 0 0 1
    outer loop
      vertex 5.30855 97.553 4
      vertex 2.22943 98.0074 4
      vertex 5.15 97.4722 4
    endloop
  endfacet
  facet normal 0 0 1
    outer loop
      vertex 4.86248 97.2633 4
      vertex 2.59808 97.5 4
      vertex 4.73665 97.1375 4
    endloop
  endfacet
  facet normal -0 -0 1
    outer loop
      vertex 2.42705 97.7634 4
      vertex 5.15 97.4722 4
      vertex 2.22943 98.0074 4
    endloop
  endfacet
  facet normal -0 -0 1
    outer loop
      vertex 2.59808 97.5 4
      vertex 4.86248 97.2633 4
      vertex 2.42705 97.7634 4
    endloop
  endfacet
  facet normal 0 0 1
    outer loop
      vertex 5.15 97.4722 4
      vertex 2.42705 97.7634 4
      vertex 5.00076 97.3753 4
    endloop
  endfacet
  facet normal 0 0 1
    outer loop
      vertex 5.00076 97.3753 4
      vertex 2.42705 97.7634 4
      vertex 4.86248 97.2633 4
    endloop
  endfacet
  facet normal -0 0 1
    outer loop
      vertex 1.76336 103.573 4
      vertex 2.00739 98.2294 4
      vertex 2.00739 103.771 4
    endloop
  endfacet
  facet normal 0 0 1
    outer loop
      vertex 1.76336 103.573 4
      vertex 1.76336 98.427 4
      vertex 2.00739 98.2294 4
    endloop
  endfacet
  facet normal -0 0 1
    outer loop
      vertex 1.5 103.402 4
      vertex 1.76336 98.427 4
      vertex 1.76336 103.573 4
    endloop
  endfacet
  facet normal 0 0 1
    outer loop
      vertex 1.5 103.402 4
      vertex 1.5 98.5981 4
      vertex 1.76336 98.427 4
    endloop
  endfacet
  facet normal -0 0 1
    outer loop
      vertex 1.22021 103.259 4
      vertex 1.5 98.5981 4
      vertex 1.5 103.402 4
    endloop
  endfacet
  facet normal 0 0 1
    outer loop
      vertex 1.22021 103.259 4
      vertex 1.22021 98.7406 4
      vertex 1.5 98.5981 4
    endloop
  endfacet
  facet normal -0 0 1
    outer loop
      vertex 0.927051 103.147 4
      vertex 1.22021 98.7406 4
      vertex 1.22021 103.259 4
    endloop
  endfacet
  facet normal 0 0 1
    outer loop
      vertex 0.927051 103.147 4
      vertex 0.927051 98.8532 4
      vertex 1.22021 98.7406 4
    endloop
  endfacet
  facet normal -0 0 1
    outer loop
      vertex 0.623734 103.066 4
      vertex 0.927051 98.8532 4
      vertex 0.927051 103.147 4
    endloop
  endfacet
  facet normal 0 0 1
    outer loop
      vertex 0.623734 103.066 4
      vertex 0.623734 98.9344 4
      vertex 0.927051 98.8532 4
    endloop
  endfacet
  facet normal -0 0 1
    outer loop
      vertex 0.313585 103.016 4
      vertex 0.623734 98.9344 4
      vertex 0.623734 103.066 4
    endloop
  endfacet
  facet normal 0 0 1
    outer loop
      vertex 0.313585 103.016 4
      vertex 0.313585 98.9836 4
      vertex 0.623734 98.9344 4
    endloop
  endfacet
  facet normal -0 0 1
    outer loop
      vertex 0 103 4
      vertex 0.313585 98.9836 4
      vertex 0.313585 103.016 4
    endloop
  endfacet
  facet normal 0 0 1
    outer loop
      vertex 0 103 4
      vertex 0 99 4
      vertex 0.313585 98.9836 4
    endloop
  endfacet
  facet normal 0 0 1
    outer loop
      vertex -0.313585 103.016 4
      vertex 0 99 4
      vertex 0 103 4
    endloop
  endfacet
  facet normal 0 0 1
    outer loop
      vertex -0.313585 103.016 4
      vertex -0.313585 98.9836 4
      vertex 0 99 4
    endloop
  endfacet
  facet normal 0 0 1
    outer loop
      vertex -0.623734 103.066 4
      vertex -0.313585 98.9836 4
      vertex -0.313585 103.016 4
    endloop
  endfacet
  facet normal 0 0 1
    outer loop
      vertex -0.623734 103.066 4
      vertex -0.623734 98.9344 4
      vertex -0.313585 98.9836 4
    endloop
  endfacet
  facet normal 0 0 1
    outer loop
      vertex -0.927051 103.147 4
      vertex -0.623734 98.9344 4
      vertex -0.623734 103.066 4
    endloop
  endfacet
  facet normal 0 0 1
    outer loop
      vertex -0.927051 103.147 4
      vertex -0.927051 98.8532 4
      vertex -0.623734 98.9344 4
    endloop
  endfacet
  facet normal 0 0 1
    outer loop
      vertex -1.22021 103.259 4
      vertex -0.927051 98.8532 4
      vertex -0.927051 103.147 4
    endloop
  endfacet
  facet normal 0 0 1
    outer loop
      vertex -1.22021 103.259 4
      vertex -1.22021 98.7406 4
      vertex -0.927051 98.8532 4
    endloop
  endfacet
  facet normal 0 0 1
    outer loop
      vertex -1.5 103.402 4
      vertex -1.22021 98.7406 4
      vertex -1.22021 103.259 4
    endloop
  endfacet
  facet normal 0 0 1
    outer loop
      vertex -1.5 103.402 4
      vertex -1.5 98.5981 4
      vertex -1.22021 98.7406 4
    endloop
  endfacet
  facet normal 0 0 1
    outer loop
      vertex -1.76336 103.573 4
      vertex -1.5 98.5981 4
      vertex -1.5 103.402 4
    endloop
  endfacet
  facet normal 0 0 1
    outer loop
      vertex -1.76336 103.573 4
      vertex -1.76336 98.427 4
      vertex -1.5 98.5981 4
    endloop
  endfacet
  facet normal 0 0 1
    outer loop
      vertex -2.00739 103.771 4
      vertex -1.76336 98.427 4
      vertex -1.76336 103.573 4
    endloop
  endfacet
  facet normal 0 0 1
    outer loop
      vertex -2.00739 103.771 4
      vertex -2.00739 98.2294 4
      vertex -1.76336 98.427 4
    endloop
  endfacet
  facet normal 0 0 1
    outer loop
      vertex -2.22943 103.993 4
      vertex -2.00739 98.2294 4
      vertex -2.00739 103.771 4
    endloop
  endfacet
  facet normal 0 0 1
    outer loop
      vertex -2.22943 103.993 4
      vertex -2.22943 98.0074 4
      vertex -2.00739 98.2294 4
    endloop
  endfacet
  facet normal 0 0 1
    outer loop
      vertex -2.42705 104.237 4
      vertex -2.22943 98.0074 4
      vertex -2.22943 103.993 4
    endloop
  endfacet
  facet normal 0 0 1
    outer loop
      vertex -2.42705 104.237 4
      vertex -2.42705 97.7634 4
      vertex -2.22943 98.0074 4
    endloop
  endfacet
  facet normal 0 0 1
    outer loop
      vertex -4.3 96 4
      vertex -2.42705 104.237 4
      vertex -2.59808 104.5 4
    endloop
  endfacet
  facet normal 0 0 1
    outer loop
      vertex -2.42705 104.237 4
      vertex -4.3 96 4
      vertex -2.42705 97.7634 4
    endloop
  endfacet
  facet normal 0 0 1
    outer loop
      vertex -4.3 96 4
      vertex -2.59808 104.5 4
      vertex -2.74064 104.78 4
    endloop
  endfacet
  facet normal 0 0 1
    outer loop
      vertex -2.42705 97.7634 4
      vertex -4.3 96 4
      vertex -2.59808 97.5 4
    endloop
  endfacet
  facet normal 0 0 1
    outer loop
      vertex -4.3 96 4
      vertex -2.74064 104.78 4
      vertex -2.85317 105.073 4
    endloop
  endfacet
  facet normal 0 0 1
    outer loop
      vertex -2.59808 97.5 4
      vertex -4.3 96 4
      vertex -2.74064 97.2202 4
    endloop
  endfacet
  facet normal 0 0 1
    outer loop
      vertex -4.3 96 4
      vertex -2.85317 105.073 4
      vertex -2.93444 105.376 4
    endloop
  endfacet
  facet normal 0 0 1
    outer loop
      vertex -2.74064 97.2202 4
      vertex -4.3 96 4
      vertex -2.85317 96.927 4
    endloop
  endfacet
  facet normal 0 0 1
    outer loop
      vertex -4.3 96 4
      vertex -2.93444 105.376 4
      vertex -2.98357 105.686 4
    endloop
  endfacet
  facet normal 0 0 1
    outer loop
      vertex -2.85317 96.927 4
      vertex -4.3 96 4
      vertex -2.93444 96.6237 4
    endloop
  endfacet
  facet normal 0 0 1
    outer loop
      vertex -4.3 96 4
      vertex -2.98357 105.686 4
      vertex -3 106 4
    endloop
  endfacet
  facet normal 0 0 1
    outer loop
      vertex -2.93444 96.6237 4
      vertex -4.3 96 4
      vertex -2.98357 96.3136 4
    endloop
  endfacet
  facet normal 0 0 1
    outer loop
      vertex 4.52776 115.15 4
      vertex 2.74064 114.78 4
      vertex 4.62467 115.001 4
    endloop
  endfacet
  facet normal 0 0 1
    outer loop
      vertex 4.86248 114.737 4
      vertex 2.98357 106.314 4
      vertex 3 106 4
    endloop
  endfacet
  facet normal 0 0 1
    outer loop
      vertex 4.62467 115.001 4
      vertex 2.74064 114.78 4
      vertex 4.73665 114.862 4
    endloop
  endfacet
  facet normal 0 0 1
    outer loop
      vertex 4.86248 114.737 4
      vertex 2.93444 106.624 4
      vertex 2.98357 106.314 4
    endloop
  endfacet
  facet normal 0 0 1
    outer loop
      vertex 2.59808 114.5 4
      vertex 4.73665 114.862 4
      vertex 2.74064 114.78 4
    endloop
  endfacet
  facet normal 0 0 1
    outer loop
      vertex 4.86248 114.737 4
      vertex 2.85317 106.927 4
      vertex 2.93444 106.624 4
    endloop
  endfacet
  facet normal 0 0 1
    outer loop
      vertex 4.73665 114.862 4
      vertex 2.59808 114.5 4
      vertex 4.86248 114.737 4
    endloop
  endfacet
  facet normal 0 0 1
    outer loop
      vertex 4.86248 114.737 4
      vertex 2.74064 107.22 4
      vertex 2.85317 106.927 4
    endloop
  endfacet
  facet normal 0 0 1
    outer loop
      vertex 2.42705 114.237 4
      vertex 4.86248 114.737 4
      vertex 2.59808 114.5 4
    endloop
  endfacet
  facet normal 0 0 1
    outer loop
      vertex 4.86248 114.737 4
      vertex 2.59808 107.5 4
      vertex 2.74064 107.22 4
    endloop
  endfacet
  facet normal 0 0 1
    outer loop
      vertex 2.22943 113.993 4
      vertex 4.86248 114.737 4
      vertex 2.42705 114.237 4
    endloop
  endfacet
  facet normal 0 0 1
    outer loop
      vertex 4.86248 114.737 4
      vertex 2.42705 107.763 4
      vertex 2.59808 107.5 4
    endloop
  endfacet
  facet normal 0 0 1
    outer loop
      vertex 2.00739 113.771 4
      vertex 4.86248 114.737 4
      vertex 2.22943 113.993 4
    endloop
  endfacet
  facet normal 0 0 1
    outer loop
      vertex 4.86248 114.737 4
      vertex 2.22943 108.007 4
      vertex 2.42705 107.763 4
    endloop
  endfacet
  facet normal 0 0 1
    outer loop
      vertex 2.00739 108.229 4
      vertex 4.86248 114.737 4
      vertex 2.00739 113.771 4
    endloop
  endfacet
  facet normal 0 0 1
    outer loop
      vertex 4.86248 114.737 4
      vertex 2.00739 108.229 4
      vertex 2.22943 108.007 4
    endloop
  endfacet
  facet normal -0 0 1
    outer loop
      vertex 1.76336 113.573 4
      vertex 2.00739 108.229 4
      vertex 2.00739 113.771 4
    endloop
  endfacet
  facet normal 0 0 1
    outer loop
      vertex 1.76336 113.573 4
      vertex 1.76336 108.427 4
      vertex 2.00739 108.229 4
    endloop
  endfacet
  facet normal -0 0 1
    outer loop
      vertex 1.5 113.402 4
      vertex 1.76336 108.427 4
      vertex 1.76336 113.573 4
    endloop
  endfacet
  facet normal 0 0 1
    outer loop
      vertex 1.5 113.402 4
      vertex 1.5 108.598 4
      vertex 1.76336 108.427 4
    endloop
  endfacet
  facet normal -0 0 1
    outer loop
      vertex 1.22021 113.259 4
      vertex 1.5 108.598 4
      vertex 1.5 113.402 4
    endloop
  endfacet
  facet normal 0 0 1
    outer loop
      vertex 1.22021 113.259 4
      vertex 1.22021 108.741 4
      vertex 1.5 108.598 4
    endloop
  endfacet
  facet normal -0 0 1
    outer loop
      vertex 0.927051 113.147 4
      vertex 1.22021 108.741 4
      vertex 1.22021 113.259 4
    endloop
  endfacet
  facet normal 0 0 1
    outer loop
      vertex 0.927051 113.147 4
      vertex 0.927051 108.853 4
      vertex 1.22021 108.741 4
    endloop
  endfacet
  facet normal -0 0 1
    outer loop
      vertex 0.623734 113.066 4
      vertex 0.927051 108.853 4
      vertex 0.927051 113.147 4
    endloop
  endfacet
  facet normal 0 0 1
    outer loop
      vertex 0.623734 113.066 4
      vertex 0.623734 108.934 4
      vertex 0.927051 108.853 4
    endloop
  endfacet
  facet normal -0 0 1
    outer loop
      vertex 0.313585 113.016 4
      vertex 0.623734 108.934 4
      vertex 0.623734 113.066 4
    endloop
  endfacet
  facet normal 0 0 1
    outer loop
      vertex 0.313585 113.016 4
      vertex 0.313585 108.984 4
      vertex 0.623734 108.934 4
    endloop
  endfacet
  facet normal -0 0 1
    outer loop
      vertex 0 113 4
      vertex 0.313585 108.984 4
      vertex 0.313585 113.016 4
    endloop
  endfacet
  facet normal 0 0 1
    outer loop
      vertex 0 113 4
      vertex 0 109 4
      vertex 0.313585 108.984 4
    endloop
  endfacet
  facet normal 0 0 1
    outer loop
      vertex -0.313585 113.016 4
      vertex 0 109 4
      vertex 0 113 4
    endloop
  endfacet
  facet normal 0 0 1
    outer loop
      vertex -0.313585 113.016 4
      vertex -0.313585 108.984 4
      vertex 0 109 4
    endloop
  endfacet
  facet normal 0 0 1
    outer loop
      vertex -0.623734 113.066 4
      vertex -0.313585 108.984 4
      vertex -0.313585 113.016 4
    endloop
  endfacet
  facet normal 0 0 1
    outer loop
      vertex -0.623734 113.066 4
      vertex -0.623734 108.934 4
      vertex -0.313585 108.984 4
    endloop
  endfacet
  facet normal 0 0 1
    outer loop
      vertex -0.927051 113.147 4
      vertex -0.623734 108.934 4
      vertex -0.623734 113.066 4
    endloop
  endfacet
  facet normal 0 0 1
    outer loop
      vertex -0.927051 113.147 4
      vertex -0.927051 108.853 4
      vertex -0.623734 108.934 4
    endloop
  endfacet
  facet normal 0 0 1
    outer loop
      vertex -1.22021 113.259 4
      vertex -0.927051 108.853 4
      vertex -0.927051 113.147 4
    endloop
  endfacet
  facet normal 0 0 1
    outer loop
      vertex -1.22021 113.259 4
      vertex -1.22021 108.741 4
      vertex -0.927051 108.853 4
    endloop
  endfacet
  facet normal 0 0 1
    outer loop
      vertex -1.5 113.402 4
      vertex -1.22021 108.741 4
      vertex -1.22021 113.259 4
    endloop
  endfacet
  facet normal 0 0 1
    outer loop
      vertex -1.5 113.402 4
      vertex -1.5 108.598 4
      vertex -1.22021 108.741 4
    endloop
  endfacet
  facet normal 0 0 1
    outer loop
      vertex -1.76336 113.573 4
      vertex -1.5 108.598 4
      vertex -1.5 113.402 4
    endloop
  endfacet
  facet normal 0 0 1
    outer loop
      vertex -1.76336 113.573 4
      vertex -1.76336 108.427 4
      vertex -1.5 108.598 4
    endloop
  endfacet
  facet normal 0 0 1
    outer loop
      vertex -2.00739 113.771 4
      vertex -1.76336 108.427 4
      vertex -1.76336 113.573 4
    endloop
  endfacet
  facet normal 0 0 1
    outer loop
      vertex -2.00739 113.771 4
      vertex -2.00739 108.229 4
      vertex -1.76336 108.427 4
    endloop
  endfacet
  facet normal 0 0 1
    outer loop
      vertex -2.59808 114.5 4
      vertex -4.86248 114.737 4
      vertex -2.42705 114.237 4
    endloop
  endfacet
  facet normal -0 0 1
    outer loop
      vertex -5.00076 114.625 4
      vertex -2.42705 114.237 4
      vertex -4.86248 114.737 4
    endloop
  endfacet
  facet normal -0 0 1
    outer loop
      vertex -4.62467 115.001 4
      vertex -2.74064 114.78 4
      vertex -4.52776 115.15 4
    endloop
  endfacet
  facet normal -0 0 1
    outer loop
      vertex -4.73665 114.862 4
      vertex -2.74064 114.78 4
      vertex -4.62467 115.001 4
    endloop
  endfacet
  facet normal 0 0 1
    outer loop
      vertex -4.44697 115.309 4
      vertex -2.93444 115.376 4
      vertex -4.3832 115.475 4
    endloop
  endfacet
  facet normal 0 0 1
    outer loop
      vertex -2.93444 115.376 4
      vertex -4.44697 115.309 4
      vertex -2.85317 115.073 4
    endloop
  endfacet
  facet normal -0 0 1
    outer loop
      vertex -4.3832 115.475 4
      vertex -2.93444 115.376 4
      vertex -4.33715 115.647 4
    endloop
  endfacet
  facet normal -0 0 1
    outer loop
      vertex -4.52776 115.15 4
      vertex -2.85317 115.073 4
      vertex -4.44697 115.309 4
    endloop
  endfacet
  facet normal 0 0 1
    outer loop
      vertex -2.98357 115.686 4
      vertex -4.33715 115.647 4
      vertex -2.93444 115.376 4
    endloop
  endfacet
  facet normal 0 0 1
    outer loop
      vertex -2.85317 115.073 4
      vertex -4.52776 115.15 4
      vertex -2.74064 114.78 4
    endloop
  endfacet
  facet normal 0 0 1
    outer loop
      vertex -4.33715 115.647 4
      vertex -2.98357 115.686 4
      vertex -4.30931 115.822 4
    endloop
  endfacet
  facet normal 0 0 1
    outer loop
      vertex -2.74064 114.78 4
      vertex -4.73665 114.862 4
      vertex -2.59808 114.5 4
    endloop
  endfacet
  facet normal 0 0 1
    outer loop
      vertex -3 116 4
      vertex -4.30931 115.822 4
      vertex -2.98357 115.686 4
    endloop
  endfacet
  facet normal -0 0 1
    outer loop
      vertex -4.86248 114.737 4
      vertex -2.59808 114.5 4
      vertex -4.73665 114.862 4
    endloop
  endfacet
  facet normal 0 0 1
    outer loop
      vertex -4.30931 115.822 4
      vertex -3 116 4
      vertex -4.3 116 4
    endloop
  endfacet
  facet normal -0 0 1
    outer loop
      vertex -5.15 114.528 4
      vertex -2.42705 114.237 4
      vertex -5.00076 114.625 4
    endloop
  endfacet
  facet normal -0 0 1
    outer loop
      vertex 4.40166 61.0644 4
      vertex 12 9 4
      vertex 4.47535 61.5296 4
    endloop
  endfacet
  facet normal 0 0 1
    outer loop
      vertex 12 9 4
      vertex 4.47535 30.4704 4
      vertex 4.5 30 4
    endloop
  endfacet
  facet normal -0 0 1
    outer loop
      vertex 4.40166 30.9356 4
      vertex 12 9 4
      vertex 4.40166 61.0644 4
    endloop
  endfacet
  facet normal 0 0 1
    outer loop
      vertex 12 9 4
      vertex 4.40166 30.9356 4
      vertex 4.47535 30.4704 4
    endloop
  endfacet
  facet normal -0 0 1
    outer loop
      vertex 4.27975 60.6094 4
      vertex 4.40166 30.9356 4
      vertex 4.40166 61.0644 4
    endloop
  endfacet
  facet normal 0 0 1
    outer loop
      vertex 4.27975 60.6094 4
      vertex 4.27975 31.3906 4
      vertex 4.40166 30.9356 4
    endloop
  endfacet
  facet normal -0 0 1
    outer loop
      vertex 4.11095 60.1697 4
      vertex 4.27975 31.3906 4
      vertex 4.27975 60.6094 4
    endloop
  endfacet
  facet normal 0 0 1
    outer loop
      vertex 4.11095 60.1697 4
      vertex 4.11095 31.8303 4
      vertex 4.27975 31.3906 4
    endloop
  endfacet
  facet normal -0 0 1
    outer loop
      vertex 3.89711 59.75 4
      vertex 4.11095 31.8303 4
      vertex 4.11095 60.1697 4
    endloop
  endfacet
  facet normal 0 0 1
    outer loop
      vertex 3.89711 59.75 4
      vertex 3.89711 32.25 4
      vertex 4.11095 31.8303 4
    endloop
  endfacet
  facet normal -0 0 1
    outer loop
      vertex 3.64058 59.355 4
      vertex 3.89711 32.25 4
      vertex 3.89711 59.75 4
    endloop
  endfacet
  facet normal 0 0 1
    outer loop
      vertex 3.64058 59.355 4
      vertex 3.64058 32.645 4
      vertex 3.89711 32.25 4
    endloop
  endfacet
  facet normal -0 0 1
    outer loop
      vertex 3.34415 58.9889 4
      vertex 3.64058 32.645 4
      vertex 3.64058 59.355 4
    endloop
  endfacet
  facet normal 0 0 1
    outer loop
      vertex 3.34415 58.9889 4
      vertex 3.34415 33.0111 4
      vertex 3.64058 32.645 4
    endloop
  endfacet
  facet normal -0 0 1
    outer loop
      vertex 3.01109 58.6558 4
      vertex 3.34415 33.0111 4
      vertex 3.34415 58.9889 4
    endloop
  endfacet
  facet normal 0 0 1
    outer loop
      vertex 3.01109 58.6558 4
      vertex 3.01109 33.3442 4
      vertex 3.34415 33.0111 4
    endloop
  endfacet
  facet normal -0 0 1
    outer loop
      vertex 2.64503 58.3594 4
      vertex 3.01109 33.3442 4
      vertex 3.01109 58.6558 4
    endloop
  endfacet
  facet normal 0 0 1
    outer loop
      vertex 2.64503 58.3594 4
      vertex 2.64503 33.6406 4
      vertex 3.01109 33.3442 4
    endloop
  endfacet
  facet normal -0 0 1
    outer loop
      vertex 2.25 58.1029 4
      vertex 2.64503 33.6406 4
      vertex 2.64503 58.3594 4
    endloop
  endfacet
  facet normal 0 0 1
    outer loop
      vertex 2.25 58.1029 4
      vertex 2.25 33.8971 4
      vertex 2.64503 33.6406 4
    endloop
  endfacet
  facet normal -0 0 1
    outer loop
      vertex 1.83031 57.889 4
      vertex 2.25 33.8971 4
      vertex 2.25 58.1029 4
    endloop
  endfacet
  facet normal 0 0 1
    outer loop
      vertex 1.83031 57.889 4
      vertex 1.83031 34.111 4
      vertex 2.25 33.8971 4
    endloop
  endfacet
  facet normal -0 0 1
    outer loop
      vertex 1.39058 57.7202 4
      vertex 1.83031 34.111 4
      vertex 1.83031 57.889 4
    endloop
  endfacet
  facet normal 0 0 1
    outer loop
      vertex 1.39058 57.7202 4
      vertex 1.39058 34.2798 4
      vertex 1.83031 34.111 4
    endloop
  endfacet
  facet normal -0 0 1
    outer loop
      vertex 0.935602 57.5983 4
      vertex 1.39058 34.2798 4
      vertex 1.39058 57.7202 4
    endloop
  endfacet
  facet normal 0 0 1
    outer loop
      vertex 0.935602 57.5983 4
      vertex 0.935602 34.4017 4
      vertex 1.39058 34.2798 4
    endloop
  endfacet
  facet normal -0 0 1
    outer loop
      vertex 0.470378 57.5247 4
      vertex 0.935602 34.4017 4
      vertex 0.935602 57.5983 4
    endloop
  endfacet
  facet normal 0 0 1
    outer loop
      vertex 0.470378 57.5247 4
      vertex 0.470378 34.4753 4
      vertex 0.935602 34.4017 4
    endloop
  endfacet
  facet normal -0 0 1
    outer loop
      vertex 0 57.5 4
      vertex 0.470378 34.4753 4
      vertex 0.470378 57.5247 4
    endloop
  endfacet
  facet normal 0 0 1
    outer loop
      vertex 0 57.5 4
      vertex 0 34.5 4
      vertex 0.470378 34.4753 4
    endloop
  endfacet
  facet normal 0 0 1
    outer loop
      vertex -0.470378 57.5247 4
      vertex 0 34.5 4
      vertex 0 57.5 4
    endloop
  endfacet
  facet normal 0 0 1
    outer loop
      vertex -0.470378 57.5247 4
      vertex -0.470378 34.4753 4
      vertex 0 34.5 4
    endloop
  endfacet
  facet normal 0 0 1
    outer loop
      vertex -0.935602 57.5983 4
      vertex -0.470378 34.4753 4
      vertex -0.470378 57.5247 4
    endloop
  endfacet
  facet normal 0 0 1
    outer loop
      vertex -0.935602 57.5983 4
      vertex -0.935602 34.4017 4
      vertex -0.470378 34.4753 4
    endloop
  endfacet
  facet normal 0 0 1
    outer loop
      vertex -1.39058 57.7202 4
      vertex -0.935602 34.4017 4
      vertex -0.935602 57.5983 4
    endloop
  endfacet
  facet normal 0 0 1
    outer loop
      vertex -1.39058 57.7202 4
      vertex -1.39058 34.2798 4
      vertex -0.935602 34.4017 4
    endloop
  endfacet
  facet normal 0 0 1
    outer loop
      vertex -1.83031 57.889 4
      vertex -1.39058 34.2798 4
      vertex -1.39058 57.7202 4
    endloop
  endfacet
  facet normal 0 0 1
    outer loop
      vertex -1.83031 57.889 4
      vertex -1.83031 34.111 4
      vertex -1.39058 34.2798 4
    endloop
  endfacet
  facet normal 0 0 1
    outer loop
      vertex -2.25 58.1029 4
      vertex -1.83031 34.111 4
      vertex -1.83031 57.889 4
    endloop
  endfacet
  facet normal 0 0 1
    outer loop
      vertex -2.25 58.1029 4
      vertex -2.25 33.8971 4
      vertex -1.83031 34.111 4
    endloop
  endfacet
  facet normal 0 0 1
    outer loop
      vertex -2.64503 58.3594 4
      vertex -2.25 33.8971 4
      vertex -2.25 58.1029 4
    endloop
  endfacet
  facet normal 0 0 1
    outer loop
      vertex -2.64503 58.3594 4
      vertex -2.64503 33.6406 4
      vertex -2.25 33.8971 4
    endloop
  endfacet
  facet normal 0 0 1
    outer loop
      vertex -3.01109 58.6558 4
      vertex -2.64503 33.6406 4
      vertex -2.64503 58.3594 4
    endloop
  endfacet
  facet normal 0 0 1
    outer loop
      vertex -3.01109 58.6558 4
      vertex -3.01109 33.3442 4
      vertex -2.64503 33.6406 4
    endloop
  endfacet
  facet normal 0 0 1
    outer loop
      vertex -3.34415 58.9889 4
      vertex -3.01109 33.3442 4
      vertex -3.01109 58.6558 4
    endloop
  endfacet
  facet normal 0 0 1
    outer loop
      vertex -3.34415 58.9889 4
      vertex -3.34415 33.0111 4
      vertex -3.01109 33.3442 4
    endloop
  endfacet
  facet normal 0 0 1
    outer loop
      vertex -3.64058 59.355 4
      vertex -3.34415 33.0111 4
      vertex -3.34415 58.9889 4
    endloop
  endfacet
  facet normal 0 0 1
    outer loop
      vertex -3.64058 59.355 4
      vertex -3.64058 32.645 4
      vertex -3.34415 33.0111 4
    endloop
  endfacet
  facet normal 0 0 1
    outer loop
      vertex -3.89711 59.75 4
      vertex -3.64058 32.645 4
      vertex -3.64058 59.355 4
    endloop
  endfacet
  facet normal 0 0 1
    outer loop
      vertex -3.89711 59.75 4
      vertex -3.89711 32.25 4
      vertex -3.64058 32.645 4
    endloop
  endfacet
  facet normal 0 0 1
    outer loop
      vertex -4.11095 60.1697 4
      vertex -3.89711 32.25 4
      vertex -3.89711 59.75 4
    endloop
  endfacet
  facet normal 0 0 1
    outer loop
      vertex -4.11095 60.1697 4
      vertex -4.11095 31.8303 4
      vertex -3.89711 32.25 4
    endloop
  endfacet
  facet normal 0 0 1
    outer loop
      vertex -4.27975 60.6094 4
      vertex -4.11095 31.8303 4
      vertex -4.11095 60.1697 4
    endloop
  endfacet
  facet normal 0 0 1
    outer loop
      vertex -4.27975 60.6094 4
      vertex -4.27975 31.3906 4
      vertex -4.11095 31.8303 4
    endloop
  endfacet
  facet normal 0 0 1
    outer loop
      vertex -4.40166 61.0644 4
      vertex -4.27975 31.3906 4
      vertex -4.27975 60.6094 4
    endloop
  endfacet
  facet normal 0 0 1
    outer loop
      vertex -4.40166 61.0644 4
      vertex -4.40166 30.9356 4
      vertex -4.27975 31.3906 4
    endloop
  endfacet
  facet normal 0 0 1
    outer loop
      vertex -12 9 4
      vertex -4.40166 61.0644 4
      vertex -4.47535 61.5296 4
    endloop
  endfacet
  facet normal 0 0 1
    outer loop
      vertex -4.40166 61.0644 4
      vertex -12 9 4
      vertex -4.40166 30.9356 4
    endloop
  endfacet
  facet normal 0 0 1
    outer loop
      vertex -12 88 4
      vertex -4.47535 61.5296 4
      vertex -4.5 62 4
    endloop
  endfacet
  facet normal 0 0 1
    outer loop
      vertex -4.40166 30.9356 4
      vertex -12 9 4
      vertex -4.47535 30.4704 4
    endloop
  endfacet
  facet normal 0 0 1
    outer loop
      vertex 12 88 4
      vertex 4.47535 62.4704 4
      vertex 4.5 62 4
    endloop
  endfacet
  facet normal 0 0 1
    outer loop
      vertex 2.85317 95.073 4
      vertex 4.52776 95.15 4
      vertex 4.44697 95.3085 4
    endloop
  endfacet
  facet normal 0 0 1
    outer loop
      vertex 4.62467 95.0008 4
      vertex 4.40166 62.9356 4
      vertex 4.47535 62.4704 4
    endloop
  endfacet
  facet normal -0 0 1
    outer loop
      vertex 2.93444 95.3763 4
      vertex 4.44697 95.3085 4
      vertex 4.3832 95.4747 4
    endloop
  endfacet
  facet normal 0 0 1
    outer loop
      vertex 2.93444 95.3763 4
      vertex 4.3832 95.4747 4
      vertex 4.33715 95.6465 4
    endloop
  endfacet
  facet normal -0 0 1
    outer loop
      vertex 2.98357 95.6864 4
      vertex 4.33715 95.6465 4
      vertex 4.30931 95.8223 4
    endloop
  endfacet
  facet normal -0 0 1
    outer loop
      vertex 3 96 4
      vertex 4.30931 95.8223 4
      vertex 4.3 96 4
    endloop
  endfacet
  facet normal 0 0 1
    outer loop
      vertex 4.62467 95.0008 4
      vertex 4.27975 63.3906 4
      vertex 4.40166 62.9356 4
    endloop
  endfacet
  facet normal 0 0 1
    outer loop
      vertex 9.30855 107.553 4
      vertex 6.52533 114.383 4
      vertex 9.15 107.472 4
    endloop
  endfacet
  facet normal 0 0 1
    outer loop
      vertex 8.3 106 4
      vertex 7.69069 96.1777 4
      vertex 7.7 96 4
    endloop
  endfacet
  facet normal -0 0 1
    outer loop
      vertex 6.35345 114.337 4
      vertex 9.15 107.472 4
      vertex 6.52533 114.383 4
    endloop
  endfacet
  facet normal 0 0 1
    outer loop
      vertex 8.3 106 4
      vertex 7.66285 96.3534 4
      vertex 7.69069 96.1777 4
    endloop
  endfacet
  facet normal 0 0 1
    outer loop
      vertex 9.15 107.472 4
      vertex 6.35345 114.337 4
      vertex 9.00076 107.375 4
    endloop
  endfacet
  facet normal 0 0 1
    outer loop
      vertex 8.3 106 4
      vertex 7.6168 96.5253 4
      vertex 7.66285 96.3534 4
    endloop
  endfacet
  facet normal -0 0 1
    outer loop
      vertex 6.1777 114.309 4
      vertex 9.00076 107.375 4
      vertex 6.35345 114.337 4
    endloop
  endfacet
  facet normal 0 0 1
    outer loop
      vertex 8.3 106 4
      vertex 7.55303 96.6915 4
      vertex 7.6168 96.5253 4
    endloop
  endfacet
  facet normal 0 0 1
    outer loop
      vertex 9.00076 107.375 4
      vertex 6.1777 114.309 4
      vertex 8.86248 107.263 4
    endloop
  endfacet
  facet normal 0 0 1
    outer loop
      vertex 8.3 106 4
      vertex 7.47224 96.85 4
      vertex 7.55303 96.6915 4
    endloop
  endfacet
  facet normal -0 0 1
    outer loop
      vertex 6 114.3 4
      vertex 8.86248 107.263 4
      vertex 6.1777 114.309 4
    endloop
  endfacet
  facet normal 0 0 1
    outer loop
      vertex 8.3 106 4
      vertex 7.37533 96.9992 4
      vertex 7.47224 96.85 4
    endloop
  endfacet
  facet normal 0 0 1
    outer loop
      vertex 8.86248 107.263 4
      vertex 6 114.3 4
      vertex 8.73665 107.138 4
    endloop
  endfacet
  facet normal 0 0 1
    outer loop
      vertex 8.3 106 4
      vertex 7.26335 97.1375 4
      vertex 7.37533 96.9992 4
    endloop
  endfacet
  facet normal 0 0 1
    outer loop
      vertex 5.8223 114.309 4
      vertex 8.73665 107.138 4
      vertex 6 114.3 4
    endloop
  endfacet
  facet normal 0 0 1
    outer loop
      vertex 8.3 106 4
      vertex 7.13752 97.2633 4
      vertex 7.26335 97.1375 4
    endloop
  endfacet
  facet normal 0 0 1
    outer loop
      vertex 8.73665 107.138 4
      vertex 5.8223 114.309 4
      vertex 8.62467 106.999 4
    endloop
  endfacet
  facet normal 0 0 1
    outer loop
      vertex 2.98357 105.686 4
      vertex 8.3 106 4
      vertex 3 106 4
    endloop
  endfacet
  facet normal 0 0 1
    outer loop
      vertex 3 106 4
      vertex 8.62467 106.999 4
      vertex 5.8223 114.309 4
    endloop
  endfacet
  facet normal 0 0 1
    outer loop
      vertex 8.3 106 4
      vertex 6.99923 97.3753 4
      vertex 7.13752 97.2633 4
    endloop
  endfacet
  facet normal 0 0 1
    outer loop
      vertex 8.62467 106.999 4
      vertex 3 106 4
      vertex 8.52776 106.85 4
    endloop
  endfacet
  facet normal 0 0 1
    outer loop
      vertex 8.3 106 4
      vertex 6.85 97.4722 4
      vertex 6.99923 97.3753 4
    endloop
  endfacet
  facet normal 0 0 1
    outer loop
      vertex 8.52776 106.85 4
      vertex 3 106 4
      vertex 8.44697 106.691 4
    endloop
  endfacet
  facet normal 0 0 1
    outer loop
      vertex 8.3 106 4
      vertex 6.69145 97.553 4
      vertex 6.85 97.4722 4
    endloop
  endfacet
  facet normal 0 0 1
    outer loop
      vertex 8.44697 106.691 4
      vertex 3 106 4
      vertex 8.3832 106.525 4
    endloop
  endfacet
  facet normal 0 0 1
    outer loop
      vertex 8.3 106 4
      vertex 6.52533 97.6168 4
      vertex 6.69145 97.553 4
    endloop
  endfacet
  facet normal 0 0 1
    outer loop
      vertex 8.3832 106.525 4
      vertex 3 106 4
      vertex 8.33715 106.353 4
    endloop
  endfacet
  facet normal 0 0 1
    outer loop
      vertex 8.3 106 4
      vertex 6.35345 97.6628 4
      vertex 6.52533 97.6168 4
    endloop
  endfacet
  facet normal 0 0 1
    outer loop
      vertex 8.30931 106.178 4
      vertex 3 106 4
      vertex 8.3 106 4
    endloop
  endfacet
  facet normal 0 0 1
    outer loop
      vertex 8.3 106 4
      vertex 6.1777 97.6907 4
      vertex 6.35345 97.6628 4
    endloop
  endfacet
  facet normal 0 0 1
    outer loop
      vertex 8.33715 106.353 4
      vertex 3 106 4
      vertex 8.30931 106.178 4
    endloop
  endfacet
  facet normal 0 0 1
    outer loop
      vertex 8.3 106 4
      vertex 6 97.7 4
      vertex 6.1777 97.6907 4
    endloop
  endfacet
  facet normal 0 0 1
    outer loop
      vertex 3 106 4
      vertex 5.8223 114.309 4
      vertex 5.64655 114.337 4
    endloop
  endfacet
  facet normal 0 0 1
    outer loop
      vertex 2.93444 105.376 4
      vertex 8.3 106 4
      vertex 2.98357 105.686 4
    endloop
  endfacet
  facet normal 0 0 1
    outer loop
      vertex 3 106 4
      vertex 5.64655 114.337 4
      vertex 5.47467 114.383 4
    endloop
  endfacet
  facet normal 0 0 1
    outer loop
      vertex 2.85317 105.073 4
      vertex 8.3 106 4
      vertex 2.93444 105.376 4
    endloop
  endfacet
  facet normal 0 0 1
    outer loop
      vertex 3 106 4
      vertex 5.47467 114.383 4
      vertex 5.30855 114.447 4
    endloop
  endfacet
  facet normal 0 0 1
    outer loop
      vertex 2.74064 104.78 4
      vertex 8.3 106 4
      vertex 2.85317 105.073 4
    endloop
  endfacet
  facet normal 0 0 1
    outer loop
      vertex 3 106 4
      vertex 5.30855 114.447 4
      vertex 5.15 114.528 4
    endloop
  endfacet
  facet normal 0 0 1
    outer loop
      vertex 2.59808 104.5 4
      vertex 8.3 106 4
      vertex 2.74064 104.78 4
    endloop
  endfacet
  facet normal 0 0 1
    outer loop
      vertex 3 106 4
      vertex 5.15 114.528 4
      vertex 5.00076 114.625 4
    endloop
  endfacet
  facet normal 0 0 1
    outer loop
      vertex 8.3 106 4
      vertex 2.59808 104.5 4
      vertex 6 97.7 4
    endloop
  endfacet
  facet normal 0 0 1
    outer loop
      vertex 3 106 4
      vertex 5.00076 114.625 4
      vertex 4.86248 114.737 4
    endloop
  endfacet
  facet normal -0 0 1
    outer loop
      vertex 2.42705 104.237 4
      vertex 6 97.7 4
      vertex 2.59808 104.5 4
    endloop
  endfacet
  facet normal 0 0 1
    outer loop
      vertex 2.74064 114.78 4
      vertex 4.52776 115.15 4
      vertex 2.85317 115.073 4
    endloop
  endfacet
  facet normal 0 0 1
    outer loop
      vertex 6 97.7 4
      vertex 2.42705 104.237 4
      vertex 5.8223 97.6907 4
    endloop
  endfacet
  facet normal 0 0 1
    outer loop
      vertex 2.85317 115.073 4
      vertex 4.44697 115.309 4
      vertex 2.93444 115.376 4
    endloop
  endfacet
  facet normal -0 0 1
    outer loop
      vertex 2.22943 103.993 4
      vertex 5.8223 97.6907 4
      vertex 2.42705 104.237 4
    endloop
  endfacet
  facet normal 0 0 1
    outer loop
      vertex 4.3832 115.475 4
      vertex 2.93444 115.376 4
      vertex 4.44697 115.309 4
    endloop
  endfacet
  facet normal 0 0 1
    outer loop
      vertex 5.8223 97.6907 4
      vertex 2.22943 103.993 4
      vertex 5.64655 97.6628 4
    endloop
  endfacet
  facet normal 0 0 1
    outer loop
      vertex 4.33715 115.647 4
      vertex 2.93444 115.376 4
      vertex 4.3832 115.475 4
    endloop
  endfacet
  facet normal 0 0 1
    outer loop
      vertex 4.73665 97.1375 4
      vertex 3 96 4
      vertex 4.62467 96.9992 4
    endloop
  endfacet
  facet normal 0 0 1
    outer loop
      vertex 2.93444 115.376 4
      vertex 4.33715 115.647 4
      vertex 2.98357 115.686 4
    endloop
  endfacet
  facet normal 0 0 1
    outer loop
      vertex 4.62467 96.9992 4
      vertex 3 96 4
      vertex 4.52776 96.85 4
    endloop
  endfacet
  facet normal 0 0 1
    outer loop
      vertex 4.30931 115.822 4
      vertex 2.98357 115.686 4
      vertex 4.33715 115.647 4
    endloop
  endfacet
  facet normal 0 0 1
    outer loop
      vertex 4.52776 96.85 4
      vertex 3 96 4
      vertex 4.44697 96.6915 4
    endloop
  endfacet
  facet normal 0 0 1
    outer loop
      vertex 2.98357 115.686 4
      vertex 4.30931 115.822 4
      vertex 3 116 4
    endloop
  endfacet
  facet normal 0 0 1
    outer loop
      vertex 4.44697 96.6915 4
      vertex 3 96 4
      vertex 4.3832 96.5253 4
    endloop
  endfacet
  facet normal -0 0 1
    outer loop
      vertex 3 116 4
      vertex 4.30931 115.822 4
      vertex 4.3 116 4
    endloop
  endfacet
  facet normal 0 0 1
    outer loop
      vertex 4.3832 96.5253 4
      vertex 3 96 4
      vertex 4.33715 96.3534 4
    endloop
  endfacet
  facet normal -0 0 1
    outer loop
      vertex 11.6907 105.822 4
      vertex 32 88 4
      vertex 32 120 4
    endloop
  endfacet
  facet normal 0 0 1
    outer loop
      vertex 32 88 4
      vertex 11.6907 105.822 4
      vertex 11.6629 105.647 4
    endloop
  endfacet
  facet normal 0 0 1
    outer loop
      vertex 11.6907 105.822 4
      vertex 32 120 4
      vertex 11.7 106 4
    endloop
  endfacet
  facet normal 0 0 1
    outer loop
      vertex 32 120 4
      vertex 11.6907 106.178 4
      vertex 11.7 106 4
    endloop
  endfacet
  facet normal 0 0 1
    outer loop
      vertex 32 120 4
      vertex 11.6629 106.353 4
      vertex 11.6907 106.178 4
    endloop
  endfacet
  facet normal 0 0 1
    outer loop
      vertex 32 120 4
      vertex 11.6168 106.525 4
      vertex 11.6629 106.353 4
    endloop
  endfacet
  facet normal 0 0 1
    outer loop
      vertex 32 120 4
      vertex 11.553 106.691 4
      vertex 11.6168 106.525 4
    endloop
  endfacet
  facet normal 0 0 1
    outer loop
      vertex 32 120 4
      vertex 11.4722 106.85 4
      vertex 11.553 106.691 4
    endloop
  endfacet
  facet normal 0 0 1
    outer loop
      vertex 32 120 4
      vertex 11.3753 106.999 4
      vertex 11.4722 106.85 4
    endloop
  endfacet
  facet normal 0 0 1
    outer loop
      vertex 32 120 4
      vertex 11.2633 107.138 4
      vertex 11.3753 106.999 4
    endloop
  endfacet
  facet normal -0 0 1
    outer loop
      vertex 7.7 116 4
      vertex 11.2633 107.138 4
      vertex 32 120 4
    endloop
  endfacet
  facet normal 0 0 1
    outer loop
      vertex 11.2633 107.138 4
      vertex 7.7 116 4
      vertex 11.1375 107.263 4
    endloop
  endfacet
  facet normal -0 0 1
    outer loop
      vertex 7.69069 115.822 4
      vertex 11.1375 107.263 4
      vertex 7.7 116 4
    endloop
  endfacet
  facet normal 0 0 1
    outer loop
      vertex 11.1375 107.263 4
      vertex 7.69069 115.822 4
      vertex 10.9992 107.375 4
    endloop
  endfacet
  facet normal -0 0 1
    outer loop
      vertex 7.66285 115.647 4
      vertex 10.9992 107.375 4
      vertex 7.69069 115.822 4
    endloop
  endfacet
  facet normal 0 0 1
    outer loop
      vertex 10.9992 107.375 4
      vertex 7.66285 115.647 4
      vertex 10.85 107.472 4
    endloop
  endfacet
  facet normal -0 0 1
    outer loop
      vertex 7.6168 115.475 4
      vertex 10.85 107.472 4
      vertex 7.66285 115.647 4
    endloop
  endfacet
  facet normal 0 0 1
    outer loop
      vertex 10.85 107.472 4
      vertex 7.6168 115.475 4
      vertex 10.6915 107.553 4
    endloop
  endfacet
  facet normal -0 0 1
    outer loop
      vertex 7.55303 115.309 4
      vertex 10.6915 107.553 4
      vertex 7.6168 115.475 4
    endloop
  endfacet
  facet normal 0 0 1
    outer loop
      vertex 10.6915 107.553 4
      vertex 7.55303 115.309 4
      vertex 10.5253 107.617 4
    endloop
  endfacet
  facet normal -0 0 1
    outer loop
      vertex 7.47224 115.15 4
      vertex 10.5253 107.617 4
      vertex 7.55303 115.309 4
    endloop
  endfacet
  facet normal 0 0 1
    outer loop
      vertex 10.5253 107.617 4
      vertex 7.47224 115.15 4
      vertex 10.3534 107.663 4
    endloop
  endfacet
  facet normal -0 0 1
    outer loop
      vertex 7.37533 115.001 4
      vertex 10.3534 107.663 4
      vertex 7.47224 115.15 4
    endloop
  endfacet
  facet normal 0 0 1
    outer loop
      vertex 9.47467 107.617 4
      vertex 6.69145 114.447 4
      vertex 9.30855 107.553 4
    endloop
  endfacet
  facet normal -0 0 1
    outer loop
      vertex 6.69145 114.447 4
      vertex 9.47467 107.617 4
      vertex 6.85 114.528 4
    endloop
  endfacet
  facet normal 0 0 1
    outer loop
      vertex 9.64655 107.663 4
      vertex 6.85 114.528 4
      vertex 9.47467 107.617 4
    endloop
  endfacet
  facet normal -0 0 1
    outer loop
      vertex 6.85 114.528 4
      vertex 9.64655 107.663 4
      vertex 6.99923 114.625 4
    endloop
  endfacet
  facet normal 0 0 1
    outer loop
      vertex 9.8223 107.691 4
      vertex 6.99923 114.625 4
      vertex 9.64655 107.663 4
    endloop
  endfacet
  facet normal -0 0 1
    outer loop
      vertex 6.99923 114.625 4
      vertex 9.8223 107.691 4
      vertex 7.13752 114.737 4
    endloop
  endfacet
  facet normal 0 0 1
    outer loop
      vertex 10 107.7 4
      vertex 7.13752 114.737 4
      vertex 9.8223 107.691 4
    endloop
  endfacet
  facet normal -0 0 1
    outer loop
      vertex 7.13752 114.737 4
      vertex 10 107.7 4
      vertex 7.26335 114.862 4
    endloop
  endfacet
  facet normal 0 0 1
    outer loop
      vertex 10.1777 107.691 4
      vertex 7.26335 114.862 4
      vertex 10 107.7 4
    endloop
  endfacet
  facet normal -0 0 1
    outer loop
      vertex 7.26335 114.862 4
      vertex 10.1777 107.691 4
      vertex 7.37533 115.001 4
    endloop
  endfacet
  facet normal 0 0 1
    outer loop
      vertex 10.3534 107.663 4
      vertex 7.37533 115.001 4
      vertex 10.1777 107.691 4
    endloop
  endfacet
  facet normal 0 0 1
    outer loop
      vertex 32 120 4
      vertex 7.69069 116.178 4
      vertex 7.7 116 4
    endloop
  endfacet
  facet normal 0 0 1
    outer loop
      vertex 32 120 4
      vertex 7.66285 116.353 4
      vertex 7.69069 116.178 4
    endloop
  endfacet
  facet normal 0 0 1
    outer loop
      vertex 32 120 4
      vertex 7.6168 116.525 4
      vertex 7.66285 116.353 4
    endloop
  endfacet
  facet normal 0 0 1
    outer loop
      vertex 32 120 4
      vertex 7.55303 116.691 4
      vertex 7.6168 116.525 4
    endloop
  endfacet
  facet normal 0 0 1
    outer loop
      vertex 32 120 4
      vertex 7.47224 116.85 4
      vertex 7.55303 116.691 4
    endloop
  endfacet
  facet normal 0 0 1
    outer loop
      vertex 32 120 4
      vertex 7.37533 116.999 4
      vertex 7.47224 116.85 4
    endloop
  endfacet
  facet normal 0 0 1
    outer loop
      vertex 32 120 4
      vertex 7.26335 117.138 4
      vertex 7.37533 116.999 4
    endloop
  endfacet
  facet normal 0 0 1
    outer loop
      vertex 32 120 4
      vertex 7.13752 117.263 4
      vertex 7.26335 117.138 4
    endloop
  endfacet
  facet normal 0 0 1
    outer loop
      vertex 32 120 4
      vertex 6.99923 117.375 4
      vertex 7.13752 117.263 4
    endloop
  endfacet
  facet normal 0 0 1
    outer loop
      vertex 32 120 4
      vertex 6.85 117.472 4
      vertex 6.99923 117.375 4
    endloop
  endfacet
  facet normal 0 0 1
    outer loop
      vertex 32 120 4
      vertex 6.69145 117.553 4
      vertex 6.85 117.472 4
    endloop
  endfacet
  facet normal 0 0 1
    outer loop
      vertex 32 120 4
      vertex 6.52533 117.617 4
      vertex 6.69145 117.553 4
    endloop
  endfacet
  facet normal 0 0 1
    outer loop
      vertex 32 120 4
      vertex 6.35345 117.663 4
      vertex 6.52533 117.617 4
    endloop
  endfacet
  facet normal 0 0 1
    outer loop
      vertex 32 120 4
      vertex 6.1777 117.691 4
      vertex 6.35345 117.663 4
    endloop
  endfacet
  facet normal -0 0 1
    outer loop
      vertex 0.927051 118.853 4
      vertex 6.1777 117.691 4
      vertex 32 120 4
    endloop
  endfacet
  facet normal -0 -0 1
    outer loop
      vertex 1.22021 118.741 4
      vertex 6.1777 117.691 4
      vertex 0.927051 118.853 4
    endloop
  endfacet
  facet normal 0 0 1
    outer loop
      vertex 4.33715 96.3534 4
      vertex 3 96 4
      vertex 4.30931 96.1777 4
    endloop
  endfacet
  facet normal 0 0 1
    outer loop
      vertex 4.30931 95.8223 4
      vertex 3 96 4
      vertex 2.98357 95.6864 4
    endloop
  endfacet
  facet normal 0 0 1
    outer loop
      vertex 4.33715 95.6465 4
      vertex 2.98357 95.6864 4
      vertex 2.93444 95.3763 4
    endloop
  endfacet
  facet normal 0 0 1
    outer loop
      vertex 4.44697 95.3085 4
      vertex 2.93444 95.3763 4
      vertex 2.85317 95.073 4
    endloop
  endfacet
  facet normal 0 0 1
    outer loop
      vertex 4.52776 95.15 4
      vertex 2.85317 95.073 4
      vertex 2.74064 94.7798 4
    endloop
  endfacet
  facet normal 0 0 1
    outer loop
      vertex 4.62467 95.0008 4
      vertex 4.11095 63.8303 4
      vertex 4.27975 63.3906 4
    endloop
  endfacet
  facet normal 0 0 1
    outer loop
      vertex 4.44697 115.309 4
      vertex 2.85317 115.073 4
      vertex 4.52776 115.15 4
    endloop
  endfacet
  facet normal 0 0 1
    outer loop
      vertex 4.30931 116.178 4
      vertex 3 116 4
      vertex 4.3 116 4
    endloop
  endfacet
  facet normal -0 0 1
    outer loop
      vertex 2.98357 116.314 4
      vertex 4.30931 116.178 4
      vertex 4.33715 116.353 4
    endloop
  endfacet
  facet normal 0 0 1
    outer loop
      vertex 2.93444 116.624 4
      vertex 4.33715 116.353 4
      vertex 4.3832 116.525 4
    endloop
  endfacet
  facet normal -0 0 1
    outer loop
      vertex 2.93444 116.624 4
      vertex 4.3832 116.525 4
      vertex 4.44697 116.691 4
    endloop
  endfacet
  facet normal 0 0 1
    outer loop
      vertex 2.85317 116.927 4
      vertex 4.44697 116.691 4
      vertex 4.52776 116.85 4
    endloop
  endfacet
  facet normal 0 0 1
    outer loop
      vertex 2.74064 117.22 4
      vertex 4.52776 116.85 4
      vertex 4.62467 116.999 4
    endloop
  endfacet
  facet normal 0 0 1
    outer loop
      vertex 2.74064 117.22 4
      vertex 4.62467 116.999 4
      vertex 4.73665 117.138 4
    endloop
  endfacet
  facet normal 0 0 1
    outer loop
      vertex 2.59808 117.5 4
      vertex 4.73665 117.138 4
      vertex 4.86248 117.263 4
    endloop
  endfacet
  facet normal 0 0 1
    outer loop
      vertex 2.42705 117.763 4
      vertex 4.86248 117.263 4
      vertex 5.00076 117.375 4
    endloop
  endfacet
  facet normal 0 0 1
    outer loop
      vertex 4.30931 116.178 4
      vertex 2.98357 116.314 4
      vertex 3 116 4
    endloop
  endfacet
  facet normal 0 0 1
    outer loop
      vertex 2.42705 117.763 4
      vertex 5.00076 117.375 4
      vertex 5.15 117.472 4
    endloop
  endfacet
  facet normal 0 0 1
    outer loop
      vertex 4.33715 116.353 4
      vertex 2.93444 116.624 4
      vertex 2.98357 116.314 4
    endloop
  endfacet
  facet normal 0 0 1
    outer loop
      vertex 2.22943 118.007 4
      vertex 5.15 117.472 4
      vertex 5.30855 117.553 4
    endloop
  endfacet
  facet normal 0 0 1
    outer loop
      vertex 4.44697 116.691 4
      vertex 2.85317 116.927 4
      vertex 2.93444 116.624 4
    endloop
  endfacet
  facet normal 0 0 1
    outer loop
      vertex 2.00739 118.229 4
      vertex 5.30855 117.553 4
      vertex 5.47467 117.617 4
    endloop
  endfacet
  facet normal 0 0 1
    outer loop
      vertex 1.76336 118.427 4
      vertex 5.47467 117.617 4
      vertex 5.64655 117.663 4
    endloop
  endfacet
  facet normal 0 0 1
    outer loop
      vertex 4.52776 116.85 4
      vertex 2.74064 117.22 4
      vertex 2.85317 116.927 4
    endloop
  endfacet
  facet normal 0 0 1
    outer loop
      vertex 1.5 118.598 4
      vertex 5.64655 117.663 4
      vertex 5.8223 117.691 4
    endloop
  endfacet
  facet normal 0 0 1
    outer loop
      vertex 4.73665 117.138 4
      vertex 2.59808 117.5 4
      vertex 2.74064 117.22 4
    endloop
  endfacet
  facet normal 0 0 1
    outer loop
      vertex 6.1777 117.691 4
      vertex 1.22021 118.741 4
      vertex 6 117.7 4
    endloop
  endfacet
  facet normal 0 0 1
    outer loop
      vertex 4.86248 117.263 4
      vertex 2.42705 117.763 4
      vertex 2.59808 117.5 4
    endloop
  endfacet
  facet normal 0 0 1
    outer loop
      vertex 5.15 117.472 4
      vertex 2.22943 118.007 4
      vertex 2.42705 117.763 4
    endloop
  endfacet
  facet normal 0 0 1
    outer loop
      vertex 5.30855 117.553 4
      vertex 2.00739 118.229 4
      vertex 2.22943 118.007 4
    endloop
  endfacet
  facet normal 0 0 1
    outer loop
      vertex 5.47467 117.617 4
      vertex 1.76336 118.427 4
      vertex 2.00739 118.229 4
    endloop
  endfacet
  facet normal 0 0 1
    outer loop
      vertex 5.64655 117.663 4
      vertex 1.5 118.598 4
      vertex 1.76336 118.427 4
    endloop
  endfacet
  facet normal 0 0 1
    outer loop
      vertex 5.8223 117.691 4
      vertex 1.22021 118.741 4
      vertex 1.5 118.598 4
    endloop
  endfacet
  facet normal 0 0 1
    outer loop
      vertex 6 117.7 4
      vertex 1.22021 118.741 4
      vertex 5.8223 117.691 4
    endloop
  endfacet
  facet normal 0 0 1
    outer loop
      vertex 32 120 4
      vertex 0.623734 118.934 4
      vertex 0.927051 118.853 4
    endloop
  endfacet
  facet normal 0 0 1
    outer loop
      vertex 32 120 4
      vertex 0.313585 118.984 4
      vertex 0.623734 118.934 4
    endloop
  endfacet
  facet normal 0 0 1
    outer loop
      vertex 32 120 4
      vertex 0 119 4
      vertex 0.313585 118.984 4
    endloop
  endfacet
  facet normal 0 0 1
    outer loop
      vertex -2.42705 114.237 4
      vertex -5.15 114.528 4
      vertex -2.22943 113.993 4
    endloop
  endfacet
  facet normal 0 0 1
    outer loop
      vertex -2.98357 96.3136 4
      vertex -4.3 96 4
      vertex -3 96 4
    endloop
  endfacet
  facet normal 0 0 1
    outer loop
      vertex -4.30931 95.8223 4
      vertex -3 96 4
      vertex -4.3 96 4
    endloop
  endfacet
  facet normal 0 0 1
    outer loop
      vertex -4.33715 95.6465 4
      vertex -3 96 4
      vertex -4.30931 95.8223 4
    endloop
  endfacet
  facet normal 0 0 1
    outer loop
      vertex -4.3832 95.4747 4
      vertex -3 96 4
      vertex -4.33715 95.6465 4
    endloop
  endfacet
  facet normal 0 0 1
    outer loop
      vertex -4.44697 95.3085 4
      vertex -3 96 4
      vertex -4.3832 95.4747 4
    endloop
  endfacet
  facet normal 0 0 1
    outer loop
      vertex -4.52776 95.15 4
      vertex -3 96 4
      vertex -4.44697 95.3085 4
    endloop
  endfacet
  facet normal -0 0 1
    outer loop
      vertex -5.30855 114.447 4
      vertex -2.22943 113.993 4
      vertex -5.15 114.528 4
    endloop
  endfacet
  facet normal -0 0 1
    outer loop
      vertex -4.30931 116.178 4
      vertex -3 116 4
      vertex -2.98357 116.314 4
    endloop
  endfacet
  facet normal -0 0 1
    outer loop
      vertex -4.33715 116.353 4
      vertex -2.98357 116.314 4
      vertex -2.93444 116.624 4
    endloop
  endfacet
  facet normal -0 0 1
    outer loop
      vertex -4.44697 116.691 4
      vertex -2.93444 116.624 4
      vertex -2.85317 116.927 4
    endloop
  endfacet
  facet normal 0 0 1
    outer loop
      vertex -4.52776 116.85 4
      vertex -2.85317 116.927 4
      vertex -2.74064 117.22 4
    endloop
  endfacet
  facet normal 0 0 1
    outer loop
      vertex -4.73665 117.138 4
      vertex -2.74064 117.22 4
      vertex -2.59808 117.5 4
    endloop
  endfacet
  facet normal 0 0 1
    outer loop
      vertex -4.86248 117.263 4
      vertex -2.59808 117.5 4
      vertex -2.42705 117.763 4
    endloop
  endfacet
  facet normal 0 0 1
    outer loop
      vertex -5.15 117.472 4
      vertex -2.42705 117.763 4
      vertex -2.22943 118.007 4
    endloop
  endfacet
  facet normal 0 0 1
    outer loop
      vertex -5.30855 117.553 4
      vertex -2.22943 118.007 4
      vertex -2.00739 118.229 4
    endloop
  endfacet
  facet normal 0 0 1
    outer loop
      vertex -3 116 4
      vertex -4.30931 116.178 4
      vertex -4.3 116 4
    endloop
  endfacet
  facet normal 0 0 1
    outer loop
      vertex -2.98357 116.314 4
      vertex -4.33715 116.353 4
      vertex -4.30931 116.178 4
    endloop
  endfacet
  facet normal 0 0 1
    outer loop
      vertex -5.47467 117.617 4
      vertex -2.00739 118.229 4
      vertex -1.76336 118.427 4
    endloop
  endfacet
  facet normal 0 0 1
    outer loop
      vertex -2.93444 116.624 4
      vertex -4.3832 116.525 4
      vertex -4.33715 116.353 4
    endloop
  endfacet
  facet normal 0 0 1
    outer loop
      vertex -2.93444 116.624 4
      vertex -4.44697 116.691 4
      vertex -4.3832 116.525 4
    endloop
  endfacet
  facet normal 0 0 1
    outer loop
      vertex -5.64655 117.663 4
      vertex -1.76336 118.427 4
      vertex -1.5 118.598 4
    endloop
  endfacet
  facet normal 0 0 1
    outer loop
      vertex -2.85317 116.927 4
      vertex -4.52776 116.85 4
      vertex -4.44697 116.691 4
    endloop
  endfacet
  facet normal 0 0 1
    outer loop
      vertex -2.74064 117.22 4
      vertex -4.62467 116.999 4
      vertex -4.52776 116.85 4
    endloop
  endfacet
  facet normal 0 0 1
    outer loop
      vertex -2.74064 117.22 4
      vertex -4.73665 117.138 4
      vertex -4.62467 116.999 4
    endloop
  endfacet
  facet normal 0 0 1
    outer loop
      vertex -5.8223 117.691 4
      vertex -1.5 118.598 4
      vertex -1.22021 118.741 4
    endloop
  endfacet
  facet normal 0 0 1
    outer loop
      vertex -2.59808 117.5 4
      vertex -4.86248 117.263 4
      vertex -4.73665 117.138 4
    endloop
  endfacet
  facet normal 0 0 1
    outer loop
      vertex -2.42705 117.763 4
      vertex -5.00076 117.375 4
      vertex -4.86248 117.263 4
    endloop
  endfacet
  facet normal 0 0 1
    outer loop
      vertex -6.1777 117.691 4
      vertex -1.22021 118.741 4
      vertex -0.927051 118.853 4
    endloop
  endfacet
  facet normal 0 0 1
    outer loop
      vertex -2.42705 117.763 4
      vertex -5.15 117.472 4
      vertex -5.00076 117.375 4
    endloop
  endfacet
  facet normal 0 0 1
    outer loop
      vertex -2.22943 118.007 4
      vertex -5.30855 117.553 4
      vertex -5.15 117.472 4
    endloop
  endfacet
  facet normal 0 0 1
    outer loop
      vertex -2.00739 118.229 4
      vertex -5.47467 117.617 4
      vertex -5.30855 117.553 4
    endloop
  endfacet
  facet normal 0 0 1
    outer loop
      vertex -1.76336 118.427 4
      vertex -5.64655 117.663 4
      vertex -5.47467 117.617 4
    endloop
  endfacet
  facet normal 0 0 1
    outer loop
      vertex -32 120 4
      vertex -0.927051 118.853 4
      vertex -0.623734 118.934 4
    endloop
  endfacet
  facet normal 0 0 1
    outer loop
      vertex -1.5 118.598 4
      vertex -5.8223 117.691 4
      vertex -5.64655 117.663 4
    endloop
  endfacet
  facet normal 0 0 1
    outer loop
      vertex -1.22021 118.741 4
      vertex -6 117.7 4
      vertex -5.8223 117.691 4
    endloop
  endfacet
  facet normal 0 0 1
    outer loop
      vertex -1.22021 118.741 4
      vertex -6.1777 117.691 4
      vertex -6 117.7 4
    endloop
  endfacet
  facet normal 0 0 1
    outer loop
      vertex -0.927051 118.853 4
      vertex -6.35345 117.663 4
      vertex -6.1777 117.691 4
    endloop
  endfacet
  facet normal 0 0 1
    outer loop
      vertex -6.52533 97.6168 4
      vertex -9.30855 104.447 4
      vertex -6.69145 97.553 4
    endloop
  endfacet
  facet normal 0 0 1
    outer loop
      vertex -32 120 4
      vertex -7.7 116 4
      vertex -7.69069 116.178 4
    endloop
  endfacet
  facet normal 0 0 1
    outer loop
      vertex -3 106 4
      vertex -8.30931 106.178 4
      vertex -8.3 106 4
    endloop
  endfacet
  facet normal 0 0 1
    outer loop
      vertex -2.98357 106.314 4
      vertex -8.30931 106.178 4
      vertex -3 106 4
    endloop
  endfacet
  facet normal 0 -0 1
    outer loop
      vertex -8.30931 106.178 4
      vertex -2.98357 106.314 4
      vertex -8.33715 106.353 4
    endloop
  endfacet
  facet normal 0 0 1
    outer loop
      vertex -2.93444 106.624 4
      vertex -8.33715 106.353 4
      vertex -2.98357 106.314 4
    endloop
  endfacet
  facet normal 0 -0 1
    outer loop
      vertex -8.33715 106.353 4
      vertex -2.93444 106.624 4
      vertex -8.3832 106.525 4
    endloop
  endfacet
  facet normal 0 0 1
    outer loop
      vertex -2.85317 106.927 4
      vertex -8.3832 106.525 4
      vertex -2.93444 106.624 4
    endloop
  endfacet
  facet normal 0 -0 1
    outer loop
      vertex -8.44697 106.691 4
      vertex -2.85317 106.927 4
      vertex -8.52776 106.85 4
    endloop
  endfacet
  facet normal 0 0 1
    outer loop
      vertex -6 114.3 4
      vertex -8.86248 107.263 4
      vertex -8.73665 107.138 4
    endloop
  endfacet
  facet normal 0 0 1
    outer loop
      vertex -6.1777 114.309 4
      vertex -9.00076 107.375 4
      vertex -8.86248 107.263 4
    endloop
  endfacet
  facet normal 0 0 1
    outer loop
      vertex -6.35345 114.337 4
      vertex -9.15 107.472 4
      vertex -9.00076 107.375 4
    endloop
  endfacet
  facet normal 0 0 1
    outer loop
      vertex -32 120 4
      vertex -7.69069 116.178 4
      vertex -7.66285 116.353 4
    endloop
  endfacet
  facet normal 0 0 1
    outer loop
      vertex -6.52533 114.383 4
      vertex -9.30855 107.553 4
      vertex -9.15 107.472 4
    endloop
  endfacet
  facet normal 0 0 1
    outer loop
      vertex -6.69145 114.447 4
      vertex -9.47467 107.617 4
      vertex -9.30855 107.553 4
    endloop
  endfacet
  facet normal 0 0 1
    outer loop
      vertex -6.85 114.528 4
      vertex -9.64655 107.663 4
      vertex -9.47467 107.617 4
    endloop
  endfacet
  facet normal 0 0 1
    outer loop
      vertex -6.99923 114.625 4
      vertex -9.8223 107.691 4
      vertex -9.64655 107.663 4
    endloop
  endfacet
  facet normal 0 0 1
    outer loop
      vertex -7.13752 114.737 4
      vertex -10 107.7 4
      vertex -9.8223 107.691 4
    endloop
  endfacet
  facet normal 0 0 1
    outer loop
      vertex -32 120 4
      vertex -7.66285 116.353 4
      vertex -7.6168 116.525 4
    endloop
  endfacet
  facet normal 0 0 1
    outer loop
      vertex -7.26335 114.862 4
      vertex -10.1777 107.691 4
      vertex -10 107.7 4
    endloop
  endfacet
  facet normal 0 0 1
    outer loop
      vertex -7.37533 115.001 4
      vertex -10.3534 107.663 4
      vertex -10.1777 107.691 4
    endloop
  endfacet
  facet normal 0 0 1
    outer loop
      vertex -7.47224 115.15 4
      vertex -10.5253 107.617 4
      vertex -10.3534 107.663 4
    endloop
  endfacet
  facet normal 0 0 1
    outer loop
      vertex -7.55303 115.309 4
      vertex -10.6915 107.553 4
      vertex -10.5253 107.617 4
    endloop
  endfacet
  facet normal 0 0 1
    outer loop
      vertex -7.6168 115.475 4
      vertex -10.85 107.472 4
      vertex -10.6915 107.553 4
    endloop
  endfacet
  facet normal 0 0 1
    outer loop
      vertex -7.66285 115.647 4
      vertex -10.9992 107.375 4
      vertex -10.85 107.472 4
    endloop
  endfacet
  facet normal 0 0 1
    outer loop
      vertex -7.69069 115.822 4
      vertex -11.1375 107.263 4
      vertex -10.9992 107.375 4
    endloop
  endfacet
  facet normal 0 0 1
    outer loop
      vertex -7.7 116 4
      vertex -11.2633 107.138 4
      vertex -11.1375 107.263 4
    endloop
  endfacet
  facet normal 0 0 1
    outer loop
      vertex -32 120 4
      vertex -7.6168 116.525 4
      vertex -7.55303 116.691 4
    endloop
  endfacet
  facet normal 0 0 1
    outer loop
      vertex -7.7 116 4
      vertex -32 120 4
      vertex -11.2633 107.138 4
    endloop
  endfacet
  facet normal 0 0 1
    outer loop
      vertex -11.2633 107.138 4
      vertex -32 120 4
      vertex -11.3753 106.999 4
    endloop
  endfacet
  facet normal 0 0 1
    outer loop
      vertex -11.3753 106.999 4
      vertex -32 120 4
      vertex -11.4722 106.85 4
    endloop
  endfacet
  facet normal -0 0 1
    outer loop
      vertex -32 120 4
      vertex 0 119 4
      vertex 32 120 4
    endloop
  endfacet
  facet normal 0 0 1
    outer loop
      vertex -32 120 4
      vertex -0.313585 118.984 4
      vertex 0 119 4
    endloop
  endfacet
  facet normal 0 0 1
    outer loop
      vertex -32 120 4
      vertex -0.623734 118.934 4
      vertex -0.313585 118.984 4
    endloop
  endfacet
  facet normal 0 0 1
    outer loop
      vertex -0.927051 118.853 4
      vertex -32 120 4
      vertex -6.35345 117.663 4
    endloop
  endfacet
  facet normal 0 0 1
    outer loop
      vertex -32 120 4
      vertex -6.52533 117.617 4
      vertex -6.35345 117.663 4
    endloop
  endfacet
  facet normal 0 0 1
    outer loop
      vertex -32 120 4
      vertex -6.69145 117.553 4
      vertex -6.52533 117.617 4
    endloop
  endfacet
  facet normal 0 0 1
    outer loop
      vertex -32 120 4
      vertex -6.85 117.472 4
      vertex -6.69145 117.553 4
    endloop
  endfacet
  facet normal 0 0 1
    outer loop
      vertex -32 120 4
      vertex -6.99923 117.375 4
      vertex -6.85 117.472 4
    endloop
  endfacet
  facet normal 0 0 1
    outer loop
      vertex -32 120 4
      vertex -7.13752 117.263 4
      vertex -6.99923 117.375 4
    endloop
  endfacet
  facet normal 0 0 1
    outer loop
      vertex -32 120 4
      vertex -7.26335 117.138 4
      vertex -7.13752 117.263 4
    endloop
  endfacet
  facet normal 0 0 1
    outer loop
      vertex -32 120 4
      vertex -7.37533 116.999 4
      vertex -7.26335 117.138 4
    endloop
  endfacet
  facet normal 0 0 1
    outer loop
      vertex -32 120 4
      vertex -7.47224 116.85 4
      vertex -7.37533 116.999 4
    endloop
  endfacet
  facet normal 0 0 1
    outer loop
      vertex -32 120 4
      vertex -7.55303 116.691 4
      vertex -7.47224 116.85 4
    endloop
  endfacet
  facet normal 0 0 1
    outer loop
      vertex -11.4722 106.85 4
      vertex -32 120 4
      vertex -11.553 106.691 4
    endloop
  endfacet
  facet normal 0 0 1
    outer loop
      vertex -32 120 4
      vertex -11.6168 106.525 4
      vertex -11.553 106.691 4
    endloop
  endfacet
  facet normal 0 0 1
    outer loop
      vertex -32 120 4
      vertex -11.6629 106.353 4
      vertex -11.6168 106.525 4
    endloop
  endfacet
  facet normal 0 0 1
    outer loop
      vertex -32 120 4
      vertex -11.6907 106.178 4
      vertex -11.6629 106.353 4
    endloop
  endfacet
  facet normal 0 0 1
    outer loop
      vertex -32 120 4
      vertex -11.7 106 4
      vertex -11.6907 106.178 4
    endloop
  endfacet
  facet normal 0 0 1
    outer loop
      vertex -11.6629 105.647 4
      vertex -32 88 4
      vertex -11.6168 105.475 4
    endloop
  endfacet
  facet normal 0 0 1
    outer loop
      vertex -11.6168 105.475 4
      vertex -32 88 4
      vertex -12 88 4
    endloop
  endfacet
  facet normal 0 0 1
    outer loop
      vertex 4.30931 96.1777 4
      vertex 3 96 4
      vertex 4.3 96 4
    endloop
  endfacet
  facet normal 0 0 1
    outer loop
      vertex 4.62467 95.0008 4
      vertex 2.74064 94.7798 4
      vertex 2.59808 94.5 4
    endloop
  endfacet
  facet normal 0 0 1
    outer loop
      vertex 4.62467 95.0008 4
      vertex 3.89711 64.25 4
      vertex 4.11095 63.8303 4
    endloop
  endfacet
  facet normal 0 0 1
    outer loop
      vertex 4.62467 95.0008 4
      vertex 2.59808 94.5 4
      vertex 2.42705 94.2366 4
    endloop
  endfacet
  facet normal 0 0 1
    outer loop
      vertex 4.62467 95.0008 4
      vertex 3.64058 64.645 4
      vertex 3.89711 64.25 4
    endloop
  endfacet
  facet normal 0 0 1
    outer loop
      vertex 4.62467 95.0008 4
      vertex 2.42705 94.2366 4
      vertex 2.22943 93.9926 4
    endloop
  endfacet
  facet normal 0 0 1
    outer loop
      vertex 4.62467 95.0008 4
      vertex 3.34415 65.0111 4
      vertex 3.64058 64.645 4
    endloop
  endfacet
  facet normal 0 0 1
    outer loop
      vertex 4.62467 95.0008 4
      vertex 2.22943 93.9926 4
      vertex 2.00739 93.7706 4
    endloop
  endfacet
  facet normal 0 0 1
    outer loop
      vertex 4.62467 95.0008 4
      vertex 3.01109 65.3442 4
      vertex 3.34415 65.0111 4
    endloop
  endfacet
  facet normal 0 0 1
    outer loop
      vertex 4.62467 95.0008 4
      vertex 2.00739 93.7706 4
      vertex 1.76336 93.573 4
    endloop
  endfacet
  facet normal 0 0 1
    outer loop
      vertex 4.62467 95.0008 4
      vertex 2.64503 65.6406 4
      vertex 3.01109 65.3442 4
    endloop
  endfacet
  facet normal 0 0 1
    outer loop
      vertex 4.62467 95.0008 4
      vertex 1.76336 93.573 4
      vertex 2.25 65.8971 4
    endloop
  endfacet
  facet normal 0 0 1
    outer loop
      vertex 4.62467 95.0008 4
      vertex 2.25 65.8971 4
      vertex 2.64503 65.6406 4
    endloop
  endfacet
  facet normal -0 0 1
    outer loop
      vertex 1.5 93.4019 4
      vertex 2.25 65.8971 4
      vertex 1.76336 93.573 4
    endloop
  endfacet
  facet normal 0 0 1
    outer loop
      vertex 2.25 65.8971 4
      vertex 1.5 93.4019 4
      vertex 1.83031 66.111 4
    endloop
  endfacet
  facet normal -0 0 1
    outer loop
      vertex 1.22021 93.2594 4
      vertex 1.83031 66.111 4
      vertex 1.5 93.4019 4
    endloop
  endfacet
  facet normal 0 0 1
    outer loop
      vertex 1.83031 66.111 4
      vertex 1.22021 93.2594 4
      vertex 1.39058 66.2798 4
    endloop
  endfacet
  facet normal -0 0 1
    outer loop
      vertex 0.927051 93.1468 4
      vertex 1.39058 66.2798 4
      vertex 1.22021 93.2594 4
    endloop
  endfacet
  facet normal 0 0 1
    outer loop
      vertex 1.39058 66.2798 4
      vertex 0.927051 93.1468 4
      vertex 0.935602 66.4017 4
    endloop
  endfacet
  facet normal -0 0 1
    outer loop
      vertex 0.623734 93.0656 4
      vertex 0.935602 66.4017 4
      vertex 0.927051 93.1468 4
    endloop
  endfacet
  facet normal 0 0 1
    outer loop
      vertex 0.623734 93.0656 4
      vertex 0.470378 66.4753 4
      vertex 0.935602 66.4017 4
    endloop
  endfacet
  facet normal -0 0 1
    outer loop
      vertex 0.313585 93.0164 4
      vertex 0.470378 66.4753 4
      vertex 0.623734 93.0656 4
    endloop
  endfacet
  facet normal -0 0 1
    outer loop
      vertex 0 93 4
      vertex 0.470378 66.4753 4
      vertex 0.313585 93.0164 4
    endloop
  endfacet
  facet normal 0 0 1
    outer loop
      vertex 0 93 4
      vertex 0 66.5 4
      vertex 0.470378 66.4753 4
    endloop
  endfacet
  facet normal 0 0 1
    outer loop
      vertex -0.313585 93.0164 4
      vertex 0 66.5 4
      vertex 0 93 4
    endloop
  endfacet
  facet normal 0 0 1
    outer loop
      vertex -0.313585 93.0164 4
      vertex -0.470378 66.4753 4
      vertex 0 66.5 4
    endloop
  endfacet
  facet normal 0 0 1
    outer loop
      vertex -0.623734 93.0656 4
      vertex -0.470378 66.4753 4
      vertex -0.313585 93.0164 4
    endloop
  endfacet
  facet normal 0 0 1
    outer loop
      vertex -0.935602 66.4017 4
      vertex -0.623734 93.0656 4
      vertex -0.927051 93.1468 4
    endloop
  endfacet
  facet normal 0 0 1
    outer loop
      vertex -0.623734 93.0656 4
      vertex -0.935602 66.4017 4
      vertex -0.470378 66.4753 4
    endloop
  endfacet
  facet normal 0 0 1
    outer loop
      vertex -1.39058 66.2798 4
      vertex -0.927051 93.1468 4
      vertex -1.22021 93.2594 4
    endloop
  endfacet
  facet normal 0 0 1
    outer loop
      vertex -0.927051 93.1468 4
      vertex -1.39058 66.2798 4
      vertex -0.935602 66.4017 4
    endloop
  endfacet
  facet normal 0 0 1
    outer loop
      vertex -1.83031 66.111 4
      vertex -1.22021 93.2594 4
      vertex -1.5 93.4019 4
    endloop
  endfacet
  facet normal 0 0 1
    outer loop
      vertex -2.25 65.8971 4
      vertex -1.5 93.4019 4
      vertex -1.76336 93.573 4
    endloop
  endfacet
  facet normal 0 0 1
    outer loop
      vertex -1.22021 93.2594 4
      vertex -1.83031 66.111 4
      vertex -1.39058 66.2798 4
    endloop
  endfacet
  facet normal 0 0 1
    outer loop
      vertex -2.64503 65.6406 4
      vertex -1.76336 93.573 4
      vertex -2.00739 93.7706 4
    endloop
  endfacet
  facet normal 0 0 1
    outer loop
      vertex -3.01109 65.3442 4
      vertex -2.00739 93.7706 4
      vertex -2.22943 93.9926 4
    endloop
  endfacet
  facet normal 0 0 1
    outer loop
      vertex -1.5 93.4019 4
      vertex -2.25 65.8971 4
      vertex -1.83031 66.111 4
    endloop
  endfacet
  facet normal 0 0 1
    outer loop
      vertex -3.01109 65.3442 4
      vertex -2.22943 93.9926 4
      vertex -2.42705 94.2366 4
    endloop
  endfacet
  facet normal 0 0 1
    outer loop
      vertex -3.01109 65.3442 4
      vertex -2.42705 94.2366 4
      vertex -2.59808 94.5 4
    endloop
  endfacet
  facet normal 0 0 1
    outer loop
      vertex -1.76336 93.573 4
      vertex -2.64503 65.6406 4
      vertex -2.25 65.8971 4
    endloop
  endfacet
  facet normal 0 0 1
    outer loop
      vertex -3.01109 65.3442 4
      vertex -2.59808 94.5 4
      vertex -2.74064 94.7798 4
    endloop
  endfacet
  facet normal 0 0 1
    outer loop
      vertex -3.01109 65.3442 4
      vertex -2.74064 94.7798 4
      vertex -2.85317 95.073 4
    endloop
  endfacet
  facet normal 0 0 1
    outer loop
      vertex -3.01109 65.3442 4
      vertex -2.85317 95.073 4
      vertex -2.93444 95.3763 4
    endloop
  endfacet
  facet normal 0 0 1
    outer loop
      vertex -3.01109 65.3442 4
      vertex -2.93444 95.3763 4
      vertex -2.98357 95.6864 4
    endloop
  endfacet
  facet normal 0 0 1
    outer loop
      vertex -3.01109 65.3442 4
      vertex -2.98357 95.6864 4
      vertex -3 96 4
    endloop
  endfacet
  facet normal 0 0 1
    outer loop
      vertex -2.00739 93.7706 4
      vertex -3.01109 65.3442 4
      vertex -2.64503 65.6406 4
    endloop
  endfacet
  facet normal 0 0 1
    outer loop
      vertex -4.62467 95.0008 4
      vertex -3 96 4
      vertex -4.52776 95.15 4
    endloop
  endfacet
  facet normal 0 0 1
    outer loop
      vertex -4.73665 94.8625 4
      vertex -3 96 4
      vertex -4.62467 95.0008 4
    endloop
  endfacet
  facet normal 0 0 1
    outer loop
      vertex -4.86248 94.7367 4
      vertex -3 96 4
      vertex -4.73665 94.8625 4
    endloop
  endfacet
  facet normal 0 0 1
    outer loop
      vertex -5.00076 94.6247 4
      vertex -3 96 4
      vertex -4.86248 94.7367 4
    endloop
  endfacet
  facet normal 0 0 1
    outer loop
      vertex -3 96 4
      vertex -5.00076 94.6247 4
      vertex -3.01109 65.3442 4
    endloop
  endfacet
  facet normal -0 0 1
    outer loop
      vertex -5.15 94.5278 4
      vertex -3.01109 65.3442 4
      vertex -5.00076 94.6247 4
    endloop
  endfacet
  facet normal -0 0 1
    outer loop
      vertex -12 88 4
      vertex -3.01109 65.3442 4
      vertex -5.15 94.5278 4
    endloop
  endfacet
  facet normal 0 0 1
    outer loop
      vertex -3.01109 65.3442 4
      vertex -12 88 4
      vertex -3.34415 65.0111 4
    endloop
  endfacet
  facet normal 0 0 1
    outer loop
      vertex -3.64058 64.645 4
      vertex -12 88 4
      vertex -3.89711 64.25 4
    endloop
  endfacet
  facet normal 0 0 1
    outer loop
      vertex -3.34415 65.0111 4
      vertex -12 88 4
      vertex -3.64058 64.645 4
    endloop
  endfacet
  facet normal 0 0 1
    outer loop
      vertex 43 9 4
      vertex 38.7 0 4
      vertex 43 -9 4
    endloop
  endfacet
  facet normal 0 0 1
    outer loop
      vertex 43 9 4
      vertex 38.6907 0.177698 4
      vertex 38.7 0 4
    endloop
  endfacet
  facet normal 0 0 1
    outer loop
      vertex 43 9 4
      vertex 38.6628 0.35345 4
      vertex 38.6907 0.177698 4
    endloop
  endfacet
  facet normal 0 0 1
    outer loop
      vertex 43 9 4
      vertex 38.6168 0.525329 4
      vertex 38.6628 0.35345 4
    endloop
  endfacet
  facet normal 0 0 1
    outer loop
      vertex 43 9 4
      vertex 38.553 0.691452 4
      vertex 38.6168 0.525329 4
    endloop
  endfacet
  facet normal 0 0 1
    outer loop
      vertex 43 9 4
      vertex 38.4722 0.849999 4
      vertex 38.553 0.691452 4
    endloop
  endfacet
  facet normal 0 0 1
    outer loop
      vertex 43 9 4
      vertex 38.3753 0.999234 4
      vertex 38.4722 0.849999 4
    endloop
  endfacet
  facet normal 0 0 1
    outer loop
      vertex 43 9 4
      vertex 38.2633 1.13752 4
      vertex 38.3753 0.999234 4
    endloop
  endfacet
  facet normal 0 0 1
    outer loop
      vertex 43 9 4
      vertex 38.1375 1.26335 4
      vertex 38.2633 1.13752 4
    endloop
  endfacet
  facet normal 0 0 1
    outer loop
      vertex 43 9 4
      vertex 37.9992 1.37533 4
      vertex 38.1375 1.26335 4
    endloop
  endfacet
  facet normal 0 0 1
    outer loop
      vertex 43 9 4
      vertex 37.85 1.47224 4
      vertex 37.9992 1.37533 4
    endloop
  endfacet
  facet normal 0 0 1
    outer loop
      vertex 43 9 4
      vertex 37.6915 1.55303 4
      vertex 37.85 1.47224 4
    endloop
  endfacet
  facet normal 0 0 1
    outer loop
      vertex 43 9 4
      vertex 37.5253 1.6168 4
      vertex 37.6915 1.55303 4
    endloop
  endfacet
  facet normal 0 0 1
    outer loop
      vertex 43 9 4
      vertex 37.3535 1.66285 4
      vertex 37.5253 1.6168 4
    endloop
  endfacet
  facet normal 0 0 1
    outer loop
      vertex 43 9 4
      vertex 37.1777 1.69069 4
      vertex 37.3535 1.66285 4
    endloop
  endfacet
  facet normal 0 0 1
    outer loop
      vertex 43 9 4
      vertex 37 1.7 4
      vertex 37.1777 1.69069 4
    endloop
  endfacet
  facet normal 0 0 1
    outer loop
      vertex 43 9 4
      vertex 36.8223 1.69069 4
      vertex 37 1.7 4
    endloop
  endfacet
  facet normal -0 0 1
    outer loop
      vertex 31.0111 3.34415 4
      vertex 36.8223 1.69069 4
      vertex 43 9 4
    endloop
  endfacet
  facet normal 0 0 1
    outer loop
      vertex 36.8223 1.69069 4
      vertex 31.0111 3.34415 4
      vertex 36.6465 1.66285 4
    endloop
  endfacet
  facet normal -0 -0 1
    outer loop
      vertex 31.3442 3.01109 4
      vertex 36.6465 1.66285 4
      vertex 31.0111 3.34415 4
    endloop
  endfacet
  facet normal 0 0 1
    outer loop
      vertex 36.6465 1.66285 4
      vertex 31.3442 3.01109 4
      vertex 36.4747 1.6168 4
    endloop
  endfacet
  facet normal 0 0 1
    outer loop
      vertex 36.4747 1.6168 4
      vertex 31.3442 3.01109 4
      vertex 36.3085 1.55303 4
    endloop
  endfacet
  facet normal -0 -0 1
    outer loop
      vertex 31.6406 2.64503 4
      vertex 36.3085 1.55303 4
      vertex 31.3442 3.01109 4
    endloop
  endfacet
  facet normal 0 0 1
    outer loop
      vertex 36.3085 1.55303 4
      vertex 31.6406 2.64503 4
      vertex 36.15 1.47224 4
    endloop
  endfacet
  facet normal 0 0 1
    outer loop
      vertex 35.3093 0.177698 4
      vertex 32.5 0 4
      vertex 35.3 0 4
    endloop
  endfacet
  facet normal 0 0 1
    outer loop
      vertex 32.4753 0.470378 4
      vertex 35.3093 0.177698 4
      vertex 35.3372 0.35345 4
    endloop
  endfacet
  facet normal -0 0 1
    outer loop
      vertex 32.4753 0.470378 4
      vertex 35.3372 0.35345 4
      vertex 35.3832 0.525329 4
    endloop
  endfacet
  facet normal 0 0 1
    outer loop
      vertex 32.4017 0.935602 4
      vertex 35.3832 0.525329 4
      vertex 35.447 0.691452 4
    endloop
  endfacet
  facet normal 0 0 1
    outer loop
      vertex 32.4017 0.935602 4
      vertex 35.447 0.691452 4
      vertex 35.5278 0.849999 4
    endloop
  endfacet
  facet normal 0 0 1
    outer loop
      vertex 32.2798 1.39058 4
      vertex 35.5278 0.849999 4
      vertex 35.6247 0.999234 4
    endloop
  endfacet
  facet normal 0 0 1
    outer loop
      vertex 32.2798 1.39058 4
      vertex 35.6247 0.999234 4
      vertex 35.7367 1.13752 4
    endloop
  endfacet
  facet normal 0 0 1
    outer loop
      vertex 36.15 1.47224 4
      vertex 31.8971 2.25 4
      vertex 36.0008 1.37533 4
    endloop
  endfacet
  facet normal 0 0 1
    outer loop
      vertex 35.3093 0.177698 4
      vertex 32.4753 0.470378 4
      vertex 32.5 0 4
    endloop
  endfacet
  facet normal 0 0 1
    outer loop
      vertex 35.3832 0.525329 4
      vertex 32.4017 0.935602 4
      vertex 32.4753 0.470378 4
    endloop
  endfacet
  facet normal 0 0 1
    outer loop
      vertex 35.5278 0.849999 4
      vertex 32.2798 1.39058 4
      vertex 32.4017 0.935602 4
    endloop
  endfacet
  facet normal 0 0 1
    outer loop
      vertex 35.7367 1.13752 4
      vertex 32.111 1.83031 4
      vertex 32.2798 1.39058 4
    endloop
  endfacet
  facet normal 0 0 1
    outer loop
      vertex 35.8625 1.26335 4
      vertex 32.111 1.83031 4
      vertex 35.7367 1.13752 4
    endloop
  endfacet
  facet normal -0 -0 1
    outer loop
      vertex 32.111 1.83031 4
      vertex 35.8625 1.26335 4
      vertex 31.8971 2.25 4
    endloop
  endfacet
  facet normal 0 0 1
    outer loop
      vertex 36.0008 1.37533 4
      vertex 31.8971 2.25 4
      vertex 35.8625 1.26335 4
    endloop
  endfacet
  facet normal -0 -0 1
    outer loop
      vertex 31.8971 2.25 4
      vertex 36.15 1.47224 4
      vertex 31.6406 2.64503 4
    endloop
  endfacet
  facet normal 0 0 1
    outer loop
      vertex 43 9 4
      vertex 30.645 3.64058 4
      vertex 31.0111 3.34415 4
    endloop
  endfacet
  facet normal 0 0 1
    outer loop
      vertex 43 9 4
      vertex 30.25 3.89711 4
      vertex 30.645 3.64058 4
    endloop
  endfacet
  facet normal 0 0 1
    outer loop
      vertex 43 9 4
      vertex 29.8303 4.11095 4
      vertex 30.25 3.89711 4
    endloop
  endfacet
  facet normal 0 0 1
    outer loop
      vertex 43 9 4
      vertex 29.3906 4.27975 4
      vertex 29.8303 4.11095 4
    endloop
  endfacet
  facet normal 0 0 1
    outer loop
      vertex 43 9 4
      vertex 28.9356 4.40166 4
      vertex 29.3906 4.27975 4
    endloop
  endfacet
  facet normal 0 0 1
    outer loop
      vertex 43 9 4
      vertex 28.4704 4.47535 4
      vertex 28.9356 4.40166 4
    endloop
  endfacet
  facet normal 0 0 1
    outer loop
      vertex 43 9 4
      vertex 28 4.5 4
      vertex 28.4704 4.47535 4
    endloop
  endfacet
  facet normal -0 0 1
    outer loop
      vertex 12 9 4
      vertex 28 4.5 4
      vertex 43 9 4
    endloop
  endfacet
  facet normal 0 0 1
    outer loop
      vertex 28 4.5 4
      vertex 12 9 4
      vertex 27.5296 4.47535 4
    endloop
  endfacet
  facet normal 0 0 1
    outer loop
      vertex 27.5296 4.47535 4
      vertex 12 9 4
      vertex 27.0644 4.40166 4
    endloop
  endfacet
  facet normal 0 0 1
    outer loop
      vertex 23.5247 0.470378 4
      vertex 12 9 4
      vertex 23.5 0 4
    endloop
  endfacet
  facet normal 0 0 1
    outer loop
      vertex 23.5983 0.935602 4
      vertex 12 9 4
      vertex 23.5247 0.470378 4
    endloop
  endfacet
  facet normal 0 0 1
    outer loop
      vertex 23.7202 1.39058 4
      vertex 12 9 4
      vertex 23.5983 0.935602 4
    endloop
  endfacet
  facet normal 0 0 1
    outer loop
      vertex 23.889 1.83031 4
      vertex 12 9 4
      vertex 23.7202 1.39058 4
    endloop
  endfacet
  facet normal 0 0 1
    outer loop
      vertex 24.1029 2.25 4
      vertex 12 9 4
      vertex 23.889 1.83031 4
    endloop
  endfacet
  facet normal 0 0 1
    outer loop
      vertex 24.3594 2.64503 4
      vertex 12 9 4
      vertex 24.1029 2.25 4
    endloop
  endfacet
  facet normal 0 0 1
    outer loop
      vertex 24.6558 3.01109 4
      vertex 12 9 4
      vertex 24.3594 2.64503 4
    endloop
  endfacet
  facet normal 0 0 1
    outer loop
      vertex 24.9889 3.34415 4
      vertex 12 9 4
      vertex 24.6558 3.01109 4
    endloop
  endfacet
  facet normal 0 0 1
    outer loop
      vertex 25.355 3.64058 4
      vertex 12 9 4
      vertex 24.9889 3.34415 4
    endloop
  endfacet
  facet normal 0 0 1
    outer loop
      vertex 25.75 3.89711 4
      vertex 12 9 4
      vertex 25.355 3.64058 4
    endloop
  endfacet
  facet normal 0 0 1
    outer loop
      vertex 26.1697 4.11095 4
      vertex 12 9 4
      vertex 25.75 3.89711 4
    endloop
  endfacet
  facet normal 0 0 1
    outer loop
      vertex 26.6094 4.27975 4
      vertex 12 9 4
      vertex 26.1697 4.11095 4
    endloop
  endfacet
  facet normal 0 0 1
    outer loop
      vertex 27.0644 4.40166 4
      vertex 12 9 4
      vertex 26.6094 4.27975 4
    endloop
  endfacet
  facet normal -0 0 1
    outer loop
      vertex 38.6907 -0.177698 4
      vertex 43 -9 4
      vertex 38.7 0 4
    endloop
  endfacet
  facet normal -0 0 1
    outer loop
      vertex 38.6628 -0.35345 4
      vertex 43 -9 4
      vertex 38.6907 -0.177698 4
    endloop
  endfacet
  facet normal -0 0 1
    outer loop
      vertex 38.6168 -0.525329 4
      vertex 43 -9 4
      vertex 38.6628 -0.35345 4
    endloop
  endfacet
  facet normal -0 0 1
    outer loop
      vertex 38.553 -0.691452 4
      vertex 43 -9 4
      vertex 38.6168 -0.525329 4
    endloop
  endfacet
  facet normal -0 0 1
    outer loop
      vertex 38.4722 -0.849999 4
      vertex 43 -9 4
      vertex 38.553 -0.691452 4
    endloop
  endfacet
  facet normal -0 0 1
    outer loop
      vertex 38.3753 -0.999234 4
      vertex 43 -9 4
      vertex 38.4722 -0.849999 4
    endloop
  endfacet
  facet normal -0 0 1
    outer loop
      vertex 38.2633 -1.13752 4
      vertex 43 -9 4
      vertex 38.3753 -0.999234 4
    endloop
  endfacet
  facet normal -0 0 1
    outer loop
      vertex 38.1375 -1.26335 4
      vertex 43 -9 4
      vertex 38.2633 -1.13752 4
    endloop
  endfacet
  facet normal -0 0 1
    outer loop
      vertex 37.9992 -1.37533 4
      vertex 43 -9 4
      vertex 38.1375 -1.26335 4
    endloop
  endfacet
  facet normal -0 0 1
    outer loop
      vertex 37.85 -1.47224 4
      vertex 43 -9 4
      vertex 37.9992 -1.37533 4
    endloop
  endfacet
  facet normal -0 0 1
    outer loop
      vertex 37.6915 -1.55303 4
      vertex 43 -9 4
      vertex 37.85 -1.47224 4
    endloop
  endfacet
  facet normal -0 0 1
    outer loop
      vertex 37.5253 -1.6168 4
      vertex 43 -9 4
      vertex 37.6915 -1.55303 4
    endloop
  endfacet
  facet normal -0 0 1
    outer loop
      vertex 37.3535 -1.66285 4
      vertex 43 -9 4
      vertex 37.5253 -1.6168 4
    endloop
  endfacet
  facet normal -0 0 1
    outer loop
      vertex 37.1777 -1.69069 4
      vertex 43 -9 4
      vertex 37.3535 -1.66285 4
    endloop
  endfacet
  facet normal -0 0 1
    outer loop
      vertex 37 -1.7 4
      vertex 43 -9 4
      vertex 37.1777 -1.69069 4
    endloop
  endfacet
  facet normal 0 0 1
    outer loop
      vertex 36.8223 -1.69069 4
      vertex 43 -9 4
      vertex 37 -1.7 4
    endloop
  endfacet
  facet normal 0 0 1
    outer loop
      vertex 31.0111 -3.34415 4
      vertex 36.8223 -1.69069 4
      vertex 36.6465 -1.66285 4
    endloop
  endfacet
  facet normal 0 0 1
    outer loop
      vertex 31.3442 -3.01109 4
      vertex 36.6465 -1.66285 4
      vertex 36.4747 -1.6168 4
    endloop
  endfacet
  facet normal 0 0 1
    outer loop
      vertex 31.3442 -3.01109 4
      vertex 36.4747 -1.6168 4
      vertex 36.3085 -1.55303 4
    endloop
  endfacet
  facet normal 0 0 1
    outer loop
      vertex 31.6406 -2.64503 4
      vertex 36.3085 -1.55303 4
      vertex 36.15 -1.47224 4
    endloop
  endfacet
  facet normal 0 0 1
    outer loop
      vertex 31.8971 -2.25 4
      vertex 36.15 -1.47224 4
      vertex 36.0008 -1.37533 4
    endloop
  endfacet
  facet normal 0 0 1
    outer loop
      vertex 31.8971 -2.25 4
      vertex 36.0008 -1.37533 4
      vertex 35.8625 -1.26335 4
    endloop
  endfacet
  facet normal 0 0 1
    outer loop
      vertex 32.111 -1.83031 4
      vertex 35.8625 -1.26335 4
      vertex 35.7367 -1.13752 4
    endloop
  endfacet
  facet normal -0 0 1
    outer loop
      vertex 32.5 0 4
      vertex 35.3093 -0.177698 4
      vertex 35.3 0 4
    endloop
  endfacet
  facet normal 0 0 1
    outer loop
      vertex 32.4753 -0.470378 4
      vertex 35.3093 -0.177698 4
      vertex 32.5 0 4
    endloop
  endfacet
  facet normal 0 0 1
    outer loop
      vertex 35.3093 -0.177698 4
      vertex 32.4753 -0.470378 4
      vertex 35.3372 -0.35345 4
    endloop
  endfacet
  facet normal 0 0 1
    outer loop
      vertex 35.3372 -0.35345 4
      vertex 32.4753 -0.470378 4
      vertex 35.3832 -0.525329 4
    endloop
  endfacet
  facet normal 0 0 1
    outer loop
      vertex 32.4017 -0.935602 4
      vertex 35.3832 -0.525329 4
      vertex 32.4753 -0.470378 4
    endloop
  endfacet
  facet normal 0 0 1
    outer loop
      vertex 35.3832 -0.525329 4
      vertex 32.4017 -0.935602 4
      vertex 35.447 -0.691452 4
    endloop
  endfacet
  facet normal 0 0 1
    outer loop
      vertex 35.447 -0.691452 4
      vertex 32.4017 -0.935602 4
      vertex 35.5278 -0.849999 4
    endloop
  endfacet
  facet normal 0 0 1
    outer loop
      vertex 32.2798 -1.39058 4
      vertex 35.5278 -0.849999 4
      vertex 32.4017 -0.935602 4
    endloop
  endfacet
  facet normal 0 0 1
    outer loop
      vertex 35.5278 -0.849999 4
      vertex 32.2798 -1.39058 4
      vertex 35.6247 -0.999234 4
    endloop
  endfacet
  facet normal 0 0 1
    outer loop
      vertex 35.6247 -0.999234 4
      vertex 32.2798 -1.39058 4
      vertex 35.7367 -1.13752 4
    endloop
  endfacet
  facet normal 0 0 1
    outer loop
      vertex 32.111 -1.83031 4
      vertex 35.7367 -1.13752 4
      vertex 32.2798 -1.39058 4
    endloop
  endfacet
  facet normal 0 0 1
    outer loop
      vertex 35.8625 -1.26335 4
      vertex 32.111 -1.83031 4
      vertex 31.8971 -2.25 4
    endloop
  endfacet
  facet normal 0 0 1
    outer loop
      vertex 36.15 -1.47224 4
      vertex 31.8971 -2.25 4
      vertex 31.6406 -2.64503 4
    endloop
  endfacet
  facet normal 0 0 1
    outer loop
      vertex 36.3085 -1.55303 4
      vertex 31.6406 -2.64503 4
      vertex 31.3442 -3.01109 4
    endloop
  endfacet
  facet normal 0 0 1
    outer loop
      vertex 36.6465 -1.66285 4
      vertex 31.3442 -3.01109 4
      vertex 31.0111 -3.34415 4
    endloop
  endfacet
  facet normal 0 0 1
    outer loop
      vertex 36.8223 -1.69069 4
      vertex 31.0111 -3.34415 4
      vertex 43 -9 4
    endloop
  endfacet
  facet normal -0 0 1
    outer loop
      vertex 30.645 -3.64058 4
      vertex 43 -9 4
      vertex 31.0111 -3.34415 4
    endloop
  endfacet
  facet normal -0 0 1
    outer loop
      vertex 30.25 -3.89711 4
      vertex 43 -9 4
      vertex 30.645 -3.64058 4
    endloop
  endfacet
  facet normal -0 0 1
    outer loop
      vertex 29.8303 -4.11095 4
      vertex 43 -9 4
      vertex 30.25 -3.89711 4
    endloop
  endfacet
  facet normal -0 0 1
    outer loop
      vertex 29.3906 -4.27975 4
      vertex 43 -9 4
      vertex 29.8303 -4.11095 4
    endloop
  endfacet
  facet normal -0 0 1
    outer loop
      vertex 28.9356 -4.40166 4
      vertex 43 -9 4
      vertex 29.3906 -4.27975 4
    endloop
  endfacet
  facet normal -0 0 1
    outer loop
      vertex 28.4704 -4.47535 4
      vertex 43 -9 4
      vertex 28.9356 -4.40166 4
    endloop
  endfacet
  facet normal -0 0 1
    outer loop
      vertex 28 -4.5 4
      vertex 43 -9 4
      vertex 28.4704 -4.47535 4
    endloop
  endfacet
  facet normal 0 0 1
    outer loop
      vertex 27.5296 -4.47535 4
      vertex 43 -9 4
      vertex 28 -4.5 4
    endloop
  endfacet
  facet normal 0 0 1
    outer loop
      vertex 27.0644 -4.40166 4
      vertex 43 -9 4
      vertex 27.5296 -4.47535 4
    endloop
  endfacet
  facet normal 0 0 1
    outer loop
      vertex -27.0644 -4.40166 4
      vertex 27.0644 -4.40166 4
      vertex 26.6094 -4.27975 4
    endloop
  endfacet
  facet normal 0 0 1
    outer loop
      vertex 12 9 4
      vertex 23.5247 -0.470378 4
      vertex 23.5 0 4
    endloop
  endfacet
  facet normal 0 0 1
    outer loop
      vertex 12 9 4
      vertex 23.5983 -0.935602 4
      vertex 23.5247 -0.470378 4
    endloop
  endfacet
  facet normal 0 0 1
    outer loop
      vertex 12 9 4
      vertex 23.7202 -1.39058 4
      vertex 23.5983 -0.935602 4
    endloop
  endfacet
  facet normal 0 0 1
    outer loop
      vertex 12 9 4
      vertex 23.889 -1.83031 4
      vertex 23.7202 -1.39058 4
    endloop
  endfacet
  facet normal 0 0 1
    outer loop
      vertex 12 9 4
      vertex 24.1029 -2.25 4
      vertex 23.889 -1.83031 4
    endloop
  endfacet
  facet normal 0 0 1
    outer loop
      vertex -24.1029 -2.25 4
      vertex 24.1029 -2.25 4
      vertex 12 9 4
    endloop
  endfacet
  facet normal 0 0 1
    outer loop
      vertex 24.1029 -2.25 4
      vertex -24.1029 -2.25 4
      vertex 24.3594 -2.64503 4
    endloop
  endfacet
  facet normal 0 0 1
    outer loop
      vertex -24.3594 -2.64503 4
      vertex 24.3594 -2.64503 4
      vertex -24.1029 -2.25 4
    endloop
  endfacet
  facet normal 0 0 1
    outer loop
      vertex 32 88 4
      vertex 11.6629 105.647 4
      vertex 11.6168 105.475 4
    endloop
  endfacet
  facet normal -0 0 1
    outer loop
      vertex 11.553 105.309 4
      vertex 32 88 4
      vertex 11.6168 105.475 4
    endloop
  endfacet
  facet normal -0 0 1
    outer loop
      vertex 11.4722 105.15 4
      vertex 32 88 4
      vertex 11.553 105.309 4
    endloop
  endfacet
  facet normal -0 0 1
    outer loop
      vertex 11.3753 105.001 4
      vertex 32 88 4
      vertex 11.4722 105.15 4
    endloop
  endfacet
  facet normal 0 0 1
    outer loop
      vertex 32 88 4
      vertex 11.3753 105.001 4
      vertex 12 88 4
    endloop
  endfacet
  facet normal -0 0 1
    outer loop
      vertex 11.2633 104.862 4
      vertex 12 88 4
      vertex 11.3753 105.001 4
    endloop
  endfacet
  facet normal -0 0 1
    outer loop
      vertex 11.1375 104.737 4
      vertex 12 88 4
      vertex 11.2633 104.862 4
    endloop
  endfacet
  facet normal 0 0 1
    outer loop
      vertex 12 88 4
      vertex 11.1375 104.737 4
      vertex 7.7 96 4
    endloop
  endfacet
  facet normal 0 0 1
    outer loop
      vertex 7.7 96 4
      vertex 11.1375 104.737 4
      vertex 10.9992 104.625 4
    endloop
  endfacet
  facet normal 0 0 1
    outer loop
      vertex 7.7 96 4
      vertex 10.9992 104.625 4
      vertex 10.85 104.528 4
    endloop
  endfacet
  facet normal 0 0 1
    outer loop
      vertex 7.7 96 4
      vertex 10.85 104.528 4
      vertex 10.6915 104.447 4
    endloop
  endfacet
  facet normal 0 0 1
    outer loop
      vertex 7.7 96 4
      vertex 10.6915 104.447 4
      vertex 10.5253 104.383 4
    endloop
  endfacet
  facet normal 0 0 1
    outer loop
      vertex 7.7 96 4
      vertex 10.5253 104.383 4
      vertex 10.3534 104.337 4
    endloop
  endfacet
  facet normal 0 0 1
    outer loop
      vertex 7.7 96 4
      vertex 10.3534 104.337 4
      vertex 10.1777 104.309 4
    endloop
  endfacet
  facet normal 0 0 1
    outer loop
      vertex 7.7 96 4
      vertex 10.1777 104.309 4
      vertex 10 104.3 4
    endloop
  endfacet
  facet normal 0 0 1
    outer loop
      vertex 7.7 96 4
      vertex 10 104.3 4
      vertex 9.8223 104.309 4
    endloop
  endfacet
  facet normal 0 0 1
    outer loop
      vertex 7.7 96 4
      vertex 9.8223 104.309 4
      vertex 9.64655 104.337 4
    endloop
  endfacet
  facet normal 0 0 1
    outer loop
      vertex 7.7 96 4
      vertex 9.64655 104.337 4
      vertex 9.47467 104.383 4
    endloop
  endfacet
  facet normal 0 0 1
    outer loop
      vertex 7.7 96 4
      vertex 9.47467 104.383 4
      vertex 9.30855 104.447 4
    endloop
  endfacet
  facet normal 0 0 1
    outer loop
      vertex 7.7 96 4
      vertex 9.30855 104.447 4
      vertex 9.15 104.528 4
    endloop
  endfacet
  facet normal 0 0 1
    outer loop
      vertex 7.7 96 4
      vertex 9.15 104.528 4
      vertex 9.00076 104.625 4
    endloop
  endfacet
  facet normal 0 0 1
    outer loop
      vertex 7.7 96 4
      vertex 9.00076 104.625 4
      vertex 8.86248 104.737 4
    endloop
  endfacet
  facet normal 0 0 1
    outer loop
      vertex 7.7 96 4
      vertex 8.86248 104.737 4
      vertex 8.73665 104.862 4
    endloop
  endfacet
  facet normal 0 0 1
    outer loop
      vertex 7.7 96 4
      vertex 8.73665 104.862 4
      vertex 8.62467 105.001 4
    endloop
  endfacet
  facet normal 0 0 1
    outer loop
      vertex 7.7 96 4
      vertex 8.62467 105.001 4
      vertex 8.52776 105.15 4
    endloop
  endfacet
  facet normal 0 0 1
    outer loop
      vertex 7.7 96 4
      vertex 8.52776 105.15 4
      vertex 8.44697 105.309 4
    endloop
  endfacet
  facet normal 0 0 1
    outer loop
      vertex 7.7 96 4
      vertex 8.44697 105.309 4
      vertex 8.3832 105.475 4
    endloop
  endfacet
  facet normal 0 0 1
    outer loop
      vertex 7.7 96 4
      vertex 8.3832 105.475 4
      vertex 8.33715 105.647 4
    endloop
  endfacet
  facet normal 0 0 1
    outer loop
      vertex 7.7 96 4
      vertex 8.33715 105.647 4
      vertex 8.30931 105.822 4
    endloop
  endfacet
  facet normal 0 0 1
    outer loop
      vertex 7.7 96 4
      vertex 8.30931 105.822 4
      vertex 8.3 106 4
    endloop
  endfacet
  facet normal -0 0 1
    outer loop
      vertex 6.52533 114.383 4
      vertex 9.30855 107.553 4
      vertex 6.69145 114.447 4
    endloop
  endfacet
  facet normal 0 0 1
    outer loop
      vertex 12 88 4
      vertex 7.7 96 4
      vertex 7.69069 95.8223 4
    endloop
  endfacet
  facet normal 0 0 1
    outer loop
      vertex 12 88 4
      vertex 7.69069 95.8223 4
      vertex 7.66285 95.6465 4
    endloop
  endfacet
  facet normal 0 0 1
    outer loop
      vertex 12 88 4
      vertex 7.66285 95.6465 4
      vertex 7.6168 95.4747 4
    endloop
  endfacet
  facet normal -0 0 1
    outer loop
      vertex 7.55303 95.3085 4
      vertex 12 88 4
      vertex 7.6168 95.4747 4
    endloop
  endfacet
  facet normal -0 0 1
    outer loop
      vertex 7.47224 95.15 4
      vertex 12 88 4
      vertex 7.55303 95.3085 4
    endloop
  endfacet
  facet normal -0 0 1
    outer loop
      vertex 7.37533 95.0008 4
      vertex 12 88 4
      vertex 7.47224 95.15 4
    endloop
  endfacet
  facet normal -0 0 1
    outer loop
      vertex 7.26335 94.8625 4
      vertex 12 88 4
      vertex 7.37533 95.0008 4
    endloop
  endfacet
  facet normal -0 0 1
    outer loop
      vertex 7.13752 94.7367 4
      vertex 12 88 4
      vertex 7.26335 94.8625 4
    endloop
  endfacet
  facet normal -0 0 1
    outer loop
      vertex 6.99923 94.6247 4
      vertex 12 88 4
      vertex 7.13752 94.7367 4
    endloop
  endfacet
  facet normal -0 0 1
    outer loop
      vertex 6.85 94.5278 4
      vertex 12 88 4
      vertex 6.99923 94.6247 4
    endloop
  endfacet
  facet normal -0 0 1
    outer loop
      vertex 6.69145 94.447 4
      vertex 12 88 4
      vertex 6.85 94.5278 4
    endloop
  endfacet
  facet normal -0 0 1
    outer loop
      vertex 6.52533 94.3832 4
      vertex 12 88 4
      vertex 6.69145 94.447 4
    endloop
  endfacet
  facet normal -0 0 1
    outer loop
      vertex 6.35345 94.3372 4
      vertex 12 88 4
      vertex 6.52533 94.3832 4
    endloop
  endfacet
  facet normal -0 0 1
    outer loop
      vertex 6.1777 94.3093 4
      vertex 12 88 4
      vertex 6.35345 94.3372 4
    endloop
  endfacet
  facet normal -0 0 1
    outer loop
      vertex 6 94.3 4
      vertex 12 88 4
      vertex 6.1777 94.3093 4
    endloop
  endfacet
  facet normal 0 0 1
    outer loop
      vertex 5.8223 94.3093 4
      vertex 12 88 4
      vertex 6 94.3 4
    endloop
  endfacet
  facet normal 0 0 1
    outer loop
      vertex 5.64655 94.3372 4
      vertex 12 88 4
      vertex 5.8223 94.3093 4
    endloop
  endfacet
  facet normal 0 0 1
    outer loop
      vertex 5.47467 94.3832 4
      vertex 12 88 4
      vertex 5.64655 94.3372 4
    endloop
  endfacet
  facet normal 0 0 1
    outer loop
      vertex 5.30855 94.447 4
      vertex 12 88 4
      vertex 5.47467 94.3832 4
    endloop
  endfacet
  facet normal 0 0 1
    outer loop
      vertex 5.15 94.5278 4
      vertex 12 88 4
      vertex 5.30855 94.447 4
    endloop
  endfacet
  facet normal 0 0 1
    outer loop
      vertex 4.47535 62.4704 4
      vertex 12 88 4
      vertex 5.15 94.5278 4
    endloop
  endfacet
  facet normal 0 0 1
    outer loop
      vertex 4.47535 62.4704 4
      vertex 5.15 94.5278 4
      vertex 5.00076 94.6247 4
    endloop
  endfacet
  facet normal 0 0 1
    outer loop
      vertex 4.47535 62.4704 4
      vertex 5.00076 94.6247 4
      vertex 4.86248 94.7367 4
    endloop
  endfacet
  facet normal 0 0 1
    outer loop
      vertex 4.47535 62.4704 4
      vertex 4.86248 94.7367 4
      vertex 4.73665 94.8625 4
    endloop
  endfacet
  facet normal 0 0 1
    outer loop
      vertex 4.47535 62.4704 4
      vertex 4.73665 94.8625 4
      vertex 4.62467 95.0008 4
    endloop
  endfacet
  facet normal 0 0 1
    outer loop
      vertex 2.74064 94.7798 4
      vertex 4.62467 95.0008 4
      vertex 4.52776 95.15 4
    endloop
  endfacet
  facet normal 0 0 1
    outer loop
      vertex 4.47535 61.5296 4
      vertex 12 88 4
      vertex 4.5 62 4
    endloop
  endfacet
  facet normal 0 0 1
    outer loop
      vertex 12 88 4
      vertex 4.47535 61.5296 4
      vertex 12 9 4
    endloop
  endfacet
  facet normal -0 0 1
    outer loop
      vertex 4.47535 29.5296 4
      vertex 12 9 4
      vertex 4.5 30 4
    endloop
  endfacet
  facet normal -0 0 1
    outer loop
      vertex 4.40166 29.0644 4
      vertex 12 9 4
      vertex 4.47535 29.5296 4
    endloop
  endfacet
  facet normal -0 0 1
    outer loop
      vertex 4.27975 28.6094 4
      vertex 12 9 4
      vertex 4.40166 29.0644 4
    endloop
  endfacet
  facet normal -0 0 1
    outer loop
      vertex 4.11095 28.1697 4
      vertex 12 9 4
      vertex 4.27975 28.6094 4
    endloop
  endfacet
  facet normal -0 0 1
    outer loop
      vertex 3.89711 27.75 4
      vertex 12 9 4
      vertex 4.11095 28.1697 4
    endloop
  endfacet
  facet normal -0 0 1
    outer loop
      vertex 3.64058 27.355 4
      vertex 12 9 4
      vertex 3.89711 27.75 4
    endloop
  endfacet
  facet normal -0 0 1
    outer loop
      vertex 3.34415 26.9889 4
      vertex 12 9 4
      vertex 3.64058 27.355 4
    endloop
  endfacet
  facet normal -0 0 1
    outer loop
      vertex 3.01109 26.6558 4
      vertex 12 9 4
      vertex 3.34415 26.9889 4
    endloop
  endfacet
  facet normal -0 0 1
    outer loop
      vertex 2.64503 26.3594 4
      vertex 12 9 4
      vertex 3.01109 26.6558 4
    endloop
  endfacet
  facet normal -0 0 1
    outer loop
      vertex 2.25 26.1029 4
      vertex 12 9 4
      vertex 2.64503 26.3594 4
    endloop
  endfacet
  facet normal -0 0 1
    outer loop
      vertex 1.83031 25.889 4
      vertex 12 9 4
      vertex 2.25 26.1029 4
    endloop
  endfacet
  facet normal -0 0 1
    outer loop
      vertex 1.39058 25.7202 4
      vertex 12 9 4
      vertex 1.83031 25.889 4
    endloop
  endfacet
  facet normal -0 0 1
    outer loop
      vertex 0.935602 25.5983 4
      vertex 12 9 4
      vertex 1.39058 25.7202 4
    endloop
  endfacet
  facet normal -0 0 1
    outer loop
      vertex 0.470378 25.5247 4
      vertex 12 9 4
      vertex 0.935602 25.5983 4
    endloop
  endfacet
  facet normal -0 0 1
    outer loop
      vertex 0 25.5 4
      vertex 12 9 4
      vertex 0.470378 25.5247 4
    endloop
  endfacet
  facet normal 0 0 1
    outer loop
      vertex -12 9 4
      vertex 0 25.5 4
      vertex -0.470378 25.5247 4
    endloop
  endfacet
  facet normal 0 0 1
    outer loop
      vertex -12 9 4
      vertex -0.470378 25.5247 4
      vertex -0.935602 25.5983 4
    endloop
  endfacet
  facet normal 0 0 1
    outer loop
      vertex -12 9 4
      vertex -0.935602 25.5983 4
      vertex -1.39058 25.7202 4
    endloop
  endfacet
  facet normal 0 0 1
    outer loop
      vertex -12 9 4
      vertex -1.39058 25.7202 4
      vertex -1.83031 25.889 4
    endloop
  endfacet
  facet normal 0 0 1
    outer loop
      vertex -12 9 4
      vertex -1.83031 25.889 4
      vertex -2.25 26.1029 4
    endloop
  endfacet
  facet normal 0 0 1
    outer loop
      vertex -12 9 4
      vertex -2.25 26.1029 4
      vertex -2.64503 26.3594 4
    endloop
  endfacet
  facet normal 0 0 1
    outer loop
      vertex -12 9 4
      vertex -2.64503 26.3594 4
      vertex -3.01109 26.6558 4
    endloop
  endfacet
  facet normal 0 0 1
    outer loop
      vertex -12 9 4
      vertex -3.01109 26.6558 4
      vertex -3.34415 26.9889 4
    endloop
  endfacet
  facet normal 0 0 1
    outer loop
      vertex -3.89711 64.25 4
      vertex -12 88 4
      vertex -4.11095 63.8303 4
    endloop
  endfacet
  facet normal 0 0 1
    outer loop
      vertex -4.11095 63.8303 4
      vertex -12 88 4
      vertex -4.27975 63.3906 4
    endloop
  endfacet
  facet normal 0 0 1
    outer loop
      vertex -4.27975 63.3906 4
      vertex -12 88 4
      vertex -4.40166 62.9356 4
    endloop
  endfacet
  facet normal 0 0 1
    outer loop
      vertex -4.40166 62.9356 4
      vertex -12 88 4
      vertex -4.47535 62.4704 4
    endloop
  endfacet
  facet normal 0 0 1
    outer loop
      vertex -4.47535 62.4704 4
      vertex -12 88 4
      vertex -4.5 62 4
    endloop
  endfacet
  facet normal 0 0 1
    outer loop
      vertex -12 88 4
      vertex -5.15 94.5278 4
      vertex -5.30855 94.447 4
    endloop
  endfacet
  facet normal 0 0 1
    outer loop
      vertex -12 88 4
      vertex -5.30855 94.447 4
      vertex -5.47467 94.3832 4
    endloop
  endfacet
  facet normal 0 0 1
    outer loop
      vertex -12 88 4
      vertex -5.47467 94.3832 4
      vertex -5.64655 94.3372 4
    endloop
  endfacet
  facet normal 0 0 1
    outer loop
      vertex -12 88 4
      vertex -5.64655 94.3372 4
      vertex -5.8223 94.3093 4
    endloop
  endfacet
  facet normal 0 0 1
    outer loop
      vertex -12 88 4
      vertex -5.8223 94.3093 4
      vertex -6 94.3 4
    endloop
  endfacet
  facet normal 0 0 1
    outer loop
      vertex -12 88 4
      vertex -6 94.3 4
      vertex -6.1777 94.3093 4
    endloop
  endfacet
  facet normal 0 0 1
    outer loop
      vertex -12 88 4
      vertex -6.1777 94.3093 4
      vertex -6.35345 94.3372 4
    endloop
  endfacet
  facet normal 0 0 1
    outer loop
      vertex -12 88 4
      vertex -6.35345 94.3372 4
      vertex -6.52533 94.3832 4
    endloop
  endfacet
  facet normal 0 0 1
    outer loop
      vertex -12 88 4
      vertex -6.52533 94.3832 4
      vertex -6.69145 94.447 4
    endloop
  endfacet
  facet normal 0 0 1
    outer loop
      vertex -12 88 4
      vertex -6.69145 94.447 4
      vertex -6.85 94.5278 4
    endloop
  endfacet
  facet normal 0 0 1
    outer loop
      vertex -12 88 4
      vertex -6.85 94.5278 4
      vertex -6.99923 94.6247 4
    endloop
  endfacet
  facet normal 0 0 1
    outer loop
      vertex -12 88 4
      vertex -6.99923 94.6247 4
      vertex -7.13752 94.7367 4
    endloop
  endfacet
  facet normal 0 0 1
    outer loop
      vertex -12 88 4
      vertex -7.13752 94.7367 4
      vertex -7.26335 94.8625 4
    endloop
  endfacet
  facet normal 0 0 1
    outer loop
      vertex -12 88 4
      vertex -7.26335 94.8625 4
      vertex -7.37533 95.0008 4
    endloop
  endfacet
  facet normal 0 0 1
    outer loop
      vertex -12 88 4
      vertex -7.37533 95.0008 4
      vertex -7.47224 95.15 4
    endloop
  endfacet
  facet normal 0 0 1
    outer loop
      vertex -12 88 4
      vertex -7.47224 95.15 4
      vertex -7.55303 95.3085 4
    endloop
  endfacet
  facet normal 0 0 1
    outer loop
      vertex -12 88 4
      vertex -7.55303 95.3085 4
      vertex -7.6168 95.4747 4
    endloop
  endfacet
  facet normal 0 0 1
    outer loop
      vertex -12 88 4
      vertex -7.6168 95.4747 4
      vertex -7.66285 95.6465 4
    endloop
  endfacet
  facet normal 0 0 1
    outer loop
      vertex -12 88 4
      vertex -7.66285 95.6465 4
      vertex -7.69069 95.8223 4
    endloop
  endfacet
  facet normal 0 0 1
    outer loop
      vertex -12 88 4
      vertex -7.69069 95.8223 4
      vertex -7.7 96 4
    endloop
  endfacet
  facet normal -0 0 1
    outer loop
      vertex -9.47467 104.383 4
      vertex -6.69145 97.553 4
      vertex -9.30855 104.447 4
    endloop
  endfacet
  facet normal 0 0 1
    outer loop
      vertex -6.69145 97.553 4
      vertex -9.47467 104.383 4
      vertex -6.85 97.4722 4
    endloop
  endfacet
  facet normal -0 0 1
    outer loop
      vertex -9.64655 104.337 4
      vertex -6.85 97.4722 4
      vertex -9.47467 104.383 4
    endloop
  endfacet
  facet normal 0 0 1
    outer loop
      vertex -6.85 97.4722 4
      vertex -9.64655 104.337 4
      vertex -6.99923 97.3753 4
    endloop
  endfacet
  facet normal -0 0 1
    outer loop
      vertex -9.8223 104.309 4
      vertex -6.99923 97.3753 4
      vertex -9.64655 104.337 4
    endloop
  endfacet
  facet normal 0 0 1
    outer loop
      vertex -4.47535 61.5296 4
      vertex -12 88 4
      vertex -12 9 4
    endloop
  endfacet
  facet normal 0 0 1
    outer loop
      vertex -6.99923 97.3753 4
      vertex -9.8223 104.309 4
      vertex -7.13752 97.2633 4
    endloop
  endfacet
  facet normal -0 0 1
    outer loop
      vertex -10 104.3 4
      vertex -7.13752 97.2633 4
      vertex -9.8223 104.309 4
    endloop
  endfacet
  facet normal 0 0 1
    outer loop
      vertex -7.13752 97.2633 4
      vertex -10 104.3 4
      vertex -7.26335 97.1375 4
    endloop
  endfacet
  facet normal 0 0 1
    outer loop
      vertex -10.1777 104.309 4
      vertex -7.26335 97.1375 4
      vertex -10 104.3 4
    endloop
  endfacet
  facet normal 0 0 1
    outer loop
      vertex -7.26335 97.1375 4
      vertex -10.1777 104.309 4
      vertex -7.37533 96.9992 4
    endloop
  endfacet
  facet normal 0 0 1
    outer loop
      vertex -10.3534 104.337 4
      vertex -7.37533 96.9992 4
      vertex -10.1777 104.309 4
    endloop
  endfacet
  facet normal 0 0 1
    outer loop
      vertex -7.37533 96.9992 4
      vertex -10.3534 104.337 4
      vertex -7.47224 96.85 4
    endloop
  endfacet
  facet normal 0 0 1
    outer loop
      vertex -10.5253 104.383 4
      vertex -7.47224 96.85 4
      vertex -10.3534 104.337 4
    endloop
  endfacet
  facet normal 0 0 1
    outer loop
      vertex -7.47224 96.85 4
      vertex -10.5253 104.383 4
      vertex -7.55303 96.6915 4
    endloop
  endfacet
  facet normal 0 0 1
    outer loop
      vertex -10.6915 104.447 4
      vertex -7.55303 96.6915 4
      vertex -10.5253 104.383 4
    endloop
  endfacet
  facet normal 0 0 1
    outer loop
      vertex -7.55303 96.6915 4
      vertex -10.6915 104.447 4
      vertex -7.6168 96.5253 4
    endloop
  endfacet
  facet normal 0 0 1
    outer loop
      vertex -10.85 104.528 4
      vertex -7.6168 96.5253 4
      vertex -10.6915 104.447 4
    endloop
  endfacet
  facet normal 0 0 1
    outer loop
      vertex -7.6168 96.5253 4
      vertex -10.85 104.528 4
      vertex -7.66285 96.3534 4
    endloop
  endfacet
  facet normal 0 0 1
    outer loop
      vertex -10.9992 104.625 4
      vertex -7.66285 96.3534 4
      vertex -10.85 104.528 4
    endloop
  endfacet
  facet normal 0 0 1
    outer loop
      vertex -7.66285 96.3534 4
      vertex -10.9992 104.625 4
      vertex -7.69069 96.1777 4
    endloop
  endfacet
  facet normal 0 0 1
    outer loop
      vertex -11.1375 104.737 4
      vertex -7.69069 96.1777 4
      vertex -10.9992 104.625 4
    endloop
  endfacet
  facet normal 0 0 1
    outer loop
      vertex -7.69069 96.1777 4
      vertex -11.1375 104.737 4
      vertex -7.7 96 4
    endloop
  endfacet
  facet normal 0 0 1
    outer loop
      vertex -7.7 96 4
      vertex -11.1375 104.737 4
      vertex -12 88 4
    endloop
  endfacet
  facet normal 0 0 1
    outer loop
      vertex -12 88 4
      vertex -11.1375 104.737 4
      vertex -11.2633 104.862 4
    endloop
  endfacet
  facet normal 0 0 1
    outer loop
      vertex -12 88 4
      vertex -11.2633 104.862 4
      vertex -11.3753 105.001 4
    endloop
  endfacet
  facet normal 0 0 1
    outer loop
      vertex -12 88 4
      vertex -11.3753 105.001 4
      vertex -11.4722 105.15 4
    endloop
  endfacet
  facet normal 0 0 1
    outer loop
      vertex -12 88 4
      vertex -11.4722 105.15 4
      vertex -11.553 105.309 4
    endloop
  endfacet
  facet normal 0 0 1
    outer loop
      vertex -12 88 4
      vertex -11.553 105.309 4
      vertex -11.6168 105.475 4
    endloop
  endfacet
  facet normal 0 0 1
    outer loop
      vertex -11.6907 105.822 4
      vertex -32 88 4
      vertex -11.6629 105.647 4
    endloop
  endfacet
  facet normal 0 0 1
    outer loop
      vertex -32 88 4
      vertex -11.6907 105.822 4
      vertex -32 120 4
    endloop
  endfacet
  facet normal 0 0 1
    outer loop
      vertex -32 120 4
      vertex -11.6907 105.822 4
      vertex -11.7 106 4
    endloop
  endfacet
  facet normal 0 0 1
    outer loop
      vertex -4.47535 30.4704 4
      vertex -12 9 4
      vertex -4.5 30 4
    endloop
  endfacet
  facet normal 0 0 1
    outer loop
      vertex -4.5 30 4
      vertex -12 9 4
      vertex -4.47535 29.5296 4
    endloop
  endfacet
  facet normal 0 0 1
    outer loop
      vertex -12 9 4
      vertex -4.40166 29.0644 4
      vertex -4.47535 29.5296 4
    endloop
  endfacet
  facet normal 0 0 1
    outer loop
      vertex -12 9 4
      vertex -4.27975 28.6094 4
      vertex -4.40166 29.0644 4
    endloop
  endfacet
  facet normal 0 0 1
    outer loop
      vertex -12 9 4
      vertex -4.11095 28.1697 4
      vertex -4.27975 28.6094 4
    endloop
  endfacet
  facet normal 0 0 1
    outer loop
      vertex -12 9 4
      vertex -3.89711 27.75 4
      vertex -4.11095 28.1697 4
    endloop
  endfacet
  facet normal 0 0 1
    outer loop
      vertex -12 9 4
      vertex -3.64058 27.355 4
      vertex -3.89711 27.75 4
    endloop
  endfacet
  facet normal 0 0 1
    outer loop
      vertex -12 9 4
      vertex -3.34415 26.9889 4
      vertex -3.64058 27.355 4
    endloop
  endfacet
  facet normal 0 0 1
    outer loop
      vertex 0 25.5 4
      vertex -12 9 4
      vertex 12 9 4
    endloop
  endfacet
  facet normal 0 0 1
    outer loop
      vertex -24.1029 -2.25 4
      vertex 12 9 4
      vertex -12 9 4
    endloop
  endfacet
  facet normal 0 0 1
    outer loop
      vertex 24.3594 -2.64503 4
      vertex -24.3594 -2.64503 4
      vertex 24.6558 -3.01109 4
    endloop
  endfacet
  facet normal 0 0 1
    outer loop
      vertex -24.6558 -3.01109 4
      vertex 24.6558 -3.01109 4
      vertex -24.3594 -2.64503 4
    endloop
  endfacet
  facet normal 0 0 1
    outer loop
      vertex 24.6558 -3.01109 4
      vertex -24.6558 -3.01109 4
      vertex 24.9889 -3.34415 4
    endloop
  endfacet
  facet normal 0 0 1
    outer loop
      vertex -24.9889 -3.34415 4
      vertex 24.9889 -3.34415 4
      vertex -24.6558 -3.01109 4
    endloop
  endfacet
  facet normal 0 0 1
    outer loop
      vertex -23.5247 -0.470378 4
      vertex -12 9 4
      vertex -23.5 0 4
    endloop
  endfacet
  facet normal 0 0 1
    outer loop
      vertex -23.5983 -0.935602 4
      vertex -12 9 4
      vertex -23.5247 -0.470378 4
    endloop
  endfacet
  facet normal 0 0 1
    outer loop
      vertex -23.7202 -1.39058 4
      vertex -12 9 4
      vertex -23.5983 -0.935602 4
    endloop
  endfacet
  facet normal 0 0 1
    outer loop
      vertex -23.889 -1.83031 4
      vertex -12 9 4
      vertex -23.7202 -1.39058 4
    endloop
  endfacet
  facet normal 0 0 1
    outer loop
      vertex -24.1029 -2.25 4
      vertex -12 9 4
      vertex -23.889 -1.83031 4
    endloop
  endfacet
  facet normal 0 0 1
    outer loop
      vertex 24.9889 -3.34415 4
      vertex -24.9889 -3.34415 4
      vertex 25.355 -3.64058 4
    endloop
  endfacet
  facet normal 0 0 1
    outer loop
      vertex -25.355 -3.64058 4
      vertex 25.355 -3.64058 4
      vertex -24.9889 -3.34415 4
    endloop
  endfacet
  facet normal 0 0 1
    outer loop
      vertex 25.355 -3.64058 4
      vertex -25.355 -3.64058 4
      vertex 25.75 -3.89711 4
    endloop
  endfacet
  facet normal 0 0 1
    outer loop
      vertex -25.75 -3.89711 4
      vertex 25.75 -3.89711 4
      vertex -25.355 -3.64058 4
    endloop
  endfacet
  facet normal 0 0 1
    outer loop
      vertex 25.75 -3.89711 4
      vertex -25.75 -3.89711 4
      vertex 26.1697 -4.11095 4
    endloop
  endfacet
  facet normal 0 0 1
    outer loop
      vertex -26.1697 -4.11095 4
      vertex 26.1697 -4.11095 4
      vertex -25.75 -3.89711 4
    endloop
  endfacet
  facet normal 0 0 1
    outer loop
      vertex 26.1697 -4.11095 4
      vertex -26.1697 -4.11095 4
      vertex 26.6094 -4.27975 4
    endloop
  endfacet
  facet normal 0 0 1
    outer loop
      vertex -26.6094 -4.27975 4
      vertex 26.6094 -4.27975 4
      vertex -26.1697 -4.11095 4
    endloop
  endfacet
  facet normal 0 0 1
    outer loop
      vertex -27.0644 -4.40166 4
      vertex 26.6094 -4.27975 4
      vertex -26.6094 -4.27975 4
    endloop
  endfacet
  facet normal 0 0 1
    outer loop
      vertex 27.0644 -4.40166 4
      vertex -27.0644 -4.40166 4
      vertex 43 -9 4
    endloop
  endfacet
  facet normal 0 0 1
    outer loop
      vertex -43 -9 4
      vertex -27.0644 -4.40166 4
      vertex -27.5296 -4.47535 4
    endloop
  endfacet
  facet normal 0 0 1
    outer loop
      vertex -43 -9 4
      vertex -27.5296 -4.47535 4
      vertex -28 -4.5 4
    endloop
  endfacet
  facet normal 0 0 1
    outer loop
      vertex -43 -9 4
      vertex -28 -4.5 4
      vertex -28.4704 -4.47535 4
    endloop
  endfacet
  facet normal 0 0 1
    outer loop
      vertex -35.3093 -0.177698 4
      vertex -32.5 0 4
      vertex -35.3 0 4
    endloop
  endfacet
  facet normal 0 0 1
    outer loop
      vertex -32.5 0 4
      vertex -35.3093 -0.177698 4
      vertex -32.4753 -0.470378 4
    endloop
  endfacet
  facet normal -0 0 1
    outer loop
      vertex -35.3372 -0.35345 4
      vertex -32.4753 -0.470378 4
      vertex -35.3093 -0.177698 4
    endloop
  endfacet
  facet normal 0 0 1
    outer loop
      vertex -35.3832 -0.525329 4
      vertex -32.4753 -0.470378 4
      vertex -35.3372 -0.35345 4
    endloop
  endfacet
  facet normal 0 0 1
    outer loop
      vertex -32.4753 -0.470378 4
      vertex -35.3832 -0.525329 4
      vertex -32.4017 -0.935602 4
    endloop
  endfacet
  facet normal -0 0 1
    outer loop
      vertex -35.447 -0.691452 4
      vertex -32.4017 -0.935602 4
      vertex -35.3832 -0.525329 4
    endloop
  endfacet
  facet normal -0 0 1
    outer loop
      vertex -35.5278 -0.849999 4
      vertex -32.4017 -0.935602 4
      vertex -35.447 -0.691452 4
    endloop
  endfacet
  facet normal 0 0 1
    outer loop
      vertex -32.4017 -0.935602 4
      vertex -35.5278 -0.849999 4
      vertex -32.2798 -1.39058 4
    endloop
  endfacet
  facet normal -0 0 1
    outer loop
      vertex -35.6247 -0.999234 4
      vertex -32.2798 -1.39058 4
      vertex -35.5278 -0.849999 4
    endloop
  endfacet
  facet normal 0 0 1
    outer loop
      vertex -32.2798 -1.39058 4
      vertex -35.6247 -0.999234 4
      vertex -32.111 -1.83031 4
    endloop
  endfacet
  facet normal -0 0 1
    outer loop
      vertex -35.7367 -1.13752 4
      vertex -32.111 -1.83031 4
      vertex -35.6247 -0.999234 4
    endloop
  endfacet
  facet normal -0 0 1
    outer loop
      vertex -35.8625 -1.26335 4
      vertex -32.111 -1.83031 4
      vertex -35.7367 -1.13752 4
    endloop
  endfacet
  facet normal 0 0 1
    outer loop
      vertex -32.111 -1.83031 4
      vertex -35.8625 -1.26335 4
      vertex -31.8971 -2.25 4
    endloop
  endfacet
  facet normal -0 0 1
    outer loop
      vertex -36.0008 -1.37533 4
      vertex -31.8971 -2.25 4
      vertex -35.8625 -1.26335 4
    endloop
  endfacet
  facet normal -0 0 1
    outer loop
      vertex -36.15 -1.47224 4
      vertex -31.8971 -2.25 4
      vertex -36.0008 -1.37533 4
    endloop
  endfacet
  facet normal 0 0 1
    outer loop
      vertex -31.8971 -2.25 4
      vertex -36.15 -1.47224 4
      vertex -31.6406 -2.64503 4
    endloop
  endfacet
  facet normal -0 0 1
    outer loop
      vertex -36.3085 -1.55303 4
      vertex -31.6406 -2.64503 4
      vertex -36.15 -1.47224 4
    endloop
  endfacet
  facet normal 0 0 1
    outer loop
      vertex -31.6406 -2.64503 4
      vertex -36.3085 -1.55303 4
      vertex -31.3442 -3.01109 4
    endloop
  endfacet
  facet normal -0 0 1
    outer loop
      vertex -36.4747 -1.6168 4
      vertex -31.3442 -3.01109 4
      vertex -36.3085 -1.55303 4
    endloop
  endfacet
  facet normal -0 0 1
    outer loop
      vertex -36.6465 -1.66285 4
      vertex -31.3442 -3.01109 4
      vertex -36.4747 -1.6168 4
    endloop
  endfacet
  facet normal 0 0 1
    outer loop
      vertex -31.3442 -3.01109 4
      vertex -36.6465 -1.66285 4
      vertex -31.0111 -3.34415 4
    endloop
  endfacet
  facet normal -0 0 1
    outer loop
      vertex -36.8223 -1.69069 4
      vertex -31.0111 -3.34415 4
      vertex -36.6465 -1.66285 4
    endloop
  endfacet
  facet normal 0 0 1
    outer loop
      vertex -43 -9 4
      vertex -31.0111 -3.34415 4
      vertex -36.8223 -1.69069 4
    endloop
  endfacet
  facet normal 0 0 1
    outer loop
      vertex -30.645 -3.64058 4
      vertex -43 -9 4
      vertex -30.25 -3.89711 4
    endloop
  endfacet
  facet normal 0 0 1
    outer loop
      vertex -30.25 -3.89711 4
      vertex -43 -9 4
      vertex -29.8303 -4.11095 4
    endloop
  endfacet
  facet normal 0 0 1
    outer loop
      vertex -31.0111 -3.34415 4
      vertex -43 -9 4
      vertex -30.645 -3.64058 4
    endloop
  endfacet
  facet normal 0 0 1
    outer loop
      vertex -43 -9 4
      vertex -36.8223 -1.69069 4
      vertex -37 -1.7 4
    endloop
  endfacet
  facet normal 0 0 1
    outer loop
      vertex -43 -9 4
      vertex -37 -1.7 4
      vertex -37.1777 -1.69069 4
    endloop
  endfacet
  facet normal 0 0 1
    outer loop
      vertex -43 -9 4
      vertex -37.1777 -1.69069 4
      vertex -37.3535 -1.66285 4
    endloop
  endfacet
  facet normal 0 0 1
    outer loop
      vertex -43 -9 4
      vertex -37.3535 -1.66285 4
      vertex -37.5253 -1.6168 4
    endloop
  endfacet
  facet normal 0 0 1
    outer loop
      vertex -43 -9 4
      vertex -38.7 0 4
      vertex -43 9 4
    endloop
  endfacet
  facet normal 0 0 1
    outer loop
      vertex -38.7 0 4
      vertex -43 -9 4
      vertex -38.6907 -0.177698 4
    endloop
  endfacet
  facet normal 0 0 1
    outer loop
      vertex -38.6907 -0.177698 4
      vertex -43 -9 4
      vertex -38.6628 -0.35345 4
    endloop
  endfacet
  facet normal 0 0 1
    outer loop
      vertex -38.6628 -0.35345 4
      vertex -43 -9 4
      vertex -38.6168 -0.525329 4
    endloop
  endfacet
  facet normal 0 0 1
    outer loop
      vertex -27.0644 -4.40166 4
      vertex -43 -9 4
      vertex 43 -9 4
    endloop
  endfacet
  facet normal 0 0 1
    outer loop
      vertex -28.9356 -4.40166 4
      vertex -43 -9 4
      vertex -28.4704 -4.47535 4
    endloop
  endfacet
  facet normal 0 0 1
    outer loop
      vertex -29.3906 -4.27975 4
      vertex -43 -9 4
      vertex -28.9356 -4.40166 4
    endloop
  endfacet
  facet normal 0 0 1
    outer loop
      vertex -29.8303 -4.11095 4
      vertex -43 -9 4
      vertex -29.3906 -4.27975 4
    endloop
  endfacet
  facet normal 0 0 1
    outer loop
      vertex -37.6915 -1.55303 4
      vertex -43 -9 4
      vertex -37.5253 -1.6168 4
    endloop
  endfacet
  facet normal 0 0 1
    outer loop
      vertex -37.85 -1.47224 4
      vertex -43 -9 4
      vertex -37.6915 -1.55303 4
    endloop
  endfacet
  facet normal 0 0 1
    outer loop
      vertex -37.9992 -1.37533 4
      vertex -43 -9 4
      vertex -37.85 -1.47224 4
    endloop
  endfacet
  facet normal 0 0 1
    outer loop
      vertex -38.1375 -1.26335 4
      vertex -43 -9 4
      vertex -37.9992 -1.37533 4
    endloop
  endfacet
  facet normal 0 0 1
    outer loop
      vertex -38.2633 -1.13752 4
      vertex -43 -9 4
      vertex -38.1375 -1.26335 4
    endloop
  endfacet
  facet normal 0 0 1
    outer loop
      vertex -38.3753 -0.999234 4
      vertex -43 -9 4
      vertex -38.2633 -1.13752 4
    endloop
  endfacet
  facet normal 0 0 1
    outer loop
      vertex -38.4722 -0.849999 4
      vertex -43 -9 4
      vertex -38.3753 -0.999234 4
    endloop
  endfacet
  facet normal 0 0 1
    outer loop
      vertex -38.553 -0.691452 4
      vertex -43 -9 4
      vertex -38.4722 -0.849999 4
    endloop
  endfacet
  facet normal 0 0 1
    outer loop
      vertex -38.6168 -0.525329 4
      vertex -43 -9 4
      vertex -38.553 -0.691452 4
    endloop
  endfacet
  facet normal 0 1 -0
    outer loop
      vertex 43 9 0
      vertex 12 9 4
      vertex 43 9 4
    endloop
  endfacet
  facet normal 0 1 0
    outer loop
      vertex 12 9 4
      vertex 43 9 0
      vertex 12 9 0
    endloop
  endfacet
  facet normal 1 -0 0
    outer loop
      vertex 12 9 4
      vertex 12 88 0
      vertex 12 88 4
    endloop
  endfacet
  facet normal 1 0 0
    outer loop
      vertex 12 88 0
      vertex 12 9 4
      vertex 12 9 0
    endloop
  endfacet
  facet normal 0 -1 0
    outer loop
      vertex 12 88 0
      vertex 32 88 4
      vertex 12 88 4
    endloop
  endfacet
  facet normal 0 -1 -0
    outer loop
      vertex 32 88 4
      vertex 12 88 0
      vertex 32 88 0
    endloop
  endfacet
  facet normal 1 -0 0
    outer loop
      vertex 32 88 4
      vertex 32 120 0
      vertex 32 120 4
    endloop
  endfacet
  facet normal 1 0 0
    outer loop
      vertex 32 120 0
      vertex 32 88 4
      vertex 32 88 0
    endloop
  endfacet
  facet normal 0 1 -0
    outer loop
      vertex 32 120 0
      vertex -32 120 4
      vertex 32 120 4
    endloop
  endfacet
  facet normal 0 1 0
    outer loop
      vertex -32 120 4
      vertex 32 120 0
      vertex -32 120 0
    endloop
  endfacet
  facet normal -1 0 0
    outer loop
      vertex -32 88 0
      vertex -32 120 4
      vertex -32 120 0
    endloop
  endfacet
  facet normal -1 -0 0
    outer loop
      vertex -32 120 4
      vertex -32 88 0
      vertex -32 88 4
    endloop
  endfacet
  facet normal 0 -1 0
    outer loop
      vertex -32 88 0
      vertex -12 88 4
      vertex -32 88 4
    endloop
  endfacet
  facet normal 0 -1 -0
    outer loop
      vertex -12 88 4
      vertex -32 88 0
      vertex -12 88 0
    endloop
  endfacet
  facet normal -1 0 0
    outer loop
      vertex -12 9 0
      vertex -12 88 4
      vertex -12 88 0
    endloop
  endfacet
  facet normal -1 -0 0
    outer loop
      vertex -12 88 4
      vertex -12 9 0
      vertex -12 9 4
    endloop
  endfacet
  facet normal 0 1 -0
    outer loop
      vertex -12 9 0
      vertex -43 9 4
      vertex -12 9 4
    endloop
  endfacet
  facet normal 0 1 0
    outer loop
      vertex -43 9 4
      vertex -12 9 0
      vertex -43 9 0
    endloop
  endfacet
  facet normal -1 0 0
    outer loop
      vertex -43 -9 0
      vertex -43 9 4
      vertex -43 9 0
    endloop
  endfacet
  facet normal -1 -0 0
    outer loop
      vertex -43 9 4
      vertex -43 -9 0
      vertex -43 -9 4
    endloop
  endfacet
  facet normal 0 -1 0
    outer loop
      vertex -43 -9 0
      vertex 43 -9 4
      vertex -43 -9 4
    endloop
  endfacet
  facet normal 0 -1 -0
    outer loop
      vertex 43 -9 4
      vertex -43 -9 0
      vertex 43 -9 0
    endloop
  endfacet
  facet normal 1 -0 0
    outer loop
      vertex 43 -9 4
      vertex 43 9 0
      vertex 43 9 4
    endloop
  endfacet
  facet normal 1 0 0
    outer loop
      vertex 43 9 0
      vertex 43 -9 4
      vertex 43 -9 0
    endloop
  endfacet
endsolid OpenSCAD_Model
