solid OpenSCAD_Model
  facet normal -0 0 -1
    outer loop
      vertex 94.63 1.54999 0
      vertex 92.87 0.12999 0
      vertex 95 3.81 0
    endloop
  endfacet
  facet normal 0 -0 -1
    outer loop
      vertex 11.596 93.904 0
      vertex 11.8423 94.225 0
      vertex 11.3423 85.775 0
    endloop
  endfacet
  facet normal -0 0 -1
    outer loop
      vertex 92.87 0.12999 0
      vertex 90.56 0 0
      vertex 95 3.81 0
    endloop
  endfacet
  facet normal 0 0 -1
    outer loop
      vertex 85.596 96.096 0
      vertex 85.275 96.3423 0
      vertex 86.5 99.5 0
    endloop
  endfacet
  facet normal 0 0 -1
    outer loop
      vertex 14.5 114.5 0
      vertex 47.5 123 0
      vertex 14.5 109.5 0
    endloop
  endfacet
  facet normal 0 -0 -1
    outer loop
      vertex 18.6225 187.85 0
      vertex 19.2423 187.042 0
      vertex 16 165.532 0
    endloop
  endfacet
  facet normal 0 0 -1
    outer loop
      vertex 28.3972 193.701 0
      vertex 45.5681 199.482 0
      vertex 45.7679 199 0
    endloop
  endfacet
  facet normal 0 -0 -1
    outer loop
      vertex 0.369995 203.45 0
      vertex 2.12999 204.87 0
      vertex 0 201.19 0
    endloop
  endfacet
  facet normal 0 0 -1
    outer loop
      vertex 92.58 204.94 0
      vertex 94.47 203.7 0
      vertex 95 201.48 0
    endloop
  endfacet
  facet normal 0 0 -1
    outer loop
      vertex 83.1577 129.775 0
      vertex 48.7557 139.036 0
      vertex 83.404 130.096 0
    endloop
  endfacet
  facet normal 0 -0 -1
    outer loop
      vertex 48.9142 198.586 0
      vertex 77.8028 187.499 0
      vertex 48.5 198.268 0
    endloop
  endfacet
  facet normal 0 0 -1
    outer loop
      vertex 90.27 205 0
      vertex 92.58 204.94 0
      vertex 95 201.48 0
    endloop
  endfacet
  facet normal -0 0 -1
    outer loop
      vertex 46.9824 198.068 0
      vertex 28.2423 192.525 0
      vertex 46.5 198.268 0
    endloop
  endfacet
  facet normal 0 0 -1
    outer loop
      vertex 0 201.19 0
      vertex 2.12999 204.87 0
      vertex 4.43999 205 0
    endloop
  endfacet
  facet normal 0 0 -1
    outer loop
      vertex 77.9577 160.775 0
      vertex 78.204 186.804 0
      vertex 78.204 161.096 0
    endloop
  endfacet
  facet normal -0 0 -1
    outer loop
      vertex 46.2443 139.036 0
      vertex 46.2 138.7 0
      vertex 29.8423 144.025 0
    endloop
  endfacet
  facet normal 0 0 -1
    outer loop
      vertex 5 96.55 0
      vertex 9.00281 95.4012 0
      vertex 8.95 95 0
    endloop
  endfacet
  facet normal 0 0 -1
    outer loop
      vertex 48.15 137.574 0
      vertex 47.5 131 0
      vertex 47.8365 137.444 0
    endloop
  endfacet
  facet normal 0 0 -1
    outer loop
      vertex 80.5 99.5 0
      vertex 84.0988 96.4972 0
      vertex 83.725 96.3423 0
    endloop
  endfacet
  facet normal 0 0 -1
    outer loop
      vertex 8.5 99.5 0
      vertex 10.0988 96.4972 0
      vertex 9.72499 96.3423 0
    endloop
  endfacet
  facet normal 0 0 -1
    outer loop
      vertex 8.90398 86.096 0
      vertex 4.45999 94.46 0
      vertex 9.22499 86.3423 0
    endloop
  endfacet
  facet normal 0 -0 -1
    outer loop
      vertex 85.8423 94.225 0
      vertex 90.33 94.66 0
      vertex 85.596 93.904 0
    endloop
  endfacet
  facet normal 0 0 -1
    outer loop
      vertex 11.096 86.096 0
      vertex 11.596 93.904 0
      vertex 11.3423 85.775 0
    endloop
  endfacet
  facet normal -0 0 -1
    outer loop
      vertex 83.6577 85.775 0
      vertex 83.5028 85.4012 0
      vertex 83.1577 94.225 0
    endloop
  endfacet
  facet normal 0 0 -1
    outer loop
      vertex 0 3.51999 0
      vertex 2.42 0.0599976 0
      vertex 0.529999 1.29999 0
    endloop
  endfacet
  facet normal 0 0 -1
    outer loop
      vertex 0 3.51999 0
      vertex 4.73 0 0
      vertex 2.42 0.0599976 0
    endloop
  endfacet
  facet normal 0 0 -1
    outer loop
      vertex 85.4012 86.4972 0
      vertex 84.9012 93.5028 0
      vertex 85.275 93.6577 0
    endloop
  endfacet
  facet normal 0 0 -1
    outer loop
      vertex 25.9 189.8 0
      vertex 27.3012 191.803 0
      vertex 27.675 191.958 0
    endloop
  endfacet
  facet normal 0 0 -1
    outer loop
      vertex 27.996 194.396 0
      vertex 45.5 200 0
      vertex 28.2423 194.075 0
    endloop
  endfacet
  facet normal 0 0 -1
    outer loop
      vertex 28.3972 192.899 0
      vertex 28.45 193.3 0
      vertex 46.0858 198.586 0
    endloop
  endfacet
  facet normal 0 0 -1
    outer loop
      vertex 47.5 202 0
      vertex 90.27 205 0
      vertex 48.0176 201.932 0
    endloop
  endfacet
  facet normal 0 0 -1
    outer loop
      vertex 25.5576 192.525 0
      vertex 24.7577 192.558 0
      vertex 25.4028 192.899 0
    endloop
  endfacet
  facet normal 0 0 -1
    outer loop
      vertex 27.675 194.642 0
      vertex 45.7679 201 0
      vertex 45.5681 200.518 0
    endloop
  endfacet
  facet normal 0 0 -1
    outer loop
      vertex 27.675 194.642 0
      vertex 27.3012 194.797 0
      vertex 45.7679 201 0
    endloop
  endfacet
  facet normal -0 0 -1
    outer loop
      vertex 45.7679 201 0
      vertex 27.3012 194.797 0
      vertex 46.0858 201.414 0
    endloop
  endfacet
  facet normal 0 0 -1
    outer loop
      vertex 46.0858 201.414 0
      vertex 27.3012 194.797 0
      vertex 26.9 194.85 0
    endloop
  endfacet
  facet normal 0 0 -1
    outer loop
      vertex 4.43999 205 0
      vertex 46.0858 201.414 0
      vertex 26.9 194.85 0
    endloop
  endfacet
  facet normal 0 0 -1
    outer loop
      vertex 24.7577 192.558 0
      vertex 23.95 193.177 0
      vertex 25.35 193.3 0
    endloop
  endfacet
  facet normal 0 0 -1
    outer loop
      vertex 46.0858 201.414 0
      vertex 4.43999 205 0
      vertex 46.5 201.732 0
    endloop
  endfacet
  facet normal 0 0 -1
    outer loop
      vertex 46.5 201.732 0
      vertex 4.43999 205 0
      vertex 46.9824 201.932 0
    endloop
  endfacet
  facet normal 0 0 -1
    outer loop
      vertex 46.9824 201.932 0
      vertex 4.43999 205 0
      vertex 47.5 202 0
    endloop
  endfacet
  facet normal 0 0 -1
    outer loop
      vertex 47.5 202 0
      vertex 4.43999 205 0
      vertex 90.27 205 0
    endloop
  endfacet
  facet normal 0 0 -1
    outer loop
      vertex 48.0176 201.932 0
      vertex 90.27 205 0
      vertex 48.5 201.732 0
    endloop
  endfacet
  facet normal 0 0 -1
    outer loop
      vertex 48.5 201.732 0
      vertex 90.27 205 0
      vertex 48.9142 201.414 0
    endloop
  endfacet
  facet normal 0 0 -1
    outer loop
      vertex 48.9142 201.414 0
      vertex 90.27 205 0
      vertex 49.232 201 0
    endloop
  endfacet
  facet normal 0 0 -1
    outer loop
      vertex 49.232 201 0
      vertex 90.27 205 0
      vertex 49.4318 200.518 0
    endloop
  endfacet
  facet normal -0 -0 -1
    outer loop
      vertex 77.75 187.9 0
      vertex 77.8028 187.499 0
      vertex 48.9142 198.586 0
    endloop
  endfacet
  facet normal -0 -0 -1
    outer loop
      vertex 77.8028 187.499 0
      vertex 77.9577 187.125 0
      vertex 48.5 198.268 0
    endloop
  endfacet
  facet normal 0 -0 -1
    outer loop
      vertex 23.95 186.423 0
      vertex 24.7577 187.042 0
      vertex 18.732 164.8 0
    endloop
  endfacet
  facet normal 0 0 -1
    outer loop
      vertex 95 201.48 0
      vertex 80.85 187.9 0
      vertex 80.7972 188.301 0
    endloop
  endfacet
  facet normal 0 0 -1
    outer loop
      vertex 22 185.9 0
      vertex 18 165.532 0
      vertex 17.5176 165.732 0
    endloop
  endfacet
  facet normal 0 0 -1
    outer loop
      vertex 25.3775 187.85 0
      vertex 46.9824 198.068 0
      vertex 47.5 198 0
    endloop
  endfacet
  facet normal 0 0 -1
    outer loop
      vertex 25.7671 190.809 0
      vertex 26.9 191.75 0
      vertex 25.9 189.8 0
    endloop
  endfacet
  facet normal 0 0 -1
    outer loop
      vertex 77.9577 160.775 0
      vertex 77.9577 187.125 0
      vertex 78.204 186.804 0
    endloop
  endfacet
  facet normal 0 0 -1
    outer loop
      vertex 26.125 191.958 0
      vertex 25.7671 190.809 0
      vertex 25.3775 191.75 0
    endloop
  endfacet
  facet normal -0 0 -1
    outer loop
      vertex 26.4988 191.803 0
      vertex 25.7671 190.809 0
      vertex 26.125 191.958 0
    endloop
  endfacet
  facet normal -0 0 -1
    outer loop
      vertex 25.804 192.204 0
      vertex 25.3775 191.75 0
      vertex 25.5576 192.525 0
    endloop
  endfacet
  facet normal -0 0 -1
    outer loop
      vertex 25.35 193.3 0
      vertex 23.95 193.177 0
      vertex 25.4028 193.701 0
    endloop
  endfacet
  facet normal 0 0 -1
    outer loop
      vertex 23.95 193.177 0
      vertex 23.0094 193.567 0
      vertex 25.5576 194.075 0
    endloop
  endfacet
  facet normal 0 0 -1
    outer loop
      vertex 0 201.19 0
      vertex 15.2679 164.8 0
      vertex 15.0681 164.318 0
    endloop
  endfacet
  facet normal 0 0 -1
    outer loop
      vertex 0 201.19 0
      vertex 18.2329 188.791 0
      vertex 18.6225 187.85 0
    endloop
  endfacet
  facet normal 0 0 -1
    outer loop
      vertex 0 201.19 0
      vertex 18.1 189.8 0
      vertex 18.2329 188.791 0
    endloop
  endfacet
  facet normal 0 0 -1
    outer loop
      vertex 0 201.19 0
      vertex 18.6225 191.75 0
      vertex 18.2329 190.809 0
    endloop
  endfacet
  facet normal 0 0 -1
    outer loop
      vertex 19.2423 192.558 0
      vertex 4.43999 205 0
      vertex 20.05 193.177 0
    endloop
  endfacet
  facet normal 0 0 -1
    outer loop
      vertex 20.9906 193.567 0
      vertex 4.43999 205 0
      vertex 22 193.7 0
    endloop
  endfacet
  facet normal 0 0 -1
    outer loop
      vertex 26.4988 194.797 0
      vertex 4.43999 205 0
      vertex 26.9 194.85 0
    endloop
  endfacet
  facet normal 0 0 -1
    outer loop
      vertex 45.5681 200.518 0
      vertex 27.996 194.396 0
      vertex 27.675 194.642 0
    endloop
  endfacet
  facet normal 0 0 -1
    outer loop
      vertex 45.5681 200.518 0
      vertex 45.5 200 0
      vertex 27.996 194.396 0
    endloop
  endfacet
  facet normal 0 -0 -1
    outer loop
      vertex 45.5 200 0
      vertex 45.5681 199.482 0
      vertex 28.2423 194.075 0
    endloop
  endfacet
  facet normal 0 0 -1
    outer loop
      vertex 28.2423 194.075 0
      vertex 45.5681 199.482 0
      vertex 28.3972 193.701 0
    endloop
  endfacet
  facet normal 0 0 -1
    outer loop
      vertex 28.3972 193.701 0
      vertex 45.7679 199 0
      vertex 28.45 193.3 0
    endloop
  endfacet
  facet normal 0 0 -1
    outer loop
      vertex 28.45 193.3 0
      vertex 45.7679 199 0
      vertex 46.0858 198.586 0
    endloop
  endfacet
  facet normal 0 0 -1
    outer loop
      vertex 28.3972 192.899 0
      vertex 46.0858 198.586 0
      vertex 46.5 198.268 0
    endloop
  endfacet
  facet normal 0 0 -1
    outer loop
      vertex 28.2423 192.525 0
      vertex 28.3972 192.899 0
      vertex 46.5 198.268 0
    endloop
  endfacet
  facet normal 0 0 -1
    outer loop
      vertex 27.996 192.204 0
      vertex 28.2423 192.525 0
      vertex 46.9824 198.068 0
    endloop
  endfacet
  facet normal 0 -0 -1
    outer loop
      vertex 27.675 191.958 0
      vertex 27.996 192.204 0
      vertex 25.7671 188.791 0
    endloop
  endfacet
  facet normal 0 0 -1
    outer loop
      vertex 47.5 198 0
      vertex 24.7577 187.042 0
      vertex 25.3775 187.85 0
    endloop
  endfacet
  facet normal 0 -0 -1
    outer loop
      vertex 26.9 191.75 0
      vertex 27.3012 191.803 0
      vertex 25.9 189.8 0
    endloop
  endfacet
  facet normal 0 0 -1
    outer loop
      vertex 17.5 131 0
      vertex 27.725 143.458 0
      vertex 28.0988 143.303 0
    endloop
  endfacet
  facet normal 0 0 -1
    outer loop
      vertex 18.6225 187.85 0
      vertex 16 165.532 0
      vertex 15.5858 165.214 0
    endloop
  endfacet
  facet normal 0 0 -1
    outer loop
      vertex 15.2679 164.8 0
      vertex 0 201.19 0
      vertex 15.5858 165.214 0
    endloop
  endfacet
  facet normal 0 0 -1
    outer loop
      vertex 0 201.19 0
      vertex 18.6225 187.85 0
      vertex 15.5858 165.214 0
    endloop
  endfacet
  facet normal 0 0 -1
    outer loop
      vertex 15.5858 153.214 0
      vertex 15.5858 162.386 0
      vertex 16 153.532 0
    endloop
  endfacet
  facet normal 0 0 -1
    outer loop
      vertex 25.804 194.396 0
      vertex 25.5576 194.075 0
      vertex 23.0094 193.567 0
    endloop
  endfacet
  facet normal 0 0 -1
    outer loop
      vertex 0 201.19 0
      vertex 18.2329 190.809 0
      vertex 18.1 189.8 0
    endloop
  endfacet
  facet normal 0 0 -1
    outer loop
      vertex 26.125 194.642 0
      vertex 23.0094 193.567 0
      vertex 22 193.7 0
    endloop
  endfacet
  facet normal 0 0 -1
    outer loop
      vertex 0 201.19 0
      vertex 4.43999 205 0
      vertex 18.6225 191.75 0
    endloop
  endfacet
  facet normal 0 0 -1
    outer loop
      vertex 18.6225 191.75 0
      vertex 4.43999 205 0
      vertex 19.2423 192.558 0
    endloop
  endfacet
  facet normal 0 0 -1
    outer loop
      vertex 26.4988 194.797 0
      vertex 26.125 194.642 0
      vertex 22 193.7 0
    endloop
  endfacet
  facet normal 0 0 -1
    outer loop
      vertex 20.05 193.177 0
      vertex 4.43999 205 0
      vertex 20.9906 193.567 0
    endloop
  endfacet
  facet normal 0 0 -1
    outer loop
      vertex 4.43999 205 0
      vertex 26.4988 194.797 0
      vertex 22 193.7 0
    endloop
  endfacet
  facet normal 0 0 -1
    outer loop
      vertex 26.125 194.642 0
      vertex 25.804 194.396 0
      vertex 23.0094 193.567 0
    endloop
  endfacet
  facet normal 0 0 -1
    outer loop
      vertex 23.95 193.177 0
      vertex 25.5576 194.075 0
      vertex 25.4028 193.701 0
    endloop
  endfacet
  facet normal 0 0 -1
    outer loop
      vertex 24.7577 192.558 0
      vertex 25.35 193.3 0
      vertex 25.4028 192.899 0
    endloop
  endfacet
  facet normal 0 0 -1
    outer loop
      vertex 25.3775 191.75 0
      vertex 24.7577 192.558 0
      vertex 25.5576 192.525 0
    endloop
  endfacet
  facet normal -0 0 -1
    outer loop
      vertex 26.125 191.958 0
      vertex 25.3775 191.75 0
      vertex 25.804 192.204 0
    endloop
  endfacet
  facet normal -0 0 -1
    outer loop
      vertex 26.9 191.75 0
      vertex 25.7671 190.809 0
      vertex 26.4988 191.803 0
    endloop
  endfacet
  facet normal 0 -0 -1
    outer loop
      vertex 25.7671 188.791 0
      vertex 27.996 192.204 0
      vertex 25.3775 187.85 0
    endloop
  endfacet
  facet normal 0 -0 -1
    outer loop
      vertex 25.9 189.8 0
      vertex 27.675 191.958 0
      vertex 25.7671 188.791 0
    endloop
  endfacet
  facet normal 0 0 -1
    outer loop
      vertex 25.3775 187.85 0
      vertex 27.996 192.204 0
      vertex 46.9824 198.068 0
    endloop
  endfacet
  facet normal 0 0 -1
    outer loop
      vertex 23.95 186.423 0
      vertex 18.732 164.8 0
      vertex 18.4142 165.214 0
    endloop
  endfacet
  facet normal 0 0 -1
    outer loop
      vertex 95 201.48 0
      vertex 80.85 160 0
      vertex 80.7972 160.401 0
    endloop
  endfacet
  facet normal 0 0 -1
    outer loop
      vertex 18.4142 162.386 0
      vertex 18 153.532 0
      vertex 18 162.068 0
    endloop
  endfacet
  facet normal 0 0 -1
    outer loop
      vertex 19.2423 187.042 0
      vertex 16.4824 165.732 0
      vertex 16 165.532 0
    endloop
  endfacet
  facet normal 0 0 -1
    outer loop
      vertex 23.0094 186.033 0
      vertex 18.4142 165.214 0
      vertex 18 165.532 0
    endloop
  endfacet
  facet normal 0 0 -1
    outer loop
      vertex 47.5 198 0
      vertex 18.9318 164.318 0
      vertex 24.7577 187.042 0
    endloop
  endfacet
  facet normal 0 0 -1
    outer loop
      vertex 90.27 205 0
      vertex 79.3 189.45 0
      vertex 78.8988 189.397 0
    endloop
  endfacet
  facet normal 0 -0 -1
    outer loop
      vertex 48.5 198.268 0
      vertex 77.9577 187.125 0
      vertex 48.0176 198.068 0
    endloop
  endfacet
  facet normal 0 0 -1
    outer loop
      vertex 77.75 187.9 0
      vertex 48.9142 198.586 0
      vertex 49.232 199 0
    endloop
  endfacet
  facet normal -0 0 -1
    outer loop
      vertex 77.8028 188.301 0
      vertex 77.75 187.9 0
      vertex 49.232 199 0
    endloop
  endfacet
  facet normal 0 -0 -1
    outer loop
      vertex 49.4318 199.482 0
      vertex 77.8028 188.301 0
      vertex 49.232 199 0
    endloop
  endfacet
  facet normal 0 0 -1
    outer loop
      vertex 49.4318 199.482 0
      vertex 77.9577 188.675 0
      vertex 77.8028 188.301 0
    endloop
  endfacet
  facet normal 0 0 -1
    outer loop
      vertex 49.4318 199.482 0
      vertex 49.5 200 0
      vertex 77.9577 188.675 0
    endloop
  endfacet
  facet normal 0 0 -1
    outer loop
      vertex 78.204 188.996 0
      vertex 49.5 200 0
      vertex 49.4318 200.518 0
    endloop
  endfacet
  facet normal 0 0 -1
    outer loop
      vertex 77.9577 188.675 0
      vertex 49.5 200 0
      vertex 78.204 188.996 0
    endloop
  endfacet
  facet normal 0 0 -1
    outer loop
      vertex 78.204 188.996 0
      vertex 49.4318 200.518 0
      vertex 78.525 189.242 0
    endloop
  endfacet
  facet normal -0 0 -1
    outer loop
      vertex 78.8988 189.397 0
      vertex 78.525 189.242 0
      vertex 90.27 205 0
    endloop
  endfacet
  facet normal 0 0 -1
    outer loop
      vertex 78.525 189.242 0
      vertex 49.4318 200.518 0
      vertex 90.27 205 0
    endloop
  endfacet
  facet normal 0 0 -1
    outer loop
      vertex 90.27 205 0
      vertex 79.7012 189.397 0
      vertex 79.3 189.45 0
    endloop
  endfacet
  facet normal 0 0 -1
    outer loop
      vertex 90.27 205 0
      vertex 80.075 189.242 0
      vertex 79.7012 189.397 0
    endloop
  endfacet
  facet normal 0 0 -1
    outer loop
      vertex 90.27 205 0
      vertex 80.396 188.996 0
      vertex 80.075 189.242 0
    endloop
  endfacet
  facet normal 0 -0 -1
    outer loop
      vertex 90.27 205 0
      vertex 95 201.48 0
      vertex 80.396 188.996 0
    endloop
  endfacet
  facet normal 0 0 -1
    outer loop
      vertex 80.396 188.996 0
      vertex 95 201.48 0
      vertex 80.6423 188.675 0
    endloop
  endfacet
  facet normal 0 0 -1
    outer loop
      vertex 80.6423 188.675 0
      vertex 95 201.48 0
      vertex 80.7972 188.301 0
    endloop
  endfacet
  facet normal 0 0 -1
    outer loop
      vertex 95 201.48 0
      vertex 80.7972 187.499 0
      vertex 80.85 187.9 0
    endloop
  endfacet
  facet normal 0 0 -1
    outer loop
      vertex 95 201.48 0
      vertex 80.6423 187.125 0
      vertex 80.7972 187.499 0
    endloop
  endfacet
  facet normal 0 0 -1
    outer loop
      vertex 80.075 161.342 0
      vertex 79.7012 161.497 0
      vertex 79.7012 186.403 0
    endloop
  endfacet
  facet normal 0 0 -1
    outer loop
      vertex 79.7012 161.497 0
      vertex 79.3 161.55 0
      vertex 79.3 186.35 0
    endloop
  endfacet
  facet normal 0 0 -1
    outer loop
      vertex 78.525 161.342 0
      vertex 78.525 186.558 0
      vertex 78.8988 161.497 0
    endloop
  endfacet
  facet normal 0 0 -1
    outer loop
      vertex 78.525 161.342 0
      vertex 78.204 186.804 0
      vertex 78.525 186.558 0
    endloop
  endfacet
  facet normal -0 0 -1
    outer loop
      vertex 78.525 161.342 0
      vertex 78.204 161.096 0
      vertex 78.204 186.804 0
    endloop
  endfacet
  facet normal -0 0 -1
    outer loop
      vertex 77.8028 160.401 0
      vertex 47.5 140 0
      vertex 47.5 198 0
    endloop
  endfacet
  facet normal 0 0 -1
    outer loop
      vertex 16.4824 165.732 0
      vertex 20.05 186.423 0
      vertex 17 165.8 0
    endloop
  endfacet
  facet normal 0 0 -1
    outer loop
      vertex 15.0681 163.282 0
      vertex 15.2679 162.8 0
      vertex 15.2679 152.8 0
    endloop
  endfacet
  facet normal 0 0 -1
    outer loop
      vertex 15.0681 152.318 0
      vertex 15.0681 163.282 0
      vertex 15.2679 152.8 0
    endloop
  endfacet
  facet normal 0 0 -1
    outer loop
      vertex 15.0681 164.318 0
      vertex 15 163.8 0
      vertex 2.92616 142.674 0
    endloop
  endfacet
  facet normal 0 0 -1
    outer loop
      vertex 7.3597 141.486 0
      vertex 16.4824 149.868 0
      vertex 7.45 140.8 0
    endloop
  endfacet
  facet normal -0 0 -1
    outer loop
      vertex 15.0681 164.318 0
      vertex 2.92616 142.674 0
      vertex 0 201.19 0
    endloop
  endfacet
  facet normal 0 0 -1
    outer loop
      vertex 0 201.19 0
      vertex 2.92616 142.674 0
      vertex 2.50502 142.125 0
    endloop
  endfacet
  facet normal -0 0 -1
    outer loop
      vertex 20.05 186.423 0
      vertex 16.4824 165.732 0
      vertex 19.2423 187.042 0
    endloop
  endfacet
  facet normal -0 0 -1
    outer loop
      vertex 20.9906 186.033 0
      vertex 17 165.8 0
      vertex 20.05 186.423 0
    endloop
  endfacet
  facet normal 0 0 -1
    outer loop
      vertex 20.9906 186.033 0
      vertex 17.5176 165.732 0
      vertex 17 165.8 0
    endloop
  endfacet
  facet normal 0 -0 -1
    outer loop
      vertex 20.9906 186.033 0
      vertex 22 185.9 0
      vertex 17.5176 165.732 0
    endloop
  endfacet
  facet normal 0 -0 -1
    outer loop
      vertex 22 185.9 0
      vertex 23.0094 186.033 0
      vertex 18 165.532 0
    endloop
  endfacet
  facet normal 0 -0 -1
    outer loop
      vertex 23.0094 186.033 0
      vertex 23.95 186.423 0
      vertex 18.4142 165.214 0
    endloop
  endfacet
  facet normal 0 0 -1
    outer loop
      vertex 24.7577 187.042 0
      vertex 18.9318 164.318 0
      vertex 18.732 164.8 0
    endloop
  endfacet
  facet normal 0 0 -1
    outer loop
      vertex 18.9318 163.282 0
      vertex 28.9012 146.297 0
      vertex 28.5 146.35 0
    endloop
  endfacet
  facet normal 0 0 -1
    outer loop
      vertex 27.404 145.896 0
      vertex 18.9318 151.282 0
      vertex 27.725 146.142 0
    endloop
  endfacet
  facet normal 0 0 -1
    outer loop
      vertex 19 163.8 0
      vertex 18.9318 164.318 0
      vertex 29.275 146.142 0
    endloop
  endfacet
  facet normal -0 0 -1
    outer loop
      vertex 77.9577 160.775 0
      vertex 77.8028 160.401 0
      vertex 48.0176 198.068 0
    endloop
  endfacet
  facet normal -0 0 -1
    outer loop
      vertex 27.0028 145.201 0
      vertex 26.95 144.8 0
      vertex 18 150.068 0
    endloop
  endfacet
  facet normal 0 0 -1
    outer loop
      vertex 77.9577 159.225 0
      vertex 48.6258 139.35 0
      vertex 48.4192 139.619 0
    endloop
  endfacet
  facet normal 0 0 -1
    outer loop
      vertex 95 120.29 0
      vertex 85.8423 128.225 0
      vertex 85.9972 128.599 0
    endloop
  endfacet
  facet normal 0 0 -1
    outer loop
      vertex 16 162.068 0
      vertex 16.4824 161.868 0
      vertex 16 153.532 0
    endloop
  endfacet
  facet normal 0 0 -1
    outer loop
      vertex 15.5858 162.386 0
      vertex 16 162.068 0
      vertex 16 153.532 0
    endloop
  endfacet
  facet normal 0 0 -1
    outer loop
      vertex 80.7972 159.599 0
      vertex 85.8423 129.775 0
      vertex 85.596 130.096 0
    endloop
  endfacet
  facet normal -0 -0 -1
    outer loop
      vertex 77.9577 187.125 0
      vertex 77.9577 160.775 0
      vertex 48.0176 198.068 0
    endloop
  endfacet
  facet normal 0 -0 -1
    outer loop
      vertex 19 151.8 0
      vertex 27.725 146.142 0
      vertex 18.9318 151.282 0
    endloop
  endfacet
  facet normal -0 -0 -1
    outer loop
      vertex 78.8988 186.403 0
      vertex 78.8988 161.497 0
      vertex 78.525 186.558 0
    endloop
  endfacet
  facet normal 0 0 -1
    outer loop
      vertex 17.5176 153.732 0
      vertex 17.5176 161.868 0
      vertex 18 153.532 0
    endloop
  endfacet
  facet normal 0 0 -1
    outer loop
      vertex 18.4142 153.214 0
      vertex 18 153.532 0
      vertex 18.4142 162.386 0
    endloop
  endfacet
  facet normal 0 0 -1
    outer loop
      vertex 27.404 145.896 0
      vertex 18.732 150.8 0
      vertex 18.9318 151.282 0
    endloop
  endfacet
  facet normal 0 0 -1
    outer loop
      vertex 28.9012 146.297 0
      vertex 19 163.8 0
      vertex 29.275 146.142 0
    endloop
  endfacet
  facet normal 0 0 -1
    outer loop
      vertex 77.8028 160.401 0
      vertex 47.5 198 0
      vertex 48.0176 198.068 0
    endloop
  endfacet
  facet normal 0 0 -1
    outer loop
      vertex 28.9012 146.297 0
      vertex 18.9318 163.282 0
      vertex 19 163.8 0
    endloop
  endfacet
  facet normal 0 0 -1
    outer loop
      vertex 78.8988 186.403 0
      vertex 79.3 161.55 0
      vertex 78.8988 161.497 0
    endloop
  endfacet
  facet normal 0 0 -1
    outer loop
      vertex 78.8988 186.403 0
      vertex 79.3 186.35 0
      vertex 79.3 161.55 0
    endloop
  endfacet
  facet normal 0 0 -1
    outer loop
      vertex 79.3 186.35 0
      vertex 79.7012 186.403 0
      vertex 79.7012 161.497 0
    endloop
  endfacet
  facet normal 0 0 -1
    outer loop
      vertex 79.7012 186.403 0
      vertex 80.075 186.558 0
      vertex 80.075 161.342 0
    endloop
  endfacet
  facet normal 0 0 -1
    outer loop
      vertex 80.075 161.342 0
      vertex 80.075 186.558 0
      vertex 80.396 161.096 0
    endloop
  endfacet
  facet normal 0 -0 -1
    outer loop
      vertex 95 201.48 0
      vertex 95 120.29 0
      vertex 80.85 160 0
    endloop
  endfacet
  facet normal 0 0 -1
    outer loop
      vertex 80.075 186.558 0
      vertex 80.396 186.804 0
      vertex 80.396 161.096 0
    endloop
  endfacet
  facet normal 0 0 -1
    outer loop
      vertex 80.396 161.096 0
      vertex 80.396 186.804 0
      vertex 80.6423 160.775 0
    endloop
  endfacet
  facet normal 0 0 -1
    outer loop
      vertex 80.6423 160.775 0
      vertex 80.396 186.804 0
      vertex 80.6423 187.125 0
    endloop
  endfacet
  facet normal 0 0 -1
    outer loop
      vertex 95 201.48 0
      vertex 80.6423 160.775 0
      vertex 80.6423 187.125 0
    endloop
  endfacet
  facet normal 0 0 -1
    outer loop
      vertex 95 201.48 0
      vertex 80.7972 160.401 0
      vertex 80.6423 160.775 0
    endloop
  endfacet
  facet normal 0 -0 -1
    outer loop
      vertex 80.85 160 0
      vertex 95 120.29 0
      vertex 80.7972 159.599 0
    endloop
  endfacet
  facet normal 0 0 -1
    outer loop
      vertex 80.075 158.658 0
      vertex 84.9012 130.497 0
      vertex 84.5 130.55 0
    endloop
  endfacet
  facet normal 0 0 -1
    outer loop
      vertex 83.725 130.342 0
      vertex 78.8988 158.503 0
      vertex 79.3 158.45 0
    endloop
  endfacet
  facet normal -0 0 -1
    outer loop
      vertex 83.725 130.342 0
      vertex 83.404 130.096 0
      vertex 78.8988 158.503 0
    endloop
  endfacet
  facet normal -0 -0 -1
    outer loop
      vertex 78.8988 158.503 0
      vertex 83.404 130.096 0
      vertex 78.525 158.658 0
    endloop
  endfacet
  facet normal 0 -0 -1
    outer loop
      vertex 78.525 158.658 0
      vertex 83.404 130.096 0
      vertex 48.7557 139.036 0
    endloop
  endfacet
  facet normal -0 -0 -1
    outer loop
      vertex 17 161.8 0
      vertex 17 153.8 0
      vertex 16.4824 161.868 0
    endloop
  endfacet
  facet normal -0 -0 -1
    outer loop
      vertex 27.0028 144.399 0
      vertex 27.1577 144.025 0
      vertex 17.5176 149.868 0
    endloop
  endfacet
  facet normal 0 0 -1
    outer loop
      vertex 5 96.55 0
      vertex 5 112.79 0
      vertex 8.5 109.5 0
    endloop
  endfacet
  facet normal 0 0 -1
    outer loop
      vertex 6.125 143.095 0
      vertex 15.2679 150.8 0
      vertex 6.67383 142.674 0
    endloop
  endfacet
  facet normal 0 -0 -1
    outer loop
      vertex 15 151.8 0
      vertex 15.0681 151.282 0
      vertex 5.48587 143.36 0
    endloop
  endfacet
  facet normal 0 0 -1
    outer loop
      vertex 4.79999 143.45 0
      vertex 15 151.8 0
      vertex 5.48587 143.36 0
    endloop
  endfacet
  facet normal 0 0 -1
    outer loop
      vertex 4.79999 143.45 0
      vertex 15.0681 152.318 0
      vertex 15 151.8 0
    endloop
  endfacet
  facet normal -0 0 -1
    outer loop
      vertex 15.0681 152.318 0
      vertex 4.11412 143.36 0
      vertex 15.0681 163.282 0
    endloop
  endfacet
  facet normal -0 0 -1
    outer loop
      vertex 4.79999 143.45 0
      vertex 4.11412 143.36 0
      vertex 15.0681 152.318 0
    endloop
  endfacet
  facet normal 0 0 -1
    outer loop
      vertex 15.2679 162.8 0
      vertex 15.5858 162.386 0
      vertex 15.5858 153.214 0
    endloop
  endfacet
  facet normal 0 0 -1
    outer loop
      vertex 15.2679 162.8 0
      vertex 15.5858 153.214 0
      vertex 15.2679 152.8 0
    endloop
  endfacet
  facet normal 0 -0 -1
    outer loop
      vertex 16.4824 161.868 0
      vertex 16.4824 153.732 0
      vertex 16 153.532 0
    endloop
  endfacet
  facet normal 0 0 -1
    outer loop
      vertex 16.4824 161.868 0
      vertex 17 153.8 0
      vertex 16.4824 153.732 0
    endloop
  endfacet
  facet normal 0 0 -1
    outer loop
      vertex 17 161.8 0
      vertex 17.5176 153.732 0
      vertex 17 153.8 0
    endloop
  endfacet
  facet normal 0 0 -1
    outer loop
      vertex 17 161.8 0
      vertex 17.5176 161.868 0
      vertex 17.5176 153.732 0
    endloop
  endfacet
  facet normal 0 0 -1
    outer loop
      vertex 17.5176 161.868 0
      vertex 18 162.068 0
      vertex 18 153.532 0
    endloop
  endfacet
  facet normal 0 0 -1
    outer loop
      vertex 18.4142 162.386 0
      vertex 18.732 152.8 0
      vertex 18.4142 153.214 0
    endloop
  endfacet
  facet normal 0 0 -1
    outer loop
      vertex 18.4142 162.386 0
      vertex 18.732 162.8 0
      vertex 18.732 152.8 0
    endloop
  endfacet
  facet normal 0 0 -1
    outer loop
      vertex 27.0028 145.201 0
      vertex 18 150.068 0
      vertex 18.4142 150.386 0
    endloop
  endfacet
  facet normal 0 0 -1
    outer loop
      vertex 18.9318 164.318 0
      vertex 29.596 145.896 0
      vertex 29.275 146.142 0
    endloop
  endfacet
  facet normal 0 0 -1
    outer loop
      vertex 29.8423 145.575 0
      vertex 47.1635 139.956 0
      vertex 46.85 139.826 0
    endloop
  endfacet
  facet normal 0 0 -1
    outer loop
      vertex 17.5176 149.868 0
      vertex 18 150.068 0
      vertex 26.95 144.8 0
    endloop
  endfacet
  facet normal 0 0 -1
    outer loop
      vertex 47.5 140 0
      vertex 77.8028 160.401 0
      vertex 47.8365 139.956 0
    endloop
  endfacet
  facet normal 0 0 -1
    outer loop
      vertex 27.1577 144.025 0
      vertex 17 149.8 0
      vertex 17.5176 149.868 0
    endloop
  endfacet
  facet normal 0 0 -1
    outer loop
      vertex 16 150.068 0
      vertex 7.3597 141.486 0
      vertex 7.09496 142.125 0
    endloop
  endfacet
  facet normal 0 -0 -1
    outer loop
      vertex 15.5858 150.386 0
      vertex 16 150.068 0
      vertex 7.09496 142.125 0
    endloop
  endfacet
  facet normal 0 0 -1
    outer loop
      vertex 8.5 109.5 0
      vertex 8.5 114.5 0
      vertex 14.5 109.5 0
    endloop
  endfacet
  facet normal 0 0 -1
    outer loop
      vertex 47.5 131 0
      vertex 28.9012 143.303 0
      vertex 29.275 143.458 0
    endloop
  endfacet
  facet normal 0 0 -1
    outer loop
      vertex 17.5 131 0
      vertex 27.404 143.704 0
      vertex 27.725 143.458 0
    endloop
  endfacet
  facet normal 0 0 -1
    outer loop
      vertex 5.48587 138.24 0
      vertex 9.72499 130.342 0
      vertex 9.40398 130.096 0
    endloop
  endfacet
  facet normal 0 -0 -1
    outer loop
      vertex 7.45 140.8 0
      vertex 17.5 131 0
      vertex 7.3597 140.114 0
    endloop
  endfacet
  facet normal -0 -0 -1
    outer loop
      vertex 26.95 144.8 0
      vertex 27.0028 144.399 0
      vertex 17.5176 149.868 0
    endloop
  endfacet
  facet normal 0 0 -1
    outer loop
      vertex 27.1577 145.575 0
      vertex 18.4142 150.386 0
      vertex 18.732 150.8 0
    endloop
  endfacet
  facet normal 0 0 -1
    outer loop
      vertex 27.0028 145.201 0
      vertex 18.4142 150.386 0
      vertex 27.1577 145.575 0
    endloop
  endfacet
  facet normal -0 0 -1
    outer loop
      vertex 27.404 145.896 0
      vertex 27.1577 145.575 0
      vertex 18.732 150.8 0
    endloop
  endfacet
  facet normal 0 0 -1
    outer loop
      vertex 27.725 146.142 0
      vertex 19 151.8 0
      vertex 28.0988 146.297 0
    endloop
  endfacet
  facet normal 0 0 -1
    outer loop
      vertex 28.0988 146.297 0
      vertex 19 151.8 0
      vertex 18.9318 152.318 0
    endloop
  endfacet
  facet normal -0 0 -1
    outer loop
      vertex 28.5 146.35 0
      vertex 28.0988 146.297 0
      vertex 18.9318 152.318 0
    endloop
  endfacet
  facet normal 0 0 -1
    outer loop
      vertex 18.732 152.8 0
      vertex 28.5 146.35 0
      vertex 18.9318 152.318 0
    endloop
  endfacet
  facet normal 0 0 -1
    outer loop
      vertex 18.732 152.8 0
      vertex 18.732 162.8 0
      vertex 28.5 146.35 0
    endloop
  endfacet
  facet normal 0 0 -1
    outer loop
      vertex 28.5 146.35 0
      vertex 18.732 162.8 0
      vertex 18.9318 163.282 0
    endloop
  endfacet
  facet normal -0 0 -1
    outer loop
      vertex 46.85 139.826 0
      vertex 46.5807 139.619 0
      vertex 29.9972 145.201 0
    endloop
  endfacet
  facet normal 0 0 -1
    outer loop
      vertex 18.9318 164.318 0
      vertex 47.5 198 0
      vertex 47.5 140 0
    endloop
  endfacet
  facet normal 0 0 -1
    outer loop
      vertex 46.2 138.7 0
      vertex 29.596 143.704 0
      vertex 29.8423 144.025 0
    endloop
  endfacet
  facet normal -0 -0 -1
    outer loop
      vertex 46.2 138.7 0
      vertex 46.2443 138.364 0
      vertex 29.596 143.704 0
    endloop
  endfacet
  facet normal 0 0 -1
    outer loop
      vertex 77.8028 160.401 0
      vertex 77.75 160 0
      vertex 47.8365 139.956 0
    endloop
  endfacet
  facet normal 0 -0 -1
    outer loop
      vertex 77.75 160 0
      vertex 77.8028 159.599 0
      vertex 48.15 139.826 0
    endloop
  endfacet
  facet normal 0 -0 -1
    outer loop
      vertex 28.5 143.25 0
      vertex 28.9012 143.303 0
      vertex 17.5 131 0
    endloop
  endfacet
  facet normal 0 -0 -1
    outer loop
      vertex 48.6258 138.05 0
      vertex 48.7557 138.364 0
      vertex 47.5 131 0
    endloop
  endfacet
  facet normal 0 0 -1
    outer loop
      vertex 47.5 131 0
      vertex 46.5807 137.781 0
      vertex 46.85 137.574 0
    endloop
  endfacet
  facet normal 0 0 -1
    outer loop
      vertex 47.5 131 0
      vertex 29.275 143.458 0
      vertex 46.3742 138.05 0
    endloop
  endfacet
  facet normal -0 0 -1
    outer loop
      vertex 8.95 129 0
      vertex 0 120 0
      vertex 3.47499 138.505 0
    endloop
  endfacet
  facet normal 0 0 -1
    outer loop
      vertex 9.00281 129.401 0
      vertex 3.47499 138.505 0
      vertex 4.11412 138.24 0
    endloop
  endfacet
  facet normal 0 0 -1
    outer loop
      vertex 8.5 124.5 0
      vertex 10.5 127.45 0
      vertex 10.9012 127.503 0
    endloop
  endfacet
  facet normal 0 -0 -1
    outer loop
      vertex 2.92616 138.926 0
      vertex 3.47499 138.505 0
      vertex 0 120 0
    endloop
  endfacet
  facet normal 0 -0 -1
    outer loop
      vertex 2.50502 139.475 0
      vertex 2.92616 138.926 0
      vertex 0 120 0
    endloop
  endfacet
  facet normal 0 -0 -1
    outer loop
      vertex 2.2403 140.114 0
      vertex 2.50502 139.475 0
      vertex 0 120 0
    endloop
  endfacet
  facet normal 0 0 -1
    outer loop
      vertex 0 201.19 0
      vertex 2.14999 140.8 0
      vertex 0 120 0
    endloop
  endfacet
  facet normal 0 -0 -1
    outer loop
      vertex 2.14999 140.8 0
      vertex 2.2403 140.114 0
      vertex 0 120 0
    endloop
  endfacet
  facet normal 0 0 -1
    outer loop
      vertex 0 201.19 0
      vertex 2.2403 141.486 0
      vertex 2.14999 140.8 0
    endloop
  endfacet
  facet normal 0 0 -1
    outer loop
      vertex 0 201.19 0
      vertex 2.50502 142.125 0
      vertex 2.2403 141.486 0
    endloop
  endfacet
  facet normal 0 0 -1
    outer loop
      vertex 3.47499 143.095 0
      vertex 15 163.8 0
      vertex 15.0681 163.282 0
    endloop
  endfacet
  facet normal 0 0 -1
    outer loop
      vertex 2.92616 142.674 0
      vertex 15 163.8 0
      vertex 3.47499 143.095 0
    endloop
  endfacet
  facet normal -0 0 -1
    outer loop
      vertex 4.11412 143.36 0
      vertex 3.47499 143.095 0
      vertex 15.0681 163.282 0
    endloop
  endfacet
  facet normal 0 0 -1
    outer loop
      vertex 15.0681 151.282 0
      vertex 6.125 143.095 0
      vertex 5.48587 143.36 0
    endloop
  endfacet
  facet normal 0 -0 -1
    outer loop
      vertex 15.0681 151.282 0
      vertex 15.2679 150.8 0
      vertex 6.125 143.095 0
    endloop
  endfacet
  facet normal 0 -0 -1
    outer loop
      vertex 15.2679 150.8 0
      vertex 15.5858 150.386 0
      vertex 6.67383 142.674 0
    endloop
  endfacet
  facet normal 0 0 -1
    outer loop
      vertex 6.67383 142.674 0
      vertex 15.5858 150.386 0
      vertex 7.09496 142.125 0
    endloop
  endfacet
  facet normal 0 -0 -1
    outer loop
      vertex 16 150.068 0
      vertex 16.4824 149.868 0
      vertex 7.3597 141.486 0
    endloop
  endfacet
  facet normal 0 -0 -1
    outer loop
      vertex 16.4824 149.868 0
      vertex 17 149.8 0
      vertex 7.45 140.8 0
    endloop
  endfacet
  facet normal 0 0 -1
    outer loop
      vertex 7.45 140.8 0
      vertex 17 149.8 0
      vertex 17.5 131 0
    endloop
  endfacet
  facet normal 0 0 -1
    outer loop
      vertex 17 149.8 0
      vertex 27.1577 144.025 0
      vertex 17.5 131 0
    endloop
  endfacet
  facet normal 0 -0 -1
    outer loop
      vertex 27.1577 144.025 0
      vertex 27.404 143.704 0
      vertex 17.5 131 0
    endloop
  endfacet
  facet normal -0 -0 -1
    outer loop
      vertex 4.79999 138.15 0
      vertex 9.15765 129.775 0
      vertex 4.11412 138.24 0
    endloop
  endfacet
  facet normal 0 0 -1
    outer loop
      vertex 4.11412 138.24 0
      vertex 9.15765 129.775 0
      vertex 9.00281 129.401 0
    endloop
  endfacet
  facet normal -0 0 -1
    outer loop
      vertex 10.5 127.45 0
      vertex 8.5 124.5 0
      vertex 10.0988 127.503 0
    endloop
  endfacet
  facet normal 0 0 -1
    outer loop
      vertex 11.8423 129.775 0
      vertex 17.5 131 0
      vertex 11.9972 129.401 0
    endloop
  endfacet
  facet normal 0 -0 -1
    outer loop
      vertex 28.9012 143.303 0
      vertex 47.5 131 0
      vertex 17.5 131 0
    endloop
  endfacet
  facet normal 0 0 -1
    outer loop
      vertex 48.7557 139.036 0
      vertex 48.6258 139.35 0
      vertex 78.204 158.904 0
    endloop
  endfacet
  facet normal 0 0 -1
    outer loop
      vertex 47.5 131 0
      vertex 46.3742 138.05 0
      vertex 46.5807 137.781 0
    endloop
  endfacet
  facet normal 0 0 -1
    outer loop
      vertex 47.8365 139.956 0
      vertex 77.75 160 0
      vertex 48.15 139.826 0
    endloop
  endfacet
  facet normal 0 -0 -1
    outer loop
      vertex 29.596 143.704 0
      vertex 46.2443 138.364 0
      vertex 29.275 143.458 0
    endloop
  endfacet
  facet normal -0 -0 -1
    outer loop
      vertex 46.2443 138.364 0
      vertex 46.3742 138.05 0
      vertex 29.275 143.458 0
    endloop
  endfacet
  facet normal 0 0 -1
    outer loop
      vertex 29.8423 144.025 0
      vertex 29.9972 144.399 0
      vertex 46.2443 139.036 0
    endloop
  endfacet
  facet normal 0 0 -1
    outer loop
      vertex 46.2443 139.036 0
      vertex 29.9972 144.399 0
      vertex 46.3742 139.35 0
    endloop
  endfacet
  facet normal 0 0 -1
    outer loop
      vertex 46.3742 139.35 0
      vertex 29.9972 144.399 0
      vertex 30.05 144.8 0
    endloop
  endfacet
  facet normal -0 0 -1
    outer loop
      vertex 46.5807 139.619 0
      vertex 46.3742 139.35 0
      vertex 30.05 144.8 0
    endloop
  endfacet
  facet normal 0 0 -1
    outer loop
      vertex 29.9972 145.201 0
      vertex 46.5807 139.619 0
      vertex 30.05 144.8 0
    endloop
  endfacet
  facet normal 0 0 -1
    outer loop
      vertex 29.8423 145.575 0
      vertex 46.85 139.826 0
      vertex 29.9972 145.201 0
    endloop
  endfacet
  facet normal 0 0 -1
    outer loop
      vertex 29.596 145.896 0
      vertex 47.1635 139.956 0
      vertex 29.8423 145.575 0
    endloop
  endfacet
  facet normal 0 0 -1
    outer loop
      vertex 29.596 145.896 0
      vertex 18.9318 164.318 0
      vertex 47.5 140 0
    endloop
  endfacet
  facet normal 0 0 -1
    outer loop
      vertex 29.596 145.896 0
      vertex 47.5 140 0
      vertex 47.1635 139.956 0
    endloop
  endfacet
  facet normal 0 0 -1
    outer loop
      vertex 48.15 139.826 0
      vertex 77.8028 159.599 0
      vertex 48.4192 139.619 0
    endloop
  endfacet
  facet normal 0 0 -1
    outer loop
      vertex 48.4192 139.619 0
      vertex 77.8028 159.599 0
      vertex 77.9577 159.225 0
    endloop
  endfacet
  facet normal 0 0 -1
    outer loop
      vertex 48.6258 139.35 0
      vertex 77.9577 159.225 0
      vertex 78.204 158.904 0
    endloop
  endfacet
  facet normal 0 0 -1
    outer loop
      vertex 48.7557 139.036 0
      vertex 78.204 158.904 0
      vertex 78.525 158.658 0
    endloop
  endfacet
  facet normal 0 0 -1
    outer loop
      vertex 82.95 129 0
      vertex 47.5 131 0
      vertex 83.0028 129.401 0
    endloop
  endfacet
  facet normal -0 0 -1
    outer loop
      vertex 83.1577 128.225 0
      vertex 47.5 123 0
      vertex 83.0028 128.599 0
    endloop
  endfacet
  facet normal 0 0 -1
    outer loop
      vertex 83.1577 128.225 0
      vertex 80.5 109.5 0
      vertex 47.5 123 0
    endloop
  endfacet
  facet normal 0 0 -1
    outer loop
      vertex 93.57 118.56 0
      vertex 84.9012 127.503 0
      vertex 85.275 127.658 0
    endloop
  endfacet
  facet normal 0 0 -1
    outer loop
      vertex 47.5 131 0
      vertex 48.4192 137.781 0
      vertex 48.6258 138.05 0
    endloop
  endfacet
  facet normal 0 -0 -1
    outer loop
      vertex 84.0988 127.503 0
      vertex 90.29 115.28 0
      vertex 80.5 109.5 0
    endloop
  endfacet
  facet normal 0 0 -1
    outer loop
      vertex 48.4192 137.781 0
      vertex 47.5 131 0
      vertex 48.15 137.574 0
    endloop
  endfacet
  facet normal 0 0 -1
    outer loop
      vertex 84.0988 127.503 0
      vertex 84.5 127.45 0
      vertex 90.29 115.28 0
    endloop
  endfacet
  facet normal 0 -0 -1
    outer loop
      vertex 83.725 127.658 0
      vertex 84.0988 127.503 0
      vertex 80.5 109.5 0
    endloop
  endfacet
  facet normal -0 0 -1
    outer loop
      vertex 46.3742 81.95 0
      vertex 46.2443 81.6365 0
      vertex 11.4972 85.4012 0
    endloop
  endfacet
  facet normal 0 0 -1
    outer loop
      vertex 46.85 137.574 0
      vertex 47.1635 137.444 0
      vertex 47.5 131 0
    endloop
  endfacet
  facet normal -0 0 -1
    outer loop
      vertex 28.5 143.25 0
      vertex 17.5 131 0
      vertex 28.0988 143.303 0
    endloop
  endfacet
  facet normal 0 0 -1
    outer loop
      vertex 5 96.55 0
      vertex 8.5 109.5 0
      vertex 8.5 99.5 0
    endloop
  endfacet
  facet normal 0 -0 -1
    outer loop
      vertex 7.3597 140.114 0
      vertex 17.5 131 0
      vertex 7.09496 139.475 0
    endloop
  endfacet
  facet normal 0 0 -1
    outer loop
      vertex 47.8365 137.444 0
      vertex 47.5 131 0
      vertex 47.5 137.4 0
    endloop
  endfacet
  facet normal 0 0 -1
    outer loop
      vertex 47.5 131 0
      vertex 47.1635 137.444 0
      vertex 47.5 137.4 0
    endloop
  endfacet
  facet normal 0 0 -1
    outer loop
      vertex 48.8 138.7 0
      vertex 83.1577 129.775 0
      vertex 83.0028 129.401 0
    endloop
  endfacet
  facet normal 0 -0 -1
    outer loop
      vertex 83.404 127.904 0
      vertex 83.725 127.658 0
      vertex 80.5 109.5 0
    endloop
  endfacet
  facet normal 0 -0 -1
    outer loop
      vertex 83.1577 128.225 0
      vertex 83.404 127.904 0
      vertex 80.5 109.5 0
    endloop
  endfacet
  facet normal -0 0 -1
    outer loop
      vertex 83.0028 128.599 0
      vertex 47.5 123 0
      vertex 82.95 129 0
    endloop
  endfacet
  facet normal -0 0 -1
    outer loop
      vertex 82.95 129 0
      vertex 47.5 123 0
      vertex 47.5 131 0
    endloop
  endfacet
  facet normal 0 0 -1
    outer loop
      vertex 83.0028 129.401 0
      vertex 47.5 131 0
      vertex 48.7557 138.364 0
    endloop
  endfacet
  facet normal 0 -0 -1
    outer loop
      vertex 48.8 138.7 0
      vertex 83.0028 129.401 0
      vertex 48.7557 138.364 0
    endloop
  endfacet
  facet normal 0 0 -1
    outer loop
      vertex 48.8 138.7 0
      vertex 48.7557 139.036 0
      vertex 83.1577 129.775 0
    endloop
  endfacet
  facet normal 0 0 -1
    outer loop
      vertex 83.725 130.342 0
      vertex 79.3 158.45 0
      vertex 84.0988 130.497 0
    endloop
  endfacet
  facet normal 0 -0 -1
    outer loop
      vertex 79.7012 158.503 0
      vertex 84.0988 130.497 0
      vertex 79.3 158.45 0
    endloop
  endfacet
  facet normal 0 0 -1
    outer loop
      vertex 79.7012 158.503 0
      vertex 84.5 130.55 0
      vertex 84.0988 130.497 0
    endloop
  endfacet
  facet normal 0 0 -1
    outer loop
      vertex 79.7012 158.503 0
      vertex 80.075 158.658 0
      vertex 84.5 130.55 0
    endloop
  endfacet
  facet normal 0 0 -1
    outer loop
      vertex 80.075 158.658 0
      vertex 80.396 158.904 0
      vertex 84.9012 130.497 0
    endloop
  endfacet
  facet normal 0 0 -1
    outer loop
      vertex 84.9012 130.497 0
      vertex 80.396 158.904 0
      vertex 85.275 130.342 0
    endloop
  endfacet
  facet normal 0 0 -1
    outer loop
      vertex 85.275 130.342 0
      vertex 80.396 158.904 0
      vertex 80.6423 159.225 0
    endloop
  endfacet
  facet normal 0 0 -1
    outer loop
      vertex 85.596 130.096 0
      vertex 85.275 130.342 0
      vertex 80.6423 159.225 0
    endloop
  endfacet
  facet normal 0 -0 -1
    outer loop
      vertex 80.7972 159.599 0
      vertex 85.596 130.096 0
      vertex 80.6423 159.225 0
    endloop
  endfacet
  facet normal 0 0 -1
    outer loop
      vertex 85.8423 129.775 0
      vertex 80.7972 159.599 0
      vertex 95 120.29 0
    endloop
  endfacet
  facet normal 0 0 -1
    outer loop
      vertex 85.9972 129.401 0
      vertex 85.8423 129.775 0
      vertex 95 120.29 0
    endloop
  endfacet
  facet normal 0 0 -1
    outer loop
      vertex 86.05 129 0
      vertex 85.9972 129.401 0
      vertex 95 120.29 0
    endloop
  endfacet
  facet normal 0 0 -1
    outer loop
      vertex 85.9972 128.599 0
      vertex 86.05 129 0
      vertex 95 120.29 0
    endloop
  endfacet
  facet normal 0 -0 -1
    outer loop
      vertex 85.8423 128.225 0
      vertex 95 120.29 0
      vertex 85.596 127.904 0
    endloop
  endfacet
  facet normal 0 0 -1
    outer loop
      vertex 85.596 127.904 0
      vertex 95 120.29 0
      vertex 93.57 118.56 0
    endloop
  endfacet
  facet normal 0 0 -1
    outer loop
      vertex 85.275 127.658 0
      vertex 85.596 127.904 0
      vertex 93.57 118.56 0
    endloop
  endfacet
  facet normal 0 0 -1
    outer loop
      vertex 84.5 127.45 0
      vertex 84.9012 127.503 0
      vertex 90.29 115.28 0
    endloop
  endfacet
  facet normal 0 0 -1
    outer loop
      vertex 84.9012 127.503 0
      vertex 93.57 118.56 0
      vertex 90.29 115.28 0
    endloop
  endfacet
  facet normal 0 0 -1
    outer loop
      vertex 9.15765 129.775 0
      vertex 4.79999 138.15 0
      vertex 9.40398 130.096 0
    endloop
  endfacet
  facet normal -0 0 -1
    outer loop
      vertex 10.0988 127.503 0
      vertex 8.5 124.5 0
      vertex 9.72499 127.658 0
    endloop
  endfacet
  facet normal 0 0 -1
    outer loop
      vertex 8.5 114.5 0
      vertex 4.92 115.08 0
      vertex 8.5 124.5 0
    endloop
  endfacet
  facet normal -0 0 -1
    outer loop
      vertex 9.00281 128.599 0
      vertex 0 120 0
      vertex 8.95 129 0
    endloop
  endfacet
  facet normal -0 0 -1
    outer loop
      vertex 9.40398 127.904 0
      vertex 8.5 124.5 0
      vertex 9.15765 128.225 0
    endloop
  endfacet
  facet normal 0 0 -1
    outer loop
      vertex 9.00281 128.599 0
      vertex 8.5 124.5 0
      vertex 0 120 0
    endloop
  endfacet
  facet normal -0 0 -1
    outer loop
      vertex 9.15765 128.225 0
      vertex 8.5 124.5 0
      vertex 9.00281 128.599 0
    endloop
  endfacet
  facet normal 0 0 -1
    outer loop
      vertex 8.95 129 0
      vertex 3.47499 138.505 0
      vertex 9.00281 129.401 0
    endloop
  endfacet
  facet normal 0 0 -1
    outer loop
      vertex 9.40398 130.096 0
      vertex 4.79999 138.15 0
      vertex 5.48587 138.24 0
    endloop
  endfacet
  facet normal 0 0 -1
    outer loop
      vertex 9.72499 130.342 0
      vertex 5.48587 138.24 0
      vertex 6.125 138.505 0
    endloop
  endfacet
  facet normal -0 0 -1
    outer loop
      vertex 10.0988 130.497 0
      vertex 9.72499 130.342 0
      vertex 6.125 138.505 0
    endloop
  endfacet
  facet normal 0 -0 -1
    outer loop
      vertex 6.67383 138.926 0
      vertex 10.0988 130.497 0
      vertex 6.125 138.505 0
    endloop
  endfacet
  facet normal 0 0 -1
    outer loop
      vertex 6.67383 138.926 0
      vertex 10.5 130.55 0
      vertex 10.0988 130.497 0
    endloop
  endfacet
  facet normal 0 0 -1
    outer loop
      vertex 6.67383 138.926 0
      vertex 7.09496 139.475 0
      vertex 10.5 130.55 0
    endloop
  endfacet
  facet normal 0 0 -1
    outer loop
      vertex 10.5 130.55 0
      vertex 7.09496 139.475 0
      vertex 10.9012 130.497 0
    endloop
  endfacet
  facet normal -0 0 -1
    outer loop
      vertex 17.5 131 0
      vertex 10.9012 130.497 0
      vertex 7.09496 139.475 0
    endloop
  endfacet
  facet normal 0 0 -1
    outer loop
      vertex 17.5 131 0
      vertex 11.275 130.342 0
      vertex 10.9012 130.497 0
    endloop
  endfacet
  facet normal 0 0 -1
    outer loop
      vertex 17.5 131 0
      vertex 11.596 130.096 0
      vertex 11.275 130.342 0
    endloop
  endfacet
  facet normal 0 0 -1
    outer loop
      vertex 17.5 131 0
      vertex 11.8423 129.775 0
      vertex 11.596 130.096 0
    endloop
  endfacet
  facet normal 0 0 -1
    outer loop
      vertex 12.05 129 0
      vertex 11.9972 129.401 0
      vertex 17.5 131 0
    endloop
  endfacet
  facet normal 0 0 -1
    outer loop
      vertex 11.9972 128.599 0
      vertex 12.05 129 0
      vertex 17.5 131 0
    endloop
  endfacet
  facet normal 0 0 -1
    outer loop
      vertex 14.5 124.5 0
      vertex 11.9972 128.599 0
      vertex 17.5 131 0
    endloop
  endfacet
  facet normal 0 0 -1
    outer loop
      vertex 14.5 124.5 0
      vertex 11.8423 128.225 0
      vertex 11.9972 128.599 0
    endloop
  endfacet
  facet normal 0 0 -1
    outer loop
      vertex 14.5 124.5 0
      vertex 11.596 127.904 0
      vertex 11.8423 128.225 0
    endloop
  endfacet
  facet normal 0 0 -1
    outer loop
      vertex 14.5 124.5 0
      vertex 11.275 127.658 0
      vertex 11.596 127.904 0
    endloop
  endfacet
  facet normal 0 0 -1
    outer loop
      vertex 8.5 124.5 0
      vertex 10.9012 127.503 0
      vertex 14.5 124.5 0
    endloop
  endfacet
  facet normal -0 0 -1
    outer loop
      vertex 47.5 123 0
      vertex 14.5 114.5 0
      vertex 17.5 123 0
    endloop
  endfacet
  facet normal 0 0 -1
    outer loop
      vertex 10.9012 127.503 0
      vertex 11.275 127.658 0
      vertex 14.5 124.5 0
    endloop
  endfacet
  facet normal 0 0 -1
    outer loop
      vertex 14.5 114.5 0
      vertex 14.5 124.5 0
      vertex 17.5 123 0
    endloop
  endfacet
  facet normal -0 0 -1
    outer loop
      vertex 8.5 114.5 0
      vertex 5 112.79 0
      vertex 4.92 115.08 0
    endloop
  endfacet
  facet normal -0 0 -1
    outer loop
      vertex 9.72499 127.658 0
      vertex 8.5 124.5 0
      vertex 9.40398 127.904 0
    endloop
  endfacet
  facet normal 0 0 -1
    outer loop
      vertex 8.5 124.5 0
      vertex 4.92 115.08 0
      vertex 0 120 0
    endloop
  endfacet
  facet normal 0 0 -1
    outer loop
      vertex 14.5 124.5 0
      vertex 17.5 131 0
      vertex 17.5 123 0
    endloop
  endfacet
  facet normal 0 0 -1
    outer loop
      vertex 90 96.85 0
      vertex 86.5 99.5 0
      vertex 86.5 109.5 0
    endloop
  endfacet
  facet normal 0 0 -1
    outer loop
      vertex 8.5 114.5 0
      vertex 14.5 114.5 0
      vertex 14.5 109.5 0
    endloop
  endfacet
  facet normal 0 0 -1
    outer loop
      vertex 8.5 109.5 0
      vertex 5 112.79 0
      vertex 8.5 114.5 0
    endloop
  endfacet
  facet normal 0 0 -1
    outer loop
      vertex 14.5 109.5 0
      vertex 47.5 123 0
      vertex 14.5 99.5 0
    endloop
  endfacet
  facet normal 0 0 -1
    outer loop
      vertex 90 96.85 0
      vertex 86.5 109.5 0
      vertex 90 113.09 0
    endloop
  endfacet
  facet normal 0 0 -1
    outer loop
      vertex 80.5 109.5 0
      vertex 90.29 115.28 0
      vertex 86.5 109.5 0
    endloop
  endfacet
  facet normal 0 0 -1
    outer loop
      vertex 14.5 99.5 0
      vertex 12.05 95 0
      vertex 11.9972 95.4012 0
    endloop
  endfacet
  facet normal 0 0 -1
    outer loop
      vertex 80.5 99.5 0
      vertex 83.725 96.3423 0
      vertex 83.404 96.096 0
    endloop
  endfacet
  facet normal 0 0 -1
    outer loop
      vertex 47.5 123 0
      vertex 80.5 109.5 0
      vertex 80.5 99.5 0
    endloop
  endfacet
  facet normal -0 0 -1
    outer loop
      vertex 90 113.09 0
      vertex 86.5 109.5 0
      vertex 90.29 115.28 0
    endloop
  endfacet
  facet normal 0 0 -1
    outer loop
      vertex 0 89.35 0
      vertex 8.90398 83.904 0
      vertex 10.704 30.896 0
    endloop
  endfacet
  facet normal 0 -0 -1
    outer loop
      vertex 46.5807 80.3808 0
      vertex 46.85 80.1742 0
      vertex 12.575 31.1423 0
    endloop
  endfacet
  facet normal 0 0 -1
    outer loop
      vertex 0 3.51999 0
      vertex 10.25 29.8 0
      vertex 7.7 16.5 0
    endloop
  endfacet
  facet normal 0 0 -1
    outer loop
      vertex 0 89.35 0
      vertex 1.17999 91.18 0
      vertex 8.65765 85.775 0
    endloop
  endfacet
  facet normal 0 0 -1
    outer loop
      vertex 0 89.35 0
      vertex 8.50281 85.4012 0
      vertex 8.45 85 0
    endloop
  endfacet
  facet normal -0 -0 -1
    outer loop
      vertex 9.15765 94.225 0
      vertex 9.40398 93.904 0
      vertex 4.45999 94.46 0
    endloop
  endfacet
  facet normal 0 -0 -1
    outer loop
      vertex 9.00281 94.5988 0
      vertex 9.15765 94.225 0
      vertex 4.45999 94.46 0
    endloop
  endfacet
  facet normal 0 -0 -1
    outer loop
      vertex 8.95 95 0
      vertex 9.00281 94.5988 0
      vertex 4.45999 94.46 0
    endloop
  endfacet
  facet normal 0 -0 -1
    outer loop
      vertex 5 96.55 0
      vertex 8.95 95 0
      vertex 4.45999 94.46 0
    endloop
  endfacet
  facet normal -0 0 -1
    outer loop
      vertex 9.15765 95.775 0
      vertex 9.00281 95.4012 0
      vertex 5 96.55 0
    endloop
  endfacet
  facet normal 0 -0 -1
    outer loop
      vertex 8.5 99.5 0
      vertex 9.15765 95.775 0
      vertex 5 96.55 0
    endloop
  endfacet
  facet normal 0 0 -1
    outer loop
      vertex 8.5 99.5 0
      vertex 9.40398 96.096 0
      vertex 9.15765 95.775 0
    endloop
  endfacet
  facet normal 0 0 -1
    outer loop
      vertex 8.5 99.5 0
      vertex 9.72499 96.3423 0
      vertex 9.40398 96.096 0
    endloop
  endfacet
  facet normal -0 0 -1
    outer loop
      vertex 10.5 96.55 0
      vertex 10.0988 96.4972 0
      vertex 8.5 99.5 0
    endloop
  endfacet
  facet normal 0 0 -1
    outer loop
      vertex 10.9012 96.4972 0
      vertex 10.5 96.55 0
      vertex 8.5 99.5 0
    endloop
  endfacet
  facet normal -0 0 -1
    outer loop
      vertex 14.5 99.5 0
      vertex 10.9012 96.4972 0
      vertex 8.5 99.5 0
    endloop
  endfacet
  facet normal 0 0 -1
    outer loop
      vertex 14.5 99.5 0
      vertex 11.275 96.3423 0
      vertex 10.9012 96.4972 0
    endloop
  endfacet
  facet normal 0 0 -1
    outer loop
      vertex 14.5 99.5 0
      vertex 11.596 96.096 0
      vertex 11.275 96.3423 0
    endloop
  endfacet
  facet normal 0 0 -1
    outer loop
      vertex 14.5 99.5 0
      vertex 11.8423 95.775 0
      vertex 11.596 96.096 0
    endloop
  endfacet
  facet normal 0 0 -1
    outer loop
      vertex 14.5 99.5 0
      vertex 11.9972 95.4012 0
      vertex 11.8423 95.775 0
    endloop
  endfacet
  facet normal 0 0 -1
    outer loop
      vertex 14.5 99.5 0
      vertex 11.9972 94.5988 0
      vertex 12.05 95 0
    endloop
  endfacet
  facet normal 0 0 -1
    outer loop
      vertex 11.596 93.904 0
      vertex 11.096 86.096 0
      vertex 11.275 93.6577 0
    endloop
  endfacet
  facet normal 0 0 -1
    outer loop
      vertex 80.5 99.5 0
      vertex 83.0028 94.5988 0
      vertex 83.5028 85.4012 0
    endloop
  endfacet
  facet normal 0 0 -1
    outer loop
      vertex 83.6577 85.775 0
      vertex 83.1577 94.225 0
      vertex 83.404 93.904 0
    endloop
  endfacet
  facet normal 0 0 -1
    outer loop
      vertex 12.896 28.704 0
      vertex 13.1423 29.025 0
      vertex 37.3 16.5 0
    endloop
  endfacet
  facet normal 0 0 -1
    outer loop
      vertex 9.22499 86.3423 0
      vertex 9.40398 93.904 0
      vertex 9.72499 93.6577 0
    endloop
  endfacet
  facet normal 0 0 -1
    outer loop
      vertex 9.22499 86.3423 0
      vertex 4.45999 94.46 0
      vertex 9.40398 93.904 0
    endloop
  endfacet
  facet normal 0 0 -1
    outer loop
      vertex 83.6577 85.775 0
      vertex 83.404 93.904 0
      vertex 83.904 86.096 0
    endloop
  endfacet
  facet normal -0 -0 -1
    outer loop
      vertex 84.0988 93.5028 0
      vertex 84.225 86.3423 0
      vertex 83.725 93.6577 0
    endloop
  endfacet
  facet normal 0 0 -1
    outer loop
      vertex 46.3742 80.65 0
      vertex 11.3423 84.225 0
      vertex 46.2443 80.9635 0
    endloop
  endfacet
  facet normal 0 0 -1
    outer loop
      vertex 85.8423 95.775 0
      vertex 85.596 96.096 0
      vertex 86.5 99.5 0
    endloop
  endfacet
  facet normal 0 0 -1
    outer loop
      vertex 10 86.55 0
      vertex 10.0988 93.5028 0
      vertex 10.5 93.45 0
    endloop
  endfacet
  facet normal 0 0 -1
    outer loop
      vertex 11.9972 94.5988 0
      vertex 11.4972 85.4012 0
      vertex 11.8423 94.225 0
    endloop
  endfacet
  facet normal 0 0 -1
    outer loop
      vertex 10.9012 93.5028 0
      vertex 10.775 86.3423 0
      vertex 10.4012 86.4972 0
    endloop
  endfacet
  facet normal 0 0 -1
    outer loop
      vertex 48.15 82.4258 0
      vertex 47.8365 82.5557 0
      vertex 47.5 123 0
    endloop
  endfacet
  facet normal 0 0 -1
    outer loop
      vertex 80.5 99.5 0
      vertex 82.95 95 0
      vertex 83.0028 94.5988 0
    endloop
  endfacet
  facet normal 0 0 -1
    outer loop
      vertex 80.5 99.5 0
      vertex 83.0028 95.4012 0
      vertex 82.95 95 0
    endloop
  endfacet
  facet normal 0 0 -1
    outer loop
      vertex 80.5 99.5 0
      vertex 83.1577 95.775 0
      vertex 83.0028 95.4012 0
    endloop
  endfacet
  facet normal 0 0 -1
    outer loop
      vertex 80.5 99.5 0
      vertex 83.404 96.096 0
      vertex 83.1577 95.775 0
    endloop
  endfacet
  facet normal 0 0 -1
    outer loop
      vertex 80.5 99.5 0
      vertex 86.5 99.5 0
      vertex 84.0988 96.4972 0
    endloop
  endfacet
  facet normal 0 0 -1
    outer loop
      vertex 84.0988 96.4972 0
      vertex 86.5 99.5 0
      vertex 84.5 96.55 0
    endloop
  endfacet
  facet normal 0 0 -1
    outer loop
      vertex 84.5 96.55 0
      vertex 86.5 99.5 0
      vertex 84.9012 96.4972 0
    endloop
  endfacet
  facet normal 0 0 -1
    outer loop
      vertex 85.275 96.3423 0
      vertex 84.9012 96.4972 0
      vertex 86.5 99.5 0
    endloop
  endfacet
  facet normal -0 0 -1
    outer loop
      vertex 90 96.85 0
      vertex 85.8423 95.775 0
      vertex 86.5 99.5 0
    endloop
  endfacet
  facet normal 0 0 -1
    outer loop
      vertex 90 96.85 0
      vertex 85.9972 95.4012 0
      vertex 85.8423 95.775 0
    endloop
  endfacet
  facet normal 0 0 -1
    outer loop
      vertex 90 96.85 0
      vertex 86.05 95 0
      vertex 85.9972 95.4012 0
    endloop
  endfacet
  facet normal 0 -0 -1
    outer loop
      vertex 90 96.85 0
      vertex 90.33 94.66 0
      vertex 86.05 95 0
    endloop
  endfacet
  facet normal 0 -0 -1
    outer loop
      vertex 86.05 95 0
      vertex 90.33 94.66 0
      vertex 85.9972 94.5988 0
    endloop
  endfacet
  facet normal 0 -0 -1
    outer loop
      vertex 85.9972 94.5988 0
      vertex 90.33 94.66 0
      vertex 85.8423 94.225 0
    endloop
  endfacet
  facet normal 0 0 -1
    outer loop
      vertex 85.4012 86.4972 0
      vertex 85.275 93.6577 0
      vertex 85.775 86.3423 0
    endloop
  endfacet
  facet normal 0 0 -1
    outer loop
      vertex 85 86.55 0
      vertex 84.9012 93.5028 0
      vertex 85.4012 86.4972 0
    endloop
  endfacet
  facet normal 0 0 -1
    outer loop
      vertex 81.8028 65.8988 0
      vertex 47.8365 80.0443 0
      vertex 48.15 80.1742 0
    endloop
  endfacet
  facet normal 0 0 -1
    outer loop
      vertex 9.22499 86.3423 0
      vertex 9.72499 93.6577 0
      vertex 9.59882 86.4972 0
    endloop
  endfacet
  facet normal 0 0 -1
    outer loop
      vertex 0 89.35 0
      vertex 10.704 30.896 0
      vertex 10.4577 30.575 0
    endloop
  endfacet
  facet normal 0 0 -1
    outer loop
      vertex 10.3028 30.2012 0
      vertex 0 89.35 0
      vertex 10.4577 30.575 0
    endloop
  endfacet
  facet normal 0 0 -1
    outer loop
      vertex 8.90398 83.904 0
      vertex 0 89.35 0
      vertex 8.65765 84.225 0
    endloop
  endfacet
  facet normal 0 0 -1
    outer loop
      vertex 8.65765 84.225 0
      vertex 0 89.35 0
      vertex 8.50281 84.5988 0
    endloop
  endfacet
  facet normal 0 0 -1
    outer loop
      vertex 8.50281 84.5988 0
      vertex 0 89.35 0
      vertex 8.45 85 0
    endloop
  endfacet
  facet normal 0 0 -1
    outer loop
      vertex 0 89.35 0
      vertex 8.65765 85.775 0
      vertex 8.50281 85.4012 0
    endloop
  endfacet
  facet normal 0 0 -1
    outer loop
      vertex 1.17999 91.18 0
      vertex 4.45999 94.46 0
      vertex 8.90398 86.096 0
    endloop
  endfacet
  facet normal 0 0 -1
    outer loop
      vertex 1.17999 91.18 0
      vertex 8.90398 86.096 0
      vertex 8.65765 85.775 0
    endloop
  endfacet
  facet normal -0 0 -1
    outer loop
      vertex 10.0988 93.5028 0
      vertex 9.59882 86.4972 0
      vertex 9.72499 93.6577 0
    endloop
  endfacet
  facet normal 0 0 -1
    outer loop
      vertex 10.0988 93.5028 0
      vertex 10 86.55 0
      vertex 9.59882 86.4972 0
    endloop
  endfacet
  facet normal 0 0 -1
    outer loop
      vertex 10.5 93.45 0
      vertex 10.4012 86.4972 0
      vertex 10 86.55 0
    endloop
  endfacet
  facet normal 0 -0 -1
    outer loop
      vertex 10.5 93.45 0
      vertex 10.9012 93.5028 0
      vertex 10.4012 86.4972 0
    endloop
  endfacet
  facet normal 0 -0 -1
    outer loop
      vertex 10.9012 93.5028 0
      vertex 11.275 93.6577 0
      vertex 10.775 86.3423 0
    endloop
  endfacet
  facet normal 0 0 -1
    outer loop
      vertex 10.775 86.3423 0
      vertex 11.275 93.6577 0
      vertex 11.096 86.096 0
    endloop
  endfacet
  facet normal 0 0 -1
    outer loop
      vertex 11.8423 94.225 0
      vertex 11.4972 85.4012 0
      vertex 11.3423 85.775 0
    endloop
  endfacet
  facet normal 0 -0 -1
    outer loop
      vertex 11.9972 94.5988 0
      vertex 14.5 99.5 0
      vertex 11.4972 85.4012 0
    endloop
  endfacet
  facet normal 0 -0 -1
    outer loop
      vertex 11.3423 84.225 0
      vertex 46.3742 80.65 0
      vertex 11.096 83.904 0
    endloop
  endfacet
  facet normal 0 0 -1
    outer loop
      vertex 13.1423 30.575 0
      vertex 47.1635 80.0443 0
      vertex 37.3 16.5 0
    endloop
  endfacet
  facet normal 0 0 -1
    outer loop
      vertex 4.73 0 0
      vertex 0 3.51999 0
      vertex 7.7 3.5 0
    endloop
  endfacet
  facet normal -0 -0 -1
    outer loop
      vertex 83.1577 94.225 0
      vertex 83.5028 85.4012 0
      vertex 83.0028 94.5988 0
    endloop
  endfacet
  facet normal 0 0 -1
    outer loop
      vertex 81.9577 67.075 0
      vertex 48.6258 80.65 0
      vertex 48.7557 80.9635 0
    endloop
  endfacet
  facet normal 0 0 -1
    outer loop
      vertex 83.6577 84.225 0
      vertex 81.9577 67.075 0
      vertex 48.7557 80.9635 0
    endloop
  endfacet
  facet normal 0 -0 -1
    outer loop
      vertex 10.775 83.6577 0
      vertex 12.2012 31.2972 0
      vertex 10.4012 83.5028 0
    endloop
  endfacet
  facet normal 0 -0 -1
    outer loop
      vertex 10.4012 83.5028 0
      vertex 11.8 31.35 0
      vertex 10 83.45 0
    endloop
  endfacet
  facet normal 0 0 -1
    outer loop
      vertex 82.204 67.396 0
      vertex 83.904 83.904 0
      vertex 82.525 67.6423 0
    endloop
  endfacet
  facet normal 0 -0 -1
    outer loop
      vertex 86.4972 84.5988 0
      vertex 95 89.64 0
      vertex 86.3423 84.225 0
    endloop
  endfacet
  facet normal 0 0 -1
    outer loop
      vertex 48.6258 81.95 0
      vertex 83.5028 85.4012 0
      vertex 48.7557 81.6365 0
    endloop
  endfacet
  facet normal 0 0 -1
    outer loop
      vertex 85.775 86.3423 0
      vertex 85.596 93.904 0
      vertex 90.33 94.66 0
    endloop
  endfacet
  facet normal 0 0 -1
    outer loop
      vertex 10.704 30.896 0
      vertex 9.22499 83.6577 0
      vertex 11.025 31.1423 0
    endloop
  endfacet
  facet normal 0 0 -1
    outer loop
      vertex 48.4192 82.2192 0
      vertex 48.15 82.4258 0
      vertex 80.5 99.5 0
    endloop
  endfacet
  facet normal 0 0 -1
    outer loop
      vertex 47.5 123 0
      vertex 80.5 99.5 0
      vertex 48.15 82.4258 0
    endloop
  endfacet
  facet normal 0 0 -1
    outer loop
      vertex 83.725 93.6577 0
      vertex 84.225 86.3423 0
      vertex 83.904 86.096 0
    endloop
  endfacet
  facet normal -0 -0 -1
    outer loop
      vertex 83.725 93.6577 0
      vertex 83.904 86.096 0
      vertex 83.404 93.904 0
    endloop
  endfacet
  facet normal -0 0 -1
    outer loop
      vertex 84.5988 86.4972 0
      vertex 84.225 86.3423 0
      vertex 84.0988 93.5028 0
    endloop
  endfacet
  facet normal -0 -0 -1
    outer loop
      vertex 84.5 93.45 0
      vertex 84.5988 86.4972 0
      vertex 84.0988 93.5028 0
    endloop
  endfacet
  facet normal 0 0 -1
    outer loop
      vertex 84.5 93.45 0
      vertex 84.9012 93.5028 0
      vertex 85 86.55 0
    endloop
  endfacet
  facet normal 0 0 -1
    outer loop
      vertex 84.5 93.45 0
      vertex 85 86.55 0
      vertex 84.5988 86.4972 0
    endloop
  endfacet
  facet normal 0 0 -1
    outer loop
      vertex 85.775 86.3423 0
      vertex 85.275 93.6577 0
      vertex 85.596 93.904 0
    endloop
  endfacet
  facet normal 0 0 -1
    outer loop
      vertex 86.096 86.096 0
      vertex 85.775 86.3423 0
      vertex 90.33 94.66 0
    endloop
  endfacet
  facet normal -0 0 -1
    outer loop
      vertex 93.61 91.38 0
      vertex 86.096 86.096 0
      vertex 90.33 94.66 0
    endloop
  endfacet
  facet normal 0 0 -1
    outer loop
      vertex 93.61 91.38 0
      vertex 86.3423 85.775 0
      vertex 86.096 86.096 0
    endloop
  endfacet
  facet normal 0 -0 -1
    outer loop
      vertex 93.61 91.38 0
      vertex 95 89.64 0
      vertex 86.3423 85.775 0
    endloop
  endfacet
  facet normal 0 0 -1
    outer loop
      vertex 86.3423 85.775 0
      vertex 95 89.64 0
      vertex 86.4972 85.4012 0
    endloop
  endfacet
  facet normal 0 0 -1
    outer loop
      vertex 86.4972 85.4012 0
      vertex 95 89.64 0
      vertex 86.55 85 0
    endloop
  endfacet
  facet normal 0 -0 -1
    outer loop
      vertex 86.55 85 0
      vertex 95 89.64 0
      vertex 86.4972 84.5988 0
    endloop
  endfacet
  facet normal 0 0 -1
    outer loop
      vertex 95 89.64 0
      vertex 86.096 83.904 0
      vertex 86.3423 84.225 0
    endloop
  endfacet
  facet normal 0 0 -1
    outer loop
      vertex 85.4012 83.5028 0
      vertex 83.7012 67.7972 0
      vertex 85 83.45 0
    endloop
  endfacet
  facet normal -0 0 -1
    outer loop
      vertex 83.3 67.85 0
      vertex 82.8988 67.7972 0
      vertex 84.5988 83.5028 0
    endloop
  endfacet
  facet normal -0 0 -1
    outer loop
      vertex 82.8988 67.7972 0
      vertex 82.525 67.6423 0
      vertex 84.225 83.6577 0
    endloop
  endfacet
  facet normal -0 0 -1
    outer loop
      vertex 84.225 83.6577 0
      vertex 82.525 67.6423 0
      vertex 83.904 83.904 0
    endloop
  endfacet
  facet normal -0 0 -1
    outer loop
      vertex 82.8988 64.8028 0
      vertex 57.7 16.5 0
      vertex 82.525 64.9577 0
    endloop
  endfacet
  facet normal -0 0 -1
    outer loop
      vertex 83.5028 84.5988 0
      vertex 48.8 81.3 0
      vertex 83.45 85 0
    endloop
  endfacet
  facet normal 0 0 -1
    outer loop
      vertex 11.096 83.904 0
      vertex 46.3742 80.65 0
      vertex 46.5807 80.3808 0
    endloop
  endfacet
  facet normal 0 -0 -1
    outer loop
      vertex 11.096 83.904 0
      vertex 46.5807 80.3808 0
      vertex 10.775 83.6577 0
    endloop
  endfacet
  facet normal 0 0 -1
    outer loop
      vertex 46.2443 80.9635 0
      vertex 11.3423 84.225 0
      vertex 11.4972 84.5988 0
    endloop
  endfacet
  facet normal 0 0 -1
    outer loop
      vertex 11.4972 84.5988 0
      vertex 46.2 81.3 0
      vertex 46.2443 80.9635 0
    endloop
  endfacet
  facet normal 0 0 -1
    outer loop
      vertex 11.4972 84.5988 0
      vertex 11.55 85 0
      vertex 46.2 81.3 0
    endloop
  endfacet
  facet normal 0 0 -1
    outer loop
      vertex 46.2 81.3 0
      vertex 11.55 85 0
      vertex 46.2443 81.6365 0
    endloop
  endfacet
  facet normal 0 0 -1
    outer loop
      vertex 46.2443 81.6365 0
      vertex 11.55 85 0
      vertex 11.4972 85.4012 0
    endloop
  endfacet
  facet normal 0 0 -1
    outer loop
      vertex 11.4972 85.4012 0
      vertex 14.5 99.5 0
      vertex 46.3742 81.95 0
    endloop
  endfacet
  facet normal 0 0 -1
    outer loop
      vertex 46.3742 81.95 0
      vertex 14.5 99.5 0
      vertex 46.5807 82.2192 0
    endloop
  endfacet
  facet normal 0 0 -1
    outer loop
      vertex 46.5807 82.2192 0
      vertex 14.5 99.5 0
      vertex 46.85 82.4258 0
    endloop
  endfacet
  facet normal -0 0 -1
    outer loop
      vertex 47.1635 82.5557 0
      vertex 46.85 82.4258 0
      vertex 47.5 123 0
    endloop
  endfacet
  facet normal 0 0 -1
    outer loop
      vertex 46.85 82.4258 0
      vertex 14.5 99.5 0
      vertex 47.5 123 0
    endloop
  endfacet
  facet normal -0 0 -1
    outer loop
      vertex 47.5 82.6 0
      vertex 47.1635 82.5557 0
      vertex 47.5 123 0
    endloop
  endfacet
  facet normal 0 0 -1
    outer loop
      vertex 47.8365 82.5557 0
      vertex 47.5 82.6 0
      vertex 47.5 123 0
    endloop
  endfacet
  facet normal 0 0 -1
    outer loop
      vertex 80.5 99.5 0
      vertex 48.6258 81.95 0
      vertex 48.4192 82.2192 0
    endloop
  endfacet
  facet normal 0 -0 -1
    outer loop
      vertex 80.5 99.5 0
      vertex 83.5028 85.4012 0
      vertex 48.6258 81.95 0
    endloop
  endfacet
  facet normal 0 0 -1
    outer loop
      vertex 83.5028 85.4012 0
      vertex 83.45 85 0
      vertex 48.7557 81.6365 0
    endloop
  endfacet
  facet normal 0 0 -1
    outer loop
      vertex 48.7557 81.6365 0
      vertex 83.45 85 0
      vertex 48.8 81.3 0
    endloop
  endfacet
  facet normal 0 -0 -1
    outer loop
      vertex 48.8 81.3 0
      vertex 83.5028 84.5988 0
      vertex 48.7557 80.9635 0
    endloop
  endfacet
  facet normal 0 0 -1
    outer loop
      vertex 48.7557 80.9635 0
      vertex 83.5028 84.5988 0
      vertex 83.6577 84.225 0
    endloop
  endfacet
  facet normal -0 0 -1
    outer loop
      vertex 81.9577 67.075 0
      vertex 81.8028 66.7012 0
      vertex 48.6258 80.65 0
    endloop
  endfacet
  facet normal 0 0 -1
    outer loop
      vertex 81.9577 65.525 0
      vertex 47.8365 80.0443 0
      vertex 81.8028 65.8988 0
    endloop
  endfacet
  facet normal 0 0 -1
    outer loop
      vertex 37.3 16.5 0
      vertex 47.5 80 0
      vertex 57.7 16.5 0
    endloop
  endfacet
  facet normal 0 0 -1
    outer loop
      vertex 57.7 16.5 0
      vertex 47.5 80 0
      vertex 47.8365 80.0443 0
    endloop
  endfacet
  facet normal 0 -0 -1
    outer loop
      vertex 82.8988 64.8028 0
      vertex 87.3 16.5 0
      vertex 57.7 16.5 0
    endloop
  endfacet
  facet normal -0 0 -1
    outer loop
      vertex 83.904 83.904 0
      vertex 82.204 67.396 0
      vertex 83.6577 84.225 0
    endloop
  endfacet
  facet normal 0 -0 -1
    outer loop
      vertex 84.225 83.6577 0
      vertex 84.5988 83.5028 0
      vertex 82.8988 67.7972 0
    endloop
  endfacet
  facet normal 0 -0 -1
    outer loop
      vertex 46.85 80.1742 0
      vertex 47.1635 80.0443 0
      vertex 12.896 30.896 0
    endloop
  endfacet
  facet normal 0 0 -1
    outer loop
      vertex 48.15 80.1742 0
      vertex 81.75 66.3 0
      vertex 81.8028 65.8988 0
    endloop
  endfacet
  facet normal 0 0 -1
    outer loop
      vertex 48.15 80.1742 0
      vertex 48.4192 80.3808 0
      vertex 81.75 66.3 0
    endloop
  endfacet
  facet normal 0 0 -1
    outer loop
      vertex 81.75 66.3 0
      vertex 48.4192 80.3808 0
      vertex 81.8028 66.7012 0
    endloop
  endfacet
  facet normal 0 0 -1
    outer loop
      vertex 81.8028 66.7012 0
      vertex 48.4192 80.3808 0
      vertex 48.6258 80.65 0
    endloop
  endfacet
  facet normal 0 0 -1
    outer loop
      vertex 83.6577 84.225 0
      vertex 82.204 67.396 0
      vertex 81.9577 67.075 0
    endloop
  endfacet
  facet normal 0 -0 -1
    outer loop
      vertex 84.5988 83.5028 0
      vertex 85 83.45 0
      vertex 83.3 67.85 0
    endloop
  endfacet
  facet normal 0 0 -1
    outer loop
      vertex 83.3 67.85 0
      vertex 85 83.45 0
      vertex 83.7012 67.7972 0
    endloop
  endfacet
  facet normal 0 0 -1
    outer loop
      vertex 83.7012 67.7972 0
      vertex 85.4012 83.5028 0
      vertex 84.075 67.6423 0
    endloop
  endfacet
  facet normal 0 0 -1
    outer loop
      vertex 84.075 67.6423 0
      vertex 85.4012 83.5028 0
      vertex 85.775 83.6577 0
    endloop
  endfacet
  facet normal 0 0 -1
    outer loop
      vertex 84.396 67.396 0
      vertex 84.075 67.6423 0
      vertex 85.775 83.6577 0
    endloop
  endfacet
  facet normal 0 0 -1
    outer loop
      vertex 86.096 83.904 0
      vertex 84.396 67.396 0
      vertex 85.775 83.6577 0
    endloop
  endfacet
  facet normal 0 0 -1
    outer loop
      vertex 86.096 83.904 0
      vertex 84.6423 67.075 0
      vertex 84.396 67.396 0
    endloop
  endfacet
  facet normal 0 0 -1
    outer loop
      vertex 95 89.64 0
      vertex 84.7972 65.8988 0
      vertex 84.85 66.3 0
    endloop
  endfacet
  facet normal 0 0 -1
    outer loop
      vertex 84.6423 67.075 0
      vertex 86.096 83.904 0
      vertex 95 89.64 0
    endloop
  endfacet
  facet normal 0 0 -1
    outer loop
      vertex 84.85 66.3 0
      vertex 84.7972 66.7012 0
      vertex 95 89.64 0
    endloop
  endfacet
  facet normal 0 0 -1
    outer loop
      vertex 84.7972 66.7012 0
      vertex 84.6423 67.075 0
      vertex 95 89.64 0
    endloop
  endfacet
  facet normal 0 -0 -1
    outer loop
      vertex 95 89.64 0
      vertex 95 3.81 0
      vertex 84.7972 65.8988 0
    endloop
  endfacet
  facet normal 0 -0 -1
    outer loop
      vertex 84.7972 65.8988 0
      vertex 87.3 16.5 0
      vertex 84.6423 65.525 0
    endloop
  endfacet
  facet normal 0 -0 -1
    outer loop
      vertex 84.6423 65.525 0
      vertex 87.3 16.5 0
      vertex 84.396 65.204 0
    endloop
  endfacet
  facet normal 0 -0 -1
    outer loop
      vertex 84.396 65.204 0
      vertex 87.3 16.5 0
      vertex 84.075 64.9577 0
    endloop
  endfacet
  facet normal 0 -0 -1
    outer loop
      vertex 84.075 64.9577 0
      vertex 87.3 16.5 0
      vertex 83.7012 64.8028 0
    endloop
  endfacet
  facet normal 0 0 -1
    outer loop
      vertex 87.3 16.5 0
      vertex 82.8988 64.8028 0
      vertex 83.3 64.75 0
    endloop
  endfacet
  facet normal -0 0 -1
    outer loop
      vertex 11.8 31.35 0
      vertex 11.3988 31.2972 0
      vertex 10 83.45 0
    endloop
  endfacet
  facet normal 0 0 -1
    outer loop
      vertex 10.704 30.896 0
      vertex 8.90398 83.904 0
      vertex 9.22499 83.6577 0
    endloop
  endfacet
  facet normal 0 -0 -1
    outer loop
      vertex 11.025 28.4577 0
      vertex 11.3988 28.3028 0
      vertex 7.7 16.5 0
    endloop
  endfacet
  facet normal 0 0 -1
    outer loop
      vertex 10.4012 83.5028 0
      vertex 12.2012 31.2972 0
      vertex 11.8 31.35 0
    endloop
  endfacet
  facet normal 0 -0 -1
    outer loop
      vertex 10.704 28.704 0
      vertex 11.025 28.4577 0
      vertex 7.7 16.5 0
    endloop
  endfacet
  facet normal 0 -0 -1
    outer loop
      vertex 10.4577 29.025 0
      vertex 10.704 28.704 0
      vertex 7.7 16.5 0
    endloop
  endfacet
  facet normal 0 -0 -1
    outer loop
      vertex 10.3028 29.3988 0
      vertex 10.4577 29.025 0
      vertex 7.7 16.5 0
    endloop
  endfacet
  facet normal 0 -0 -1
    outer loop
      vertex 10.25 29.8 0
      vertex 10.3028 29.3988 0
      vertex 7.7 16.5 0
    endloop
  endfacet
  facet normal -0 0 -1
    outer loop
      vertex 10.3028 30.2012 0
      vertex 0 3.51999 0
      vertex 0 89.35 0
    endloop
  endfacet
  facet normal -0 0 -1
    outer loop
      vertex 10.25 29.8 0
      vertex 0 3.51999 0
      vertex 10.3028 30.2012 0
    endloop
  endfacet
  facet normal 0 0 -1
    outer loop
      vertex 11.025 31.1423 0
      vertex 9.22499 83.6577 0
      vertex 9.59882 83.5028 0
    endloop
  endfacet
  facet normal -0 -0 -1
    outer loop
      vertex 10 83.45 0
      vertex 11.3988 31.2972 0
      vertex 9.59882 83.5028 0
    endloop
  endfacet
  facet normal -0 0 -1
    outer loop
      vertex 11.3988 31.2972 0
      vertex 11.025 31.1423 0
      vertex 9.59882 83.5028 0
    endloop
  endfacet
  facet normal 0 0 -1
    outer loop
      vertex 10.775 83.6577 0
      vertex 12.575 31.1423 0
      vertex 12.2012 31.2972 0
    endloop
  endfacet
  facet normal 0 0 -1
    outer loop
      vertex 10.775 83.6577 0
      vertex 46.5807 80.3808 0
      vertex 12.575 31.1423 0
    endloop
  endfacet
  facet normal 0 0 -1
    outer loop
      vertex 12.575 31.1423 0
      vertex 46.85 80.1742 0
      vertex 12.896 30.896 0
    endloop
  endfacet
  facet normal 0 0 -1
    outer loop
      vertex 12.896 30.896 0
      vertex 47.1635 80.0443 0
      vertex 13.1423 30.575 0
    endloop
  endfacet
  facet normal 0 0 -1
    outer loop
      vertex 13.1423 30.575 0
      vertex 37.3 16.5 0
      vertex 13.2972 30.2012 0
    endloop
  endfacet
  facet normal 0 -0 -1
    outer loop
      vertex 47.1635 80.0443 0
      vertex 47.5 80 0
      vertex 37.3 16.5 0
    endloop
  endfacet
  facet normal 0 -0 -1
    outer loop
      vertex 13.35 29.8 0
      vertex 37.3 16.5 0
      vertex 13.2972 29.3988 0
    endloop
  endfacet
  facet normal 0 0 -1
    outer loop
      vertex 13.35 29.8 0
      vertex 13.2972 30.2012 0
      vertex 37.3 16.5 0
    endloop
  endfacet
  facet normal 0 0 -1
    outer loop
      vertex 90.56 0 0
      vertex 4.73 0 0
      vertex 57.7 3.5 0
    endloop
  endfacet
  facet normal 0 -0 -1
    outer loop
      vertex 81.9577 65.525 0
      vertex 82.204 65.204 0
      vertex 57.7 16.5 0
    endloop
  endfacet
  facet normal 0 0 -1
    outer loop
      vertex 13.1423 29.025 0
      vertex 13.2972 29.3988 0
      vertex 37.3 16.5 0
    endloop
  endfacet
  facet normal 0 0 -1
    outer loop
      vertex 7.7 16.5 0
      vertex 12.575 28.4577 0
      vertex 12.896 28.704 0
    endloop
  endfacet
  facet normal -0 0 -1
    outer loop
      vertex 37.3 3.5 0
      vertex 4.73 0 0
      vertex 7.7 3.5 0
    endloop
  endfacet
  facet normal 0 0 -1
    outer loop
      vertex 7.7 16.5 0
      vertex 11.8 28.25 0
      vertex 12.2012 28.3028 0
    endloop
  endfacet
  facet normal 0 0 -1
    outer loop
      vertex 7.7 16.5 0
      vertex 11.3988 28.3028 0
      vertex 11.8 28.25 0
    endloop
  endfacet
  facet normal 0 0 -1
    outer loop
      vertex 37.3 3.5 0
      vertex 37.3 16.5 0
      vertex 57.7 3.5 0
    endloop
  endfacet
  facet normal 0 0 -1
    outer loop
      vertex 7.7 16.5 0
      vertex 12.896 28.704 0
      vertex 37.3 16.5 0
    endloop
  endfacet
  facet normal 0 0 -1
    outer loop
      vertex 7.7 16.5 0
      vertex 12.2012 28.3028 0
      vertex 12.575 28.4577 0
    endloop
  endfacet
  facet normal 0 0 -1
    outer loop
      vertex 0 3.51999 0
      vertex 7.7 16.5 0
      vertex 7.7 3.5 0
    endloop
  endfacet
  facet normal 0 0 -1
    outer loop
      vertex 57.7 3.5 0
      vertex 87.3 3.5 0
      vertex 90.56 0 0
    endloop
  endfacet
  facet normal 0 0 -1
    outer loop
      vertex 47.8365 80.0443 0
      vertex 81.9577 65.525 0
      vertex 57.7 16.5 0
    endloop
  endfacet
  facet normal 0 0 -1
    outer loop
      vertex 90.56 0 0
      vertex 87.3 3.5 0
      vertex 95 3.81 0
    endloop
  endfacet
  facet normal 0 0 -1
    outer loop
      vertex 83.3 64.75 0
      vertex 83.7012 64.8028 0
      vertex 87.3 16.5 0
    endloop
  endfacet
  facet normal 0 -0 -1
    outer loop
      vertex 37.3 3.5 0
      vertex 57.7 3.5 0
      vertex 4.73 0 0
    endloop
  endfacet
  facet normal -0 0 -1
    outer loop
      vertex 82.525 64.9577 0
      vertex 57.7 16.5 0
      vertex 82.204 65.204 0
    endloop
  endfacet
  facet normal -0 -0 -1
    outer loop
      vertex 57.7 16.5 0
      vertex 57.7 3.5 0
      vertex 37.3 16.5 0
    endloop
  endfacet
  facet normal 0 0 -1
    outer loop
      vertex 87.3 3.5 0
      vertex 87.3 16.5 0
      vertex 95 3.81 0
    endloop
  endfacet
  facet normal 0 0 -1
    outer loop
      vertex 87.3 16.5 0
      vertex 84.7972 65.8988 0
      vertex 95 3.81 0
    endloop
  endfacet
  facet normal 0 0 1
    outer loop
      vertex 95 3.81 3
      vertex 92.87 0.12999 3
      vertex 94.63 1.54999 3
    endloop
  endfacet
  facet normal 0 0 1
    outer loop
      vertex 11.3423 85.775 3
      vertex 11.8423 94.225 3
      vertex 11.596 93.904 3
    endloop
  endfacet
  facet normal 0 0 1
    outer loop
      vertex 95 3.81 3
      vertex 90.56 0 3
      vertex 92.87 0.12999 3
    endloop
  endfacet
  facet normal 0 0 1
    outer loop
      vertex 86.5 99.5 3
      vertex 85.275 96.3423 3
      vertex 85.596 96.096 3
    endloop
  endfacet
  facet normal 0 0 1
    outer loop
      vertex 14.5 109.5 3
      vertex 47.5 123 3
      vertex 14.5 114.5 3
    endloop
  endfacet
  facet normal 0 0 1
    outer loop
      vertex 16 165.532 3
      vertex 19.2423 187.042 3
      vertex 18.6225 187.85 3
    endloop
  endfacet
  facet normal 0 0 1
    outer loop
      vertex 45.7679 199 3
      vertex 45.5681 199.482 3
      vertex 28.3972 193.701 3
    endloop
  endfacet
  facet normal 0 0 1
    outer loop
      vertex 0 201.19 3
      vertex 2.12999 204.87 3
      vertex 0.369995 203.45 3
    endloop
  endfacet
  facet normal 0 0 1
    outer loop
      vertex 95 201.48 3
      vertex 94.47 203.7 3
      vertex 92.58 204.94 3
    endloop
  endfacet
  facet normal 0 0 1
    outer loop
      vertex 83.404 130.096 3
      vertex 48.7557 139.036 3
      vertex 83.1577 129.775 3
    endloop
  endfacet
  facet normal -0 0 1
    outer loop
      vertex 48.5 198.268 3
      vertex 77.8028 187.499 3
      vertex 48.9142 198.586 3
    endloop
  endfacet
  facet normal 0 0 1
    outer loop
      vertex 95 201.48 3
      vertex 92.58 204.94 3
      vertex 90.27 205 3
    endloop
  endfacet
  facet normal 0 0 1
    outer loop
      vertex 46.5 198.268 3
      vertex 28.2423 192.525 3
      vertex 46.9824 198.068 3
    endloop
  endfacet
  facet normal 0 0 1
    outer loop
      vertex 4.43999 205 3
      vertex 2.12999 204.87 3
      vertex 0 201.19 3
    endloop
  endfacet
  facet normal 0 -0 1
    outer loop
      vertex 78.204 161.096 3
      vertex 78.204 186.804 3
      vertex 77.9577 160.775 3
    endloop
  endfacet
  facet normal 0 0 1
    outer loop
      vertex 29.8423 144.025 3
      vertex 46.2 138.7 3
      vertex 46.2443 139.036 3
    endloop
  endfacet
  facet normal 0 -0 1
    outer loop
      vertex 8.95 95 3
      vertex 9.00281 95.4012 3
      vertex 5 96.55 3
    endloop
  endfacet
  facet normal -0 0 1
    outer loop
      vertex 47.8365 137.444 3
      vertex 47.5 131 3
      vertex 48.15 137.574 3
    endloop
  endfacet
  facet normal 0 -0 1
    outer loop
      vertex 83.725 96.3423 3
      vertex 84.0988 96.4972 3
      vertex 80.5 99.5 3
    endloop
  endfacet
  facet normal 0 -0 1
    outer loop
      vertex 9.72499 96.3423 3
      vertex 10.0988 96.4972 3
      vertex 8.5 99.5 3
    endloop
  endfacet
  facet normal 0 0 1
    outer loop
      vertex 9.22499 86.3423 3
      vertex 4.45999 94.46 3
      vertex 8.90398 86.096 3
    endloop
  endfacet
  facet normal 0 0 1
    outer loop
      vertex 85.596 93.904 3
      vertex 90.33 94.66 3
      vertex 85.8423 94.225 3
    endloop
  endfacet
  facet normal 0 -0 1
    outer loop
      vertex 11.3423 85.775 3
      vertex 11.596 93.904 3
      vertex 11.096 86.096 3
    endloop
  endfacet
  facet normal 0 0 1
    outer loop
      vertex 83.1577 94.225 3
      vertex 83.5028 85.4012 3
      vertex 83.6577 85.775 3
    endloop
  endfacet
  facet normal -0 -0 1
    outer loop
      vertex 0.529999 1.29999 3
      vertex 2.42 0.0599976 3
      vertex 0 3.51999 3
    endloop
  endfacet
  facet normal -0 -0 1
    outer loop
      vertex 2.42 0.0599976 3
      vertex 4.73 0 3
      vertex 0 3.51999 3
    endloop
  endfacet
  facet normal 0 0 1
    outer loop
      vertex 85.275 93.6577 3
      vertex 84.9012 93.5028 3
      vertex 85.4012 86.4972 3
    endloop
  endfacet
  facet normal 0 0 1
    outer loop
      vertex 27.675 191.958 3
      vertex 27.3012 191.803 3
      vertex 25.9 189.8 3
    endloop
  endfacet
  facet normal 0 -0 1
    outer loop
      vertex 28.2423 194.075 3
      vertex 45.5 200 3
      vertex 27.996 194.396 3
    endloop
  endfacet
  facet normal 0 0 1
    outer loop
      vertex 46.0858 198.586 3
      vertex 28.45 193.3 3
      vertex 28.3972 192.899 3
    endloop
  endfacet
  facet normal 0 -0 1
    outer loop
      vertex 48.0176 201.932 3
      vertex 90.27 205 3
      vertex 47.5 202 3
    endloop
  endfacet
  facet normal 0 0 1
    outer loop
      vertex 25.4028 192.899 3
      vertex 24.7577 192.558 3
      vertex 25.5576 192.525 3
    endloop
  endfacet
  facet normal 0 -0 1
    outer loop
      vertex 45.5681 200.518 3
      vertex 45.7679 201 3
      vertex 27.675 194.642 3
    endloop
  endfacet
  facet normal 0 0 1
    outer loop
      vertex 45.7679 201 3
      vertex 27.3012 194.797 3
      vertex 27.675 194.642 3
    endloop
  endfacet
  facet normal 0 0 1
    outer loop
      vertex 46.0858 201.414 3
      vertex 27.3012 194.797 3
      vertex 45.7679 201 3
    endloop
  endfacet
  facet normal -0 0 1
    outer loop
      vertex 26.9 194.85 3
      vertex 27.3012 194.797 3
      vertex 46.0858 201.414 3
    endloop
  endfacet
  facet normal 0 -0 1
    outer loop
      vertex 26.9 194.85 3
      vertex 46.0858 201.414 3
      vertex 4.43999 205 3
    endloop
  endfacet
  facet normal 0 0 1
    outer loop
      vertex 25.35 193.3 3
      vertex 23.95 193.177 3
      vertex 24.7577 192.558 3
    endloop
  endfacet
  facet normal 0 0 1
    outer loop
      vertex 46.5 201.732 3
      vertex 4.43999 205 3
      vertex 46.0858 201.414 3
    endloop
  endfacet
  facet normal 0 0 1
    outer loop
      vertex 46.9824 201.932 3
      vertex 4.43999 205 3
      vertex 46.5 201.732 3
    endloop
  endfacet
  facet normal 0 0 1
    outer loop
      vertex 47.5 202 3
      vertex 4.43999 205 3
      vertex 46.9824 201.932 3
    endloop
  endfacet
  facet normal 0 0 1
    outer loop
      vertex 90.27 205 3
      vertex 4.43999 205 3
      vertex 47.5 202 3
    endloop
  endfacet
  facet normal 0 -0 1
    outer loop
      vertex 48.5 201.732 3
      vertex 90.27 205 3
      vertex 48.0176 201.932 3
    endloop
  endfacet
  facet normal 0 -0 1
    outer loop
      vertex 48.9142 201.414 3
      vertex 90.27 205 3
      vertex 48.5 201.732 3
    endloop
  endfacet
  facet normal 0 -0 1
    outer loop
      vertex 49.232 201 3
      vertex 90.27 205 3
      vertex 48.9142 201.414 3
    endloop
  endfacet
  facet normal 0 -0 1
    outer loop
      vertex 49.4318 200.518 3
      vertex 90.27 205 3
      vertex 49.232 201 3
    endloop
  endfacet
  facet normal 0 0 1
    outer loop
      vertex 48.9142 198.586 3
      vertex 77.8028 187.499 3
      vertex 77.75 187.9 3
    endloop
  endfacet
  facet normal 0 0 1
    outer loop
      vertex 48.5 198.268 3
      vertex 77.9577 187.125 3
      vertex 77.8028 187.499 3
    endloop
  endfacet
  facet normal 0 0 1
    outer loop
      vertex 18.732 164.8 3
      vertex 24.7577 187.042 3
      vertex 23.95 186.423 3
    endloop
  endfacet
  facet normal -0 0 1
    outer loop
      vertex 80.7972 188.301 3
      vertex 80.85 187.9 3
      vertex 95 201.48 3
    endloop
  endfacet
  facet normal -0 0 1
    outer loop
      vertex 17.5176 165.732 3
      vertex 18 165.532 3
      vertex 22 185.9 3
    endloop
  endfacet
  facet normal 0 0 1
    outer loop
      vertex 47.5 198 3
      vertex 46.9824 198.068 3
      vertex 25.3775 187.85 3
    endloop
  endfacet
  facet normal 0 -0 1
    outer loop
      vertex 25.9 189.8 3
      vertex 26.9 191.75 3
      vertex 25.7671 190.809 3
    endloop
  endfacet
  facet normal 0 0 1
    outer loop
      vertex 78.204 186.804 3
      vertex 77.9577 187.125 3
      vertex 77.9577 160.775 3
    endloop
  endfacet
  facet normal -0 0 1
    outer loop
      vertex 25.3775 191.75 3
      vertex 25.7671 190.809 3
      vertex 26.125 191.958 3
    endloop
  endfacet
  facet normal 0 0 1
    outer loop
      vertex 26.125 191.958 3
      vertex 25.7671 190.809 3
      vertex 26.4988 191.803 3
    endloop
  endfacet
  facet normal 0 0 1
    outer loop
      vertex 25.5576 192.525 3
      vertex 25.3775 191.75 3
      vertex 25.804 192.204 3
    endloop
  endfacet
  facet normal 0 0 1
    outer loop
      vertex 25.4028 193.701 3
      vertex 23.95 193.177 3
      vertex 25.35 193.3 3
    endloop
  endfacet
  facet normal 0 0 1
    outer loop
      vertex 25.5576 194.075 3
      vertex 23.0094 193.567 3
      vertex 23.95 193.177 3
    endloop
  endfacet
  facet normal 0 -0 1
    outer loop
      vertex 15.0681 164.318 3
      vertex 15.2679 164.8 3
      vertex 0 201.19 3
    endloop
  endfacet
  facet normal 0 0 1
    outer loop
      vertex 18.6225 187.85 3
      vertex 18.2329 188.791 3
      vertex 0 201.19 3
    endloop
  endfacet
  facet normal 0 0 1
    outer loop
      vertex 18.2329 188.791 3
      vertex 18.1 189.8 3
      vertex 0 201.19 3
    endloop
  endfacet
  facet normal 0 -0 1
    outer loop
      vertex 18.2329 190.809 3
      vertex 18.6225 191.75 3
      vertex 0 201.19 3
    endloop
  endfacet
  facet normal 0 0 1
    outer loop
      vertex 20.05 193.177 3
      vertex 4.43999 205 3
      vertex 19.2423 192.558 3
    endloop
  endfacet
  facet normal 0 0 1
    outer loop
      vertex 22 193.7 3
      vertex 4.43999 205 3
      vertex 20.9906 193.567 3
    endloop
  endfacet
  facet normal 0 0 1
    outer loop
      vertex 26.9 194.85 3
      vertex 4.43999 205 3
      vertex 26.4988 194.797 3
    endloop
  endfacet
  facet normal -0 0 1
    outer loop
      vertex 27.675 194.642 3
      vertex 27.996 194.396 3
      vertex 45.5681 200.518 3
    endloop
  endfacet
  facet normal 0 0 1
    outer loop
      vertex 27.996 194.396 3
      vertex 45.5 200 3
      vertex 45.5681 200.518 3
    endloop
  endfacet
  facet normal 0 0 1
    outer loop
      vertex 28.2423 194.075 3
      vertex 45.5681 199.482 3
      vertex 45.5 200 3
    endloop
  endfacet
  facet normal 0 -0 1
    outer loop
      vertex 28.3972 193.701 3
      vertex 45.5681 199.482 3
      vertex 28.2423 194.075 3
    endloop
  endfacet
  facet normal 0 -0 1
    outer loop
      vertex 28.45 193.3 3
      vertex 45.7679 199 3
      vertex 28.3972 193.701 3
    endloop
  endfacet
  facet normal 0 0 1
    outer loop
      vertex 46.0858 198.586 3
      vertex 45.7679 199 3
      vertex 28.45 193.3 3
    endloop
  endfacet
  facet normal 0 0 1
    outer loop
      vertex 46.5 198.268 3
      vertex 46.0858 198.586 3
      vertex 28.3972 192.899 3
    endloop
  endfacet
  facet normal 0 0 1
    outer loop
      vertex 46.5 198.268 3
      vertex 28.3972 192.899 3
      vertex 28.2423 192.525 3
    endloop
  endfacet
  facet normal 0 0 1
    outer loop
      vertex 46.9824 198.068 3
      vertex 28.2423 192.525 3
      vertex 27.996 192.204 3
    endloop
  endfacet
  facet normal 0 0 1
    outer loop
      vertex 25.7671 188.791 3
      vertex 27.996 192.204 3
      vertex 27.675 191.958 3
    endloop
  endfacet
  facet normal -0 0 1
    outer loop
      vertex 25.3775 187.85 3
      vertex 24.7577 187.042 3
      vertex 47.5 198 3
    endloop
  endfacet
  facet normal 0 0 1
    outer loop
      vertex 25.9 189.8 3
      vertex 27.3012 191.803 3
      vertex 26.9 191.75 3
    endloop
  endfacet
  facet normal 0 0 1
    outer loop
      vertex 28.0988 143.303 3
      vertex 27.725 143.458 3
      vertex 17.5 131 3
    endloop
  endfacet
  facet normal 0 0 1
    outer loop
      vertex 15.5858 165.214 3
      vertex 16 165.532 3
      vertex 18.6225 187.85 3
    endloop
  endfacet
  facet normal 0 0 1
    outer loop
      vertex 15.5858 165.214 3
      vertex 0 201.19 3
      vertex 15.2679 164.8 3
    endloop
  endfacet
  facet normal 0 -0 1
    outer loop
      vertex 15.5858 165.214 3
      vertex 18.6225 187.85 3
      vertex 0 201.19 3
    endloop
  endfacet
  facet normal 0 0 1
    outer loop
      vertex 16 153.532 3
      vertex 15.5858 162.386 3
      vertex 15.5858 153.214 3
    endloop
  endfacet
  facet normal 0 0 1
    outer loop
      vertex 23.0094 193.567 3
      vertex 25.5576 194.075 3
      vertex 25.804 194.396 3
    endloop
  endfacet
  facet normal 0 -0 1
    outer loop
      vertex 18.1 189.8 3
      vertex 18.2329 190.809 3
      vertex 0 201.19 3
    endloop
  endfacet
  facet normal -0 0 1
    outer loop
      vertex 22 193.7 3
      vertex 23.0094 193.567 3
      vertex 26.125 194.642 3
    endloop
  endfacet
  facet normal 0 0 1
    outer loop
      vertex 18.6225 191.75 3
      vertex 4.43999 205 3
      vertex 0 201.19 3
    endloop
  endfacet
  facet normal 0 0 1
    outer loop
      vertex 19.2423 192.558 3
      vertex 4.43999 205 3
      vertex 18.6225 191.75 3
    endloop
  endfacet
  facet normal 0 0 1
    outer loop
      vertex 22 193.7 3
      vertex 26.125 194.642 3
      vertex 26.4988 194.797 3
    endloop
  endfacet
  facet normal 0 0 1
    outer loop
      vertex 20.9906 193.567 3
      vertex 4.43999 205 3
      vertex 20.05 193.177 3
    endloop
  endfacet
  facet normal 0 -0 1
    outer loop
      vertex 22 193.7 3
      vertex 26.4988 194.797 3
      vertex 4.43999 205 3
    endloop
  endfacet
  facet normal 0 0 1
    outer loop
      vertex 23.0094 193.567 3
      vertex 25.804 194.396 3
      vertex 26.125 194.642 3
    endloop
  endfacet
  facet normal 0 -0 1
    outer loop
      vertex 25.4028 193.701 3
      vertex 25.5576 194.075 3
      vertex 23.95 193.177 3
    endloop
  endfacet
  facet normal 0 0 1
    outer loop
      vertex 25.4028 192.899 3
      vertex 25.35 193.3 3
      vertex 24.7577 192.558 3
    endloop
  endfacet
  facet normal 0 0 1
    outer loop
      vertex 25.5576 192.525 3
      vertex 24.7577 192.558 3
      vertex 25.3775 191.75 3
    endloop
  endfacet
  facet normal 0 0 1
    outer loop
      vertex 25.804 192.204 3
      vertex 25.3775 191.75 3
      vertex 26.125 191.958 3
    endloop
  endfacet
  facet normal 0 0 1
    outer loop
      vertex 26.4988 191.803 3
      vertex 25.7671 190.809 3
      vertex 26.9 191.75 3
    endloop
  endfacet
  facet normal 0 0 1
    outer loop
      vertex 25.3775 187.85 3
      vertex 27.996 192.204 3
      vertex 25.7671 188.791 3
    endloop
  endfacet
  facet normal 0 0 1
    outer loop
      vertex 25.7671 188.791 3
      vertex 27.675 191.958 3
      vertex 25.9 189.8 3
    endloop
  endfacet
  facet normal 0 0 1
    outer loop
      vertex 46.9824 198.068 3
      vertex 27.996 192.204 3
      vertex 25.3775 187.85 3
    endloop
  endfacet
  facet normal -0 0 1
    outer loop
      vertex 18.4142 165.214 3
      vertex 18.732 164.8 3
      vertex 23.95 186.423 3
    endloop
  endfacet
  facet normal -0 0 1
    outer loop
      vertex 80.7972 160.401 3
      vertex 80.85 160 3
      vertex 95 201.48 3
    endloop
  endfacet
  facet normal -0 0 1
    outer loop
      vertex 18 162.068 3
      vertex 18 153.532 3
      vertex 18.4142 162.386 3
    endloop
  endfacet
  facet normal 0 0 1
    outer loop
      vertex 16 165.532 3
      vertex 16.4824 165.732 3
      vertex 19.2423 187.042 3
    endloop
  endfacet
  facet normal -0 0 1
    outer loop
      vertex 18 165.532 3
      vertex 18.4142 165.214 3
      vertex 23.0094 186.033 3
    endloop
  endfacet
  facet normal -0 0 1
    outer loop
      vertex 24.7577 187.042 3
      vertex 18.9318 164.318 3
      vertex 47.5 198 3
    endloop
  endfacet
  facet normal 0 0 1
    outer loop
      vertex 78.8988 189.397 3
      vertex 79.3 189.45 3
      vertex 90.27 205 3
    endloop
  endfacet
  facet normal -0 0 1
    outer loop
      vertex 48.0176 198.068 3
      vertex 77.9577 187.125 3
      vertex 48.5 198.268 3
    endloop
  endfacet
  facet normal 0 0 1
    outer loop
      vertex 49.232 199 3
      vertex 48.9142 198.586 3
      vertex 77.75 187.9 3
    endloop
  endfacet
  facet normal 0 0 1
    outer loop
      vertex 49.232 199 3
      vertex 77.75 187.9 3
      vertex 77.8028 188.301 3
    endloop
  endfacet
  facet normal -0 0 1
    outer loop
      vertex 49.232 199 3
      vertex 77.8028 188.301 3
      vertex 49.4318 199.482 3
    endloop
  endfacet
  facet normal 0 -0 1
    outer loop
      vertex 77.8028 188.301 3
      vertex 77.9577 188.675 3
      vertex 49.4318 199.482 3
    endloop
  endfacet
  facet normal 0 0 1
    outer loop
      vertex 77.9577 188.675 3
      vertex 49.5 200 3
      vertex 49.4318 199.482 3
    endloop
  endfacet
  facet normal 0 0 1
    outer loop
      vertex 49.4318 200.518 3
      vertex 49.5 200 3
      vertex 78.204 188.996 3
    endloop
  endfacet
  facet normal 0 0 1
    outer loop
      vertex 78.204 188.996 3
      vertex 49.5 200 3
      vertex 77.9577 188.675 3
    endloop
  endfacet
  facet normal 0 0 1
    outer loop
      vertex 78.525 189.242 3
      vertex 49.4318 200.518 3
      vertex 78.204 188.996 3
    endloop
  endfacet
  facet normal 0 0 1
    outer loop
      vertex 90.27 205 3
      vertex 78.525 189.242 3
      vertex 78.8988 189.397 3
    endloop
  endfacet
  facet normal 0 0 1
    outer loop
      vertex 90.27 205 3
      vertex 49.4318 200.518 3
      vertex 78.525 189.242 3
    endloop
  endfacet
  facet normal -0 0 1
    outer loop
      vertex 79.3 189.45 3
      vertex 79.7012 189.397 3
      vertex 90.27 205 3
    endloop
  endfacet
  facet normal -0 0 1
    outer loop
      vertex 79.7012 189.397 3
      vertex 80.075 189.242 3
      vertex 90.27 205 3
    endloop
  endfacet
  facet normal -0 0 1
    outer loop
      vertex 80.075 189.242 3
      vertex 80.396 188.996 3
      vertex 90.27 205 3
    endloop
  endfacet
  facet normal 0 0 1
    outer loop
      vertex 80.396 188.996 3
      vertex 95 201.48 3
      vertex 90.27 205 3
    endloop
  endfacet
  facet normal 0 -0 1
    outer loop
      vertex 80.6423 188.675 3
      vertex 95 201.48 3
      vertex 80.396 188.996 3
    endloop
  endfacet
  facet normal 0 -0 1
    outer loop
      vertex 80.7972 188.301 3
      vertex 95 201.48 3
      vertex 80.6423 188.675 3
    endloop
  endfacet
  facet normal -0 0 1
    outer loop
      vertex 80.85 187.9 3
      vertex 80.7972 187.499 3
      vertex 95 201.48 3
    endloop
  endfacet
  facet normal -0 0 1
    outer loop
      vertex 80.7972 187.499 3
      vertex 80.6423 187.125 3
      vertex 95 201.48 3
    endloop
  endfacet
  facet normal 0 0 1
    outer loop
      vertex 79.7012 186.403 3
      vertex 79.7012 161.497 3
      vertex 80.075 161.342 3
    endloop
  endfacet
  facet normal 0 0 1
    outer loop
      vertex 79.3 186.35 3
      vertex 79.3 161.55 3
      vertex 79.7012 161.497 3
    endloop
  endfacet
  facet normal 0 0 1
    outer loop
      vertex 78.8988 161.497 3
      vertex 78.525 186.558 3
      vertex 78.525 161.342 3
    endloop
  endfacet
  facet normal 0 0 1
    outer loop
      vertex 78.525 186.558 3
      vertex 78.204 186.804 3
      vertex 78.525 161.342 3
    endloop
  endfacet
  facet normal 0 0 1
    outer loop
      vertex 78.204 186.804 3
      vertex 78.204 161.096 3
      vertex 78.525 161.342 3
    endloop
  endfacet
  facet normal 0 0 1
    outer loop
      vertex 47.5 198 3
      vertex 47.5 140 3
      vertex 77.8028 160.401 3
    endloop
  endfacet
  facet normal 0 -0 1
    outer loop
      vertex 17 165.8 3
      vertex 20.05 186.423 3
      vertex 16.4824 165.732 3
    endloop
  endfacet
  facet normal 0 -0 1
    outer loop
      vertex 15.2679 152.8 3
      vertex 15.2679 162.8 3
      vertex 15.0681 163.282 3
    endloop
  endfacet
  facet normal 0 0 1
    outer loop
      vertex 15.2679 152.8 3
      vertex 15.0681 163.282 3
      vertex 15.0681 152.318 3
    endloop
  endfacet
  facet normal 0 0 1
    outer loop
      vertex 2.92616 142.674 3
      vertex 15 163.8 3
      vertex 15.0681 164.318 3
    endloop
  endfacet
  facet normal 0 -0 1
    outer loop
      vertex 7.45 140.8 3
      vertex 16.4824 149.868 3
      vertex 7.3597 141.486 3
    endloop
  endfacet
  facet normal 0 0 1
    outer loop
      vertex 0 201.19 3
      vertex 2.92616 142.674 3
      vertex 15.0681 164.318 3
    endloop
  endfacet
  facet normal 0 -0 1
    outer loop
      vertex 2.50502 142.125 3
      vertex 2.92616 142.674 3
      vertex 0 201.19 3
    endloop
  endfacet
  facet normal 0 0 1
    outer loop
      vertex 19.2423 187.042 3
      vertex 16.4824 165.732 3
      vertex 20.05 186.423 3
    endloop
  endfacet
  facet normal 0 0 1
    outer loop
      vertex 20.05 186.423 3
      vertex 17 165.8 3
      vertex 20.9906 186.033 3
    endloop
  endfacet
  facet normal -0 0 1
    outer loop
      vertex 17 165.8 3
      vertex 17.5176 165.732 3
      vertex 20.9906 186.033 3
    endloop
  endfacet
  facet normal 0 0 1
    outer loop
      vertex 17.5176 165.732 3
      vertex 22 185.9 3
      vertex 20.9906 186.033 3
    endloop
  endfacet
  facet normal 0 0 1
    outer loop
      vertex 18 165.532 3
      vertex 23.0094 186.033 3
      vertex 22 185.9 3
    endloop
  endfacet
  facet normal 0 0 1
    outer loop
      vertex 18.4142 165.214 3
      vertex 23.95 186.423 3
      vertex 23.0094 186.033 3
    endloop
  endfacet
  facet normal -0 0 1
    outer loop
      vertex 18.732 164.8 3
      vertex 18.9318 164.318 3
      vertex 24.7577 187.042 3
    endloop
  endfacet
  facet normal -0 -0 1
    outer loop
      vertex 28.5 146.35 3
      vertex 28.9012 146.297 3
      vertex 18.9318 163.282 3
    endloop
  endfacet
  facet normal 0 0 1
    outer loop
      vertex 27.725 146.142 3
      vertex 18.9318 151.282 3
      vertex 27.404 145.896 3
    endloop
  endfacet
  facet normal 0 0 1
    outer loop
      vertex 29.275 146.142 3
      vertex 18.9318 164.318 3
      vertex 19 163.8 3
    endloop
  endfacet
  facet normal 0 0 1
    outer loop
      vertex 48.0176 198.068 3
      vertex 77.8028 160.401 3
      vertex 77.9577 160.775 3
    endloop
  endfacet
  facet normal 0 0 1
    outer loop
      vertex 18 150.068 3
      vertex 26.95 144.8 3
      vertex 27.0028 145.201 3
    endloop
  endfacet
  facet normal -0 0 1
    outer loop
      vertex 48.4192 139.619 3
      vertex 48.6258 139.35 3
      vertex 77.9577 159.225 3
    endloop
  endfacet
  facet normal 0 0 1
    outer loop
      vertex 85.9972 128.599 3
      vertex 85.8423 128.225 3
      vertex 95 120.29 3
    endloop
  endfacet
  facet normal 0 0 1
    outer loop
      vertex 16 153.532 3
      vertex 16.4824 161.868 3
      vertex 16 162.068 3
    endloop
  endfacet
  facet normal 0 -0 1
    outer loop
      vertex 16 153.532 3
      vertex 16 162.068 3
      vertex 15.5858 162.386 3
    endloop
  endfacet
  facet normal -0 -0 1
    outer loop
      vertex 85.596 130.096 3
      vertex 85.8423 129.775 3
      vertex 80.7972 159.599 3
    endloop
  endfacet
  facet normal 0 0 1
    outer loop
      vertex 48.0176 198.068 3
      vertex 77.9577 160.775 3
      vertex 77.9577 187.125 3
    endloop
  endfacet
  facet normal -0 0 1
    outer loop
      vertex 18.9318 151.282 3
      vertex 27.725 146.142 3
      vertex 19 151.8 3
    endloop
  endfacet
  facet normal 0 0 1
    outer loop
      vertex 78.525 186.558 3
      vertex 78.8988 161.497 3
      vertex 78.8988 186.403 3
    endloop
  endfacet
  facet normal 0 0 1
    outer loop
      vertex 18 153.532 3
      vertex 17.5176 161.868 3
      vertex 17.5176 153.732 3
    endloop
  endfacet
  facet normal 0 0 1
    outer loop
      vertex 18.4142 162.386 3
      vertex 18 153.532 3
      vertex 18.4142 153.214 3
    endloop
  endfacet
  facet normal 0 0 1
    outer loop
      vertex 18.9318 151.282 3
      vertex 18.732 150.8 3
      vertex 27.404 145.896 3
    endloop
  endfacet
  facet normal 0 0 1
    outer loop
      vertex 29.275 146.142 3
      vertex 19 163.8 3
      vertex 28.9012 146.297 3
    endloop
  endfacet
  facet normal 0 0 1
    outer loop
      vertex 48.0176 198.068 3
      vertex 47.5 198 3
      vertex 77.8028 160.401 3
    endloop
  endfacet
  facet normal 0 0 1
    outer loop
      vertex 19 163.8 3
      vertex 18.9318 163.282 3
      vertex 28.9012 146.297 3
    endloop
  endfacet
  facet normal 0 0 1
    outer loop
      vertex 78.8988 161.497 3
      vertex 79.3 161.55 3
      vertex 78.8988 186.403 3
    endloop
  endfacet
  facet normal 0 -0 1
    outer loop
      vertex 79.3 161.55 3
      vertex 79.3 186.35 3
      vertex 78.8988 186.403 3
    endloop
  endfacet
  facet normal 0 -0 1
    outer loop
      vertex 79.7012 161.497 3
      vertex 79.7012 186.403 3
      vertex 79.3 186.35 3
    endloop
  endfacet
  facet normal 0 -0 1
    outer loop
      vertex 80.075 161.342 3
      vertex 80.075 186.558 3
      vertex 79.7012 186.403 3
    endloop
  endfacet
  facet normal 0 0 1
    outer loop
      vertex 80.396 161.096 3
      vertex 80.075 186.558 3
      vertex 80.075 161.342 3
    endloop
  endfacet
  facet normal -0 0 1
    outer loop
      vertex 80.85 160 3
      vertex 95 120.29 3
      vertex 95 201.48 3
    endloop
  endfacet
  facet normal 0 -0 1
    outer loop
      vertex 80.396 161.096 3
      vertex 80.396 186.804 3
      vertex 80.075 186.558 3
    endloop
  endfacet
  facet normal 0 0 1
    outer loop
      vertex 80.6423 160.775 3
      vertex 80.396 186.804 3
      vertex 80.396 161.096 3
    endloop
  endfacet
  facet normal 0 0 1
    outer loop
      vertex 80.6423 187.125 3
      vertex 80.396 186.804 3
      vertex 80.6423 160.775 3
    endloop
  endfacet
  facet normal -0 0 1
    outer loop
      vertex 80.6423 187.125 3
      vertex 80.6423 160.775 3
      vertex 95 201.48 3
    endloop
  endfacet
  facet normal -0 0 1
    outer loop
      vertex 80.6423 160.775 3
      vertex 80.7972 160.401 3
      vertex 95 201.48 3
    endloop
  endfacet
  facet normal -0 0 1
    outer loop
      vertex 80.7972 159.599 3
      vertex 95 120.29 3
      vertex 80.85 160 3
    endloop
  endfacet
  facet normal -0 -0 1
    outer loop
      vertex 84.5 130.55 3
      vertex 84.9012 130.497 3
      vertex 80.075 158.658 3
    endloop
  endfacet
  facet normal 0 0 1
    outer loop
      vertex 79.3 158.45 3
      vertex 78.8988 158.503 3
      vertex 83.725 130.342 3
    endloop
  endfacet
  facet normal 0 0 1
    outer loop
      vertex 78.8988 158.503 3
      vertex 83.404 130.096 3
      vertex 83.725 130.342 3
    endloop
  endfacet
  facet normal 0 0 1
    outer loop
      vertex 78.525 158.658 3
      vertex 83.404 130.096 3
      vertex 78.8988 158.503 3
    endloop
  endfacet
  facet normal -0 0 1
    outer loop
      vertex 48.7557 139.036 3
      vertex 83.404 130.096 3
      vertex 78.525 158.658 3
    endloop
  endfacet
  facet normal 0 0 1
    outer loop
      vertex 16.4824 161.868 3
      vertex 17 153.8 3
      vertex 17 161.8 3
    endloop
  endfacet
  facet normal 0 0 1
    outer loop
      vertex 17.5176 149.868 3
      vertex 27.1577 144.025 3
      vertex 27.0028 144.399 3
    endloop
  endfacet
  facet normal 0 0 1
    outer loop
      vertex 8.5 109.5 3
      vertex 5 112.79 3
      vertex 5 96.55 3
    endloop
  endfacet
  facet normal 0 -0 1
    outer loop
      vertex 6.67383 142.674 3
      vertex 15.2679 150.8 3
      vertex 6.125 143.095 3
    endloop
  endfacet
  facet normal 0 0 1
    outer loop
      vertex 5.48587 143.36 3
      vertex 15.0681 151.282 3
      vertex 15 151.8 3
    endloop
  endfacet
  facet normal 0 -0 1
    outer loop
      vertex 5.48587 143.36 3
      vertex 15 151.8 3
      vertex 4.79999 143.45 3
    endloop
  endfacet
  facet normal 0 -0 1
    outer loop
      vertex 15 151.8 3
      vertex 15.0681 152.318 3
      vertex 4.79999 143.45 3
    endloop
  endfacet
  facet normal 0 0 1
    outer loop
      vertex 15.0681 163.282 3
      vertex 4.11412 143.36 3
      vertex 15.0681 152.318 3
    endloop
  endfacet
  facet normal 0 0 1
    outer loop
      vertex 15.0681 152.318 3
      vertex 4.11412 143.36 3
      vertex 4.79999 143.45 3
    endloop
  endfacet
  facet normal 0 -0 1
    outer loop
      vertex 15.5858 153.214 3
      vertex 15.5858 162.386 3
      vertex 15.2679 162.8 3
    endloop
  endfacet
  facet normal 0 0 1
    outer loop
      vertex 15.2679 152.8 3
      vertex 15.5858 153.214 3
      vertex 15.2679 162.8 3
    endloop
  endfacet
  facet normal 0 0 1
    outer loop
      vertex 16 153.532 3
      vertex 16.4824 153.732 3
      vertex 16.4824 161.868 3
    endloop
  endfacet
  facet normal 0 0 1
    outer loop
      vertex 16.4824 153.732 3
      vertex 17 153.8 3
      vertex 16.4824 161.868 3
    endloop
  endfacet
  facet normal -0 0 1
    outer loop
      vertex 17 153.8 3
      vertex 17.5176 153.732 3
      vertex 17 161.8 3
    endloop
  endfacet
  facet normal 0 -0 1
    outer loop
      vertex 17.5176 153.732 3
      vertex 17.5176 161.868 3
      vertex 17 161.8 3
    endloop
  endfacet
  facet normal 0 -0 1
    outer loop
      vertex 18 153.532 3
      vertex 18 162.068 3
      vertex 17.5176 161.868 3
    endloop
  endfacet
  facet normal -0 0 1
    outer loop
      vertex 18.4142 153.214 3
      vertex 18.732 152.8 3
      vertex 18.4142 162.386 3
    endloop
  endfacet
  facet normal 0 -0 1
    outer loop
      vertex 18.732 152.8 3
      vertex 18.732 162.8 3
      vertex 18.4142 162.386 3
    endloop
  endfacet
  facet normal 0 0 1
    outer loop
      vertex 18.4142 150.386 3
      vertex 18 150.068 3
      vertex 27.0028 145.201 3
    endloop
  endfacet
  facet normal -0 -0 1
    outer loop
      vertex 29.275 146.142 3
      vertex 29.596 145.896 3
      vertex 18.9318 164.318 3
    endloop
  endfacet
  facet normal 0 -0 1
    outer loop
      vertex 46.85 139.826 3
      vertex 47.1635 139.956 3
      vertex 29.8423 145.575 3
    endloop
  endfacet
  facet normal 0 0 1
    outer loop
      vertex 26.95 144.8 3
      vertex 18 150.068 3
      vertex 17.5176 149.868 3
    endloop
  endfacet
  facet normal 0 -0 1
    outer loop
      vertex 47.8365 139.956 3
      vertex 77.8028 160.401 3
      vertex 47.5 140 3
    endloop
  endfacet
  facet normal 0 0 1
    outer loop
      vertex 17.5176 149.868 3
      vertex 17 149.8 3
      vertex 27.1577 144.025 3
    endloop
  endfacet
  facet normal -0 0 1
    outer loop
      vertex 7.09496 142.125 3
      vertex 7.3597 141.486 3
      vertex 16 150.068 3
    endloop
  endfacet
  facet normal 0 0 1
    outer loop
      vertex 7.09496 142.125 3
      vertex 16 150.068 3
      vertex 15.5858 150.386 3
    endloop
  endfacet
  facet normal 0 0 1
    outer loop
      vertex 14.5 109.5 3
      vertex 8.5 114.5 3
      vertex 8.5 109.5 3
    endloop
  endfacet
  facet normal 0 0 1
    outer loop
      vertex 29.275 143.458 3
      vertex 28.9012 143.303 3
      vertex 47.5 131 3
    endloop
  endfacet
  facet normal 0 0 1
    outer loop
      vertex 27.725 143.458 3
      vertex 27.404 143.704 3
      vertex 17.5 131 3
    endloop
  endfacet
  facet normal 0 -0 1
    outer loop
      vertex 9.40398 130.096 3
      vertex 9.72499 130.342 3
      vertex 5.48587 138.24 3
    endloop
  endfacet
  facet normal -0 0 1
    outer loop
      vertex 7.3597 140.114 3
      vertex 17.5 131 3
      vertex 7.45 140.8 3
    endloop
  endfacet
  facet normal 0 0 1
    outer loop
      vertex 17.5176 149.868 3
      vertex 27.0028 144.399 3
      vertex 26.95 144.8 3
    endloop
  endfacet
  facet normal 0 0 1
    outer loop
      vertex 18.732 150.8 3
      vertex 18.4142 150.386 3
      vertex 27.1577 145.575 3
    endloop
  endfacet
  facet normal 0 0 1
    outer loop
      vertex 27.1577 145.575 3
      vertex 18.4142 150.386 3
      vertex 27.0028 145.201 3
    endloop
  endfacet
  facet normal 0 0 1
    outer loop
      vertex 18.732 150.8 3
      vertex 27.1577 145.575 3
      vertex 27.404 145.896 3
    endloop
  endfacet
  facet normal 0 0 1
    outer loop
      vertex 28.0988 146.297 3
      vertex 19 151.8 3
      vertex 27.725 146.142 3
    endloop
  endfacet
  facet normal 0 0 1
    outer loop
      vertex 18.9318 152.318 3
      vertex 19 151.8 3
      vertex 28.0988 146.297 3
    endloop
  endfacet
  facet normal 0 0 1
    outer loop
      vertex 18.9318 152.318 3
      vertex 28.0988 146.297 3
      vertex 28.5 146.35 3
    endloop
  endfacet
  facet normal -0 -0 1
    outer loop
      vertex 18.9318 152.318 3
      vertex 28.5 146.35 3
      vertex 18.732 152.8 3
    endloop
  endfacet
  facet normal 0 0 1
    outer loop
      vertex 28.5 146.35 3
      vertex 18.732 162.8 3
      vertex 18.732 152.8 3
    endloop
  endfacet
  facet normal 0 0 1
    outer loop
      vertex 18.9318 163.282 3
      vertex 18.732 162.8 3
      vertex 28.5 146.35 3
    endloop
  endfacet
  facet normal 0 0 1
    outer loop
      vertex 29.9972 145.201 3
      vertex 46.5807 139.619 3
      vertex 46.85 139.826 3
    endloop
  endfacet
  facet normal 0 -0 1
    outer loop
      vertex 47.5 140 3
      vertex 47.5 198 3
      vertex 18.9318 164.318 3
    endloop
  endfacet
  facet normal 0 0 1
    outer loop
      vertex 29.8423 144.025 3
      vertex 29.596 143.704 3
      vertex 46.2 138.7 3
    endloop
  endfacet
  facet normal 0 0 1
    outer loop
      vertex 29.596 143.704 3
      vertex 46.2443 138.364 3
      vertex 46.2 138.7 3
    endloop
  endfacet
  facet normal 0 0 1
    outer loop
      vertex 47.8365 139.956 3
      vertex 77.75 160 3
      vertex 77.8028 160.401 3
    endloop
  endfacet
  facet normal 0 0 1
    outer loop
      vertex 48.15 139.826 3
      vertex 77.8028 159.599 3
      vertex 77.75 160 3
    endloop
  endfacet
  facet normal 0 0 1
    outer loop
      vertex 17.5 131 3
      vertex 28.9012 143.303 3
      vertex 28.5 143.25 3
    endloop
  endfacet
  facet normal 0 0 1
    outer loop
      vertex 47.5 131 3
      vertex 48.7557 138.364 3
      vertex 48.6258 138.05 3
    endloop
  endfacet
  facet normal 0 0 1
    outer loop
      vertex 46.85 137.574 3
      vertex 46.5807 137.781 3
      vertex 47.5 131 3
    endloop
  endfacet
  facet normal 0 0 1
    outer loop
      vertex 46.3742 138.05 3
      vertex 29.275 143.458 3
      vertex 47.5 131 3
    endloop
  endfacet
  facet normal 0 0 1
    outer loop
      vertex 3.47499 138.505 3
      vertex 0 120 3
      vertex 8.95 129 3
    endloop
  endfacet
  facet normal 0 0 1
    outer loop
      vertex 4.11412 138.24 3
      vertex 3.47499 138.505 3
      vertex 9.00281 129.401 3
    endloop
  endfacet
  facet normal 0 0 1
    outer loop
      vertex 10.9012 127.503 3
      vertex 10.5 127.45 3
      vertex 8.5 124.5 3
    endloop
  endfacet
  facet normal 0 0 1
    outer loop
      vertex 0 120 3
      vertex 3.47499 138.505 3
      vertex 2.92616 138.926 3
    endloop
  endfacet
  facet normal 0 0 1
    outer loop
      vertex 0 120 3
      vertex 2.92616 138.926 3
      vertex 2.50502 139.475 3
    endloop
  endfacet
  facet normal 0 0 1
    outer loop
      vertex 0 120 3
      vertex 2.50502 139.475 3
      vertex 2.2403 140.114 3
    endloop
  endfacet
  facet normal 0 0 1
    outer loop
      vertex 0 120 3
      vertex 2.14999 140.8 3
      vertex 0 201.19 3
    endloop
  endfacet
  facet normal 0 0 1
    outer loop
      vertex 0 120 3
      vertex 2.2403 140.114 3
      vertex 2.14999 140.8 3
    endloop
  endfacet
  facet normal 0 -0 1
    outer loop
      vertex 2.14999 140.8 3
      vertex 2.2403 141.486 3
      vertex 0 201.19 3
    endloop
  endfacet
  facet normal 0 -0 1
    outer loop
      vertex 2.2403 141.486 3
      vertex 2.50502 142.125 3
      vertex 0 201.19 3
    endloop
  endfacet
  facet normal 0 0 1
    outer loop
      vertex 15.0681 163.282 3
      vertex 15 163.8 3
      vertex 3.47499 143.095 3
    endloop
  endfacet
  facet normal 0 -0 1
    outer loop
      vertex 3.47499 143.095 3
      vertex 15 163.8 3
      vertex 2.92616 142.674 3
    endloop
  endfacet
  facet normal 0 0 1
    outer loop
      vertex 15.0681 163.282 3
      vertex 3.47499 143.095 3
      vertex 4.11412 143.36 3
    endloop
  endfacet
  facet normal -0 0 1
    outer loop
      vertex 5.48587 143.36 3
      vertex 6.125 143.095 3
      vertex 15.0681 151.282 3
    endloop
  endfacet
  facet normal 0 0 1
    outer loop
      vertex 6.125 143.095 3
      vertex 15.2679 150.8 3
      vertex 15.0681 151.282 3
    endloop
  endfacet
  facet normal 0 0 1
    outer loop
      vertex 6.67383 142.674 3
      vertex 15.5858 150.386 3
      vertex 15.2679 150.8 3
    endloop
  endfacet
  facet normal 0 -0 1
    outer loop
      vertex 7.09496 142.125 3
      vertex 15.5858 150.386 3
      vertex 6.67383 142.674 3
    endloop
  endfacet
  facet normal 0 0 1
    outer loop
      vertex 7.3597 141.486 3
      vertex 16.4824 149.868 3
      vertex 16 150.068 3
    endloop
  endfacet
  facet normal 0 0 1
    outer loop
      vertex 7.45 140.8 3
      vertex 17 149.8 3
      vertex 16.4824 149.868 3
    endloop
  endfacet
  facet normal 0 0 1
    outer loop
      vertex 17.5 131 3
      vertex 17 149.8 3
      vertex 7.45 140.8 3
    endloop
  endfacet
  facet normal 0 -0 1
    outer loop
      vertex 17.5 131 3
      vertex 27.1577 144.025 3
      vertex 17 149.8 3
    endloop
  endfacet
  facet normal 0 0 1
    outer loop
      vertex 17.5 131 3
      vertex 27.404 143.704 3
      vertex 27.1577 144.025 3
    endloop
  endfacet
  facet normal 0 0 1
    outer loop
      vertex 4.11412 138.24 3
      vertex 9.15765 129.775 3
      vertex 4.79999 138.15 3
    endloop
  endfacet
  facet normal 0 -0 1
    outer loop
      vertex 9.00281 129.401 3
      vertex 9.15765 129.775 3
      vertex 4.11412 138.24 3
    endloop
  endfacet
  facet normal 0 0 1
    outer loop
      vertex 10.0988 127.503 3
      vertex 8.5 124.5 3
      vertex 10.5 127.45 3
    endloop
  endfacet
  facet normal 0 -0 1
    outer loop
      vertex 11.9972 129.401 3
      vertex 17.5 131 3
      vertex 11.8423 129.775 3
    endloop
  endfacet
  facet normal 0 0 1
    outer loop
      vertex 17.5 131 3
      vertex 47.5 131 3
      vertex 28.9012 143.303 3
    endloop
  endfacet
  facet normal 0 0 1
    outer loop
      vertex 78.204 158.904 3
      vertex 48.6258 139.35 3
      vertex 48.7557 139.036 3
    endloop
  endfacet
  facet normal 0 0 1
    outer loop
      vertex 46.5807 137.781 3
      vertex 46.3742 138.05 3
      vertex 47.5 131 3
    endloop
  endfacet
  facet normal 0 -0 1
    outer loop
      vertex 48.15 139.826 3
      vertex 77.75 160 3
      vertex 47.8365 139.956 3
    endloop
  endfacet
  facet normal -0 0 1
    outer loop
      vertex 29.275 143.458 3
      vertex 46.2443 138.364 3
      vertex 29.596 143.704 3
    endloop
  endfacet
  facet normal 0 0 1
    outer loop
      vertex 29.275 143.458 3
      vertex 46.3742 138.05 3
      vertex 46.2443 138.364 3
    endloop
  endfacet
  facet normal 0 0 1
    outer loop
      vertex 46.2443 139.036 3
      vertex 29.9972 144.399 3
      vertex 29.8423 144.025 3
    endloop
  endfacet
  facet normal 0 0 1
    outer loop
      vertex 46.3742 139.35 3
      vertex 29.9972 144.399 3
      vertex 46.2443 139.036 3
    endloop
  endfacet
  facet normal 0 0 1
    outer loop
      vertex 30.05 144.8 3
      vertex 29.9972 144.399 3
      vertex 46.3742 139.35 3
    endloop
  endfacet
  facet normal 0 0 1
    outer loop
      vertex 30.05 144.8 3
      vertex 46.3742 139.35 3
      vertex 46.5807 139.619 3
    endloop
  endfacet
  facet normal -0 -0 1
    outer loop
      vertex 30.05 144.8 3
      vertex 46.5807 139.619 3
      vertex 29.9972 145.201 3
    endloop
  endfacet
  facet normal -0 -0 1
    outer loop
      vertex 29.9972 145.201 3
      vertex 46.85 139.826 3
      vertex 29.8423 145.575 3
    endloop
  endfacet
  facet normal -0 -0 1
    outer loop
      vertex 29.8423 145.575 3
      vertex 47.1635 139.956 3
      vertex 29.596 145.896 3
    endloop
  endfacet
  facet normal 0 0 1
    outer loop
      vertex 47.5 140 3
      vertex 18.9318 164.318 3
      vertex 29.596 145.896 3
    endloop
  endfacet
  facet normal 0 -0 1
    outer loop
      vertex 47.1635 139.956 3
      vertex 47.5 140 3
      vertex 29.596 145.896 3
    endloop
  endfacet
  facet normal 0 -0 1
    outer loop
      vertex 48.4192 139.619 3
      vertex 77.8028 159.599 3
      vertex 48.15 139.826 3
    endloop
  endfacet
  facet normal 0 0 1
    outer loop
      vertex 77.9577 159.225 3
      vertex 77.8028 159.599 3
      vertex 48.4192 139.619 3
    endloop
  endfacet
  facet normal 0 0 1
    outer loop
      vertex 78.204 158.904 3
      vertex 77.9577 159.225 3
      vertex 48.6258 139.35 3
    endloop
  endfacet
  facet normal 0 0 1
    outer loop
      vertex 78.525 158.658 3
      vertex 78.204 158.904 3
      vertex 48.7557 139.036 3
    endloop
  endfacet
  facet normal 0 0 1
    outer loop
      vertex 83.0028 129.401 3
      vertex 47.5 131 3
      vertex 82.95 129 3
    endloop
  endfacet
  facet normal 0 0 1
    outer loop
      vertex 83.0028 128.599 3
      vertex 47.5 123 3
      vertex 83.1577 128.225 3
    endloop
  endfacet
  facet normal -0 0 1
    outer loop
      vertex 47.5 123 3
      vertex 80.5 109.5 3
      vertex 83.1577 128.225 3
    endloop
  endfacet
  facet normal 0 0 1
    outer loop
      vertex 85.275 127.658 3
      vertex 84.9012 127.503 3
      vertex 93.57 118.56 3
    endloop
  endfacet
  facet normal 0 0 1
    outer loop
      vertex 48.6258 138.05 3
      vertex 48.4192 137.781 3
      vertex 47.5 131 3
    endloop
  endfacet
  facet normal 0 0 1
    outer loop
      vertex 80.5 109.5 3
      vertex 90.29 115.28 3
      vertex 84.0988 127.503 3
    endloop
  endfacet
  facet normal -0 0 1
    outer loop
      vertex 48.15 137.574 3
      vertex 47.5 131 3
      vertex 48.4192 137.781 3
    endloop
  endfacet
  facet normal 0 0 1
    outer loop
      vertex 90.29 115.28 3
      vertex 84.5 127.45 3
      vertex 84.0988 127.503 3
    endloop
  endfacet
  facet normal 0 0 1
    outer loop
      vertex 80.5 109.5 3
      vertex 84.0988 127.503 3
      vertex 83.725 127.658 3
    endloop
  endfacet
  facet normal 0 0 1
    outer loop
      vertex 11.4972 85.4012 3
      vertex 46.2443 81.6365 3
      vertex 46.3742 81.95 3
    endloop
  endfacet
  facet normal 0 0 1
    outer loop
      vertex 47.5 131 3
      vertex 47.1635 137.444 3
      vertex 46.85 137.574 3
    endloop
  endfacet
  facet normal 0 0 1
    outer loop
      vertex 28.0988 143.303 3
      vertex 17.5 131 3
      vertex 28.5 143.25 3
    endloop
  endfacet
  facet normal 0 -0 1
    outer loop
      vertex 8.5 99.5 3
      vertex 8.5 109.5 3
      vertex 5 96.55 3
    endloop
  endfacet
  facet normal -0 0 1
    outer loop
      vertex 7.09496 139.475 3
      vertex 17.5 131 3
      vertex 7.3597 140.114 3
    endloop
  endfacet
  facet normal -0 0 1
    outer loop
      vertex 47.5 137.4 3
      vertex 47.5 131 3
      vertex 47.8365 137.444 3
    endloop
  endfacet
  facet normal 0 0 1
    outer loop
      vertex 47.5 137.4 3
      vertex 47.1635 137.444 3
      vertex 47.5 131 3
    endloop
  endfacet
  facet normal 0 -0 1
    outer loop
      vertex 83.0028 129.401 3
      vertex 83.1577 129.775 3
      vertex 48.8 138.7 3
    endloop
  endfacet
  facet normal 0 0 1
    outer loop
      vertex 80.5 109.5 3
      vertex 83.725 127.658 3
      vertex 83.404 127.904 3
    endloop
  endfacet
  facet normal 0 0 1
    outer loop
      vertex 80.5 109.5 3
      vertex 83.404 127.904 3
      vertex 83.1577 128.225 3
    endloop
  endfacet
  facet normal 0 0 1
    outer loop
      vertex 82.95 129 3
      vertex 47.5 123 3
      vertex 83.0028 128.599 3
    endloop
  endfacet
  facet normal 0 0 1
    outer loop
      vertex 47.5 131 3
      vertex 47.5 123 3
      vertex 82.95 129 3
    endloop
  endfacet
  facet normal 0 0 1
    outer loop
      vertex 48.7557 138.364 3
      vertex 47.5 131 3
      vertex 83.0028 129.401 3
    endloop
  endfacet
  facet normal -0 0 1
    outer loop
      vertex 48.7557 138.364 3
      vertex 83.0028 129.401 3
      vertex 48.8 138.7 3
    endloop
  endfacet
  facet normal 0 0 1
    outer loop
      vertex 83.1577 129.775 3
      vertex 48.7557 139.036 3
      vertex 48.8 138.7 3
    endloop
  endfacet
  facet normal 0 0 1
    outer loop
      vertex 84.0988 130.497 3
      vertex 79.3 158.45 3
      vertex 83.725 130.342 3
    endloop
  endfacet
  facet normal -0 0 1
    outer loop
      vertex 79.3 158.45 3
      vertex 84.0988 130.497 3
      vertex 79.7012 158.503 3
    endloop
  endfacet
  facet normal 0 -0 1
    outer loop
      vertex 84.0988 130.497 3
      vertex 84.5 130.55 3
      vertex 79.7012 158.503 3
    endloop
  endfacet
  facet normal 0 0 1
    outer loop
      vertex 84.5 130.55 3
      vertex 80.075 158.658 3
      vertex 79.7012 158.503 3
    endloop
  endfacet
  facet normal 0 0 1
    outer loop
      vertex 84.9012 130.497 3
      vertex 80.396 158.904 3
      vertex 80.075 158.658 3
    endloop
  endfacet
  facet normal 0 0 1
    outer loop
      vertex 85.275 130.342 3
      vertex 80.396 158.904 3
      vertex 84.9012 130.497 3
    endloop
  endfacet
  facet normal 0 0 1
    outer loop
      vertex 80.6423 159.225 3
      vertex 80.396 158.904 3
      vertex 85.275 130.342 3
    endloop
  endfacet
  facet normal 0 0 1
    outer loop
      vertex 80.6423 159.225 3
      vertex 85.275 130.342 3
      vertex 85.596 130.096 3
    endloop
  endfacet
  facet normal -0 0 1
    outer loop
      vertex 80.6423 159.225 3
      vertex 85.596 130.096 3
      vertex 80.7972 159.599 3
    endloop
  endfacet
  facet normal 0 0 1
    outer loop
      vertex 95 120.29 3
      vertex 80.7972 159.599 3
      vertex 85.8423 129.775 3
    endloop
  endfacet
  facet normal 0 0 1
    outer loop
      vertex 95 120.29 3
      vertex 85.8423 129.775 3
      vertex 85.9972 129.401 3
    endloop
  endfacet
  facet normal 0 0 1
    outer loop
      vertex 95 120.29 3
      vertex 85.9972 129.401 3
      vertex 86.05 129 3
    endloop
  endfacet
  facet normal 0 0 1
    outer loop
      vertex 95 120.29 3
      vertex 86.05 129 3
      vertex 85.9972 128.599 3
    endloop
  endfacet
  facet normal -0 0 1
    outer loop
      vertex 85.596 127.904 3
      vertex 95 120.29 3
      vertex 85.8423 128.225 3
    endloop
  endfacet
  facet normal 0 -0 1
    outer loop
      vertex 93.57 118.56 3
      vertex 95 120.29 3
      vertex 85.596 127.904 3
    endloop
  endfacet
  facet normal 0 0 1
    outer loop
      vertex 93.57 118.56 3
      vertex 85.596 127.904 3
      vertex 85.275 127.658 3
    endloop
  endfacet
  facet normal 0 0 1
    outer loop
      vertex 90.29 115.28 3
      vertex 84.9012 127.503 3
      vertex 84.5 127.45 3
    endloop
  endfacet
  facet normal 0 -0 1
    outer loop
      vertex 90.29 115.28 3
      vertex 93.57 118.56 3
      vertex 84.9012 127.503 3
    endloop
  endfacet
  facet normal 0 0 1
    outer loop
      vertex 9.40398 130.096 3
      vertex 4.79999 138.15 3
      vertex 9.15765 129.775 3
    endloop
  endfacet
  facet normal 0 0 1
    outer loop
      vertex 9.72499 127.658 3
      vertex 8.5 124.5 3
      vertex 10.0988 127.503 3
    endloop
  endfacet
  facet normal 0 0 1
    outer loop
      vertex 8.5 124.5 3
      vertex 4.92 115.08 3
      vertex 8.5 114.5 3
    endloop
  endfacet
  facet normal 0 0 1
    outer loop
      vertex 8.95 129 3
      vertex 0 120 3
      vertex 9.00281 128.599 3
    endloop
  endfacet
  facet normal 0 0 1
    outer loop
      vertex 9.15765 128.225 3
      vertex 8.5 124.5 3
      vertex 9.40398 127.904 3
    endloop
  endfacet
  facet normal 0 0 1
    outer loop
      vertex 0 120 3
      vertex 8.5 124.5 3
      vertex 9.00281 128.599 3
    endloop
  endfacet
  facet normal 0 0 1
    outer loop
      vertex 9.00281 128.599 3
      vertex 8.5 124.5 3
      vertex 9.15765 128.225 3
    endloop
  endfacet
  facet normal 0 0 1
    outer loop
      vertex 9.00281 129.401 3
      vertex 3.47499 138.505 3
      vertex 8.95 129 3
    endloop
  endfacet
  facet normal 0 0 1
    outer loop
      vertex 5.48587 138.24 3
      vertex 4.79999 138.15 3
      vertex 9.40398 130.096 3
    endloop
  endfacet
  facet normal 0 0 1
    outer loop
      vertex 6.125 138.505 3
      vertex 5.48587 138.24 3
      vertex 9.72499 130.342 3
    endloop
  endfacet
  facet normal 0 0 1
    outer loop
      vertex 6.125 138.505 3
      vertex 9.72499 130.342 3
      vertex 10.0988 130.497 3
    endloop
  endfacet
  facet normal -0 0 1
    outer loop
      vertex 6.125 138.505 3
      vertex 10.0988 130.497 3
      vertex 6.67383 138.926 3
    endloop
  endfacet
  facet normal 0 -0 1
    outer loop
      vertex 10.0988 130.497 3
      vertex 10.5 130.55 3
      vertex 6.67383 138.926 3
    endloop
  endfacet
  facet normal 0 0 1
    outer loop
      vertex 10.5 130.55 3
      vertex 7.09496 139.475 3
      vertex 6.67383 138.926 3
    endloop
  endfacet
  facet normal 0 0 1
    outer loop
      vertex 10.9012 130.497 3
      vertex 7.09496 139.475 3
      vertex 10.5 130.55 3
    endloop
  endfacet
  facet normal 0 0 1
    outer loop
      vertex 7.09496 139.475 3
      vertex 10.9012 130.497 3
      vertex 17.5 131 3
    endloop
  endfacet
  facet normal -0 0 1
    outer loop
      vertex 10.9012 130.497 3
      vertex 11.275 130.342 3
      vertex 17.5 131 3
    endloop
  endfacet
  facet normal -0 0 1
    outer loop
      vertex 11.275 130.342 3
      vertex 11.596 130.096 3
      vertex 17.5 131 3
    endloop
  endfacet
  facet normal -0 0 1
    outer loop
      vertex 11.596 130.096 3
      vertex 11.8423 129.775 3
      vertex 17.5 131 3
    endloop
  endfacet
  facet normal 0 0 1
    outer loop
      vertex 17.5 131 3
      vertex 11.9972 129.401 3
      vertex 12.05 129 3
    endloop
  endfacet
  facet normal 0 0 1
    outer loop
      vertex 17.5 131 3
      vertex 12.05 129 3
      vertex 11.9972 128.599 3
    endloop
  endfacet
  facet normal 0 0 1
    outer loop
      vertex 17.5 131 3
      vertex 11.9972 128.599 3
      vertex 14.5 124.5 3
    endloop
  endfacet
  facet normal 0 0 1
    outer loop
      vertex 11.9972 128.599 3
      vertex 11.8423 128.225 3
      vertex 14.5 124.5 3
    endloop
  endfacet
  facet normal 0 0 1
    outer loop
      vertex 11.8423 128.225 3
      vertex 11.596 127.904 3
      vertex 14.5 124.5 3
    endloop
  endfacet
  facet normal 0 0 1
    outer loop
      vertex 11.596 127.904 3
      vertex 11.275 127.658 3
      vertex 14.5 124.5 3
    endloop
  endfacet
  facet normal 0 0 1
    outer loop
      vertex 14.5 124.5 3
      vertex 10.9012 127.503 3
      vertex 8.5 124.5 3
    endloop
  endfacet
  facet normal -0 0 1
    outer loop
      vertex 17.5 123 3
      vertex 14.5 114.5 3
      vertex 47.5 123 3
    endloop
  endfacet
  facet normal 0 0 1
    outer loop
      vertex 14.5 124.5 3
      vertex 11.275 127.658 3
      vertex 10.9012 127.503 3
    endloop
  endfacet
  facet normal 0 0 1
    outer loop
      vertex 17.5 123 3
      vertex 14.5 124.5 3
      vertex 14.5 114.5 3
    endloop
  endfacet
  facet normal 0 0 1
    outer loop
      vertex 4.92 115.08 3
      vertex 5 112.79 3
      vertex 8.5 114.5 3
    endloop
  endfacet
  facet normal 0 0 1
    outer loop
      vertex 9.40398 127.904 3
      vertex 8.5 124.5 3
      vertex 9.72499 127.658 3
    endloop
  endfacet
  facet normal -0 0 1
    outer loop
      vertex 0 120 3
      vertex 4.92 115.08 3
      vertex 8.5 124.5 3
    endloop
  endfacet
  facet normal 0 -0 1
    outer loop
      vertex 17.5 123 3
      vertex 17.5 131 3
      vertex 14.5 124.5 3
    endloop
  endfacet
  facet normal 0 0 1
    outer loop
      vertex 86.5 109.5 3
      vertex 86.5 99.5 3
      vertex 90 96.85 3
    endloop
  endfacet
  facet normal 0 -0 1
    outer loop
      vertex 14.5 109.5 3
      vertex 14.5 114.5 3
      vertex 8.5 114.5 3
    endloop
  endfacet
  facet normal 0 0 1
    outer loop
      vertex 8.5 114.5 3
      vertex 5 112.79 3
      vertex 8.5 109.5 3
    endloop
  endfacet
  facet normal 0 0 1
    outer loop
      vertex 14.5 99.5 3
      vertex 47.5 123 3
      vertex 14.5 109.5 3
    endloop
  endfacet
  facet normal 0 0 1
    outer loop
      vertex 90 113.09 3
      vertex 86.5 109.5 3
      vertex 90 96.85 3
    endloop
  endfacet
  facet normal 0 -0 1
    outer loop
      vertex 86.5 109.5 3
      vertex 90.29 115.28 3
      vertex 80.5 109.5 3
    endloop
  endfacet
  facet normal -0 0 1
    outer loop
      vertex 11.9972 95.4012 3
      vertex 12.05 95 3
      vertex 14.5 99.5 3
    endloop
  endfacet
  facet normal 0 -0 1
    outer loop
      vertex 83.404 96.096 3
      vertex 83.725 96.3423 3
      vertex 80.5 99.5 3
    endloop
  endfacet
  facet normal 0 -0 1
    outer loop
      vertex 80.5 99.5 3
      vertex 80.5 109.5 3
      vertex 47.5 123 3
    endloop
  endfacet
  facet normal 0 0 1
    outer loop
      vertex 90.29 115.28 3
      vertex 86.5 109.5 3
      vertex 90 113.09 3
    endloop
  endfacet
  facet normal 0 0 1
    outer loop
      vertex 10.704 30.896 3
      vertex 8.90398 83.904 3
      vertex 0 89.35 3
    endloop
  endfacet
  facet normal 0 0 1
    outer loop
      vertex 12.575 31.1423 3
      vertex 46.85 80.1742 3
      vertex 46.5807 80.3808 3
    endloop
  endfacet
  facet normal 0 -0 1
    outer loop
      vertex 7.7 16.5 3
      vertex 10.25 29.8 3
      vertex 0 3.51999 3
    endloop
  endfacet
  facet normal 0 0 1
    outer loop
      vertex 8.65765 85.775 3
      vertex 1.17999 91.18 3
      vertex 0 89.35 3
    endloop
  endfacet
  facet normal 0 -0 1
    outer loop
      vertex 8.45 85 3
      vertex 8.50281 85.4012 3
      vertex 0 89.35 3
    endloop
  endfacet
  facet normal 0 0 1
    outer loop
      vertex 4.45999 94.46 3
      vertex 9.40398 93.904 3
      vertex 9.15765 94.225 3
    endloop
  endfacet
  facet normal -0 0 1
    outer loop
      vertex 4.45999 94.46 3
      vertex 9.15765 94.225 3
      vertex 9.00281 94.5988 3
    endloop
  endfacet
  facet normal 0 0 1
    outer loop
      vertex 4.45999 94.46 3
      vertex 9.00281 94.5988 3
      vertex 8.95 95 3
    endloop
  endfacet
  facet normal 0 0 1
    outer loop
      vertex 4.45999 94.46 3
      vertex 8.95 95 3
      vertex 5 96.55 3
    endloop
  endfacet
  facet normal 0 0 1
    outer loop
      vertex 5 96.55 3
      vertex 9.00281 95.4012 3
      vertex 9.15765 95.775 3
    endloop
  endfacet
  facet normal -0 0 1
    outer loop
      vertex 5 96.55 3
      vertex 9.15765 95.775 3
      vertex 8.5 99.5 3
    endloop
  endfacet
  facet normal 0 -0 1
    outer loop
      vertex 9.15765 95.775 3
      vertex 9.40398 96.096 3
      vertex 8.5 99.5 3
    endloop
  endfacet
  facet normal 0 -0 1
    outer loop
      vertex 9.40398 96.096 3
      vertex 9.72499 96.3423 3
      vertex 8.5 99.5 3
    endloop
  endfacet
  facet normal 0 0 1
    outer loop
      vertex 8.5 99.5 3
      vertex 10.0988 96.4972 3
      vertex 10.5 96.55 3
    endloop
  endfacet
  facet normal 0 0 1
    outer loop
      vertex 8.5 99.5 3
      vertex 10.5 96.55 3
      vertex 10.9012 96.4972 3
    endloop
  endfacet
  facet normal -0 0 1
    outer loop
      vertex 8.5 99.5 3
      vertex 10.9012 96.4972 3
      vertex 14.5 99.5 3
    endloop
  endfacet
  facet normal -0 0 1
    outer loop
      vertex 10.9012 96.4972 3
      vertex 11.275 96.3423 3
      vertex 14.5 99.5 3
    endloop
  endfacet
  facet normal -0 0 1
    outer loop
      vertex 11.275 96.3423 3
      vertex 11.596 96.096 3
      vertex 14.5 99.5 3
    endloop
  endfacet
  facet normal -0 0 1
    outer loop
      vertex 11.596 96.096 3
      vertex 11.8423 95.775 3
      vertex 14.5 99.5 3
    endloop
  endfacet
  facet normal -0 0 1
    outer loop
      vertex 11.8423 95.775 3
      vertex 11.9972 95.4012 3
      vertex 14.5 99.5 3
    endloop
  endfacet
  facet normal -0 0 1
    outer loop
      vertex 12.05 95 3
      vertex 11.9972 94.5988 3
      vertex 14.5 99.5 3
    endloop
  endfacet
  facet normal -0 0 1
    outer loop
      vertex 11.275 93.6577 3
      vertex 11.096 86.096 3
      vertex 11.596 93.904 3
    endloop
  endfacet
  facet normal 0 0 1
    outer loop
      vertex 83.5028 85.4012 3
      vertex 83.0028 94.5988 3
      vertex 80.5 99.5 3
    endloop
  endfacet
  facet normal 0 0 1
    outer loop
      vertex 83.404 93.904 3
      vertex 83.1577 94.225 3
      vertex 83.6577 85.775 3
    endloop
  endfacet
  facet normal 0 0 1
    outer loop
      vertex 37.3 16.5 3
      vertex 13.1423 29.025 3
      vertex 12.896 28.704 3
    endloop
  endfacet
  facet normal 0 0 1
    outer loop
      vertex 9.72499 93.6577 3
      vertex 9.40398 93.904 3
      vertex 9.22499 86.3423 3
    endloop
  endfacet
  facet normal 0 0 1
    outer loop
      vertex 9.40398 93.904 3
      vertex 4.45999 94.46 3
      vertex 9.22499 86.3423 3
    endloop
  endfacet
  facet normal 0 0 1
    outer loop
      vertex 83.904 86.096 3
      vertex 83.404 93.904 3
      vertex 83.6577 85.775 3
    endloop
  endfacet
  facet normal 0 0 1
    outer loop
      vertex 83.725 93.6577 3
      vertex 84.225 86.3423 3
      vertex 84.0988 93.5028 3
    endloop
  endfacet
  facet normal 0 0 1
    outer loop
      vertex 46.2443 80.9635 3
      vertex 11.3423 84.225 3
      vertex 46.3742 80.65 3
    endloop
  endfacet
  facet normal 0 0 1
    outer loop
      vertex 86.5 99.5 3
      vertex 85.596 96.096 3
      vertex 85.8423 95.775 3
    endloop
  endfacet
  facet normal 0 0 1
    outer loop
      vertex 10.5 93.45 3
      vertex 10.0988 93.5028 3
      vertex 10 86.55 3
    endloop
  endfacet
  facet normal -0 0 1
    outer loop
      vertex 11.8423 94.225 3
      vertex 11.4972 85.4012 3
      vertex 11.9972 94.5988 3
    endloop
  endfacet
  facet normal -0 0 1
    outer loop
      vertex 10.4012 86.4972 3
      vertex 10.775 86.3423 3
      vertex 10.9012 93.5028 3
    endloop
  endfacet
  facet normal 0 0 1
    outer loop
      vertex 47.5 123 3
      vertex 47.8365 82.5557 3
      vertex 48.15 82.4258 3
    endloop
  endfacet
  facet normal 0 0 1
    outer loop
      vertex 83.0028 94.5988 3
      vertex 82.95 95 3
      vertex 80.5 99.5 3
    endloop
  endfacet
  facet normal 0 -0 1
    outer loop
      vertex 82.95 95 3
      vertex 83.0028 95.4012 3
      vertex 80.5 99.5 3
    endloop
  endfacet
  facet normal 0 -0 1
    outer loop
      vertex 83.0028 95.4012 3
      vertex 83.1577 95.775 3
      vertex 80.5 99.5 3
    endloop
  endfacet
  facet normal 0 -0 1
    outer loop
      vertex 83.1577 95.775 3
      vertex 83.404 96.096 3
      vertex 80.5 99.5 3
    endloop
  endfacet
  facet normal 0 -0 1
    outer loop
      vertex 84.0988 96.4972 3
      vertex 86.5 99.5 3
      vertex 80.5 99.5 3
    endloop
  endfacet
  facet normal 0 -0 1
    outer loop
      vertex 84.5 96.55 3
      vertex 86.5 99.5 3
      vertex 84.0988 96.4972 3
    endloop
  endfacet
  facet normal 0 -0 1
    outer loop
      vertex 84.9012 96.4972 3
      vertex 86.5 99.5 3
      vertex 84.5 96.55 3
    endloop
  endfacet
  facet normal 0 0 1
    outer loop
      vertex 86.5 99.5 3
      vertex 84.9012 96.4972 3
      vertex 85.275 96.3423 3
    endloop
  endfacet
  facet normal 0 0 1
    outer loop
      vertex 86.5 99.5 3
      vertex 85.8423 95.775 3
      vertex 90 96.85 3
    endloop
  endfacet
  facet normal -0 0 1
    outer loop
      vertex 85.8423 95.775 3
      vertex 85.9972 95.4012 3
      vertex 90 96.85 3
    endloop
  endfacet
  facet normal -0 0 1
    outer loop
      vertex 85.9972 95.4012 3
      vertex 86.05 95 3
      vertex 90 96.85 3
    endloop
  endfacet
  facet normal -0 0 1
    outer loop
      vertex 86.05 95 3
      vertex 90.33 94.66 3
      vertex 90 96.85 3
    endloop
  endfacet
  facet normal 0 0 1
    outer loop
      vertex 85.9972 94.5988 3
      vertex 90.33 94.66 3
      vertex 86.05 95 3
    endloop
  endfacet
  facet normal 0 0 1
    outer loop
      vertex 85.8423 94.225 3
      vertex 90.33 94.66 3
      vertex 85.9972 94.5988 3
    endloop
  endfacet
  facet normal 0 0 1
    outer loop
      vertex 85.775 86.3423 3
      vertex 85.275 93.6577 3
      vertex 85.4012 86.4972 3
    endloop
  endfacet
  facet normal 0 0 1
    outer loop
      vertex 85.4012 86.4972 3
      vertex 84.9012 93.5028 3
      vertex 85 86.55 3
    endloop
  endfacet
  facet normal 0 0 1
    outer loop
      vertex 48.15 80.1742 3
      vertex 47.8365 80.0443 3
      vertex 81.8028 65.8988 3
    endloop
  endfacet
  facet normal 0 -0 1
    outer loop
      vertex 9.59882 86.4972 3
      vertex 9.72499 93.6577 3
      vertex 9.22499 86.3423 3
    endloop
  endfacet
  facet normal 0 -0 1
    outer loop
      vertex 10.4577 30.575 3
      vertex 10.704 30.896 3
      vertex 0 89.35 3
    endloop
  endfacet
  facet normal 0 0 1
    outer loop
      vertex 10.4577 30.575 3
      vertex 0 89.35 3
      vertex 10.3028 30.2012 3
    endloop
  endfacet
  facet normal 0 0 1
    outer loop
      vertex 8.65765 84.225 3
      vertex 0 89.35 3
      vertex 8.90398 83.904 3
    endloop
  endfacet
  facet normal 0 0 1
    outer loop
      vertex 8.50281 84.5988 3
      vertex 0 89.35 3
      vertex 8.65765 84.225 3
    endloop
  endfacet
  facet normal 0 0 1
    outer loop
      vertex 8.45 85 3
      vertex 0 89.35 3
      vertex 8.50281 84.5988 3
    endloop
  endfacet
  facet normal 0 -0 1
    outer loop
      vertex 8.50281 85.4012 3
      vertex 8.65765 85.775 3
      vertex 0 89.35 3
    endloop
  endfacet
  facet normal 0 0 1
    outer loop
      vertex 8.90398 86.096 3
      vertex 4.45999 94.46 3
      vertex 1.17999 91.18 3
    endloop
  endfacet
  facet normal 0 -0 1
    outer loop
      vertex 8.65765 85.775 3
      vertex 8.90398 86.096 3
      vertex 1.17999 91.18 3
    endloop
  endfacet
  facet normal 0 0 1
    outer loop
      vertex 9.72499 93.6577 3
      vertex 9.59882 86.4972 3
      vertex 10.0988 93.5028 3
    endloop
  endfacet
  facet normal 0 0 1
    outer loop
      vertex 9.59882 86.4972 3
      vertex 10 86.55 3
      vertex 10.0988 93.5028 3
    endloop
  endfacet
  facet normal -0 0 1
    outer loop
      vertex 10 86.55 3
      vertex 10.4012 86.4972 3
      vertex 10.5 93.45 3
    endloop
  endfacet
  facet normal 0 0 1
    outer loop
      vertex 10.4012 86.4972 3
      vertex 10.9012 93.5028 3
      vertex 10.5 93.45 3
    endloop
  endfacet
  facet normal 0 0 1
    outer loop
      vertex 10.775 86.3423 3
      vertex 11.275 93.6577 3
      vertex 10.9012 93.5028 3
    endloop
  endfacet
  facet normal 0 -0 1
    outer loop
      vertex 11.096 86.096 3
      vertex 11.275 93.6577 3
      vertex 10.775 86.3423 3
    endloop
  endfacet
  facet normal -0 0 1
    outer loop
      vertex 11.3423 85.775 3
      vertex 11.4972 85.4012 3
      vertex 11.8423 94.225 3
    endloop
  endfacet
  facet normal 0 0 1
    outer loop
      vertex 11.4972 85.4012 3
      vertex 14.5 99.5 3
      vertex 11.9972 94.5988 3
    endloop
  endfacet
  facet normal -0 0 1
    outer loop
      vertex 11.096 83.904 3
      vertex 46.3742 80.65 3
      vertex 11.3423 84.225 3
    endloop
  endfacet
  facet normal 0 -0 1
    outer loop
      vertex 37.3 16.5 3
      vertex 47.1635 80.0443 3
      vertex 13.1423 30.575 3
    endloop
  endfacet
  facet normal 0 0 1
    outer loop
      vertex 7.7 3.5 3
      vertex 0 3.51999 3
      vertex 4.73 0 3
    endloop
  endfacet
  facet normal 0 0 1
    outer loop
      vertex 83.0028 94.5988 3
      vertex 83.5028 85.4012 3
      vertex 83.1577 94.225 3
    endloop
  endfacet
  facet normal 0 0 1
    outer loop
      vertex 48.7557 80.9635 3
      vertex 48.6258 80.65 3
      vertex 81.9577 67.075 3
    endloop
  endfacet
  facet normal -0 0 1
    outer loop
      vertex 48.7557 80.9635 3
      vertex 81.9577 67.075 3
      vertex 83.6577 84.225 3
    endloop
  endfacet
  facet normal -0 0 1
    outer loop
      vertex 10.4012 83.5028 3
      vertex 12.2012 31.2972 3
      vertex 10.775 83.6577 3
    endloop
  endfacet
  facet normal -0 0 1
    outer loop
      vertex 10 83.45 3
      vertex 11.8 31.35 3
      vertex 10.4012 83.5028 3
    endloop
  endfacet
  facet normal 0 -0 1
    outer loop
      vertex 82.525 67.6423 3
      vertex 83.904 83.904 3
      vertex 82.204 67.396 3
    endloop
  endfacet
  facet normal 0 0 1
    outer loop
      vertex 86.3423 84.225 3
      vertex 95 89.64 3
      vertex 86.4972 84.5988 3
    endloop
  endfacet
  facet normal 0 -0 1
    outer loop
      vertex 48.7557 81.6365 3
      vertex 83.5028 85.4012 3
      vertex 48.6258 81.95 3
    endloop
  endfacet
  facet normal 0 0 1
    outer loop
      vertex 90.33 94.66 3
      vertex 85.596 93.904 3
      vertex 85.775 86.3423 3
    endloop
  endfacet
  facet normal 0 0 1
    outer loop
      vertex 11.025 31.1423 3
      vertex 9.22499 83.6577 3
      vertex 10.704 30.896 3
    endloop
  endfacet
  facet normal 0 0 1
    outer loop
      vertex 80.5 99.5 3
      vertex 48.15 82.4258 3
      vertex 48.4192 82.2192 3
    endloop
  endfacet
  facet normal 0 -0 1
    outer loop
      vertex 48.15 82.4258 3
      vertex 80.5 99.5 3
      vertex 47.5 123 3
    endloop
  endfacet
  facet normal 0 -0 1
    outer loop
      vertex 83.904 86.096 3
      vertex 84.225 86.3423 3
      vertex 83.725 93.6577 3
    endloop
  endfacet
  facet normal 0 0 1
    outer loop
      vertex 83.404 93.904 3
      vertex 83.904 86.096 3
      vertex 83.725 93.6577 3
    endloop
  endfacet
  facet normal 0 0 1
    outer loop
      vertex 84.0988 93.5028 3
      vertex 84.225 86.3423 3
      vertex 84.5988 86.4972 3
    endloop
  endfacet
  facet normal 0 0 1
    outer loop
      vertex 84.0988 93.5028 3
      vertex 84.5988 86.4972 3
      vertex 84.5 93.45 3
    endloop
  endfacet
  facet normal 0 0 1
    outer loop
      vertex 85 86.55 3
      vertex 84.9012 93.5028 3
      vertex 84.5 93.45 3
    endloop
  endfacet
  facet normal 0 -0 1
    outer loop
      vertex 84.5988 86.4972 3
      vertex 85 86.55 3
      vertex 84.5 93.45 3
    endloop
  endfacet
  facet normal 0 0 1
    outer loop
      vertex 85.596 93.904 3
      vertex 85.275 93.6577 3
      vertex 85.775 86.3423 3
    endloop
  endfacet
  facet normal 0 0 1
    outer loop
      vertex 90.33 94.66 3
      vertex 85.775 86.3423 3
      vertex 86.096 86.096 3
    endloop
  endfacet
  facet normal 0 0 1
    outer loop
      vertex 90.33 94.66 3
      vertex 86.096 86.096 3
      vertex 93.61 91.38 3
    endloop
  endfacet
  facet normal -0 0 1
    outer loop
      vertex 86.096 86.096 3
      vertex 86.3423 85.775 3
      vertex 93.61 91.38 3
    endloop
  endfacet
  facet normal 0 0 1
    outer loop
      vertex 86.3423 85.775 3
      vertex 95 89.64 3
      vertex 93.61 91.38 3
    endloop
  endfacet
  facet normal 0 -0 1
    outer loop
      vertex 86.4972 85.4012 3
      vertex 95 89.64 3
      vertex 86.3423 85.775 3
    endloop
  endfacet
  facet normal 0 -0 1
    outer loop
      vertex 86.55 85 3
      vertex 95 89.64 3
      vertex 86.4972 85.4012 3
    endloop
  endfacet
  facet normal 0 0 1
    outer loop
      vertex 86.4972 84.5988 3
      vertex 95 89.64 3
      vertex 86.55 85 3
    endloop
  endfacet
  facet normal -0 0 1
    outer loop
      vertex 86.3423 84.225 3
      vertex 86.096 83.904 3
      vertex 95 89.64 3
    endloop
  endfacet
  facet normal -0 0 1
    outer loop
      vertex 85 83.45 3
      vertex 83.7012 67.7972 3
      vertex 85.4012 83.5028 3
    endloop
  endfacet
  facet normal 0 0 1
    outer loop
      vertex 84.5988 83.5028 3
      vertex 82.8988 67.7972 3
      vertex 83.3 67.85 3
    endloop
  endfacet
  facet normal 0 0 1
    outer loop
      vertex 84.225 83.6577 3
      vertex 82.525 67.6423 3
      vertex 82.8988 67.7972 3
    endloop
  endfacet
  facet normal 0 0 1
    outer loop
      vertex 83.904 83.904 3
      vertex 82.525 67.6423 3
      vertex 84.225 83.6577 3
    endloop
  endfacet
  facet normal 0 0 1
    outer loop
      vertex 82.525 64.9577 3
      vertex 57.7 16.5 3
      vertex 82.8988 64.8028 3
    endloop
  endfacet
  facet normal 0 0 1
    outer loop
      vertex 83.45 85 3
      vertex 48.8 81.3 3
      vertex 83.5028 84.5988 3
    endloop
  endfacet
  facet normal 0 0 1
    outer loop
      vertex 46.5807 80.3808 3
      vertex 46.3742 80.65 3
      vertex 11.096 83.904 3
    endloop
  endfacet
  facet normal -0 0 1
    outer loop
      vertex 10.775 83.6577 3
      vertex 46.5807 80.3808 3
      vertex 11.096 83.904 3
    endloop
  endfacet
  facet normal 0 0 1
    outer loop
      vertex 11.4972 84.5988 3
      vertex 11.3423 84.225 3
      vertex 46.2443 80.9635 3
    endloop
  endfacet
  facet normal 0 0 1
    outer loop
      vertex 46.2443 80.9635 3
      vertex 46.2 81.3 3
      vertex 11.4972 84.5988 3
    endloop
  endfacet
  facet normal 0 0 1
    outer loop
      vertex 46.2 81.3 3
      vertex 11.55 85 3
      vertex 11.4972 84.5988 3
    endloop
  endfacet
  facet normal 0 0 1
    outer loop
      vertex 46.2443 81.6365 3
      vertex 11.55 85 3
      vertex 46.2 81.3 3
    endloop
  endfacet
  facet normal 0 0 1
    outer loop
      vertex 11.4972 85.4012 3
      vertex 11.55 85 3
      vertex 46.2443 81.6365 3
    endloop
  endfacet
  facet normal 0 0 1
    outer loop
      vertex 46.3742 81.95 3
      vertex 14.5 99.5 3
      vertex 11.4972 85.4012 3
    endloop
  endfacet
  facet normal 0 0 1
    outer loop
      vertex 46.5807 82.2192 3
      vertex 14.5 99.5 3
      vertex 46.3742 81.95 3
    endloop
  endfacet
  facet normal 0 0 1
    outer loop
      vertex 46.85 82.4258 3
      vertex 14.5 99.5 3
      vertex 46.5807 82.2192 3
    endloop
  endfacet
  facet normal 0 0 1
    outer loop
      vertex 47.5 123 3
      vertex 46.85 82.4258 3
      vertex 47.1635 82.5557 3
    endloop
  endfacet
  facet normal 0 0 1
    outer loop
      vertex 47.5 123 3
      vertex 14.5 99.5 3
      vertex 46.85 82.4258 3
    endloop
  endfacet
  facet normal 0 0 1
    outer loop
      vertex 47.5 123 3
      vertex 47.1635 82.5557 3
      vertex 47.5 82.6 3
    endloop
  endfacet
  facet normal 0 0 1
    outer loop
      vertex 47.5 123 3
      vertex 47.5 82.6 3
      vertex 47.8365 82.5557 3
    endloop
  endfacet
  facet normal -0 0 1
    outer loop
      vertex 48.4192 82.2192 3
      vertex 48.6258 81.95 3
      vertex 80.5 99.5 3
    endloop
  endfacet
  facet normal 0 0 1
    outer loop
      vertex 48.6258 81.95 3
      vertex 83.5028 85.4012 3
      vertex 80.5 99.5 3
    endloop
  endfacet
  facet normal 0 0 1
    outer loop
      vertex 48.7557 81.6365 3
      vertex 83.45 85 3
      vertex 83.5028 85.4012 3
    endloop
  endfacet
  facet normal 0 -0 1
    outer loop
      vertex 48.8 81.3 3
      vertex 83.45 85 3
      vertex 48.7557 81.6365 3
    endloop
  endfacet
  facet normal 0 0 1
    outer loop
      vertex 48.7557 80.9635 3
      vertex 83.5028 84.5988 3
      vertex 48.8 81.3 3
    endloop
  endfacet
  facet normal 0 0 1
    outer loop
      vertex 83.6577 84.225 3
      vertex 83.5028 84.5988 3
      vertex 48.7557 80.9635 3
    endloop
  endfacet
  facet normal 0 0 1
    outer loop
      vertex 48.6258 80.65 3
      vertex 81.8028 66.7012 3
      vertex 81.9577 67.075 3
    endloop
  endfacet
  facet normal 0 0 1
    outer loop
      vertex 81.8028 65.8988 3
      vertex 47.8365 80.0443 3
      vertex 81.9577 65.525 3
    endloop
  endfacet
  facet normal 0 0 1
    outer loop
      vertex 57.7 16.5 3
      vertex 47.5 80 3
      vertex 37.3 16.5 3
    endloop
  endfacet
  facet normal 0 0 1
    outer loop
      vertex 47.8365 80.0443 3
      vertex 47.5 80 3
      vertex 57.7 16.5 3
    endloop
  endfacet
  facet normal 0 0 1
    outer loop
      vertex 57.7 16.5 3
      vertex 87.3 16.5 3
      vertex 82.8988 64.8028 3
    endloop
  endfacet
  facet normal 0 0 1
    outer loop
      vertex 83.6577 84.225 3
      vertex 82.204 67.396 3
      vertex 83.904 83.904 3
    endloop
  endfacet
  facet normal 0 0 1
    outer loop
      vertex 82.8988 67.7972 3
      vertex 84.5988 83.5028 3
      vertex 84.225 83.6577 3
    endloop
  endfacet
  facet normal 0 0 1
    outer loop
      vertex 12.896 30.896 3
      vertex 47.1635 80.0443 3
      vertex 46.85 80.1742 3
    endloop
  endfacet
  facet normal 0 0 1
    outer loop
      vertex 81.8028 65.8988 3
      vertex 81.75 66.3 3
      vertex 48.15 80.1742 3
    endloop
  endfacet
  facet normal 0 0 1
    outer loop
      vertex 81.75 66.3 3
      vertex 48.4192 80.3808 3
      vertex 48.15 80.1742 3
    endloop
  endfacet
  facet normal 0 0 1
    outer loop
      vertex 81.8028 66.7012 3
      vertex 48.4192 80.3808 3
      vertex 81.75 66.3 3
    endloop
  endfacet
  facet normal 0 0 1
    outer loop
      vertex 48.6258 80.65 3
      vertex 48.4192 80.3808 3
      vertex 81.8028 66.7012 3
    endloop
  endfacet
  facet normal 0 0 1
    outer loop
      vertex 81.9577 67.075 3
      vertex 82.204 67.396 3
      vertex 83.6577 84.225 3
    endloop
  endfacet
  facet normal 0 0 1
    outer loop
      vertex 83.3 67.85 3
      vertex 85 83.45 3
      vertex 84.5988 83.5028 3
    endloop
  endfacet
  facet normal 0 -0 1
    outer loop
      vertex 83.7012 67.7972 3
      vertex 85 83.45 3
      vertex 83.3 67.85 3
    endloop
  endfacet
  facet normal 0 -0 1
    outer loop
      vertex 84.075 67.6423 3
      vertex 85.4012 83.5028 3
      vertex 83.7012 67.7972 3
    endloop
  endfacet
  facet normal 0 0 1
    outer loop
      vertex 85.775 83.6577 3
      vertex 85.4012 83.5028 3
      vertex 84.075 67.6423 3
    endloop
  endfacet
  facet normal 0 0 1
    outer loop
      vertex 85.775 83.6577 3
      vertex 84.075 67.6423 3
      vertex 84.396 67.396 3
    endloop
  endfacet
  facet normal -0 0 1
    outer loop
      vertex 85.775 83.6577 3
      vertex 84.396 67.396 3
      vertex 86.096 83.904 3
    endloop
  endfacet
  facet normal -0 0 1
    outer loop
      vertex 84.396 67.396 3
      vertex 84.6423 67.075 3
      vertex 86.096 83.904 3
    endloop
  endfacet
  facet normal -0 0 1
    outer loop
      vertex 84.85 66.3 3
      vertex 84.7972 65.8988 3
      vertex 95 89.64 3
    endloop
  endfacet
  facet normal 0 0 1
    outer loop
      vertex 95 89.64 3
      vertex 86.096 83.904 3
      vertex 84.6423 67.075 3
    endloop
  endfacet
  facet normal 0 0 1
    outer loop
      vertex 95 89.64 3
      vertex 84.7972 66.7012 3
      vertex 84.85 66.3 3
    endloop
  endfacet
  facet normal 0 0 1
    outer loop
      vertex 95 89.64 3
      vertex 84.6423 67.075 3
      vertex 84.7972 66.7012 3
    endloop
  endfacet
  facet normal -0 0 1
    outer loop
      vertex 84.7972 65.8988 3
      vertex 95 3.81 3
      vertex 95 89.64 3
    endloop
  endfacet
  facet normal -0 0 1
    outer loop
      vertex 84.6423 65.525 3
      vertex 87.3 16.5 3
      vertex 84.7972 65.8988 3
    endloop
  endfacet
  facet normal -0 0 1
    outer loop
      vertex 84.396 65.204 3
      vertex 87.3 16.5 3
      vertex 84.6423 65.525 3
    endloop
  endfacet
  facet normal -0 0 1
    outer loop
      vertex 84.075 64.9577 3
      vertex 87.3 16.5 3
      vertex 84.396 65.204 3
    endloop
  endfacet
  facet normal -0 0 1
    outer loop
      vertex 83.7012 64.8028 3
      vertex 87.3 16.5 3
      vertex 84.075 64.9577 3
    endloop
  endfacet
  facet normal 0 0 1
    outer loop
      vertex 83.3 64.75 3
      vertex 82.8988 64.8028 3
      vertex 87.3 16.5 3
    endloop
  endfacet
  facet normal 0 0 1
    outer loop
      vertex 10 83.45 3
      vertex 11.3988 31.2972 3
      vertex 11.8 31.35 3
    endloop
  endfacet
  facet normal 0 0 1
    outer loop
      vertex 9.22499 83.6577 3
      vertex 8.90398 83.904 3
      vertex 10.704 30.896 3
    endloop
  endfacet
  facet normal 0 0 1
    outer loop
      vertex 7.7 16.5 3
      vertex 11.3988 28.3028 3
      vertex 11.025 28.4577 3
    endloop
  endfacet
  facet normal -0 -0 1
    outer loop
      vertex 11.8 31.35 3
      vertex 12.2012 31.2972 3
      vertex 10.4012 83.5028 3
    endloop
  endfacet
  facet normal 0 0 1
    outer loop
      vertex 7.7 16.5 3
      vertex 11.025 28.4577 3
      vertex 10.704 28.704 3
    endloop
  endfacet
  facet normal 0 0 1
    outer loop
      vertex 7.7 16.5 3
      vertex 10.704 28.704 3
      vertex 10.4577 29.025 3
    endloop
  endfacet
  facet normal 0 0 1
    outer loop
      vertex 7.7 16.5 3
      vertex 10.4577 29.025 3
      vertex 10.3028 29.3988 3
    endloop
  endfacet
  facet normal 0 0 1
    outer loop
      vertex 7.7 16.5 3
      vertex 10.3028 29.3988 3
      vertex 10.25 29.8 3
    endloop
  endfacet
  facet normal 0 0 1
    outer loop
      vertex 0 89.35 3
      vertex 0 3.51999 3
      vertex 10.3028 30.2012 3
    endloop
  endfacet
  facet normal 0 0 1
    outer loop
      vertex 10.3028 30.2012 3
      vertex 0 3.51999 3
      vertex 10.25 29.8 3
    endloop
  endfacet
  facet normal 0 0 1
    outer loop
      vertex 9.59882 83.5028 3
      vertex 9.22499 83.6577 3
      vertex 11.025 31.1423 3
    endloop
  endfacet
  facet normal 0 0 1
    outer loop
      vertex 9.59882 83.5028 3
      vertex 11.3988 31.2972 3
      vertex 10 83.45 3
    endloop
  endfacet
  facet normal 0 0 1
    outer loop
      vertex 9.59882 83.5028 3
      vertex 11.025 31.1423 3
      vertex 11.3988 31.2972 3
    endloop
  endfacet
  facet normal -0 -0 1
    outer loop
      vertex 12.2012 31.2972 3
      vertex 12.575 31.1423 3
      vertex 10.775 83.6577 3
    endloop
  endfacet
  facet normal 0 -0 1
    outer loop
      vertex 12.575 31.1423 3
      vertex 46.5807 80.3808 3
      vertex 10.775 83.6577 3
    endloop
  endfacet
  facet normal 0 -0 1
    outer loop
      vertex 12.896 30.896 3
      vertex 46.85 80.1742 3
      vertex 12.575 31.1423 3
    endloop
  endfacet
  facet normal 0 -0 1
    outer loop
      vertex 13.1423 30.575 3
      vertex 47.1635 80.0443 3
      vertex 12.896 30.896 3
    endloop
  endfacet
  facet normal -0 -0 1
    outer loop
      vertex 13.2972 30.2012 3
      vertex 37.3 16.5 3
      vertex 13.1423 30.575 3
    endloop
  endfacet
  facet normal 0 0 1
    outer loop
      vertex 37.3 16.5 3
      vertex 47.5 80 3
      vertex 47.1635 80.0443 3
    endloop
  endfacet
  facet normal -0 0 1
    outer loop
      vertex 13.2972 29.3988 3
      vertex 37.3 16.5 3
      vertex 13.35 29.8 3
    endloop
  endfacet
  facet normal 0 0 1
    outer loop
      vertex 37.3 16.5 3
      vertex 13.2972 30.2012 3
      vertex 13.35 29.8 3
    endloop
  endfacet
  facet normal 0 0 1
    outer loop
      vertex 57.7 3.5 3
      vertex 4.73 0 3
      vertex 90.56 0 3
    endloop
  endfacet
  facet normal 0 0 1
    outer loop
      vertex 57.7 16.5 3
      vertex 82.204 65.204 3
      vertex 81.9577 65.525 3
    endloop
  endfacet
  facet normal 0 0 1
    outer loop
      vertex 37.3 16.5 3
      vertex 13.2972 29.3988 3
      vertex 13.1423 29.025 3
    endloop
  endfacet
  facet normal 0 0 1
    outer loop
      vertex 12.896 28.704 3
      vertex 12.575 28.4577 3
      vertex 7.7 16.5 3
    endloop
  endfacet
  facet normal -0 0 1
    outer loop
      vertex 7.7 3.5 3
      vertex 4.73 0 3
      vertex 37.3 3.5 3
    endloop
  endfacet
  facet normal 0 0 1
    outer loop
      vertex 12.2012 28.3028 3
      vertex 11.8 28.25 3
      vertex 7.7 16.5 3
    endloop
  endfacet
  facet normal 0 0 1
    outer loop
      vertex 11.8 28.25 3
      vertex 11.3988 28.3028 3
      vertex 7.7 16.5 3
    endloop
  endfacet
  facet normal 0 0 1
    outer loop
      vertex 57.7 3.5 3
      vertex 37.3 16.5 3
      vertex 37.3 3.5 3
    endloop
  endfacet
  facet normal 0 0 1
    outer loop
      vertex 37.3 16.5 3
      vertex 12.896 28.704 3
      vertex 7.7 16.5 3
    endloop
  endfacet
  facet normal 0 0 1
    outer loop
      vertex 12.575 28.4577 3
      vertex 12.2012 28.3028 3
      vertex 7.7 16.5 3
    endloop
  endfacet
  facet normal 0 -0 1
    outer loop
      vertex 7.7 3.5 3
      vertex 7.7 16.5 3
      vertex 0 3.51999 3
    endloop
  endfacet
  facet normal 0 0 1
    outer loop
      vertex 90.56 0 3
      vertex 87.3 3.5 3
      vertex 57.7 3.5 3
    endloop
  endfacet
  facet normal 0 -0 1
    outer loop
      vertex 57.7 16.5 3
      vertex 81.9577 65.525 3
      vertex 47.8365 80.0443 3
    endloop
  endfacet
  facet normal 0 0 1
    outer loop
      vertex 95 3.81 3
      vertex 87.3 3.5 3
      vertex 90.56 0 3
    endloop
  endfacet
  facet normal 0 0 1
    outer loop
      vertex 87.3 16.5 3
      vertex 83.7012 64.8028 3
      vertex 83.3 64.75 3
    endloop
  endfacet
  facet normal 0 0 1
    outer loop
      vertex 4.73 0 3
      vertex 57.7 3.5 3
      vertex 37.3 3.5 3
    endloop
  endfacet
  facet normal 0 0 1
    outer loop
      vertex 82.204 65.204 3
      vertex 57.7 16.5 3
      vertex 82.525 64.9577 3
    endloop
  endfacet
  facet normal -0 0 1
    outer loop
      vertex 37.3 16.5 3
      vertex 57.7 3.5 3
      vertex 57.7 16.5 3
    endloop
  endfacet
  facet normal 0 0 1
    outer loop
      vertex 95 3.81 3
      vertex 87.3 16.5 3
      vertex 87.3 3.5 3
    endloop
  endfacet
  facet normal 0 0 1
    outer loop
      vertex 95 3.81 3
      vertex 84.7972 65.8988 3
      vertex 87.3 16.5 3
    endloop
  endfacet
  facet normal 0.627925 -0.778274 0
    outer loop
      vertex 94.63 1.54999 0
      vertex 92.87 0.12999 3
      vertex 92.87 0.12999 0
    endloop
  endfacet
  facet normal 0.627925 -0.778274 0
    outer loop
      vertex 94.63 1.54999 0
      vertex 94.63 1.54999 3
      vertex 92.87 0.12999 3
    endloop
  endfacet
  facet normal 0.986862 -0.161565 0
    outer loop
      vertex 95 3.81 0
      vertex 94.63 1.54999 3
      vertex 94.63 1.54999 0
    endloop
  endfacet
  facet normal 0.986862 -0.161565 0
    outer loop
      vertex 95 3.81 0
      vertex 95 3.81 3
      vertex 94.63 1.54999 3
    endloop
  endfacet
  facet normal 1 0 0
    outer loop
      vertex 95 89.64 0
      vertex 95 3.81 3
      vertex 95 3.81 0
    endloop
  endfacet
  facet normal 1 0 -0
    outer loop
      vertex 95 89.64 0
      vertex 95 89.64 3
      vertex 95 3.81 3
    endloop
  endfacet
  facet normal 0.781307 0.624147 0
    outer loop
      vertex 93.61 91.38 0
      vertex 95 89.64 3
      vertex 95 89.64 0
    endloop
  endfacet
  facet normal 0.781307 0.624147 -0
    outer loop
      vertex 93.61 91.38 0
      vertex 93.61 91.38 3
      vertex 95 89.64 3
    endloop
  endfacet
  facet normal 0.707107 0.707107 0
    outer loop
      vertex 90.33 94.66 0
      vertex 93.61 91.38 3
      vertex 93.61 91.38 0
    endloop
  endfacet
  facet normal 0.707107 0.707107 -0
    outer loop
      vertex 90.33 94.66 0
      vertex 90.33 94.66 3
      vertex 93.61 91.38 3
    endloop
  endfacet
  facet normal 0.988837 0.149003 0
    outer loop
      vertex 90 96.85 0
      vertex 90.33 94.66 3
      vertex 90.33 94.66 0
    endloop
  endfacet
  facet normal 0.988837 0.149003 -0
    outer loop
      vertex 90 96.85 0
      vertex 90 96.85 3
      vertex 90.33 94.66 3
    endloop
  endfacet
  facet normal 1 0 0
    outer loop
      vertex 90 113.09 0
      vertex 90 96.85 3
      vertex 90 96.85 0
    endloop
  endfacet
  facet normal 1 0 -0
    outer loop
      vertex 90 113.09 0
      vertex 90 113.09 3
      vertex 90 96.85 3
    endloop
  endfacet
  facet normal 0.991346 -0.131274 0
    outer loop
      vertex 90.29 115.28 0
      vertex 90 113.09 3
      vertex 90 113.09 0
    endloop
  endfacet
  facet normal 0.991346 -0.131274 0
    outer loop
      vertex 90.29 115.28 0
      vertex 90.29 115.28 3
      vertex 90 113.09 3
    endloop
  endfacet
  facet normal 0.707107 -0.707107 0
    outer loop
      vertex 93.57 118.56 0
      vertex 90.29 115.28 3
      vertex 90.29 115.28 0
    endloop
  endfacet
  facet normal 0.707107 -0.707107 0
    outer loop
      vertex 93.57 118.56 0
      vertex 93.57 118.56 3
      vertex 90.29 115.28 3
    endloop
  endfacet
  facet normal 0.770771 -0.637112 0
    outer loop
      vertex 95 120.29 0
      vertex 93.57 118.56 3
      vertex 93.57 118.56 0
    endloop
  endfacet
  facet normal 0.770771 -0.637112 0
    outer loop
      vertex 95 120.29 0
      vertex 95 120.29 3
      vertex 93.57 118.56 3
    endloop
  endfacet
  facet normal 1 0 0
    outer loop
      vertex 95 201.48 0
      vertex 95 120.29 3
      vertex 95 120.29 0
    endloop
  endfacet
  facet normal 1 0 -0
    outer loop
      vertex 95 201.48 0
      vertex 95 201.48 3
      vertex 95 120.29 3
    endloop
  endfacet
  facet normal 0.972665 0.232213 0
    outer loop
      vertex 94.47 203.7 0
      vertex 95 201.48 3
      vertex 95 201.48 0
    endloop
  endfacet
  facet normal 0.972665 0.232213 -0
    outer loop
      vertex 94.47 203.7 0
      vertex 94.47 203.7 3
      vertex 95 201.48 3
    endloop
  endfacet
  facet normal 0.54856 0.836111 0
    outer loop
      vertex 92.58 204.94 0
      vertex 94.47 203.7 3
      vertex 94.47 203.7 0
    endloop
  endfacet
  facet normal 0.54856 0.836111 -0
    outer loop
      vertex 92.58 204.94 0
      vertex 92.58 204.94 3
      vertex 94.47 203.7 3
    endloop
  endfacet
  facet normal 0.0259653 0.999663 0
    outer loop
      vertex 90.27 205 0
      vertex 92.58 204.94 3
      vertex 92.58 204.94 0
    endloop
  endfacet
  facet normal 0.0259653 0.999663 -0
    outer loop
      vertex 90.27 205 0
      vertex 90.27 205 3
      vertex 92.58 204.94 3
    endloop
  endfacet
  facet normal 0 1 0
    outer loop
      vertex 4.43999 205 0
      vertex 90.27 205 3
      vertex 90.27 205 0
    endloop
  endfacet
  facet normal 0 1 0
    outer loop
      vertex 4.43999 205 0
      vertex 4.43999 205 3
      vertex 90.27 205 3
    endloop
  endfacet
  facet normal -0.0561881 0.99842 0
    outer loop
      vertex 2.12999 204.87 0
      vertex 4.43999 205 3
      vertex 4.43999 205 0
    endloop
  endfacet
  facet normal -0.0561881 0.99842 0
    outer loop
      vertex 2.12999 204.87 0
      vertex 2.12999 204.87 3
      vertex 4.43999 205 3
    endloop
  endfacet
  facet normal -0.627926 0.778273 0
    outer loop
      vertex 0.369995 203.45 0
      vertex 2.12999 204.87 3
      vertex 2.12999 204.87 0
    endloop
  endfacet
  facet normal -0.627926 0.778273 0
    outer loop
      vertex 0.369995 203.45 0
      vertex 0.369995 203.45 3
      vertex 2.12999 204.87 3
    endloop
  endfacet
  facet normal -0.986862 0.161564 0
    outer loop
      vertex 0 201.19 0
      vertex 0.369995 203.45 3
      vertex 0.369995 203.45 0
    endloop
  endfacet
  facet normal -0.986862 0.161564 0
    outer loop
      vertex 0 201.19 0
      vertex 0 201.19 3
      vertex 0.369995 203.45 3
    endloop
  endfacet
  facet normal -1 0 0
    outer loop
      vertex 0 120 0
      vertex 0 201.19 3
      vertex 0 201.19 0
    endloop
  endfacet
  facet normal -1 0 0
    outer loop
      vertex 0 120 0
      vertex 0 120 3
      vertex 0 201.19 3
    endloop
  endfacet
  facet normal -0.707107 -0.707107 0
    outer loop
      vertex 4.92 115.08 0
      vertex 0 120 3
      vertex 0 120 0
    endloop
  endfacet
  facet normal -0.707107 -0.707107 0
    outer loop
      vertex 4.92 115.08 0
      vertex 4.92 115.08 3
      vertex 0 120 3
    endloop
  endfacet
  facet normal -0.99939 -0.0349132 0
    outer loop
      vertex 5 112.79 0
      vertex 4.92 115.08 3
      vertex 4.92 115.08 0
    endloop
  endfacet
  facet normal -0.99939 -0.0349132 0
    outer loop
      vertex 5 112.79 0
      vertex 5 112.79 3
      vertex 4.92 115.08 3
    endloop
  endfacet
  facet normal -1 0 0
    outer loop
      vertex 5 96.55 0
      vertex 5 112.79 3
      vertex 5 112.79 0
    endloop
  endfacet
  facet normal -1 0 0
    outer loop
      vertex 5 96.55 0
      vertex 5 96.55 3
      vertex 5 112.79 3
    endloop
  endfacet
  facet normal -0.968204 0.250163 0
    outer loop
      vertex 4.45999 94.46 0
      vertex 5 96.55 3
      vertex 5 96.55 0
    endloop
  endfacet
  facet normal -0.968204 0.250163 0
    outer loop
      vertex 4.45999 94.46 0
      vertex 4.45999 94.46 3
      vertex 5 96.55 3
    endloop
  endfacet
  facet normal -0.707107 0.707107 0
    outer loop
      vertex 1.17999 91.18 0
      vertex 4.45999 94.46 3
      vertex 4.45999 94.46 0
    endloop
  endfacet
  facet normal -0.707107 0.707107 0
    outer loop
      vertex 1.17999 91.18 0
      vertex 1.17999 91.18 3
      vertex 4.45999 94.46 3
    endloop
  endfacet
  facet normal -0.840434 0.541914 0
    outer loop
      vertex 0 89.35 0
      vertex 1.17999 91.18 3
      vertex 1.17999 91.18 0
    endloop
  endfacet
  facet normal -0.840434 0.541914 0
    outer loop
      vertex 0 89.35 0
      vertex 0 89.35 3
      vertex 1.17999 91.18 3
    endloop
  endfacet
  facet normal -1 0 0
    outer loop
      vertex 0 3.51999 0
      vertex 0 89.35 3
      vertex 0 89.35 0
    endloop
  endfacet
  facet normal -1 0 0
    outer loop
      vertex 0 3.51999 0
      vertex 0 3.51999 3
      vertex 0 89.35 3
    endloop
  endfacet
  facet normal -0.972665 -0.232212 0
    outer loop
      vertex 0.529999 1.29999 0
      vertex 0 3.51999 3
      vertex 0 3.51999 0
    endloop
  endfacet
  facet normal -0.972665 -0.232212 0
    outer loop
      vertex 0.529999 1.29999 0
      vertex 0.529999 1.29999 3
      vertex 0 3.51999 3
    endloop
  endfacet
  facet normal -0.548557 -0.836113 0
    outer loop
      vertex 2.42 0.0599976 0
      vertex 0.529999 1.29999 3
      vertex 0.529999 1.29999 0
    endloop
  endfacet
  facet normal -0.548557 -0.836113 0
    outer loop
      vertex 2.42 0.0599976 0
      vertex 2.42 0.0599976 3
      vertex 0.529999 1.29999 3
    endloop
  endfacet
  facet normal -0.0259642 -0.999663 0
    outer loop
      vertex 4.73 0 0
      vertex 2.42 0.0599976 3
      vertex 2.42 0.0599976 0
    endloop
  endfacet
  facet normal -0.0259642 -0.999663 0
    outer loop
      vertex 4.73 0 0
      vertex 4.73 0 3
      vertex 2.42 0.0599976 3
    endloop
  endfacet
  facet normal 0 -1 0
    outer loop
      vertex 90.56 0 0
      vertex 4.73 0 3
      vertex 4.73 0 0
    endloop
  endfacet
  facet normal 0 -1 0
    outer loop
      vertex 90.56 0 0
      vertex 90.56 0 3
      vertex 4.73 0 3
    endloop
  endfacet
  facet normal 0.0561838 -0.99842 0
    outer loop
      vertex 92.87 0.12999 0
      vertex 90.56 0 3
      vertex 90.56 0 0
    endloop
  endfacet
  facet normal 0.0561838 -0.99842 0
    outer loop
      vertex 92.87 0.12999 0
      vertex 92.87 0.12999 3
      vertex 90.56 0 3
    endloop
  endfacet
  facet normal 0.382983 0.923755 -0
    outer loop
      vertex 46.5 198.268 0
      vertex 46.5 198.268 3
      vertex 46.9824 198.068 0
    endloop
  endfacet
  facet normal 0.382983 0.923755 0
    outer loop
      vertex 46.9824 198.068 3
      vertex 46.9824 198.068 0
      vertex 46.5 198.268 3
    endloop
  endfacet
  facet normal 0.60897 0.793193 -0
    outer loop
      vertex 46.0858 198.586 0
      vertex 46.0858 198.586 3
      vertex 46.5 198.268 0
    endloop
  endfacet
  facet normal 0.60897 0.793193 0
    outer loop
      vertex 46.5 198.268 3
      vertex 46.5 198.268 0
      vertex 46.0858 198.586 3
    endloop
  endfacet
  facet normal 0.793144 0.609035 -0
    outer loop
      vertex 45.7679 199 0
      vertex 45.7679 199 3
      vertex 46.0858 198.586 0
    endloop
  endfacet
  facet normal 0.793144 0.609035 0
    outer loop
      vertex 46.0858 198.586 3
      vertex 46.0858 198.586 0
      vertex 45.7679 199 3
    endloop
  endfacet
  facet normal 0.923778 0.382927 -0
    outer loop
      vertex 45.5681 199.482 0
      vertex 45.5681 199.482 3
      vertex 45.7679 199 0
    endloop
  endfacet
  facet normal 0.923778 0.382927 0
    outer loop
      vertex 45.7679 199 3
      vertex 45.7679 199 0
      vertex 45.5681 199.482 3
    endloop
  endfacet
  facet normal 0.991469 0.130346 -0
    outer loop
      vertex 45.5 200 0
      vertex 45.5 200 3
      vertex 45.5681 199.482 0
    endloop
  endfacet
  facet normal 0.991469 0.130346 0
    outer loop
      vertex 45.5681 199.482 3
      vertex 45.5681 199.482 0
      vertex 45.5 200 3
    endloop
  endfacet
  facet normal 0.991469 -0.130346 0
    outer loop
      vertex 45.5681 200.518 0
      vertex 45.5681 200.518 3
      vertex 45.5 200 0
    endloop
  endfacet
  facet normal 0.991469 -0.130346 0
    outer loop
      vertex 45.5 200 3
      vertex 45.5 200 0
      vertex 45.5681 200.518 3
    endloop
  endfacet
  facet normal 0.923778 -0.382927 0
    outer loop
      vertex 45.7679 201 0
      vertex 45.7679 201 3
      vertex 45.5681 200.518 0
    endloop
  endfacet
  facet normal 0.923778 -0.382927 0
    outer loop
      vertex 45.5681 200.518 3
      vertex 45.5681 200.518 0
      vertex 45.7679 201 3
    endloop
  endfacet
  facet normal 0.793144 -0.609035 0
    outer loop
      vertex 46.0858 201.414 0
      vertex 46.0858 201.414 3
      vertex 45.7679 201 0
    endloop
  endfacet
  facet normal 0.793144 -0.609035 0
    outer loop
      vertex 45.7679 201 3
      vertex 45.7679 201 0
      vertex 46.0858 201.414 3
    endloop
  endfacet
  facet normal 0.60897 -0.793193 0
    outer loop
      vertex 46.5 201.732 0
      vertex 46.5 201.732 3
      vertex 46.0858 201.414 0
    endloop
  endfacet
  facet normal 0.60897 -0.793193 0
    outer loop
      vertex 46.0858 201.414 3
      vertex 46.0858 201.414 0
      vertex 46.5 201.732 3
    endloop
  endfacet
  facet normal 0.382983 -0.923755 0
    outer loop
      vertex 46.9824 201.932 0
      vertex 46.9824 201.932 3
      vertex 46.5 201.732 0
    endloop
  endfacet
  facet normal 0.382983 -0.923755 0
    outer loop
      vertex 46.5 201.732 3
      vertex 46.5 201.732 0
      vertex 46.9824 201.932 3
    endloop
  endfacet
  facet normal 0.130256 -0.99148 0
    outer loop
      vertex 47.5 202 0
      vertex 47.5 202 3
      vertex 46.9824 201.932 0
    endloop
  endfacet
  facet normal 0.130256 -0.99148 0
    outer loop
      vertex 46.9824 201.932 3
      vertex 46.9824 201.932 0
      vertex 47.5 202 3
    endloop
  endfacet
  facet normal -0.130256 -0.99148 0
    outer loop
      vertex 48.0176 201.932 0
      vertex 48.0176 201.932 3
      vertex 47.5 202 0
    endloop
  endfacet
  facet normal -0.130256 -0.99148 -0
    outer loop
      vertex 47.5 202 3
      vertex 47.5 202 0
      vertex 48.0176 201.932 3
    endloop
  endfacet
  facet normal -0.382983 -0.923755 0
    outer loop
      vertex 48.5 201.732 0
      vertex 48.5 201.732 3
      vertex 48.0176 201.932 0
    endloop
  endfacet
  facet normal -0.382983 -0.923755 -0
    outer loop
      vertex 48.0176 201.932 3
      vertex 48.0176 201.932 0
      vertex 48.5 201.732 3
    endloop
  endfacet
  facet normal -0.60897 -0.793193 0
    outer loop
      vertex 48.9142 201.414 0
      vertex 48.9142 201.414 3
      vertex 48.5 201.732 0
    endloop
  endfacet
  facet normal -0.60897 -0.793193 -0
    outer loop
      vertex 48.5 201.732 3
      vertex 48.5 201.732 0
      vertex 48.9142 201.414 3
    endloop
  endfacet
  facet normal -0.793236 -0.608914 0
    outer loop
      vertex 49.232 201 0
      vertex 49.232 201 3
      vertex 48.9142 201.414 0
    endloop
  endfacet
  facet normal -0.793236 -0.608914 -0
    outer loop
      vertex 48.9142 201.414 3
      vertex 48.9142 201.414 0
      vertex 49.232 201 3
    endloop
  endfacet
  facet normal -0.923778 -0.382927 0
    outer loop
      vertex 49.4318 200.518 0
      vertex 49.4318 200.518 3
      vertex 49.232 201 0
    endloop
  endfacet
  facet normal -0.923778 -0.382927 -0
    outer loop
      vertex 49.232 201 3
      vertex 49.232 201 0
      vertex 49.4318 200.518 3
    endloop
  endfacet
  facet normal -0.991444 -0.130534 0
    outer loop
      vertex 49.5 200 0
      vertex 49.5 200 3
      vertex 49.4318 200.518 0
    endloop
  endfacet
  facet normal -0.991444 -0.130534 -0
    outer loop
      vertex 49.4318 200.518 3
      vertex 49.4318 200.518 0
      vertex 49.5 200 3
    endloop
  endfacet
  facet normal -0.991444 0.130534 0
    outer loop
      vertex 49.4318 199.482 0
      vertex 49.4318 199.482 3
      vertex 49.5 200 0
    endloop
  endfacet
  facet normal -0.991444 0.130534 0
    outer loop
      vertex 49.5 200 3
      vertex 49.5 200 0
      vertex 49.4318 199.482 3
    endloop
  endfacet
  facet normal -0.923778 0.382927 0
    outer loop
      vertex 49.232 199 0
      vertex 49.232 199 3
      vertex 49.4318 199.482 0
    endloop
  endfacet
  facet normal -0.923778 0.382927 0
    outer loop
      vertex 49.4318 199.482 3
      vertex 49.4318 199.482 0
      vertex 49.232 199 3
    endloop
  endfacet
  facet normal -0.793236 0.608914 0
    outer loop
      vertex 48.9142 198.586 0
      vertex 48.9142 198.586 3
      vertex 49.232 199 0
    endloop
  endfacet
  facet normal -0.793236 0.608914 0
    outer loop
      vertex 49.232 199 3
      vertex 49.232 199 0
      vertex 48.9142 198.586 3
    endloop
  endfacet
  facet normal -0.60897 0.793193 0
    outer loop
      vertex 48.5 198.268 0
      vertex 48.5 198.268 3
      vertex 48.9142 198.586 0
    endloop
  endfacet
  facet normal -0.60897 0.793193 0
    outer loop
      vertex 48.9142 198.586 3
      vertex 48.9142 198.586 0
      vertex 48.5 198.268 3
    endloop
  endfacet
  facet normal -0.382983 0.923755 0
    outer loop
      vertex 48.0176 198.068 0
      vertex 48.0176 198.068 3
      vertex 48.5 198.268 0
    endloop
  endfacet
  facet normal -0.382983 0.923755 0
    outer loop
      vertex 48.5 198.268 3
      vertex 48.5 198.268 0
      vertex 48.0176 198.068 3
    endloop
  endfacet
  facet normal -0.130256 0.99148 0
    outer loop
      vertex 47.5 198 0
      vertex 47.5 198 3
      vertex 48.0176 198.068 0
    endloop
  endfacet
  facet normal -0.130256 0.99148 0
    outer loop
      vertex 48.0176 198.068 3
      vertex 48.0176 198.068 0
      vertex 47.5 198 3
    endloop
  endfacet
  facet normal 0.130256 0.99148 -0
    outer loop
      vertex 46.9824 198.068 0
      vertex 46.9824 198.068 3
      vertex 47.5 198 0
    endloop
  endfacet
  facet normal 0.130256 0.99148 0
    outer loop
      vertex 47.5 198 3
      vertex 47.5 198 0
      vertex 46.9824 198.068 3
    endloop
  endfacet
  facet normal 0.383036 0.923734 -0
    outer loop
      vertex 26.125 191.958 0
      vertex 26.125 191.958 3
      vertex 26.4988 191.803 0
    endloop
  endfacet
  facet normal 0.383036 0.923734 0
    outer loop
      vertex 26.4988 191.803 3
      vertex 26.4988 191.803 0
      vertex 26.125 191.958 3
    endloop
  endfacet
  facet normal 0.608276 0.793726 -0
    outer loop
      vertex 25.804 192.204 0
      vertex 25.804 192.204 3
      vertex 26.125 191.958 0
    endloop
  endfacet
  facet normal 0.608276 0.793726 0
    outer loop
      vertex 26.125 191.958 3
      vertex 26.125 191.958 0
      vertex 25.804 192.204 3
    endloop
  endfacet
  facet normal 0.793248 0.608898 -0
    outer loop
      vertex 25.5576 192.525 0
      vertex 25.5576 192.525 3
      vertex 25.804 192.204 0
    endloop
  endfacet
  facet normal 0.793248 0.608898 0
    outer loop
      vertex 25.804 192.204 3
      vertex 25.804 192.204 0
      vertex 25.5576 192.525 3
    endloop
  endfacet
  facet normal 0.923981 0.382439 -0
    outer loop
      vertex 25.4028 192.899 0
      vertex 25.4028 192.899 3
      vertex 25.5576 192.525 0
    endloop
  endfacet
  facet normal 0.923981 0.382439 0
    outer loop
      vertex 25.5576 192.525 3
      vertex 25.5576 192.525 0
      vertex 25.4028 192.899 3
    endloop
  endfacet
  facet normal 0.991443 0.130544 -0
    outer loop
      vertex 25.35 193.3 0
      vertex 25.35 193.3 3
      vertex 25.4028 192.899 0
    endloop
  endfacet
  facet normal 0.991443 0.130544 0
    outer loop
      vertex 25.4028 192.899 3
      vertex 25.4028 192.899 0
      vertex 25.35 193.3 3
    endloop
  endfacet
  facet normal 0.991443 -0.130544 0
    outer loop
      vertex 25.4028 193.701 0
      vertex 25.4028 193.701 3
      vertex 25.35 193.3 0
    endloop
  endfacet
  facet normal 0.991443 -0.130544 0
    outer loop
      vertex 25.35 193.3 3
      vertex 25.35 193.3 0
      vertex 25.4028 193.701 3
    endloop
  endfacet
  facet normal 0.923981 -0.382439 0
    outer loop
      vertex 25.5576 194.075 0
      vertex 25.5576 194.075 3
      vertex 25.4028 193.701 0
    endloop
  endfacet
  facet normal 0.923981 -0.382439 0
    outer loop
      vertex 25.4028 193.701 3
      vertex 25.4028 193.701 0
      vertex 25.5576 194.075 3
    endloop
  endfacet
  facet normal 0.793248 -0.608898 0
    outer loop
      vertex 25.804 194.396 0
      vertex 25.804 194.396 3
      vertex 25.5576 194.075 0
    endloop
  endfacet
  facet normal 0.793248 -0.608898 0
    outer loop
      vertex 25.5576 194.075 3
      vertex 25.5576 194.075 0
      vertex 25.804 194.396 3
    endloop
  endfacet
  facet normal 0.608276 -0.793726 0
    outer loop
      vertex 26.125 194.642 0
      vertex 26.125 194.642 3
      vertex 25.804 194.396 0
    endloop
  endfacet
  facet normal 0.608276 -0.793726 0
    outer loop
      vertex 25.804 194.396 3
      vertex 25.804 194.396 0
      vertex 26.125 194.642 3
    endloop
  endfacet
  facet normal 0.383036 -0.923734 0
    outer loop
      vertex 26.4988 194.797 0
      vertex 26.4988 194.797 3
      vertex 26.125 194.642 0
    endloop
  endfacet
  facet normal 0.383036 -0.923734 0
    outer loop
      vertex 26.125 194.642 3
      vertex 26.125 194.642 0
      vertex 26.4988 194.797 3
    endloop
  endfacet
  facet normal 0.130966 -0.991387 0
    outer loop
      vertex 26.9 194.85 0
      vertex 26.9 194.85 3
      vertex 26.4988 194.797 0
    endloop
  endfacet
  facet normal 0.130966 -0.991387 0
    outer loop
      vertex 26.4988 194.797 3
      vertex 26.4988 194.797 0
      vertex 26.9 194.85 3
    endloop
  endfacet
  facet normal -0.130966 -0.991387 0
    outer loop
      vertex 27.3012 194.797 0
      vertex 27.3012 194.797 3
      vertex 26.9 194.85 0
    endloop
  endfacet
  facet normal -0.130966 -0.991387 -0
    outer loop
      vertex 26.9 194.85 3
      vertex 26.9 194.85 0
      vertex 27.3012 194.797 3
    endloop
  endfacet
  facet normal -0.383036 -0.923734 0
    outer loop
      vertex 27.675 194.642 0
      vertex 27.675 194.642 3
      vertex 27.3012 194.797 0
    endloop
  endfacet
  facet normal -0.383036 -0.923734 -0
    outer loop
      vertex 27.3012 194.797 3
      vertex 27.3012 194.797 0
      vertex 27.675 194.642 3
    endloop
  endfacet
  facet normal -0.608276 -0.793726 0
    outer loop
      vertex 27.996 194.396 0
      vertex 27.996 194.396 3
      vertex 27.675 194.642 0
    endloop
  endfacet
  facet normal -0.608276 -0.793726 -0
    outer loop
      vertex 27.675 194.642 3
      vertex 27.675 194.642 0
      vertex 27.996 194.396 3
    endloop
  endfacet
  facet normal -0.793368 -0.608743 0
    outer loop
      vertex 28.2423 194.075 0
      vertex 28.2423 194.075 3
      vertex 27.996 194.396 0
    endloop
  endfacet
  facet normal -0.793368 -0.608743 -0
    outer loop
      vertex 27.996 194.396 3
      vertex 27.996 194.396 0
      vertex 28.2423 194.075 3
    endloop
  endfacet
  facet normal -0.923893 -0.38265 0
    outer loop
      vertex 28.3972 193.701 0
      vertex 28.3972 193.701 3
      vertex 28.2423 194.075 0
    endloop
  endfacet
  facet normal -0.923893 -0.38265 -0
    outer loop
      vertex 28.2423 194.075 3
      vertex 28.2423 194.075 0
      vertex 28.3972 193.701 3
    endloop
  endfacet
  facet normal -0.991443 -0.130544 0
    outer loop
      vertex 28.45 193.3 0
      vertex 28.45 193.3 3
      vertex 28.3972 193.701 0
    endloop
  endfacet
  facet normal -0.991443 -0.130544 -0
    outer loop
      vertex 28.3972 193.701 3
      vertex 28.3972 193.701 0
      vertex 28.45 193.3 3
    endloop
  endfacet
  facet normal -0.991443 0.130544 0
    outer loop
      vertex 28.3972 192.899 0
      vertex 28.3972 192.899 3
      vertex 28.45 193.3 0
    endloop
  endfacet
  facet normal -0.991443 0.130544 0
    outer loop
      vertex 28.45 193.3 3
      vertex 28.45 193.3 0
      vertex 28.3972 192.899 3
    endloop
  endfacet
  facet normal -0.923893 0.38265 0
    outer loop
      vertex 28.2423 192.525 0
      vertex 28.2423 192.525 3
      vertex 28.3972 192.899 0
    endloop
  endfacet
  facet normal -0.923893 0.38265 0
    outer loop
      vertex 28.3972 192.899 3
      vertex 28.3972 192.899 0
      vertex 28.2423 192.525 3
    endloop
  endfacet
  facet normal -0.793368 0.608743 0
    outer loop
      vertex 27.996 192.204 0
      vertex 27.996 192.204 3
      vertex 28.2423 192.525 0
    endloop
  endfacet
  facet normal -0.793368 0.608743 0
    outer loop
      vertex 28.2423 192.525 3
      vertex 28.2423 192.525 0
      vertex 27.996 192.204 3
    endloop
  endfacet
  facet normal -0.608276 0.793726 0
    outer loop
      vertex 27.675 191.958 0
      vertex 27.675 191.958 3
      vertex 27.996 192.204 0
    endloop
  endfacet
  facet normal -0.608276 0.793726 0
    outer loop
      vertex 27.996 192.204 3
      vertex 27.996 192.204 0
      vertex 27.675 191.958 3
    endloop
  endfacet
  facet normal -0.383036 0.923734 0
    outer loop
      vertex 27.3012 191.803 0
      vertex 27.3012 191.803 3
      vertex 27.675 191.958 0
    endloop
  endfacet
  facet normal -0.383036 0.923734 0
    outer loop
      vertex 27.675 191.958 3
      vertex 27.675 191.958 0
      vertex 27.3012 191.803 3
    endloop
  endfacet
  facet normal -0.130966 0.991387 0
    outer loop
      vertex 26.9 191.75 0
      vertex 26.9 191.75 3
      vertex 27.3012 191.803 0
    endloop
  endfacet
  facet normal -0.130966 0.991387 0
    outer loop
      vertex 27.3012 191.803 3
      vertex 27.3012 191.803 0
      vertex 26.9 191.75 3
    endloop
  endfacet
  facet normal 0.130966 0.991387 -0
    outer loop
      vertex 26.4988 191.803 0
      vertex 26.4988 191.803 3
      vertex 26.9 191.75 0
    endloop
  endfacet
  facet normal 0.130966 0.991387 0
    outer loop
      vertex 26.9 191.75 3
      vertex 26.9 191.75 0
      vertex 26.4988 191.803 3
    endloop
  endfacet
  facet normal 0.383011 0.923744 -0
    outer loop
      vertex 20.05 186.423 0
      vertex 20.05 186.423 3
      vertex 20.9906 186.033 0
    endloop
  endfacet
  facet normal 0.383011 0.923744 0
    outer loop
      vertex 20.9906 186.033 3
      vertex 20.9906 186.033 0
      vertex 20.05 186.423 3
    endloop
  endfacet
  facet normal 0.608285 0.793719 -0
    outer loop
      vertex 19.2423 187.042 0
      vertex 19.2423 187.042 3
      vertex 20.05 186.423 0
    endloop
  endfacet
  facet normal 0.608285 0.793719 0
    outer loop
      vertex 20.05 186.423 3
      vertex 20.05 186.423 0
      vertex 19.2423 187.042 3
    endloop
  endfacet
  facet normal 0.793448 0.608638 -0
    outer loop
      vertex 18.6225 187.85 0
      vertex 18.6225 187.85 3
      vertex 19.2423 187.042 0
    endloop
  endfacet
  facet normal 0.793448 0.608638 0
    outer loop
      vertex 19.2423 187.042 3
      vertex 19.2423 187.042 0
      vertex 18.6225 187.85 3
    endloop
  endfacet
  facet normal 0.92394 0.382537 -0
    outer loop
      vertex 18.2329 188.791 0
      vertex 18.2329 188.791 3
      vertex 18.6225 187.85 0
    endloop
  endfacet
  facet normal 0.92394 0.382537 0
    outer loop
      vertex 18.6225 187.85 3
      vertex 18.6225 187.85 0
      vertex 18.2329 188.791 3
    endloop
  endfacet
  facet normal 0.991437 0.130587 -0
    outer loop
      vertex 18.1 189.8 0
      vertex 18.1 189.8 3
      vertex 18.2329 188.791 0
    endloop
  endfacet
  facet normal 0.991437 0.130587 0
    outer loop
      vertex 18.2329 188.791 3
      vertex 18.2329 188.791 0
      vertex 18.1 189.8 3
    endloop
  endfacet
  facet normal 0.991437 -0.130587 0
    outer loop
      vertex 18.2329 190.809 0
      vertex 18.2329 190.809 3
      vertex 18.1 189.8 0
    endloop
  endfacet
  facet normal 0.991437 -0.130587 0
    outer loop
      vertex 18.1 189.8 3
      vertex 18.1 189.8 0
      vertex 18.2329 190.809 3
    endloop
  endfacet
  facet normal 0.92394 -0.382537 0
    outer loop
      vertex 18.6225 191.75 0
      vertex 18.6225 191.75 3
      vertex 18.2329 190.809 0
    endloop
  endfacet
  facet normal 0.92394 -0.382537 0
    outer loop
      vertex 18.2329 190.809 3
      vertex 18.2329 190.809 0
      vertex 18.6225 191.75 3
    endloop
  endfacet
  facet normal 0.793448 -0.608638 0
    outer loop
      vertex 19.2423 192.558 0
      vertex 19.2423 192.558 3
      vertex 18.6225 191.75 0
    endloop
  endfacet
  facet normal 0.793448 -0.608638 0
    outer loop
      vertex 18.6225 191.75 3
      vertex 18.6225 191.75 0
      vertex 19.2423 192.558 3
    endloop
  endfacet
  facet normal 0.608285 -0.793719 0
    outer loop
      vertex 20.05 193.177 0
      vertex 20.05 193.177 3
      vertex 19.2423 192.558 0
    endloop
  endfacet
  facet normal 0.608285 -0.793719 0
    outer loop
      vertex 19.2423 192.558 3
      vertex 19.2423 192.558 0
      vertex 20.05 193.177 3
    endloop
  endfacet
  facet normal 0.383011 -0.923744 0
    outer loop
      vertex 20.9906 193.567 0
      vertex 20.9906 193.567 3
      vertex 20.05 193.177 0
    endloop
  endfacet
  facet normal 0.383011 -0.923744 0
    outer loop
      vertex 20.05 193.177 3
      vertex 20.05 193.177 0
      vertex 20.9906 193.567 3
    endloop
  endfacet
  facet normal 0.130632 -0.991431 0
    outer loop
      vertex 22 193.7 0
      vertex 22 193.7 3
      vertex 20.9906 193.567 0
    endloop
  endfacet
  facet normal 0.130632 -0.991431 0
    outer loop
      vertex 20.9906 193.567 3
      vertex 20.9906 193.567 0
      vertex 22 193.7 3
    endloop
  endfacet
  facet normal -0.130632 -0.991431 0
    outer loop
      vertex 23.0094 193.567 0
      vertex 23.0094 193.567 3
      vertex 22 193.7 0
    endloop
  endfacet
  facet normal -0.130632 -0.991431 -0
    outer loop
      vertex 22 193.7 3
      vertex 22 193.7 0
      vertex 23.0094 193.567 3
    endloop
  endfacet
  facet normal -0.383011 -0.923744 0
    outer loop
      vertex 23.95 193.177 0
      vertex 23.95 193.177 3
      vertex 23.0094 193.567 0
    endloop
  endfacet
  facet normal -0.383011 -0.923744 -0
    outer loop
      vertex 23.0094 193.567 3
      vertex 23.0094 193.567 0
      vertex 23.95 193.177 3
    endloop
  endfacet
  facet normal -0.608285 -0.793719 0
    outer loop
      vertex 24.7577 192.558 0
      vertex 24.7577 192.558 3
      vertex 23.95 193.177 0
    endloop
  endfacet
  facet normal -0.608285 -0.793719 -0
    outer loop
      vertex 23.95 193.177 3
      vertex 23.95 193.177 0
      vertex 24.7577 192.558 3
    endloop
  endfacet
  facet normal -0.793448 -0.608638 0
    outer loop
      vertex 25.3775 191.75 0
      vertex 25.3775 191.75 3
      vertex 24.7577 192.558 0
    endloop
  endfacet
  facet normal -0.793448 -0.608638 -0
    outer loop
      vertex 24.7577 192.558 3
      vertex 24.7577 192.558 0
      vertex 25.3775 191.75 3
    endloop
  endfacet
  facet normal -0.92394 -0.382537 0
    outer loop
      vertex 25.7671 190.809 0
      vertex 25.7671 190.809 3
      vertex 25.3775 191.75 0
    endloop
  endfacet
  facet normal -0.92394 -0.382537 -0
    outer loop
      vertex 25.3775 191.75 3
      vertex 25.3775 191.75 0
      vertex 25.7671 190.809 3
    endloop
  endfacet
  facet normal -0.991437 -0.130587 0
    outer loop
      vertex 25.9 189.8 0
      vertex 25.9 189.8 3
      vertex 25.7671 190.809 0
    endloop
  endfacet
  facet normal -0.991437 -0.130587 -0
    outer loop
      vertex 25.7671 190.809 3
      vertex 25.7671 190.809 0
      vertex 25.9 189.8 3
    endloop
  endfacet
  facet normal -0.991437 0.130587 0
    outer loop
      vertex 25.7671 188.791 0
      vertex 25.7671 188.791 3
      vertex 25.9 189.8 0
    endloop
  endfacet
  facet normal -0.991437 0.130587 0
    outer loop
      vertex 25.9 189.8 3
      vertex 25.9 189.8 0
      vertex 25.7671 188.791 3
    endloop
  endfacet
  facet normal -0.92394 0.382537 0
    outer loop
      vertex 25.3775 187.85 0
      vertex 25.3775 187.85 3
      vertex 25.7671 188.791 0
    endloop
  endfacet
  facet normal -0.92394 0.382537 0
    outer loop
      vertex 25.7671 188.791 3
      vertex 25.7671 188.791 0
      vertex 25.3775 187.85 3
    endloop
  endfacet
  facet normal -0.793448 0.608638 0
    outer loop
      vertex 24.7577 187.042 0
      vertex 24.7577 187.042 3
      vertex 25.3775 187.85 0
    endloop
  endfacet
  facet normal -0.793448 0.608638 0
    outer loop
      vertex 25.3775 187.85 3
      vertex 25.3775 187.85 0
      vertex 24.7577 187.042 3
    endloop
  endfacet
  facet normal -0.608285 0.793719 0
    outer loop
      vertex 23.95 186.423 0
      vertex 23.95 186.423 3
      vertex 24.7577 187.042 0
    endloop
  endfacet
  facet normal -0.608285 0.793719 0
    outer loop
      vertex 24.7577 187.042 3
      vertex 24.7577 187.042 0
      vertex 23.95 186.423 3
    endloop
  endfacet
  facet normal -0.383011 0.923744 0
    outer loop
      vertex 23.0094 186.033 0
      vertex 23.0094 186.033 3
      vertex 23.95 186.423 0
    endloop
  endfacet
  facet normal -0.383011 0.923744 0
    outer loop
      vertex 23.95 186.423 3
      vertex 23.95 186.423 0
      vertex 23.0094 186.033 3
    endloop
  endfacet
  facet normal -0.130632 0.991431 0
    outer loop
      vertex 22 185.9 0
      vertex 22 185.9 3
      vertex 23.0094 186.033 0
    endloop
  endfacet
  facet normal -0.130632 0.991431 0
    outer loop
      vertex 23.0094 186.033 3
      vertex 23.0094 186.033 0
      vertex 22 185.9 3
    endloop
  endfacet
  facet normal 0.130632 0.991431 -0
    outer loop
      vertex 20.9906 186.033 0
      vertex 20.9906 186.033 3
      vertex 22 185.9 0
    endloop
  endfacet
  facet normal 0.130632 0.991431 0
    outer loop
      vertex 22 185.9 3
      vertex 22 185.9 0
      vertex 20.9906 186.033 3
    endloop
  endfacet
  facet normal 0.383036 0.923734 -0
    outer loop
      vertex 78.525 186.558 0
      vertex 78.525 186.558 3
      vertex 78.8988 186.403 0
    endloop
  endfacet
  facet normal 0.383036 0.923734 0
    outer loop
      vertex 78.8988 186.403 3
      vertex 78.8988 186.403 0
      vertex 78.525 186.558 3
    endloop
  endfacet
  facet normal 0.608276 0.793726 -0
    outer loop
      vertex 78.204 186.804 0
      vertex 78.204 186.804 3
      vertex 78.525 186.558 0
    endloop
  endfacet
  facet normal 0.608276 0.793726 0
    outer loop
      vertex 78.525 186.558 3
      vertex 78.525 186.558 0
      vertex 78.204 186.804 3
    endloop
  endfacet
  facet normal 0.793368 0.608743 -0
    outer loop
      vertex 77.9577 187.125 0
      vertex 77.9577 187.125 3
      vertex 78.204 186.804 0
    endloop
  endfacet
  facet normal 0.793368 0.608743 0
    outer loop
      vertex 78.204 186.804 3
      vertex 78.204 186.804 0
      vertex 77.9577 187.125 3
    endloop
  endfacet
  facet normal 0.923893 0.38265 -0
    outer loop
      vertex 77.8028 187.499 0
      vertex 77.8028 187.499 3
      vertex 77.9577 187.125 0
    endloop
  endfacet
  facet normal 0.923893 0.38265 0
    outer loop
      vertex 77.9577 187.125 3
      vertex 77.9577 187.125 0
      vertex 77.8028 187.499 3
    endloop
  endfacet
  facet normal 0.991443 0.130544 -0
    outer loop
      vertex 77.75 187.9 0
      vertex 77.75 187.9 3
      vertex 77.8028 187.499 0
    endloop
  endfacet
  facet normal 0.991443 0.130544 0
    outer loop
      vertex 77.8028 187.499 3
      vertex 77.8028 187.499 0
      vertex 77.75 187.9 3
    endloop
  endfacet
  facet normal 0.991443 -0.130544 0
    outer loop
      vertex 77.8028 188.301 0
      vertex 77.8028 188.301 3
      vertex 77.75 187.9 0
    endloop
  endfacet
  facet normal 0.991443 -0.130544 0
    outer loop
      vertex 77.75 187.9 3
      vertex 77.75 187.9 0
      vertex 77.8028 188.301 3
    endloop
  endfacet
  facet normal 0.923893 -0.38265 0
    outer loop
      vertex 77.9577 188.675 0
      vertex 77.9577 188.675 3
      vertex 77.8028 188.301 0
    endloop
  endfacet
  facet normal 0.923893 -0.38265 0
    outer loop
      vertex 77.8028 188.301 3
      vertex 77.8028 188.301 0
      vertex 77.9577 188.675 3
    endloop
  endfacet
  facet normal 0.793368 -0.608743 0
    outer loop
      vertex 78.204 188.996 0
      vertex 78.204 188.996 3
      vertex 77.9577 188.675 0
    endloop
  endfacet
  facet normal 0.793368 -0.608743 0
    outer loop
      vertex 77.9577 188.675 3
      vertex 77.9577 188.675 0
      vertex 78.204 188.996 3
    endloop
  endfacet
  facet normal 0.608276 -0.793726 0
    outer loop
      vertex 78.525 189.242 0
      vertex 78.525 189.242 3
      vertex 78.204 188.996 0
    endloop
  endfacet
  facet normal 0.608276 -0.793726 0
    outer loop
      vertex 78.204 188.996 3
      vertex 78.204 188.996 0
      vertex 78.525 189.242 3
    endloop
  endfacet
  facet normal 0.383036 -0.923734 0
    outer loop
      vertex 78.8988 189.397 0
      vertex 78.8988 189.397 3
      vertex 78.525 189.242 0
    endloop
  endfacet
  facet normal 0.383036 -0.923734 0
    outer loop
      vertex 78.525 189.242 3
      vertex 78.525 189.242 0
      vertex 78.8988 189.397 3
    endloop
  endfacet
  facet normal 0.130966 -0.991387 0
    outer loop
      vertex 79.3 189.45 0
      vertex 79.3 189.45 3
      vertex 78.8988 189.397 0
    endloop
  endfacet
  facet normal 0.130966 -0.991387 0
    outer loop
      vertex 78.8988 189.397 3
      vertex 78.8988 189.397 0
      vertex 79.3 189.45 3
    endloop
  endfacet
  facet normal -0.130966 -0.991387 0
    outer loop
      vertex 79.7012 189.397 0
      vertex 79.7012 189.397 3
      vertex 79.3 189.45 0
    endloop
  endfacet
  facet normal -0.130966 -0.991387 -0
    outer loop
      vertex 79.3 189.45 3
      vertex 79.3 189.45 0
      vertex 79.7012 189.397 3
    endloop
  endfacet
  facet normal -0.383036 -0.923734 0
    outer loop
      vertex 80.075 189.242 0
      vertex 80.075 189.242 3
      vertex 79.7012 189.397 0
    endloop
  endfacet
  facet normal -0.383036 -0.923734 -0
    outer loop
      vertex 79.7012 189.397 3
      vertex 79.7012 189.397 0
      vertex 80.075 189.242 3
    endloop
  endfacet
  facet normal -0.608276 -0.793726 0
    outer loop
      vertex 80.396 188.996 0
      vertex 80.396 188.996 3
      vertex 80.075 189.242 0
    endloop
  endfacet
  facet normal -0.608276 -0.793726 -0
    outer loop
      vertex 80.075 189.242 3
      vertex 80.075 189.242 0
      vertex 80.396 188.996 3
    endloop
  endfacet
  facet normal -0.793368 -0.608743 0
    outer loop
      vertex 80.6423 188.675 0
      vertex 80.6423 188.675 3
      vertex 80.396 188.996 0
    endloop
  endfacet
  facet normal -0.793368 -0.608743 -0
    outer loop
      vertex 80.396 188.996 3
      vertex 80.396 188.996 0
      vertex 80.6423 188.675 3
    endloop
  endfacet
  facet normal -0.923893 -0.38265 0
    outer loop
      vertex 80.7972 188.301 0
      vertex 80.7972 188.301 3
      vertex 80.6423 188.675 0
    endloop
  endfacet
  facet normal -0.923893 -0.38265 -0
    outer loop
      vertex 80.6423 188.675 3
      vertex 80.6423 188.675 0
      vertex 80.7972 188.301 3
    endloop
  endfacet
  facet normal -0.991443 -0.130544 0
    outer loop
      vertex 80.85 187.9 0
      vertex 80.85 187.9 3
      vertex 80.7972 188.301 0
    endloop
  endfacet
  facet normal -0.991443 -0.130544 -0
    outer loop
      vertex 80.7972 188.301 3
      vertex 80.7972 188.301 0
      vertex 80.85 187.9 3
    endloop
  endfacet
  facet normal -0.991443 0.130544 0
    outer loop
      vertex 80.7972 187.499 0
      vertex 80.7972 187.499 3
      vertex 80.85 187.9 0
    endloop
  endfacet
  facet normal -0.991443 0.130544 0
    outer loop
      vertex 80.85 187.9 3
      vertex 80.85 187.9 0
      vertex 80.7972 187.499 3
    endloop
  endfacet
  facet normal -0.923893 0.38265 0
    outer loop
      vertex 80.6423 187.125 0
      vertex 80.6423 187.125 3
      vertex 80.7972 187.499 0
    endloop
  endfacet
  facet normal -0.923893 0.38265 0
    outer loop
      vertex 80.7972 187.499 3
      vertex 80.7972 187.499 0
      vertex 80.6423 187.125 3
    endloop
  endfacet
  facet normal -0.793368 0.608743 0
    outer loop
      vertex 80.396 186.804 0
      vertex 80.396 186.804 3
      vertex 80.6423 187.125 0
    endloop
  endfacet
  facet normal -0.793368 0.608743 0
    outer loop
      vertex 80.6423 187.125 3
      vertex 80.6423 187.125 0
      vertex 80.396 186.804 3
    endloop
  endfacet
  facet normal -0.608276 0.793726 0
    outer loop
      vertex 80.075 186.558 0
      vertex 80.075 186.558 3
      vertex 80.396 186.804 0
    endloop
  endfacet
  facet normal -0.608276 0.793726 0
    outer loop
      vertex 80.396 186.804 3
      vertex 80.396 186.804 0
      vertex 80.075 186.558 3
    endloop
  endfacet
  facet normal -0.383036 0.923734 0
    outer loop
      vertex 79.7012 186.403 0
      vertex 79.7012 186.403 3
      vertex 80.075 186.558 0
    endloop
  endfacet
  facet normal -0.383036 0.923734 0
    outer loop
      vertex 80.075 186.558 3
      vertex 80.075 186.558 0
      vertex 79.7012 186.403 3
    endloop
  endfacet
  facet normal -0.130966 0.991387 0
    outer loop
      vertex 79.3 186.35 0
      vertex 79.3 186.35 3
      vertex 79.7012 186.403 0
    endloop
  endfacet
  facet normal -0.130966 0.991387 0
    outer loop
      vertex 79.7012 186.403 3
      vertex 79.7012 186.403 0
      vertex 79.3 186.35 3
    endloop
  endfacet
  facet normal 0.130966 0.991387 -0
    outer loop
      vertex 78.8988 186.403 0
      vertex 78.8988 186.403 3
      vertex 79.3 186.35 0
    endloop
  endfacet
  facet normal 0.130966 0.991387 0
    outer loop
      vertex 79.3 186.35 3
      vertex 79.3 186.35 0
      vertex 78.8988 186.403 3
    endloop
  endfacet
  facet normal 0.382983 0.923755 -0
    outer loop
      vertex 16 162.068 0
      vertex 16 162.068 3
      vertex 16.4824 161.868 0
    endloop
  endfacet
  facet normal 0.382983 0.923755 0
    outer loop
      vertex 16.4824 161.868 3
      vertex 16.4824 161.868 0
      vertex 16 162.068 3
    endloop
  endfacet
  facet normal 0.60897 0.793193 -0
    outer loop
      vertex 15.5858 162.386 0
      vertex 15.5858 162.386 3
      vertex 16 162.068 0
    endloop
  endfacet
  facet normal 0.60897 0.793193 0
    outer loop
      vertex 16 162.068 3
      vertex 16 162.068 0
      vertex 15.5858 162.386 3
    endloop
  endfacet
  facet normal 0.793144 0.609035 -0
    outer loop
      vertex 15.2679 162.8 0
      vertex 15.2679 162.8 3
      vertex 15.5858 162.386 0
    endloop
  endfacet
  facet normal 0.793144 0.609035 0
    outer loop
      vertex 15.5858 162.386 3
      vertex 15.5858 162.386 0
      vertex 15.2679 162.8 3
    endloop
  endfacet
  facet normal 0.923778 0.382927 -0
    outer loop
      vertex 15.0681 163.282 0
      vertex 15.0681 163.282 3
      vertex 15.2679 162.8 0
    endloop
  endfacet
  facet normal 0.923778 0.382927 0
    outer loop
      vertex 15.2679 162.8 3
      vertex 15.2679 162.8 0
      vertex 15.0681 163.282 3
    endloop
  endfacet
  facet normal 0.991469 0.130346 -0
    outer loop
      vertex 15 163.8 0
      vertex 15 163.8 3
      vertex 15.0681 163.282 0
    endloop
  endfacet
  facet normal 0.991469 0.130346 0
    outer loop
      vertex 15.0681 163.282 3
      vertex 15.0681 163.282 0
      vertex 15 163.8 3
    endloop
  endfacet
  facet normal 0.991469 -0.130346 0
    outer loop
      vertex 15.0681 164.318 0
      vertex 15.0681 164.318 3
      vertex 15 163.8 0
    endloop
  endfacet
  facet normal 0.991469 -0.130346 0
    outer loop
      vertex 15 163.8 3
      vertex 15 163.8 0
      vertex 15.0681 164.318 3
    endloop
  endfacet
  facet normal 0.923778 -0.382927 0
    outer loop
      vertex 15.2679 164.8 0
      vertex 15.2679 164.8 3
      vertex 15.0681 164.318 0
    endloop
  endfacet
  facet normal 0.923778 -0.382927 0
    outer loop
      vertex 15.0681 164.318 3
      vertex 15.0681 164.318 0
      vertex 15.2679 164.8 3
    endloop
  endfacet
  facet normal 0.793144 -0.609035 0
    outer loop
      vertex 15.5858 165.214 0
      vertex 15.5858 165.214 3
      vertex 15.2679 164.8 0
    endloop
  endfacet
  facet normal 0.793144 -0.609035 0
    outer loop
      vertex 15.2679 164.8 3
      vertex 15.2679 164.8 0
      vertex 15.5858 165.214 3
    endloop
  endfacet
  facet normal 0.60897 -0.793193 0
    outer loop
      vertex 16 165.532 0
      vertex 16 165.532 3
      vertex 15.5858 165.214 0
    endloop
  endfacet
  facet normal 0.60897 -0.793193 0
    outer loop
      vertex 15.5858 165.214 3
      vertex 15.5858 165.214 0
      vertex 16 165.532 3
    endloop
  endfacet
  facet normal 0.382983 -0.923755 0
    outer loop
      vertex 16.4824 165.732 0
      vertex 16.4824 165.732 3
      vertex 16 165.532 0
    endloop
  endfacet
  facet normal 0.382983 -0.923755 0
    outer loop
      vertex 16 165.532 3
      vertex 16 165.532 0
      vertex 16.4824 165.732 3
    endloop
  endfacet
  facet normal 0.130256 -0.99148 0
    outer loop
      vertex 17 165.8 0
      vertex 17 165.8 3
      vertex 16.4824 165.732 0
    endloop
  endfacet
  facet normal 0.130256 -0.99148 0
    outer loop
      vertex 16.4824 165.732 3
      vertex 16.4824 165.732 0
      vertex 17 165.8 3
    endloop
  endfacet
  facet normal -0.130256 -0.99148 0
    outer loop
      vertex 17.5176 165.732 0
      vertex 17.5176 165.732 3
      vertex 17 165.8 0
    endloop
  endfacet
  facet normal -0.130256 -0.99148 -0
    outer loop
      vertex 17 165.8 3
      vertex 17 165.8 0
      vertex 17.5176 165.732 3
    endloop
  endfacet
  facet normal -0.382983 -0.923755 0
    outer loop
      vertex 18 165.532 0
      vertex 18 165.532 3
      vertex 17.5176 165.732 0
    endloop
  endfacet
  facet normal -0.382983 -0.923755 -0
    outer loop
      vertex 17.5176 165.732 3
      vertex 17.5176 165.732 0
      vertex 18 165.532 3
    endloop
  endfacet
  facet normal -0.60897 -0.793193 0
    outer loop
      vertex 18.4142 165.214 0
      vertex 18.4142 165.214 3
      vertex 18 165.532 0
    endloop
  endfacet
  facet normal -0.60897 -0.793193 -0
    outer loop
      vertex 18 165.532 3
      vertex 18 165.532 0
      vertex 18.4142 165.214 3
    endloop
  endfacet
  facet normal -0.793236 -0.608914 0
    outer loop
      vertex 18.732 164.8 0
      vertex 18.732 164.8 3
      vertex 18.4142 165.214 0
    endloop
  endfacet
  facet normal -0.793236 -0.608914 -0
    outer loop
      vertex 18.4142 165.214 3
      vertex 18.4142 165.214 0
      vertex 18.732 164.8 3
    endloop
  endfacet
  facet normal -0.923778 -0.382927 0
    outer loop
      vertex 18.9318 164.318 0
      vertex 18.9318 164.318 3
      vertex 18.732 164.8 0
    endloop
  endfacet
  facet normal -0.923778 -0.382927 -0
    outer loop
      vertex 18.732 164.8 3
      vertex 18.732 164.8 0
      vertex 18.9318 164.318 3
    endloop
  endfacet
  facet normal -0.991444 -0.130534 0
    outer loop
      vertex 19 163.8 0
      vertex 19 163.8 3
      vertex 18.9318 164.318 0
    endloop
  endfacet
  facet normal -0.991444 -0.130534 -0
    outer loop
      vertex 18.9318 164.318 3
      vertex 18.9318 164.318 0
      vertex 19 163.8 3
    endloop
  endfacet
  facet normal -0.991444 0.130534 0
    outer loop
      vertex 18.9318 163.282 0
      vertex 18.9318 163.282 3
      vertex 19 163.8 0
    endloop
  endfacet
  facet normal -0.991444 0.130534 0
    outer loop
      vertex 19 163.8 3
      vertex 19 163.8 0
      vertex 18.9318 163.282 3
    endloop
  endfacet
  facet normal -0.923778 0.382927 0
    outer loop
      vertex 18.732 162.8 0
      vertex 18.732 162.8 3
      vertex 18.9318 163.282 0
    endloop
  endfacet
  facet normal -0.923778 0.382927 0
    outer loop
      vertex 18.9318 163.282 3
      vertex 18.9318 163.282 0
      vertex 18.732 162.8 3
    endloop
  endfacet
  facet normal -0.793236 0.608914 0
    outer loop
      vertex 18.4142 162.386 0
      vertex 18.4142 162.386 3
      vertex 18.732 162.8 0
    endloop
  endfacet
  facet normal -0.793236 0.608914 0
    outer loop
      vertex 18.732 162.8 3
      vertex 18.732 162.8 0
      vertex 18.4142 162.386 3
    endloop
  endfacet
  facet normal -0.60897 0.793193 0
    outer loop
      vertex 18 162.068 0
      vertex 18 162.068 3
      vertex 18.4142 162.386 0
    endloop
  endfacet
  facet normal -0.60897 0.793193 0
    outer loop
      vertex 18.4142 162.386 3
      vertex 18.4142 162.386 0
      vertex 18 162.068 3
    endloop
  endfacet
  facet normal -0.382983 0.923755 0
    outer loop
      vertex 17.5176 161.868 0
      vertex 17.5176 161.868 3
      vertex 18 162.068 0
    endloop
  endfacet
  facet normal -0.382983 0.923755 0
    outer loop
      vertex 18 162.068 3
      vertex 18 162.068 0
      vertex 17.5176 161.868 3
    endloop
  endfacet
  facet normal -0.130256 0.99148 0
    outer loop
      vertex 17 161.8 0
      vertex 17 161.8 3
      vertex 17.5176 161.868 0
    endloop
  endfacet
  facet normal -0.130256 0.99148 0
    outer loop
      vertex 17.5176 161.868 3
      vertex 17.5176 161.868 0
      vertex 17 161.8 3
    endloop
  endfacet
  facet normal 0.130256 0.99148 -0
    outer loop
      vertex 16.4824 161.868 0
      vertex 16.4824 161.868 3
      vertex 17 161.8 0
    endloop
  endfacet
  facet normal 0.130256 0.99148 0
    outer loop
      vertex 17 161.8 3
      vertex 17 161.8 0
      vertex 16.4824 161.868 3
    endloop
  endfacet
  facet normal 0.383036 0.923734 -0
    outer loop
      vertex 78.525 158.658 0
      vertex 78.525 158.658 3
      vertex 78.8988 158.503 0
    endloop
  endfacet
  facet normal 0.383036 0.923734 0
    outer loop
      vertex 78.8988 158.503 3
      vertex 78.8988 158.503 0
      vertex 78.525 158.658 3
    endloop
  endfacet
  facet normal 0.608276 0.793726 -0
    outer loop
      vertex 78.204 158.904 0
      vertex 78.204 158.904 3
      vertex 78.525 158.658 0
    endloop
  endfacet
  facet normal 0.608276 0.793726 0
    outer loop
      vertex 78.525 158.658 3
      vertex 78.525 158.658 0
      vertex 78.204 158.904 3
    endloop
  endfacet
  facet normal 0.793368 0.608743 -0
    outer loop
      vertex 77.9577 159.225 0
      vertex 77.9577 159.225 3
      vertex 78.204 158.904 0
    endloop
  endfacet
  facet normal 0.793368 0.608743 0
    outer loop
      vertex 78.204 158.904 3
      vertex 78.204 158.904 0
      vertex 77.9577 159.225 3
    endloop
  endfacet
  facet normal 0.923893 0.38265 -0
    outer loop
      vertex 77.8028 159.599 0
      vertex 77.8028 159.599 3
      vertex 77.9577 159.225 0
    endloop
  endfacet
  facet normal 0.923893 0.38265 0
    outer loop
      vertex 77.9577 159.225 3
      vertex 77.9577 159.225 0
      vertex 77.8028 159.599 3
    endloop
  endfacet
  facet normal 0.991443 0.130544 -0
    outer loop
      vertex 77.75 160 0
      vertex 77.75 160 3
      vertex 77.8028 159.599 0
    endloop
  endfacet
  facet normal 0.991443 0.130544 0
    outer loop
      vertex 77.8028 159.599 3
      vertex 77.8028 159.599 0
      vertex 77.75 160 3
    endloop
  endfacet
  facet normal 0.991443 -0.130544 0
    outer loop
      vertex 77.8028 160.401 0
      vertex 77.8028 160.401 3
      vertex 77.75 160 0
    endloop
  endfacet
  facet normal 0.991443 -0.130544 0
    outer loop
      vertex 77.75 160 3
      vertex 77.75 160 0
      vertex 77.8028 160.401 3
    endloop
  endfacet
  facet normal 0.923893 -0.38265 0
    outer loop
      vertex 77.9577 160.775 0
      vertex 77.9577 160.775 3
      vertex 77.8028 160.401 0
    endloop
  endfacet
  facet normal 0.923893 -0.38265 0
    outer loop
      vertex 77.8028 160.401 3
      vertex 77.8028 160.401 0
      vertex 77.9577 160.775 3
    endloop
  endfacet
  facet normal 0.793368 -0.608743 0
    outer loop
      vertex 78.204 161.096 0
      vertex 78.204 161.096 3
      vertex 77.9577 160.775 0
    endloop
  endfacet
  facet normal 0.793368 -0.608743 0
    outer loop
      vertex 77.9577 160.775 3
      vertex 77.9577 160.775 0
      vertex 78.204 161.096 3
    endloop
  endfacet
  facet normal 0.608276 -0.793726 0
    outer loop
      vertex 78.525 161.342 0
      vertex 78.525 161.342 3
      vertex 78.204 161.096 0
    endloop
  endfacet
  facet normal 0.608276 -0.793726 0
    outer loop
      vertex 78.204 161.096 3
      vertex 78.204 161.096 0
      vertex 78.525 161.342 3
    endloop
  endfacet
  facet normal 0.383036 -0.923734 0
    outer loop
      vertex 78.8988 161.497 0
      vertex 78.8988 161.497 3
      vertex 78.525 161.342 0
    endloop
  endfacet
  facet normal 0.383036 -0.923734 0
    outer loop
      vertex 78.525 161.342 3
      vertex 78.525 161.342 0
      vertex 78.8988 161.497 3
    endloop
  endfacet
  facet normal 0.130966 -0.991387 0
    outer loop
      vertex 79.3 161.55 0
      vertex 79.3 161.55 3
      vertex 78.8988 161.497 0
    endloop
  endfacet
  facet normal 0.130966 -0.991387 0
    outer loop
      vertex 78.8988 161.497 3
      vertex 78.8988 161.497 0
      vertex 79.3 161.55 3
    endloop
  endfacet
  facet normal -0.130966 -0.991387 0
    outer loop
      vertex 79.7012 161.497 0
      vertex 79.7012 161.497 3
      vertex 79.3 161.55 0
    endloop
  endfacet
  facet normal -0.130966 -0.991387 -0
    outer loop
      vertex 79.3 161.55 3
      vertex 79.3 161.55 0
      vertex 79.7012 161.497 3
    endloop
  endfacet
  facet normal -0.383036 -0.923734 0
    outer loop
      vertex 80.075 161.342 0
      vertex 80.075 161.342 3
      vertex 79.7012 161.497 0
    endloop
  endfacet
  facet normal -0.383036 -0.923734 -0
    outer loop
      vertex 79.7012 161.497 3
      vertex 79.7012 161.497 0
      vertex 80.075 161.342 3
    endloop
  endfacet
  facet normal -0.608276 -0.793726 0
    outer loop
      vertex 80.396 161.096 0
      vertex 80.396 161.096 3
      vertex 80.075 161.342 0
    endloop
  endfacet
  facet normal -0.608276 -0.793726 -0
    outer loop
      vertex 80.075 161.342 3
      vertex 80.075 161.342 0
      vertex 80.396 161.096 3
    endloop
  endfacet
  facet normal -0.793368 -0.608743 0
    outer loop
      vertex 80.6423 160.775 0
      vertex 80.6423 160.775 3
      vertex 80.396 161.096 0
    endloop
  endfacet
  facet normal -0.793368 -0.608743 -0
    outer loop
      vertex 80.396 161.096 3
      vertex 80.396 161.096 0
      vertex 80.6423 160.775 3
    endloop
  endfacet
  facet normal -0.923893 -0.38265 0
    outer loop
      vertex 80.7972 160.401 0
      vertex 80.7972 160.401 3
      vertex 80.6423 160.775 0
    endloop
  endfacet
  facet normal -0.923893 -0.38265 -0
    outer loop
      vertex 80.6423 160.775 3
      vertex 80.6423 160.775 0
      vertex 80.7972 160.401 3
    endloop
  endfacet
  facet normal -0.991443 -0.130544 0
    outer loop
      vertex 80.85 160 0
      vertex 80.85 160 3
      vertex 80.7972 160.401 0
    endloop
  endfacet
  facet normal -0.991443 -0.130544 -0
    outer loop
      vertex 80.7972 160.401 3
      vertex 80.7972 160.401 0
      vertex 80.85 160 3
    endloop
  endfacet
  facet normal -0.991443 0.130544 0
    outer loop
      vertex 80.7972 159.599 0
      vertex 80.7972 159.599 3
      vertex 80.85 160 0
    endloop
  endfacet
  facet normal -0.991443 0.130544 0
    outer loop
      vertex 80.85 160 3
      vertex 80.85 160 0
      vertex 80.7972 159.599 3
    endloop
  endfacet
  facet normal -0.923893 0.38265 0
    outer loop
      vertex 80.6423 159.225 0
      vertex 80.6423 159.225 3
      vertex 80.7972 159.599 0
    endloop
  endfacet
  facet normal -0.923893 0.38265 0
    outer loop
      vertex 80.7972 159.599 3
      vertex 80.7972 159.599 0
      vertex 80.6423 159.225 3
    endloop
  endfacet
  facet normal -0.793368 0.608743 0
    outer loop
      vertex 80.396 158.904 0
      vertex 80.396 158.904 3
      vertex 80.6423 159.225 0
    endloop
  endfacet
  facet normal -0.793368 0.608743 0
    outer loop
      vertex 80.6423 159.225 3
      vertex 80.6423 159.225 0
      vertex 80.396 158.904 3
    endloop
  endfacet
  facet normal -0.608276 0.793726 0
    outer loop
      vertex 80.075 158.658 0
      vertex 80.075 158.658 3
      vertex 80.396 158.904 0
    endloop
  endfacet
  facet normal -0.608276 0.793726 0
    outer loop
      vertex 80.396 158.904 3
      vertex 80.396 158.904 0
      vertex 80.075 158.658 3
    endloop
  endfacet
  facet normal -0.383036 0.923734 0
    outer loop
      vertex 79.7012 158.503 0
      vertex 79.7012 158.503 3
      vertex 80.075 158.658 0
    endloop
  endfacet
  facet normal -0.383036 0.923734 0
    outer loop
      vertex 80.075 158.658 3
      vertex 80.075 158.658 0
      vertex 79.7012 158.503 3
    endloop
  endfacet
  facet normal -0.130966 0.991387 0
    outer loop
      vertex 79.3 158.45 0
      vertex 79.3 158.45 3
      vertex 79.7012 158.503 0
    endloop
  endfacet
  facet normal -0.130966 0.991387 0
    outer loop
      vertex 79.7012 158.503 3
      vertex 79.7012 158.503 0
      vertex 79.3 158.45 3
    endloop
  endfacet
  facet normal 0.130966 0.991387 -0
    outer loop
      vertex 78.8988 158.503 0
      vertex 78.8988 158.503 3
      vertex 79.3 158.45 0
    endloop
  endfacet
  facet normal 0.130966 0.991387 0
    outer loop
      vertex 79.3 158.45 3
      vertex 79.3 158.45 0
      vertex 78.8988 158.503 3
    endloop
  endfacet
  facet normal 0.382983 0.923755 -0
    outer loop
      vertex 16 150.068 0
      vertex 16 150.068 3
      vertex 16.4824 149.868 0
    endloop
  endfacet
  facet normal 0.382983 0.923755 0
    outer loop
      vertex 16.4824 149.868 3
      vertex 16.4824 149.868 0
      vertex 16 150.068 3
    endloop
  endfacet
  facet normal 0.60897 0.793193 -0
    outer loop
      vertex 15.5858 150.386 0
      vertex 15.5858 150.386 3
      vertex 16 150.068 0
    endloop
  endfacet
  facet normal 0.60897 0.793193 0
    outer loop
      vertex 16 150.068 3
      vertex 16 150.068 0
      vertex 15.5858 150.386 3
    endloop
  endfacet
  facet normal 0.793144 0.609035 -0
    outer loop
      vertex 15.2679 150.8 0
      vertex 15.2679 150.8 3
      vertex 15.5858 150.386 0
    endloop
  endfacet
  facet normal 0.793144 0.609035 0
    outer loop
      vertex 15.5858 150.386 3
      vertex 15.5858 150.386 0
      vertex 15.2679 150.8 3
    endloop
  endfacet
  facet normal 0.923778 0.382927 -0
    outer loop
      vertex 15.0681 151.282 0
      vertex 15.0681 151.282 3
      vertex 15.2679 150.8 0
    endloop
  endfacet
  facet normal 0.923778 0.382927 0
    outer loop
      vertex 15.2679 150.8 3
      vertex 15.2679 150.8 0
      vertex 15.0681 151.282 3
    endloop
  endfacet
  facet normal 0.991469 0.130346 -0
    outer loop
      vertex 15 151.8 0
      vertex 15 151.8 3
      vertex 15.0681 151.282 0
    endloop
  endfacet
  facet normal 0.991469 0.130346 0
    outer loop
      vertex 15.0681 151.282 3
      vertex 15.0681 151.282 0
      vertex 15 151.8 3
    endloop
  endfacet
  facet normal 0.991469 -0.130346 0
    outer loop
      vertex 15.0681 152.318 0
      vertex 15.0681 152.318 3
      vertex 15 151.8 0
    endloop
  endfacet
  facet normal 0.991469 -0.130346 0
    outer loop
      vertex 15 151.8 3
      vertex 15 151.8 0
      vertex 15.0681 152.318 3
    endloop
  endfacet
  facet normal 0.923778 -0.382927 0
    outer loop
      vertex 15.2679 152.8 0
      vertex 15.2679 152.8 3
      vertex 15.0681 152.318 0
    endloop
  endfacet
  facet normal 0.923778 -0.382927 0
    outer loop
      vertex 15.0681 152.318 3
      vertex 15.0681 152.318 0
      vertex 15.2679 152.8 3
    endloop
  endfacet
  facet normal 0.793144 -0.609035 0
    outer loop
      vertex 15.5858 153.214 0
      vertex 15.5858 153.214 3
      vertex 15.2679 152.8 0
    endloop
  endfacet
  facet normal 0.793144 -0.609035 0
    outer loop
      vertex 15.2679 152.8 3
      vertex 15.2679 152.8 0
      vertex 15.5858 153.214 3
    endloop
  endfacet
  facet normal 0.60897 -0.793193 0
    outer loop
      vertex 16 153.532 0
      vertex 16 153.532 3
      vertex 15.5858 153.214 0
    endloop
  endfacet
  facet normal 0.60897 -0.793193 0
    outer loop
      vertex 15.5858 153.214 3
      vertex 15.5858 153.214 0
      vertex 16 153.532 3
    endloop
  endfacet
  facet normal 0.382983 -0.923755 0
    outer loop
      vertex 16.4824 153.732 0
      vertex 16.4824 153.732 3
      vertex 16 153.532 0
    endloop
  endfacet
  facet normal 0.382983 -0.923755 0
    outer loop
      vertex 16 153.532 3
      vertex 16 153.532 0
      vertex 16.4824 153.732 3
    endloop
  endfacet
  facet normal 0.130256 -0.99148 0
    outer loop
      vertex 17 153.8 0
      vertex 17 153.8 3
      vertex 16.4824 153.732 0
    endloop
  endfacet
  facet normal 0.130256 -0.99148 0
    outer loop
      vertex 16.4824 153.732 3
      vertex 16.4824 153.732 0
      vertex 17 153.8 3
    endloop
  endfacet
  facet normal -0.130256 -0.99148 0
    outer loop
      vertex 17.5176 153.732 0
      vertex 17.5176 153.732 3
      vertex 17 153.8 0
    endloop
  endfacet
  facet normal -0.130256 -0.99148 -0
    outer loop
      vertex 17 153.8 3
      vertex 17 153.8 0
      vertex 17.5176 153.732 3
    endloop
  endfacet
  facet normal -0.382983 -0.923755 0
    outer loop
      vertex 18 153.532 0
      vertex 18 153.532 3
      vertex 17.5176 153.732 0
    endloop
  endfacet
  facet normal -0.382983 -0.923755 -0
    outer loop
      vertex 17.5176 153.732 3
      vertex 17.5176 153.732 0
      vertex 18 153.532 3
    endloop
  endfacet
  facet normal -0.60897 -0.793193 0
    outer loop
      vertex 18.4142 153.214 0
      vertex 18.4142 153.214 3
      vertex 18 153.532 0
    endloop
  endfacet
  facet normal -0.60897 -0.793193 -0
    outer loop
      vertex 18 153.532 3
      vertex 18 153.532 0
      vertex 18.4142 153.214 3
    endloop
  endfacet
  facet normal -0.793236 -0.608914 0
    outer loop
      vertex 18.732 152.8 0
      vertex 18.732 152.8 3
      vertex 18.4142 153.214 0
    endloop
  endfacet
  facet normal -0.793236 -0.608914 -0
    outer loop
      vertex 18.4142 153.214 3
      vertex 18.4142 153.214 0
      vertex 18.732 152.8 3
    endloop
  endfacet
  facet normal -0.923778 -0.382927 0
    outer loop
      vertex 18.9318 152.318 0
      vertex 18.9318 152.318 3
      vertex 18.732 152.8 0
    endloop
  endfacet
  facet normal -0.923778 -0.382927 -0
    outer loop
      vertex 18.732 152.8 3
      vertex 18.732 152.8 0
      vertex 18.9318 152.318 3
    endloop
  endfacet
  facet normal -0.991444 -0.130534 0
    outer loop
      vertex 19 151.8 0
      vertex 19 151.8 3
      vertex 18.9318 152.318 0
    endloop
  endfacet
  facet normal -0.991444 -0.130534 -0
    outer loop
      vertex 18.9318 152.318 3
      vertex 18.9318 152.318 0
      vertex 19 151.8 3
    endloop
  endfacet
  facet normal -0.991444 0.130534 0
    outer loop
      vertex 18.9318 151.282 0
      vertex 18.9318 151.282 3
      vertex 19 151.8 0
    endloop
  endfacet
  facet normal -0.991444 0.130534 0
    outer loop
      vertex 19 151.8 3
      vertex 19 151.8 0
      vertex 18.9318 151.282 3
    endloop
  endfacet
  facet normal -0.923778 0.382927 0
    outer loop
      vertex 18.732 150.8 0
      vertex 18.732 150.8 3
      vertex 18.9318 151.282 0
    endloop
  endfacet
  facet normal -0.923778 0.382927 0
    outer loop
      vertex 18.9318 151.282 3
      vertex 18.9318 151.282 0
      vertex 18.732 150.8 3
    endloop
  endfacet
  facet normal -0.793236 0.608914 0
    outer loop
      vertex 18.4142 150.386 0
      vertex 18.4142 150.386 3
      vertex 18.732 150.8 0
    endloop
  endfacet
  facet normal -0.793236 0.608914 0
    outer loop
      vertex 18.732 150.8 3
      vertex 18.732 150.8 0
      vertex 18.4142 150.386 3
    endloop
  endfacet
  facet normal -0.60897 0.793193 0
    outer loop
      vertex 18 150.068 0
      vertex 18 150.068 3
      vertex 18.4142 150.386 0
    endloop
  endfacet
  facet normal -0.60897 0.793193 0
    outer loop
      vertex 18.4142 150.386 3
      vertex 18.4142 150.386 0
      vertex 18 150.068 3
    endloop
  endfacet
  facet normal -0.382983 0.923755 0
    outer loop
      vertex 17.5176 149.868 0
      vertex 17.5176 149.868 3
      vertex 18 150.068 0
    endloop
  endfacet
  facet normal -0.382983 0.923755 0
    outer loop
      vertex 18 150.068 3
      vertex 18 150.068 0
      vertex 17.5176 149.868 3
    endloop
  endfacet
  facet normal -0.130256 0.99148 0
    outer loop
      vertex 17 149.8 0
      vertex 17 149.8 3
      vertex 17.5176 149.868 0
    endloop
  endfacet
  facet normal -0.130256 0.99148 0
    outer loop
      vertex 17.5176 149.868 3
      vertex 17.5176 149.868 0
      vertex 17 149.8 3
    endloop
  endfacet
  facet normal 0.130256 0.99148 -0
    outer loop
      vertex 16.4824 149.868 0
      vertex 16.4824 149.868 3
      vertex 17 149.8 0
    endloop
  endfacet
  facet normal 0.130256 0.99148 0
    outer loop
      vertex 17 149.8 3
      vertex 17 149.8 0
      vertex 16.4824 149.868 3
    endloop
  endfacet
  facet normal 0.383036 0.923734 -0
    outer loop
      vertex 27.725 143.458 0
      vertex 27.725 143.458 3
      vertex 28.0988 143.303 0
    endloop
  endfacet
  facet normal 0.383036 0.923734 0
    outer loop
      vertex 28.0988 143.303 3
      vertex 28.0988 143.303 0
      vertex 27.725 143.458 3
    endloop
  endfacet
  facet normal 0.608276 0.793726 -0
    outer loop
      vertex 27.404 143.704 0
      vertex 27.404 143.704 3
      vertex 27.725 143.458 0
    endloop
  endfacet
  facet normal 0.608276 0.793726 0
    outer loop
      vertex 27.725 143.458 3
      vertex 27.725 143.458 0
      vertex 27.404 143.704 3
    endloop
  endfacet
  facet normal 0.793368 0.608743 -0
    outer loop
      vertex 27.1577 144.025 0
      vertex 27.1577 144.025 3
      vertex 27.404 143.704 0
    endloop
  endfacet
  facet normal 0.793368 0.608743 0
    outer loop
      vertex 27.404 143.704 3
      vertex 27.404 143.704 0
      vertex 27.1577 144.025 3
    endloop
  endfacet
  facet normal 0.923893 0.38265 -0
    outer loop
      vertex 27.0028 144.399 0
      vertex 27.0028 144.399 3
      vertex 27.1577 144.025 0
    endloop
  endfacet
  facet normal 0.923893 0.38265 0
    outer loop
      vertex 27.1577 144.025 3
      vertex 27.1577 144.025 0
      vertex 27.0028 144.399 3
    endloop
  endfacet
  facet normal 0.991443 0.130544 -0
    outer loop
      vertex 26.95 144.8 0
      vertex 26.95 144.8 3
      vertex 27.0028 144.399 0
    endloop
  endfacet
  facet normal 0.991443 0.130544 0
    outer loop
      vertex 27.0028 144.399 3
      vertex 27.0028 144.399 0
      vertex 26.95 144.8 3
    endloop
  endfacet
  facet normal 0.991443 -0.130544 0
    outer loop
      vertex 27.0028 145.201 0
      vertex 27.0028 145.201 3
      vertex 26.95 144.8 0
    endloop
  endfacet
  facet normal 0.991443 -0.130544 0
    outer loop
      vertex 26.95 144.8 3
      vertex 26.95 144.8 0
      vertex 27.0028 145.201 3
    endloop
  endfacet
  facet normal 0.923893 -0.38265 0
    outer loop
      vertex 27.1577 145.575 0
      vertex 27.1577 145.575 3
      vertex 27.0028 145.201 0
    endloop
  endfacet
  facet normal 0.923893 -0.38265 0
    outer loop
      vertex 27.0028 145.201 3
      vertex 27.0028 145.201 0
      vertex 27.1577 145.575 3
    endloop
  endfacet
  facet normal 0.793368 -0.608743 0
    outer loop
      vertex 27.404 145.896 0
      vertex 27.404 145.896 3
      vertex 27.1577 145.575 0
    endloop
  endfacet
  facet normal 0.793368 -0.608743 0
    outer loop
      vertex 27.1577 145.575 3
      vertex 27.1577 145.575 0
      vertex 27.404 145.896 3
    endloop
  endfacet
  facet normal 0.608276 -0.793726 0
    outer loop
      vertex 27.725 146.142 0
      vertex 27.725 146.142 3
      vertex 27.404 145.896 0
    endloop
  endfacet
  facet normal 0.608276 -0.793726 0
    outer loop
      vertex 27.404 145.896 3
      vertex 27.404 145.896 0
      vertex 27.725 146.142 3
    endloop
  endfacet
  facet normal 0.383036 -0.923734 0
    outer loop
      vertex 28.0988 146.297 0
      vertex 28.0988 146.297 3
      vertex 27.725 146.142 0
    endloop
  endfacet
  facet normal 0.383036 -0.923734 0
    outer loop
      vertex 27.725 146.142 3
      vertex 27.725 146.142 0
      vertex 28.0988 146.297 3
    endloop
  endfacet
  facet normal 0.130966 -0.991387 0
    outer loop
      vertex 28.5 146.35 0
      vertex 28.5 146.35 3
      vertex 28.0988 146.297 0
    endloop
  endfacet
  facet normal 0.130966 -0.991387 0
    outer loop
      vertex 28.0988 146.297 3
      vertex 28.0988 146.297 0
      vertex 28.5 146.35 3
    endloop
  endfacet
  facet normal -0.130966 -0.991387 0
    outer loop
      vertex 28.9012 146.297 0
      vertex 28.9012 146.297 3
      vertex 28.5 146.35 0
    endloop
  endfacet
  facet normal -0.130966 -0.991387 -0
    outer loop
      vertex 28.5 146.35 3
      vertex 28.5 146.35 0
      vertex 28.9012 146.297 3
    endloop
  endfacet
  facet normal -0.383036 -0.923734 0
    outer loop
      vertex 29.275 146.142 0
      vertex 29.275 146.142 3
      vertex 28.9012 146.297 0
    endloop
  endfacet
  facet normal -0.383036 -0.923734 -0
    outer loop
      vertex 28.9012 146.297 3
      vertex 28.9012 146.297 0
      vertex 29.275 146.142 3
    endloop
  endfacet
  facet normal -0.608276 -0.793726 0
    outer loop
      vertex 29.596 145.896 0
      vertex 29.596 145.896 3
      vertex 29.275 146.142 0
    endloop
  endfacet
  facet normal -0.608276 -0.793726 -0
    outer loop
      vertex 29.275 146.142 3
      vertex 29.275 146.142 0
      vertex 29.596 145.896 3
    endloop
  endfacet
  facet normal -0.793368 -0.608743 0
    outer loop
      vertex 29.8423 145.575 0
      vertex 29.8423 145.575 3
      vertex 29.596 145.896 0
    endloop
  endfacet
  facet normal -0.793368 -0.608743 -0
    outer loop
      vertex 29.596 145.896 3
      vertex 29.596 145.896 0
      vertex 29.8423 145.575 3
    endloop
  endfacet
  facet normal -0.923893 -0.38265 0
    outer loop
      vertex 29.9972 145.201 0
      vertex 29.9972 145.201 3
      vertex 29.8423 145.575 0
    endloop
  endfacet
  facet normal -0.923893 -0.38265 -0
    outer loop
      vertex 29.8423 145.575 3
      vertex 29.8423 145.575 0
      vertex 29.9972 145.201 3
    endloop
  endfacet
  facet normal -0.991443 -0.130544 0
    outer loop
      vertex 30.05 144.8 0
      vertex 30.05 144.8 3
      vertex 29.9972 145.201 0
    endloop
  endfacet
  facet normal -0.991443 -0.130544 -0
    outer loop
      vertex 29.9972 145.201 3
      vertex 29.9972 145.201 0
      vertex 30.05 144.8 3
    endloop
  endfacet
  facet normal -0.991443 0.130544 0
    outer loop
      vertex 29.9972 144.399 0
      vertex 29.9972 144.399 3
      vertex 30.05 144.8 0
    endloop
  endfacet
  facet normal -0.991443 0.130544 0
    outer loop
      vertex 30.05 144.8 3
      vertex 30.05 144.8 0
      vertex 29.9972 144.399 3
    endloop
  endfacet
  facet normal -0.923893 0.38265 0
    outer loop
      vertex 29.8423 144.025 0
      vertex 29.8423 144.025 3
      vertex 29.9972 144.399 0
    endloop
  endfacet
  facet normal -0.923893 0.38265 0
    outer loop
      vertex 29.9972 144.399 3
      vertex 29.9972 144.399 0
      vertex 29.8423 144.025 3
    endloop
  endfacet
  facet normal -0.793368 0.608743 0
    outer loop
      vertex 29.596 143.704 0
      vertex 29.596 143.704 3
      vertex 29.8423 144.025 0
    endloop
  endfacet
  facet normal -0.793368 0.608743 0
    outer loop
      vertex 29.8423 144.025 3
      vertex 29.8423 144.025 0
      vertex 29.596 143.704 3
    endloop
  endfacet
  facet normal -0.608276 0.793726 0
    outer loop
      vertex 29.275 143.458 0
      vertex 29.275 143.458 3
      vertex 29.596 143.704 0
    endloop
  endfacet
  facet normal -0.608276 0.793726 0
    outer loop
      vertex 29.596 143.704 3
      vertex 29.596 143.704 0
      vertex 29.275 143.458 3
    endloop
  endfacet
  facet normal -0.383036 0.923734 0
    outer loop
      vertex 28.9012 143.303 0
      vertex 28.9012 143.303 3
      vertex 29.275 143.458 0
    endloop
  endfacet
  facet normal -0.383036 0.923734 0
    outer loop
      vertex 29.275 143.458 3
      vertex 29.275 143.458 0
      vertex 28.9012 143.303 3
    endloop
  endfacet
  facet normal -0.130966 0.991387 0
    outer loop
      vertex 28.5 143.25 0
      vertex 28.5 143.25 3
      vertex 28.9012 143.303 0
    endloop
  endfacet
  facet normal -0.130966 0.991387 0
    outer loop
      vertex 28.9012 143.303 3
      vertex 28.9012 143.303 0
      vertex 28.5 143.25 3
    endloop
  endfacet
  facet normal 0.130966 0.991387 -0
    outer loop
      vertex 28.0988 143.303 0
      vertex 28.0988 143.303 3
      vertex 28.5 143.25 0
    endloop
  endfacet
  facet normal 0.130966 0.991387 0
    outer loop
      vertex 28.5 143.25 3
      vertex 28.5 143.25 0
      vertex 28.0988 143.303 3
    endloop
  endfacet
  facet normal 0.383009 0.923745 -0
    outer loop
      vertex 3.47499 138.505 0
      vertex 3.47499 138.505 3
      vertex 4.11412 138.24 0
    endloop
  endfacet
  facet normal 0.383009 0.923745 0
    outer loop
      vertex 4.11412 138.24 3
      vertex 4.11412 138.24 0
      vertex 3.47499 138.505 3
    endloop
  endfacet
  facet normal 0.608641 0.793446 -0
    outer loop
      vertex 2.92616 138.926 0
      vertex 2.92616 138.926 3
      vertex 3.47499 138.505 0
    endloop
  endfacet
  facet normal 0.608641 0.793446 0
    outer loop
      vertex 3.47499 138.505 3
      vertex 3.47499 138.505 0
      vertex 2.92616 138.926 3
    endloop
  endfacet
  facet normal 0.793439 0.60865 -0
    outer loop
      vertex 2.50502 139.475 0
      vertex 2.50502 139.475 3
      vertex 2.92616 138.926 0
    endloop
  endfacet
  facet normal 0.793439 0.60865 0
    outer loop
      vertex 2.92616 138.926 3
      vertex 2.92616 138.926 0
      vertex 2.50502 139.475 3
    endloop
  endfacet
  facet normal 0.92386 0.38273 -0
    outer loop
      vertex 2.2403 140.114 0
      vertex 2.2403 140.114 3
      vertex 2.50502 139.475 0
    endloop
  endfacet
  facet normal 0.92386 0.38273 0
    outer loop
      vertex 2.50502 139.475 3
      vertex 2.50502 139.475 0
      vertex 2.2403 140.114 3
    endloop
  endfacet
  facet normal 0.991446 0.130521 -0
    outer loop
      vertex 2.14999 140.8 0
      vertex 2.14999 140.8 3
      vertex 2.2403 140.114 0
    endloop
  endfacet
  facet normal 0.991446 0.130521 0
    outer loop
      vertex 2.2403 140.114 3
      vertex 2.2403 140.114 0
      vertex 2.14999 140.8 3
    endloop
  endfacet
  facet normal 0.991446 -0.130521 0
    outer loop
      vertex 2.2403 141.486 0
      vertex 2.2403 141.486 3
      vertex 2.14999 140.8 0
    endloop
  endfacet
  facet normal 0.991446 -0.130521 0
    outer loop
      vertex 2.14999 140.8 3
      vertex 2.14999 140.8 0
      vertex 2.2403 141.486 3
    endloop
  endfacet
  facet normal 0.92386 -0.38273 0
    outer loop
      vertex 2.50502 142.125 0
      vertex 2.50502 142.125 3
      vertex 2.2403 141.486 0
    endloop
  endfacet
  facet normal 0.92386 -0.38273 0
    outer loop
      vertex 2.2403 141.486 3
      vertex 2.2403 141.486 0
      vertex 2.50502 142.125 3
    endloop
  endfacet
  facet normal 0.793439 -0.60865 0
    outer loop
      vertex 2.92616 142.674 0
      vertex 2.92616 142.674 3
      vertex 2.50502 142.125 0
    endloop
  endfacet
  facet normal 0.793439 -0.60865 0
    outer loop
      vertex 2.50502 142.125 3
      vertex 2.50502 142.125 0
      vertex 2.92616 142.674 3
    endloop
  endfacet
  facet normal 0.608641 -0.793446 0
    outer loop
      vertex 3.47499 143.095 0
      vertex 3.47499 143.095 3
      vertex 2.92616 142.674 0
    endloop
  endfacet
  facet normal 0.608641 -0.793446 0
    outer loop
      vertex 2.92616 142.674 3
      vertex 2.92616 142.674 0
      vertex 3.47499 143.095 3
    endloop
  endfacet
  facet normal 0.383009 -0.923745 0
    outer loop
      vertex 4.11412 143.36 0
      vertex 4.11412 143.36 3
      vertex 3.47499 143.095 0
    endloop
  endfacet
  facet normal 0.383009 -0.923745 0
    outer loop
      vertex 3.47499 143.095 3
      vertex 3.47499 143.095 0
      vertex 4.11412 143.36 3
    endloop
  endfacet
  facet normal 0.130105 -0.9915 0
    outer loop
      vertex 4.79999 143.45 0
      vertex 4.79999 143.45 3
      vertex 4.11412 143.36 0
    endloop
  endfacet
  facet normal 0.130105 -0.9915 0
    outer loop
      vertex 4.11412 143.36 3
      vertex 4.11412 143.36 0
      vertex 4.79999 143.45 3
    endloop
  endfacet
  facet normal -0.130103 -0.9915 0
    outer loop
      vertex 5.48587 143.36 0
      vertex 5.48587 143.36 3
      vertex 4.79999 143.45 0
    endloop
  endfacet
  facet normal -0.130103 -0.9915 -0
    outer loop
      vertex 4.79999 143.45 3
      vertex 4.79999 143.45 0
      vertex 5.48587 143.36 3
    endloop
  endfacet
  facet normal -0.383009 -0.923745 0
    outer loop
      vertex 6.125 143.095 0
      vertex 6.125 143.095 3
      vertex 5.48587 143.36 0
    endloop
  endfacet
  facet normal -0.383009 -0.923745 -0
    outer loop
      vertex 5.48587 143.36 3
      vertex 5.48587 143.36 0
      vertex 6.125 143.095 3
    endloop
  endfacet
  facet normal -0.608641 -0.793446 0
    outer loop
      vertex 6.67383 142.674 0
      vertex 6.67383 142.674 3
      vertex 6.125 143.095 0
    endloop
  endfacet
  facet normal -0.608641 -0.793446 -0
    outer loop
      vertex 6.125 143.095 3
      vertex 6.125 143.095 0
      vertex 6.67383 142.674 3
    endloop
  endfacet
  facet normal -0.793446 -0.608641 0
    outer loop
      vertex 7.09496 142.125 0
      vertex 7.09496 142.125 3
      vertex 6.67383 142.674 0
    endloop
  endfacet
  facet normal -0.793446 -0.608641 -0
    outer loop
      vertex 6.67383 142.674 3
      vertex 6.67383 142.674 0
      vertex 7.09496 142.125 3
    endloop
  endfacet
  facet normal -0.92385 -0.382754 0
    outer loop
      vertex 7.3597 141.486 0
      vertex 7.3597 141.486 3
      vertex 7.09496 142.125 0
    endloop
  endfacet
  facet normal -0.92385 -0.382754 -0
    outer loop
      vertex 7.09496 142.125 3
      vertex 7.09496 142.125 0
      vertex 7.3597 141.486 3
    endloop
  endfacet
  facet normal -0.991447 -0.130507 0
    outer loop
      vertex 7.45 140.8 0
      vertex 7.45 140.8 3
      vertex 7.3597 141.486 0
    endloop
  endfacet
  facet normal -0.991447 -0.130507 -0
    outer loop
      vertex 7.3597 141.486 3
      vertex 7.3597 141.486 0
      vertex 7.45 140.8 3
    endloop
  endfacet
  facet normal -0.991447 0.130507 0
    outer loop
      vertex 7.3597 140.114 0
      vertex 7.3597 140.114 3
      vertex 7.45 140.8 0
    endloop
  endfacet
  facet normal -0.991447 0.130507 0
    outer loop
      vertex 7.45 140.8 3
      vertex 7.45 140.8 0
      vertex 7.3597 140.114 3
    endloop
  endfacet
  facet normal -0.92385 0.382754 0
    outer loop
      vertex 7.09496 139.475 0
      vertex 7.09496 139.475 3
      vertex 7.3597 140.114 0
    endloop
  endfacet
  facet normal -0.92385 0.382754 0
    outer loop
      vertex 7.3597 140.114 3
      vertex 7.3597 140.114 0
      vertex 7.09496 139.475 3
    endloop
  endfacet
  facet normal -0.793446 0.608641 0
    outer loop
      vertex 6.67383 138.926 0
      vertex 6.67383 138.926 3
      vertex 7.09496 139.475 0
    endloop
  endfacet
  facet normal -0.793446 0.608641 0
    outer loop
      vertex 7.09496 139.475 3
      vertex 7.09496 139.475 0
      vertex 6.67383 138.926 3
    endloop
  endfacet
  facet normal -0.608641 0.793446 0
    outer loop
      vertex 6.125 138.505 0
      vertex 6.125 138.505 3
      vertex 6.67383 138.926 0
    endloop
  endfacet
  facet normal -0.608641 0.793446 0
    outer loop
      vertex 6.67383 138.926 3
      vertex 6.67383 138.926 0
      vertex 6.125 138.505 3
    endloop
  endfacet
  facet normal -0.383009 0.923745 0
    outer loop
      vertex 5.48587 138.24 0
      vertex 5.48587 138.24 3
      vertex 6.125 138.505 0
    endloop
  endfacet
  facet normal -0.383009 0.923745 0
    outer loop
      vertex 6.125 138.505 3
      vertex 6.125 138.505 0
      vertex 5.48587 138.24 3
    endloop
  endfacet
  facet normal -0.130103 0.9915 0
    outer loop
      vertex 4.79999 138.15 0
      vertex 4.79999 138.15 3
      vertex 5.48587 138.24 0
    endloop
  endfacet
  facet normal -0.130103 0.9915 0
    outer loop
      vertex 5.48587 138.24 3
      vertex 5.48587 138.24 0
      vertex 4.79999 138.15 3
    endloop
  endfacet
  facet normal 0.130105 0.9915 -0
    outer loop
      vertex 4.11412 138.24 0
      vertex 4.11412 138.24 3
      vertex 4.79999 138.15 0
    endloop
  endfacet
  facet normal 0.130105 0.9915 0
    outer loop
      vertex 4.79999 138.15 3
      vertex 4.79999 138.15 0
      vertex 4.11412 138.24 3
    endloop
  endfacet
  facet normal 0.383046 0.923729 -0
    outer loop
      vertex 46.85 137.574 0
      vertex 46.85 137.574 3
      vertex 47.1635 137.444 0
    endloop
  endfacet
  facet normal 0.383046 0.923729 0
    outer loop
      vertex 47.1635 137.444 3
      vertex 47.1635 137.444 0
      vertex 46.85 137.574 3
    endloop
  endfacet
  facet normal 0.609426 0.792843 -0
    outer loop
      vertex 46.5807 137.781 0
      vertex 46.5807 137.781 3
      vertex 46.85 137.574 0
    endloop
  endfacet
  facet normal 0.609426 0.792843 0
    outer loop
      vertex 46.85 137.574 3
      vertex 46.85 137.574 0
      vertex 46.5807 137.781 3
    endloop
  endfacet
  facet normal 0.793227 0.608927 -0
    outer loop
      vertex 46.3742 138.05 0
      vertex 46.3742 138.05 3
      vertex 46.5807 137.781 0
    endloop
  endfacet
  facet normal 0.793227 0.608927 0
    outer loop
      vertex 46.5807 137.781 3
      vertex 46.5807 137.781 0
      vertex 46.3742 138.05 3
    endloop
  endfacet
  facet normal 0.924049 0.382274 -0
    outer loop
      vertex 46.2443 138.364 0
      vertex 46.2443 138.364 3
      vertex 46.3742 138.05 0
    endloop
  endfacet
  facet normal 0.924049 0.382274 0
    outer loop
      vertex 46.3742 138.05 3
      vertex 46.3742 138.05 0
      vertex 46.2443 138.364 3
    endloop
  endfacet
  facet normal 0.99142 0.130714 -0
    outer loop
      vertex 46.2 138.7 0
      vertex 46.2 138.7 3
      vertex 46.2443 138.364 0
    endloop
  endfacet
  facet normal 0.99142 0.130714 0
    outer loop
      vertex 46.2443 138.364 3
      vertex 46.2443 138.364 0
      vertex 46.2 138.7 3
    endloop
  endfacet
  facet normal 0.99142 -0.130714 0
    outer loop
      vertex 46.2443 139.036 0
      vertex 46.2443 139.036 3
      vertex 46.2 138.7 0
    endloop
  endfacet
  facet normal 0.99142 -0.130714 0
    outer loop
      vertex 46.2 138.7 3
      vertex 46.2 138.7 0
      vertex 46.2443 139.036 3
    endloop
  endfacet
  facet normal 0.924049 -0.382274 0
    outer loop
      vertex 46.3742 139.35 0
      vertex 46.3742 139.35 3
      vertex 46.2443 139.036 0
    endloop
  endfacet
  facet normal 0.924049 -0.382274 0
    outer loop
      vertex 46.2443 139.036 3
      vertex 46.2443 139.036 0
      vertex 46.3742 139.35 3
    endloop
  endfacet
  facet normal 0.793227 -0.608927 0
    outer loop
      vertex 46.5807 139.619 0
      vertex 46.5807 139.619 3
      vertex 46.3742 139.35 0
    endloop
  endfacet
  facet normal 0.793227 -0.608927 0
    outer loop
      vertex 46.3742 139.35 3
      vertex 46.3742 139.35 0
      vertex 46.5807 139.619 3
    endloop
  endfacet
  facet normal 0.609426 -0.792843 0
    outer loop
      vertex 46.85 139.826 0
      vertex 46.85 139.826 3
      vertex 46.5807 139.619 0
    endloop
  endfacet
  facet normal 0.609426 -0.792843 0
    outer loop
      vertex 46.5807 139.619 3
      vertex 46.5807 139.619 0
      vertex 46.85 139.826 3
    endloop
  endfacet
  facet normal 0.383046 -0.923729 0
    outer loop
      vertex 47.1635 139.956 0
      vertex 47.1635 139.956 3
      vertex 46.85 139.826 0
    endloop
  endfacet
  facet normal 0.383046 -0.923729 0
    outer loop
      vertex 46.85 139.826 3
      vertex 46.85 139.826 0
      vertex 47.1635 139.956 3
    endloop
  endfacet
  facet normal 0.129654 -0.991559 0
    outer loop
      vertex 47.5 140 0
      vertex 47.5 140 3
      vertex 47.1635 139.956 0
    endloop
  endfacet
  facet normal 0.129654 -0.991559 0
    outer loop
      vertex 47.1635 139.956 3
      vertex 47.1635 139.956 0
      vertex 47.5 140 3
    endloop
  endfacet
  facet normal -0.129654 -0.991559 0
    outer loop
      vertex 47.8365 139.956 0
      vertex 47.8365 139.956 3
      vertex 47.5 140 0
    endloop
  endfacet
  facet normal -0.129654 -0.991559 -0
    outer loop
      vertex 47.5 140 3
      vertex 47.5 140 0
      vertex 47.8365 139.956 3
    endloop
  endfacet
  facet normal -0.383046 -0.923729 0
    outer loop
      vertex 48.15 139.826 0
      vertex 48.15 139.826 3
      vertex 47.8365 139.956 0
    endloop
  endfacet
  facet normal -0.383046 -0.923729 -0
    outer loop
      vertex 47.8365 139.956 3
      vertex 47.8365 139.956 0
      vertex 48.15 139.826 3
    endloop
  endfacet
  facet normal -0.609568 -0.792733 0
    outer loop
      vertex 48.4192 139.619 0
      vertex 48.4192 139.619 3
      vertex 48.15 139.826 0
    endloop
  endfacet
  facet normal -0.609568 -0.792733 -0
    outer loop
      vertex 48.15 139.826 3
      vertex 48.15 139.826 0
      vertex 48.4192 139.619 3
    endloop
  endfacet
  facet normal -0.793084 -0.609112 0
    outer loop
      vertex 48.6258 139.35 0
      vertex 48.6258 139.35 3
      vertex 48.4192 139.619 0
    endloop
  endfacet
  facet normal -0.793084 -0.609112 -0
    outer loop
      vertex 48.4192 139.619 3
      vertex 48.4192 139.619 0
      vertex 48.6258 139.35 3
    endloop
  endfacet
  facet normal -0.924049 -0.382274 0
    outer loop
      vertex 48.7557 139.036 0
      vertex 48.7557 139.036 3
      vertex 48.6258 139.35 0
    endloop
  endfacet
  facet normal -0.924049 -0.382274 -0
    outer loop
      vertex 48.6258 139.35 3
      vertex 48.6258 139.35 0
      vertex 48.7557 139.036 3
    endloop
  endfacet
  facet normal -0.99142 -0.130714 0
    outer loop
      vertex 48.8 138.7 0
      vertex 48.8 138.7 3
      vertex 48.7557 139.036 0
    endloop
  endfacet
  facet normal -0.99142 -0.130714 -0
    outer loop
      vertex 48.7557 139.036 3
      vertex 48.7557 139.036 0
      vertex 48.8 138.7 3
    endloop
  endfacet
  facet normal -0.99142 0.130714 0
    outer loop
      vertex 48.7557 138.364 0
      vertex 48.7557 138.364 3
      vertex 48.8 138.7 0
    endloop
  endfacet
  facet normal -0.99142 0.130714 0
    outer loop
      vertex 48.8 138.7 3
      vertex 48.8 138.7 0
      vertex 48.7557 138.364 3
    endloop
  endfacet
  facet normal -0.924049 0.382274 0
    outer loop
      vertex 48.6258 138.05 0
      vertex 48.6258 138.05 3
      vertex 48.7557 138.364 0
    endloop
  endfacet
  facet normal -0.924049 0.382274 0
    outer loop
      vertex 48.7557 138.364 3
      vertex 48.7557 138.364 0
      vertex 48.6258 138.05 3
    endloop
  endfacet
  facet normal -0.793084 0.609112 0
    outer loop
      vertex 48.4192 137.781 0
      vertex 48.4192 137.781 3
      vertex 48.6258 138.05 0
    endloop
  endfacet
  facet normal -0.793084 0.609112 0
    outer loop
      vertex 48.6258 138.05 3
      vertex 48.6258 138.05 0
      vertex 48.4192 137.781 3
    endloop
  endfacet
  facet normal -0.609568 0.792733 0
    outer loop
      vertex 48.15 137.574 0
      vertex 48.15 137.574 3
      vertex 48.4192 137.781 0
    endloop
  endfacet
  facet normal -0.609568 0.792733 0
    outer loop
      vertex 48.4192 137.781 3
      vertex 48.4192 137.781 0
      vertex 48.15 137.574 3
    endloop
  endfacet
  facet normal -0.383046 0.923729 0
    outer loop
      vertex 47.8365 137.444 0
      vertex 47.8365 137.444 3
      vertex 48.15 137.574 0
    endloop
  endfacet
  facet normal -0.383046 0.923729 0
    outer loop
      vertex 48.15 137.574 3
      vertex 48.15 137.574 0
      vertex 47.8365 137.444 3
    endloop
  endfacet
  facet normal -0.129654 0.991559 0
    outer loop
      vertex 47.5 137.4 0
      vertex 47.5 137.4 3
      vertex 47.8365 137.444 0
    endloop
  endfacet
  facet normal -0.129654 0.991559 0
    outer loop
      vertex 47.8365 137.444 3
      vertex 47.8365 137.444 0
      vertex 47.5 137.4 3
    endloop
  endfacet
  facet normal 0.129654 0.991559 -0
    outer loop
      vertex 47.1635 137.444 0
      vertex 47.1635 137.444 3
      vertex 47.5 137.4 0
    endloop
  endfacet
  facet normal 0.129654 0.991559 0
    outer loop
      vertex 47.5 137.4 3
      vertex 47.5 137.4 0
      vertex 47.1635 137.444 3
    endloop
  endfacet
  facet normal 1 0 -0
    outer loop
      vertex 17.5 131 0
      vertex 17.5 131 3
      vertex 17.5 123 0
    endloop
  endfacet
  facet normal 1 -0 0
    outer loop
      vertex 17.5 123 3
      vertex 17.5 123 0
      vertex 17.5 131 3
    endloop
  endfacet
  facet normal 0 -1 0
    outer loop
      vertex 47.5 131 0
      vertex 47.5 131 3
      vertex 17.5 131 0
    endloop
  endfacet
  facet normal 0 -1 0
    outer loop
      vertex 17.5 131 3
      vertex 17.5 131 0
      vertex 47.5 131 3
    endloop
  endfacet
  facet normal -1 0 0
    outer loop
      vertex 47.5 123 0
      vertex 47.5 123 3
      vertex 47.5 131 0
    endloop
  endfacet
  facet normal -1 -0 -0
    outer loop
      vertex 47.5 131 3
      vertex 47.5 131 0
      vertex 47.5 123 3
    endloop
  endfacet
  facet normal 0 1 0
    outer loop
      vertex 17.5 123 0
      vertex 17.5 123 3
      vertex 47.5 123 0
    endloop
  endfacet
  facet normal 0 1 0
    outer loop
      vertex 47.5 123 3
      vertex 47.5 123 0
      vertex 17.5 123 3
    endloop
  endfacet
  facet normal 0.383036 0.923734 -0
    outer loop
      vertex 83.725 127.658 0
      vertex 83.725 127.658 3
      vertex 84.0988 127.503 0
    endloop
  endfacet
  facet normal 0.383036 0.923734 0
    outer loop
      vertex 84.0988 127.503 3
      vertex 84.0988 127.503 0
      vertex 83.725 127.658 3
    endloop
  endfacet
  facet normal 0.608276 0.793726 -0
    outer loop
      vertex 83.404 127.904 0
      vertex 83.404 127.904 3
      vertex 83.725 127.658 0
    endloop
  endfacet
  facet normal 0.608276 0.793726 0
    outer loop
      vertex 83.725 127.658 3
      vertex 83.725 127.658 0
      vertex 83.404 127.904 3
    endloop
  endfacet
  facet normal 0.793368 0.608743 -0
    outer loop
      vertex 83.1577 128.225 0
      vertex 83.1577 128.225 3
      vertex 83.404 127.904 0
    endloop
  endfacet
  facet normal 0.793368 0.608743 0
    outer loop
      vertex 83.404 127.904 3
      vertex 83.404 127.904 0
      vertex 83.1577 128.225 3
    endloop
  endfacet
  facet normal 0.923893 0.38265 -0
    outer loop
      vertex 83.0028 128.599 0
      vertex 83.0028 128.599 3
      vertex 83.1577 128.225 0
    endloop
  endfacet
  facet normal 0.923893 0.38265 0
    outer loop
      vertex 83.1577 128.225 3
      vertex 83.1577 128.225 0
      vertex 83.0028 128.599 3
    endloop
  endfacet
  facet normal 0.991443 0.130544 -0
    outer loop
      vertex 82.95 129 0
      vertex 82.95 129 3
      vertex 83.0028 128.599 0
    endloop
  endfacet
  facet normal 0.991443 0.130544 0
    outer loop
      vertex 83.0028 128.599 3
      vertex 83.0028 128.599 0
      vertex 82.95 129 3
    endloop
  endfacet
  facet normal 0.991443 -0.130544 0
    outer loop
      vertex 83.0028 129.401 0
      vertex 83.0028 129.401 3
      vertex 82.95 129 0
    endloop
  endfacet
  facet normal 0.991443 -0.130544 0
    outer loop
      vertex 82.95 129 3
      vertex 82.95 129 0
      vertex 83.0028 129.401 3
    endloop
  endfacet
  facet normal 0.923893 -0.38265 0
    outer loop
      vertex 83.1577 129.775 0
      vertex 83.1577 129.775 3
      vertex 83.0028 129.401 0
    endloop
  endfacet
  facet normal 0.923893 -0.38265 0
    outer loop
      vertex 83.0028 129.401 3
      vertex 83.0028 129.401 0
      vertex 83.1577 129.775 3
    endloop
  endfacet
  facet normal 0.793368 -0.608743 0
    outer loop
      vertex 83.404 130.096 0
      vertex 83.404 130.096 3
      vertex 83.1577 129.775 0
    endloop
  endfacet
  facet normal 0.793368 -0.608743 0
    outer loop
      vertex 83.1577 129.775 3
      vertex 83.1577 129.775 0
      vertex 83.404 130.096 3
    endloop
  endfacet
  facet normal 0.608276 -0.793726 0
    outer loop
      vertex 83.725 130.342 0
      vertex 83.725 130.342 3
      vertex 83.404 130.096 0
    endloop
  endfacet
  facet normal 0.608276 -0.793726 0
    outer loop
      vertex 83.404 130.096 3
      vertex 83.404 130.096 0
      vertex 83.725 130.342 3
    endloop
  endfacet
  facet normal 0.383036 -0.923734 0
    outer loop
      vertex 84.0988 130.497 0
      vertex 84.0988 130.497 3
      vertex 83.725 130.342 0
    endloop
  endfacet
  facet normal 0.383036 -0.923734 0
    outer loop
      vertex 83.725 130.342 3
      vertex 83.725 130.342 0
      vertex 84.0988 130.497 3
    endloop
  endfacet
  facet normal 0.130966 -0.991387 0
    outer loop
      vertex 84.5 130.55 0
      vertex 84.5 130.55 3
      vertex 84.0988 130.497 0
    endloop
  endfacet
  facet normal 0.130966 -0.991387 0
    outer loop
      vertex 84.0988 130.497 3
      vertex 84.0988 130.497 0
      vertex 84.5 130.55 3
    endloop
  endfacet
  facet normal -0.130966 -0.991387 0
    outer loop
      vertex 84.9012 130.497 0
      vertex 84.9012 130.497 3
      vertex 84.5 130.55 0
    endloop
  endfacet
  facet normal -0.130966 -0.991387 -0
    outer loop
      vertex 84.5 130.55 3
      vertex 84.5 130.55 0
      vertex 84.9012 130.497 3
    endloop
  endfacet
  facet normal -0.383036 -0.923734 0
    outer loop
      vertex 85.275 130.342 0
      vertex 85.275 130.342 3
      vertex 84.9012 130.497 0
    endloop
  endfacet
  facet normal -0.383036 -0.923734 -0
    outer loop
      vertex 84.9012 130.497 3
      vertex 84.9012 130.497 0
      vertex 85.275 130.342 3
    endloop
  endfacet
  facet normal -0.608276 -0.793726 0
    outer loop
      vertex 85.596 130.096 0
      vertex 85.596 130.096 3
      vertex 85.275 130.342 0
    endloop
  endfacet
  facet normal -0.608276 -0.793726 -0
    outer loop
      vertex 85.275 130.342 3
      vertex 85.275 130.342 0
      vertex 85.596 130.096 3
    endloop
  endfacet
  facet normal -0.793368 -0.608743 0
    outer loop
      vertex 85.8423 129.775 0
      vertex 85.8423 129.775 3
      vertex 85.596 130.096 0
    endloop
  endfacet
  facet normal -0.793368 -0.608743 -0
    outer loop
      vertex 85.596 130.096 3
      vertex 85.596 130.096 0
      vertex 85.8423 129.775 3
    endloop
  endfacet
  facet normal -0.923893 -0.38265 0
    outer loop
      vertex 85.9972 129.401 0
      vertex 85.9972 129.401 3
      vertex 85.8423 129.775 0
    endloop
  endfacet
  facet normal -0.923893 -0.38265 -0
    outer loop
      vertex 85.8423 129.775 3
      vertex 85.8423 129.775 0
      vertex 85.9972 129.401 3
    endloop
  endfacet
  facet normal -0.991443 -0.130544 0
    outer loop
      vertex 86.05 129 0
      vertex 86.05 129 3
      vertex 85.9972 129.401 0
    endloop
  endfacet
  facet normal -0.991443 -0.130544 -0
    outer loop
      vertex 85.9972 129.401 3
      vertex 85.9972 129.401 0
      vertex 86.05 129 3
    endloop
  endfacet
  facet normal -0.991443 0.130544 0
    outer loop
      vertex 85.9972 128.599 0
      vertex 85.9972 128.599 3
      vertex 86.05 129 0
    endloop
  endfacet
  facet normal -0.991443 0.130544 0
    outer loop
      vertex 86.05 129 3
      vertex 86.05 129 0
      vertex 85.9972 128.599 3
    endloop
  endfacet
  facet normal -0.923893 0.38265 0
    outer loop
      vertex 85.8423 128.225 0
      vertex 85.8423 128.225 3
      vertex 85.9972 128.599 0
    endloop
  endfacet
  facet normal -0.923893 0.38265 0
    outer loop
      vertex 85.9972 128.599 3
      vertex 85.9972 128.599 0
      vertex 85.8423 128.225 3
    endloop
  endfacet
  facet normal -0.793368 0.608743 0
    outer loop
      vertex 85.596 127.904 0
      vertex 85.596 127.904 3
      vertex 85.8423 128.225 0
    endloop
  endfacet
  facet normal -0.793368 0.608743 0
    outer loop
      vertex 85.8423 128.225 3
      vertex 85.8423 128.225 0
      vertex 85.596 127.904 3
    endloop
  endfacet
  facet normal -0.608276 0.793726 0
    outer loop
      vertex 85.275 127.658 0
      vertex 85.275 127.658 3
      vertex 85.596 127.904 0
    endloop
  endfacet
  facet normal -0.608276 0.793726 0
    outer loop
      vertex 85.596 127.904 3
      vertex 85.596 127.904 0
      vertex 85.275 127.658 3
    endloop
  endfacet
  facet normal -0.383036 0.923734 0
    outer loop
      vertex 84.9012 127.503 0
      vertex 84.9012 127.503 3
      vertex 85.275 127.658 0
    endloop
  endfacet
  facet normal -0.383036 0.923734 0
    outer loop
      vertex 85.275 127.658 3
      vertex 85.275 127.658 0
      vertex 84.9012 127.503 3
    endloop
  endfacet
  facet normal -0.130966 0.991387 0
    outer loop
      vertex 84.5 127.45 0
      vertex 84.5 127.45 3
      vertex 84.9012 127.503 0
    endloop
  endfacet
  facet normal -0.130966 0.991387 0
    outer loop
      vertex 84.9012 127.503 3
      vertex 84.9012 127.503 0
      vertex 84.5 127.45 3
    endloop
  endfacet
  facet normal 0.130966 0.991387 -0
    outer loop
      vertex 84.0988 127.503 0
      vertex 84.0988 127.503 3
      vertex 84.5 127.45 0
    endloop
  endfacet
  facet normal 0.130966 0.991387 0
    outer loop
      vertex 84.5 127.45 3
      vertex 84.5 127.45 0
      vertex 84.0988 127.503 3
    endloop
  endfacet
  facet normal 0.383027 0.923737 -0
    outer loop
      vertex 9.72499 127.658 0
      vertex 9.72499 127.658 3
      vertex 10.0988 127.503 0
    endloop
  endfacet
  facet normal 0.383027 0.923737 0
    outer loop
      vertex 10.0988 127.503 3
      vertex 10.0988 127.503 0
      vertex 9.72499 127.658 3
    endloop
  endfacet
  facet normal 0.608264 0.793735 -0
    outer loop
      vertex 9.40398 127.904 0
      vertex 9.40398 127.904 3
      vertex 9.72499 127.658 0
    endloop
  endfacet
  facet normal 0.608264 0.793735 0
    outer loop
      vertex 9.72499 127.658 3
      vertex 9.72499 127.658 0
      vertex 9.40398 127.904 3
    endloop
  endfacet
  facet normal 0.793332 0.608789 -0
    outer loop
      vertex 9.15765 128.225 0
      vertex 9.15765 128.225 3
      vertex 9.40398 127.904 0
    endloop
  endfacet
  facet normal 0.793332 0.608789 0
    outer loop
      vertex 9.40398 127.904 3
      vertex 9.40398 127.904 0
      vertex 9.15765 128.225 3
    endloop
  endfacet
  facet normal 0.923946 0.382523 -0
    outer loop
      vertex 9.00281 128.599 0
      vertex 9.00281 128.599 3
      vertex 9.15765 128.225 0
    endloop
  endfacet
  facet normal 0.923946 0.382523 0
    outer loop
      vertex 9.15765 128.225 3
      vertex 9.15765 128.225 0
      vertex 9.00281 128.599 3
    endloop
  endfacet
  facet normal 0.991439 0.130568 -0
    outer loop
      vertex 8.95 129 0
      vertex 8.95 129 3
      vertex 9.00281 128.599 0
    endloop
  endfacet
  facet normal 0.991439 0.130568 0
    outer loop
      vertex 9.00281 128.599 3
      vertex 9.00281 128.599 0
      vertex 8.95 129 3
    endloop
  endfacet
  facet normal 0.991439 -0.130568 0
    outer loop
      vertex 9.00281 129.401 0
      vertex 9.00281 129.401 3
      vertex 8.95 129 0
    endloop
  endfacet
  facet normal 0.991439 -0.130568 0
    outer loop
      vertex 8.95 129 3
      vertex 8.95 129 0
      vertex 9.00281 129.401 3
    endloop
  endfacet
  facet normal 0.923946 -0.382523 0
    outer loop
      vertex 9.15765 129.775 0
      vertex 9.15765 129.775 3
      vertex 9.00281 129.401 0
    endloop
  endfacet
  facet normal 0.923946 -0.382523 0
    outer loop
      vertex 9.00281 129.401 3
      vertex 9.00281 129.401 0
      vertex 9.15765 129.775 3
    endloop
  endfacet
  facet normal 0.793332 -0.608789 0
    outer loop
      vertex 9.40398 130.096 0
      vertex 9.40398 130.096 3
      vertex 9.15765 129.775 0
    endloop
  endfacet
  facet normal 0.793332 -0.608789 0
    outer loop
      vertex 9.15765 129.775 3
      vertex 9.15765 129.775 0
      vertex 9.40398 130.096 3
    endloop
  endfacet
  facet normal 0.608264 -0.793735 0
    outer loop
      vertex 9.72499 130.342 0
      vertex 9.72499 130.342 3
      vertex 9.40398 130.096 0
    endloop
  endfacet
  facet normal 0.608264 -0.793735 0
    outer loop
      vertex 9.40398 130.096 3
      vertex 9.40398 130.096 0
      vertex 9.72499 130.342 3
    endloop
  endfacet
  facet normal 0.383027 -0.923737 0
    outer loop
      vertex 10.0988 130.497 0
      vertex 10.0988 130.497 3
      vertex 9.72499 130.342 0
    endloop
  endfacet
  facet normal 0.383027 -0.923737 0
    outer loop
      vertex 9.72499 130.342 3
      vertex 9.72499 130.342 0
      vertex 10.0988 130.497 3
    endloop
  endfacet
  facet normal 0.130966 -0.991387 0
    outer loop
      vertex 10.5 130.55 0
      vertex 10.5 130.55 3
      vertex 10.0988 130.497 0
    endloop
  endfacet
  facet normal 0.130966 -0.991387 0
    outer loop
      vertex 10.0988 130.497 3
      vertex 10.0988 130.497 0
      vertex 10.5 130.55 3
    endloop
  endfacet
  facet normal -0.130966 -0.991387 0
    outer loop
      vertex 10.9012 130.497 0
      vertex 10.9012 130.497 3
      vertex 10.5 130.55 0
    endloop
  endfacet
  facet normal -0.130966 -0.991387 -0
    outer loop
      vertex 10.5 130.55 3
      vertex 10.5 130.55 0
      vertex 10.9012 130.497 3
    endloop
  endfacet
  facet normal -0.383036 -0.923734 0
    outer loop
      vertex 11.275 130.342 0
      vertex 11.275 130.342 3
      vertex 10.9012 130.497 0
    endloop
  endfacet
  facet normal -0.383036 -0.923734 -0
    outer loop
      vertex 10.9012 130.497 3
      vertex 10.9012 130.497 0
      vertex 11.275 130.342 3
    endloop
  endfacet
  facet normal -0.608276 -0.793726 0
    outer loop
      vertex 11.596 130.096 0
      vertex 11.596 130.096 3
      vertex 11.275 130.342 0
    endloop
  endfacet
  facet normal -0.608276 -0.793726 -0
    outer loop
      vertex 11.275 130.342 3
      vertex 11.275 130.342 0
      vertex 11.596 130.096 3
    endloop
  endfacet
  facet normal -0.793368 -0.608743 0
    outer loop
      vertex 11.8423 129.775 0
      vertex 11.8423 129.775 3
      vertex 11.596 130.096 0
    endloop
  endfacet
  facet normal -0.793368 -0.608743 -0
    outer loop
      vertex 11.596 130.096 3
      vertex 11.596 130.096 0
      vertex 11.8423 129.775 3
    endloop
  endfacet
  facet normal -0.923893 -0.38265 0
    outer loop
      vertex 11.9972 129.401 0
      vertex 11.9972 129.401 3
      vertex 11.8423 129.775 0
    endloop
  endfacet
  facet normal -0.923893 -0.38265 -0
    outer loop
      vertex 11.8423 129.775 3
      vertex 11.8423 129.775 0
      vertex 11.9972 129.401 3
    endloop
  endfacet
  facet normal -0.991443 -0.130544 0
    outer loop
      vertex 12.05 129 0
      vertex 12.05 129 3
      vertex 11.9972 129.401 0
    endloop
  endfacet
  facet normal -0.991443 -0.130544 -0
    outer loop
      vertex 11.9972 129.401 3
      vertex 11.9972 129.401 0
      vertex 12.05 129 3
    endloop
  endfacet
  facet normal -0.991443 0.130544 0
    outer loop
      vertex 11.9972 128.599 0
      vertex 11.9972 128.599 3
      vertex 12.05 129 0
    endloop
  endfacet
  facet normal -0.991443 0.130544 0
    outer loop
      vertex 12.05 129 3
      vertex 12.05 129 0
      vertex 11.9972 128.599 3
    endloop
  endfacet
  facet normal -0.923893 0.38265 0
    outer loop
      vertex 11.8423 128.225 0
      vertex 11.8423 128.225 3
      vertex 11.9972 128.599 0
    endloop
  endfacet
  facet normal -0.923893 0.38265 0
    outer loop
      vertex 11.9972 128.599 3
      vertex 11.9972 128.599 0
      vertex 11.8423 128.225 3
    endloop
  endfacet
  facet normal -0.793368 0.608743 0
    outer loop
      vertex 11.596 127.904 0
      vertex 11.596 127.904 3
      vertex 11.8423 128.225 0
    endloop
  endfacet
  facet normal -0.793368 0.608743 0
    outer loop
      vertex 11.8423 128.225 3
      vertex 11.8423 128.225 0
      vertex 11.596 127.904 3
    endloop
  endfacet
  facet normal -0.608276 0.793726 0
    outer loop
      vertex 11.275 127.658 0
      vertex 11.275 127.658 3
      vertex 11.596 127.904 0
    endloop
  endfacet
  facet normal -0.608276 0.793726 0
    outer loop
      vertex 11.596 127.904 3
      vertex 11.596 127.904 0
      vertex 11.275 127.658 3
    endloop
  endfacet
  facet normal -0.383036 0.923734 0
    outer loop
      vertex 10.9012 127.503 0
      vertex 10.9012 127.503 3
      vertex 11.275 127.658 0
    endloop
  endfacet
  facet normal -0.383036 0.923734 0
    outer loop
      vertex 11.275 127.658 3
      vertex 11.275 127.658 0
      vertex 10.9012 127.503 3
    endloop
  endfacet
  facet normal -0.130966 0.991387 0
    outer loop
      vertex 10.5 127.45 0
      vertex 10.5 127.45 3
      vertex 10.9012 127.503 0
    endloop
  endfacet
  facet normal -0.130966 0.991387 0
    outer loop
      vertex 10.9012 127.503 3
      vertex 10.9012 127.503 0
      vertex 10.5 127.45 3
    endloop
  endfacet
  facet normal 0.130966 0.991387 -0
    outer loop
      vertex 10.0988 127.503 0
      vertex 10.0988 127.503 3
      vertex 10.5 127.45 0
    endloop
  endfacet
  facet normal 0.130966 0.991387 0
    outer loop
      vertex 10.5 127.45 3
      vertex 10.5 127.45 0
      vertex 10.0988 127.503 3
    endloop
  endfacet
  facet normal 1 0 -0
    outer loop
      vertex 8.5 124.5 0
      vertex 8.5 124.5 3
      vertex 8.5 114.5 0
    endloop
  endfacet
  facet normal 1 -0 0
    outer loop
      vertex 8.5 114.5 3
      vertex 8.5 114.5 0
      vertex 8.5 124.5 3
    endloop
  endfacet
  facet normal 0 -1 0
    outer loop
      vertex 14.5 124.5 0
      vertex 14.5 124.5 3
      vertex 8.5 124.5 0
    endloop
  endfacet
  facet normal 0 -1 0
    outer loop
      vertex 8.5 124.5 3
      vertex 8.5 124.5 0
      vertex 14.5 124.5 3
    endloop
  endfacet
  facet normal -1 0 0
    outer loop
      vertex 14.5 114.5 0
      vertex 14.5 114.5 3
      vertex 14.5 124.5 0
    endloop
  endfacet
  facet normal -1 -0 -0
    outer loop
      vertex 14.5 124.5 3
      vertex 14.5 124.5 0
      vertex 14.5 114.5 3
    endloop
  endfacet
  facet normal 0 1 0
    outer loop
      vertex 8.5 114.5 0
      vertex 8.5 114.5 3
      vertex 14.5 114.5 0
    endloop
  endfacet
  facet normal 0 1 0
    outer loop
      vertex 14.5 114.5 3
      vertex 14.5 114.5 0
      vertex 8.5 114.5 3
    endloop
  endfacet
  facet normal 1 0 -0
    outer loop
      vertex 8.5 109.5 0
      vertex 8.5 109.5 3
      vertex 8.5 99.5 0
    endloop
  endfacet
  facet normal 1 -0 0
    outer loop
      vertex 8.5 99.5 3
      vertex 8.5 99.5 0
      vertex 8.5 109.5 3
    endloop
  endfacet
  facet normal 0 -1 0
    outer loop
      vertex 14.5 109.5 0
      vertex 14.5 109.5 3
      vertex 8.5 109.5 0
    endloop
  endfacet
  facet normal 0 -1 0
    outer loop
      vertex 8.5 109.5 3
      vertex 8.5 109.5 0
      vertex 14.5 109.5 3
    endloop
  endfacet
  facet normal -1 0 0
    outer loop
      vertex 14.5 99.5 0
      vertex 14.5 99.5 3
      vertex 14.5 109.5 0
    endloop
  endfacet
  facet normal -1 -0 -0
    outer loop
      vertex 14.5 109.5 3
      vertex 14.5 109.5 0
      vertex 14.5 99.5 3
    endloop
  endfacet
  facet normal 0 1 0
    outer loop
      vertex 8.5 99.5 0
      vertex 8.5 99.5 3
      vertex 14.5 99.5 0
    endloop
  endfacet
  facet normal 0 1 0
    outer loop
      vertex 14.5 99.5 3
      vertex 14.5 99.5 0
      vertex 8.5 99.5 3
    endloop
  endfacet
  facet normal 1 0 -0
    outer loop
      vertex 80.5 109.5 0
      vertex 80.5 109.5 3
      vertex 80.5 99.5 0
    endloop
  endfacet
  facet normal 1 -0 0
    outer loop
      vertex 80.5 99.5 3
      vertex 80.5 99.5 0
      vertex 80.5 109.5 3
    endloop
  endfacet
  facet normal 0 -1 0
    outer loop
      vertex 86.5 109.5 0
      vertex 86.5 109.5 3
      vertex 80.5 109.5 0
    endloop
  endfacet
  facet normal 0 -1 0
    outer loop
      vertex 80.5 109.5 3
      vertex 80.5 109.5 0
      vertex 86.5 109.5 3
    endloop
  endfacet
  facet normal -1 0 0
    outer loop
      vertex 86.5 99.5 0
      vertex 86.5 99.5 3
      vertex 86.5 109.5 0
    endloop
  endfacet
  facet normal -1 -0 -0
    outer loop
      vertex 86.5 109.5 3
      vertex 86.5 109.5 0
      vertex 86.5 99.5 3
    endloop
  endfacet
  facet normal 0 1 0
    outer loop
      vertex 80.5 99.5 0
      vertex 80.5 99.5 3
      vertex 86.5 99.5 0
    endloop
  endfacet
  facet normal 0 1 0
    outer loop
      vertex 86.5 99.5 3
      vertex 86.5 99.5 0
      vertex 80.5 99.5 3
    endloop
  endfacet
  facet normal 0.382816 0.923825 -0
    outer loop
      vertex 9.72499 93.6577 0
      vertex 9.72499 93.6577 3
      vertex 10.0988 93.5028 0
    endloop
  endfacet
  facet normal 0.382816 0.923825 0
    outer loop
      vertex 10.0988 93.5028 3
      vertex 10.0988 93.5028 0
      vertex 9.72499 93.6577 3
    endloop
  endfacet
  facet normal 0.608731 0.793377 -0
    outer loop
      vertex 9.40398 93.904 0
      vertex 9.40398 93.904 3
      vertex 9.72499 93.6577 0
    endloop
  endfacet
  facet normal 0.608731 0.793377 0
    outer loop
      vertex 9.72499 93.6577 3
      vertex 9.72499 93.6577 0
      vertex 9.40398 93.904 3
    endloop
  endfacet
  facet normal 0.793332 0.608789 -0
    outer loop
      vertex 9.15765 94.225 0
      vertex 9.15765 94.225 3
      vertex 9.40398 93.904 0
    endloop
  endfacet
  facet normal 0.793332 0.608789 0
    outer loop
      vertex 9.40398 93.904 3
      vertex 9.40398 93.904 0
      vertex 9.15765 94.225 3
    endloop
  endfacet
  facet normal 0.923873 0.382698 -0
    outer loop
      vertex 9.00281 94.5988 0
      vertex 9.00281 94.5988 3
      vertex 9.15765 94.225 0
    endloop
  endfacet
  facet normal 0.923873 0.382698 0
    outer loop
      vertex 9.15765 94.225 3
      vertex 9.15765 94.225 0
      vertex 9.00281 94.5988 3
    endloop
  endfacet
  facet normal 0.991448 0.130504 -0
    outer loop
      vertex 8.95 95 0
      vertex 8.95 95 3
      vertex 9.00281 94.5988 0
    endloop
  endfacet
  facet normal 0.991448 0.130504 0
    outer loop
      vertex 9.00281 94.5988 3
      vertex 9.00281 94.5988 0
      vertex 8.95 95 3
    endloop
  endfacet
  facet normal 0.991448 -0.130504 0
    outer loop
      vertex 9.00281 95.4012 0
      vertex 9.00281 95.4012 3
      vertex 8.95 95 0
    endloop
  endfacet
  facet normal 0.991448 -0.130504 0
    outer loop
      vertex 8.95 95 3
      vertex 8.95 95 0
      vertex 9.00281 95.4012 3
    endloop
  endfacet
  facet normal 0.923873 -0.382698 0
    outer loop
      vertex 9.15765 95.775 0
      vertex 9.15765 95.775 3
      vertex 9.00281 95.4012 0
    endloop
  endfacet
  facet normal 0.923873 -0.382698 0
    outer loop
      vertex 9.00281 95.4012 3
      vertex 9.00281 95.4012 0
      vertex 9.15765 95.775 3
    endloop
  endfacet
  facet normal 0.793332 -0.608789 0
    outer loop
      vertex 9.40398 96.096 0
      vertex 9.40398 96.096 3
      vertex 9.15765 95.775 0
    endloop
  endfacet
  facet normal 0.793332 -0.608789 0
    outer loop
      vertex 9.15765 95.775 3
      vertex 9.15765 95.775 0
      vertex 9.40398 96.096 3
    endloop
  endfacet
  facet normal 0.608731 -0.793377 0
    outer loop
      vertex 9.72499 96.3423 0
      vertex 9.72499 96.3423 3
      vertex 9.40398 96.096 0
    endloop
  endfacet
  facet normal 0.608731 -0.793377 0
    outer loop
      vertex 9.40398 96.096 3
      vertex 9.40398 96.096 0
      vertex 9.72499 96.3423 3
    endloop
  endfacet
  facet normal 0.382816 -0.923825 0
    outer loop
      vertex 10.0988 96.4972 0
      vertex 10.0988 96.4972 3
      vertex 9.72499 96.3423 0
    endloop
  endfacet
  facet normal 0.382816 -0.923825 0
    outer loop
      vertex 9.72499 96.3423 3
      vertex 9.72499 96.3423 0
      vertex 10.0988 96.4972 3
    endloop
  endfacet
  facet normal 0.13048 -0.991451 0
    outer loop
      vertex 10.5 96.55 0
      vertex 10.5 96.55 3
      vertex 10.0988 96.4972 0
    endloop
  endfacet
  facet normal 0.13048 -0.991451 0
    outer loop
      vertex 10.0988 96.4972 3
      vertex 10.0988 96.4972 0
      vertex 10.5 96.55 3
    endloop
  endfacet
  facet normal -0.13048 -0.991451 0
    outer loop
      vertex 10.9012 96.4972 0
      vertex 10.9012 96.4972 3
      vertex 10.5 96.55 0
    endloop
  endfacet
  facet normal -0.13048 -0.991451 -0
    outer loop
      vertex 10.5 96.55 3
      vertex 10.5 96.55 0
      vertex 10.9012 96.4972 3
    endloop
  endfacet
  facet normal -0.382825 -0.923821 0
    outer loop
      vertex 11.275 96.3423 0
      vertex 11.275 96.3423 3
      vertex 10.9012 96.4972 0
    endloop
  endfacet
  facet normal -0.382825 -0.923821 -0
    outer loop
      vertex 10.9012 96.4972 3
      vertex 10.9012 96.4972 0
      vertex 11.275 96.3423 3
    endloop
  endfacet
  facet normal -0.608743 -0.793368 0
    outer loop
      vertex 11.596 96.096 0
      vertex 11.596 96.096 3
      vertex 11.275 96.3423 0
    endloop
  endfacet
  facet normal -0.608743 -0.793368 -0
    outer loop
      vertex 11.275 96.3423 3
      vertex 11.275 96.3423 0
      vertex 11.596 96.096 3
    endloop
  endfacet
  facet normal -0.793368 -0.608743 0
    outer loop
      vertex 11.8423 95.775 0
      vertex 11.8423 95.775 3
      vertex 11.596 96.096 0
    endloop
  endfacet
  facet normal -0.793368 -0.608743 -0
    outer loop
      vertex 11.596 96.096 3
      vertex 11.596 96.096 0
      vertex 11.8423 95.775 3
    endloop
  endfacet
  facet normal -0.923821 -0.382825 0
    outer loop
      vertex 11.9972 95.4012 0
      vertex 11.9972 95.4012 3
      vertex 11.8423 95.775 0
    endloop
  endfacet
  facet normal -0.923821 -0.382825 -0
    outer loop
      vertex 11.8423 95.775 3
      vertex 11.8423 95.775 0
      vertex 11.9972 95.4012 3
    endloop
  endfacet
  facet normal -0.991451 -0.13048 0
    outer loop
      vertex 12.05 95 0
      vertex 12.05 95 3
      vertex 11.9972 95.4012 0
    endloop
  endfacet
  facet normal -0.991451 -0.13048 -0
    outer loop
      vertex 11.9972 95.4012 3
      vertex 11.9972 95.4012 0
      vertex 12.05 95 3
    endloop
  endfacet
  facet normal -0.991451 0.13048 0
    outer loop
      vertex 11.9972 94.5988 0
      vertex 11.9972 94.5988 3
      vertex 12.05 95 0
    endloop
  endfacet
  facet normal -0.991451 0.13048 0
    outer loop
      vertex 12.05 95 3
      vertex 12.05 95 0
      vertex 11.9972 94.5988 3
    endloop
  endfacet
  facet normal -0.923821 0.382825 0
    outer loop
      vertex 11.8423 94.225 0
      vertex 11.8423 94.225 3
      vertex 11.9972 94.5988 0
    endloop
  endfacet
  facet normal -0.923821 0.382825 0
    outer loop
      vertex 11.9972 94.5988 3
      vertex 11.9972 94.5988 0
      vertex 11.8423 94.225 3
    endloop
  endfacet
  facet normal -0.793368 0.608743 0
    outer loop
      vertex 11.596 93.904 0
      vertex 11.596 93.904 3
      vertex 11.8423 94.225 0
    endloop
  endfacet
  facet normal -0.793368 0.608743 0
    outer loop
      vertex 11.8423 94.225 3
      vertex 11.8423 94.225 0
      vertex 11.596 93.904 3
    endloop
  endfacet
  facet normal -0.608743 0.793368 0
    outer loop
      vertex 11.275 93.6577 0
      vertex 11.275 93.6577 3
      vertex 11.596 93.904 0
    endloop
  endfacet
  facet normal -0.608743 0.793368 0
    outer loop
      vertex 11.596 93.904 3
      vertex 11.596 93.904 0
      vertex 11.275 93.6577 3
    endloop
  endfacet
  facet normal -0.382825 0.923821 0
    outer loop
      vertex 10.9012 93.5028 0
      vertex 10.9012 93.5028 3
      vertex 11.275 93.6577 0
    endloop
  endfacet
  facet normal -0.382825 0.923821 0
    outer loop
      vertex 11.275 93.6577 3
      vertex 11.275 93.6577 0
      vertex 10.9012 93.5028 3
    endloop
  endfacet
  facet normal -0.13048 0.991451 0
    outer loop
      vertex 10.5 93.45 0
      vertex 10.5 93.45 3
      vertex 10.9012 93.5028 0
    endloop
  endfacet
  facet normal -0.13048 0.991451 0
    outer loop
      vertex 10.9012 93.5028 3
      vertex 10.9012 93.5028 0
      vertex 10.5 93.45 3
    endloop
  endfacet
  facet normal 0.13048 0.991451 -0
    outer loop
      vertex 10.0988 93.5028 0
      vertex 10.0988 93.5028 3
      vertex 10.5 93.45 0
    endloop
  endfacet
  facet normal 0.13048 0.991451 0
    outer loop
      vertex 10.5 93.45 3
      vertex 10.5 93.45 0
      vertex 10.0988 93.5028 3
    endloop
  endfacet
  facet normal 0.382825 0.923821 -0
    outer loop
      vertex 83.725 93.6577 0
      vertex 83.725 93.6577 3
      vertex 84.0988 93.5028 0
    endloop
  endfacet
  facet normal 0.382825 0.923821 0
    outer loop
      vertex 84.0988 93.5028 3
      vertex 84.0988 93.5028 0
      vertex 83.725 93.6577 3
    endloop
  endfacet
  facet normal 0.608743 0.793368 -0
    outer loop
      vertex 83.404 93.904 0
      vertex 83.404 93.904 3
      vertex 83.725 93.6577 0
    endloop
  endfacet
  facet normal 0.608743 0.793368 0
    outer loop
      vertex 83.725 93.6577 3
      vertex 83.725 93.6577 0
      vertex 83.404 93.904 3
    endloop
  endfacet
  facet normal 0.793368 0.608743 -0
    outer loop
      vertex 83.1577 94.225 0
      vertex 83.1577 94.225 3
      vertex 83.404 93.904 0
    endloop
  endfacet
  facet normal 0.793368 0.608743 0
    outer loop
      vertex 83.404 93.904 3
      vertex 83.404 93.904 0
      vertex 83.1577 94.225 3
    endloop
  endfacet
  facet normal 0.923821 0.382825 -0
    outer loop
      vertex 83.0028 94.5988 0
      vertex 83.0028 94.5988 3
      vertex 83.1577 94.225 0
    endloop
  endfacet
  facet normal 0.923821 0.382825 0
    outer loop
      vertex 83.1577 94.225 3
      vertex 83.1577 94.225 0
      vertex 83.0028 94.5988 3
    endloop
  endfacet
  facet normal 0.991451 0.13048 -0
    outer loop
      vertex 82.95 95 0
      vertex 82.95 95 3
      vertex 83.0028 94.5988 0
    endloop
  endfacet
  facet normal 0.991451 0.13048 0
    outer loop
      vertex 83.0028 94.5988 3
      vertex 83.0028 94.5988 0
      vertex 82.95 95 3
    endloop
  endfacet
  facet normal 0.991451 -0.13048 0
    outer loop
      vertex 83.0028 95.4012 0
      vertex 83.0028 95.4012 3
      vertex 82.95 95 0
    endloop
  endfacet
  facet normal 0.991451 -0.13048 0
    outer loop
      vertex 82.95 95 3
      vertex 82.95 95 0
      vertex 83.0028 95.4012 3
    endloop
  endfacet
  facet normal 0.923821 -0.382825 0
    outer loop
      vertex 83.1577 95.775 0
      vertex 83.1577 95.775 3
      vertex 83.0028 95.4012 0
    endloop
  endfacet
  facet normal 0.923821 -0.382825 0
    outer loop
      vertex 83.0028 95.4012 3
      vertex 83.0028 95.4012 0
      vertex 83.1577 95.775 3
    endloop
  endfacet
  facet normal 0.793368 -0.608743 0
    outer loop
      vertex 83.404 96.096 0
      vertex 83.404 96.096 3
      vertex 83.1577 95.775 0
    endloop
  endfacet
  facet normal 0.793368 -0.608743 0
    outer loop
      vertex 83.1577 95.775 3
      vertex 83.1577 95.775 0
      vertex 83.404 96.096 3
    endloop
  endfacet
  facet normal 0.608743 -0.793368 0
    outer loop
      vertex 83.725 96.3423 0
      vertex 83.725 96.3423 3
      vertex 83.404 96.096 0
    endloop
  endfacet
  facet normal 0.608743 -0.793368 0
    outer loop
      vertex 83.404 96.096 3
      vertex 83.404 96.096 0
      vertex 83.725 96.3423 3
    endloop
  endfacet
  facet normal 0.382825 -0.923821 0
    outer loop
      vertex 84.0988 96.4972 0
      vertex 84.0988 96.4972 3
      vertex 83.725 96.3423 0
    endloop
  endfacet
  facet normal 0.382825 -0.923821 0
    outer loop
      vertex 83.725 96.3423 3
      vertex 83.725 96.3423 0
      vertex 84.0988 96.4972 3
    endloop
  endfacet
  facet normal 0.13048 -0.991451 0
    outer loop
      vertex 84.5 96.55 0
      vertex 84.5 96.55 3
      vertex 84.0988 96.4972 0
    endloop
  endfacet
  facet normal 0.13048 -0.991451 0
    outer loop
      vertex 84.0988 96.4972 3
      vertex 84.0988 96.4972 0
      vertex 84.5 96.55 3
    endloop
  endfacet
  facet normal -0.13048 -0.991451 0
    outer loop
      vertex 84.9012 96.4972 0
      vertex 84.9012 96.4972 3
      vertex 84.5 96.55 0
    endloop
  endfacet
  facet normal -0.13048 -0.991451 -0
    outer loop
      vertex 84.5 96.55 3
      vertex 84.5 96.55 0
      vertex 84.9012 96.4972 3
    endloop
  endfacet
  facet normal -0.382825 -0.923821 0
    outer loop
      vertex 85.275 96.3423 0
      vertex 85.275 96.3423 3
      vertex 84.9012 96.4972 0
    endloop
  endfacet
  facet normal -0.382825 -0.923821 -0
    outer loop
      vertex 84.9012 96.4972 3
      vertex 84.9012 96.4972 0
      vertex 85.275 96.3423 3
    endloop
  endfacet
  facet normal -0.608743 -0.793368 0
    outer loop
      vertex 85.596 96.096 0
      vertex 85.596 96.096 3
      vertex 85.275 96.3423 0
    endloop
  endfacet
  facet normal -0.608743 -0.793368 -0
    outer loop
      vertex 85.275 96.3423 3
      vertex 85.275 96.3423 0
      vertex 85.596 96.096 3
    endloop
  endfacet
  facet normal -0.793368 -0.608743 0
    outer loop
      vertex 85.8423 95.775 0
      vertex 85.8423 95.775 3
      vertex 85.596 96.096 0
    endloop
  endfacet
  facet normal -0.793368 -0.608743 -0
    outer loop
      vertex 85.596 96.096 3
      vertex 85.596 96.096 0
      vertex 85.8423 95.775 3
    endloop
  endfacet
  facet normal -0.923821 -0.382825 0
    outer loop
      vertex 85.9972 95.4012 0
      vertex 85.9972 95.4012 3
      vertex 85.8423 95.775 0
    endloop
  endfacet
  facet normal -0.923821 -0.382825 -0
    outer loop
      vertex 85.8423 95.775 3
      vertex 85.8423 95.775 0
      vertex 85.9972 95.4012 3
    endloop
  endfacet
  facet normal -0.991451 -0.13048 0
    outer loop
      vertex 86.05 95 0
      vertex 86.05 95 3
      vertex 85.9972 95.4012 0
    endloop
  endfacet
  facet normal -0.991451 -0.13048 -0
    outer loop
      vertex 85.9972 95.4012 3
      vertex 85.9972 95.4012 0
      vertex 86.05 95 3
    endloop
  endfacet
  facet normal -0.991451 0.13048 0
    outer loop
      vertex 85.9972 94.5988 0
      vertex 85.9972 94.5988 3
      vertex 86.05 95 0
    endloop
  endfacet
  facet normal -0.991451 0.13048 0
    outer loop
      vertex 86.05 95 3
      vertex 86.05 95 0
      vertex 85.9972 94.5988 3
    endloop
  endfacet
  facet normal -0.923821 0.382825 0
    outer loop
      vertex 85.8423 94.225 0
      vertex 85.8423 94.225 3
      vertex 85.9972 94.5988 0
    endloop
  endfacet
  facet normal -0.923821 0.382825 0
    outer loop
      vertex 85.9972 94.5988 3
      vertex 85.9972 94.5988 0
      vertex 85.8423 94.225 3
    endloop
  endfacet
  facet normal -0.793368 0.608743 0
    outer loop
      vertex 85.596 93.904 0
      vertex 85.596 93.904 3
      vertex 85.8423 94.225 0
    endloop
  endfacet
  facet normal -0.793368 0.608743 0
    outer loop
      vertex 85.8423 94.225 3
      vertex 85.8423 94.225 0
      vertex 85.596 93.904 3
    endloop
  endfacet
  facet normal -0.608743 0.793368 0
    outer loop
      vertex 85.275 93.6577 0
      vertex 85.275 93.6577 3
      vertex 85.596 93.904 0
    endloop
  endfacet
  facet normal -0.608743 0.793368 0
    outer loop
      vertex 85.596 93.904 3
      vertex 85.596 93.904 0
      vertex 85.275 93.6577 3
    endloop
  endfacet
  facet normal -0.382825 0.923821 0
    outer loop
      vertex 84.9012 93.5028 0
      vertex 84.9012 93.5028 3
      vertex 85.275 93.6577 0
    endloop
  endfacet
  facet normal -0.382825 0.923821 0
    outer loop
      vertex 85.275 93.6577 3
      vertex 85.275 93.6577 0
      vertex 84.9012 93.5028 3
    endloop
  endfacet
  facet normal -0.13048 0.991451 0
    outer loop
      vertex 84.5 93.45 0
      vertex 84.5 93.45 3
      vertex 84.9012 93.5028 0
    endloop
  endfacet
  facet normal -0.13048 0.991451 0
    outer loop
      vertex 84.9012 93.5028 3
      vertex 84.9012 93.5028 0
      vertex 84.5 93.45 3
    endloop
  endfacet
  facet normal 0.13048 0.991451 -0
    outer loop
      vertex 84.0988 93.5028 0
      vertex 84.0988 93.5028 3
      vertex 84.5 93.45 0
    endloop
  endfacet
  facet normal 0.13048 0.991451 0
    outer loop
      vertex 84.5 93.45 3
      vertex 84.5 93.45 0
      vertex 84.0988 93.5028 3
    endloop
  endfacet
  facet normal 0.382798 0.923832 -0
    outer loop
      vertex 9.22499 83.6577 0
      vertex 9.22499 83.6577 3
      vertex 9.59882 83.5028 0
    endloop
  endfacet
  facet normal 0.382798 0.923832 0
    outer loop
      vertex 9.59882 83.5028 3
      vertex 9.59882 83.5028 0
      vertex 9.22499 83.6577 3
    endloop
  endfacet
  facet normal 0.608731 0.793377 -0
    outer loop
      vertex 8.90398 83.904 0
      vertex 8.90398 83.904 3
      vertex 9.22499 83.6577 0
    endloop
  endfacet
  facet normal 0.608731 0.793377 0
    outer loop
      vertex 9.22499 83.6577 3
      vertex 9.22499 83.6577 0
      vertex 8.90398 83.904 3
    endloop
  endfacet
  facet normal 0.793332 0.608789 -0
    outer loop
      vertex 8.65765 84.225 0
      vertex 8.65765 84.225 3
      vertex 8.90398 83.904 0
    endloop
  endfacet
  facet normal 0.793332 0.608789 0
    outer loop
      vertex 8.90398 83.904 3
      vertex 8.90398 83.904 0
      vertex 8.65765 84.225 3
    endloop
  endfacet
  facet normal 0.923873 0.382698 -0
    outer loop
      vertex 8.50281 84.5988 0
      vertex 8.50281 84.5988 3
      vertex 8.65765 84.225 0
    endloop
  endfacet
  facet normal 0.923873 0.382698 0
    outer loop
      vertex 8.65765 84.225 3
      vertex 8.65765 84.225 0
      vertex 8.50281 84.5988 3
    endloop
  endfacet
  facet normal 0.991448 0.130504 -0
    outer loop
      vertex 8.45 85 0
      vertex 8.45 85 3
      vertex 8.50281 84.5988 0
    endloop
  endfacet
  facet normal 0.991448 0.130504 0
    outer loop
      vertex 8.50281 84.5988 3
      vertex 8.50281 84.5988 0
      vertex 8.45 85 3
    endloop
  endfacet
  facet normal 0.991448 -0.130504 0
    outer loop
      vertex 8.50281 85.4012 0
      vertex 8.50281 85.4012 3
      vertex 8.45 85 0
    endloop
  endfacet
  facet normal 0.991448 -0.130504 0
    outer loop
      vertex 8.45 85 3
      vertex 8.45 85 0
      vertex 8.50281 85.4012 3
    endloop
  endfacet
  facet normal 0.923873 -0.382698 0
    outer loop
      vertex 8.65765 85.775 0
      vertex 8.65765 85.775 3
      vertex 8.50281 85.4012 0
    endloop
  endfacet
  facet normal 0.923873 -0.382698 0
    outer loop
      vertex 8.50281 85.4012 3
      vertex 8.50281 85.4012 0
      vertex 8.65765 85.775 3
    endloop
  endfacet
  facet normal 0.793332 -0.608789 0
    outer loop
      vertex 8.90398 86.096 0
      vertex 8.90398 86.096 3
      vertex 8.65765 85.775 0
    endloop
  endfacet
  facet normal 0.793332 -0.608789 0
    outer loop
      vertex 8.65765 85.775 3
      vertex 8.65765 85.775 0
      vertex 8.90398 86.096 3
    endloop
  endfacet
  facet normal 0.608731 -0.793377 0
    outer loop
      vertex 9.22499 86.3423 0
      vertex 9.22499 86.3423 3
      vertex 8.90398 86.096 0
    endloop
  endfacet
  facet normal 0.608731 -0.793377 0
    outer loop
      vertex 8.90398 86.096 3
      vertex 8.90398 86.096 0
      vertex 9.22499 86.3423 3
    endloop
  endfacet
  facet normal 0.382798 -0.923832 0
    outer loop
      vertex 9.59882 86.4972 0
      vertex 9.59882 86.4972 3
      vertex 9.22499 86.3423 0
    endloop
  endfacet
  facet normal 0.382798 -0.923832 0
    outer loop
      vertex 9.22499 86.3423 3
      vertex 9.22499 86.3423 0
      vertex 9.59882 86.4972 3
    endloop
  endfacet
  facet normal 0.130486 -0.99145 0
    outer loop
      vertex 10 86.55 0
      vertex 10 86.55 3
      vertex 9.59882 86.4972 0
    endloop
  endfacet
  facet normal 0.130486 -0.99145 0
    outer loop
      vertex 9.59882 86.4972 3
      vertex 9.59882 86.4972 0
      vertex 10 86.55 3
    endloop
  endfacet
  facet normal -0.13048 -0.991451 0
    outer loop
      vertex 10.4012 86.4972 0
      vertex 10.4012 86.4972 3
      vertex 10 86.55 0
    endloop
  endfacet
  facet normal -0.13048 -0.991451 -0
    outer loop
      vertex 10 86.55 3
      vertex 10 86.55 0
      vertex 10.4012 86.4972 3
    endloop
  endfacet
  facet normal -0.382825 -0.923821 0
    outer loop
      vertex 10.775 86.3423 0
      vertex 10.775 86.3423 3
      vertex 10.4012 86.4972 0
    endloop
  endfacet
  facet normal -0.382825 -0.923821 -0
    outer loop
      vertex 10.4012 86.4972 3
      vertex 10.4012 86.4972 0
      vertex 10.775 86.3423 3
    endloop
  endfacet
  facet normal -0.608743 -0.793368 0
    outer loop
      vertex 11.096 86.096 0
      vertex 11.096 86.096 3
      vertex 10.775 86.3423 0
    endloop
  endfacet
  facet normal -0.608743 -0.793368 -0
    outer loop
      vertex 10.775 86.3423 3
      vertex 10.775 86.3423 0
      vertex 11.096 86.096 3
    endloop
  endfacet
  facet normal -0.793368 -0.608743 0
    outer loop
      vertex 11.3423 85.775 0
      vertex 11.3423 85.775 3
      vertex 11.096 86.096 0
    endloop
  endfacet
  facet normal -0.793368 -0.608743 -0
    outer loop
      vertex 11.096 86.096 3
      vertex 11.096 86.096 0
      vertex 11.3423 85.775 3
    endloop
  endfacet
  facet normal -0.923821 -0.382825 0
    outer loop
      vertex 11.4972 85.4012 0
      vertex 11.4972 85.4012 3
      vertex 11.3423 85.775 0
    endloop
  endfacet
  facet normal -0.923821 -0.382825 -0
    outer loop
      vertex 11.3423 85.775 3
      vertex 11.3423 85.775 0
      vertex 11.4972 85.4012 3
    endloop
  endfacet
  facet normal -0.991451 -0.13048 0
    outer loop
      vertex 11.55 85 0
      vertex 11.55 85 3
      vertex 11.4972 85.4012 0
    endloop
  endfacet
  facet normal -0.991451 -0.13048 -0
    outer loop
      vertex 11.4972 85.4012 3
      vertex 11.4972 85.4012 0
      vertex 11.55 85 3
    endloop
  endfacet
  facet normal -0.991451 0.13048 0
    outer loop
      vertex 11.4972 84.5988 0
      vertex 11.4972 84.5988 3
      vertex 11.55 85 0
    endloop
  endfacet
  facet normal -0.991451 0.13048 0
    outer loop
      vertex 11.55 85 3
      vertex 11.55 85 0
      vertex 11.4972 84.5988 3
    endloop
  endfacet
  facet normal -0.923821 0.382825 0
    outer loop
      vertex 11.3423 84.225 0
      vertex 11.3423 84.225 3
      vertex 11.4972 84.5988 0
    endloop
  endfacet
  facet normal -0.923821 0.382825 0
    outer loop
      vertex 11.4972 84.5988 3
      vertex 11.4972 84.5988 0
      vertex 11.3423 84.225 3
    endloop
  endfacet
  facet normal -0.793368 0.608743 0
    outer loop
      vertex 11.096 83.904 0
      vertex 11.096 83.904 3
      vertex 11.3423 84.225 0
    endloop
  endfacet
  facet normal -0.793368 0.608743 0
    outer loop
      vertex 11.3423 84.225 3
      vertex 11.3423 84.225 0
      vertex 11.096 83.904 3
    endloop
  endfacet
  facet normal -0.608743 0.793368 0
    outer loop
      vertex 10.775 83.6577 0
      vertex 10.775 83.6577 3
      vertex 11.096 83.904 0
    endloop
  endfacet
  facet normal -0.608743 0.793368 0
    outer loop
      vertex 11.096 83.904 3
      vertex 11.096 83.904 0
      vertex 10.775 83.6577 3
    endloop
  endfacet
  facet normal -0.382825 0.923821 0
    outer loop
      vertex 10.4012 83.5028 0
      vertex 10.4012 83.5028 3
      vertex 10.775 83.6577 0
    endloop
  endfacet
  facet normal -0.382825 0.923821 0
    outer loop
      vertex 10.775 83.6577 3
      vertex 10.775 83.6577 0
      vertex 10.4012 83.5028 3
    endloop
  endfacet
  facet normal -0.13048 0.991451 0
    outer loop
      vertex 10 83.45 0
      vertex 10 83.45 3
      vertex 10.4012 83.5028 0
    endloop
  endfacet
  facet normal -0.13048 0.991451 0
    outer loop
      vertex 10.4012 83.5028 3
      vertex 10.4012 83.5028 0
      vertex 10 83.45 3
    endloop
  endfacet
  facet normal 0.130486 0.99145 -0
    outer loop
      vertex 9.59882 83.5028 0
      vertex 9.59882 83.5028 3
      vertex 10 83.45 0
    endloop
  endfacet
  facet normal 0.130486 0.99145 0
    outer loop
      vertex 10 83.45 3
      vertex 10 83.45 0
      vertex 9.59882 83.5028 3
    endloop
  endfacet
  facet normal 0.382825 0.923821 -0
    outer loop
      vertex 84.225 83.6577 0
      vertex 84.225 83.6577 3
      vertex 84.5988 83.5028 0
    endloop
  endfacet
  facet normal 0.382825 0.923821 0
    outer loop
      vertex 84.5988 83.5028 3
      vertex 84.5988 83.5028 0
      vertex 84.225 83.6577 3
    endloop
  endfacet
  facet normal 0.608743 0.793368 -0
    outer loop
      vertex 83.904 83.904 0
      vertex 83.904 83.904 3
      vertex 84.225 83.6577 0
    endloop
  endfacet
  facet normal 0.608743 0.793368 0
    outer loop
      vertex 84.225 83.6577 3
      vertex 84.225 83.6577 0
      vertex 83.904 83.904 3
    endloop
  endfacet
  facet normal 0.793368 0.608743 -0
    outer loop
      vertex 83.6577 84.225 0
      vertex 83.6577 84.225 3
      vertex 83.904 83.904 0
    endloop
  endfacet
  facet normal 0.793368 0.608743 0
    outer loop
      vertex 83.904 83.904 3
      vertex 83.904 83.904 0
      vertex 83.6577 84.225 3
    endloop
  endfacet
  facet normal 0.923821 0.382825 -0
    outer loop
      vertex 83.5028 84.5988 0
      vertex 83.5028 84.5988 3
      vertex 83.6577 84.225 0
    endloop
  endfacet
  facet normal 0.923821 0.382825 0
    outer loop
      vertex 83.6577 84.225 3
      vertex 83.6577 84.225 0
      vertex 83.5028 84.5988 3
    endloop
  endfacet
  facet normal 0.991451 0.13048 -0
    outer loop
      vertex 83.45 85 0
      vertex 83.45 85 3
      vertex 83.5028 84.5988 0
    endloop
  endfacet
  facet normal 0.991451 0.13048 0
    outer loop
      vertex 83.5028 84.5988 3
      vertex 83.5028 84.5988 0
      vertex 83.45 85 3
    endloop
  endfacet
  facet normal 0.991451 -0.13048 0
    outer loop
      vertex 83.5028 85.4012 0
      vertex 83.5028 85.4012 3
      vertex 83.45 85 0
    endloop
  endfacet
  facet normal 0.991451 -0.13048 0
    outer loop
      vertex 83.45 85 3
      vertex 83.45 85 0
      vertex 83.5028 85.4012 3
    endloop
  endfacet
  facet normal 0.923821 -0.382825 0
    outer loop
      vertex 83.6577 85.775 0
      vertex 83.6577 85.775 3
      vertex 83.5028 85.4012 0
    endloop
  endfacet
  facet normal 0.923821 -0.382825 0
    outer loop
      vertex 83.5028 85.4012 3
      vertex 83.5028 85.4012 0
      vertex 83.6577 85.775 3
    endloop
  endfacet
  facet normal 0.793368 -0.608743 0
    outer loop
      vertex 83.904 86.096 0
      vertex 83.904 86.096 3
      vertex 83.6577 85.775 0
    endloop
  endfacet
  facet normal 0.793368 -0.608743 0
    outer loop
      vertex 83.6577 85.775 3
      vertex 83.6577 85.775 0
      vertex 83.904 86.096 3
    endloop
  endfacet
  facet normal 0.608743 -0.793368 0
    outer loop
      vertex 84.225 86.3423 0
      vertex 84.225 86.3423 3
      vertex 83.904 86.096 0
    endloop
  endfacet
  facet normal 0.608743 -0.793368 0
    outer loop
      vertex 83.904 86.096 3
      vertex 83.904 86.096 0
      vertex 84.225 86.3423 3
    endloop
  endfacet
  facet normal 0.382825 -0.923821 0
    outer loop
      vertex 84.5988 86.4972 0
      vertex 84.5988 86.4972 3
      vertex 84.225 86.3423 0
    endloop
  endfacet
  facet normal 0.382825 -0.923821 0
    outer loop
      vertex 84.225 86.3423 3
      vertex 84.225 86.3423 0
      vertex 84.5988 86.4972 3
    endloop
  endfacet
  facet normal 0.13048 -0.991451 0
    outer loop
      vertex 85 86.55 0
      vertex 85 86.55 3
      vertex 84.5988 86.4972 0
    endloop
  endfacet
  facet normal 0.13048 -0.991451 0
    outer loop
      vertex 84.5988 86.4972 3
      vertex 84.5988 86.4972 0
      vertex 85 86.55 3
    endloop
  endfacet
  facet normal -0.13048 -0.991451 0
    outer loop
      vertex 85.4012 86.4972 0
      vertex 85.4012 86.4972 3
      vertex 85 86.55 0
    endloop
  endfacet
  facet normal -0.13048 -0.991451 -0
    outer loop
      vertex 85 86.55 3
      vertex 85 86.55 0
      vertex 85.4012 86.4972 3
    endloop
  endfacet
  facet normal -0.382825 -0.923821 0
    outer loop
      vertex 85.775 86.3423 0
      vertex 85.775 86.3423 3
      vertex 85.4012 86.4972 0
    endloop
  endfacet
  facet normal -0.382825 -0.923821 -0
    outer loop
      vertex 85.4012 86.4972 3
      vertex 85.4012 86.4972 0
      vertex 85.775 86.3423 3
    endloop
  endfacet
  facet normal -0.608743 -0.793368 0
    outer loop
      vertex 86.096 86.096 0
      vertex 86.096 86.096 3
      vertex 85.775 86.3423 0
    endloop
  endfacet
  facet normal -0.608743 -0.793368 -0
    outer loop
      vertex 85.775 86.3423 3
      vertex 85.775 86.3423 0
      vertex 86.096 86.096 3
    endloop
  endfacet
  facet normal -0.793368 -0.608743 0
    outer loop
      vertex 86.3423 85.775 0
      vertex 86.3423 85.775 3
      vertex 86.096 86.096 0
    endloop
  endfacet
  facet normal -0.793368 -0.608743 -0
    outer loop
      vertex 86.096 86.096 3
      vertex 86.096 86.096 0
      vertex 86.3423 85.775 3
    endloop
  endfacet
  facet normal -0.923821 -0.382825 0
    outer loop
      vertex 86.4972 85.4012 0
      vertex 86.4972 85.4012 3
      vertex 86.3423 85.775 0
    endloop
  endfacet
  facet normal -0.923821 -0.382825 -0
    outer loop
      vertex 86.3423 85.775 3
      vertex 86.3423 85.775 0
      vertex 86.4972 85.4012 3
    endloop
  endfacet
  facet normal -0.991451 -0.13048 0
    outer loop
      vertex 86.55 85 0
      vertex 86.55 85 3
      vertex 86.4972 85.4012 0
    endloop
  endfacet
  facet normal -0.991451 -0.13048 -0
    outer loop
      vertex 86.4972 85.4012 3
      vertex 86.4972 85.4012 0
      vertex 86.55 85 3
    endloop
  endfacet
  facet normal -0.991451 0.13048 0
    outer loop
      vertex 86.4972 84.5988 0
      vertex 86.4972 84.5988 3
      vertex 86.55 85 0
    endloop
  endfacet
  facet normal -0.991451 0.13048 0
    outer loop
      vertex 86.55 85 3
      vertex 86.55 85 0
      vertex 86.4972 84.5988 3
    endloop
  endfacet
  facet normal -0.923821 0.382825 0
    outer loop
      vertex 86.3423 84.225 0
      vertex 86.3423 84.225 3
      vertex 86.4972 84.5988 0
    endloop
  endfacet
  facet normal -0.923821 0.382825 0
    outer loop
      vertex 86.4972 84.5988 3
      vertex 86.4972 84.5988 0
      vertex 86.3423 84.225 3
    endloop
  endfacet
  facet normal -0.793368 0.608743 0
    outer loop
      vertex 86.096 83.904 0
      vertex 86.096 83.904 3
      vertex 86.3423 84.225 0
    endloop
  endfacet
  facet normal -0.793368 0.608743 0
    outer loop
      vertex 86.3423 84.225 3
      vertex 86.3423 84.225 0
      vertex 86.096 83.904 3
    endloop
  endfacet
  facet normal -0.608743 0.793368 0
    outer loop
      vertex 85.775 83.6577 0
      vertex 85.775 83.6577 3
      vertex 86.096 83.904 0
    endloop
  endfacet
  facet normal -0.608743 0.793368 0
    outer loop
      vertex 86.096 83.904 3
      vertex 86.096 83.904 0
      vertex 85.775 83.6577 3
    endloop
  endfacet
  facet normal -0.382825 0.923821 0
    outer loop
      vertex 85.4012 83.5028 0
      vertex 85.4012 83.5028 3
      vertex 85.775 83.6577 0
    endloop
  endfacet
  facet normal -0.382825 0.923821 0
    outer loop
      vertex 85.775 83.6577 3
      vertex 85.775 83.6577 0
      vertex 85.4012 83.5028 3
    endloop
  endfacet
  facet normal -0.13048 0.991451 0
    outer loop
      vertex 85 83.45 0
      vertex 85 83.45 3
      vertex 85.4012 83.5028 0
    endloop
  endfacet
  facet normal -0.13048 0.991451 0
    outer loop
      vertex 85.4012 83.5028 3
      vertex 85.4012 83.5028 0
      vertex 85 83.45 3
    endloop
  endfacet
  facet normal 0.13048 0.991451 -0
    outer loop
      vertex 84.5988 83.5028 0
      vertex 84.5988 83.5028 3
      vertex 85 83.45 0
    endloop
  endfacet
  facet normal 0.13048 0.991451 0
    outer loop
      vertex 85 83.45 3
      vertex 85 83.45 0
      vertex 84.5988 83.5028 3
    endloop
  endfacet
  facet normal 0.382794 0.923834 -0
    outer loop
      vertex 46.85 80.1742 0
      vertex 46.85 80.1742 3
      vertex 47.1635 80.0443 0
    endloop
  endfacet
  facet normal 0.382794 0.923834 0
    outer loop
      vertex 47.1635 80.0443 3
      vertex 47.1635 80.0443 0
      vertex 46.85 80.1742 3
    endloop
  endfacet
  facet normal 0.608685 0.793412 -0
    outer loop
      vertex 46.5807 80.3808 0
      vertex 46.5807 80.3808 3
      vertex 46.85 80.1742 0
    endloop
  endfacet
  facet normal 0.608685 0.793412 0
    outer loop
      vertex 46.85 80.1742 3
      vertex 46.85 80.1742 0
      vertex 46.5807 80.3808 3
    endloop
  endfacet
  facet normal 0.793445 0.608642 -0
    outer loop
      vertex 46.3742 80.65 0
      vertex 46.3742 80.65 3
      vertex 46.5807 80.3808 0
    endloop
  endfacet
  facet normal 0.793445 0.608642 0
    outer loop
      vertex 46.5807 80.3808 3
      vertex 46.5807 80.3808 0
      vertex 46.3742 80.65 3
    endloop
  endfacet
  facet normal 0.923834 0.382794 -0
    outer loop
      vertex 46.2443 80.9635 0
      vertex 46.2443 80.9635 3
      vertex 46.3742 80.65 0
    endloop
  endfacet
  facet normal 0.923834 0.382794 0
    outer loop
      vertex 46.3742 80.65 3
      vertex 46.3742 80.65 0
      vertex 46.2443 80.9635 3
    endloop
  endfacet
  facet normal 0.991445 0.130523 -0
    outer loop
      vertex 46.2 81.3 0
      vertex 46.2 81.3 3
      vertex 46.2443 80.9635 0
    endloop
  endfacet
  facet normal 0.991445 0.130523 0
    outer loop
      vertex 46.2443 80.9635 3
      vertex 46.2443 80.9635 0
      vertex 46.2 81.3 3
    endloop
  endfacet
  facet normal 0.991445 -0.130523 0
    outer loop
      vertex 46.2443 81.6365 0
      vertex 46.2443 81.6365 3
      vertex 46.2 81.3 0
    endloop
  endfacet
  facet normal 0.991445 -0.130523 0
    outer loop
      vertex 46.2 81.3 3
      vertex 46.2 81.3 0
      vertex 46.2443 81.6365 3
    endloop
  endfacet
  facet normal 0.923834 -0.382794 0
    outer loop
      vertex 46.3742 81.95 0
      vertex 46.3742 81.95 3
      vertex 46.2443 81.6365 0
    endloop
  endfacet
  facet normal 0.923834 -0.382794 0
    outer loop
      vertex 46.2443 81.6365 3
      vertex 46.2443 81.6365 0
      vertex 46.3742 81.95 3
    endloop
  endfacet
  facet normal 0.793445 -0.608642 0
    outer loop
      vertex 46.5807 82.2192 0
      vertex 46.5807 82.2192 3
      vertex 46.3742 81.95 0
    endloop
  endfacet
  facet normal 0.793445 -0.608642 0
    outer loop
      vertex 46.3742 81.95 3
      vertex 46.3742 81.95 0
      vertex 46.5807 82.2192 3
    endloop
  endfacet
  facet normal 0.608685 -0.793412 0
    outer loop
      vertex 46.85 82.4258 0
      vertex 46.85 82.4258 3
      vertex 46.5807 82.2192 0
    endloop
  endfacet
  facet normal 0.608685 -0.793412 0
    outer loop
      vertex 46.5807 82.2192 3
      vertex 46.5807 82.2192 0
      vertex 46.85 82.4258 3
    endloop
  endfacet
  facet normal 0.382794 -0.923834 0
    outer loop
      vertex 47.1635 82.5557 0
      vertex 47.1635 82.5557 3
      vertex 46.85 82.4258 0
    endloop
  endfacet
  facet normal 0.382794 -0.923834 0
    outer loop
      vertex 46.85 82.4258 3
      vertex 46.85 82.4258 0
      vertex 47.1635 82.5557 3
    endloop
  endfacet
  facet normal 0.130523 -0.991445 0
    outer loop
      vertex 47.5 82.6 0
      vertex 47.5 82.6 3
      vertex 47.1635 82.5557 0
    endloop
  endfacet
  facet normal 0.130523 -0.991445 0
    outer loop
      vertex 47.1635 82.5557 3
      vertex 47.1635 82.5557 0
      vertex 47.5 82.6 3
    endloop
  endfacet
  facet normal -0.130523 -0.991445 0
    outer loop
      vertex 47.8365 82.5557 0
      vertex 47.8365 82.5557 3
      vertex 47.5 82.6 0
    endloop
  endfacet
  facet normal -0.130523 -0.991445 -0
    outer loop
      vertex 47.5 82.6 3
      vertex 47.5 82.6 0
      vertex 47.8365 82.5557 3
    endloop
  endfacet
  facet normal -0.382794 -0.923834 0
    outer loop
      vertex 48.15 82.4258 0
      vertex 48.15 82.4258 3
      vertex 47.8365 82.5557 0
    endloop
  endfacet
  facet normal -0.382794 -0.923834 -0
    outer loop
      vertex 47.8365 82.5557 3
      vertex 47.8365 82.5557 0
      vertex 48.15 82.4258 3
    endloop
  endfacet
  facet normal -0.608827 -0.793303 0
    outer loop
      vertex 48.4192 82.2192 0
      vertex 48.4192 82.2192 3
      vertex 48.15 82.4258 0
    endloop
  endfacet
  facet normal -0.608827 -0.793303 -0
    outer loop
      vertex 48.15 82.4258 3
      vertex 48.15 82.4258 0
      vertex 48.4192 82.2192 3
    endloop
  endfacet
  facet normal -0.793303 -0.608827 0
    outer loop
      vertex 48.6258 81.95 0
      vertex 48.6258 81.95 3
      vertex 48.4192 82.2192 0
    endloop
  endfacet
  facet normal -0.793303 -0.608827 -0
    outer loop
      vertex 48.4192 82.2192 3
      vertex 48.4192 82.2192 0
      vertex 48.6258 81.95 3
    endloop
  endfacet
  facet normal -0.923834 -0.382794 0
    outer loop
      vertex 48.7557 81.6365 0
      vertex 48.7557 81.6365 3
      vertex 48.6258 81.95 0
    endloop
  endfacet
  facet normal -0.923834 -0.382794 -0
    outer loop
      vertex 48.6258 81.95 3
      vertex 48.6258 81.95 0
      vertex 48.7557 81.6365 3
    endloop
  endfacet
  facet normal -0.991445 -0.130523 0
    outer loop
      vertex 48.8 81.3 0
      vertex 48.8 81.3 3
      vertex 48.7557 81.6365 0
    endloop
  endfacet
  facet normal -0.991445 -0.130523 -0
    outer loop
      vertex 48.7557 81.6365 3
      vertex 48.7557 81.6365 0
      vertex 48.8 81.3 3
    endloop
  endfacet
  facet normal -0.991445 0.130523 0
    outer loop
      vertex 48.7557 80.9635 0
      vertex 48.7557 80.9635 3
      vertex 48.8 81.3 0
    endloop
  endfacet
  facet normal -0.991445 0.130523 0
    outer loop
      vertex 48.8 81.3 3
      vertex 48.8 81.3 0
      vertex 48.7557 80.9635 3
    endloop
  endfacet
  facet normal -0.923834 0.382794 0
    outer loop
      vertex 48.6258 80.65 0
      vertex 48.6258 80.65 3
      vertex 48.7557 80.9635 0
    endloop
  endfacet
  facet normal -0.923834 0.382794 0
    outer loop
      vertex 48.7557 80.9635 3
      vertex 48.7557 80.9635 0
      vertex 48.6258 80.65 3
    endloop
  endfacet
  facet normal -0.793303 0.608827 0
    outer loop
      vertex 48.4192 80.3808 0
      vertex 48.4192 80.3808 3
      vertex 48.6258 80.65 0
    endloop
  endfacet
  facet normal -0.793303 0.608827 0
    outer loop
      vertex 48.6258 80.65 3
      vertex 48.6258 80.65 0
      vertex 48.4192 80.3808 3
    endloop
  endfacet
  facet normal -0.608827 0.793303 0
    outer loop
      vertex 48.15 80.1742 0
      vertex 48.15 80.1742 3
      vertex 48.4192 80.3808 0
    endloop
  endfacet
  facet normal -0.608827 0.793303 0
    outer loop
      vertex 48.4192 80.3808 3
      vertex 48.4192 80.3808 0
      vertex 48.15 80.1742 3
    endloop
  endfacet
  facet normal -0.382794 0.923834 0
    outer loop
      vertex 47.8365 80.0443 0
      vertex 47.8365 80.0443 3
      vertex 48.15 80.1742 0
    endloop
  endfacet
  facet normal -0.382794 0.923834 0
    outer loop
      vertex 48.15 80.1742 3
      vertex 48.15 80.1742 0
      vertex 47.8365 80.0443 3
    endloop
  endfacet
  facet normal -0.130523 0.991445 0
    outer loop
      vertex 47.5 80 0
      vertex 47.5 80 3
      vertex 47.8365 80.0443 0
    endloop
  endfacet
  facet normal -0.130523 0.991445 0
    outer loop
      vertex 47.8365 80.0443 3
      vertex 47.8365 80.0443 0
      vertex 47.5 80 3
    endloop
  endfacet
  facet normal 0.130523 0.991445 -0
    outer loop
      vertex 47.1635 80.0443 0
      vertex 47.1635 80.0443 3
      vertex 47.5 80 0
    endloop
  endfacet
  facet normal 0.130523 0.991445 0
    outer loop
      vertex 47.5 80 3
      vertex 47.5 80 0
      vertex 47.1635 80.0443 3
    endloop
  endfacet
  facet normal 0.382825 0.923821 -0
    outer loop
      vertex 82.525 64.9577 0
      vertex 82.525 64.9577 3
      vertex 82.8988 64.8028 0
    endloop
  endfacet
  facet normal 0.382825 0.923821 0
    outer loop
      vertex 82.8988 64.8028 3
      vertex 82.8988 64.8028 0
      vertex 82.525 64.9577 3
    endloop
  endfacet
  facet normal 0.608743 0.793368 -0
    outer loop
      vertex 82.204 65.204 0
      vertex 82.204 65.204 3
      vertex 82.525 64.9577 0
    endloop
  endfacet
  facet normal 0.608743 0.793368 0
    outer loop
      vertex 82.525 64.9577 3
      vertex 82.525 64.9577 0
      vertex 82.204 65.204 3
    endloop
  endfacet
  facet normal 0.793368 0.608743 -0
    outer loop
      vertex 81.9577 65.525 0
      vertex 81.9577 65.525 3
      vertex 82.204 65.204 0
    endloop
  endfacet
  facet normal 0.793368 0.608743 0
    outer loop
      vertex 82.204 65.204 3
      vertex 82.204 65.204 0
      vertex 81.9577 65.525 3
    endloop
  endfacet
  facet normal 0.923821 0.382825 -0
    outer loop
      vertex 81.8028 65.8988 0
      vertex 81.8028 65.8988 3
      vertex 81.9577 65.525 0
    endloop
  endfacet
  facet normal 0.923821 0.382825 0
    outer loop
      vertex 81.9577 65.525 3
      vertex 81.9577 65.525 0
      vertex 81.8028 65.8988 3
    endloop
  endfacet
  facet normal 0.991451 0.13048 -0
    outer loop
      vertex 81.75 66.3 0
      vertex 81.75 66.3 3
      vertex 81.8028 65.8988 0
    endloop
  endfacet
  facet normal 0.991451 0.13048 0
    outer loop
      vertex 81.8028 65.8988 3
      vertex 81.8028 65.8988 0
      vertex 81.75 66.3 3
    endloop
  endfacet
  facet normal 0.991451 -0.13048 0
    outer loop
      vertex 81.8028 66.7012 0
      vertex 81.8028 66.7012 3
      vertex 81.75 66.3 0
    endloop
  endfacet
  facet normal 0.991451 -0.13048 0
    outer loop
      vertex 81.75 66.3 3
      vertex 81.75 66.3 0
      vertex 81.8028 66.7012 3
    endloop
  endfacet
  facet normal 0.923821 -0.382825 0
    outer loop
      vertex 81.9577 67.075 0
      vertex 81.9577 67.075 3
      vertex 81.8028 66.7012 0
    endloop
  endfacet
  facet normal 0.923821 -0.382825 0
    outer loop
      vertex 81.8028 66.7012 3
      vertex 81.8028 66.7012 0
      vertex 81.9577 67.075 3
    endloop
  endfacet
  facet normal 0.793368 -0.608743 0
    outer loop
      vertex 82.204 67.396 0
      vertex 82.204 67.396 3
      vertex 81.9577 67.075 0
    endloop
  endfacet
  facet normal 0.793368 -0.608743 0
    outer loop
      vertex 81.9577 67.075 3
      vertex 81.9577 67.075 0
      vertex 82.204 67.396 3
    endloop
  endfacet
  facet normal 0.608743 -0.793368 0
    outer loop
      vertex 82.525 67.6423 0
      vertex 82.525 67.6423 3
      vertex 82.204 67.396 0
    endloop
  endfacet
  facet normal 0.608743 -0.793368 0
    outer loop
      vertex 82.204 67.396 3
      vertex 82.204 67.396 0
      vertex 82.525 67.6423 3
    endloop
  endfacet
  facet normal 0.382825 -0.923821 0
    outer loop
      vertex 82.8988 67.7972 0
      vertex 82.8988 67.7972 3
      vertex 82.525 67.6423 0
    endloop
  endfacet
  facet normal 0.382825 -0.923821 0
    outer loop
      vertex 82.525 67.6423 3
      vertex 82.525 67.6423 0
      vertex 82.8988 67.7972 3
    endloop
  endfacet
  facet normal 0.13048 -0.991451 0
    outer loop
      vertex 83.3 67.85 0
      vertex 83.3 67.85 3
      vertex 82.8988 67.7972 0
    endloop
  endfacet
  facet normal 0.13048 -0.991451 0
    outer loop
      vertex 82.8988 67.7972 3
      vertex 82.8988 67.7972 0
      vertex 83.3 67.85 3
    endloop
  endfacet
  facet normal -0.13048 -0.991451 0
    outer loop
      vertex 83.7012 67.7972 0
      vertex 83.7012 67.7972 3
      vertex 83.3 67.85 0
    endloop
  endfacet
  facet normal -0.13048 -0.991451 -0
    outer loop
      vertex 83.3 67.85 3
      vertex 83.3 67.85 0
      vertex 83.7012 67.7972 3
    endloop
  endfacet
  facet normal -0.382825 -0.923821 0
    outer loop
      vertex 84.075 67.6423 0
      vertex 84.075 67.6423 3
      vertex 83.7012 67.7972 0
    endloop
  endfacet
  facet normal -0.382825 -0.923821 -0
    outer loop
      vertex 83.7012 67.7972 3
      vertex 83.7012 67.7972 0
      vertex 84.075 67.6423 3
    endloop
  endfacet
  facet normal -0.608743 -0.793368 0
    outer loop
      vertex 84.396 67.396 0
      vertex 84.396 67.396 3
      vertex 84.075 67.6423 0
    endloop
  endfacet
  facet normal -0.608743 -0.793368 -0
    outer loop
      vertex 84.075 67.6423 3
      vertex 84.075 67.6423 0
      vertex 84.396 67.396 3
    endloop
  endfacet
  facet normal -0.793368 -0.608743 0
    outer loop
      vertex 84.6423 67.075 0
      vertex 84.6423 67.075 3
      vertex 84.396 67.396 0
    endloop
  endfacet
  facet normal -0.793368 -0.608743 -0
    outer loop
      vertex 84.396 67.396 3
      vertex 84.396 67.396 0
      vertex 84.6423 67.075 3
    endloop
  endfacet
  facet normal -0.923821 -0.382825 0
    outer loop
      vertex 84.7972 66.7012 0
      vertex 84.7972 66.7012 3
      vertex 84.6423 67.075 0
    endloop
  endfacet
  facet normal -0.923821 -0.382825 -0
    outer loop
      vertex 84.6423 67.075 3
      vertex 84.6423 67.075 0
      vertex 84.7972 66.7012 3
    endloop
  endfacet
  facet normal -0.991451 -0.13048 0
    outer loop
      vertex 84.85 66.3 0
      vertex 84.85 66.3 3
      vertex 84.7972 66.7012 0
    endloop
  endfacet
  facet normal -0.991451 -0.13048 -0
    outer loop
      vertex 84.7972 66.7012 3
      vertex 84.7972 66.7012 0
      vertex 84.85 66.3 3
    endloop
  endfacet
  facet normal -0.991451 0.13048 0
    outer loop
      vertex 84.7972 65.8988 0
      vertex 84.7972 65.8988 3
      vertex 84.85 66.3 0
    endloop
  endfacet
  facet normal -0.991451 0.13048 0
    outer loop
      vertex 84.85 66.3 3
      vertex 84.85 66.3 0
      vertex 84.7972 65.8988 3
    endloop
  endfacet
  facet normal -0.923821 0.382825 0
    outer loop
      vertex 84.6423 65.525 0
      vertex 84.6423 65.525 3
      vertex 84.7972 65.8988 0
    endloop
  endfacet
  facet normal -0.923821 0.382825 0
    outer loop
      vertex 84.7972 65.8988 3
      vertex 84.7972 65.8988 0
      vertex 84.6423 65.525 3
    endloop
  endfacet
  facet normal -0.793368 0.608743 0
    outer loop
      vertex 84.396 65.204 0
      vertex 84.396 65.204 3
      vertex 84.6423 65.525 0
    endloop
  endfacet
  facet normal -0.793368 0.608743 0
    outer loop
      vertex 84.6423 65.525 3
      vertex 84.6423 65.525 0
      vertex 84.396 65.204 3
    endloop
  endfacet
  facet normal -0.608743 0.793368 0
    outer loop
      vertex 84.075 64.9577 0
      vertex 84.075 64.9577 3
      vertex 84.396 65.204 0
    endloop
  endfacet
  facet normal -0.608743 0.793368 0
    outer loop
      vertex 84.396 65.204 3
      vertex 84.396 65.204 0
      vertex 84.075 64.9577 3
    endloop
  endfacet
  facet normal -0.382825 0.923821 0
    outer loop
      vertex 83.7012 64.8028 0
      vertex 83.7012 64.8028 3
      vertex 84.075 64.9577 0
    endloop
  endfacet
  facet normal -0.382825 0.923821 0
    outer loop
      vertex 84.075 64.9577 3
      vertex 84.075 64.9577 0
      vertex 83.7012 64.8028 3
    endloop
  endfacet
  facet normal -0.13048 0.991451 0
    outer loop
      vertex 83.3 64.75 0
      vertex 83.3 64.75 3
      vertex 83.7012 64.8028 0
    endloop
  endfacet
  facet normal -0.13048 0.991451 0
    outer loop
      vertex 83.7012 64.8028 3
      vertex 83.7012 64.8028 0
      vertex 83.3 64.75 3
    endloop
  endfacet
  facet normal 0.13048 0.991451 -0
    outer loop
      vertex 82.8988 64.8028 0
      vertex 82.8988 64.8028 3
      vertex 83.3 64.75 0
    endloop
  endfacet
  facet normal 0.13048 0.991451 0
    outer loop
      vertex 83.3 64.75 3
      vertex 83.3 64.75 0
      vertex 82.8988 64.8028 3
    endloop
  endfacet
  facet normal 0.382825 0.923821 -0
    outer loop
      vertex 11.025 28.4577 0
      vertex 11.025 28.4577 3
      vertex 11.3988 28.3028 0
    endloop
  endfacet
  facet normal 0.382825 0.923821 0
    outer loop
      vertex 11.3988 28.3028 3
      vertex 11.3988 28.3028 0
      vertex 11.025 28.4577 3
    endloop
  endfacet
  facet normal 0.608743 0.793368 -0
    outer loop
      vertex 10.704 28.704 0
      vertex 10.704 28.704 3
      vertex 11.025 28.4577 0
    endloop
  endfacet
  facet normal 0.608743 0.793368 0
    outer loop
      vertex 11.025 28.4577 3
      vertex 11.025 28.4577 0
      vertex 10.704 28.704 3
    endloop
  endfacet
  facet normal 0.793368 0.608743 -0
    outer loop
      vertex 10.4577 29.025 0
      vertex 10.4577 29.025 3
      vertex 10.704 28.704 0
    endloop
  endfacet
  facet normal 0.793368 0.608743 0
    outer loop
      vertex 10.704 28.704 3
      vertex 10.704 28.704 0
      vertex 10.4577 29.025 3
    endloop
  endfacet
  facet normal 0.923821 0.382825 -0
    outer loop
      vertex 10.3028 29.3988 0
      vertex 10.3028 29.3988 3
      vertex 10.4577 29.025 0
    endloop
  endfacet
  facet normal 0.923821 0.382825 0
    outer loop
      vertex 10.4577 29.025 3
      vertex 10.4577 29.025 0
      vertex 10.3028 29.3988 3
    endloop
  endfacet
  facet normal 0.991451 0.13048 -0
    outer loop
      vertex 10.25 29.8 0
      vertex 10.25 29.8 3
      vertex 10.3028 29.3988 0
    endloop
  endfacet
  facet normal 0.991451 0.13048 0
    outer loop
      vertex 10.3028 29.3988 3
      vertex 10.3028 29.3988 0
      vertex 10.25 29.8 3
    endloop
  endfacet
  facet normal 0.991451 -0.13048 0
    outer loop
      vertex 10.3028 30.2012 0
      vertex 10.3028 30.2012 3
      vertex 10.25 29.8 0
    endloop
  endfacet
  facet normal 0.991451 -0.13048 0
    outer loop
      vertex 10.25 29.8 3
      vertex 10.25 29.8 0
      vertex 10.3028 30.2012 3
    endloop
  endfacet
  facet normal 0.923821 -0.382825 0
    outer loop
      vertex 10.4577 30.575 0
      vertex 10.4577 30.575 3
      vertex 10.3028 30.2012 0
    endloop
  endfacet
  facet normal 0.923821 -0.382825 0
    outer loop
      vertex 10.3028 30.2012 3
      vertex 10.3028 30.2012 0
      vertex 10.4577 30.575 3
    endloop
  endfacet
  facet normal 0.793368 -0.608743 0
    outer loop
      vertex 10.704 30.896 0
      vertex 10.704 30.896 3
      vertex 10.4577 30.575 0
    endloop
  endfacet
  facet normal 0.793368 -0.608743 0
    outer loop
      vertex 10.4577 30.575 3
      vertex 10.4577 30.575 0
      vertex 10.704 30.896 3
    endloop
  endfacet
  facet normal 0.608743 -0.793368 0
    outer loop
      vertex 11.025 31.1423 0
      vertex 11.025 31.1423 3
      vertex 10.704 30.896 0
    endloop
  endfacet
  facet normal 0.608743 -0.793368 0
    outer loop
      vertex 10.704 30.896 3
      vertex 10.704 30.896 0
      vertex 11.025 31.1423 3
    endloop
  endfacet
  facet normal 0.382825 -0.923821 0
    outer loop
      vertex 11.3988 31.2972 0
      vertex 11.3988 31.2972 3
      vertex 11.025 31.1423 0
    endloop
  endfacet
  facet normal 0.382825 -0.923821 0
    outer loop
      vertex 11.025 31.1423 3
      vertex 11.025 31.1423 0
      vertex 11.3988 31.2972 3
    endloop
  endfacet
  facet normal 0.13048 -0.991451 0
    outer loop
      vertex 11.8 31.35 0
      vertex 11.8 31.35 3
      vertex 11.3988 31.2972 0
    endloop
  endfacet
  facet normal 0.13048 -0.991451 0
    outer loop
      vertex 11.3988 31.2972 3
      vertex 11.3988 31.2972 0
      vertex 11.8 31.35 3
    endloop
  endfacet
  facet normal -0.13048 -0.991451 0
    outer loop
      vertex 12.2012 31.2972 0
      vertex 12.2012 31.2972 3
      vertex 11.8 31.35 0
    endloop
  endfacet
  facet normal -0.13048 -0.991451 -0
    outer loop
      vertex 11.8 31.35 3
      vertex 11.8 31.35 0
      vertex 12.2012 31.2972 3
    endloop
  endfacet
  facet normal -0.382825 -0.923821 0
    outer loop
      vertex 12.575 31.1423 0
      vertex 12.575 31.1423 3
      vertex 12.2012 31.2972 0
    endloop
  endfacet
  facet normal -0.382825 -0.923821 -0
    outer loop
      vertex 12.2012 31.2972 3
      vertex 12.2012 31.2972 0
      vertex 12.575 31.1423 3
    endloop
  endfacet
  facet normal -0.608743 -0.793368 0
    outer loop
      vertex 12.896 30.896 0
      vertex 12.896 30.896 3
      vertex 12.575 31.1423 0
    endloop
  endfacet
  facet normal -0.608743 -0.793368 -0
    outer loop
      vertex 12.575 31.1423 3
      vertex 12.575 31.1423 0
      vertex 12.896 30.896 3
    endloop
  endfacet
  facet normal -0.793368 -0.608743 0
    outer loop
      vertex 13.1423 30.575 0
      vertex 13.1423 30.575 3
      vertex 12.896 30.896 0
    endloop
  endfacet
  facet normal -0.793368 -0.608743 -0
    outer loop
      vertex 12.896 30.896 3
      vertex 12.896 30.896 0
      vertex 13.1423 30.575 3
    endloop
  endfacet
  facet normal -0.923821 -0.382825 0
    outer loop
      vertex 13.2972 30.2012 0
      vertex 13.2972 30.2012 3
      vertex 13.1423 30.575 0
    endloop
  endfacet
  facet normal -0.923821 -0.382825 -0
    outer loop
      vertex 13.1423 30.575 3
      vertex 13.1423 30.575 0
      vertex 13.2972 30.2012 3
    endloop
  endfacet
  facet normal -0.991451 -0.13048 0
    outer loop
      vertex 13.35 29.8 0
      vertex 13.35 29.8 3
      vertex 13.2972 30.2012 0
    endloop
  endfacet
  facet normal -0.991451 -0.13048 -0
    outer loop
      vertex 13.2972 30.2012 3
      vertex 13.2972 30.2012 0
      vertex 13.35 29.8 3
    endloop
  endfacet
  facet normal -0.991451 0.13048 0
    outer loop
      vertex 13.2972 29.3988 0
      vertex 13.2972 29.3988 3
      vertex 13.35 29.8 0
    endloop
  endfacet
  facet normal -0.991451 0.13048 0
    outer loop
      vertex 13.35 29.8 3
      vertex 13.35 29.8 0
      vertex 13.2972 29.3988 3
    endloop
  endfacet
  facet normal -0.923821 0.382825 0
    outer loop
      vertex 13.1423 29.025 0
      vertex 13.1423 29.025 3
      vertex 13.2972 29.3988 0
    endloop
  endfacet
  facet normal -0.923821 0.382825 0
    outer loop
      vertex 13.2972 29.3988 3
      vertex 13.2972 29.3988 0
      vertex 13.1423 29.025 3
    endloop
  endfacet
  facet normal -0.793368 0.608743 0
    outer loop
      vertex 12.896 28.704 0
      vertex 12.896 28.704 3
      vertex 13.1423 29.025 0
    endloop
  endfacet
  facet normal -0.793368 0.608743 0
    outer loop
      vertex 13.1423 29.025 3
      vertex 13.1423 29.025 0
      vertex 12.896 28.704 3
    endloop
  endfacet
  facet normal -0.608743 0.793368 0
    outer loop
      vertex 12.575 28.4577 0
      vertex 12.575 28.4577 3
      vertex 12.896 28.704 0
    endloop
  endfacet
  facet normal -0.608743 0.793368 0
    outer loop
      vertex 12.896 28.704 3
      vertex 12.896 28.704 0
      vertex 12.575 28.4577 3
    endloop
  endfacet
  facet normal -0.382825 0.923821 0
    outer loop
      vertex 12.2012 28.3028 0
      vertex 12.2012 28.3028 3
      vertex 12.575 28.4577 0
    endloop
  endfacet
  facet normal -0.382825 0.923821 0
    outer loop
      vertex 12.575 28.4577 3
      vertex 12.575 28.4577 0
      vertex 12.2012 28.3028 3
    endloop
  endfacet
  facet normal -0.13048 0.991451 0
    outer loop
      vertex 11.8 28.25 0
      vertex 11.8 28.25 3
      vertex 12.2012 28.3028 0
    endloop
  endfacet
  facet normal -0.13048 0.991451 0
    outer loop
      vertex 12.2012 28.3028 3
      vertex 12.2012 28.3028 0
      vertex 11.8 28.25 3
    endloop
  endfacet
  facet normal 0.13048 0.991451 -0
    outer loop
      vertex 11.3988 28.3028 0
      vertex 11.3988 28.3028 3
      vertex 11.8 28.25 0
    endloop
  endfacet
  facet normal 0.13048 0.991451 0
    outer loop
      vertex 11.8 28.25 3
      vertex 11.8 28.25 0
      vertex 11.3988 28.3028 3
    endloop
  endfacet
  facet normal 1 0 -0
    outer loop
      vertex 7.7 16.5 0
      vertex 7.7 16.5 3
      vertex 7.7 3.5 0
    endloop
  endfacet
  facet normal 1 -0 0
    outer loop
      vertex 7.7 3.5 3
      vertex 7.7 3.5 0
      vertex 7.7 16.5 3
    endloop
  endfacet
  facet normal 0 -1 0
    outer loop
      vertex 37.3 16.5 0
      vertex 37.3 16.5 3
      vertex 7.7 16.5 0
    endloop
  endfacet
  facet normal 0 -1 0
    outer loop
      vertex 7.7 16.5 3
      vertex 7.7 16.5 0
      vertex 37.3 16.5 3
    endloop
  endfacet
  facet normal -1 0 0
    outer loop
      vertex 37.3 3.5 0
      vertex 37.3 3.5 3
      vertex 37.3 16.5 0
    endloop
  endfacet
  facet normal -1 -0 -0
    outer loop
      vertex 37.3 16.5 3
      vertex 37.3 16.5 0
      vertex 37.3 3.5 3
    endloop
  endfacet
  facet normal 0 1 0
    outer loop
      vertex 7.7 3.5 0
      vertex 7.7 3.5 3
      vertex 37.3 3.5 0
    endloop
  endfacet
  facet normal 0 1 0
    outer loop
      vertex 37.3 3.5 3
      vertex 37.3 3.5 0
      vertex 7.7 3.5 3
    endloop
  endfacet
  facet normal 1 0 -0
    outer loop
      vertex 57.7 16.5 0
      vertex 57.7 16.5 3
      vertex 57.7 3.5 0
    endloop
  endfacet
  facet normal 1 -0 0
    outer loop
      vertex 57.7 3.5 3
      vertex 57.7 3.5 0
      vertex 57.7 16.5 3
    endloop
  endfacet
  facet normal 0 -1 0
    outer loop
      vertex 87.3 16.5 0
      vertex 87.3 16.5 3
      vertex 57.7 16.5 0
    endloop
  endfacet
  facet normal 0 -1 0
    outer loop
      vertex 57.7 16.5 3
      vertex 57.7 16.5 0
      vertex 87.3 16.5 3
    endloop
  endfacet
  facet normal -1 0 0
    outer loop
      vertex 87.3 3.5 0
      vertex 87.3 3.5 3
      vertex 87.3 16.5 0
    endloop
  endfacet
  facet normal -1 -0 -0
    outer loop
      vertex 87.3 16.5 3
      vertex 87.3 16.5 0
      vertex 87.3 3.5 3
    endloop
  endfacet
  facet normal 0 1 0
    outer loop
      vertex 57.7 3.5 0
      vertex 57.7 3.5 3
      vertex 87.3 3.5 0
    endloop
  endfacet
  facet normal 0 1 0
    outer loop
      vertex 87.3 3.5 3
      vertex 87.3 3.5 0
      vertex 57.7 3.5 3
    endloop
  endfacet
endsolid OpenSCAD_Model
