solid OpenSCAD_Model
  facet normal -0.156456 0.987685 0
    outer loop
      vertex -5.64655 -1.66285 0
      vertex -5.8223 -1.69069 3
      vertex -5.64655 -1.66285 3
    endloop
  endfacet
  facet normal -0.156456 0.987685 0
    outer loop
      vertex -5.8223 -1.69069 3
      vertex -5.64655 -1.66285 0
      vertex -5.8223 -1.69069 0
    endloop
  endfacet
  facet normal -0.35838 -0.933576 0
    outer loop
      vertex -5.47467 1.6168 0
      vertex -5.30855 1.55303 3
      vertex -5.47467 1.6168 3
    endloop
  endfacet
  facet normal -0.35838 -0.933576 -0
    outer loop
      vertex -5.30855 1.55303 3
      vertex -5.47467 1.6168 0
      vertex -5.30855 1.55303 0
    endloop
  endfacet
  facet normal -0.454012 0.890996 0
    outer loop
      vertex -5.15 -1.47224 0
      vertex -5.30855 -1.55303 3
      vertex -5.15 -1.47224 3
    endloop
  endfacet
  facet normal -0.454012 0.890996 0
    outer loop
      vertex -5.30855 -1.55303 3
      vertex -5.15 -1.47224 0
      vertex -5.30855 -1.55303 0
    endloop
  endfacet
  facet normal -0.454012 -0.890996 0
    outer loop
      vertex -5.30855 1.55303 0
      vertex -5.15 1.47224 3
      vertex -5.30855 1.55303 3
    endloop
  endfacet
  facet normal -0.454012 -0.890996 -0
    outer loop
      vertex -5.15 1.47224 3
      vertex -5.30855 1.55303 0
      vertex -5.15 1.47224 0
    endloop
  endfacet
  facet normal -0.258792 -0.965933 0
    outer loop
      vertex -5.64655 1.66285 0
      vertex -5.47467 1.6168 3
      vertex -5.64655 1.66285 3
    endloop
  endfacet
  facet normal -0.258792 -0.965933 -0
    outer loop
      vertex -5.47467 1.6168 3
      vertex -5.64655 1.66285 0
      vertex -5.47467 1.6168 0
    endloop
  endfacet
  facet normal 0.35838 -0.933576 0
    outer loop
      vertex -6.69145 1.55303 0
      vertex -6.52533 1.6168 3
      vertex -6.69145 1.55303 3
    endloop
  endfacet
  facet normal 0.35838 -0.933576 0
    outer loop
      vertex -6.52533 1.6168 3
      vertex -6.69145 1.55303 0
      vertex -6.52533 1.6168 0
    endloop
  endfacet
  facet normal -0.777151 0.629314 0
    outer loop
      vertex -4.73665 -1.13752 0
      vertex -4.62467 -0.999234 3
      vertex -4.62467 -0.999234 0
    endloop
  endfacet
  facet normal -0.777151 0.629314 0
    outer loop
      vertex -4.62467 -0.999234 3
      vertex -4.73665 -1.13752 0
      vertex -4.73665 -1.13752 3
    endloop
  endfacet
  facet normal -0.35838 0.933576 0
    outer loop
      vertex -5.30855 -1.55303 0
      vertex -5.47467 -1.6168 3
      vertex -5.30855 -1.55303 3
    endloop
  endfacet
  facet normal -0.35838 0.933576 0
    outer loop
      vertex -5.47467 -1.6168 3
      vertex -5.30855 -1.55303 0
      vertex -5.47467 -1.6168 0
    endloop
  endfacet
  facet normal 0.890992 -0.454018 0
    outer loop
      vertex -7.55303 0.691452 3
      vertex -7.47224 0.849999 0
      vertex -7.47224 0.849999 3
    endloop
  endfacet
  facet normal 0.890992 -0.454018 0
    outer loop
      vertex -7.47224 0.849999 0
      vertex -7.55303 0.691452 3
      vertex -7.55303 0.691452 0
    endloop
  endfacet
  facet normal 0.629303 0.77716 -0
    outer loop
      vertex -6.99923 -1.37533 0
      vertex -7.13752 -1.26335 3
      vertex -6.99923 -1.37533 3
    endloop
  endfacet
  facet normal 0.629303 0.77716 0
    outer loop
      vertex -7.13752 -1.26335 3
      vertex -6.99923 -1.37533 0
      vertex -7.13752 -1.26335 0
    endloop
  endfacet
  facet normal -0.258792 0.965933 0
    outer loop
      vertex -5.47467 -1.6168 0
      vertex -5.64655 -1.66285 3
      vertex -5.47467 -1.6168 3
    endloop
  endfacet
  facet normal -0.258792 0.965933 0
    outer loop
      vertex -5.64655 -1.66285 3
      vertex -5.47467 -1.6168 0
      vertex -5.64655 -1.66285 0
    endloop
  endfacet
  facet normal 0.258792 0.965933 -0
    outer loop
      vertex -6.35345 -1.66285 0
      vertex -6.52533 -1.6168 3
      vertex -6.35345 -1.66285 3
    endloop
  endfacet
  facet normal 0.258792 0.965933 0
    outer loop
      vertex -6.52533 -1.6168 3
      vertex -6.35345 -1.66285 0
      vertex -6.52533 -1.6168 0
    endloop
  endfacet
  facet normal -0.544609 -0.83869 0
    outer loop
      vertex -5.15 1.47224 0
      vertex -5.00076 1.37533 3
      vertex -5.15 1.47224 3
    endloop
  endfacet
  facet normal -0.544609 -0.83869 -0
    outer loop
      vertex -5.00076 1.37533 3
      vertex -5.15 1.47224 0
      vertex -5.00076 1.37533 0
    endloop
  endfacet
  facet normal 0.0523199 0.99863 -0
    outer loop
      vertex -6 -1.7 0
      vertex -6.1777 -1.69069 3
      vertex -6 -1.7 3
    endloop
  endfacet
  facet normal 0.0523199 0.99863 0
    outer loop
      vertex -6.1777 -1.69069 3
      vertex -6 -1.7 0
      vertex -6.1777 -1.69069 0
    endloop
  endfacet
  facet normal -0.838682 -0.544622 0
    outer loop
      vertex -4.52776 0.849999 0
      vertex -4.62467 0.999234 3
      vertex -4.62467 0.999234 0
    endloop
  endfacet
  facet normal -0.838682 -0.544622 0
    outer loop
      vertex -4.62467 0.999234 3
      vertex -4.52776 0.849999 0
      vertex -4.52776 0.849999 3
    endloop
  endfacet
  facet normal -0.0523199 0.99863 0
    outer loop
      vertex -5.8223 -1.69069 0
      vertex -6 -1.7 3
      vertex -5.8223 -1.69069 3
    endloop
  endfacet
  facet normal -0.0523199 0.99863 0
    outer loop
      vertex -6 -1.7 3
      vertex -5.8223 -1.69069 0
      vertex -6 -1.7 0
    endloop
  endfacet
  facet normal 0.454012 -0.890996 0
    outer loop
      vertex -6.85 1.47224 0
      vertex -6.69145 1.55303 3
      vertex -6.85 1.47224 3
    endloop
  endfacet
  facet normal 0.454012 -0.890996 0
    outer loop
      vertex -6.69145 1.55303 3
      vertex -6.85 1.47224 0
      vertex -6.69145 1.55303 0
    endloop
  endfacet
  facet normal -0.890992 -0.454018 0
    outer loop
      vertex -4.44697 0.691452 0
      vertex -4.52776 0.849999 3
      vertex -4.52776 0.849999 0
    endloop
  endfacet
  facet normal -0.890992 -0.454018 0
    outer loop
      vertex -4.52776 0.849999 3
      vertex -4.44697 0.691452 0
      vertex -4.44697 0.691452 3
    endloop
  endfacet
  facet normal 0.987685 -0.156454 0
    outer loop
      vertex -7.69069 0.177698 3
      vertex -7.66285 0.35345 0
      vertex -7.66285 0.35345 3
    endloop
  endfacet
  facet normal 0.987685 -0.156454 0
    outer loop
      vertex -7.66285 0.35345 0
      vertex -7.69069 0.177698 3
      vertex -7.69069 0.177698 0
    endloop
  endfacet
  facet normal 0.933578 0.358375 0
    outer loop
      vertex -7.55303 -0.691452 3
      vertex -7.6168 -0.525329 0
      vertex -7.6168 -0.525329 3
    endloop
  endfacet
  facet normal 0.933578 0.358375 0
    outer loop
      vertex -7.6168 -0.525329 0
      vertex -7.55303 -0.691452 3
      vertex -7.55303 -0.691452 0
    endloop
  endfacet
  facet normal 0.987685 0.156454 0
    outer loop
      vertex -7.66285 -0.35345 3
      vertex -7.69069 -0.177698 0
      vertex -7.69069 -0.177698 3
    endloop
  endfacet
  facet normal 0.987685 0.156454 0
    outer loop
      vertex -7.69069 -0.177698 0
      vertex -7.66285 -0.35345 3
      vertex -7.66285 -0.35345 0
    endloop
  endfacet
  facet normal -0.707107 0.707107 0
    outer loop
      vertex -4.86248 -1.26335 0
      vertex -4.73665 -1.13752 3
      vertex -4.73665 -1.13752 0
    endloop
  endfacet
  facet normal -0.707107 0.707107 0
    outer loop
      vertex -4.73665 -1.13752 3
      vertex -4.86248 -1.26335 0
      vertex -4.86248 -1.26335 3
    endloop
  endfacet
  facet normal -0.933562 -0.358417 0
    outer loop
      vertex -4.44227 0.67921 0
      vertex -4.44697 0.691452 3
      vertex -4.44697 0.691452 0
    endloop
  endfacet
  facet normal -0.933562 -0.358417 0
    outer loop
      vertex -4.44697 0.691452 3
      vertex -4.44227 0.67921 0
      vertex -4.44227 0.67921 3
    endloop
  endfacet
  facet normal 0.777151 0.629314 0
    outer loop
      vertex -7.26335 -1.13752 3
      vertex -7.37533 -0.999234 0
      vertex -7.37533 -0.999234 3
    endloop
  endfacet
  facet normal 0.777151 0.629314 0
    outer loop
      vertex -7.37533 -0.999234 0
      vertex -7.26335 -1.13752 3
      vertex -7.26335 -1.13752 0
    endloop
  endfacet
  facet normal -0.777151 -0.629314 0
    outer loop
      vertex -4.62467 0.999234 0
      vertex -4.73665 1.13752 3
      vertex -4.73665 1.13752 0
    endloop
  endfacet
  facet normal -0.777151 -0.629314 0
    outer loop
      vertex -4.73665 1.13752 3
      vertex -4.62467 0.999234 0
      vertex -4.62467 0.999234 3
    endloop
  endfacet
  facet normal 0.777151 -0.629314 0
    outer loop
      vertex -7.37533 0.999234 3
      vertex -7.26335 1.13752 0
      vertex -7.26335 1.13752 3
    endloop
  endfacet
  facet normal 0.777151 -0.629314 0
    outer loop
      vertex -7.26335 1.13752 0
      vertex -7.37533 0.999234 3
      vertex -7.37533 0.999234 0
    endloop
  endfacet
  facet normal 0.629303 -0.77716 0
    outer loop
      vertex -7.13752 1.26335 0
      vertex -6.99923 1.37533 3
      vertex -7.13752 1.26335 3
    endloop
  endfacet
  facet normal 0.629303 -0.77716 0
    outer loop
      vertex -6.99923 1.37533 3
      vertex -7.13752 1.26335 0
      vertex -6.99923 1.37533 0
    endloop
  endfacet
  facet normal 0.544635 0.838673 -0
    outer loop
      vertex -6.85 -1.47224 0
      vertex -6.99923 -1.37533 3
      vertex -6.85 -1.47224 3
    endloop
  endfacet
  facet normal 0.544635 0.838673 0
    outer loop
      vertex -6.99923 -1.37533 3
      vertex -6.85 -1.47224 0
      vertex -6.99923 -1.37533 0
    endloop
  endfacet
  facet normal -0.707107 -0.707107 0
    outer loop
      vertex -4.73665 1.13752 0
      vertex -4.86248 1.26335 3
      vertex -4.86248 1.26335 0
    endloop
  endfacet
  facet normal -0.707107 -0.707107 0
    outer loop
      vertex -4.86248 1.26335 3
      vertex -4.73665 1.13752 0
      vertex -4.73665 1.13752 3
    endloop
  endfacet
  facet normal 0.156456 0.987685 -0
    outer loop
      vertex -6.1777 -1.69069 0
      vertex -6.35345 -1.66285 3
      vertex -6.1777 -1.69069 3
    endloop
  endfacet
  facet normal 0.156456 0.987685 0
    outer loop
      vertex -6.35345 -1.66285 3
      vertex -6.1777 -1.69069 0
      vertex -6.35345 -1.66285 0
    endloop
  endfacet
  facet normal 0.838682 -0.544622 0
    outer loop
      vertex -7.47224 0.849999 3
      vertex -7.37533 0.999234 0
      vertex -7.37533 0.999234 3
    endloop
  endfacet
  facet normal 0.838682 -0.544622 0
    outer loop
      vertex -7.37533 0.999234 0
      vertex -7.47224 0.849999 3
      vertex -7.47224 0.849999 0
    endloop
  endfacet
  facet normal 0.156456 -0.987685 0
    outer loop
      vertex -6.35345 1.66285 0
      vertex -6.1777 1.69069 3
      vertex -6.35345 1.66285 3
    endloop
  endfacet
  facet normal 0.156456 -0.987685 0
    outer loop
      vertex -6.1777 1.69069 3
      vertex -6.35345 1.66285 0
      vertex -6.1777 1.69069 0
    endloop
  endfacet
  facet normal 0.258792 -0.965933 0
    outer loop
      vertex -6.52533 1.6168 0
      vertex -6.35345 1.66285 3
      vertex -6.52533 1.6168 3
    endloop
  endfacet
  facet normal 0.258792 -0.965933 0
    outer loop
      vertex -6.35345 1.66285 3
      vertex -6.52533 1.6168 0
      vertex -6.35345 1.66285 0
    endloop
  endfacet
  facet normal 0.544635 -0.838673 0
    outer loop
      vertex -6.99923 1.37533 0
      vertex -6.85 1.47224 3
      vertex -6.99923 1.37533 3
    endloop
  endfacet
  facet normal 0.544635 -0.838673 0
    outer loop
      vertex -6.85 1.47224 3
      vertex -6.99923 1.37533 0
      vertex -6.85 1.47224 0
    endloop
  endfacet
  facet normal -0.629331 -0.777138 0
    outer loop
      vertex -5.00076 1.37533 0
      vertex -4.86248 1.26335 3
      vertex -5.00076 1.37533 3
    endloop
  endfacet
  facet normal -0.629331 -0.777138 -0
    outer loop
      vertex -4.86248 1.26335 3
      vertex -5.00076 1.37533 0
      vertex -4.86248 1.26335 0
    endloop
  endfacet
  facet normal 0.965933 0.258794 0
    outer loop
      vertex -7.6168 -0.525329 3
      vertex -7.66285 -0.35345 0
      vertex -7.66285 -0.35345 3
    endloop
  endfacet
  facet normal 0.965933 0.258794 0
    outer loop
      vertex -7.66285 -0.35345 0
      vertex -7.6168 -0.525329 3
      vertex -7.6168 -0.525329 0
    endloop
  endfacet
  facet normal 0.965933 -0.258794 0
    outer loop
      vertex -7.66285 0.35345 3
      vertex -7.6168 0.525329 0
      vertex -7.6168 0.525329 3
    endloop
  endfacet
  facet normal 0.965933 -0.258794 0
    outer loop
      vertex -7.6168 0.525329 0
      vertex -7.66285 0.35345 3
      vertex -7.66285 0.35345 0
    endloop
  endfacet
  facet normal -0.933562 0.358417 0
    outer loop
      vertex -4.44697 -0.691452 0
      vertex -4.44227 -0.67921 3
      vertex -4.44227 -0.67921 0
    endloop
  endfacet
  facet normal -0.933562 0.358417 0
    outer loop
      vertex -4.44227 -0.67921 3
      vertex -4.44697 -0.691452 0
      vertex -4.44697 -0.691452 3
    endloop
  endfacet
  facet normal 0.99863 0.0523205 0
    outer loop
      vertex -7.69069 -0.177698 3
      vertex -7.7 0 0
      vertex -7.7 0 3
    endloop
  endfacet
  facet normal 0.99863 0.0523205 0
    outer loop
      vertex -7.7 0 0
      vertex -7.69069 -0.177698 3
      vertex -7.69069 -0.177698 0
    endloop
  endfacet
  facet normal 0.707107 -0.707107 0
    outer loop
      vertex -7.26335 1.13752 3
      vertex -7.13752 1.26335 0
      vertex -7.13752 1.26335 3
    endloop
  endfacet
  facet normal 0.707107 -0.707107 0
    outer loop
      vertex -7.13752 1.26335 0
      vertex -7.26335 1.13752 3
      vertex -7.26335 1.13752 0
    endloop
  endfacet
  facet normal -0.544609 0.83869 0
    outer loop
      vertex -5.00076 -1.37533 0
      vertex -5.15 -1.47224 3
      vertex -5.00076 -1.37533 3
    endloop
  endfacet
  facet normal -0.544609 0.83869 0
    outer loop
      vertex -5.15 -1.47224 3
      vertex -5.00076 -1.37533 0
      vertex -5.15 -1.47224 0
    endloop
  endfacet
  facet normal 0.0523199 -0.99863 0
    outer loop
      vertex -6.1777 1.69069 0
      vertex -6 1.7 3
      vertex -6.1777 1.69069 3
    endloop
  endfacet
  facet normal 0.0523199 -0.99863 0
    outer loop
      vertex -6 1.7 3
      vertex -6.1777 1.69069 0
      vertex -6 1.7 0
    endloop
  endfacet
  facet normal 0.890992 0.454018 0
    outer loop
      vertex -7.47224 -0.849999 3
      vertex -7.55303 -0.691452 0
      vertex -7.55303 -0.691452 3
    endloop
  endfacet
  facet normal 0.890992 0.454018 0
    outer loop
      vertex -7.55303 -0.691452 0
      vertex -7.47224 -0.849999 3
      vertex -7.47224 -0.849999 0
    endloop
  endfacet
  facet normal -0.0523199 -0.99863 0
    outer loop
      vertex -6 1.7 0
      vertex -5.8223 1.69069 3
      vertex -6 1.7 3
    endloop
  endfacet
  facet normal -0.0523199 -0.99863 -0
    outer loop
      vertex -5.8223 1.69069 3
      vertex -6 1.7 0
      vertex -5.8223 1.69069 0
    endloop
  endfacet
  facet normal -0.890992 0.454018 0
    outer loop
      vertex -4.52776 -0.849999 0
      vertex -4.44697 -0.691452 3
      vertex -4.44697 -0.691452 0
    endloop
  endfacet
  facet normal -0.890992 0.454018 0
    outer loop
      vertex -4.44697 -0.691452 3
      vertex -4.52776 -0.849999 0
      vertex -4.52776 -0.849999 3
    endloop
  endfacet
  facet normal -0.629331 0.777138 0
    outer loop
      vertex -4.86248 -1.26335 0
      vertex -5.00076 -1.37533 3
      vertex -4.86248 -1.26335 3
    endloop
  endfacet
  facet normal -0.629331 0.777138 0
    outer loop
      vertex -5.00076 -1.37533 3
      vertex -4.86248 -1.26335 0
      vertex -5.00076 -1.37533 0
    endloop
  endfacet
  facet normal -0.838682 0.544622 0
    outer loop
      vertex -4.62467 -0.999234 0
      vertex -4.52776 -0.849999 3
      vertex -4.52776 -0.849999 0
    endloop
  endfacet
  facet normal -0.838682 0.544622 0
    outer loop
      vertex -4.52776 -0.849999 3
      vertex -4.62467 -0.999234 0
      vertex -4.62467 -0.999234 3
    endloop
  endfacet
  facet normal 0.838682 0.544622 0
    outer loop
      vertex -7.37533 -0.999234 3
      vertex -7.47224 -0.849999 0
      vertex -7.47224 -0.849999 3
    endloop
  endfacet
  facet normal 0.838682 0.544622 0
    outer loop
      vertex -7.47224 -0.849999 0
      vertex -7.37533 -0.999234 3
      vertex -7.37533 -0.999234 0
    endloop
  endfacet
  facet normal 0.933578 -0.358375 0
    outer loop
      vertex -7.6168 0.525329 3
      vertex -7.55303 0.691452 0
      vertex -7.55303 0.691452 3
    endloop
  endfacet
  facet normal 0.933578 -0.358375 0
    outer loop
      vertex -7.55303 0.691452 0
      vertex -7.6168 0.525329 3
      vertex -7.6168 0.525329 0
    endloop
  endfacet
  facet normal 0.99863 -0.0523205 0
    outer loop
      vertex -7.7 0 3
      vertex -7.69069 0.177698 0
      vertex -7.69069 0.177698 3
    endloop
  endfacet
  facet normal 0.99863 -0.0523205 0
    outer loop
      vertex -7.69069 0.177698 0
      vertex -7.7 0 3
      vertex -7.7 0 0
    endloop
  endfacet
  facet normal 0.454012 0.890996 -0
    outer loop
      vertex -6.69145 -1.55303 0
      vertex -6.85 -1.47224 3
      vertex -6.69145 -1.55303 3
    endloop
  endfacet
  facet normal 0.454012 0.890996 0
    outer loop
      vertex -6.85 -1.47224 3
      vertex -6.69145 -1.55303 0
      vertex -6.85 -1.47224 0
    endloop
  endfacet
  facet normal 0.707107 0.707107 0
    outer loop
      vertex -7.13752 -1.26335 3
      vertex -7.26335 -1.13752 0
      vertex -7.26335 -1.13752 3
    endloop
  endfacet
  facet normal 0.707107 0.707107 0
    outer loop
      vertex -7.26335 -1.13752 0
      vertex -7.13752 -1.26335 3
      vertex -7.13752 -1.26335 0
    endloop
  endfacet
  facet normal -0.156456 -0.987685 0
    outer loop
      vertex -5.8223 1.69069 0
      vertex -5.64655 1.66285 3
      vertex -5.8223 1.69069 3
    endloop
  endfacet
  facet normal -0.156456 -0.987685 -0
    outer loop
      vertex -5.64655 1.66285 3
      vertex -5.8223 1.69069 0
      vertex -5.64655 1.66285 0
    endloop
  endfacet
  facet normal 0.35838 0.933576 -0
    outer loop
      vertex -6.52533 -1.6168 0
      vertex -6.69145 -1.55303 3
      vertex -6.52533 -1.6168 3
    endloop
  endfacet
  facet normal 0.35838 0.933576 0
    outer loop
      vertex -6.69145 -1.55303 3
      vertex -6.52533 -1.6168 0
      vertex -6.69145 -1.55303 0
    endloop
  endfacet
  facet normal -0.987685 -0.156454 0
    outer loop
      vertex 7.69069 0.177698 0
      vertex 7.66285 0.35345 3
      vertex 7.66285 0.35345 0
    endloop
  endfacet
  facet normal -0.987685 -0.156454 0
    outer loop
      vertex 7.66285 0.35345 3
      vertex 7.69069 0.177698 0
      vertex 7.69069 0.177698 3
    endloop
  endfacet
  facet normal -0.99863 -0.0523205 0
    outer loop
      vertex 7.7 0 0
      vertex 7.69069 0.177698 3
      vertex 7.69069 0.177698 0
    endloop
  endfacet
  facet normal -0.99863 -0.0523205 0
    outer loop
      vertex 7.69069 0.177698 3
      vertex 7.7 0 0
      vertex 7.7 0 3
    endloop
  endfacet
  facet normal -0.629303 -0.77716 0
    outer loop
      vertex 6.99923 1.37533 0
      vertex 7.13752 1.26335 3
      vertex 6.99923 1.37533 3
    endloop
  endfacet
  facet normal -0.629303 -0.77716 -0
    outer loop
      vertex 7.13752 1.26335 3
      vertex 6.99923 1.37533 0
      vertex 7.13752 1.26335 0
    endloop
  endfacet
  facet normal -0.258792 0.965933 0
    outer loop
      vertex 6.52533 -1.6168 0
      vertex 6.35345 -1.66285 3
      vertex 6.52533 -1.6168 3
    endloop
  endfacet
  facet normal -0.258792 0.965933 0
    outer loop
      vertex 6.35345 -1.66285 3
      vertex 6.52533 -1.6168 0
      vertex 6.35345 -1.66285 0
    endloop
  endfacet
  facet normal 0.35838 0.933576 -0
    outer loop
      vertex 5.47467 -1.6168 0
      vertex 5.30855 -1.55303 3
      vertex 5.47467 -1.6168 3
    endloop
  endfacet
  facet normal 0.35838 0.933576 0
    outer loop
      vertex 5.30855 -1.55303 3
      vertex 5.47467 -1.6168 0
      vertex 5.30855 -1.55303 0
    endloop
  endfacet
  facet normal -0.965933 -0.258794 0
    outer loop
      vertex 7.66285 0.35345 0
      vertex 7.6168 0.525329 3
      vertex 7.6168 0.525329 0
    endloop
  endfacet
  facet normal -0.965933 -0.258794 0
    outer loop
      vertex 7.6168 0.525329 3
      vertex 7.66285 0.35345 0
      vertex 7.66285 0.35345 3
    endloop
  endfacet
  facet normal -0.987685 0.156454 0
    outer loop
      vertex 7.66285 -0.35345 0
      vertex 7.69069 -0.177698 3
      vertex 7.69069 -0.177698 0
    endloop
  endfacet
  facet normal -0.987685 0.156454 0
    outer loop
      vertex 7.69069 -0.177698 3
      vertex 7.66285 -0.35345 0
      vertex 7.66285 -0.35345 3
    endloop
  endfacet
  facet normal -0.777151 0.629314 0
    outer loop
      vertex 7.26335 -1.13752 0
      vertex 7.37533 -0.999234 3
      vertex 7.37533 -0.999234 0
    endloop
  endfacet
  facet normal -0.777151 0.629314 0
    outer loop
      vertex 7.37533 -0.999234 3
      vertex 7.26335 -1.13752 0
      vertex 7.26335 -1.13752 3
    endloop
  endfacet
  facet normal -0.35838 -0.933576 0
    outer loop
      vertex 6.52533 1.6168 0
      vertex 6.69145 1.55303 3
      vertex 6.52533 1.6168 3
    endloop
  endfacet
  facet normal -0.35838 -0.933576 -0
    outer loop
      vertex 6.69145 1.55303 3
      vertex 6.52533 1.6168 0
      vertex 6.69145 1.55303 0
    endloop
  endfacet
  facet normal -0.99863 0.0523205 0
    outer loop
      vertex 7.69069 -0.177698 0
      vertex 7.7 0 3
      vertex 7.7 0 0
    endloop
  endfacet
  facet normal -0.99863 0.0523205 0
    outer loop
      vertex 7.7 0 3
      vertex 7.69069 -0.177698 0
      vertex 7.69069 -0.177698 3
    endloop
  endfacet
  facet normal -0.707107 0.707107 0
    outer loop
      vertex 7.13752 -1.26335 0
      vertex 7.26335 -1.13752 3
      vertex 7.26335 -1.13752 0
    endloop
  endfacet
  facet normal -0.707107 0.707107 0
    outer loop
      vertex 7.26335 -1.13752 3
      vertex 7.13752 -1.26335 0
      vertex 7.13752 -1.26335 3
    endloop
  endfacet
  facet normal 0.544609 -0.83869 0
    outer loop
      vertex 5.00076 1.37533 0
      vertex 5.15 1.47224 3
      vertex 5.00076 1.37533 3
    endloop
  endfacet
  facet normal 0.544609 -0.83869 0
    outer loop
      vertex 5.15 1.47224 3
      vertex 5.00076 1.37533 0
      vertex 5.15 1.47224 0
    endloop
  endfacet
  facet normal -0.454012 -0.890996 0
    outer loop
      vertex 6.69145 1.55303 0
      vertex 6.85 1.47224 3
      vertex 6.69145 1.55303 3
    endloop
  endfacet
  facet normal -0.454012 -0.890996 -0
    outer loop
      vertex 6.85 1.47224 3
      vertex 6.69145 1.55303 0
      vertex 6.85 1.47224 0
    endloop
  endfacet
  facet normal 0.156456 0.987685 -0
    outer loop
      vertex 5.8223 -1.69069 0
      vertex 5.64655 -1.66285 3
      vertex 5.8223 -1.69069 3
    endloop
  endfacet
  facet normal 0.156456 0.987685 0
    outer loop
      vertex 5.64655 -1.66285 3
      vertex 5.8223 -1.69069 0
      vertex 5.64655 -1.66285 0
    endloop
  endfacet
  facet normal -0.777151 -0.629314 0
    outer loop
      vertex 7.37533 0.999234 0
      vertex 7.26335 1.13752 3
      vertex 7.26335 1.13752 0
    endloop
  endfacet
  facet normal -0.777151 -0.629314 0
    outer loop
      vertex 7.26335 1.13752 3
      vertex 7.37533 0.999234 0
      vertex 7.37533 0.999234 3
    endloop
  endfacet
  facet normal 0.933562 0.358417 0
    outer loop
      vertex 4.44697 -0.691452 3
      vertex 4.44227 -0.67921 0
      vertex 4.44227 -0.67921 3
    endloop
  endfacet
  facet normal 0.933562 0.358417 0
    outer loop
      vertex 4.44227 -0.67921 0
      vertex 4.44697 -0.691452 3
      vertex 4.44697 -0.691452 0
    endloop
  endfacet
  facet normal -0.544635 -0.838673 0
    outer loop
      vertex 6.85 1.47224 0
      vertex 6.99923 1.37533 3
      vertex 6.85 1.47224 3
    endloop
  endfacet
  facet normal -0.544635 -0.838673 -0
    outer loop
      vertex 6.99923 1.37533 3
      vertex 6.85 1.47224 0
      vertex 6.99923 1.37533 0
    endloop
  endfacet
  facet normal 0.629331 -0.777138 0
    outer loop
      vertex 4.86248 1.26335 0
      vertex 5.00076 1.37533 3
      vertex 4.86248 1.26335 3
    endloop
  endfacet
  facet normal 0.629331 -0.777138 0
    outer loop
      vertex 5.00076 1.37533 3
      vertex 4.86248 1.26335 0
      vertex 5.00076 1.37533 0
    endloop
  endfacet
  facet normal -0.629303 0.77716 0
    outer loop
      vertex 7.13752 -1.26335 0
      vertex 6.99923 -1.37533 3
      vertex 7.13752 -1.26335 3
    endloop
  endfacet
  facet normal -0.629303 0.77716 0
    outer loop
      vertex 6.99923 -1.37533 3
      vertex 7.13752 -1.26335 0
      vertex 6.99923 -1.37533 0
    endloop
  endfacet
  facet normal -0.258792 -0.965933 0
    outer loop
      vertex 6.35345 1.66285 0
      vertex 6.52533 1.6168 3
      vertex 6.35345 1.66285 3
    endloop
  endfacet
  facet normal -0.258792 -0.965933 -0
    outer loop
      vertex 6.52533 1.6168 3
      vertex 6.35345 1.66285 0
      vertex 6.52533 1.6168 0
    endloop
  endfacet
  facet normal -0.933578 -0.358375 0
    outer loop
      vertex 7.6168 0.525329 0
      vertex 7.55303 0.691452 3
      vertex 7.55303 0.691452 0
    endloop
  endfacet
  facet normal -0.933578 -0.358375 0
    outer loop
      vertex 7.55303 0.691452 3
      vertex 7.6168 0.525329 0
      vertex 7.6168 0.525329 3
    endloop
  endfacet
  facet normal -0.156456 0.987685 0
    outer loop
      vertex 6.35345 -1.66285 0
      vertex 6.1777 -1.69069 3
      vertex 6.35345 -1.66285 3
    endloop
  endfacet
  facet normal -0.156456 0.987685 0
    outer loop
      vertex 6.1777 -1.69069 3
      vertex 6.35345 -1.66285 0
      vertex 6.1777 -1.69069 0
    endloop
  endfacet
  facet normal -0.0523199 -0.99863 0
    outer loop
      vertex 6 1.7 0
      vertex 6.1777 1.69069 3
      vertex 6 1.7 3
    endloop
  endfacet
  facet normal -0.0523199 -0.99863 -0
    outer loop
      vertex 6.1777 1.69069 3
      vertex 6 1.7 0
      vertex 6.1777 1.69069 0
    endloop
  endfacet
  facet normal 0.890992 0.454018 0
    outer loop
      vertex 4.52776 -0.849999 3
      vertex 4.44697 -0.691452 0
      vertex 4.44697 -0.691452 3
    endloop
  endfacet
  facet normal 0.890992 0.454018 0
    outer loop
      vertex 4.44697 -0.691452 0
      vertex 4.52776 -0.849999 3
      vertex 4.52776 -0.849999 0
    endloop
  endfacet
  facet normal 0.156456 -0.987685 0
    outer loop
      vertex 5.64655 1.66285 0
      vertex 5.8223 1.69069 3
      vertex 5.64655 1.66285 3
    endloop
  endfacet
  facet normal 0.156456 -0.987685 0
    outer loop
      vertex 5.8223 1.69069 3
      vertex 5.64655 1.66285 0
      vertex 5.8223 1.69069 0
    endloop
  endfacet
  facet normal 0.777151 -0.629314 0
    outer loop
      vertex 4.62467 0.999234 3
      vertex 4.73665 1.13752 0
      vertex 4.73665 1.13752 3
    endloop
  endfacet
  facet normal 0.777151 -0.629314 0
    outer loop
      vertex 4.73665 1.13752 0
      vertex 4.62467 0.999234 3
      vertex 4.62467 0.999234 0
    endloop
  endfacet
  facet normal 0.707107 0.707107 0
    outer loop
      vertex 4.86248 -1.26335 3
      vertex 4.73665 -1.13752 0
      vertex 4.73665 -1.13752 3
    endloop
  endfacet
  facet normal 0.707107 0.707107 0
    outer loop
      vertex 4.73665 -1.13752 0
      vertex 4.86248 -1.26335 3
      vertex 4.86248 -1.26335 0
    endloop
  endfacet
  facet normal -0.35838 0.933576 0
    outer loop
      vertex 6.69145 -1.55303 0
      vertex 6.52533 -1.6168 3
      vertex 6.69145 -1.55303 3
    endloop
  endfacet
  facet normal -0.35838 0.933576 0
    outer loop
      vertex 6.52533 -1.6168 3
      vertex 6.69145 -1.55303 0
      vertex 6.52533 -1.6168 0
    endloop
  endfacet
  facet normal 0.838682 -0.544622 0
    outer loop
      vertex 4.52776 0.849999 3
      vertex 4.62467 0.999234 0
      vertex 4.62467 0.999234 3
    endloop
  endfacet
  facet normal 0.838682 -0.544622 0
    outer loop
      vertex 4.62467 0.999234 0
      vertex 4.52776 0.849999 3
      vertex 4.52776 0.849999 0
    endloop
  endfacet
  facet normal 0.0523199 0.99863 -0
    outer loop
      vertex 6 -1.7 0
      vertex 5.8223 -1.69069 3
      vertex 6 -1.7 3
    endloop
  endfacet
  facet normal 0.0523199 0.99863 0
    outer loop
      vertex 5.8223 -1.69069 3
      vertex 6 -1.7 0
      vertex 5.8223 -1.69069 0
    endloop
  endfacet
  facet normal 0.0523199 -0.99863 0
    outer loop
      vertex 5.8223 1.69069 0
      vertex 6 1.7 3
      vertex 5.8223 1.69069 3
    endloop
  endfacet
  facet normal 0.0523199 -0.99863 0
    outer loop
      vertex 6 1.7 3
      vertex 5.8223 1.69069 0
      vertex 6 1.7 0
    endloop
  endfacet
  facet normal -0.838682 -0.544622 0
    outer loop
      vertex 7.47224 0.849999 0
      vertex 7.37533 0.999234 3
      vertex 7.37533 0.999234 0
    endloop
  endfacet
  facet normal -0.838682 -0.544622 0
    outer loop
      vertex 7.37533 0.999234 3
      vertex 7.47224 0.849999 0
      vertex 7.47224 0.849999 3
    endloop
  endfacet
  facet normal -0.965933 0.258794 0
    outer loop
      vertex 7.6168 -0.525329 0
      vertex 7.66285 -0.35345 3
      vertex 7.66285 -0.35345 0
    endloop
  endfacet
  facet normal -0.965933 0.258794 0
    outer loop
      vertex 7.66285 -0.35345 3
      vertex 7.6168 -0.525329 0
      vertex 7.6168 -0.525329 3
    endloop
  endfacet
  facet normal 0.838682 0.544622 0
    outer loop
      vertex 4.62467 -0.999234 3
      vertex 4.52776 -0.849999 0
      vertex 4.52776 -0.849999 3
    endloop
  endfacet
  facet normal 0.838682 0.544622 0
    outer loop
      vertex 4.52776 -0.849999 0
      vertex 4.62467 -0.999234 3
      vertex 4.62467 -0.999234 0
    endloop
  endfacet
  facet normal -0.890992 -0.454018 0
    outer loop
      vertex 7.55303 0.691452 0
      vertex 7.47224 0.849999 3
      vertex 7.47224 0.849999 0
    endloop
  endfacet
  facet normal -0.890992 -0.454018 0
    outer loop
      vertex 7.47224 0.849999 3
      vertex 7.55303 0.691452 0
      vertex 7.55303 0.691452 3
    endloop
  endfacet
  facet normal 0.258792 -0.965933 0
    outer loop
      vertex 5.47467 1.6168 0
      vertex 5.64655 1.66285 3
      vertex 5.47467 1.6168 3
    endloop
  endfacet
  facet normal 0.258792 -0.965933 0
    outer loop
      vertex 5.64655 1.66285 3
      vertex 5.47467 1.6168 0
      vertex 5.64655 1.66285 0
    endloop
  endfacet
  facet normal 0.35838 -0.933576 0
    outer loop
      vertex 5.30855 1.55303 0
      vertex 5.47467 1.6168 3
      vertex 5.30855 1.55303 3
    endloop
  endfacet
  facet normal 0.35838 -0.933576 0
    outer loop
      vertex 5.47467 1.6168 3
      vertex 5.30855 1.55303 0
      vertex 5.47467 1.6168 0
    endloop
  endfacet
  facet normal 0.777151 0.629314 0
    outer loop
      vertex 4.73665 -1.13752 3
      vertex 4.62467 -0.999234 0
      vertex 4.62467 -0.999234 3
    endloop
  endfacet
  facet normal 0.777151 0.629314 0
    outer loop
      vertex 4.62467 -0.999234 0
      vertex 4.73665 -1.13752 3
      vertex 4.73665 -1.13752 0
    endloop
  endfacet
  facet normal -0.0523199 0.99863 0
    outer loop
      vertex 6.1777 -1.69069 0
      vertex 6 -1.7 3
      vertex 6.1777 -1.69069 3
    endloop
  endfacet
  facet normal -0.0523199 0.99863 0
    outer loop
      vertex 6 -1.7 3
      vertex 6.1777 -1.69069 0
      vertex 6 -1.7 0
    endloop
  endfacet
  facet normal 0.544609 0.83869 -0
    outer loop
      vertex 5.15 -1.47224 0
      vertex 5.00076 -1.37533 3
      vertex 5.15 -1.47224 3
    endloop
  endfacet
  facet normal 0.544609 0.83869 0
    outer loop
      vertex 5.00076 -1.37533 3
      vertex 5.15 -1.47224 0
      vertex 5.00076 -1.37533 0
    endloop
  endfacet
  facet normal 0.707107 -0.707107 0
    outer loop
      vertex 4.73665 1.13752 3
      vertex 4.86248 1.26335 0
      vertex 4.86248 1.26335 3
    endloop
  endfacet
  facet normal 0.707107 -0.707107 0
    outer loop
      vertex 4.86248 1.26335 0
      vertex 4.73665 1.13752 3
      vertex 4.73665 1.13752 0
    endloop
  endfacet
  facet normal 0.454012 0.890996 -0
    outer loop
      vertex 5.30855 -1.55303 0
      vertex 5.15 -1.47224 3
      vertex 5.30855 -1.55303 3
    endloop
  endfacet
  facet normal 0.454012 0.890996 0
    outer loop
      vertex 5.15 -1.47224 3
      vertex 5.30855 -1.55303 0
      vertex 5.15 -1.47224 0
    endloop
  endfacet
  facet normal 0.933562 -0.358417 0
    outer loop
      vertex 4.44227 0.67921 3
      vertex 4.44697 0.691452 0
      vertex 4.44697 0.691452 3
    endloop
  endfacet
  facet normal 0.933562 -0.358417 0
    outer loop
      vertex 4.44697 0.691452 0
      vertex 4.44227 0.67921 3
      vertex 4.44227 0.67921 0
    endloop
  endfacet
  facet normal -0.707107 -0.707107 0
    outer loop
      vertex 7.26335 1.13752 0
      vertex 7.13752 1.26335 3
      vertex 7.13752 1.26335 0
    endloop
  endfacet
  facet normal -0.707107 -0.707107 0
    outer loop
      vertex 7.13752 1.26335 3
      vertex 7.26335 1.13752 0
      vertex 7.26335 1.13752 3
    endloop
  endfacet
  facet normal -0.838682 0.544622 0
    outer loop
      vertex 7.37533 -0.999234 0
      vertex 7.47224 -0.849999 3
      vertex 7.47224 -0.849999 0
    endloop
  endfacet
  facet normal -0.838682 0.544622 0
    outer loop
      vertex 7.47224 -0.849999 3
      vertex 7.37533 -0.999234 0
      vertex 7.37533 -0.999234 3
    endloop
  endfacet
  facet normal -0.156456 -0.987685 0
    outer loop
      vertex 6.1777 1.69069 0
      vertex 6.35345 1.66285 3
      vertex 6.1777 1.69069 3
    endloop
  endfacet
  facet normal -0.156456 -0.987685 -0
    outer loop
      vertex 6.35345 1.66285 3
      vertex 6.1777 1.69069 0
      vertex 6.35345 1.66285 0
    endloop
  endfacet
  facet normal 0.454012 -0.890996 0
    outer loop
      vertex 5.15 1.47224 0
      vertex 5.30855 1.55303 3
      vertex 5.15 1.47224 3
    endloop
  endfacet
  facet normal 0.454012 -0.890996 0
    outer loop
      vertex 5.30855 1.55303 3
      vertex 5.15 1.47224 0
      vertex 5.30855 1.55303 0
    endloop
  endfacet
  facet normal -0.544635 0.838673 0
    outer loop
      vertex 6.99923 -1.37533 0
      vertex 6.85 -1.47224 3
      vertex 6.99923 -1.37533 3
    endloop
  endfacet
  facet normal -0.544635 0.838673 0
    outer loop
      vertex 6.85 -1.47224 3
      vertex 6.99923 -1.37533 0
      vertex 6.85 -1.47224 0
    endloop
  endfacet
  facet normal -0.454012 0.890996 0
    outer loop
      vertex 6.85 -1.47224 0
      vertex 6.69145 -1.55303 3
      vertex 6.85 -1.47224 3
    endloop
  endfacet
  facet normal -0.454012 0.890996 0
    outer loop
      vertex 6.69145 -1.55303 3
      vertex 6.85 -1.47224 0
      vertex 6.69145 -1.55303 0
    endloop
  endfacet
  facet normal -0.890992 0.454018 0
    outer loop
      vertex 7.47224 -0.849999 0
      vertex 7.55303 -0.691452 3
      vertex 7.55303 -0.691452 0
    endloop
  endfacet
  facet normal -0.890992 0.454018 0
    outer loop
      vertex 7.55303 -0.691452 3
      vertex 7.47224 -0.849999 0
      vertex 7.47224 -0.849999 3
    endloop
  endfacet
  facet normal -0.933578 0.358375 0
    outer loop
      vertex 7.55303 -0.691452 0
      vertex 7.6168 -0.525329 3
      vertex 7.6168 -0.525329 0
    endloop
  endfacet
  facet normal -0.933578 0.358375 0
    outer loop
      vertex 7.6168 -0.525329 3
      vertex 7.55303 -0.691452 0
      vertex 7.55303 -0.691452 3
    endloop
  endfacet
  facet normal 0.890992 -0.454018 0
    outer loop
      vertex 4.44697 0.691452 3
      vertex 4.52776 0.849999 0
      vertex 4.52776 0.849999 3
    endloop
  endfacet
  facet normal 0.890992 -0.454018 0
    outer loop
      vertex 4.52776 0.849999 0
      vertex 4.44697 0.691452 3
      vertex 4.44697 0.691452 0
    endloop
  endfacet
  facet normal 0.629331 0.777138 -0
    outer loop
      vertex 5.00076 -1.37533 0
      vertex 4.86248 -1.26335 3
      vertex 5.00076 -1.37533 3
    endloop
  endfacet
  facet normal 0.629331 0.777138 0
    outer loop
      vertex 4.86248 -1.26335 3
      vertex 5.00076 -1.37533 0
      vertex 4.86248 -1.26335 0
    endloop
  endfacet
  facet normal 0.258792 0.965933 -0
    outer loop
      vertex 5.64655 -1.66285 0
      vertex 5.47467 -1.6168 3
      vertex 5.64655 -1.66285 3
    endloop
  endfacet
  facet normal 0.258792 0.965933 0
    outer loop
      vertex 5.47467 -1.6168 3
      vertex 5.64655 -1.66285 0
      vertex 5.47467 -1.6168 0
    endloop
  endfacet
  facet normal 1 -0 0
    outer loop
      vertex 10 -6 3
      vertex 10 6 0
      vertex 10 6 3
    endloop
  endfacet
  facet normal 1 0 0
    outer loop
      vertex 10 6 0
      vertex 10 -6 3
      vertex 10 -6 0
    endloop
  endfacet
  facet normal 0 0 1
    outer loop
      vertex 10 6 3
      vertex 7.7 0 3
      vertex 10 -6 3
    endloop
  endfacet
  facet normal 0 0 1
    outer loop
      vertex 10 6 3
      vertex 7.69069 0.177698 3
      vertex 7.7 0 3
    endloop
  endfacet
  facet normal 0 0 1
    outer loop
      vertex 10 6 3
      vertex 7.66285 0.35345 3
      vertex 7.69069 0.177698 3
    endloop
  endfacet
  facet normal 0 0 1
    outer loop
      vertex 10 6 3
      vertex 7.6168 0.525329 3
      vertex 7.66285 0.35345 3
    endloop
  endfacet
  facet normal 0 0 1
    outer loop
      vertex 10 6 3
      vertex 7.55303 0.691452 3
      vertex 7.6168 0.525329 3
    endloop
  endfacet
  facet normal 0 0 1
    outer loop
      vertex 10 6 3
      vertex 7.47224 0.849999 3
      vertex 7.55303 0.691452 3
    endloop
  endfacet
  facet normal 0 0 1
    outer loop
      vertex 10 6 3
      vertex 7.37533 0.999234 3
      vertex 7.47224 0.849999 3
    endloop
  endfacet
  facet normal 0 0 1
    outer loop
      vertex 10 6 3
      vertex 7.26335 1.13752 3
      vertex 7.37533 0.999234 3
    endloop
  endfacet
  facet normal 0 0 1
    outer loop
      vertex 10 6 3
      vertex 7.13752 1.26335 3
      vertex 7.26335 1.13752 3
    endloop
  endfacet
  facet normal 0 0 1
    outer loop
      vertex 10 6 3
      vertex 6.99923 1.37533 3
      vertex 7.13752 1.26335 3
    endloop
  endfacet
  facet normal 0 0 1
    outer loop
      vertex 10 6 3
      vertex 6.85 1.47224 3
      vertex 6.99923 1.37533 3
    endloop
  endfacet
  facet normal 0 0 1
    outer loop
      vertex 10 6 3
      vertex 6.69145 1.55303 3
      vertex 6.85 1.47224 3
    endloop
  endfacet
  facet normal 0 0 1
    outer loop
      vertex 10 6 3
      vertex 6.52533 1.6168 3
      vertex 6.69145 1.55303 3
    endloop
  endfacet
  facet normal 0 0 1
    outer loop
      vertex 10 6 3
      vertex 6.35345 1.66285 3
      vertex 6.52533 1.6168 3
    endloop
  endfacet
  facet normal 0 0 1
    outer loop
      vertex 10 6 3
      vertex 6.1777 1.69069 3
      vertex 6.35345 1.66285 3
    endloop
  endfacet
  facet normal 0 0 1
    outer loop
      vertex 10 6 3
      vertex 6 1.7 3
      vertex 6.1777 1.69069 3
    endloop
  endfacet
  facet normal -0 0 1
    outer loop
      vertex 3.34415 3.01109 3
      vertex 6 1.7 3
      vertex 10 6 3
    endloop
  endfacet
  facet normal -0 -0 1
    outer loop
      vertex 3.64058 2.64503 3
      vertex 6 1.7 3
      vertex 3.34415 3.01109 3
    endloop
  endfacet
  facet normal 0 0 1
    outer loop
      vertex 6 1.7 3
      vertex 3.64058 2.64503 3
      vertex 5.8223 1.69069 3
    endloop
  endfacet
  facet normal 0 0 1
    outer loop
      vertex 5.8223 1.69069 3
      vertex 3.64058 2.64503 3
      vertex 5.64655 1.66285 3
    endloop
  endfacet
  facet normal 0 0 1
    outer loop
      vertex 5.64655 1.66285 3
      vertex 3.89711 2.25 3
      vertex 5.47467 1.6168 3
    endloop
  endfacet
  facet normal 0 0 1
    outer loop
      vertex 5.47467 1.6168 3
      vertex 3.89711 2.25 3
      vertex 5.30855 1.55303 3
    endloop
  endfacet
  facet normal -0 -0 1
    outer loop
      vertex 4.11095 1.83031 3
      vertex 5.30855 1.55303 3
      vertex 3.89711 2.25 3
    endloop
  endfacet
  facet normal 0 0 1
    outer loop
      vertex 4.44697 0.691452 3
      vertex 4.40166 0.935602 3
      vertex 4.44227 0.67921 3
    endloop
  endfacet
  facet normal 0 0 1
    outer loop
      vertex 4.52776 0.849999 3
      vertex 4.40166 0.935602 3
      vertex 4.44697 0.691452 3
    endloop
  endfacet
  facet normal 0 0 1
    outer loop
      vertex 4.62467 0.999234 3
      vertex 4.40166 0.935602 3
      vertex 4.52776 0.849999 3
    endloop
  endfacet
  facet normal 0 0 1
    outer loop
      vertex 4.27975 1.39058 3
      vertex 4.62467 0.999234 3
      vertex 4.73665 1.13752 3
    endloop
  endfacet
  facet normal 0 0 1
    outer loop
      vertex 4.27975 1.39058 3
      vertex 4.73665 1.13752 3
      vertex 4.86248 1.26335 3
    endloop
  endfacet
  facet normal 0 0 1
    outer loop
      vertex 5.15 1.47224 3
      vertex 4.11095 1.83031 3
      vertex 5.00076 1.37533 3
    endloop
  endfacet
  facet normal 0 0 1
    outer loop
      vertex 4.62467 0.999234 3
      vertex 4.27975 1.39058 3
      vertex 4.40166 0.935602 3
    endloop
  endfacet
  facet normal 0 0 1
    outer loop
      vertex 5.00076 1.37533 3
      vertex 4.27975 1.39058 3
      vertex 4.86248 1.26335 3
    endloop
  endfacet
  facet normal -0 -0 1
    outer loop
      vertex 4.27975 1.39058 3
      vertex 5.00076 1.37533 3
      vertex 4.11095 1.83031 3
    endloop
  endfacet
  facet normal 0 0 1
    outer loop
      vertex 5.30855 1.55303 3
      vertex 4.11095 1.83031 3
      vertex 5.15 1.47224 3
    endloop
  endfacet
  facet normal -0 -0 1
    outer loop
      vertex 3.89711 2.25 3
      vertex 5.64655 1.66285 3
      vertex 3.64058 2.64503 3
    endloop
  endfacet
  facet normal 0 0 1
    outer loop
      vertex 10 6 3
      vertex 3.01109 3.34415 3
      vertex 3.34415 3.01109 3
    endloop
  endfacet
  facet normal 0 0 1
    outer loop
      vertex 10 6 3
      vertex 2.64503 3.64058 3
      vertex 3.01109 3.34415 3
    endloop
  endfacet
  facet normal 0 0 1
    outer loop
      vertex 10 6 3
      vertex 2.25 3.89711 3
      vertex 2.64503 3.64058 3
    endloop
  endfacet
  facet normal 0 0 1
    outer loop
      vertex 10 6 3
      vertex 1.83031 4.11095 3
      vertex 2.25 3.89711 3
    endloop
  endfacet
  facet normal 0 0 1
    outer loop
      vertex 10 6 3
      vertex 1.39058 4.27975 3
      vertex 1.83031 4.11095 3
    endloop
  endfacet
  facet normal 0 0 1
    outer loop
      vertex 10 6 3
      vertex 0.935602 4.40166 3
      vertex 1.39058 4.27975 3
    endloop
  endfacet
  facet normal 0 0 1
    outer loop
      vertex 10 6 3
      vertex 0.470378 4.47535 3
      vertex 0.935602 4.40166 3
    endloop
  endfacet
  facet normal 0 0 1
    outer loop
      vertex 10 6 3
      vertex 0 4.5 3
      vertex 0.470378 4.47535 3
    endloop
  endfacet
  facet normal -0 0 1
    outer loop
      vertex -10 6 3
      vertex 0 4.5 3
      vertex 10 6 3
    endloop
  endfacet
  facet normal 0 0 1
    outer loop
      vertex -4.40166 0.935602 3
      vertex -4.44697 0.691452 3
      vertex -4.44227 0.67921 3
    endloop
  endfacet
  facet normal 0 0 1
    outer loop
      vertex -4.40166 0.935602 3
      vertex -4.52776 0.849999 3
      vertex -4.44697 0.691452 3
    endloop
  endfacet
  facet normal -0 0 1
    outer loop
      vertex -4.62467 0.999234 3
      vertex -4.40166 0.935602 3
      vertex -4.27975 1.39058 3
    endloop
  endfacet
  facet normal 0 0 1
    outer loop
      vertex -5.00076 1.37533 3
      vertex -4.27975 1.39058 3
      vertex -4.11095 1.83031 3
    endloop
  endfacet
  facet normal 0 0 1
    outer loop
      vertex -4.40166 0.935602 3
      vertex -4.62467 0.999234 3
      vertex -4.52776 0.849999 3
    endloop
  endfacet
  facet normal 0 0 1
    outer loop
      vertex -5.30855 1.55303 3
      vertex -4.11095 1.83031 3
      vertex -3.89711 2.25 3
    endloop
  endfacet
  facet normal 0 0 1
    outer loop
      vertex -4.27975 1.39058 3
      vertex -4.73665 1.13752 3
      vertex -4.62467 0.999234 3
    endloop
  endfacet
  facet normal 0 0 1
    outer loop
      vertex -5.64655 1.66285 3
      vertex -3.89711 2.25 3
      vertex -3.64058 2.64503 3
    endloop
  endfacet
  facet normal 0 0 1
    outer loop
      vertex -4.27975 1.39058 3
      vertex -4.86248 1.26335 3
      vertex -4.73665 1.13752 3
    endloop
  endfacet
  facet normal 0 0 1
    outer loop
      vertex -6 1.7 3
      vertex -3.64058 2.64503 3
      vertex -3.34415 3.01109 3
    endloop
  endfacet
  facet normal 0 0 1
    outer loop
      vertex -4.27975 1.39058 3
      vertex -5.00076 1.37533 3
      vertex -4.86248 1.26335 3
    endloop
  endfacet
  facet normal 0 0 1
    outer loop
      vertex -10 6 3
      vertex -3.34415 3.01109 3
      vertex -3.01109 3.34415 3
    endloop
  endfacet
  facet normal 0 0 1
    outer loop
      vertex -4.11095 1.83031 3
      vertex -5.15 1.47224 3
      vertex -5.00076 1.37533 3
    endloop
  endfacet
  facet normal 0 0 1
    outer loop
      vertex -4.11095 1.83031 3
      vertex -5.30855 1.55303 3
      vertex -5.15 1.47224 3
    endloop
  endfacet
  facet normal 0 0 1
    outer loop
      vertex -10 6 3
      vertex -3.01109 3.34415 3
      vertex -2.64503 3.64058 3
    endloop
  endfacet
  facet normal 0 0 1
    outer loop
      vertex -3.89711 2.25 3
      vertex -5.47467 1.6168 3
      vertex -5.30855 1.55303 3
    endloop
  endfacet
  facet normal 0 0 1
    outer loop
      vertex -3.89711 2.25 3
      vertex -5.64655 1.66285 3
      vertex -5.47467 1.6168 3
    endloop
  endfacet
  facet normal 0 0 1
    outer loop
      vertex -3.64058 2.64503 3
      vertex -5.8223 1.69069 3
      vertex -5.64655 1.66285 3
    endloop
  endfacet
  facet normal 0 0 1
    outer loop
      vertex -10 6 3
      vertex -2.64503 3.64058 3
      vertex -2.25 3.89711 3
    endloop
  endfacet
  facet normal 0 0 1
    outer loop
      vertex -3.64058 2.64503 3
      vertex -6 1.7 3
      vertex -5.8223 1.69069 3
    endloop
  endfacet
  facet normal 0 0 1
    outer loop
      vertex -3.34415 3.01109 3
      vertex -10 6 3
      vertex -6 1.7 3
    endloop
  endfacet
  facet normal 0 0 1
    outer loop
      vertex -6 1.7 3
      vertex -10 6 3
      vertex -6.1777 1.69069 3
    endloop
  endfacet
  facet normal 0 0 1
    outer loop
      vertex -6.1777 1.69069 3
      vertex -10 6 3
      vertex -6.35345 1.66285 3
    endloop
  endfacet
  facet normal 0 0 1
    outer loop
      vertex -6.35345 1.66285 3
      vertex -10 6 3
      vertex -6.52533 1.6168 3
    endloop
  endfacet
  facet normal 0 0 1
    outer loop
      vertex -6.52533 1.6168 3
      vertex -10 6 3
      vertex -6.69145 1.55303 3
    endloop
  endfacet
  facet normal 0 0 1
    outer loop
      vertex -7.69069 0.177698 3
      vertex -10 6 3
      vertex -7.7 0 3
    endloop
  endfacet
  facet normal 0 0 1
    outer loop
      vertex -7.66285 0.35345 3
      vertex -10 6 3
      vertex -7.69069 0.177698 3
    endloop
  endfacet
  facet normal 0 0 1
    outer loop
      vertex -7.6168 0.525329 3
      vertex -10 6 3
      vertex -7.66285 0.35345 3
    endloop
  endfacet
  facet normal 0 0 1
    outer loop
      vertex -7.55303 0.691452 3
      vertex -10 6 3
      vertex -7.6168 0.525329 3
    endloop
  endfacet
  facet normal 0 0 1
    outer loop
      vertex -7.47224 0.849999 3
      vertex -10 6 3
      vertex -7.55303 0.691452 3
    endloop
  endfacet
  facet normal 0 0 1
    outer loop
      vertex -7.37533 0.999234 3
      vertex -10 6 3
      vertex -7.47224 0.849999 3
    endloop
  endfacet
  facet normal 0 0 1
    outer loop
      vertex -7.26335 1.13752 3
      vertex -10 6 3
      vertex -7.37533 0.999234 3
    endloop
  endfacet
  facet normal 0 0 1
    outer loop
      vertex -7.13752 1.26335 3
      vertex -10 6 3
      vertex -7.26335 1.13752 3
    endloop
  endfacet
  facet normal 0 0 1
    outer loop
      vertex -6.99923 1.37533 3
      vertex -10 6 3
      vertex -7.13752 1.26335 3
    endloop
  endfacet
  facet normal 0 0 1
    outer loop
      vertex -6.85 1.47224 3
      vertex -10 6 3
      vertex -6.99923 1.37533 3
    endloop
  endfacet
  facet normal 0 0 1
    outer loop
      vertex -6.69145 1.55303 3
      vertex -10 6 3
      vertex -6.85 1.47224 3
    endloop
  endfacet
  facet normal 0 0 1
    outer loop
      vertex -1.83031 4.11095 3
      vertex -10 6 3
      vertex -2.25 3.89711 3
    endloop
  endfacet
  facet normal 0 0 1
    outer loop
      vertex -1.39058 4.27975 3
      vertex -10 6 3
      vertex -1.83031 4.11095 3
    endloop
  endfacet
  facet normal 0 0 1
    outer loop
      vertex -0.935602 4.40166 3
      vertex -10 6 3
      vertex -1.39058 4.27975 3
    endloop
  endfacet
  facet normal 0 0 1
    outer loop
      vertex -0.470378 4.47535 3
      vertex -10 6 3
      vertex -0.935602 4.40166 3
    endloop
  endfacet
  facet normal 0 0 1
    outer loop
      vertex 0 4.5 3
      vertex -10 6 3
      vertex -0.470378 4.47535 3
    endloop
  endfacet
  facet normal -0 0 1
    outer loop
      vertex 7.69069 -0.177698 3
      vertex 10 -6 3
      vertex 7.7 0 3
    endloop
  endfacet
  facet normal -0 0 1
    outer loop
      vertex 7.66285 -0.35345 3
      vertex 10 -6 3
      vertex 7.69069 -0.177698 3
    endloop
  endfacet
  facet normal -0 0 1
    outer loop
      vertex 7.6168 -0.525329 3
      vertex 10 -6 3
      vertex 7.66285 -0.35345 3
    endloop
  endfacet
  facet normal -0 0 1
    outer loop
      vertex 7.55303 -0.691452 3
      vertex 10 -6 3
      vertex 7.6168 -0.525329 3
    endloop
  endfacet
  facet normal -0 0 1
    outer loop
      vertex 7.47224 -0.849999 3
      vertex 10 -6 3
      vertex 7.55303 -0.691452 3
    endloop
  endfacet
  facet normal -0 0 1
    outer loop
      vertex 7.37533 -0.999234 3
      vertex 10 -6 3
      vertex 7.47224 -0.849999 3
    endloop
  endfacet
  facet normal -0 0 1
    outer loop
      vertex 7.26335 -1.13752 3
      vertex 10 -6 3
      vertex 7.37533 -0.999234 3
    endloop
  endfacet
  facet normal -0 0 1
    outer loop
      vertex 7.13752 -1.26335 3
      vertex 10 -6 3
      vertex 7.26335 -1.13752 3
    endloop
  endfacet
  facet normal -0 0 1
    outer loop
      vertex 6.99923 -1.37533 3
      vertex 10 -6 3
      vertex 7.13752 -1.26335 3
    endloop
  endfacet
  facet normal -0 0 1
    outer loop
      vertex 6.85 -1.47224 3
      vertex 10 -6 3
      vertex 6.99923 -1.37533 3
    endloop
  endfacet
  facet normal -0 0 1
    outer loop
      vertex 6.69145 -1.55303 3
      vertex 10 -6 3
      vertex 6.85 -1.47224 3
    endloop
  endfacet
  facet normal -0 0 1
    outer loop
      vertex 6.52533 -1.6168 3
      vertex 10 -6 3
      vertex 6.69145 -1.55303 3
    endloop
  endfacet
  facet normal -0 0 1
    outer loop
      vertex 6.35345 -1.66285 3
      vertex 10 -6 3
      vertex 6.52533 -1.6168 3
    endloop
  endfacet
  facet normal -0 0 1
    outer loop
      vertex 6.1777 -1.69069 3
      vertex 10 -6 3
      vertex 6.35345 -1.66285 3
    endloop
  endfacet
  facet normal -0 0 1
    outer loop
      vertex 6 -1.7 3
      vertex 10 -6 3
      vertex 6.1777 -1.69069 3
    endloop
  endfacet
  facet normal 0 0 1
    outer loop
      vertex 3.64058 -2.64503 3
      vertex 6 -1.7 3
      vertex 5.8223 -1.69069 3
    endloop
  endfacet
  facet normal 0 0 1
    outer loop
      vertex 3.64058 -2.64503 3
      vertex 5.8223 -1.69069 3
      vertex 5.64655 -1.66285 3
    endloop
  endfacet
  facet normal 0 0 1
    outer loop
      vertex 3.89711 -2.25 3
      vertex 5.64655 -1.66285 3
      vertex 5.47467 -1.6168 3
    endloop
  endfacet
  facet normal 0 0 1
    outer loop
      vertex 3.89711 -2.25 3
      vertex 5.47467 -1.6168 3
      vertex 5.30855 -1.55303 3
    endloop
  endfacet
  facet normal 0 0 1
    outer loop
      vertex 4.11095 -1.83031 3
      vertex 5.30855 -1.55303 3
      vertex 5.15 -1.47224 3
    endloop
  endfacet
  facet normal 0 0 1
    outer loop
      vertex 4.11095 -1.83031 3
      vertex 5.15 -1.47224 3
      vertex 5.00076 -1.37533 3
    endloop
  endfacet
  facet normal 0 0 1
    outer loop
      vertex 4.27975 -1.39058 3
      vertex 5.00076 -1.37533 3
      vertex 4.86248 -1.26335 3
    endloop
  endfacet
  facet normal 0 0 1
    outer loop
      vertex 4.40166 -0.935602 3
      vertex 4.44697 -0.691452 3
      vertex 4.44227 -0.67921 3
    endloop
  endfacet
  facet normal 0 0 1
    outer loop
      vertex 4.40166 -0.935602 3
      vertex 4.52776 -0.849999 3
      vertex 4.44697 -0.691452 3
    endloop
  endfacet
  facet normal -0 0 1
    outer loop
      vertex 4.40166 -0.935602 3
      vertex 4.62467 -0.999234 3
      vertex 4.52776 -0.849999 3
    endloop
  endfacet
  facet normal 0 0 1
    outer loop
      vertex 4.27975 -1.39058 3
      vertex 4.62467 -0.999234 3
      vertex 4.40166 -0.935602 3
    endloop
  endfacet
  facet normal 0 0 1
    outer loop
      vertex 4.62467 -0.999234 3
      vertex 4.27975 -1.39058 3
      vertex 4.73665 -1.13752 3
    endloop
  endfacet
  facet normal 0 0 1
    outer loop
      vertex 4.73665 -1.13752 3
      vertex 4.27975 -1.39058 3
      vertex 4.86248 -1.26335 3
    endloop
  endfacet
  facet normal 0 0 1
    outer loop
      vertex 5.00076 -1.37533 3
      vertex 4.27975 -1.39058 3
      vertex 4.11095 -1.83031 3
    endloop
  endfacet
  facet normal 0 0 1
    outer loop
      vertex 5.30855 -1.55303 3
      vertex 4.11095 -1.83031 3
      vertex 3.89711 -2.25 3
    endloop
  endfacet
  facet normal 0 0 1
    outer loop
      vertex 5.64655 -1.66285 3
      vertex 3.89711 -2.25 3
      vertex 3.64058 -2.64503 3
    endloop
  endfacet
  facet normal 0 0 1
    outer loop
      vertex 6 -1.7 3
      vertex 3.64058 -2.64503 3
      vertex 3.34415 -3.01109 3
    endloop
  endfacet
  facet normal 0 0 1
    outer loop
      vertex 6 -1.7 3
      vertex 3.34415 -3.01109 3
      vertex 10 -6 3
    endloop
  endfacet
  facet normal -0 0 1
    outer loop
      vertex 3.01109 -3.34415 3
      vertex 10 -6 3
      vertex 3.34415 -3.01109 3
    endloop
  endfacet
  facet normal -0 0 1
    outer loop
      vertex 2.64503 -3.64058 3
      vertex 10 -6 3
      vertex 3.01109 -3.34415 3
    endloop
  endfacet
  facet normal -0 0 1
    outer loop
      vertex 2.25 -3.89711 3
      vertex 10 -6 3
      vertex 2.64503 -3.64058 3
    endloop
  endfacet
  facet normal -0 0 1
    outer loop
      vertex 1.83031 -4.11095 3
      vertex 10 -6 3
      vertex 2.25 -3.89711 3
    endloop
  endfacet
  facet normal -0 0 1
    outer loop
      vertex 1.39058 -4.27975 3
      vertex 10 -6 3
      vertex 1.83031 -4.11095 3
    endloop
  endfacet
  facet normal -0 0 1
    outer loop
      vertex 0.935602 -4.40166 3
      vertex 10 -6 3
      vertex 1.39058 -4.27975 3
    endloop
  endfacet
  facet normal -0 0 1
    outer loop
      vertex 0.470378 -4.47535 3
      vertex 10 -6 3
      vertex 0.935602 -4.40166 3
    endloop
  endfacet
  facet normal -0 0 1
    outer loop
      vertex 0 -4.5 3
      vertex 10 -6 3
      vertex 0.470378 -4.47535 3
    endloop
  endfacet
  facet normal 0 0 1
    outer loop
      vertex -10 -6 3
      vertex 0 -4.5 3
      vertex -0.470378 -4.47535 3
    endloop
  endfacet
  facet normal -0 0 1
    outer loop
      vertex -4.44697 -0.691452 3
      vertex -4.40166 -0.935602 3
      vertex -4.44227 -0.67921 3
    endloop
  endfacet
  facet normal -0 0 1
    outer loop
      vertex -4.52776 -0.849999 3
      vertex -4.40166 -0.935602 3
      vertex -4.44697 -0.691452 3
    endloop
  endfacet
  facet normal 0 0 1
    outer loop
      vertex -4.62467 -0.999234 3
      vertex -4.40166 -0.935602 3
      vertex -4.52776 -0.849999 3
    endloop
  endfacet
  facet normal 0 0 1
    outer loop
      vertex -4.40166 -0.935602 3
      vertex -4.62467 -0.999234 3
      vertex -4.27975 -1.39058 3
    endloop
  endfacet
  facet normal -0 0 1
    outer loop
      vertex -4.73665 -1.13752 3
      vertex -4.27975 -1.39058 3
      vertex -4.62467 -0.999234 3
    endloop
  endfacet
  facet normal -0 0 1
    outer loop
      vertex -4.86248 -1.26335 3
      vertex -4.27975 -1.39058 3
      vertex -4.73665 -1.13752 3
    endloop
  endfacet
  facet normal -0 0 1
    outer loop
      vertex -5.00076 -1.37533 3
      vertex -4.27975 -1.39058 3
      vertex -4.86248 -1.26335 3
    endloop
  endfacet
  facet normal 0 0 1
    outer loop
      vertex -4.27975 -1.39058 3
      vertex -5.00076 -1.37533 3
      vertex -4.11095 -1.83031 3
    endloop
  endfacet
  facet normal -0 0 1
    outer loop
      vertex -5.15 -1.47224 3
      vertex -4.11095 -1.83031 3
      vertex -5.00076 -1.37533 3
    endloop
  endfacet
  facet normal -0 0 1
    outer loop
      vertex -5.30855 -1.55303 3
      vertex -4.11095 -1.83031 3
      vertex -5.15 -1.47224 3
    endloop
  endfacet
  facet normal 0 0 1
    outer loop
      vertex -4.11095 -1.83031 3
      vertex -5.30855 -1.55303 3
      vertex -3.89711 -2.25 3
    endloop
  endfacet
  facet normal -0 0 1
    outer loop
      vertex -5.47467 -1.6168 3
      vertex -3.89711 -2.25 3
      vertex -5.30855 -1.55303 3
    endloop
  endfacet
  facet normal -0 0 1
    outer loop
      vertex -5.64655 -1.66285 3
      vertex -3.89711 -2.25 3
      vertex -5.47467 -1.6168 3
    endloop
  endfacet
  facet normal 0 0 1
    outer loop
      vertex -3.89711 -2.25 3
      vertex -5.64655 -1.66285 3
      vertex -3.64058 -2.64503 3
    endloop
  endfacet
  facet normal -0 0 1
    outer loop
      vertex -5.8223 -1.69069 3
      vertex -3.64058 -2.64503 3
      vertex -5.64655 -1.66285 3
    endloop
  endfacet
  facet normal -0 0 1
    outer loop
      vertex -6 -1.7 3
      vertex -3.64058 -2.64503 3
      vertex -5.8223 -1.69069 3
    endloop
  endfacet
  facet normal 0 0 1
    outer loop
      vertex -3.64058 -2.64503 3
      vertex -6 -1.7 3
      vertex -3.34415 -3.01109 3
    endloop
  endfacet
  facet normal 0 0 1
    outer loop
      vertex -10 -6 3
      vertex -3.34415 -3.01109 3
      vertex -6 -1.7 3
    endloop
  endfacet
  facet normal 0 0 1
    outer loop
      vertex -3.34415 -3.01109 3
      vertex -10 -6 3
      vertex -3.01109 -3.34415 3
    endloop
  endfacet
  facet normal 0 0 1
    outer loop
      vertex -3.01109 -3.34415 3
      vertex -10 -6 3
      vertex -2.64503 -3.64058 3
    endloop
  endfacet
  facet normal 0 0 1
    outer loop
      vertex -10 -6 3
      vertex -6 -1.7 3
      vertex -6.1777 -1.69069 3
    endloop
  endfacet
  facet normal 0 0 1
    outer loop
      vertex -10 -6 3
      vertex -6.1777 -1.69069 3
      vertex -6.35345 -1.66285 3
    endloop
  endfacet
  facet normal 0 0 1
    outer loop
      vertex -10 -6 3
      vertex -6.35345 -1.66285 3
      vertex -6.52533 -1.6168 3
    endloop
  endfacet
  facet normal 0 0 1
    outer loop
      vertex -10 -6 3
      vertex -6.52533 -1.6168 3
      vertex -6.69145 -1.55303 3
    endloop
  endfacet
  facet normal 0 0 1
    outer loop
      vertex -10 -6 3
      vertex -6.69145 -1.55303 3
      vertex -6.85 -1.47224 3
    endloop
  endfacet
  facet normal 0 0 1
    outer loop
      vertex -10 -6 3
      vertex -7.7 0 3
      vertex -10 6 3
    endloop
  endfacet
  facet normal 0 0 1
    outer loop
      vertex -7.7 0 3
      vertex -10 -6 3
      vertex -7.69069 -0.177698 3
    endloop
  endfacet
  facet normal 0 0 1
    outer loop
      vertex -7.69069 -0.177698 3
      vertex -10 -6 3
      vertex -7.66285 -0.35345 3
    endloop
  endfacet
  facet normal 0 0 1
    outer loop
      vertex 0 -4.5 3
      vertex -10 -6 3
      vertex 10 -6 3
    endloop
  endfacet
  facet normal 0 0 1
    outer loop
      vertex -0.935602 -4.40166 3
      vertex -10 -6 3
      vertex -0.470378 -4.47535 3
    endloop
  endfacet
  facet normal 0 0 1
    outer loop
      vertex -1.39058 -4.27975 3
      vertex -10 -6 3
      vertex -0.935602 -4.40166 3
    endloop
  endfacet
  facet normal 0 0 1
    outer loop
      vertex -1.83031 -4.11095 3
      vertex -10 -6 3
      vertex -1.39058 -4.27975 3
    endloop
  endfacet
  facet normal 0 0 1
    outer loop
      vertex -2.25 -3.89711 3
      vertex -10 -6 3
      vertex -1.83031 -4.11095 3
    endloop
  endfacet
  facet normal 0 0 1
    outer loop
      vertex -2.64503 -3.64058 3
      vertex -10 -6 3
      vertex -2.25 -3.89711 3
    endloop
  endfacet
  facet normal 0 0 1
    outer loop
      vertex -6.99923 -1.37533 3
      vertex -10 -6 3
      vertex -6.85 -1.47224 3
    endloop
  endfacet
  facet normal 0 0 1
    outer loop
      vertex -7.13752 -1.26335 3
      vertex -10 -6 3
      vertex -6.99923 -1.37533 3
    endloop
  endfacet
  facet normal 0 0 1
    outer loop
      vertex -7.26335 -1.13752 3
      vertex -10 -6 3
      vertex -7.13752 -1.26335 3
    endloop
  endfacet
  facet normal 0 0 1
    outer loop
      vertex -7.37533 -0.999234 3
      vertex -10 -6 3
      vertex -7.26335 -1.13752 3
    endloop
  endfacet
  facet normal 0 0 1
    outer loop
      vertex -7.47224 -0.849999 3
      vertex -10 -6 3
      vertex -7.37533 -0.999234 3
    endloop
  endfacet
  facet normal 0 0 1
    outer loop
      vertex -7.55303 -0.691452 3
      vertex -10 -6 3
      vertex -7.47224 -0.849999 3
    endloop
  endfacet
  facet normal 0 0 1
    outer loop
      vertex -7.6168 -0.525329 3
      vertex -10 -6 3
      vertex -7.55303 -0.691452 3
    endloop
  endfacet
  facet normal 0 0 1
    outer loop
      vertex -7.66285 -0.35345 3
      vertex -10 -6 3
      vertex -7.6168 -0.525329 3
    endloop
  endfacet
  facet normal 0 0 -1
    outer loop
      vertex -1.86671 -0.0627165 0
      vertex -4.5 0 0
      vertex -1.87 0 0
    endloop
  endfacet
  facet normal 0 -0 -1
    outer loop
      vertex -4.47535 0.470378 0
      vertex -1.87 0 0
      vertex -4.5 0 0
    endloop
  endfacet
  facet normal 0 0 -1
    outer loop
      vertex -1.87 0 0
      vertex -4.47535 0.470378 0
      vertex -4.44227 0.67921 0
    endloop
  endfacet
  facet normal 0 0 -1
    outer loop
      vertex 10 -6 0
      vertex 7.7 0 0
      vertex 10 6 0
    endloop
  endfacet
  facet normal 0 0 -1
    outer loop
      vertex 10 -6 0
      vertex 7.69069 -0.177698 0
      vertex 7.7 0 0
    endloop
  endfacet
  facet normal 0 0 -1
    outer loop
      vertex 10 -6 0
      vertex 7.66285 -0.35345 0
      vertex 7.69069 -0.177698 0
    endloop
  endfacet
  facet normal 0 0 -1
    outer loop
      vertex 10 -6 0
      vertex 7.6168 -0.525329 0
      vertex 7.66285 -0.35345 0
    endloop
  endfacet
  facet normal 0 0 -1
    outer loop
      vertex 10 -6 0
      vertex 7.55303 -0.691452 0
      vertex 7.6168 -0.525329 0
    endloop
  endfacet
  facet normal 0 0 -1
    outer loop
      vertex 10 -6 0
      vertex 7.47224 -0.849999 0
      vertex 7.55303 -0.691452 0
    endloop
  endfacet
  facet normal 0 0 -1
    outer loop
      vertex 10 -6 0
      vertex 7.37533 -0.999234 0
      vertex 7.47224 -0.849999 0
    endloop
  endfacet
  facet normal 0 0 -1
    outer loop
      vertex 10 -6 0
      vertex 7.26335 -1.13752 0
      vertex 7.37533 -0.999234 0
    endloop
  endfacet
  facet normal 0 0 -1
    outer loop
      vertex 10 -6 0
      vertex 7.13752 -1.26335 0
      vertex 7.26335 -1.13752 0
    endloop
  endfacet
  facet normal 0 0 -1
    outer loop
      vertex 10 -6 0
      vertex 6.99923 -1.37533 0
      vertex 7.13752 -1.26335 0
    endloop
  endfacet
  facet normal 0 0 -1
    outer loop
      vertex 10 -6 0
      vertex 6.85 -1.47224 0
      vertex 6.99923 -1.37533 0
    endloop
  endfacet
  facet normal 0 0 -1
    outer loop
      vertex 10 -6 0
      vertex 6.69145 -1.55303 0
      vertex 6.85 -1.47224 0
    endloop
  endfacet
  facet normal 0 0 -1
    outer loop
      vertex 10 -6 0
      vertex 6.52533 -1.6168 0
      vertex 6.69145 -1.55303 0
    endloop
  endfacet
  facet normal 0 0 -1
    outer loop
      vertex 10 -6 0
      vertex 6.35345 -1.66285 0
      vertex 6.52533 -1.6168 0
    endloop
  endfacet
  facet normal 0 0 -1
    outer loop
      vertex 10 -6 0
      vertex 6.1777 -1.69069 0
      vertex 6.35345 -1.66285 0
    endloop
  endfacet
  facet normal 0 0 -1
    outer loop
      vertex 10 -6 0
      vertex 6 -1.7 0
      vertex 6.1777 -1.69069 0
    endloop
  endfacet
  facet normal 0 0 -1
    outer loop
      vertex 10 -6 0
      vertex 5.8223 -1.69069 0
      vertex 6 -1.7 0
    endloop
  endfacet
  facet normal 0 0 -1
    outer loop
      vertex 10 -6 0
      vertex 5.64655 -1.66285 0
      vertex 5.8223 -1.69069 0
    endloop
  endfacet
  facet normal 0 0 -1
    outer loop
      vertex 10 -6 0
      vertex 5.47467 -1.6168 0
      vertex 5.64655 -1.66285 0
    endloop
  endfacet
  facet normal 0 0 -1
    outer loop
      vertex 10 -6 0
      vertex 5.30855 -1.55303 0
      vertex 5.47467 -1.6168 0
    endloop
  endfacet
  facet normal 0 0 -1
    outer loop
      vertex 1.27 -0.599999 0
      vertex 5.30855 -1.55303 0
      vertex 10 -6 0
    endloop
  endfacet
  facet normal 0 0 -1
    outer loop
      vertex 5.30855 -1.55303 0
      vertex 1.27 -0.599999 0
      vertex 5.15 -1.47224 0
    endloop
  endfacet
  facet normal 0 -0 -1
    outer loop
      vertex 1.33272 -0.596713 0
      vertex 5.15 -1.47224 0
      vertex 1.27 -0.599999 0
    endloop
  endfacet
  facet normal 0 0 -1
    outer loop
      vertex 4.5 0 0
      vertex 1.86671 0.0627165 0
      vertex 4.47535 0.470378 0
    endloop
  endfacet
  facet normal 0 0 -1
    outer loop
      vertex 1.75541 -0.352671 0
      vertex 4.44227 -0.67921 0
      vertex 4.44697 -0.691452 0
    endloop
  endfacet
  facet normal 0 0 -1
    outer loop
      vertex 1.71589 -0.401478 0
      vertex 4.44697 -0.691452 0
      vertex 4.52776 -0.849999 0
    endloop
  endfacet
  facet normal 0 0 -1
    outer loop
      vertex 1.67148 -0.445887 0
      vertex 4.52776 -0.849999 0
      vertex 4.62467 -0.999234 0
    endloop
  endfacet
  facet normal 0 0 -1
    outer loop
      vertex 1.57 -0.519615 0
      vertex 4.62467 -0.999234 0
      vertex 4.73665 -1.13752 0
    endloop
  endfacet
  facet normal 0 0 -1
    outer loop
      vertex 1.51404 -0.548127 0
      vertex 4.73665 -1.13752 0
      vertex 4.86248 -1.26335 0
    endloop
  endfacet
  facet normal 0 0 -1
    outer loop
      vertex 5.15 -1.47224 0
      vertex 1.33272 -0.596713 0
      vertex 5.00076 -1.37533 0
    endloop
  endfacet
  facet normal 0 0 -1
    outer loop
      vertex 4.47535 -0.470378 0
      vertex 1.86671 -0.0627165 0
      vertex 1.87 0 0
    endloop
  endfacet
  facet normal 0 0 -1
    outer loop
      vertex 4.47535 -0.470378 0
      vertex 1.85689 -0.124746 0
      vertex 1.86671 -0.0627165 0
    endloop
  endfacet
  facet normal 0 0 -1
    outer loop
      vertex 4.44227 -0.67921 0
      vertex 1.84063 -0.18541 0
      vertex 1.85689 -0.124746 0
    endloop
  endfacet
  facet normal 0 0 -1
    outer loop
      vertex 4.44227 -0.67921 0
      vertex 1.81813 -0.244041 0
      vertex 1.84063 -0.18541 0
    endloop
  endfacet
  facet normal 0 0 -1
    outer loop
      vertex 4.44227 -0.67921 0
      vertex 1.78961 -0.299999 0
      vertex 1.81813 -0.244041 0
    endloop
  endfacet
  facet normal 0 0 -1
    outer loop
      vertex 4.44227 -0.67921 0
      vertex 1.75541 -0.352671 0
      vertex 1.78961 -0.299999 0
    endloop
  endfacet
  facet normal 0 0 -1
    outer loop
      vertex 4.44697 -0.691452 0
      vertex 1.71589 -0.401478 0
      vertex 1.75541 -0.352671 0
    endloop
  endfacet
  facet normal 0 0 -1
    outer loop
      vertex 4.52776 -0.849999 0
      vertex 1.67148 -0.445887 0
      vertex 1.71589 -0.401478 0
    endloop
  endfacet
  facet normal 0 0 -1
    outer loop
      vertex 4.62467 -0.999234 0
      vertex 1.62267 -0.48541 0
      vertex 1.67148 -0.445887 0
    endloop
  endfacet
  facet normal 0 0 -1
    outer loop
      vertex 4.62467 -0.999234 0
      vertex 1.57 -0.519615 0
      vertex 1.62267 -0.48541 0
    endloop
  endfacet
  facet normal 0 0 -1
    outer loop
      vertex 4.73665 -1.13752 0
      vertex 1.51404 -0.548127 0
      vertex 1.57 -0.519615 0
    endloop
  endfacet
  facet normal 0 0 -1
    outer loop
      vertex 4.86248 -1.26335 0
      vertex 1.45541 -0.570634 0
      vertex 1.51404 -0.548127 0
    endloop
  endfacet
  facet normal 0 0 -1
    outer loop
      vertex 4.86248 -1.26335 0
      vertex 1.39475 -0.586888 0
      vertex 1.45541 -0.570634 0
    endloop
  endfacet
  facet normal 0 0 -1
    outer loop
      vertex 5.00076 -1.37533 0
      vertex 1.39475 -0.586888 0
      vertex 4.86248 -1.26335 0
    endloop
  endfacet
  facet normal 0 -0 -1
    outer loop
      vertex 1.39475 -0.586888 0
      vertex 5.00076 -1.37533 0
      vertex 1.33272 -0.596713 0
    endloop
  endfacet
  facet normal 0 0 -1
    outer loop
      vertex 10 -6 0
      vertex 1.20728 -0.596713 0
      vertex 1.27 -0.599999 0
    endloop
  endfacet
  facet normal 0 0 -1
    outer loop
      vertex -1.20728 -0.596713 0
      vertex 1.20728 -0.596713 0
      vertex 10 -6 0
    endloop
  endfacet
  facet normal 0 0 -1
    outer loop
      vertex 1.20728 -0.596713 0
      vertex -1.20728 -0.596713 0
      vertex 1.14525 -0.586888 0
    endloop
  endfacet
  facet normal 0 -0 -1
    outer loop
      vertex -1.14525 -0.586888 0
      vertex 1.14525 -0.586888 0
      vertex -1.20728 -0.596713 0
    endloop
  endfacet
  facet normal 0 0 -1
    outer loop
      vertex 1.14525 -0.586888 0
      vertex -1.14525 -0.586888 0
      vertex 1.08459 -0.570634 0
    endloop
  endfacet
  facet normal 0 0 -1
    outer loop
      vertex 0.673286 -0.0627165 0
      vertex -0.669999 0 0
      vertex 0.669999 0 0
    endloop
  endfacet
  facet normal 0 0 -1
    outer loop
      vertex -0.673286 -0.0627165 0
      vertex 0.673286 -0.0627165 0
      vertex 0.683111 -0.124746 0
    endloop
  endfacet
  facet normal 0 0 -1
    outer loop
      vertex -0.683111 -0.124746 0
      vertex 0.683111 -0.124746 0
      vertex 0.699366 -0.18541 0
    endloop
  endfacet
  facet normal 0 0 -1
    outer loop
      vertex -0.699366 -0.18541 0
      vertex 0.699366 -0.18541 0
      vertex 0.721872 -0.244041 0
    endloop
  endfacet
  facet normal 0 0 -1
    outer loop
      vertex -0.721872 -0.244041 0
      vertex 0.721872 -0.244041 0
      vertex 0.750384 -0.299999 0
    endloop
  endfacet
  facet normal 0 0 -1
    outer loop
      vertex -0.750384 -0.299999 0
      vertex 0.750384 -0.299999 0
      vertex 0.78459 -0.352671 0
    endloop
  endfacet
  facet normal 0 0 -1
    outer loop
      vertex -0.78459 -0.352671 0
      vertex 0.78459 -0.352671 0
      vertex 0.824113 -0.401478 0
    endloop
  endfacet
  facet normal 0 0 -1
    outer loop
      vertex -0.824113 -0.401478 0
      vertex 0.824113 -0.401478 0
      vertex 0.868521 -0.445887 0
    endloop
  endfacet
  facet normal 0 0 -1
    outer loop
      vertex -0.868521 -0.445887 0
      vertex 0.868521 -0.445887 0
      vertex 0.917329 -0.48541 0
    endloop
  endfacet
  facet normal 0 0 -1
    outer loop
      vertex -0.917329 -0.48541 0
      vertex 0.917329 -0.48541 0
      vertex 0.969999 -0.519615 0
    endloop
  endfacet
  facet normal 0 -0 -1
    outer loop
      vertex -1.08459 -0.570634 0
      vertex 1.08459 -0.570634 0
      vertex -1.14525 -0.586888 0
    endloop
  endfacet
  facet normal 0 0 -1
    outer loop
      vertex 0.673286 -0.0627165 0
      vertex -0.673286 -0.0627165 0
      vertex -0.669999 0 0
    endloop
  endfacet
  facet normal 0 0 -1
    outer loop
      vertex 0.683111 -0.124746 0
      vertex -0.683111 -0.124746 0
      vertex -0.673286 -0.0627165 0
    endloop
  endfacet
  facet normal 0 0 -1
    outer loop
      vertex 0.699366 -0.18541 0
      vertex -0.699366 -0.18541 0
      vertex -0.683111 -0.124746 0
    endloop
  endfacet
  facet normal 0 0 -1
    outer loop
      vertex 0.721872 -0.244041 0
      vertex -0.721872 -0.244041 0
      vertex -0.699366 -0.18541 0
    endloop
  endfacet
  facet normal 0 0 -1
    outer loop
      vertex 0.750384 -0.299999 0
      vertex -0.750384 -0.299999 0
      vertex -0.721872 -0.244041 0
    endloop
  endfacet
  facet normal 0 0 -1
    outer loop
      vertex 0.78459 -0.352671 0
      vertex -0.78459 -0.352671 0
      vertex -0.750384 -0.299999 0
    endloop
  endfacet
  facet normal 0 0 -1
    outer loop
      vertex 0.824113 -0.401478 0
      vertex -0.824113 -0.401478 0
      vertex -0.78459 -0.352671 0
    endloop
  endfacet
  facet normal 0 0 -1
    outer loop
      vertex 0.868521 -0.445887 0
      vertex -0.868521 -0.445887 0
      vertex -0.824113 -0.401478 0
    endloop
  endfacet
  facet normal 0 0 -1
    outer loop
      vertex 0.917329 -0.48541 0
      vertex -0.917329 -0.48541 0
      vertex -0.868521 -0.445887 0
    endloop
  endfacet
  facet normal 0 0 -1
    outer loop
      vertex 0.969999 -0.519615 0
      vertex -0.969999 -0.519615 0
      vertex -0.917329 -0.48541 0
    endloop
  endfacet
  facet normal -0 0 -1
    outer loop
      vertex 0.969999 -0.519615 0
      vertex -1.02596 -0.548127 0
      vertex -0.969999 -0.519615 0
    endloop
  endfacet
  facet normal 0 0 -1
    outer loop
      vertex 1.02596 -0.548127 0
      vertex -1.02596 -0.548127 0
      vertex 0.969999 -0.519615 0
    endloop
  endfacet
  facet normal 0 -0 -1
    outer loop
      vertex -1.02596 -0.548127 0
      vertex 1.02596 -0.548127 0
      vertex -1.08459 -0.570634 0
    endloop
  endfacet
  facet normal 0 0 -1
    outer loop
      vertex 1.08459 -0.570634 0
      vertex -1.08459 -0.570634 0
      vertex 1.02596 -0.548127 0
    endloop
  endfacet
  facet normal 0 0 -1
    outer loop
      vertex -10 -6 0
      vertex -1.20728 -0.596713 0
      vertex 10 -6 0
    endloop
  endfacet
  facet normal 0 0 -1
    outer loop
      vertex -1.20728 -0.596713 0
      vertex -10 -6 0
      vertex -1.27 -0.599999 0
    endloop
  endfacet
  facet normal 0 -0 -1
    outer loop
      vertex -5.30855 -1.55303 0
      vertex -1.27 -0.599999 0
      vertex -10 -6 0
    endloop
  endfacet
  facet normal 0 -0 -1
    outer loop
      vertex -5.15 -1.47224 0
      vertex -1.27 -0.599999 0
      vertex -5.30855 -1.55303 0
    endloop
  endfacet
  facet normal -0 0 -1
    outer loop
      vertex -1.27 -0.599999 0
      vertex -5.15 -1.47224 0
      vertex -1.33272 -0.596713 0
    endloop
  endfacet
  facet normal -0 0 -1
    outer loop
      vertex -1.85689 -0.124746 0
      vertex -4.47535 -0.470378 0
      vertex -1.86671 -0.0627165 0
    endloop
  endfacet
  facet normal 0 0 -1
    outer loop
      vertex -4.47535 -0.470378 0
      vertex -1.85689 -0.124746 0
      vertex -4.44227 -0.67921 0
    endloop
  endfacet
  facet normal -0 0 -1
    outer loop
      vertex -1.84063 -0.18541 0
      vertex -4.44227 -0.67921 0
      vertex -1.85689 -0.124746 0
    endloop
  endfacet
  facet normal -0 0 -1
    outer loop
      vertex -1.81813 -0.244041 0
      vertex -4.44227 -0.67921 0
      vertex -1.84063 -0.18541 0
    endloop
  endfacet
  facet normal -0 0 -1
    outer loop
      vertex -1.78961 -0.299999 0
      vertex -4.44227 -0.67921 0
      vertex -1.81813 -0.244041 0
    endloop
  endfacet
  facet normal -0 0 -1
    outer loop
      vertex -1.75541 -0.352671 0
      vertex -4.44227 -0.67921 0
      vertex -1.78961 -0.299999 0
    endloop
  endfacet
  facet normal 0 0 -1
    outer loop
      vertex -4.44697 -0.691452 0
      vertex -1.75541 -0.352671 0
      vertex -1.71589 -0.401478 0
    endloop
  endfacet
  facet normal 0 0 -1
    outer loop
      vertex -4.52776 -0.849999 0
      vertex -1.71589 -0.401478 0
      vertex -1.67148 -0.445887 0
    endloop
  endfacet
  facet normal 0 0 -1
    outer loop
      vertex -4.52776 -0.849999 0
      vertex -1.67148 -0.445887 0
      vertex -1.62267 -0.48541 0
    endloop
  endfacet
  facet normal 0 0 -1
    outer loop
      vertex -4.62467 -0.999234 0
      vertex -1.62267 -0.48541 0
      vertex -1.57 -0.519615 0
    endloop
  endfacet
  facet normal 0 0 -1
    outer loop
      vertex -4.73665 -1.13752 0
      vertex -1.57 -0.519615 0
      vertex -1.51404 -0.548127 0
    endloop
  endfacet
  facet normal 0 -0 -1
    outer loop
      vertex -5.00076 -1.37533 0
      vertex -1.33272 -0.596713 0
      vertex -5.15 -1.47224 0
    endloop
  endfacet
  facet normal 0 0 -1
    outer loop
      vertex -1.75541 -0.352671 0
      vertex -4.44697 -0.691452 0
      vertex -4.44227 -0.67921 0
    endloop
  endfacet
  facet normal 0 0 -1
    outer loop
      vertex -1.71589 -0.401478 0
      vertex -4.52776 -0.849999 0
      vertex -4.44697 -0.691452 0
    endloop
  endfacet
  facet normal 0 0 -1
    outer loop
      vertex -1.62267 -0.48541 0
      vertex -4.62467 -0.999234 0
      vertex -4.52776 -0.849999 0
    endloop
  endfacet
  facet normal 0 0 -1
    outer loop
      vertex -1.57 -0.519615 0
      vertex -4.73665 -1.13752 0
      vertex -4.62467 -0.999234 0
    endloop
  endfacet
  facet normal 0 0 -1
    outer loop
      vertex -1.51404 -0.548127 0
      vertex -4.86248 -1.26335 0
      vertex -4.73665 -1.13752 0
    endloop
  endfacet
  facet normal -0 0 -1
    outer loop
      vertex -1.45541 -0.570634 0
      vertex -4.86248 -1.26335 0
      vertex -1.51404 -0.548127 0
    endloop
  endfacet
  facet normal 0 -0 -1
    outer loop
      vertex -4.86248 -1.26335 0
      vertex -1.45541 -0.570634 0
      vertex -5.00076 -1.37533 0
    endloop
  endfacet
  facet normal -0 0 -1
    outer loop
      vertex -1.39475 -0.586888 0
      vertex -5.00076 -1.37533 0
      vertex -1.45541 -0.570634 0
    endloop
  endfacet
  facet normal -0 0 -1
    outer loop
      vertex -1.33272 -0.596713 0
      vertex -5.00076 -1.37533 0
      vertex -1.39475 -0.586888 0
    endloop
  endfacet
  facet normal 0 0 -1
    outer loop
      vertex -5.30855 -1.55303 0
      vertex -10 -6 0
      vertex -5.47467 -1.6168 0
    endloop
  endfacet
  facet normal 0 0 -1
    outer loop
      vertex -5.47467 -1.6168 0
      vertex -10 -6 0
      vertex -5.64655 -1.66285 0
    endloop
  endfacet
  facet normal 0 0 -1
    outer loop
      vertex -5.64655 -1.66285 0
      vertex -10 -6 0
      vertex -5.8223 -1.69069 0
    endloop
  endfacet
  facet normal 0 0 -1
    outer loop
      vertex -5.8223 -1.69069 0
      vertex -10 -6 0
      vertex -6 -1.7 0
    endloop
  endfacet
  facet normal -0 0 -1
    outer loop
      vertex -6 -1.7 0
      vertex -10 -6 0
      vertex -6.1777 -1.69069 0
    endloop
  endfacet
  facet normal -0 0 -1
    outer loop
      vertex -7.69069 -0.177698 0
      vertex -10 -6 0
      vertex -7.7 0 0
    endloop
  endfacet
  facet normal -0 0 -1
    outer loop
      vertex -7.66285 -0.35345 0
      vertex -10 -6 0
      vertex -7.69069 -0.177698 0
    endloop
  endfacet
  facet normal -0 0 -1
    outer loop
      vertex -7.6168 -0.525329 0
      vertex -10 -6 0
      vertex -7.66285 -0.35345 0
    endloop
  endfacet
  facet normal -0 0 -1
    outer loop
      vertex -7.55303 -0.691452 0
      vertex -10 -6 0
      vertex -7.6168 -0.525329 0
    endloop
  endfacet
  facet normal -0 0 -1
    outer loop
      vertex -7.47224 -0.849999 0
      vertex -10 -6 0
      vertex -7.55303 -0.691452 0
    endloop
  endfacet
  facet normal -0 0 -1
    outer loop
      vertex -7.37533 -0.999234 0
      vertex -10 -6 0
      vertex -7.47224 -0.849999 0
    endloop
  endfacet
  facet normal -0 0 -1
    outer loop
      vertex -7.26335 -1.13752 0
      vertex -10 -6 0
      vertex -7.37533 -0.999234 0
    endloop
  endfacet
  facet normal -0 0 -1
    outer loop
      vertex -7.13752 -1.26335 0
      vertex -10 -6 0
      vertex -7.26335 -1.13752 0
    endloop
  endfacet
  facet normal -0 0 -1
    outer loop
      vertex -6.99923 -1.37533 0
      vertex -10 -6 0
      vertex -7.13752 -1.26335 0
    endloop
  endfacet
  facet normal -0 0 -1
    outer loop
      vertex -6.85 -1.47224 0
      vertex -10 -6 0
      vertex -6.99923 -1.37533 0
    endloop
  endfacet
  facet normal -0 0 -1
    outer loop
      vertex -6.69145 -1.55303 0
      vertex -10 -6 0
      vertex -6.85 -1.47224 0
    endloop
  endfacet
  facet normal -0 0 -1
    outer loop
      vertex -6.52533 -1.6168 0
      vertex -10 -6 0
      vertex -6.69145 -1.55303 0
    endloop
  endfacet
  facet normal -0 0 -1
    outer loop
      vertex -6.35345 -1.66285 0
      vertex -10 -6 0
      vertex -6.52533 -1.6168 0
    endloop
  endfacet
  facet normal -0 0 -1
    outer loop
      vertex -6.1777 -1.69069 0
      vertex -10 -6 0
      vertex -6.35345 -1.66285 0
    endloop
  endfacet
  facet normal 0 0 -1
    outer loop
      vertex 7.69069 0.177698 0
      vertex 10 6 0
      vertex 7.7 0 0
    endloop
  endfacet
  facet normal 0 0 -1
    outer loop
      vertex 7.66285 0.35345 0
      vertex 10 6 0
      vertex 7.69069 0.177698 0
    endloop
  endfacet
  facet normal 0 0 -1
    outer loop
      vertex 7.6168 0.525329 0
      vertex 10 6 0
      vertex 7.66285 0.35345 0
    endloop
  endfacet
  facet normal 0 0 -1
    outer loop
      vertex 7.55303 0.691452 0
      vertex 10 6 0
      vertex 7.6168 0.525329 0
    endloop
  endfacet
  facet normal 0 0 -1
    outer loop
      vertex 7.47224 0.849999 0
      vertex 10 6 0
      vertex 7.55303 0.691452 0
    endloop
  endfacet
  facet normal 0 0 -1
    outer loop
      vertex 7.37533 0.999234 0
      vertex 10 6 0
      vertex 7.47224 0.849999 0
    endloop
  endfacet
  facet normal 0 0 -1
    outer loop
      vertex 7.26335 1.13752 0
      vertex 10 6 0
      vertex 7.37533 0.999234 0
    endloop
  endfacet
  facet normal 0 0 -1
    outer loop
      vertex 7.13752 1.26335 0
      vertex 10 6 0
      vertex 7.26335 1.13752 0
    endloop
  endfacet
  facet normal 0 0 -1
    outer loop
      vertex 6.99923 1.37533 0
      vertex 10 6 0
      vertex 7.13752 1.26335 0
    endloop
  endfacet
  facet normal 0 0 -1
    outer loop
      vertex 6.85 1.47224 0
      vertex 10 6 0
      vertex 6.99923 1.37533 0
    endloop
  endfacet
  facet normal 0 0 -1
    outer loop
      vertex 6.69145 1.55303 0
      vertex 10 6 0
      vertex 6.85 1.47224 0
    endloop
  endfacet
  facet normal 0 0 -1
    outer loop
      vertex 6.52533 1.6168 0
      vertex 10 6 0
      vertex 6.69145 1.55303 0
    endloop
  endfacet
  facet normal 0 0 -1
    outer loop
      vertex 6.35345 1.66285 0
      vertex 10 6 0
      vertex 6.52533 1.6168 0
    endloop
  endfacet
  facet normal 0 0 -1
    outer loop
      vertex 6.1777 1.69069 0
      vertex 10 6 0
      vertex 6.35345 1.66285 0
    endloop
  endfacet
  facet normal 0 0 -1
    outer loop
      vertex 6 1.7 0
      vertex 10 6 0
      vertex 6.1777 1.69069 0
    endloop
  endfacet
  facet normal 0 0 -1
    outer loop
      vertex 5.8223 1.69069 0
      vertex 10 6 0
      vertex 6 1.7 0
    endloop
  endfacet
  facet normal 0 0 -1
    outer loop
      vertex 5.64655 1.66285 0
      vertex 10 6 0
      vertex 5.8223 1.69069 0
    endloop
  endfacet
  facet normal 0 0 -1
    outer loop
      vertex 5.47467 1.6168 0
      vertex 10 6 0
      vertex 5.64655 1.66285 0
    endloop
  endfacet
  facet normal 0 0 -1
    outer loop
      vertex 5.30855 1.55303 0
      vertex 10 6 0
      vertex 5.47467 1.6168 0
    endloop
  endfacet
  facet normal 0 0 -1
    outer loop
      vertex 1.27 0.599999 0
      vertex 5.30855 1.55303 0
      vertex 5.15 1.47224 0
    endloop
  endfacet
  facet normal 0 0 -1
    outer loop
      vertex 1.33272 0.596713 0
      vertex 5.15 1.47224 0
      vertex 5.00076 1.37533 0
    endloop
  endfacet
  facet normal 0 0 -1
    outer loop
      vertex 1.39475 0.586888 0
      vertex 5.00076 1.37533 0
      vertex 4.86248 1.26335 0
    endloop
  endfacet
  facet normal 0 0 -1
    outer loop
      vertex 1.85689 0.124746 0
      vertex 4.47535 0.470378 0
      vertex 1.86671 0.0627165 0
    endloop
  endfacet
  facet normal -0 0 -1
    outer loop
      vertex 4.47535 0.470378 0
      vertex 1.85689 0.124746 0
      vertex 4.44227 0.67921 0
    endloop
  endfacet
  facet normal 0 0 -1
    outer loop
      vertex 1.84063 0.18541 0
      vertex 4.44227 0.67921 0
      vertex 1.85689 0.124746 0
    endloop
  endfacet
  facet normal 0 0 -1
    outer loop
      vertex 1.81813 0.244041 0
      vertex 4.44227 0.67921 0
      vertex 1.84063 0.18541 0
    endloop
  endfacet
  facet normal 0 0 -1
    outer loop
      vertex 1.78961 0.299999 0
      vertex 4.44227 0.67921 0
      vertex 1.81813 0.244041 0
    endloop
  endfacet
  facet normal 0 0 -1
    outer loop
      vertex 1.75541 0.352671 0
      vertex 4.44227 0.67921 0
      vertex 1.78961 0.299999 0
    endloop
  endfacet
  facet normal -0 0 -1
    outer loop
      vertex 4.44227 0.67921 0
      vertex 1.75541 0.352671 0
      vertex 4.44697 0.691452 0
    endloop
  endfacet
  facet normal 0 0 -1
    outer loop
      vertex 1.71589 0.401478 0
      vertex 4.44697 0.691452 0
      vertex 1.75541 0.352671 0
    endloop
  endfacet
  facet normal -0 0 -1
    outer loop
      vertex 4.44697 0.691452 0
      vertex 1.71589 0.401478 0
      vertex 4.52776 0.849999 0
    endloop
  endfacet
  facet normal 0 0 -1
    outer loop
      vertex 1.67148 0.445887 0
      vertex 4.52776 0.849999 0
      vertex 1.71589 0.401478 0
    endloop
  endfacet
  facet normal -0 0 -1
    outer loop
      vertex 4.52776 0.849999 0
      vertex 1.67148 0.445887 0
      vertex 4.62467 0.999234 0
    endloop
  endfacet
  facet normal 0 0 -1
    outer loop
      vertex 1.62267 0.48541 0
      vertex 4.62467 0.999234 0
      vertex 1.67148 0.445887 0
    endloop
  endfacet
  facet normal 0 0 -1
    outer loop
      vertex 1.57 0.519615 0
      vertex 4.62467 0.999234 0
      vertex 1.62267 0.48541 0
    endloop
  endfacet
  facet normal -0 0 -1
    outer loop
      vertex 4.62467 0.999234 0
      vertex 1.57 0.519615 0
      vertex 4.73665 1.13752 0
    endloop
  endfacet
  facet normal 0 0 -1
    outer loop
      vertex 1.51404 0.548127 0
      vertex 4.73665 1.13752 0
      vertex 1.57 0.519615 0
    endloop
  endfacet
  facet normal -0 0 -1
    outer loop
      vertex 4.73665 1.13752 0
      vertex 1.51404 0.548127 0
      vertex 4.86248 1.26335 0
    endloop
  endfacet
  facet normal 0 0 -1
    outer loop
      vertex 1.45541 0.570634 0
      vertex 4.86248 1.26335 0
      vertex 1.51404 0.548127 0
    endloop
  endfacet
  facet normal 0 0 -1
    outer loop
      vertex 1.39475 0.586888 0
      vertex 4.86248 1.26335 0
      vertex 1.45541 0.570634 0
    endloop
  endfacet
  facet normal 0 0 -1
    outer loop
      vertex 5.00076 1.37533 0
      vertex 1.39475 0.586888 0
      vertex 1.33272 0.596713 0
    endloop
  endfacet
  facet normal 0 0 -1
    outer loop
      vertex 5.15 1.47224 0
      vertex 1.33272 0.596713 0
      vertex 1.27 0.599999 0
    endloop
  endfacet
  facet normal -0 0 -1
    outer loop
      vertex 5.30855 1.55303 0
      vertex 1.27 0.599999 0
      vertex 10 6 0
    endloop
  endfacet
  facet normal 0 0 -1
    outer loop
      vertex 1.20728 0.596713 0
      vertex 10 6 0
      vertex 1.27 0.599999 0
    endloop
  endfacet
  facet normal 0 0 -1
    outer loop
      vertex -1.20728 0.596713 0
      vertex 1.20728 0.596713 0
      vertex 1.14525 0.586888 0
    endloop
  endfacet
  facet normal 0 0 -1
    outer loop
      vertex -1.14525 0.586888 0
      vertex 1.14525 0.586888 0
      vertex 1.08459 0.570634 0
    endloop
  endfacet
  facet normal 0 0 -1
    outer loop
      vertex -1.08459 0.570634 0
      vertex 1.08459 0.570634 0
      vertex 1.02596 0.548127 0
    endloop
  endfacet
  facet normal 0 0 -1
    outer loop
      vertex -1.02596 0.548127 0
      vertex 1.02596 0.548127 0
      vertex 0.969999 0.519615 0
    endloop
  endfacet
  facet normal 0 0 -1
    outer loop
      vertex -0.669999 0 0
      vertex 0.673286 0.0627165 0
      vertex 0.669999 0 0
    endloop
  endfacet
  facet normal 0 0 -1
    outer loop
      vertex -0.673286 0.0627165 0
      vertex 0.673286 0.0627165 0
      vertex -0.669999 0 0
    endloop
  endfacet
  facet normal 0 0 -1
    outer loop
      vertex 0.673286 0.0627165 0
      vertex -0.673286 0.0627165 0
      vertex 0.683111 0.124746 0
    endloop
  endfacet
  facet normal 0 0 -1
    outer loop
      vertex -0.683111 0.124746 0
      vertex 0.683111 0.124746 0
      vertex -0.673286 0.0627165 0
    endloop
  endfacet
  facet normal 0 0 -1
    outer loop
      vertex 0.683111 0.124746 0
      vertex -0.683111 0.124746 0
      vertex 0.699366 0.18541 0
    endloop
  endfacet
  facet normal 0 0 -1
    outer loop
      vertex -0.699366 0.18541 0
      vertex 0.699366 0.18541 0
      vertex -0.683111 0.124746 0
    endloop
  endfacet
  facet normal 0 0 -1
    outer loop
      vertex 0.699366 0.18541 0
      vertex -0.699366 0.18541 0
      vertex 0.721872 0.244041 0
    endloop
  endfacet
  facet normal 0 0 -1
    outer loop
      vertex -0.721872 0.244041 0
      vertex 0.721872 0.244041 0
      vertex -0.699366 0.18541 0
    endloop
  endfacet
  facet normal 0 0 -1
    outer loop
      vertex 0.721872 0.244041 0
      vertex -0.721872 0.244041 0
      vertex 0.750384 0.299999 0
    endloop
  endfacet
  facet normal 0 0 -1
    outer loop
      vertex -0.750384 0.299999 0
      vertex 0.750384 0.299999 0
      vertex -0.721872 0.244041 0
    endloop
  endfacet
  facet normal 0 0 -1
    outer loop
      vertex 0.750384 0.299999 0
      vertex -0.750384 0.299999 0
      vertex 0.78459 0.352671 0
    endloop
  endfacet
  facet normal 0 0 -1
    outer loop
      vertex -0.78459 0.352671 0
      vertex 0.78459 0.352671 0
      vertex -0.750384 0.299999 0
    endloop
  endfacet
  facet normal 0 0 -1
    outer loop
      vertex 0.78459 0.352671 0
      vertex -0.78459 0.352671 0
      vertex 0.824113 0.401478 0
    endloop
  endfacet
  facet normal 0 0 -1
    outer loop
      vertex -0.824113 0.401478 0
      vertex 0.824113 0.401478 0
      vertex -0.78459 0.352671 0
    endloop
  endfacet
  facet normal 0 0 -1
    outer loop
      vertex 0.824113 0.401478 0
      vertex -0.824113 0.401478 0
      vertex 0.868521 0.445887 0
    endloop
  endfacet
  facet normal 0 0 -1
    outer loop
      vertex -0.868521 0.445887 0
      vertex 0.868521 0.445887 0
      vertex -0.824113 0.401478 0
    endloop
  endfacet
  facet normal 0 0 -1
    outer loop
      vertex 0.868521 0.445887 0
      vertex -0.868521 0.445887 0
      vertex 0.917329 0.48541 0
    endloop
  endfacet
  facet normal 0 0 -1
    outer loop
      vertex -0.917329 0.48541 0
      vertex 0.917329 0.48541 0
      vertex -0.868521 0.445887 0
    endloop
  endfacet
  facet normal 0 0 -1
    outer loop
      vertex 0.917329 0.48541 0
      vertex -0.917329 0.48541 0
      vertex 0.969999 0.519615 0
    endloop
  endfacet
  facet normal 0 0 -1
    outer loop
      vertex -0.969999 0.519615 0
      vertex 0.969999 0.519615 0
      vertex -0.917329 0.48541 0
    endloop
  endfacet
  facet normal 0 0 -1
    outer loop
      vertex -1.02596 0.548127 0
      vertex 0.969999 0.519615 0
      vertex -0.969999 0.519615 0
    endloop
  endfacet
  facet normal 0 0 -1
    outer loop
      vertex 1.02596 0.548127 0
      vertex -1.02596 0.548127 0
      vertex -1.08459 0.570634 0
    endloop
  endfacet
  facet normal 0 0 -1
    outer loop
      vertex 1.08459 0.570634 0
      vertex -1.08459 0.570634 0
      vertex -1.14525 0.586888 0
    endloop
  endfacet
  facet normal 0 0 -1
    outer loop
      vertex 1.14525 0.586888 0
      vertex -1.14525 0.586888 0
      vertex -1.20728 0.596713 0
    endloop
  endfacet
  facet normal 0 0 -1
    outer loop
      vertex 1.20728 0.596713 0
      vertex -1.20728 0.596713 0
      vertex 10 6 0
    endloop
  endfacet
  facet normal 0 0 -1
    outer loop
      vertex -10 6 0
      vertex -1.20728 0.596713 0
      vertex -1.27 0.599999 0
    endloop
  endfacet
  facet normal 0 0 -1
    outer loop
      vertex -5.15 1.47224 0
      vertex -1.27 0.599999 0
      vertex -1.33272 0.596713 0
    endloop
  endfacet
  facet normal 0 0 -1
    outer loop
      vertex -5.00076 1.37533 0
      vertex -1.33272 0.596713 0
      vertex -1.39475 0.586888 0
    endloop
  endfacet
  facet normal 0 0 -1
    outer loop
      vertex -5.00076 1.37533 0
      vertex -1.39475 0.586888 0
      vertex -1.45541 0.570634 0
    endloop
  endfacet
  facet normal 0 0 -1
    outer loop
      vertex -4.86248 1.26335 0
      vertex -1.45541 0.570634 0
      vertex -1.51404 0.548127 0
    endloop
  endfacet
  facet normal 0 0 -1
    outer loop
      vertex -4.5 0 0
      vertex -1.86671 -0.0627165 0
      vertex -4.47535 -0.470378 0
    endloop
  endfacet
  facet normal 0 0 -1
    outer loop
      vertex -1.87 0 0
      vertex -4.44227 0.67921 0
      vertex -1.86671 0.0627165 0
    endloop
  endfacet
  facet normal 0 0 -1
    outer loop
      vertex -1.86671 0.0627165 0
      vertex -4.44227 0.67921 0
      vertex -1.85689 0.124746 0
    endloop
  endfacet
  facet normal 0 0 -1
    outer loop
      vertex -1.85689 0.124746 0
      vertex -4.44227 0.67921 0
      vertex -1.84063 0.18541 0
    endloop
  endfacet
  facet normal 0 0 -1
    outer loop
      vertex -1.84063 0.18541 0
      vertex -4.44227 0.67921 0
      vertex -1.81813 0.244041 0
    endloop
  endfacet
  facet normal 0 0 -1
    outer loop
      vertex -1.81813 0.244041 0
      vertex -4.44227 0.67921 0
      vertex -1.78961 0.299999 0
    endloop
  endfacet
  facet normal 0 0 -1
    outer loop
      vertex -1.78961 0.299999 0
      vertex -4.44227 0.67921 0
      vertex -1.75541 0.352671 0
    endloop
  endfacet
  facet normal 0 0 -1
    outer loop
      vertex -4.44697 0.691452 0
      vertex -1.75541 0.352671 0
      vertex -4.44227 0.67921 0
    endloop
  endfacet
  facet normal 0 0 -1
    outer loop
      vertex -1.75541 0.352671 0
      vertex -4.44697 0.691452 0
      vertex -1.71589 0.401478 0
    endloop
  endfacet
  facet normal 0 0 -1
    outer loop
      vertex -4.52776 0.849999 0
      vertex -1.71589 0.401478 0
      vertex -4.44697 0.691452 0
    endloop
  endfacet
  facet normal 0 0 -1
    outer loop
      vertex -1.71589 0.401478 0
      vertex -4.52776 0.849999 0
      vertex -1.67148 0.445887 0
    endloop
  endfacet
  facet normal 0 0 -1
    outer loop
      vertex -1.67148 0.445887 0
      vertex -4.52776 0.849999 0
      vertex -1.62267 0.48541 0
    endloop
  endfacet
  facet normal 0 0 -1
    outer loop
      vertex -4.62467 0.999234 0
      vertex -1.62267 0.48541 0
      vertex -4.52776 0.849999 0
    endloop
  endfacet
  facet normal 0 0 -1
    outer loop
      vertex -1.62267 0.48541 0
      vertex -4.62467 0.999234 0
      vertex -1.57 0.519615 0
    endloop
  endfacet
  facet normal 0 0 -1
    outer loop
      vertex -4.73665 1.13752 0
      vertex -1.57 0.519615 0
      vertex -4.62467 0.999234 0
    endloop
  endfacet
  facet normal 0 0 -1
    outer loop
      vertex -1.57 0.519615 0
      vertex -4.73665 1.13752 0
      vertex -1.51404 0.548127 0
    endloop
  endfacet
  facet normal 0 0 -1
    outer loop
      vertex -4.86248 1.26335 0
      vertex -1.51404 0.548127 0
      vertex -4.73665 1.13752 0
    endloop
  endfacet
  facet normal 0 0 -1
    outer loop
      vertex -1.45541 0.570634 0
      vertex -4.86248 1.26335 0
      vertex -5.00076 1.37533 0
    endloop
  endfacet
  facet normal 0 0 -1
    outer loop
      vertex -1.33272 0.596713 0
      vertex -5.00076 1.37533 0
      vertex -5.15 1.47224 0
    endloop
  endfacet
  facet normal 0 0 -1
    outer loop
      vertex -1.27 0.599999 0
      vertex -5.15 1.47224 0
      vertex -5.30855 1.55303 0
    endloop
  endfacet
  facet normal 0 0 -1
    outer loop
      vertex -1.27 0.599999 0
      vertex -5.30855 1.55303 0
      vertex -10 6 0
    endloop
  endfacet
  facet normal 0 0 -1
    outer loop
      vertex -10 6 0
      vertex -5.30855 1.55303 0
      vertex -5.47467 1.6168 0
    endloop
  endfacet
  facet normal 0 0 -1
    outer loop
      vertex -10 6 0
      vertex -5.47467 1.6168 0
      vertex -5.64655 1.66285 0
    endloop
  endfacet
  facet normal 0 0 -1
    outer loop
      vertex -10 6 0
      vertex -5.64655 1.66285 0
      vertex -5.8223 1.69069 0
    endloop
  endfacet
  facet normal 0 0 -1
    outer loop
      vertex -10 6 0
      vertex -5.8223 1.69069 0
      vertex -6 1.7 0
    endloop
  endfacet
  facet normal 0 0 -1
    outer loop
      vertex -10 6 0
      vertex -6 1.7 0
      vertex -6.1777 1.69069 0
    endloop
  endfacet
  facet normal 0 0 -1
    outer loop
      vertex -10 6 0
      vertex -6.1777 1.69069 0
      vertex -6.35345 1.66285 0
    endloop
  endfacet
  facet normal 0 0 -1
    outer loop
      vertex -10 6 0
      vertex -7.7 0 0
      vertex -10 -6 0
    endloop
  endfacet
  facet normal 0 0 -1
    outer loop
      vertex -7.7 0 0
      vertex -10 6 0
      vertex -7.69069 0.177698 0
    endloop
  endfacet
  facet normal 0 0 -1
    outer loop
      vertex -7.69069 0.177698 0
      vertex -10 6 0
      vertex -7.66285 0.35345 0
    endloop
  endfacet
  facet normal 0 0 -1
    outer loop
      vertex -1.20728 0.596713 0
      vertex -10 6 0
      vertex 10 6 0
    endloop
  endfacet
  facet normal 0 0 -1
    outer loop
      vertex -6.52533 1.6168 0
      vertex -10 6 0
      vertex -6.35345 1.66285 0
    endloop
  endfacet
  facet normal 0 0 -1
    outer loop
      vertex -6.69145 1.55303 0
      vertex -10 6 0
      vertex -6.52533 1.6168 0
    endloop
  endfacet
  facet normal 0 0 -1
    outer loop
      vertex -6.85 1.47224 0
      vertex -10 6 0
      vertex -6.69145 1.55303 0
    endloop
  endfacet
  facet normal 0 0 -1
    outer loop
      vertex -6.99923 1.37533 0
      vertex -10 6 0
      vertex -6.85 1.47224 0
    endloop
  endfacet
  facet normal 0 0 -1
    outer loop
      vertex -7.13752 1.26335 0
      vertex -10 6 0
      vertex -6.99923 1.37533 0
    endloop
  endfacet
  facet normal 0 0 -1
    outer loop
      vertex -7.26335 1.13752 0
      vertex -10 6 0
      vertex -7.13752 1.26335 0
    endloop
  endfacet
  facet normal 0 0 -1
    outer loop
      vertex -7.37533 0.999234 0
      vertex -10 6 0
      vertex -7.26335 1.13752 0
    endloop
  endfacet
  facet normal 0 0 -1
    outer loop
      vertex -7.47224 0.849999 0
      vertex -10 6 0
      vertex -7.37533 0.999234 0
    endloop
  endfacet
  facet normal 0 0 -1
    outer loop
      vertex -7.55303 0.691452 0
      vertex -10 6 0
      vertex -7.47224 0.849999 0
    endloop
  endfacet
  facet normal 0 0 -1
    outer loop
      vertex -7.6168 0.525329 0
      vertex -10 6 0
      vertex -7.55303 0.691452 0
    endloop
  endfacet
  facet normal 0 0 -1
    outer loop
      vertex -7.66285 0.35345 0
      vertex -10 6 0
      vertex -7.6168 0.525329 0
    endloop
  endfacet
  facet normal 0 0 -1
    outer loop
      vertex 1.85689 -0.124746 0
      vertex 4.47535 -0.470378 0
      vertex 4.44227 -0.67921 0
    endloop
  endfacet
  facet normal 0 0 -1
    outer loop
      vertex 4.47535 -0.470378 0
      vertex 1.87 0 0
      vertex 4.5 0 0
    endloop
  endfacet
  facet normal 0 0 -1
    outer loop
      vertex 1.86671 0.0627165 0
      vertex 4.5 0 0
      vertex 1.87 0 0
    endloop
  endfacet
  facet normal -1 0 0
    outer loop
      vertex -10 -6 0
      vertex -10 6 3
      vertex -10 6 0
    endloop
  endfacet
  facet normal -1 -0 0
    outer loop
      vertex -10 6 3
      vertex -10 -6 0
      vertex -10 -6 3
    endloop
  endfacet
  facet normal 0 1 -0
    outer loop
      vertex 10 6 0
      vertex -10 6 3
      vertex 10 6 3
    endloop
  endfacet
  facet normal 0 1 0
    outer loop
      vertex -10 6 3
      vertex 10 6 0
      vertex -10 6 0
    endloop
  endfacet
  facet normal 0 -1 0
    outer loop
      vertex -10 -6 0
      vertex 10 -6 3
      vertex -10 -6 3
    endloop
  endfacet
  facet normal 0 -1 -0
    outer loop
      vertex 10 -6 3
      vertex -10 -6 0
      vertex 10 -6 0
    endloop
  endfacet
  facet normal 0.987687 0.15644 0
    outer loop
      vertex 4.40166 0.935602 17
      vertex 4.44227 0.67921 3
      vertex 4.40166 0.935602 3
    endloop
  endfacet
  facet normal 0.987686 0.156446 -1.18259e-07
    outer loop
      vertex 4.47535 0.470378 17
      vertex 4.44227 0.67921 3
      vertex 4.40166 0.935602 17
    endloop
  endfacet
  facet normal 0.987685 0.156454 -0
    outer loop
      vertex 4.47535 0.470378 0
      vertex 4.44227 0.67921 3
      vertex 4.47535 0.470378 17
    endloop
  endfacet
  facet normal 0.987685 0.156454 0
    outer loop
      vertex 4.44227 0.67921 3
      vertex 4.47535 0.470378 0
      vertex 4.44227 0.67921 0
    endloop
  endfacet
  facet normal 0.99863 0.0523329 0
    outer loop
      vertex 4.5 0 17
      vertex 4.47535 0.470378 0
      vertex 4.47535 0.470378 17
    endloop
  endfacet
  facet normal 0.99863 0.0523329 0
    outer loop
      vertex 4.47535 0.470378 0
      vertex 4.5 0 17
      vertex 4.5 0 0
    endloop
  endfacet
  facet normal 0.358374 -0.933578 0
    outer loop
      vertex 1.39058 -4.27975 3
      vertex 1.83031 -4.11095 17
      vertex 1.39058 -4.27975 17
    endloop
  endfacet
  facet normal 0.358374 -0.933578 0
    outer loop
      vertex 1.83031 -4.11095 17
      vertex 1.39058 -4.27975 3
      vertex 1.83031 -4.11095 3
    endloop
  endfacet
  facet normal 0.629321 -0.777145 0
    outer loop
      vertex 2.64503 -3.64058 3
      vertex 3.01109 -3.34415 17
      vertex 2.64503 -3.64058 17
    endloop
  endfacet
  facet normal 0.629321 -0.777145 0
    outer loop
      vertex 3.01109 -3.34415 17
      vertex 2.64503 -3.64058 3
      vertex 3.01109 -3.34415 3
    endloop
  endfacet
  facet normal 0.987685 -0.156454 0
    outer loop
      vertex 4.47535 -0.470378 17
      vertex 4.44227 -0.67921 3
      vertex 4.47535 -0.470378 0
    endloop
  endfacet
  facet normal 0.987686 -0.156446 -1.18259e-07
    outer loop
      vertex 4.40166 -0.935602 17
      vertex 4.44227 -0.67921 3
      vertex 4.47535 -0.470378 17
    endloop
  endfacet
  facet normal 0.987687 -0.15644 0
    outer loop
      vertex 4.44227 -0.67921 3
      vertex 4.40166 -0.935602 17
      vertex 4.40166 -0.935602 3
    endloop
  endfacet
  facet normal 0.987685 -0.156454 0
    outer loop
      vertex 4.47535 -0.470378 0
      vertex 4.44227 -0.67921 3
      vertex 4.44227 -0.67921 0
    endloop
  endfacet
  facet normal -0.358374 0.933578 0
    outer loop
      vertex -1.39058 4.27975 3
      vertex -1.83031 4.11095 17
      vertex -1.39058 4.27975 17
    endloop
  endfacet
  facet normal -0.358374 0.933578 0
    outer loop
      vertex -1.83031 4.11095 17
      vertex -1.39058 4.27975 3
      vertex -1.83031 4.11095 3
    endloop
  endfacet
  facet normal 0.156446 0.987686 -0
    outer loop
      vertex 0.935602 4.40166 3
      vertex 0.470378 4.47535 17
      vertex 0.935602 4.40166 17
    endloop
  endfacet
  facet normal 0.156446 0.987686 0
    outer loop
      vertex 0.470378 4.47535 17
      vertex 0.935602 4.40166 3
      vertex 0.470378 4.47535 3
    endloop
  endfacet
  facet normal 0.258817 -0.965926 0
    outer loop
      vertex 0.935602 -4.40166 3
      vertex 1.39058 -4.27975 17
      vertex 0.935602 -4.40166 17
    endloop
  endfacet
  facet normal 0.258817 -0.965926 0
    outer loop
      vertex 1.39058 -4.27975 17
      vertex 0.935602 -4.40166 3
      vertex 1.39058 -4.27975 3
    endloop
  endfacet
  facet normal 0.99863 -0.0523329 0
    outer loop
      vertex 4.47535 -0.470378 17
      vertex 4.5 0 0
      vertex 4.5 0 17
    endloop
  endfacet
  facet normal 0.99863 -0.0523329 0
    outer loop
      vertex 4.5 0 0
      vertex 4.47535 -0.470378 17
      vertex 4.47535 -0.470378 0
    endloop
  endfacet
  facet normal -0.987685 -0.156454 -0
    outer loop
      vertex -4.44227 -0.67921 3
      vertex -4.47535 -0.470378 0
      vertex -4.44227 -0.67921 0
    endloop
  endfacet
  facet normal -0.987685 -0.156454 0
    outer loop
      vertex -4.47535 -0.470378 0
      vertex -4.44227 -0.67921 3
      vertex -4.47535 -0.470378 17
    endloop
  endfacet
  facet normal -0.987687 -0.15644 -0
    outer loop
      vertex -4.40166 -0.935602 17
      vertex -4.44227 -0.67921 3
      vertex -4.40166 -0.935602 3
    endloop
  endfacet
  facet normal -0.987686 -0.156446 -1.18259e-07
    outer loop
      vertex -4.44227 -0.67921 3
      vertex -4.40166 -0.935602 17
      vertex -4.47535 -0.470378 17
    endloop
  endfacet
  facet normal -0.156446 -0.987686 0
    outer loop
      vertex -0.935602 -4.40166 3
      vertex -0.470378 -4.47535 17
      vertex -0.935602 -4.40166 17
    endloop
  endfacet
  facet normal -0.156446 -0.987686 -0
    outer loop
      vertex -0.470378 -4.47535 17
      vertex -0.935602 -4.40166 3
      vertex -0.470378 -4.47535 3
    endloop
  endfacet
  facet normal 0.258817 0.965926 -0
    outer loop
      vertex 1.39058 4.27975 3
      vertex 0.935602 4.40166 17
      vertex 1.39058 4.27975 17
    endloop
  endfacet
  facet normal 0.258817 0.965926 0
    outer loop
      vertex 0.935602 4.40166 17
      vertex 1.39058 4.27975 3
      vertex 0.935602 4.40166 3
    endloop
  endfacet
  facet normal -0.544631 0.838676 0
    outer loop
      vertex -2.25 3.89711 3
      vertex -2.64503 3.64058 17
      vertex -2.25 3.89711 17
    endloop
  endfacet
  facet normal -0.544631 0.838676 0
    outer loop
      vertex -2.64503 3.64058 17
      vertex -2.25 3.89711 3
      vertex -2.64503 3.64058 3
    endloop
  endfacet
  facet normal -0.891009 0.453986 0
    outer loop
      vertex -4.11095 1.83031 3
      vertex -3.89711 2.25 17
      vertex -3.89711 2.25 3
    endloop
  endfacet
  facet normal -0.891009 0.453986 0
    outer loop
      vertex -3.89711 2.25 17
      vertex -4.11095 1.83031 3
      vertex -4.11095 1.83031 17
    endloop
  endfacet
  facet normal -0.453986 0.891009 0
    outer loop
      vertex -1.83031 4.11095 3
      vertex -2.25 3.89711 17
      vertex -1.83031 4.11095 17
    endloop
  endfacet
  facet normal -0.453986 0.891009 0
    outer loop
      vertex -2.25 3.89711 17
      vertex -1.83031 4.11095 3
      vertex -2.25 3.89711 3
    endloop
  endfacet
  facet normal -0.933578 -0.358374 0
    outer loop
      vertex -4.11095 -1.83031 3
      vertex -4.27975 -1.39058 17
      vertex -4.27975 -1.39058 3
    endloop
  endfacet
  facet normal -0.933578 -0.358374 0
    outer loop
      vertex -4.27975 -1.39058 17
      vertex -4.11095 -1.83031 3
      vertex -4.11095 -1.83031 17
    endloop
  endfacet
  facet normal 0.544631 -0.838676 0
    outer loop
      vertex 2.25 -3.89711 3
      vertex 2.64503 -3.64058 17
      vertex 2.25 -3.89711 17
    endloop
  endfacet
  facet normal 0.544631 -0.838676 0
    outer loop
      vertex 2.64503 -3.64058 17
      vertex 2.25 -3.89711 3
      vertex 2.64503 -3.64058 3
    endloop
  endfacet
  facet normal 0.965926 -0.258817 0
    outer loop
      vertex 4.27975 -1.39058 17
      vertex 4.40166 -0.935602 3
      vertex 4.40166 -0.935602 17
    endloop
  endfacet
  facet normal 0.965926 -0.258817 0
    outer loop
      vertex 4.40166 -0.935602 3
      vertex 4.27975 -1.39058 17
      vertex 4.27975 -1.39058 3
    endloop
  endfacet
  facet normal 0.629321 0.777145 -0
    outer loop
      vertex 3.01109 3.34415 3
      vertex 2.64503 3.64058 17
      vertex 3.01109 3.34415 17
    endloop
  endfacet
  facet normal 0.629321 0.777145 0
    outer loop
      vertex 2.64503 3.64058 17
      vertex 3.01109 3.34415 3
      vertex 2.64503 3.64058 3
    endloop
  endfacet
  facet normal -0.258817 -0.965926 0
    outer loop
      vertex -1.39058 -4.27975 3
      vertex -0.935602 -4.40166 17
      vertex -1.39058 -4.27975 17
    endloop
  endfacet
  facet normal -0.258817 -0.965926 -0
    outer loop
      vertex -0.935602 -4.40166 17
      vertex -1.39058 -4.27975 3
      vertex -0.935602 -4.40166 3
    endloop
  endfacet
  facet normal 0.838676 0.544631 0
    outer loop
      vertex 3.89711 2.25 17
      vertex 3.64058 2.64503 3
      vertex 3.64058 2.64503 17
    endloop
  endfacet
  facet normal 0.838676 0.544631 0
    outer loop
      vertex 3.64058 2.64503 3
      vertex 3.89711 2.25 17
      vertex 3.89711 2.25 3
    endloop
  endfacet
  facet normal 0.453986 0.891009 -0
    outer loop
      vertex 2.25 3.89711 3
      vertex 1.83031 4.11095 17
      vertex 2.25 3.89711 17
    endloop
  endfacet
  facet normal 0.453986 0.891009 0
    outer loop
      vertex 1.83031 4.11095 17
      vertex 2.25 3.89711 3
      vertex 1.83031 4.11095 3
    endloop
  endfacet
  facet normal 0.777145 0.629321 0
    outer loop
      vertex 3.64058 2.64503 17
      vertex 3.34415 3.01109 3
      vertex 3.34415 3.01109 17
    endloop
  endfacet
  facet normal 0.777145 0.629321 0
    outer loop
      vertex 3.34415 3.01109 3
      vertex 3.64058 2.64503 17
      vertex 3.64058 2.64503 3
    endloop
  endfacet
  facet normal -0.838676 -0.544631 0
    outer loop
      vertex -3.64058 -2.64503 3
      vertex -3.89711 -2.25 17
      vertex -3.89711 -2.25 3
    endloop
  endfacet
  facet normal -0.838676 -0.544631 0
    outer loop
      vertex -3.89711 -2.25 17
      vertex -3.64058 -2.64503 3
      vertex -3.64058 -2.64503 17
    endloop
  endfacet
  facet normal -0.987685 0.156454 0
    outer loop
      vertex -4.44227 0.67921 0
      vertex -4.47535 0.470378 0
      vertex -4.44227 0.67921 3
    endloop
  endfacet
  facet normal -0.987687 0.15644 0
    outer loop
      vertex -4.44227 0.67921 3
      vertex -4.40166 0.935602 17
      vertex -4.40166 0.935602 3
    endloop
  endfacet
  facet normal -0.987685 0.156454 0
    outer loop
      vertex -4.47535 0.470378 17
      vertex -4.44227 0.67921 3
      vertex -4.47535 0.470378 0
    endloop
  endfacet
  facet normal -0.987686 0.156446 -1.18259e-07
    outer loop
      vertex -4.44227 0.67921 3
      vertex -4.47535 0.470378 17
      vertex -4.40166 0.935602 17
    endloop
  endfacet
  facet normal 0.707107 -0.707107 0
    outer loop
      vertex 3.01109 -3.34415 17
      vertex 3.34415 -3.01109 3
      vertex 3.34415 -3.01109 17
    endloop
  endfacet
  facet normal 0.707107 -0.707107 0
    outer loop
      vertex 3.34415 -3.01109 3
      vertex 3.01109 -3.34415 17
      vertex 3.01109 -3.34415 3
    endloop
  endfacet
  facet normal -0.838676 0.544631 0
    outer loop
      vertex -3.89711 2.25 3
      vertex -3.64058 2.64503 17
      vertex -3.64058 2.64503 3
    endloop
  endfacet
  facet normal -0.838676 0.544631 0
    outer loop
      vertex -3.64058 2.64503 17
      vertex -3.89711 2.25 3
      vertex -3.89711 2.25 17
    endloop
  endfacet
  facet normal -0.707107 -0.707107 0
    outer loop
      vertex -3.01109 -3.34415 3
      vertex -3.34415 -3.01109 17
      vertex -3.34415 -3.01109 3
    endloop
  endfacet
  facet normal -0.707107 -0.707107 0
    outer loop
      vertex -3.34415 -3.01109 17
      vertex -3.01109 -3.34415 3
      vertex -3.01109 -3.34415 17
    endloop
  endfacet
  facet normal 0.544631 0.838676 -0
    outer loop
      vertex 2.64503 3.64058 3
      vertex 2.25 3.89711 17
      vertex 2.64503 3.64058 17
    endloop
  endfacet
  facet normal 0.544631 0.838676 0
    outer loop
      vertex 2.25 3.89711 17
      vertex 2.64503 3.64058 3
      vertex 2.25 3.89711 3
    endloop
  endfacet
  facet normal 0.0523329 -0.99863 0
    outer loop
      vertex 0 -4.5 3
      vertex 0.470378 -4.47535 17
      vertex 0 -4.5 17
    endloop
  endfacet
  facet normal 0.0523329 -0.99863 0
    outer loop
      vertex 0.470378 -4.47535 17
      vertex 0 -4.5 3
      vertex 0.470378 -4.47535 3
    endloop
  endfacet
  facet normal 0.891009 0.453986 0
    outer loop
      vertex 4.11095 1.83031 17
      vertex 3.89711 2.25 3
      vertex 3.89711 2.25 17
    endloop
  endfacet
  facet normal 0.891009 0.453986 0
    outer loop
      vertex 3.89711 2.25 3
      vertex 4.11095 1.83031 17
      vertex 4.11095 1.83031 3
    endloop
  endfacet
  facet normal -0.965926 -0.258817 0
    outer loop
      vertex -4.27975 -1.39058 3
      vertex -4.40166 -0.935602 17
      vertex -4.40166 -0.935602 3
    endloop
  endfacet
  facet normal -0.965926 -0.258817 0
    outer loop
      vertex -4.40166 -0.935602 17
      vertex -4.27975 -1.39058 3
      vertex -4.27975 -1.39058 17
    endloop
  endfacet
  facet normal 0.707107 0.707107 0
    outer loop
      vertex 3.34415 3.01109 17
      vertex 3.01109 3.34415 3
      vertex 3.01109 3.34415 17
    endloop
  endfacet
  facet normal 0.707107 0.707107 0
    outer loop
      vertex 3.01109 3.34415 3
      vertex 3.34415 3.01109 17
      vertex 3.34415 3.01109 3
    endloop
  endfacet
  facet normal -0.707107 0.707107 0
    outer loop
      vertex -3.34415 3.01109 3
      vertex -3.01109 3.34415 17
      vertex -3.01109 3.34415 3
    endloop
  endfacet
  facet normal -0.707107 0.707107 0
    outer loop
      vertex -3.01109 3.34415 17
      vertex -3.34415 3.01109 3
      vertex -3.34415 3.01109 17
    endloop
  endfacet
  facet normal -0.891009 -0.453986 0
    outer loop
      vertex -3.89711 -2.25 3
      vertex -4.11095 -1.83031 17
      vertex -4.11095 -1.83031 3
    endloop
  endfacet
  facet normal -0.891009 -0.453986 0
    outer loop
      vertex -4.11095 -1.83031 17
      vertex -3.89711 -2.25 3
      vertex -3.89711 -2.25 17
    endloop
  endfacet
  facet normal 0.777145 -0.629321 0
    outer loop
      vertex 3.34415 -3.01109 17
      vertex 3.64058 -2.64503 3
      vertex 3.64058 -2.64503 17
    endloop
  endfacet
  facet normal 0.777145 -0.629321 0
    outer loop
      vertex 3.64058 -2.64503 3
      vertex 3.34415 -3.01109 17
      vertex 3.34415 -3.01109 3
    endloop
  endfacet
  facet normal 0.453986 -0.891009 0
    outer loop
      vertex 1.83031 -4.11095 3
      vertex 2.25 -3.89711 17
      vertex 1.83031 -4.11095 17
    endloop
  endfacet
  facet normal 0.453986 -0.891009 0
    outer loop
      vertex 2.25 -3.89711 17
      vertex 1.83031 -4.11095 3
      vertex 2.25 -3.89711 3
    endloop
  endfacet
  facet normal 0.358374 0.933578 -0
    outer loop
      vertex 1.83031 4.11095 3
      vertex 1.39058 4.27975 17
      vertex 1.83031 4.11095 17
    endloop
  endfacet
  facet normal 0.358374 0.933578 0
    outer loop
      vertex 1.39058 4.27975 17
      vertex 1.83031 4.11095 3
      vertex 1.39058 4.27975 3
    endloop
  endfacet
  facet normal 0.891009 -0.453986 0
    outer loop
      vertex 3.89711 -2.25 17
      vertex 4.11095 -1.83031 3
      vertex 4.11095 -1.83031 17
    endloop
  endfacet
  facet normal 0.891009 -0.453986 0
    outer loop
      vertex 4.11095 -1.83031 3
      vertex 3.89711 -2.25 17
      vertex 3.89711 -2.25 3
    endloop
  endfacet
  facet normal 0.838676 -0.544631 0
    outer loop
      vertex 3.64058 -2.64503 17
      vertex 3.89711 -2.25 3
      vertex 3.89711 -2.25 17
    endloop
  endfacet
  facet normal 0.838676 -0.544631 0
    outer loop
      vertex 3.89711 -2.25 3
      vertex 3.64058 -2.64503 17
      vertex 3.64058 -2.64503 3
    endloop
  endfacet
  facet normal 0.156446 -0.987686 0
    outer loop
      vertex 0.470378 -4.47535 3
      vertex 0.935602 -4.40166 17
      vertex 0.470378 -4.47535 17
    endloop
  endfacet
  facet normal 0.156446 -0.987686 0
    outer loop
      vertex 0.935602 -4.40166 17
      vertex 0.470378 -4.47535 3
      vertex 0.935602 -4.40166 3
    endloop
  endfacet
  facet normal 0.933578 0.358374 0
    outer loop
      vertex 4.27975 1.39058 17
      vertex 4.11095 1.83031 3
      vertex 4.11095 1.83031 17
    endloop
  endfacet
  facet normal 0.933578 0.358374 0
    outer loop
      vertex 4.11095 1.83031 3
      vertex 4.27975 1.39058 17
      vertex 4.27975 1.39058 3
    endloop
  endfacet
  facet normal -0.258817 0.965926 0
    outer loop
      vertex -0.935602 4.40166 3
      vertex -1.39058 4.27975 17
      vertex -0.935602 4.40166 17
    endloop
  endfacet
  facet normal -0.258817 0.965926 0
    outer loop
      vertex -1.39058 4.27975 17
      vertex -0.935602 4.40166 3
      vertex -1.39058 4.27975 3
    endloop
  endfacet
  facet normal -0.0523329 -0.99863 0
    outer loop
      vertex -0.470378 -4.47535 3
      vertex 0 -4.5 17
      vertex -0.470378 -4.47535 17
    endloop
  endfacet
  facet normal -0.0523329 -0.99863 -0
    outer loop
      vertex 0 -4.5 17
      vertex -0.470378 -4.47535 3
      vertex 0 -4.5 3
    endloop
  endfacet
  facet normal -0.777145 0.629321 0
    outer loop
      vertex -3.64058 2.64503 3
      vertex -3.34415 3.01109 17
      vertex -3.34415 3.01109 3
    endloop
  endfacet
  facet normal -0.777145 0.629321 0
    outer loop
      vertex -3.34415 3.01109 17
      vertex -3.64058 2.64503 3
      vertex -3.64058 2.64503 17
    endloop
  endfacet
  facet normal -0.453986 -0.891009 0
    outer loop
      vertex -2.25 -3.89711 3
      vertex -1.83031 -4.11095 17
      vertex -2.25 -3.89711 17
    endloop
  endfacet
  facet normal -0.453986 -0.891009 -0
    outer loop
      vertex -1.83031 -4.11095 17
      vertex -2.25 -3.89711 3
      vertex -1.83031 -4.11095 3
    endloop
  endfacet
  facet normal -0.156446 0.987686 0
    outer loop
      vertex -0.470378 4.47535 3
      vertex -0.935602 4.40166 17
      vertex -0.470378 4.47535 17
    endloop
  endfacet
  facet normal -0.156446 0.987686 0
    outer loop
      vertex -0.935602 4.40166 17
      vertex -0.470378 4.47535 3
      vertex -0.935602 4.40166 3
    endloop
  endfacet
  facet normal 0.0523329 0.99863 -0
    outer loop
      vertex 0.470378 4.47535 3
      vertex 0 4.5 17
      vertex 0.470378 4.47535 17
    endloop
  endfacet
  facet normal 0.0523329 0.99863 0
    outer loop
      vertex 0 4.5 17
      vertex 0.470378 4.47535 3
      vertex 0 4.5 3
    endloop
  endfacet
  facet normal 0.965926 0.258817 0
    outer loop
      vertex 4.40166 0.935602 17
      vertex 4.27975 1.39058 3
      vertex 4.27975 1.39058 17
    endloop
  endfacet
  facet normal 0.965926 0.258817 0
    outer loop
      vertex 4.27975 1.39058 3
      vertex 4.40166 0.935602 17
      vertex 4.40166 0.935602 3
    endloop
  endfacet
  facet normal -0.629321 0.777145 0
    outer loop
      vertex -2.64503 3.64058 3
      vertex -3.01109 3.34415 17
      vertex -2.64503 3.64058 17
    endloop
  endfacet
  facet normal -0.629321 0.777145 0
    outer loop
      vertex -3.01109 3.34415 17
      vertex -2.64503 3.64058 3
      vertex -3.01109 3.34415 3
    endloop
  endfacet
  facet normal -0.933578 0.358374 0
    outer loop
      vertex -4.27975 1.39058 3
      vertex -4.11095 1.83031 17
      vertex -4.11095 1.83031 3
    endloop
  endfacet
  facet normal -0.933578 0.358374 0
    outer loop
      vertex -4.11095 1.83031 17
      vertex -4.27975 1.39058 3
      vertex -4.27975 1.39058 17
    endloop
  endfacet
  facet normal -0.0523329 0.99863 0
    outer loop
      vertex 0 4.5 3
      vertex -0.470378 4.47535 17
      vertex 0 4.5 17
    endloop
  endfacet
  facet normal -0.0523329 0.99863 0
    outer loop
      vertex -0.470378 4.47535 17
      vertex 0 4.5 3
      vertex -0.470378 4.47535 3
    endloop
  endfacet
  facet normal -0.965926 0.258817 0
    outer loop
      vertex -4.40166 0.935602 3
      vertex -4.27975 1.39058 17
      vertex -4.27975 1.39058 3
    endloop
  endfacet
  facet normal -0.965926 0.258817 0
    outer loop
      vertex -4.27975 1.39058 17
      vertex -4.40166 0.935602 3
      vertex -4.40166 0.935602 17
    endloop
  endfacet
  facet normal -0.99863 -0.0523329 0
    outer loop
      vertex -4.47535 -0.470378 0
      vertex -4.5 0 17
      vertex -4.5 0 0
    endloop
  endfacet
  facet normal -0.99863 -0.0523329 0
    outer loop
      vertex -4.5 0 17
      vertex -4.47535 -0.470378 0
      vertex -4.47535 -0.470378 17
    endloop
  endfacet
  facet normal -0.777145 -0.629321 0
    outer loop
      vertex -3.34415 -3.01109 3
      vertex -3.64058 -2.64503 17
      vertex -3.64058 -2.64503 3
    endloop
  endfacet
  facet normal -0.777145 -0.629321 0
    outer loop
      vertex -3.64058 -2.64503 17
      vertex -3.34415 -3.01109 3
      vertex -3.34415 -3.01109 17
    endloop
  endfacet
  facet normal -0.629321 -0.777145 0
    outer loop
      vertex -3.01109 -3.34415 3
      vertex -2.64503 -3.64058 17
      vertex -3.01109 -3.34415 17
    endloop
  endfacet
  facet normal -0.629321 -0.777145 -0
    outer loop
      vertex -2.64503 -3.64058 17
      vertex -3.01109 -3.34415 3
      vertex -2.64503 -3.64058 3
    endloop
  endfacet
  facet normal 0.933578 -0.358374 0
    outer loop
      vertex 4.11095 -1.83031 17
      vertex 4.27975 -1.39058 3
      vertex 4.27975 -1.39058 17
    endloop
  endfacet
  facet normal 0.933578 -0.358374 0
    outer loop
      vertex 4.27975 -1.39058 3
      vertex 4.11095 -1.83031 17
      vertex 4.11095 -1.83031 3
    endloop
  endfacet
  facet normal -0.544631 -0.838676 0
    outer loop
      vertex -2.64503 -3.64058 3
      vertex -2.25 -3.89711 17
      vertex -2.64503 -3.64058 17
    endloop
  endfacet
  facet normal -0.544631 -0.838676 -0
    outer loop
      vertex -2.25 -3.89711 17
      vertex -2.64503 -3.64058 3
      vertex -2.25 -3.89711 3
    endloop
  endfacet
  facet normal -0.358374 -0.933578 0
    outer loop
      vertex -1.83031 -4.11095 3
      vertex -1.39058 -4.27975 17
      vertex -1.83031 -4.11095 17
    endloop
  endfacet
  facet normal -0.358374 -0.933578 -0
    outer loop
      vertex -1.39058 -4.27975 17
      vertex -1.83031 -4.11095 3
      vertex -1.39058 -4.27975 3
    endloop
  endfacet
  facet normal -0.99863 0.0523329 0
    outer loop
      vertex -4.5 0 0
      vertex -4.47535 0.470378 17
      vertex -4.47535 0.470378 0
    endloop
  endfacet
  facet normal -0.99863 0.0523329 0
    outer loop
      vertex -4.47535 0.470378 17
      vertex -4.5 0 0
      vertex -4.5 0 17
    endloop
  endfacet
  facet normal 0 0 1
    outer loop
      vertex 3 0 17
      vertex 4.5 0 17
      vertex 4.47535 0.470378 17
    endloop
  endfacet
  facet normal 0 0 1
    outer loop
      vertex 2.98357 0.313585 17
      vertex 4.47535 0.470378 17
      vertex 4.40166 0.935602 17
    endloop
  endfacet
  facet normal 0 0 1
    outer loop
      vertex 4.5 0 17
      vertex 3 0 17
      vertex 4.47535 -0.470378 17
    endloop
  endfacet
  facet normal 0 0 1
    outer loop
      vertex 2.93444 0.623734 17
      vertex 4.40166 0.935602 17
      vertex 4.27975 1.39058 17
    endloop
  endfacet
  facet normal -0 0 1
    outer loop
      vertex 2.98357 -0.313585 17
      vertex 4.47535 -0.470378 17
      vertex 3 0 17
    endloop
  endfacet
  facet normal 0 0 1
    outer loop
      vertex 2.85317 0.927051 17
      vertex 4.27975 1.39058 17
      vertex 4.11095 1.83031 17
    endloop
  endfacet
  facet normal 0 0 1
    outer loop
      vertex 4.47535 -0.470378 17
      vertex 2.98357 -0.313585 17
      vertex 4.40166 -0.935602 17
    endloop
  endfacet
  facet normal 0 0 1
    outer loop
      vertex 2.74064 1.22021 17
      vertex 4.11095 1.83031 17
      vertex 3.89711 2.25 17
    endloop
  endfacet
  facet normal -0 0 1
    outer loop
      vertex 2.93444 -0.623734 17
      vertex 4.40166 -0.935602 17
      vertex 2.98357 -0.313585 17
    endloop
  endfacet
  facet normal 0 0 1
    outer loop
      vertex 2.59808 1.5 17
      vertex 3.89711 2.25 17
      vertex 3.64058 2.64503 17
    endloop
  endfacet
  facet normal 0 0 1
    outer loop
      vertex 4.40166 -0.935602 17
      vertex 2.93444 -0.623734 17
      vertex 4.27975 -1.39058 17
    endloop
  endfacet
  facet normal 0 0 1
    outer loop
      vertex 2.42705 1.76336 17
      vertex 3.64058 2.64503 17
      vertex 3.34415 3.01109 17
    endloop
  endfacet
  facet normal -0 0 1
    outer loop
      vertex 2.85317 -0.927051 17
      vertex 4.27975 -1.39058 17
      vertex 2.93444 -0.623734 17
    endloop
  endfacet
  facet normal 0 0 1
    outer loop
      vertex 2.22943 2.00739 17
      vertex 3.34415 3.01109 17
      vertex 3.01109 3.34415 17
    endloop
  endfacet
  facet normal 0 0 1
    outer loop
      vertex 4.27975 -1.39058 17
      vertex 2.85317 -0.927051 17
      vertex 4.11095 -1.83031 17
    endloop
  endfacet
  facet normal -0 0 1
    outer loop
      vertex 2.74064 -1.22021 17
      vertex 4.11095 -1.83031 17
      vertex 2.85317 -0.927051 17
    endloop
  endfacet
  facet normal 0 0 1
    outer loop
      vertex 4.47535 0.470378 17
      vertex 2.98357 0.313585 17
      vertex 3 0 17
    endloop
  endfacet
  facet normal 0 0 1
    outer loop
      vertex 4.40166 0.935602 17
      vertex 2.93444 0.623734 17
      vertex 2.98357 0.313585 17
    endloop
  endfacet
  facet normal 0 0 1
    outer loop
      vertex 4.27975 1.39058 17
      vertex 2.85317 0.927051 17
      vertex 2.93444 0.623734 17
    endloop
  endfacet
  facet normal 0 0 1
    outer loop
      vertex 4.11095 1.83031 17
      vertex 2.74064 1.22021 17
      vertex 2.85317 0.927051 17
    endloop
  endfacet
  facet normal 0 0 1
    outer loop
      vertex 2.00739 2.22943 17
      vertex 3.01109 3.34415 17
      vertex 2.64503 3.64058 17
    endloop
  endfacet
  facet normal 0 0 1
    outer loop
      vertex 3.89711 2.25 17
      vertex 2.59808 1.5 17
      vertex 2.74064 1.22021 17
    endloop
  endfacet
  facet normal 0 0 1
    outer loop
      vertex 3.64058 2.64503 17
      vertex 2.42705 1.76336 17
      vertex 2.59808 1.5 17
    endloop
  endfacet
  facet normal 0 0 1
    outer loop
      vertex 1.76336 2.42705 17
      vertex 2.64503 3.64058 17
      vertex 2.25 3.89711 17
    endloop
  endfacet
  facet normal 0 0 1
    outer loop
      vertex 3.34415 3.01109 17
      vertex 2.22943 2.00739 17
      vertex 2.42705 1.76336 17
    endloop
  endfacet
  facet normal 0 0 1
    outer loop
      vertex 3.01109 3.34415 17
      vertex 2.00739 2.22943 17
      vertex 2.22943 2.00739 17
    endloop
  endfacet
  facet normal 0 0 1
    outer loop
      vertex 1.5 2.59808 17
      vertex 2.25 3.89711 17
      vertex 1.83031 4.11095 17
    endloop
  endfacet
  facet normal 0 0 1
    outer loop
      vertex 2.64503 3.64058 17
      vertex 1.76336 2.42705 17
      vertex 2.00739 2.22943 17
    endloop
  endfacet
  facet normal 0 0 1
    outer loop
      vertex 2.25 3.89711 17
      vertex 1.5 2.59808 17
      vertex 1.76336 2.42705 17
    endloop
  endfacet
  facet normal 0 0 1
    outer loop
      vertex 1.22021 2.74064 17
      vertex 1.83031 4.11095 17
      vertex 1.39058 4.27975 17
    endloop
  endfacet
  facet normal 0 0 1
    outer loop
      vertex 1.83031 4.11095 17
      vertex 1.22021 2.74064 17
      vertex 1.5 2.59808 17
    endloop
  endfacet
  facet normal 0 0 1
    outer loop
      vertex 0.927051 2.85317 17
      vertex 1.39058 4.27975 17
      vertex 0.935602 4.40166 17
    endloop
  endfacet
  facet normal 0 0 1
    outer loop
      vertex 1.39058 4.27975 17
      vertex 0.927051 2.85317 17
      vertex 1.22021 2.74064 17
    endloop
  endfacet
  facet normal 0 0 1
    outer loop
      vertex 0.935602 4.40166 17
      vertex 0.623734 2.93444 17
      vertex 0.927051 2.85317 17
    endloop
  endfacet
  facet normal 0 0 1
    outer loop
      vertex 0.470378 4.47535 17
      vertex 0.623734 2.93444 17
      vertex 0.935602 4.40166 17
    endloop
  endfacet
  facet normal 0 0 1
    outer loop
      vertex 0.470378 4.47535 17
      vertex 0.313585 2.98357 17
      vertex 0.623734 2.93444 17
    endloop
  endfacet
  facet normal 0 0 1
    outer loop
      vertex 0 4.5 17
      vertex 0.313585 2.98357 17
      vertex 0.470378 4.47535 17
    endloop
  endfacet
  facet normal 0 0 1
    outer loop
      vertex 0 4.5 17
      vertex 0 3 17
      vertex 0.313585 2.98357 17
    endloop
  endfacet
  facet normal 0 0 1
    outer loop
      vertex 0 4.5 17
      vertex -0.313585 2.98357 17
      vertex 0 3 17
    endloop
  endfacet
  facet normal -0 0 1
    outer loop
      vertex -0.470378 4.47535 17
      vertex -0.313585 2.98357 17
      vertex 0 4.5 17
    endloop
  endfacet
  facet normal 0 0 1
    outer loop
      vertex -0.470378 4.47535 17
      vertex -0.623734 2.93444 17
      vertex -0.313585 2.98357 17
    endloop
  endfacet
  facet normal -0 0 1
    outer loop
      vertex -0.935602 4.40166 17
      vertex -0.623734 2.93444 17
      vertex -0.470378 4.47535 17
    endloop
  endfacet
  facet normal 0 0 1
    outer loop
      vertex -0.623734 2.93444 17
      vertex -0.935602 4.40166 17
      vertex -0.927051 2.85317 17
    endloop
  endfacet
  facet normal -0 0 1
    outer loop
      vertex -1.39058 4.27975 17
      vertex -0.927051 2.85317 17
      vertex -0.935602 4.40166 17
    endloop
  endfacet
  facet normal 0 0 1
    outer loop
      vertex -0.927051 2.85317 17
      vertex -1.39058 4.27975 17
      vertex -1.22021 2.74064 17
    endloop
  endfacet
  facet normal -0 0 1
    outer loop
      vertex -1.83031 4.11095 17
      vertex -1.22021 2.74064 17
      vertex -1.39058 4.27975 17
    endloop
  endfacet
  facet normal 0 0 1
    outer loop
      vertex -1.22021 2.74064 17
      vertex -1.83031 4.11095 17
      vertex -1.5 2.59808 17
    endloop
  endfacet
  facet normal -0 0 1
    outer loop
      vertex -2.25 3.89711 17
      vertex -1.5 2.59808 17
      vertex -1.83031 4.11095 17
    endloop
  endfacet
  facet normal 0 0 1
    outer loop
      vertex -1.5 2.59808 17
      vertex -2.25 3.89711 17
      vertex -1.76336 2.42705 17
    endloop
  endfacet
  facet normal -0 0 1
    outer loop
      vertex -2.64503 3.64058 17
      vertex -1.76336 2.42705 17
      vertex -2.25 3.89711 17
    endloop
  endfacet
  facet normal 0 0 1
    outer loop
      vertex -1.76336 2.42705 17
      vertex -2.64503 3.64058 17
      vertex -2.00739 2.22943 17
    endloop
  endfacet
  facet normal -0 0 1
    outer loop
      vertex -3.01109 3.34415 17
      vertex -2.00739 2.22943 17
      vertex -2.64503 3.64058 17
    endloop
  endfacet
  facet normal 0 0 1
    outer loop
      vertex -2.00739 2.22943 17
      vertex -3.01109 3.34415 17
      vertex -2.22943 2.00739 17
    endloop
  endfacet
  facet normal -0 0 1
    outer loop
      vertex -3.34415 3.01109 17
      vertex -2.22943 2.00739 17
      vertex -3.01109 3.34415 17
    endloop
  endfacet
  facet normal 0 0 1
    outer loop
      vertex -2.22943 2.00739 17
      vertex -3.34415 3.01109 17
      vertex -2.42705 1.76336 17
    endloop
  endfacet
  facet normal -0 0 1
    outer loop
      vertex -3.64058 2.64503 17
      vertex -2.42705 1.76336 17
      vertex -3.34415 3.01109 17
    endloop
  endfacet
  facet normal 0 0 1
    outer loop
      vertex -2.42705 1.76336 17
      vertex -3.64058 2.64503 17
      vertex -2.59808 1.5 17
    endloop
  endfacet
  facet normal -0 0 1
    outer loop
      vertex -3.89711 2.25 17
      vertex -2.59808 1.5 17
      vertex -3.64058 2.64503 17
    endloop
  endfacet
  facet normal -0 0 1
    outer loop
      vertex -4.11095 1.83031 17
      vertex -2.74064 1.22021 17
      vertex -3.89711 2.25 17
    endloop
  endfacet
  facet normal 0 0 1
    outer loop
      vertex -2.59808 1.5 17
      vertex -3.89711 2.25 17
      vertex -2.74064 1.22021 17
    endloop
  endfacet
  facet normal 0 0 1
    outer loop
      vertex 4.11095 -1.83031 17
      vertex 2.74064 -1.22021 17
      vertex 3.89711 -2.25 17
    endloop
  endfacet
  facet normal -0 0 1
    outer loop
      vertex 2.59808 -1.5 17
      vertex 3.89711 -2.25 17
      vertex 2.74064 -1.22021 17
    endloop
  endfacet
  facet normal 0 0 1
    outer loop
      vertex 3.89711 -2.25 17
      vertex 2.59808 -1.5 17
      vertex 3.64058 -2.64503 17
    endloop
  endfacet
  facet normal -0 0 1
    outer loop
      vertex 2.42705 -1.76336 17
      vertex 3.64058 -2.64503 17
      vertex 2.59808 -1.5 17
    endloop
  endfacet
  facet normal 0 0 1
    outer loop
      vertex 3.64058 -2.64503 17
      vertex 2.42705 -1.76336 17
      vertex 3.34415 -3.01109 17
    endloop
  endfacet
  facet normal -0 0 1
    outer loop
      vertex 2.22943 -2.00739 17
      vertex 3.34415 -3.01109 17
      vertex 2.42705 -1.76336 17
    endloop
  endfacet
  facet normal 0 0 1
    outer loop
      vertex 3.34415 -3.01109 17
      vertex 2.22943 -2.00739 17
      vertex 3.01109 -3.34415 17
    endloop
  endfacet
  facet normal -0 0 1
    outer loop
      vertex 2.00739 -2.22943 17
      vertex 3.01109 -3.34415 17
      vertex 2.22943 -2.00739 17
    endloop
  endfacet
  facet normal 0 0 1
    outer loop
      vertex 3.01109 -3.34415 17
      vertex 2.00739 -2.22943 17
      vertex 2.64503 -3.64058 17
    endloop
  endfacet
  facet normal -0 0 1
    outer loop
      vertex 1.76336 -2.42705 17
      vertex 2.64503 -3.64058 17
      vertex 2.00739 -2.22943 17
    endloop
  endfacet
  facet normal 0 0 1
    outer loop
      vertex 2.64503 -3.64058 17
      vertex 1.76336 -2.42705 17
      vertex 2.25 -3.89711 17
    endloop
  endfacet
  facet normal -0 0 1
    outer loop
      vertex 1.5 -2.59808 17
      vertex 2.25 -3.89711 17
      vertex 1.76336 -2.42705 17
    endloop
  endfacet
  facet normal 0 0 1
    outer loop
      vertex 2.25 -3.89711 17
      vertex 1.5 -2.59808 17
      vertex 1.83031 -4.11095 17
    endloop
  endfacet
  facet normal -0 0 1
    outer loop
      vertex 1.22021 -2.74064 17
      vertex 1.83031 -4.11095 17
      vertex 1.5 -2.59808 17
    endloop
  endfacet
  facet normal 0 0 1
    outer loop
      vertex 1.83031 -4.11095 17
      vertex 1.22021 -2.74064 17
      vertex 1.39058 -4.27975 17
    endloop
  endfacet
  facet normal -0 0 1
    outer loop
      vertex 0.927051 -2.85317 17
      vertex 1.39058 -4.27975 17
      vertex 1.22021 -2.74064 17
    endloop
  endfacet
  facet normal 0 0 1
    outer loop
      vertex 1.39058 -4.27975 17
      vertex 0.927051 -2.85317 17
      vertex 0.935602 -4.40166 17
    endloop
  endfacet
  facet normal -0 0 1
    outer loop
      vertex 0.623734 -2.93444 17
      vertex 0.935602 -4.40166 17
      vertex 0.927051 -2.85317 17
    endloop
  endfacet
  facet normal 0 0 1
    outer loop
      vertex 0.623734 -2.93444 17
      vertex 0.470378 -4.47535 17
      vertex 0.935602 -4.40166 17
    endloop
  endfacet
  facet normal -0 0 1
    outer loop
      vertex 0.313585 -2.98357 17
      vertex 0.470378 -4.47535 17
      vertex 0.623734 -2.93444 17
    endloop
  endfacet
  facet normal -0 0 1
    outer loop
      vertex 0 -3 17
      vertex 0.470378 -4.47535 17
      vertex 0.313585 -2.98357 17
    endloop
  endfacet
  facet normal 0 0 1
    outer loop
      vertex 0 -3 17
      vertex 0 -4.5 17
      vertex 0.470378 -4.47535 17
    endloop
  endfacet
  facet normal 0 0 1
    outer loop
      vertex -0.313585 -2.98357 17
      vertex 0 -4.5 17
      vertex 0 -3 17
    endloop
  endfacet
  facet normal 0 0 1
    outer loop
      vertex -0.313585 -2.98357 17
      vertex -0.470378 -4.47535 17
      vertex 0 -4.5 17
    endloop
  endfacet
  facet normal 0 0 1
    outer loop
      vertex -0.623734 -2.93444 17
      vertex -0.470378 -4.47535 17
      vertex -0.313585 -2.98357 17
    endloop
  endfacet
  facet normal 0 0 1
    outer loop
      vertex -0.935602 -4.40166 17
      vertex -0.623734 -2.93444 17
      vertex -0.927051 -2.85317 17
    endloop
  endfacet
  facet normal 0 0 1
    outer loop
      vertex -0.623734 -2.93444 17
      vertex -0.935602 -4.40166 17
      vertex -0.470378 -4.47535 17
    endloop
  endfacet
  facet normal 0 0 1
    outer loop
      vertex -1.39058 -4.27975 17
      vertex -0.927051 -2.85317 17
      vertex -1.22021 -2.74064 17
    endloop
  endfacet
  facet normal 0 0 1
    outer loop
      vertex -0.927051 -2.85317 17
      vertex -1.39058 -4.27975 17
      vertex -0.935602 -4.40166 17
    endloop
  endfacet
  facet normal 0 0 1
    outer loop
      vertex -1.83031 -4.11095 17
      vertex -1.22021 -2.74064 17
      vertex -1.5 -2.59808 17
    endloop
  endfacet
  facet normal 0 0 1
    outer loop
      vertex -2.25 -3.89711 17
      vertex -1.5 -2.59808 17
      vertex -1.76336 -2.42705 17
    endloop
  endfacet
  facet normal 0 0 1
    outer loop
      vertex -1.22021 -2.74064 17
      vertex -1.83031 -4.11095 17
      vertex -1.39058 -4.27975 17
    endloop
  endfacet
  facet normal 0 0 1
    outer loop
      vertex -2.64503 -3.64058 17
      vertex -1.76336 -2.42705 17
      vertex -2.00739 -2.22943 17
    endloop
  endfacet
  facet normal 0 0 1
    outer loop
      vertex -3.01109 -3.34415 17
      vertex -2.00739 -2.22943 17
      vertex -2.22943 -2.00739 17
    endloop
  endfacet
  facet normal 0 0 1
    outer loop
      vertex -1.5 -2.59808 17
      vertex -2.25 -3.89711 17
      vertex -1.83031 -4.11095 17
    endloop
  endfacet
  facet normal 0 0 1
    outer loop
      vertex -3.34415 -3.01109 17
      vertex -2.22943 -2.00739 17
      vertex -2.42705 -1.76336 17
    endloop
  endfacet
  facet normal 0 0 1
    outer loop
      vertex -3.64058 -2.64503 17
      vertex -2.42705 -1.76336 17
      vertex -2.59808 -1.5 17
    endloop
  endfacet
  facet normal 0 0 1
    outer loop
      vertex -1.76336 -2.42705 17
      vertex -2.64503 -3.64058 17
      vertex -2.25 -3.89711 17
    endloop
  endfacet
  facet normal 0 0 1
    outer loop
      vertex -3.89711 -2.25 17
      vertex -2.59808 -1.5 17
      vertex -2.74064 -1.22021 17
    endloop
  endfacet
  facet normal 0 0 1
    outer loop
      vertex -4.11095 -1.83031 17
      vertex -2.74064 -1.22021 17
      vertex -2.85317 -0.927051 17
    endloop
  endfacet
  facet normal 0 0 1
    outer loop
      vertex -4.27975 -1.39058 17
      vertex -2.85317 -0.927051 17
      vertex -2.93444 -0.623734 17
    endloop
  endfacet
  facet normal 0 0 1
    outer loop
      vertex -4.40166 -0.935602 17
      vertex -2.93444 -0.623734 17
      vertex -2.98357 -0.313585 17
    endloop
  endfacet
  facet normal 0 0 1
    outer loop
      vertex -2.00739 -2.22943 17
      vertex -3.01109 -3.34415 17
      vertex -2.64503 -3.64058 17
    endloop
  endfacet
  facet normal 0 0 1
    outer loop
      vertex -4.47535 -0.470378 17
      vertex -2.98357 -0.313585 17
      vertex -3 0 17
    endloop
  endfacet
  facet normal 0 0 1
    outer loop
      vertex -2.74064 1.22021 17
      vertex -4.11095 1.83031 17
      vertex -2.85317 0.927051 17
    endloop
  endfacet
  facet normal -0 0 1
    outer loop
      vertex -4.27975 1.39058 17
      vertex -2.85317 0.927051 17
      vertex -4.11095 1.83031 17
    endloop
  endfacet
  facet normal 0 0 1
    outer loop
      vertex -2.22943 -2.00739 17
      vertex -3.34415 -3.01109 17
      vertex -3.01109 -3.34415 17
    endloop
  endfacet
  facet normal 0 0 1
    outer loop
      vertex -2.85317 0.927051 17
      vertex -4.27975 1.39058 17
      vertex -2.93444 0.623734 17
    endloop
  endfacet
  facet normal 0 0 1
    outer loop
      vertex -2.42705 -1.76336 17
      vertex -3.64058 -2.64503 17
      vertex -3.34415 -3.01109 17
    endloop
  endfacet
  facet normal -0 0 1
    outer loop
      vertex -4.40166 0.935602 17
      vertex -2.93444 0.623734 17
      vertex -4.27975 1.39058 17
    endloop
  endfacet
  facet normal 0 0 1
    outer loop
      vertex -2.59808 -1.5 17
      vertex -3.89711 -2.25 17
      vertex -3.64058 -2.64503 17
    endloop
  endfacet
  facet normal 0 0 1
    outer loop
      vertex -2.93444 0.623734 17
      vertex -4.40166 0.935602 17
      vertex -2.98357 0.313585 17
    endloop
  endfacet
  facet normal 0 0 1
    outer loop
      vertex -2.74064 -1.22021 17
      vertex -4.11095 -1.83031 17
      vertex -3.89711 -2.25 17
    endloop
  endfacet
  facet normal -0 0 1
    outer loop
      vertex -4.47535 0.470378 17
      vertex -2.98357 0.313585 17
      vertex -4.40166 0.935602 17
    endloop
  endfacet
  facet normal 0 0 1
    outer loop
      vertex -2.85317 -0.927051 17
      vertex -4.27975 -1.39058 17
      vertex -4.11095 -1.83031 17
    endloop
  endfacet
  facet normal 0 0 1
    outer loop
      vertex -2.98357 0.313585 17
      vertex -4.47535 0.470378 17
      vertex -3 0 17
    endloop
  endfacet
  facet normal 0 0 1
    outer loop
      vertex -2.93444 -0.623734 17
      vertex -4.40166 -0.935602 17
      vertex -4.27975 -1.39058 17
    endloop
  endfacet
  facet normal 0 0 1
    outer loop
      vertex -4.5 0 17
      vertex -3 0 17
      vertex -4.47535 0.470378 17
    endloop
  endfacet
  facet normal 0 0 1
    outer loop
      vertex -2.98357 -0.313585 17
      vertex -4.47535 -0.470378 17
      vertex -4.40166 -0.935602 17
    endloop
  endfacet
  facet normal 0 0 1
    outer loop
      vertex -3 0 17
      vertex -4.5 0 17
      vertex -4.47535 -0.470378 17
    endloop
  endfacet
  facet normal 0.838711 0.544576 0
    outer loop
      vertex -1.75541 -0.352671 3
      vertex -1.78961 -0.299999 0
      vertex -1.78961 -0.299999 3
    endloop
  endfacet
  facet normal 0.838711 0.544576 0
    outer loop
      vertex -1.78961 -0.299999 0
      vertex -1.75541 -0.352671 3
      vertex -1.75541 -0.352671 0
    endloop
  endfacet
  facet normal -0.987687 -0.156442 0
    outer loop
      vertex -0.673286 0.0627165 0
      vertex -0.683111 0.124746 3
      vertex -0.683111 0.124746 0
    endloop
  endfacet
  facet normal -0.987687 -0.156442 0
    outer loop
      vertex -0.683111 0.124746 3
      vertex -0.673286 0.0627165 0
      vertex -0.673286 0.0627165 3
    endloop
  endfacet
  facet normal -0.998629 -0.0523386 0
    outer loop
      vertex -0.669999 0 0
      vertex -0.673286 0.0627165 3
      vertex -0.673286 0.0627165 0
    endloop
  endfacet
  facet normal -0.998629 -0.0523386 0
    outer loop
      vertex -0.673286 0.0627165 3
      vertex -0.669999 0 0
      vertex -0.669999 0 3
    endloop
  endfacet
  facet normal -0.965925 -0.258821 0
    outer loop
      vertex -0.683111 0.124746 0
      vertex -0.699366 0.18541 3
      vertex -0.699366 0.18541 0
    endloop
  endfacet
  facet normal -0.965925 -0.258821 0
    outer loop
      vertex -0.699366 0.18541 3
      vertex -0.683111 0.124746 0
      vertex -0.683111 0.124746 3
    endloop
  endfacet
  facet normal -0.998629 0.0523386 0
    outer loop
      vertex -0.673286 -0.0627165 0
      vertex -0.669999 0 3
      vertex -0.669999 0 0
    endloop
  endfacet
  facet normal -0.998629 0.0523386 0
    outer loop
      vertex -0.669999 0 3
      vertex -0.673286 -0.0627165 0
      vertex -0.673286 -0.0627165 3
    endloop
  endfacet
  facet normal 0.707099 -0.707115 0
    outer loop
      vertex -1.71589 0.401478 3
      vertex -1.67148 0.445887 0
      vertex -1.67148 0.445887 3
    endloop
  endfacet
  facet normal 0.707099 -0.707115 0
    outer loop
      vertex -1.67148 0.445887 0
      vertex -1.71589 0.401478 3
      vertex -1.71589 0.401478 0
    endloop
  endfacet
  facet normal 0.987699 -0.156364 0
    outer loop
      vertex -1.86671 0.0627165 3
      vertex -1.85689 0.124746 0
      vertex -1.85689 0.124746 3
    endloop
  endfacet
  facet normal 0.987699 -0.156364 0
    outer loop
      vertex -1.85689 0.124746 0
      vertex -1.86671 0.0627165 3
      vertex -1.86671 0.0627165 0
    endloop
  endfacet
  facet normal -0.838668 0.544644 0
    outer loop
      vertex -0.78459 -0.352671 0
      vertex -0.750384 -0.299999 3
      vertex -0.750384 -0.299999 0
    endloop
  endfacet
  facet normal -0.838668 0.544644 0
    outer loop
      vertex -0.750384 -0.299999 3
      vertex -0.78459 -0.352671 0
      vertex -0.78459 -0.352671 3
    endloop
  endfacet
  facet normal 0.987699 0.156364 0
    outer loop
      vertex -1.85689 -0.124746 3
      vertex -1.86671 -0.0627165 0
      vertex -1.86671 -0.0627165 3
    endloop
  endfacet
  facet normal 0.987699 0.156364 0
    outer loop
      vertex -1.86671 -0.0627165 0
      vertex -1.85689 -0.124746 3
      vertex -1.85689 -0.124746 0
    endloop
  endfacet
  facet normal 0.77717 -0.62929 0
    outer loop
      vertex -1.75541 0.352671 3
      vertex -1.71589 0.401478 0
      vertex -1.71589 0.401478 3
    endloop
  endfacet
  facet normal 0.77717 -0.62929 0
    outer loop
      vertex -1.71589 0.401478 0
      vertex -1.75541 0.352671 3
      vertex -1.75541 0.352671 0
    endloop
  endfacet
  facet normal 0.629296 0.777166 -0
    outer loop
      vertex -1.62267 -0.48541 0
      vertex -1.67148 -0.445887 3
      vertex -1.62267 -0.48541 3
    endloop
  endfacet
  facet normal 0.629296 0.777166 0
    outer loop
      vertex -1.67148 -0.445887 3
      vertex -1.62267 -0.48541 0
      vertex -1.67148 -0.445887 0
    endloop
  endfacet
  facet normal -0.933582 -0.358363 0
    outer loop
      vertex -0.699366 0.18541 0
      vertex -0.721872 0.244041 3
      vertex -0.721872 0.244041 0
    endloop
  endfacet
  facet normal -0.933582 -0.358363 0
    outer loop
      vertex -0.721872 0.244041 3
      vertex -0.699366 0.18541 0
      vertex -0.699366 0.18541 3
    endloop
  endfacet
  facet normal -0.987687 0.156442 0
    outer loop
      vertex -0.683111 -0.124746 0
      vertex -0.673286 -0.0627165 3
      vertex -0.673286 -0.0627165 0
    endloop
  endfacet
  facet normal -0.987687 0.156442 0
    outer loop
      vertex -0.673286 -0.0627165 3
      vertex -0.683111 -0.124746 0
      vertex -0.683111 -0.124746 3
    endloop
  endfacet
  facet normal -0.629311 -0.777153 0
    outer loop
      vertex -0.917329 0.48541 0
      vertex -0.868521 0.445887 3
      vertex -0.917329 0.48541 3
    endloop
  endfacet
  facet normal -0.629311 -0.777153 -0
    outer loop
      vertex -0.868521 0.445887 3
      vertex -0.917329 0.48541 0
      vertex -0.868521 0.445887 0
    endloop
  endfacet
  facet normal 0.544647 0.838665 -0
    outer loop
      vertex -1.57 -0.519615 0
      vertex -1.62267 -0.48541 3
      vertex -1.57 -0.519615 3
    endloop
  endfacet
  facet normal 0.544647 0.838665 0
    outer loop
      vertex -1.62267 -0.48541 3
      vertex -1.57 -0.519615 0
      vertex -1.62267 -0.48541 0
    endloop
  endfacet
  facet normal -0.453971 0.891017 0
    outer loop
      vertex -0.969999 -0.519615 0
      vertex -1.02596 -0.548127 3
      vertex -0.969999 -0.519615 3
    endloop
  endfacet
  facet normal -0.453971 0.891017 0
    outer loop
      vertex -1.02596 -0.548127 3
      vertex -0.969999 -0.519615 0
      vertex -1.02596 -0.548127 0
    endloop
  endfacet
  facet normal 0.838711 -0.544576 0
    outer loop
      vertex -1.78961 0.299999 3
      vertex -1.75541 0.352671 0
      vertex -1.75541 0.352671 3
    endloop
  endfacet
  facet normal 0.838711 -0.544576 0
    outer loop
      vertex -1.75541 0.352671 0
      vertex -1.78961 0.299999 3
      vertex -1.78961 0.299999 0
    endloop
  endfacet
  facet normal -0.156441 0.987687 0
    outer loop
      vertex -1.14525 -0.586888 0
      vertex -1.20728 -0.596713 3
      vertex -1.14525 -0.586888 3
    endloop
  endfacet
  facet normal -0.156441 0.987687 0
    outer loop
      vertex -1.20728 -0.596713 3
      vertex -1.14525 -0.586888 0
      vertex -1.20728 -0.596713 0
    endloop
  endfacet
  facet normal -0.838668 -0.544644 0
    outer loop
      vertex -0.750384 0.299999 0
      vertex -0.78459 0.352671 3
      vertex -0.78459 0.352671 0
    endloop
  endfacet
  facet normal -0.838668 -0.544644 0
    outer loop
      vertex -0.78459 0.352671 3
      vertex -0.750384 0.299999 0
      vertex -0.750384 0.299999 3
    endloop
  endfacet
  facet normal -0.891007 0.45399 0
    outer loop
      vertex -0.750384 -0.299999 0
      vertex -0.721872 -0.244041 3
      vertex -0.721872 -0.244041 0
    endloop
  endfacet
  facet normal -0.891007 0.45399 0
    outer loop
      vertex -0.721872 -0.244041 3
      vertex -0.750384 -0.299999 0
      vertex -0.750384 -0.299999 3
    endloop
  endfacet
  facet normal -0.933582 0.358363 0
    outer loop
      vertex -0.721872 -0.244041 0
      vertex -0.699366 -0.18541 3
      vertex -0.699366 -0.18541 0
    endloop
  endfacet
  facet normal -0.933582 0.358363 0
    outer loop
      vertex -0.699366 -0.18541 3
      vertex -0.721872 -0.244041 0
      vertex -0.721872 -0.244041 3
    endloop
  endfacet
  facet normal -0.358383 0.933575 0
    outer loop
      vertex -1.02596 -0.548127 0
      vertex -1.08459 -0.570634 3
      vertex -1.02596 -0.548127 3
    endloop
  endfacet
  facet normal -0.358383 0.933575 0
    outer loop
      vertex -1.08459 -0.570634 3
      vertex -1.02596 -0.548127 0
      vertex -1.08459 -0.570634 0
    endloop
  endfacet
  facet normal 0.629296 -0.777166 0
    outer loop
      vertex -1.67148 0.445887 0
      vertex -1.62267 0.48541 3
      vertex -1.67148 0.445887 3
    endloop
  endfacet
  facet normal 0.629296 -0.777166 0
    outer loop
      vertex -1.62267 0.48541 3
      vertex -1.67148 0.445887 0
      vertex -1.62267 0.48541 0
    endloop
  endfacet
  facet normal -0.544647 0.838665 0
    outer loop
      vertex -0.917329 -0.48541 0
      vertex -0.969999 -0.519615 3
      vertex -0.917329 -0.48541 3
    endloop
  endfacet
  facet normal -0.544647 0.838665 0
    outer loop
      vertex -0.969999 -0.519615 3
      vertex -0.917329 -0.48541 0
      vertex -0.969999 -0.519615 0
    endloop
  endfacet
  facet normal 0.890955 0.454091 0
    outer loop
      vertex -1.78961 -0.299999 3
      vertex -1.81813 -0.244041 0
      vertex -1.81813 -0.244041 3
    endloop
  endfacet
  facet normal 0.890955 0.454091 0
    outer loop
      vertex -1.81813 -0.244041 0
      vertex -1.78961 -0.299999 3
      vertex -1.78961 -0.299999 0
    endloop
  endfacet
  facet normal 0.358383 0.933575 -0
    outer loop
      vertex -1.45541 -0.570634 0
      vertex -1.51404 -0.548127 3
      vertex -1.45541 -0.570634 3
    endloop
  endfacet
  facet normal 0.358383 0.933575 0
    outer loop
      vertex -1.51404 -0.548127 3
      vertex -1.45541 -0.570634 0
      vertex -1.51404 -0.548127 0
    endloop
  endfacet
  facet normal 0.707099 0.707115 0
    outer loop
      vertex -1.67148 -0.445887 3
      vertex -1.71589 -0.401478 0
      vertex -1.71589 -0.401478 3
    endloop
  endfacet
  facet normal 0.707099 0.707115 0
    outer loop
      vertex -1.71589 -0.401478 0
      vertex -1.67148 -0.445887 3
      vertex -1.67148 -0.445887 0
    endloop
  endfacet
  facet normal -0.453971 -0.891017 0
    outer loop
      vertex -1.02596 0.548127 0
      vertex -0.969999 0.519615 3
      vertex -1.02596 0.548127 3
    endloop
  endfacet
  facet normal -0.453971 -0.891017 -0
    outer loop
      vertex -0.969999 0.519615 3
      vertex -1.02596 0.548127 0
      vertex -0.969999 0.519615 0
    endloop
  endfacet
  facet normal 0.358383 -0.933575 0
    outer loop
      vertex -1.51404 0.548127 0
      vertex -1.45541 0.570634 3
      vertex -1.51404 0.548127 3
    endloop
  endfacet
  facet normal 0.358383 -0.933575 0
    outer loop
      vertex -1.45541 0.570634 3
      vertex -1.51404 0.548127 0
      vertex -1.45541 0.570634 0
    endloop
  endfacet
  facet normal -0.0523198 0.99863 0
    outer loop
      vertex -1.20728 -0.596713 0
      vertex -1.27 -0.599999 3
      vertex -1.20728 -0.596713 3
    endloop
  endfacet
  facet normal -0.0523198 0.99863 0
    outer loop
      vertex -1.27 -0.599999 3
      vertex -1.20728 -0.596713 0
      vertex -1.27 -0.599999 0
    endloop
  endfacet
  facet normal -0.777147 0.629319 0
    outer loop
      vertex -0.824113 -0.401478 0
      vertex -0.78459 -0.352671 3
      vertex -0.78459 -0.352671 0
    endloop
  endfacet
  facet normal -0.777147 0.629319 0
    outer loop
      vertex -0.78459 -0.352671 3
      vertex -0.824113 -0.401478 0
      vertex -0.824113 -0.401478 3
    endloop
  endfacet
  facet normal -0.777147 -0.629319 0
    outer loop
      vertex -0.78459 0.352671 0
      vertex -0.824113 0.401478 3
      vertex -0.824113 0.401478 0
    endloop
  endfacet
  facet normal -0.777147 -0.629319 0
    outer loop
      vertex -0.824113 0.401478 3
      vertex -0.78459 0.352671 0
      vertex -0.78459 0.352671 3
    endloop
  endfacet
  facet normal -0.544647 -0.838665 0
    outer loop
      vertex -0.969999 0.519615 0
      vertex -0.917329 0.48541 3
      vertex -0.969999 0.519615 3
    endloop
  endfacet
  facet normal -0.544647 -0.838665 -0
    outer loop
      vertex -0.917329 0.48541 3
      vertex -0.969999 0.519615 0
      vertex -0.917329 0.48541 0
    endloop
  endfacet
  facet normal 0.453977 0.891013 -0
    outer loop
      vertex -1.51404 -0.548127 0
      vertex -1.57 -0.519615 3
      vertex -1.51404 -0.548127 3
    endloop
  endfacet
  facet normal 0.453977 0.891013 0
    outer loop
      vertex -1.57 -0.519615 3
      vertex -1.51404 -0.548127 0
      vertex -1.57 -0.519615 0
    endloop
  endfacet
  facet normal 0.998627 -0.0523863 0
    outer loop
      vertex -1.87 0 3
      vertex -1.86671 0.0627165 0
      vertex -1.86671 0.0627165 3
    endloop
  endfacet
  facet normal 0.998627 -0.0523863 0
    outer loop
      vertex -1.86671 0.0627165 0
      vertex -1.87 0 3
      vertex -1.87 0 0
    endloop
  endfacet
  facet normal 0.933614 0.35828 0
    outer loop
      vertex -1.81813 -0.244041 3
      vertex -1.84063 -0.18541 0
      vertex -1.84063 -0.18541 3
    endloop
  endfacet
  facet normal 0.933614 0.35828 0
    outer loop
      vertex -1.84063 -0.18541 0
      vertex -1.81813 -0.244041 3
      vertex -1.81813 -0.244041 0
    endloop
  endfacet
  facet normal 0.0523198 -0.99863 0
    outer loop
      vertex -1.33272 0.596713 0
      vertex -1.27 0.599999 3
      vertex -1.33272 0.596713 3
    endloop
  endfacet
  facet normal 0.0523198 -0.99863 0
    outer loop
      vertex -1.27 0.599999 3
      vertex -1.33272 0.596713 0
      vertex -1.27 0.599999 0
    endloop
  endfacet
  facet normal -0.965925 0.258821 0
    outer loop
      vertex -0.699366 -0.18541 0
      vertex -0.683111 -0.124746 3
      vertex -0.683111 -0.124746 0
    endloop
  endfacet
  facet normal -0.965925 0.258821 0
    outer loop
      vertex -0.683111 -0.124746 3
      vertex -0.699366 -0.18541 0
      vertex -0.699366 -0.18541 3
    endloop
  endfacet
  facet normal 0.156441 -0.987687 0
    outer loop
      vertex -1.39475 0.586888 0
      vertex -1.33272 0.596713 3
      vertex -1.39475 0.586888 3
    endloop
  endfacet
  facet normal 0.156441 -0.987687 0
    outer loop
      vertex -1.33272 0.596713 3
      vertex -1.39475 0.586888 0
      vertex -1.33272 0.596713 0
    endloop
  endfacet
  facet normal 0.453977 -0.891013 0
    outer loop
      vertex -1.57 0.519615 0
      vertex -1.51404 0.548127 3
      vertex -1.57 0.519615 3
    endloop
  endfacet
  facet normal 0.453977 -0.891013 0
    outer loop
      vertex -1.51404 0.548127 3
      vertex -1.57 0.519615 0
      vertex -1.51404 0.548127 0
    endloop
  endfacet
  facet normal -0.891007 -0.45399 0
    outer loop
      vertex -0.721872 0.244041 0
      vertex -0.750384 0.299999 3
      vertex -0.750384 0.299999 0
    endloop
  endfacet
  facet normal -0.891007 -0.45399 0
    outer loop
      vertex -0.750384 0.299999 3
      vertex -0.721872 0.244041 0
      vertex -0.721872 0.244041 3
    endloop
  endfacet
  facet normal 0.0523198 0.99863 -0
    outer loop
      vertex -1.27 -0.599999 0
      vertex -1.33272 -0.596713 3
      vertex -1.27 -0.599999 3
    endloop
  endfacet
  facet normal 0.0523198 0.99863 0
    outer loop
      vertex -1.33272 -0.596713 3
      vertex -1.27 -0.599999 0
      vertex -1.33272 -0.596713 0
    endloop
  endfacet
  facet normal -0.358383 -0.933575 0
    outer loop
      vertex -1.08459 0.570634 0
      vertex -1.02596 0.548127 3
      vertex -1.08459 0.570634 3
    endloop
  endfacet
  facet normal -0.358383 -0.933575 -0
    outer loop
      vertex -1.02596 0.548127 3
      vertex -1.08459 0.570634 0
      vertex -1.02596 0.548127 0
    endloop
  endfacet
  facet normal 0.965905 0.258895 0
    outer loop
      vertex -1.84063 -0.18541 3
      vertex -1.85689 -0.124746 0
      vertex -1.85689 -0.124746 3
    endloop
  endfacet
  facet normal 0.965905 0.258895 0
    outer loop
      vertex -1.85689 -0.124746 0
      vertex -1.84063 -0.18541 3
      vertex -1.84063 -0.18541 0
    endloop
  endfacet
  facet normal 0.258822 -0.965925 0
    outer loop
      vertex -1.45541 0.570634 0
      vertex -1.39475 0.586888 3
      vertex -1.45541 0.570634 3
    endloop
  endfacet
  facet normal 0.258822 -0.965925 0
    outer loop
      vertex -1.39475 0.586888 3
      vertex -1.45541 0.570634 0
      vertex -1.39475 0.586888 0
    endloop
  endfacet
  facet normal 0.890955 -0.454091 0
    outer loop
      vertex -1.81813 0.244041 3
      vertex -1.78961 0.299999 0
      vertex -1.78961 0.299999 3
    endloop
  endfacet
  facet normal 0.890955 -0.454091 0
    outer loop
      vertex -1.78961 0.299999 0
      vertex -1.81813 0.244041 3
      vertex -1.81813 0.244041 0
    endloop
  endfacet
  facet normal -0.258822 0.965925 0
    outer loop
      vertex -1.08459 -0.570634 0
      vertex -1.14525 -0.586888 3
      vertex -1.08459 -0.570634 3
    endloop
  endfacet
  facet normal -0.258822 0.965925 0
    outer loop
      vertex -1.14525 -0.586888 3
      vertex -1.08459 -0.570634 0
      vertex -1.14525 -0.586888 0
    endloop
  endfacet
  facet normal 0.77717 0.62929 0
    outer loop
      vertex -1.71589 -0.401478 3
      vertex -1.75541 -0.352671 0
      vertex -1.75541 -0.352671 3
    endloop
  endfacet
  facet normal 0.77717 0.62929 0
    outer loop
      vertex -1.75541 -0.352671 0
      vertex -1.71589 -0.401478 3
      vertex -1.71589 -0.401478 0
    endloop
  endfacet
  facet normal 0.998627 0.0523863 0
    outer loop
      vertex -1.86671 -0.0627165 3
      vertex -1.87 0 0
      vertex -1.87 0 3
    endloop
  endfacet
  facet normal 0.998627 0.0523863 0
    outer loop
      vertex -1.87 0 0
      vertex -1.86671 -0.0627165 3
      vertex -1.86671 -0.0627165 0
    endloop
  endfacet
  facet normal -0.0523198 -0.99863 0
    outer loop
      vertex -1.27 0.599999 0
      vertex -1.20728 0.596713 3
      vertex -1.27 0.599999 3
    endloop
  endfacet
  facet normal -0.0523198 -0.99863 -0
    outer loop
      vertex -1.20728 0.596713 3
      vertex -1.27 0.599999 0
      vertex -1.20728 0.596713 0
    endloop
  endfacet
  facet normal -0.629311 0.777153 0
    outer loop
      vertex -0.868521 -0.445887 0
      vertex -0.917329 -0.48541 3
      vertex -0.868521 -0.445887 3
    endloop
  endfacet
  facet normal -0.629311 0.777153 0
    outer loop
      vertex -0.917329 -0.48541 3
      vertex -0.868521 -0.445887 0
      vertex -0.917329 -0.48541 0
    endloop
  endfacet
  facet normal -0.707115 -0.707099 0
    outer loop
      vertex -0.824113 0.401478 0
      vertex -0.868521 0.445887 3
      vertex -0.868521 0.445887 0
    endloop
  endfacet
  facet normal -0.707115 -0.707099 0
    outer loop
      vertex -0.868521 0.445887 3
      vertex -0.824113 0.401478 0
      vertex -0.824113 0.401478 3
    endloop
  endfacet
  facet normal -0.707115 0.707099 0
    outer loop
      vertex -0.868521 -0.445887 0
      vertex -0.824113 -0.401478 3
      vertex -0.824113 -0.401478 0
    endloop
  endfacet
  facet normal -0.707115 0.707099 0
    outer loop
      vertex -0.824113 -0.401478 3
      vertex -0.868521 -0.445887 0
      vertex -0.868521 -0.445887 3
    endloop
  endfacet
  facet normal 0.544647 -0.838665 0
    outer loop
      vertex -1.62267 0.48541 0
      vertex -1.57 0.519615 3
      vertex -1.62267 0.48541 3
    endloop
  endfacet
  facet normal 0.544647 -0.838665 0
    outer loop
      vertex -1.57 0.519615 3
      vertex -1.62267 0.48541 0
      vertex -1.57 0.519615 0
    endloop
  endfacet
  facet normal 0.933614 -0.35828 0
    outer loop
      vertex -1.84063 0.18541 3
      vertex -1.81813 0.244041 0
      vertex -1.81813 0.244041 3
    endloop
  endfacet
  facet normal 0.933614 -0.35828 0
    outer loop
      vertex -1.81813 0.244041 0
      vertex -1.84063 0.18541 3
      vertex -1.84063 0.18541 0
    endloop
  endfacet
  facet normal 0.965905 -0.258895 0
    outer loop
      vertex -1.85689 0.124746 3
      vertex -1.84063 0.18541 0
      vertex -1.84063 0.18541 3
    endloop
  endfacet
  facet normal 0.965905 -0.258895 0
    outer loop
      vertex -1.84063 0.18541 0
      vertex -1.85689 0.124746 3
      vertex -1.85689 0.124746 0
    endloop
  endfacet
  facet normal 0.258822 0.965925 -0
    outer loop
      vertex -1.39475 -0.586888 0
      vertex -1.45541 -0.570634 3
      vertex -1.39475 -0.586888 3
    endloop
  endfacet
  facet normal 0.258822 0.965925 0
    outer loop
      vertex -1.45541 -0.570634 3
      vertex -1.39475 -0.586888 0
      vertex -1.45541 -0.570634 0
    endloop
  endfacet
  facet normal 0.156441 0.987687 -0
    outer loop
      vertex -1.33272 -0.596713 0
      vertex -1.39475 -0.586888 3
      vertex -1.33272 -0.596713 3
    endloop
  endfacet
  facet normal 0.156441 0.987687 0
    outer loop
      vertex -1.39475 -0.586888 3
      vertex -1.33272 -0.596713 0
      vertex -1.39475 -0.586888 0
    endloop
  endfacet
  facet normal -0.156441 -0.987687 0
    outer loop
      vertex -1.20728 0.596713 0
      vertex -1.14525 0.586888 3
      vertex -1.20728 0.596713 3
    endloop
  endfacet
  facet normal -0.156441 -0.987687 -0
    outer loop
      vertex -1.14525 0.586888 3
      vertex -1.20728 0.596713 0
      vertex -1.14525 0.586888 0
    endloop
  endfacet
  facet normal -0.258822 -0.965925 0
    outer loop
      vertex -1.14525 0.586888 0
      vertex -1.08459 0.570634 3
      vertex -1.14525 0.586888 3
    endloop
  endfacet
  facet normal -0.258822 -0.965925 -0
    outer loop
      vertex -1.08459 0.570634 3
      vertex -1.14525 0.586888 0
      vertex -1.08459 0.570634 0
    endloop
  endfacet
  facet normal -0.987699 -0.156364 0
    outer loop
      vertex 1.86671 0.0627165 0
      vertex 1.85689 0.124746 3
      vertex 1.85689 0.124746 0
    endloop
  endfacet
  facet normal -0.987699 -0.156364 0
    outer loop
      vertex 1.85689 0.124746 3
      vertex 1.86671 0.0627165 0
      vertex 1.86671 0.0627165 3
    endloop
  endfacet
  facet normal -0.998627 -0.0523863 0
    outer loop
      vertex 1.87 0 0
      vertex 1.86671 0.0627165 3
      vertex 1.86671 0.0627165 0
    endloop
  endfacet
  facet normal -0.998627 -0.0523863 0
    outer loop
      vertex 1.86671 0.0627165 3
      vertex 1.87 0 0
      vertex 1.87 0 3
    endloop
  endfacet
  facet normal -0.965905 -0.258895 0
    outer loop
      vertex 1.85689 0.124746 0
      vertex 1.84063 0.18541 3
      vertex 1.84063 0.18541 0
    endloop
  endfacet
  facet normal -0.965905 -0.258895 0
    outer loop
      vertex 1.84063 0.18541 3
      vertex 1.85689 0.124746 0
      vertex 1.85689 0.124746 3
    endloop
  endfacet
  facet normal 0.544647 -0.838665 0
    outer loop
      vertex 0.917329 0.48541 0
      vertex 0.969999 0.519615 3
      vertex 0.917329 0.48541 3
    endloop
  endfacet
  facet normal 0.544647 -0.838665 0
    outer loop
      vertex 0.969999 0.519615 3
      vertex 0.917329 0.48541 0
      vertex 0.969999 0.519615 0
    endloop
  endfacet
  facet normal 0.987687 -0.156442 0
    outer loop
      vertex 0.673286 0.0627165 3
      vertex 0.683111 0.124746 0
      vertex 0.683111 0.124746 3
    endloop
  endfacet
  facet normal 0.987687 -0.156442 0
    outer loop
      vertex 0.683111 0.124746 0
      vertex 0.673286 0.0627165 3
      vertex 0.673286 0.0627165 0
    endloop
  endfacet
  facet normal 0.629311 0.777153 -0
    outer loop
      vertex 0.917329 -0.48541 0
      vertex 0.868521 -0.445887 3
      vertex 0.917329 -0.48541 3
    endloop
  endfacet
  facet normal 0.629311 0.777153 0
    outer loop
      vertex 0.868521 -0.445887 3
      vertex 0.917329 -0.48541 0
      vertex 0.868521 -0.445887 0
    endloop
  endfacet
  facet normal -0.998627 0.0523863 0
    outer loop
      vertex 1.86671 -0.0627165 0
      vertex 1.87 0 3
      vertex 1.87 0 0
    endloop
  endfacet
  facet normal -0.998627 0.0523863 0
    outer loop
      vertex 1.87 0 3
      vertex 1.86671 -0.0627165 0
      vertex 1.86671 -0.0627165 3
    endloop
  endfacet
  facet normal -0.933614 -0.35828 0
    outer loop
      vertex 1.84063 0.18541 0
      vertex 1.81813 0.244041 3
      vertex 1.81813 0.244041 0
    endloop
  endfacet
  facet normal -0.933614 -0.35828 0
    outer loop
      vertex 1.81813 0.244041 3
      vertex 1.84063 0.18541 0
      vertex 1.84063 0.18541 3
    endloop
  endfacet
  facet normal 0.707115 0.707099 0
    outer loop
      vertex 0.868521 -0.445887 3
      vertex 0.824113 -0.401478 0
      vertex 0.824113 -0.401478 3
    endloop
  endfacet
  facet normal 0.707115 0.707099 0
    outer loop
      vertex 0.824113 -0.401478 0
      vertex 0.868521 -0.445887 3
      vertex 0.868521 -0.445887 0
    endloop
  endfacet
  facet normal 0.358383 -0.933575 0
    outer loop
      vertex 1.02596 0.548127 0
      vertex 1.08459 0.570634 3
      vertex 1.02596 0.548127 3
    endloop
  endfacet
  facet normal 0.358383 -0.933575 0
    outer loop
      vertex 1.08459 0.570634 3
      vertex 1.02596 0.548127 0
      vertex 1.08459 0.570634 0
    endloop
  endfacet
  facet normal -0.258822 0.965925 0
    outer loop
      vertex 1.45541 -0.570634 0
      vertex 1.39475 -0.586888 3
      vertex 1.45541 -0.570634 3
    endloop
  endfacet
  facet normal -0.258822 0.965925 0
    outer loop
      vertex 1.39475 -0.586888 3
      vertex 1.45541 -0.570634 0
      vertex 1.39475 -0.586888 0
    endloop
  endfacet
  facet normal 0.707115 -0.707099 0
    outer loop
      vertex 0.824113 0.401478 3
      vertex 0.868521 0.445887 0
      vertex 0.868521 0.445887 3
    endloop
  endfacet
  facet normal 0.707115 -0.707099 0
    outer loop
      vertex 0.868521 0.445887 0
      vertex 0.824113 0.401478 3
      vertex 0.824113 0.401478 0
    endloop
  endfacet
  facet normal -0.933614 0.35828 0
    outer loop
      vertex 1.81813 -0.244041 0
      vertex 1.84063 -0.18541 3
      vertex 1.84063 -0.18541 0
    endloop
  endfacet
  facet normal -0.933614 0.35828 0
    outer loop
      vertex 1.84063 -0.18541 3
      vertex 1.81813 -0.244041 0
      vertex 1.81813 -0.244041 3
    endloop
  endfacet
  facet normal -0.358383 0.933575 0
    outer loop
      vertex 1.51404 -0.548127 0
      vertex 1.45541 -0.570634 3
      vertex 1.51404 -0.548127 3
    endloop
  endfacet
  facet normal -0.358383 0.933575 0
    outer loop
      vertex 1.45541 -0.570634 3
      vertex 1.51404 -0.548127 0
      vertex 1.45541 -0.570634 0
    endloop
  endfacet
  facet normal 0.998629 0.0523386 0
    outer loop
      vertex 0.673286 -0.0627165 3
      vertex 0.669999 0 0
      vertex 0.669999 0 3
    endloop
  endfacet
  facet normal 0.998629 0.0523386 0
    outer loop
      vertex 0.669999 0 0
      vertex 0.673286 -0.0627165 3
      vertex 0.673286 -0.0627165 0
    endloop
  endfacet
  facet normal -0.707099 -0.707115 0
    outer loop
      vertex 1.71589 0.401478 0
      vertex 1.67148 0.445887 3
      vertex 1.67148 0.445887 0
    endloop
  endfacet
  facet normal -0.707099 -0.707115 0
    outer loop
      vertex 1.67148 0.445887 3
      vertex 1.71589 0.401478 0
      vertex 1.71589 0.401478 3
    endloop
  endfacet
  facet normal -0.156441 -0.987687 0
    outer loop
      vertex 1.33272 0.596713 0
      vertex 1.39475 0.586888 3
      vertex 1.33272 0.596713 3
    endloop
  endfacet
  facet normal -0.156441 -0.987687 -0
    outer loop
      vertex 1.39475 0.586888 3
      vertex 1.33272 0.596713 0
      vertex 1.39475 0.586888 0
    endloop
  endfacet
  facet normal -0.544647 -0.838665 0
    outer loop
      vertex 1.57 0.519615 0
      vertex 1.62267 0.48541 3
      vertex 1.57 0.519615 3
    endloop
  endfacet
  facet normal -0.544647 -0.838665 -0
    outer loop
      vertex 1.62267 0.48541 3
      vertex 1.57 0.519615 0
      vertex 1.62267 0.48541 0
    endloop
  endfacet
  facet normal 0.358383 0.933575 -0
    outer loop
      vertex 1.08459 -0.570634 0
      vertex 1.02596 -0.548127 3
      vertex 1.08459 -0.570634 3
    endloop
  endfacet
  facet normal 0.358383 0.933575 0
    outer loop
      vertex 1.02596 -0.548127 3
      vertex 1.08459 -0.570634 0
      vertex 1.02596 -0.548127 0
    endloop
  endfacet
  facet normal -0.838711 -0.544576 0
    outer loop
      vertex 1.78961 0.299999 0
      vertex 1.75541 0.352671 3
      vertex 1.75541 0.352671 0
    endloop
  endfacet
  facet normal -0.838711 -0.544576 0
    outer loop
      vertex 1.75541 0.352671 3
      vertex 1.78961 0.299999 0
      vertex 1.78961 0.299999 3
    endloop
  endfacet
  facet normal -0.453977 -0.891013 0
    outer loop
      vertex 1.51404 0.548127 0
      vertex 1.57 0.519615 3
      vertex 1.51404 0.548127 3
    endloop
  endfacet
  facet normal -0.453977 -0.891013 -0
    outer loop
      vertex 1.57 0.519615 3
      vertex 1.51404 0.548127 0
      vertex 1.57 0.519615 0
    endloop
  endfacet
  facet normal 0.891007 0.45399 0
    outer loop
      vertex 0.750384 -0.299999 3
      vertex 0.721872 -0.244041 0
      vertex 0.721872 -0.244041 3
    endloop
  endfacet
  facet normal 0.891007 0.45399 0
    outer loop
      vertex 0.721872 -0.244041 0
      vertex 0.750384 -0.299999 3
      vertex 0.750384 -0.299999 0
    endloop
  endfacet
  facet normal 0.453971 -0.891017 0
    outer loop
      vertex 0.969999 0.519615 0
      vertex 1.02596 0.548127 3
      vertex 0.969999 0.519615 3
    endloop
  endfacet
  facet normal 0.453971 -0.891017 0
    outer loop
      vertex 1.02596 0.548127 3
      vertex 0.969999 0.519615 0
      vertex 1.02596 0.548127 0
    endloop
  endfacet
  facet normal -0.258822 -0.965925 0
    outer loop
      vertex 1.39475 0.586888 0
      vertex 1.45541 0.570634 3
      vertex 1.39475 0.586888 3
    endloop
  endfacet
  facet normal -0.258822 -0.965925 -0
    outer loop
      vertex 1.45541 0.570634 3
      vertex 1.39475 0.586888 0
      vertex 1.45541 0.570634 0
    endloop
  endfacet
  facet normal 0.998629 -0.0523386 0
    outer loop
      vertex 0.669999 0 3
      vertex 0.673286 0.0627165 0
      vertex 0.673286 0.0627165 3
    endloop
  endfacet
  facet normal 0.998629 -0.0523386 0
    outer loop
      vertex 0.673286 0.0627165 0
      vertex 0.669999 0 3
      vertex 0.669999 0 0
    endloop
  endfacet
  facet normal 0.0523198 0.99863 -0
    outer loop
      vertex 1.27 -0.599999 0
      vertex 1.20728 -0.596713 3
      vertex 1.27 -0.599999 3
    endloop
  endfacet
  facet normal 0.0523198 0.99863 0
    outer loop
      vertex 1.20728 -0.596713 3
      vertex 1.27 -0.599999 0
      vertex 1.20728 -0.596713 0
    endloop
  endfacet
  facet normal 0.258822 -0.965925 0
    outer loop
      vertex 1.08459 0.570634 0
      vertex 1.14525 0.586888 3
      vertex 1.08459 0.570634 3
    endloop
  endfacet
  facet normal 0.258822 -0.965925 0
    outer loop
      vertex 1.14525 0.586888 3
      vertex 1.08459 0.570634 0
      vertex 1.14525 0.586888 0
    endloop
  endfacet
  facet normal -0.0523198 -0.99863 0
    outer loop
      vertex 1.27 0.599999 0
      vertex 1.33272 0.596713 3
      vertex 1.27 0.599999 3
    endloop
  endfacet
  facet normal -0.0523198 -0.99863 -0
    outer loop
      vertex 1.33272 0.596713 3
      vertex 1.27 0.599999 0
      vertex 1.33272 0.596713 0
    endloop
  endfacet
  facet normal -0.707099 0.707115 0
    outer loop
      vertex 1.67148 -0.445887 0
      vertex 1.71589 -0.401478 3
      vertex 1.71589 -0.401478 0
    endloop
  endfacet
  facet normal -0.707099 0.707115 0
    outer loop
      vertex 1.71589 -0.401478 3
      vertex 1.67148 -0.445887 0
      vertex 1.67148 -0.445887 3
    endloop
  endfacet
  facet normal -0.838711 0.544576 0
    outer loop
      vertex 1.75541 -0.352671 0
      vertex 1.78961 -0.299999 3
      vertex 1.78961 -0.299999 0
    endloop
  endfacet
  facet normal -0.838711 0.544576 0
    outer loop
      vertex 1.78961 -0.299999 3
      vertex 1.75541 -0.352671 0
      vertex 1.75541 -0.352671 3
    endloop
  endfacet
  facet normal 0.891007 -0.45399 0
    outer loop
      vertex 0.721872 0.244041 3
      vertex 0.750384 0.299999 0
      vertex 0.750384 0.299999 3
    endloop
  endfacet
  facet normal 0.891007 -0.45399 0
    outer loop
      vertex 0.750384 0.299999 0
      vertex 0.721872 0.244041 3
      vertex 0.721872 0.244041 0
    endloop
  endfacet
  facet normal -0.629296 -0.777166 0
    outer loop
      vertex 1.62267 0.48541 0
      vertex 1.67148 0.445887 3
      vertex 1.62267 0.48541 3
    endloop
  endfacet
  facet normal -0.629296 -0.777166 -0
    outer loop
      vertex 1.67148 0.445887 3
      vertex 1.62267 0.48541 0
      vertex 1.67148 0.445887 0
    endloop
  endfacet
  facet normal -0.890955 0.454091 0
    outer loop
      vertex 1.78961 -0.299999 0
      vertex 1.81813 -0.244041 3
      vertex 1.81813 -0.244041 0
    endloop
  endfacet
  facet normal -0.890955 0.454091 0
    outer loop
      vertex 1.81813 -0.244041 3
      vertex 1.78961 -0.299999 0
      vertex 1.78961 -0.299999 3
    endloop
  endfacet
  facet normal 0.453971 0.891017 -0
    outer loop
      vertex 1.02596 -0.548127 0
      vertex 0.969999 -0.519615 3
      vertex 1.02596 -0.548127 3
    endloop
  endfacet
  facet normal 0.453971 0.891017 0
    outer loop
      vertex 0.969999 -0.519615 3
      vertex 1.02596 -0.548127 0
      vertex 0.969999 -0.519615 0
    endloop
  endfacet
  facet normal 0.544647 0.838665 -0
    outer loop
      vertex 0.969999 -0.519615 0
      vertex 0.917329 -0.48541 3
      vertex 0.969999 -0.519615 3
    endloop
  endfacet
  facet normal 0.544647 0.838665 0
    outer loop
      vertex 0.917329 -0.48541 3
      vertex 0.969999 -0.519615 0
      vertex 0.917329 -0.48541 0
    endloop
  endfacet
  facet normal 0.933582 0.358363 0
    outer loop
      vertex 0.721872 -0.244041 3
      vertex 0.699366 -0.18541 0
      vertex 0.699366 -0.18541 3
    endloop
  endfacet
  facet normal 0.933582 0.358363 0
    outer loop
      vertex 0.699366 -0.18541 0
      vertex 0.721872 -0.244041 3
      vertex 0.721872 -0.244041 0
    endloop
  endfacet
  facet normal -0.453977 0.891013 0
    outer loop
      vertex 1.57 -0.519615 0
      vertex 1.51404 -0.548127 3
      vertex 1.57 -0.519615 3
    endloop
  endfacet
  facet normal -0.453977 0.891013 0
    outer loop
      vertex 1.51404 -0.548127 3
      vertex 1.57 -0.519615 0
      vertex 1.51404 -0.548127 0
    endloop
  endfacet
  facet normal 0.0523198 -0.99863 0
    outer loop
      vertex 1.20728 0.596713 0
      vertex 1.27 0.599999 3
      vertex 1.20728 0.596713 3
    endloop
  endfacet
  facet normal 0.0523198 -0.99863 0
    outer loop
      vertex 1.27 0.599999 3
      vertex 1.20728 0.596713 0
      vertex 1.27 0.599999 0
    endloop
  endfacet
  facet normal -0.965905 0.258895 0
    outer loop
      vertex 1.84063 -0.18541 0
      vertex 1.85689 -0.124746 3
      vertex 1.85689 -0.124746 0
    endloop
  endfacet
  facet normal -0.965905 0.258895 0
    outer loop
      vertex 1.85689 -0.124746 3
      vertex 1.84063 -0.18541 0
      vertex 1.84063 -0.18541 3
    endloop
  endfacet
  facet normal 0.838668 -0.544644 0
    outer loop
      vertex 0.750384 0.299999 3
      vertex 0.78459 0.352671 0
      vertex 0.78459 0.352671 3
    endloop
  endfacet
  facet normal 0.838668 -0.544644 0
    outer loop
      vertex 0.78459 0.352671 0
      vertex 0.750384 0.299999 3
      vertex 0.750384 0.299999 0
    endloop
  endfacet
  facet normal 0.965925 0.258821 0
    outer loop
      vertex 0.699366 -0.18541 3
      vertex 0.683111 -0.124746 0
      vertex 0.683111 -0.124746 3
    endloop
  endfacet
  facet normal 0.965925 0.258821 0
    outer loop
      vertex 0.683111 -0.124746 0
      vertex 0.699366 -0.18541 3
      vertex 0.699366 -0.18541 0
    endloop
  endfacet
  facet normal 0.838668 0.544644 0
    outer loop
      vertex 0.78459 -0.352671 3
      vertex 0.750384 -0.299999 0
      vertex 0.750384 -0.299999 3
    endloop
  endfacet
  facet normal 0.838668 0.544644 0
    outer loop
      vertex 0.750384 -0.299999 0
      vertex 0.78459 -0.352671 3
      vertex 0.78459 -0.352671 0
    endloop
  endfacet
  facet normal -0.890955 -0.454091 0
    outer loop
      vertex 1.81813 0.244041 0
      vertex 1.78961 0.299999 3
      vertex 1.78961 0.299999 0
    endloop
  endfacet
  facet normal -0.890955 -0.454091 0
    outer loop
      vertex 1.78961 0.299999 3
      vertex 1.81813 0.244041 0
      vertex 1.81813 0.244041 3
    endloop
  endfacet
  facet normal -0.358383 -0.933575 0
    outer loop
      vertex 1.45541 0.570634 0
      vertex 1.51404 0.548127 3
      vertex 1.45541 0.570634 3
    endloop
  endfacet
  facet normal -0.358383 -0.933575 -0
    outer loop
      vertex 1.51404 0.548127 3
      vertex 1.45541 0.570634 0
      vertex 1.51404 0.548127 0
    endloop
  endfacet
  facet normal 0.933582 -0.358363 0
    outer loop
      vertex 0.699366 0.18541 3
      vertex 0.721872 0.244041 0
      vertex 0.721872 0.244041 3
    endloop
  endfacet
  facet normal 0.933582 -0.358363 0
    outer loop
      vertex 0.721872 0.244041 0
      vertex 0.699366 0.18541 3
      vertex 0.699366 0.18541 0
    endloop
  endfacet
  facet normal 0.777147 0.629319 0
    outer loop
      vertex 0.824113 -0.401478 3
      vertex 0.78459 -0.352671 0
      vertex 0.78459 -0.352671 3
    endloop
  endfacet
  facet normal 0.777147 0.629319 0
    outer loop
      vertex 0.78459 -0.352671 0
      vertex 0.824113 -0.401478 3
      vertex 0.824113 -0.401478 0
    endloop
  endfacet
  facet normal 0.987687 0.156442 0
    outer loop
      vertex 0.683111 -0.124746 3
      vertex 0.673286 -0.0627165 0
      vertex 0.673286 -0.0627165 3
    endloop
  endfacet
  facet normal 0.987687 0.156442 0
    outer loop
      vertex 0.673286 -0.0627165 0
      vertex 0.683111 -0.124746 3
      vertex 0.683111 -0.124746 0
    endloop
  endfacet
  facet normal 0.965925 -0.258821 0
    outer loop
      vertex 0.683111 0.124746 3
      vertex 0.699366 0.18541 0
      vertex 0.699366 0.18541 3
    endloop
  endfacet
  facet normal 0.965925 -0.258821 0
    outer loop
      vertex 0.699366 0.18541 0
      vertex 0.683111 0.124746 3
      vertex 0.683111 0.124746 0
    endloop
  endfacet
  facet normal 0.156441 -0.987687 0
    outer loop
      vertex 1.14525 0.586888 0
      vertex 1.20728 0.596713 3
      vertex 1.14525 0.586888 3
    endloop
  endfacet
  facet normal 0.156441 -0.987687 0
    outer loop
      vertex 1.20728 0.596713 3
      vertex 1.14525 0.586888 0
      vertex 1.20728 0.596713 0
    endloop
  endfacet
  facet normal -0.987699 0.156364 0
    outer loop
      vertex 1.85689 -0.124746 0
      vertex 1.86671 -0.0627165 3
      vertex 1.86671 -0.0627165 0
    endloop
  endfacet
  facet normal -0.987699 0.156364 0
    outer loop
      vertex 1.86671 -0.0627165 3
      vertex 1.85689 -0.124746 0
      vertex 1.85689 -0.124746 3
    endloop
  endfacet
  facet normal -0.0523198 0.99863 0
    outer loop
      vertex 1.33272 -0.596713 0
      vertex 1.27 -0.599999 3
      vertex 1.33272 -0.596713 3
    endloop
  endfacet
  facet normal -0.0523198 0.99863 0
    outer loop
      vertex 1.27 -0.599999 3
      vertex 1.33272 -0.596713 0
      vertex 1.27 -0.599999 0
    endloop
  endfacet
  facet normal -0.77717 -0.62929 0
    outer loop
      vertex 1.75541 0.352671 0
      vertex 1.71589 0.401478 3
      vertex 1.71589 0.401478 0
    endloop
  endfacet
  facet normal -0.77717 -0.62929 0
    outer loop
      vertex 1.71589 0.401478 3
      vertex 1.75541 0.352671 0
      vertex 1.75541 0.352671 3
    endloop
  endfacet
  facet normal -0.629296 0.777166 0
    outer loop
      vertex 1.67148 -0.445887 0
      vertex 1.62267 -0.48541 3
      vertex 1.67148 -0.445887 3
    endloop
  endfacet
  facet normal -0.629296 0.777166 0
    outer loop
      vertex 1.62267 -0.48541 3
      vertex 1.67148 -0.445887 0
      vertex 1.62267 -0.48541 0
    endloop
  endfacet
  facet normal -0.156441 0.987687 0
    outer loop
      vertex 1.39475 -0.586888 0
      vertex 1.33272 -0.596713 3
      vertex 1.39475 -0.586888 3
    endloop
  endfacet
  facet normal -0.156441 0.987687 0
    outer loop
      vertex 1.33272 -0.596713 3
      vertex 1.39475 -0.586888 0
      vertex 1.33272 -0.596713 0
    endloop
  endfacet
  facet normal -0.77717 0.62929 0
    outer loop
      vertex 1.71589 -0.401478 0
      vertex 1.75541 -0.352671 3
      vertex 1.75541 -0.352671 0
    endloop
  endfacet
  facet normal -0.77717 0.62929 0
    outer loop
      vertex 1.75541 -0.352671 3
      vertex 1.71589 -0.401478 0
      vertex 1.71589 -0.401478 3
    endloop
  endfacet
  facet normal 0.777147 -0.629319 0
    outer loop
      vertex 0.78459 0.352671 3
      vertex 0.824113 0.401478 0
      vertex 0.824113 0.401478 3
    endloop
  endfacet
  facet normal 0.777147 -0.629319 0
    outer loop
      vertex 0.824113 0.401478 0
      vertex 0.78459 0.352671 3
      vertex 0.78459 0.352671 0
    endloop
  endfacet
  facet normal -0.544647 0.838665 0
    outer loop
      vertex 1.62267 -0.48541 0
      vertex 1.57 -0.519615 3
      vertex 1.62267 -0.48541 3
    endloop
  endfacet
  facet normal -0.544647 0.838665 0
    outer loop
      vertex 1.57 -0.519615 3
      vertex 1.62267 -0.48541 0
      vertex 1.57 -0.519615 0
    endloop
  endfacet
  facet normal 0.629311 -0.777153 0
    outer loop
      vertex 0.868521 0.445887 0
      vertex 0.917329 0.48541 3
      vertex 0.868521 0.445887 3
    endloop
  endfacet
  facet normal 0.629311 -0.777153 0
    outer loop
      vertex 0.917329 0.48541 3
      vertex 0.868521 0.445887 0
      vertex 0.917329 0.48541 0
    endloop
  endfacet
  facet normal 0.258822 0.965925 -0
    outer loop
      vertex 1.14525 -0.586888 0
      vertex 1.08459 -0.570634 3
      vertex 1.14525 -0.586888 3
    endloop
  endfacet
  facet normal 0.258822 0.965925 0
    outer loop
      vertex 1.08459 -0.570634 3
      vertex 1.14525 -0.586888 0
      vertex 1.08459 -0.570634 0
    endloop
  endfacet
  facet normal 0.156441 0.987687 -0
    outer loop
      vertex 1.20728 -0.596713 0
      vertex 1.14525 -0.586888 3
      vertex 1.20728 -0.596713 3
    endloop
  endfacet
  facet normal 0.156441 0.987687 0
    outer loop
      vertex 1.14525 -0.586888 3
      vertex 1.20728 -0.596713 0
      vertex 1.14525 -0.586888 0
    endloop
  endfacet
  facet normal -0.987685 0.156457 0
    outer loop
      vertex 2.93444 -0.623734 3
      vertex 2.98357 -0.313585 17
      vertex 2.98357 -0.313585 3
    endloop
  endfacet
  facet normal -0.987685 0.156457 0
    outer loop
      vertex 2.98357 -0.313585 17
      vertex 2.93444 -0.623734 3
      vertex 2.93444 -0.623734 17
    endloop
  endfacet
  facet normal -0.987685 -0.156457 0
    outer loop
      vertex 2.98357 0.313585 3
      vertex 2.93444 0.623734 17
      vertex 2.93444 0.623734 3
    endloop
  endfacet
  facet normal -0.987685 -0.156457 0
    outer loop
      vertex 2.93444 0.623734 17
      vertex 2.98357 0.313585 3
      vertex 2.98357 0.313585 17
    endloop
  endfacet
  facet normal -0.99863 -0.0523223 0
    outer loop
      vertex 3 0 3
      vertex 2.98357 0.313585 17
      vertex 2.98357 0.313585 3
    endloop
  endfacet
  facet normal -0.99863 -0.0523223 0
    outer loop
      vertex 2.98357 0.313585 17
      vertex 3 0 3
      vertex 3 0 17
    endloop
  endfacet
  facet normal -0.965929 -0.258809 0
    outer loop
      vertex 2.93444 0.623734 3
      vertex 2.85317 0.927051 17
      vertex 2.85317 0.927051 3
    endloop
  endfacet
  facet normal -0.965929 -0.258809 0
    outer loop
      vertex 2.85317 0.927051 17
      vertex 2.93444 0.623734 3
      vertex 2.93444 0.623734 17
    endloop
  endfacet
  facet normal -0.838668 -0.544644 0
    outer loop
      vertex 2.59808 1.5 3
      vertex 2.42705 1.76336 17
      vertex 2.42705 1.76336 3
    endloop
  endfacet
  facet normal -0.838668 -0.544644 0
    outer loop
      vertex 2.42705 1.76336 17
      vertex 2.59808 1.5 3
      vertex 2.59808 1.5 17
    endloop
  endfacet
  facet normal 0.0523223 -0.99863 0
    outer loop
      vertex -0.313585 2.98357 3
      vertex 0 3 17
      vertex -0.313585 2.98357 17
    endloop
  endfacet
  facet normal 0.0523223 -0.99863 0
    outer loop
      vertex 0 3 17
      vertex -0.313585 2.98357 3
      vertex 0 3 3
    endloop
  endfacet
  facet normal -0.99863 0.0523223 0
    outer loop
      vertex 2.98357 -0.313585 3
      vertex 3 0 17
      vertex 3 0 3
    endloop
  endfacet
  facet normal -0.99863 0.0523223 0
    outer loop
      vertex 3 0 17
      vertex 2.98357 -0.313585 3
      vertex 2.98357 -0.313585 17
    endloop
  endfacet
  facet normal -0.777133 -0.629337 0
    outer loop
      vertex 2.42705 1.76336 3
      vertex 2.22943 2.00739 17
      vertex 2.22943 2.00739 3
    endloop
  endfacet
  facet normal -0.777133 -0.629337 0
    outer loop
      vertex 2.22943 2.00739 17
      vertex 2.42705 1.76336 3
      vertex 2.42705 1.76336 17
    endloop
  endfacet
  facet normal 0.987685 0.156457 0
    outer loop
      vertex -2.93444 -0.623734 17
      vertex -2.98357 -0.313585 3
      vertex -2.98357 -0.313585 17
    endloop
  endfacet
  facet normal 0.987685 0.156457 0
    outer loop
      vertex -2.98357 -0.313585 3
      vertex -2.93444 -0.623734 17
      vertex -2.93444 -0.623734 3
    endloop
  endfacet
  facet normal 0.891007 -0.45399 0
    outer loop
      vertex -2.74064 1.22021 17
      vertex -2.59808 1.5 3
      vertex -2.59808 1.5 17
    endloop
  endfacet
  facet normal 0.891007 -0.45399 0
    outer loop
      vertex -2.59808 1.5 3
      vertex -2.74064 1.22021 17
      vertex -2.74064 1.22021 3
    endloop
  endfacet
  facet normal -0.258809 -0.965929 0
    outer loop
      vertex 0.623734 2.93444 3
      vertex 0.927051 2.85317 17
      vertex 0.623734 2.93444 17
    endloop
  endfacet
  facet normal -0.258809 -0.965929 -0
    outer loop
      vertex 0.927051 2.85317 17
      vertex 0.623734 2.93444 3
      vertex 0.927051 2.85317 3
    endloop
  endfacet
  facet normal -0.358359 -0.933584 0
    outer loop
      vertex 0.927051 2.85317 3
      vertex 1.22021 2.74064 17
      vertex 0.927051 2.85317 17
    endloop
  endfacet
  facet normal -0.358359 -0.933584 -0
    outer loop
      vertex 1.22021 2.74064 17
      vertex 0.927051 2.85317 3
      vertex 1.22021 2.74064 3
    endloop
  endfacet
  facet normal 0.965929 0.258809 0
    outer loop
      vertex -2.85317 -0.927051 17
      vertex -2.93444 -0.623734 3
      vertex -2.93444 -0.623734 17
    endloop
  endfacet
  facet normal 0.965929 0.258809 0
    outer loop
      vertex -2.93444 -0.623734 3
      vertex -2.85317 -0.927051 17
      vertex -2.85317 -0.927051 3
    endloop
  endfacet
  facet normal -0.629337 -0.777133 0
    outer loop
      vertex 1.76336 2.42705 3
      vertex 2.00739 2.22943 17
      vertex 1.76336 2.42705 17
    endloop
  endfacet
  facet normal -0.629337 -0.777133 -0
    outer loop
      vertex 2.00739 2.22943 17
      vertex 1.76336 2.42705 3
      vertex 2.00739 2.22943 3
    endloop
  endfacet
  facet normal -0.358359 0.933584 0
    outer loop
      vertex 1.22021 -2.74064 3
      vertex 0.927051 -2.85317 17
      vertex 1.22021 -2.74064 17
    endloop
  endfacet
  facet normal -0.358359 0.933584 0
    outer loop
      vertex 0.927051 -2.85317 17
      vertex 1.22021 -2.74064 3
      vertex 0.927051 -2.85317 3
    endloop
  endfacet
  facet normal 0.777133 -0.629337 0
    outer loop
      vertex -2.42705 1.76336 17
      vertex -2.22943 2.00739 3
      vertex -2.22943 2.00739 17
    endloop
  endfacet
  facet normal 0.777133 -0.629337 0
    outer loop
      vertex -2.22943 2.00739 3
      vertex -2.42705 1.76336 17
      vertex -2.42705 1.76336 3
    endloop
  endfacet
  facet normal 0.258809 -0.965929 0
    outer loop
      vertex -0.927051 2.85317 3
      vertex -0.623734 2.93444 17
      vertex -0.927051 2.85317 17
    endloop
  endfacet
  facet normal 0.258809 -0.965929 0
    outer loop
      vertex -0.623734 2.93444 17
      vertex -0.927051 2.85317 3
      vertex -0.623734 2.93444 3
    endloop
  endfacet
  facet normal 0.707107 -0.707107 0
    outer loop
      vertex -2.22943 2.00739 17
      vertex -2.00739 2.22943 3
      vertex -2.00739 2.22943 17
    endloop
  endfacet
  facet normal 0.707107 -0.707107 0
    outer loop
      vertex -2.00739 2.22943 3
      vertex -2.22943 2.00739 17
      vertex -2.22943 2.00739 3
    endloop
  endfacet
  facet normal 0.544644 -0.838668 0
    outer loop
      vertex -1.76336 2.42705 3
      vertex -1.5 2.59808 17
      vertex -1.76336 2.42705 17
    endloop
  endfacet
  facet normal 0.544644 -0.838668 0
    outer loop
      vertex -1.5 2.59808 17
      vertex -1.76336 2.42705 3
      vertex -1.5 2.59808 3
    endloop
  endfacet
  facet normal -0.965929 0.258809 0
    outer loop
      vertex 2.85317 -0.927051 3
      vertex 2.93444 -0.623734 17
      vertex 2.93444 -0.623734 3
    endloop
  endfacet
  facet normal -0.965929 0.258809 0
    outer loop
      vertex 2.93444 -0.623734 17
      vertex 2.85317 -0.927051 3
      vertex 2.85317 -0.927051 17
    endloop
  endfacet
  facet normal -0.0523223 0.99863 0
    outer loop
      vertex 0.313585 -2.98357 3
      vertex 0 -3 17
      vertex 0.313585 -2.98357 17
    endloop
  endfacet
  facet normal -0.0523223 0.99863 0
    outer loop
      vertex 0 -3 17
      vertex 0.313585 -2.98357 3
      vertex 0 -3 3
    endloop
  endfacet
  facet normal -0.544644 -0.838668 0
    outer loop
      vertex 1.5 2.59808 3
      vertex 1.76336 2.42705 17
      vertex 1.5 2.59808 17
    endloop
  endfacet
  facet normal -0.544644 -0.838668 -0
    outer loop
      vertex 1.76336 2.42705 17
      vertex 1.5 2.59808 3
      vertex 1.76336 2.42705 3
    endloop
  endfacet
  facet normal 0.838668 0.544644 0
    outer loop
      vertex -2.42705 -1.76336 17
      vertex -2.59808 -1.5 3
      vertex -2.59808 -1.5 17
    endloop
  endfacet
  facet normal 0.838668 0.544644 0
    outer loop
      vertex -2.59808 -1.5 3
      vertex -2.42705 -1.76336 17
      vertex -2.42705 -1.76336 3
    endloop
  endfacet
  facet normal -0.156457 0.987685 0
    outer loop
      vertex 0.623734 -2.93444 3
      vertex 0.313585 -2.98357 17
      vertex 0.623734 -2.93444 17
    endloop
  endfacet
  facet normal -0.156457 0.987685 0
    outer loop
      vertex 0.313585 -2.98357 17
      vertex 0.623734 -2.93444 3
      vertex 0.313585 -2.98357 3
    endloop
  endfacet
  facet normal 0.156457 0.987685 -0
    outer loop
      vertex -0.313585 -2.98357 3
      vertex -0.623734 -2.93444 17
      vertex -0.313585 -2.98357 17
    endloop
  endfacet
  facet normal 0.156457 0.987685 0
    outer loop
      vertex -0.623734 -2.93444 17
      vertex -0.313585 -2.98357 3
      vertex -0.623734 -2.93444 3
    endloop
  endfacet
  facet normal 0.45399 0.891007 -0
    outer loop
      vertex -1.22021 -2.74064 3
      vertex -1.5 -2.59808 17
      vertex -1.22021 -2.74064 17
    endloop
  endfacet
  facet normal 0.45399 0.891007 0
    outer loop
      vertex -1.5 -2.59808 17
      vertex -1.22021 -2.74064 3
      vertex -1.5 -2.59808 3
    endloop
  endfacet
  facet normal 0.358359 -0.933584 0
    outer loop
      vertex -1.22021 2.74064 3
      vertex -0.927051 2.85317 17
      vertex -1.22021 2.74064 17
    endloop
  endfacet
  facet normal 0.358359 -0.933584 0
    outer loop
      vertex -0.927051 2.85317 17
      vertex -1.22021 2.74064 3
      vertex -0.927051 2.85317 3
    endloop
  endfacet
  facet normal -0.45399 -0.891007 0
    outer loop
      vertex 1.22021 2.74064 3
      vertex 1.5 2.59808 17
      vertex 1.22021 2.74064 17
    endloop
  endfacet
  facet normal -0.45399 -0.891007 -0
    outer loop
      vertex 1.5 2.59808 17
      vertex 1.22021 2.74064 3
      vertex 1.5 2.59808 3
    endloop
  endfacet
  facet normal -0.891007 0.45399 0
    outer loop
      vertex 2.59808 -1.5 3
      vertex 2.74064 -1.22021 17
      vertex 2.74064 -1.22021 3
    endloop
  endfacet
  facet normal -0.891007 0.45399 0
    outer loop
      vertex 2.74064 -1.22021 17
      vertex 2.59808 -1.5 3
      vertex 2.59808 -1.5 17
    endloop
  endfacet
  facet normal -0.707107 -0.707107 0
    outer loop
      vertex 2.22943 2.00739 3
      vertex 2.00739 2.22943 17
      vertex 2.00739 2.22943 3
    endloop
  endfacet
  facet normal -0.707107 -0.707107 0
    outer loop
      vertex 2.00739 2.22943 17
      vertex 2.22943 2.00739 3
      vertex 2.22943 2.00739 17
    endloop
  endfacet
  facet normal 0.629337 0.777133 -0
    outer loop
      vertex -1.76336 -2.42705 3
      vertex -2.00739 -2.22943 17
      vertex -1.76336 -2.42705 17
    endloop
  endfacet
  facet normal 0.629337 0.777133 0
    outer loop
      vertex -2.00739 -2.22943 17
      vertex -1.76336 -2.42705 3
      vertex -2.00739 -2.22943 3
    endloop
  endfacet
  facet normal -0.838668 0.544644 0
    outer loop
      vertex 2.42705 -1.76336 3
      vertex 2.59808 -1.5 17
      vertex 2.59808 -1.5 3
    endloop
  endfacet
  facet normal -0.838668 0.544644 0
    outer loop
      vertex 2.59808 -1.5 17
      vertex 2.42705 -1.76336 3
      vertex 2.42705 -1.76336 17
    endloop
  endfacet
  facet normal -0.45399 0.891007 0
    outer loop
      vertex 1.5 -2.59808 3
      vertex 1.22021 -2.74064 17
      vertex 1.5 -2.59808 17
    endloop
  endfacet
  facet normal -0.45399 0.891007 0
    outer loop
      vertex 1.22021 -2.74064 17
      vertex 1.5 -2.59808 3
      vertex 1.22021 -2.74064 3
    endloop
  endfacet
  facet normal 0.156457 -0.987685 0
    outer loop
      vertex -0.623734 2.93444 3
      vertex -0.313585 2.98357 17
      vertex -0.623734 2.93444 17
    endloop
  endfacet
  facet normal 0.156457 -0.987685 0
    outer loop
      vertex -0.313585 2.98357 17
      vertex -0.623734 2.93444 3
      vertex -0.313585 2.98357 3
    endloop
  endfacet
  facet normal -0.933584 -0.358359 0
    outer loop
      vertex 2.85317 0.927051 3
      vertex 2.74064 1.22021 17
      vertex 2.74064 1.22021 3
    endloop
  endfacet
  facet normal -0.933584 -0.358359 0
    outer loop
      vertex 2.74064 1.22021 17
      vertex 2.85317 0.927051 3
      vertex 2.85317 0.927051 17
    endloop
  endfacet
  facet normal -0.777133 0.629337 0
    outer loop
      vertex 2.22943 -2.00739 3
      vertex 2.42705 -1.76336 17
      vertex 2.42705 -1.76336 3
    endloop
  endfacet
  facet normal -0.777133 0.629337 0
    outer loop
      vertex 2.42705 -1.76336 17
      vertex 2.22943 -2.00739 3
      vertex 2.22943 -2.00739 17
    endloop
  endfacet
  facet normal 0.933584 0.358359 0
    outer loop
      vertex -2.74064 -1.22021 17
      vertex -2.85317 -0.927051 3
      vertex -2.85317 -0.927051 17
    endloop
  endfacet
  facet normal 0.933584 0.358359 0
    outer loop
      vertex -2.85317 -0.927051 3
      vertex -2.74064 -1.22021 17
      vertex -2.74064 -1.22021 3
    endloop
  endfacet
  facet normal 0.987685 -0.156457 0
    outer loop
      vertex -2.98357 0.313585 17
      vertex -2.93444 0.623734 3
      vertex -2.93444 0.623734 17
    endloop
  endfacet
  facet normal 0.987685 -0.156457 0
    outer loop
      vertex -2.93444 0.623734 3
      vertex -2.98357 0.313585 17
      vertex -2.98357 0.313585 3
    endloop
  endfacet
  facet normal -0.0523223 -0.99863 0
    outer loop
      vertex 0 3 3
      vertex 0.313585 2.98357 17
      vertex 0 3 17
    endloop
  endfacet
  facet normal -0.0523223 -0.99863 -0
    outer loop
      vertex 0.313585 2.98357 17
      vertex 0 3 3
      vertex 0.313585 2.98357 3
    endloop
  endfacet
  facet normal -0.891007 -0.45399 0
    outer loop
      vertex 2.74064 1.22021 3
      vertex 2.59808 1.5 17
      vertex 2.59808 1.5 3
    endloop
  endfacet
  facet normal -0.891007 -0.45399 0
    outer loop
      vertex 2.59808 1.5 17
      vertex 2.74064 1.22021 3
      vertex 2.74064 1.22021 17
    endloop
  endfacet
  facet normal 0.838668 -0.544644 0
    outer loop
      vertex -2.59808 1.5 17
      vertex -2.42705 1.76336 3
      vertex -2.42705 1.76336 17
    endloop
  endfacet
  facet normal 0.838668 -0.544644 0
    outer loop
      vertex -2.42705 1.76336 3
      vertex -2.59808 1.5 17
      vertex -2.59808 1.5 3
    endloop
  endfacet
  facet normal 0.629337 -0.777133 0
    outer loop
      vertex -2.00739 2.22943 3
      vertex -1.76336 2.42705 17
      vertex -2.00739 2.22943 17
    endloop
  endfacet
  facet normal 0.629337 -0.777133 0
    outer loop
      vertex -1.76336 2.42705 17
      vertex -2.00739 2.22943 3
      vertex -1.76336 2.42705 3
    endloop
  endfacet
  facet normal 0.933584 -0.358359 0
    outer loop
      vertex -2.85317 0.927051 17
      vertex -2.74064 1.22021 3
      vertex -2.74064 1.22021 17
    endloop
  endfacet
  facet normal 0.933584 -0.358359 0
    outer loop
      vertex -2.74064 1.22021 3
      vertex -2.85317 0.927051 17
      vertex -2.85317 0.927051 3
    endloop
  endfacet
  facet normal 0.891007 0.45399 0
    outer loop
      vertex -2.59808 -1.5 17
      vertex -2.74064 -1.22021 3
      vertex -2.74064 -1.22021 17
    endloop
  endfacet
  facet normal 0.891007 0.45399 0
    outer loop
      vertex -2.74064 -1.22021 3
      vertex -2.59808 -1.5 17
      vertex -2.59808 -1.5 3
    endloop
  endfacet
  facet normal -0.258809 0.965929 0
    outer loop
      vertex 0.927051 -2.85317 3
      vertex 0.623734 -2.93444 17
      vertex 0.927051 -2.85317 17
    endloop
  endfacet
  facet normal -0.258809 0.965929 0
    outer loop
      vertex 0.623734 -2.93444 17
      vertex 0.927051 -2.85317 3
      vertex 0.623734 -2.93444 3
    endloop
  endfacet
  facet normal -0.629337 0.777133 0
    outer loop
      vertex 2.00739 -2.22943 3
      vertex 1.76336 -2.42705 17
      vertex 2.00739 -2.22943 17
    endloop
  endfacet
  facet normal -0.629337 0.777133 0
    outer loop
      vertex 1.76336 -2.42705 17
      vertex 2.00739 -2.22943 3
      vertex 1.76336 -2.42705 3
    endloop
  endfacet
  facet normal 0.258809 0.965929 -0
    outer loop
      vertex -0.623734 -2.93444 3
      vertex -0.927051 -2.85317 17
      vertex -0.623734 -2.93444 17
    endloop
  endfacet
  facet normal 0.258809 0.965929 0
    outer loop
      vertex -0.927051 -2.85317 17
      vertex -0.623734 -2.93444 3
      vertex -0.927051 -2.85317 3
    endloop
  endfacet
  facet normal 0.99863 0.0523223 0
    outer loop
      vertex -2.98357 -0.313585 17
      vertex -3 0 3
      vertex -3 0 17
    endloop
  endfacet
  facet normal 0.99863 0.0523223 0
    outer loop
      vertex -3 0 3
      vertex -2.98357 -0.313585 17
      vertex -2.98357 -0.313585 3
    endloop
  endfacet
  facet normal -0.156457 -0.987685 0
    outer loop
      vertex 0.313585 2.98357 3
      vertex 0.623734 2.93444 17
      vertex 0.313585 2.98357 17
    endloop
  endfacet
  facet normal -0.156457 -0.987685 -0
    outer loop
      vertex 0.623734 2.93444 17
      vertex 0.313585 2.98357 3
      vertex 0.623734 2.93444 3
    endloop
  endfacet
  facet normal 0.777133 0.629337 0
    outer loop
      vertex -2.22943 -2.00739 17
      vertex -2.42705 -1.76336 3
      vertex -2.42705 -1.76336 17
    endloop
  endfacet
  facet normal 0.777133 0.629337 0
    outer loop
      vertex -2.42705 -1.76336 3
      vertex -2.22943 -2.00739 17
      vertex -2.22943 -2.00739 3
    endloop
  endfacet
  facet normal 0.45399 -0.891007 0
    outer loop
      vertex -1.5 2.59808 3
      vertex -1.22021 2.74064 17
      vertex -1.5 2.59808 17
    endloop
  endfacet
  facet normal 0.45399 -0.891007 0
    outer loop
      vertex -1.22021 2.74064 17
      vertex -1.5 2.59808 3
      vertex -1.22021 2.74064 3
    endloop
  endfacet
  facet normal 0.965929 -0.258809 0
    outer loop
      vertex -2.93444 0.623734 17
      vertex -2.85317 0.927051 3
      vertex -2.85317 0.927051 17
    endloop
  endfacet
  facet normal 0.965929 -0.258809 0
    outer loop
      vertex -2.85317 0.927051 3
      vertex -2.93444 0.623734 17
      vertex -2.93444 0.623734 3
    endloop
  endfacet
  facet normal 0.707107 0.707107 0
    outer loop
      vertex -2.00739 -2.22943 17
      vertex -2.22943 -2.00739 3
      vertex -2.22943 -2.00739 17
    endloop
  endfacet
  facet normal 0.707107 0.707107 0
    outer loop
      vertex -2.22943 -2.00739 3
      vertex -2.00739 -2.22943 17
      vertex -2.00739 -2.22943 3
    endloop
  endfacet
  facet normal -0.544644 0.838668 0
    outer loop
      vertex 1.76336 -2.42705 3
      vertex 1.5 -2.59808 17
      vertex 1.76336 -2.42705 17
    endloop
  endfacet
  facet normal -0.544644 0.838668 0
    outer loop
      vertex 1.5 -2.59808 17
      vertex 1.76336 -2.42705 3
      vertex 1.5 -2.59808 3
    endloop
  endfacet
  facet normal -0.933584 0.358359 0
    outer loop
      vertex 2.74064 -1.22021 3
      vertex 2.85317 -0.927051 17
      vertex 2.85317 -0.927051 3
    endloop
  endfacet
  facet normal -0.933584 0.358359 0
    outer loop
      vertex 2.85317 -0.927051 17
      vertex 2.74064 -1.22021 3
      vertex 2.74064 -1.22021 17
    endloop
  endfacet
  facet normal 0 0 1
    outer loop
      vertex 0.750384 -0.299999 3
      vertex -0.750384 -0.299999 3
      vertex 0.78459 -0.352671 3
    endloop
  endfacet
  facet normal 0 0 1
    outer loop
      vertex -0.78459 -0.352671 3
      vertex 0.78459 -0.352671 3
      vertex -0.750384 -0.299999 3
    endloop
  endfacet
  facet normal 0 0 1
    outer loop
      vertex 0.78459 -0.352671 3
      vertex -0.78459 -0.352671 3
      vertex 0.824113 -0.401478 3
    endloop
  endfacet
  facet normal 0 0 1
    outer loop
      vertex -0.824113 -0.401478 3
      vertex 0.824113 -0.401478 3
      vertex -0.78459 -0.352671 3
    endloop
  endfacet
  facet normal 0 0 1
    outer loop
      vertex 0.824113 -0.401478 3
      vertex -0.824113 -0.401478 3
      vertex 0.868521 -0.445887 3
    endloop
  endfacet
  facet normal 0 0 1
    outer loop
      vertex -0.868521 -0.445887 3
      vertex 0.868521 -0.445887 3
      vertex -0.824113 -0.401478 3
    endloop
  endfacet
  facet normal 0 0 1
    outer loop
      vertex 0.868521 -0.445887 3
      vertex -0.868521 -0.445887 3
      vertex -0.313585 -2.98357 3
    endloop
  endfacet
  facet normal -0 0 1
    outer loop
      vertex -0.917329 -0.48541 3
      vertex -0.313585 -2.98357 3
      vertex -0.868521 -0.445887 3
    endloop
  endfacet
  facet normal -0 0 1
    outer loop
      vertex -0.969999 -0.519615 3
      vertex -0.313585 -2.98357 3
      vertex -0.917329 -0.48541 3
    endloop
  endfacet
  facet normal 0 0 1
    outer loop
      vertex -0.313585 -2.98357 3
      vertex -0.969999 -0.519615 3
      vertex -0.623734 -2.93444 3
    endloop
  endfacet
  facet normal -0 0 1
    outer loop
      vertex -1.02596 -0.548127 3
      vertex -0.623734 -2.93444 3
      vertex -0.969999 -0.519615 3
    endloop
  endfacet
  facet normal 0 0 1
    outer loop
      vertex -0.623734 -2.93444 3
      vertex -1.02596 -0.548127 3
      vertex -0.927051 -2.85317 3
    endloop
  endfacet
  facet normal -0 0 1
    outer loop
      vertex -1.08459 -0.570634 3
      vertex -0.927051 -2.85317 3
      vertex -1.02596 -0.548127 3
    endloop
  endfacet
  facet normal 0 0 1
    outer loop
      vertex -1.22021 -2.74064 3
      vertex -1.08459 -0.570634 3
      vertex -1.14525 -0.586888 3
    endloop
  endfacet
  facet normal 0 0 1
    outer loop
      vertex -1.5 -2.59808 3
      vertex -1.14525 -0.586888 3
      vertex -1.20728 -0.596713 3
    endloop
  endfacet
  facet normal 0 0 1
    outer loop
      vertex -1.08459 -0.570634 3
      vertex -1.22021 -2.74064 3
      vertex -0.927051 -2.85317 3
    endloop
  endfacet
  facet normal 0 0 1
    outer loop
      vertex -1.76336 -2.42705 3
      vertex -1.20728 -0.596713 3
      vertex -1.27 -0.599999 3
    endloop
  endfacet
  facet normal 0 0 1
    outer loop
      vertex -2.00739 -2.22943 3
      vertex -1.27 -0.599999 3
      vertex -1.33272 -0.596713 3
    endloop
  endfacet
  facet normal 0 0 1
    outer loop
      vertex -2.22943 -2.00739 3
      vertex -1.33272 -0.596713 3
      vertex -1.39475 -0.586888 3
    endloop
  endfacet
  facet normal 0 0 1
    outer loop
      vertex -2.22943 -2.00739 3
      vertex -1.39475 -0.586888 3
      vertex -1.45541 -0.570634 3
    endloop
  endfacet
  facet normal 0 0 1
    outer loop
      vertex -1.14525 -0.586888 3
      vertex -1.5 -2.59808 3
      vertex -1.22021 -2.74064 3
    endloop
  endfacet
  facet normal 0 0 1
    outer loop
      vertex -2.42705 -1.76336 3
      vertex -1.45541 -0.570634 3
      vertex -1.51404 -0.548127 3
    endloop
  endfacet
  facet normal 0 0 1
    outer loop
      vertex -2.59808 -1.5 3
      vertex -1.51404 -0.548127 3
      vertex -1.57 -0.519615 3
    endloop
  endfacet
  facet normal 0 0 1
    outer loop
      vertex -2.59808 -1.5 3
      vertex -1.57 -0.519615 3
      vertex -1.62267 -0.48541 3
    endloop
  endfacet
  facet normal 0 0 1
    outer loop
      vertex -2.74064 -1.22021 3
      vertex -1.62267 -0.48541 3
      vertex -1.67148 -0.445887 3
    endloop
  endfacet
  facet normal 0 0 1
    outer loop
      vertex -2.74064 -1.22021 3
      vertex -1.67148 -0.445887 3
      vertex -1.71589 -0.401478 3
    endloop
  endfacet
  facet normal 0 0 1
    outer loop
      vertex -2.85317 -0.927051 3
      vertex -1.71589 -0.401478 3
      vertex -1.75541 -0.352671 3
    endloop
  endfacet
  facet normal 0 0 1
    outer loop
      vertex -1.20728 -0.596713 3
      vertex -1.76336 -2.42705 3
      vertex -1.5 -2.59808 3
    endloop
  endfacet
  facet normal 0 0 1
    outer loop
      vertex -2.85317 -0.927051 3
      vertex -1.75541 -0.352671 3
      vertex -1.78961 -0.299999 3
    endloop
  endfacet
  facet normal 0 0 1
    outer loop
      vertex -2.93444 -0.623734 3
      vertex -1.78961 -0.299999 3
      vertex -1.81813 -0.244041 3
    endloop
  endfacet
  facet normal 0 0 1
    outer loop
      vertex -2.93444 -0.623734 3
      vertex -1.81813 -0.244041 3
      vertex -1.84063 -0.18541 3
    endloop
  endfacet
  facet normal 0 0 1
    outer loop
      vertex -2.98357 -0.313585 3
      vertex -1.84063 -0.18541 3
      vertex -1.85689 -0.124746 3
    endloop
  endfacet
  facet normal 0 0 1
    outer loop
      vertex -2.98357 -0.313585 3
      vertex -1.85689 -0.124746 3
      vertex -1.86671 -0.0627165 3
    endloop
  endfacet
  facet normal -0 0 1
    outer loop
      vertex -3 0 3
      vertex -1.86671 -0.0627165 3
      vertex -1.87 0 3
    endloop
  endfacet
  facet normal -0 0 1
    outer loop
      vertex -2.93444 0.623734 3
      vertex -1.78961 0.299999 3
      vertex -2.85317 0.927051 3
    endloop
  endfacet
  facet normal 0 0 1
    outer loop
      vertex -1.27 -0.599999 3
      vertex -2.00739 -2.22943 3
      vertex -1.76336 -2.42705 3
    endloop
  endfacet
  facet normal 0 0 1
    outer loop
      vertex -1.78961 0.299999 3
      vertex -2.93444 0.623734 3
      vertex -1.81813 0.244041 3
    endloop
  endfacet
  facet normal 0 0 1
    outer loop
      vertex -1.33272 -0.596713 3
      vertex -2.22943 -2.00739 3
      vertex -2.00739 -2.22943 3
    endloop
  endfacet
  facet normal 0 0 1
    outer loop
      vertex -1.81813 0.244041 3
      vertex -2.93444 0.623734 3
      vertex -1.84063 0.18541 3
    endloop
  endfacet
  facet normal 0 0 1
    outer loop
      vertex -1.45541 -0.570634 3
      vertex -2.42705 -1.76336 3
      vertex -2.22943 -2.00739 3
    endloop
  endfacet
  facet normal -0 0 1
    outer loop
      vertex -2.98357 0.313585 3
      vertex -1.84063 0.18541 3
      vertex -2.93444 0.623734 3
    endloop
  endfacet
  facet normal 0 0 1
    outer loop
      vertex -1.51404 -0.548127 3
      vertex -2.59808 -1.5 3
      vertex -2.42705 -1.76336 3
    endloop
  endfacet
  facet normal 0 0 1
    outer loop
      vertex -1.84063 0.18541 3
      vertex -2.98357 0.313585 3
      vertex -1.85689 0.124746 3
    endloop
  endfacet
  facet normal 0 0 1
    outer loop
      vertex -1.62267 -0.48541 3
      vertex -2.74064 -1.22021 3
      vertex -2.59808 -1.5 3
    endloop
  endfacet
  facet normal 0 0 1
    outer loop
      vertex -1.85689 0.124746 3
      vertex -2.98357 0.313585 3
      vertex -1.86671 0.0627165 3
    endloop
  endfacet
  facet normal 0 0 1
    outer loop
      vertex -1.71589 -0.401478 3
      vertex -2.85317 -0.927051 3
      vertex -2.74064 -1.22021 3
    endloop
  endfacet
  facet normal 0 0 1
    outer loop
      vertex -3 0 3
      vertex -1.86671 0.0627165 3
      vertex -2.98357 0.313585 3
    endloop
  endfacet
  facet normal 0 0 1
    outer loop
      vertex -1.78961 -0.299999 3
      vertex -2.93444 -0.623734 3
      vertex -2.85317 -0.927051 3
    endloop
  endfacet
  facet normal 0 0 1
    outer loop
      vertex -1.86671 0.0627165 3
      vertex -3 0 3
      vertex -1.87 0 3
    endloop
  endfacet
  facet normal 0 0 1
    outer loop
      vertex -1.84063 -0.18541 3
      vertex -2.98357 -0.313585 3
      vertex -2.93444 -0.623734 3
    endloop
  endfacet
  facet normal 0 0 1
    outer loop
      vertex -1.86671 -0.0627165 3
      vertex -3 0 3
      vertex -2.98357 -0.313585 3
    endloop
  endfacet
  facet normal -0 0 1
    outer loop
      vertex 1.86671 0.0627165 3
      vertex 3 0 3
      vertex 2.98357 0.313585 3
    endloop
  endfacet
  facet normal 0 0 1
    outer loop
      vertex 1.84063 0.18541 3
      vertex 2.98357 0.313585 3
      vertex 2.93444 0.623734 3
    endloop
  endfacet
  facet normal 0 0 1
    outer loop
      vertex 3 0 3
      vertex 1.86671 0.0627165 3
      vertex 1.87 0 3
    endloop
  endfacet
  facet normal 0 0 1
    outer loop
      vertex 1.78961 0.299999 3
      vertex 2.93444 0.623734 3
      vertex 2.85317 0.927051 3
    endloop
  endfacet
  facet normal 0 0 1
    outer loop
      vertex 1.86671 -0.0627165 3
      vertex 3 0 3
      vertex 1.87 0 3
    endloop
  endfacet
  facet normal 0 0 1
    outer loop
      vertex 1.71589 0.401478 3
      vertex 2.85317 0.927051 3
      vertex 2.74064 1.22021 3
    endloop
  endfacet
  facet normal 0 0 1
    outer loop
      vertex 3 0 3
      vertex 1.86671 -0.0627165 3
      vertex 2.98357 -0.313585 3
    endloop
  endfacet
  facet normal 0 0 1
    outer loop
      vertex 1.62267 0.48541 3
      vertex 2.74064 1.22021 3
      vertex 2.59808 1.5 3
    endloop
  endfacet
  facet normal -0 0 1
    outer loop
      vertex 1.85689 -0.124746 3
      vertex 2.98357 -0.313585 3
      vertex 1.86671 -0.0627165 3
    endloop
  endfacet
  facet normal 0 0 1
    outer loop
      vertex 1.51404 0.548127 3
      vertex 2.59808 1.5 3
      vertex 2.42705 1.76336 3
    endloop
  endfacet
  facet normal -0 0 1
    outer loop
      vertex 1.84063 -0.18541 3
      vertex 2.98357 -0.313585 3
      vertex 1.85689 -0.124746 3
    endloop
  endfacet
  facet normal 0 0 1
    outer loop
      vertex 1.45541 0.570634 3
      vertex 2.42705 1.76336 3
      vertex 2.22943 2.00739 3
    endloop
  endfacet
  facet normal 0 0 1
    outer loop
      vertex 2.98357 -0.313585 3
      vertex 1.84063 -0.18541 3
      vertex 2.93444 -0.623734 3
    endloop
  endfacet
  facet normal 0 0 1
    outer loop
      vertex 1.33272 0.596713 3
      vertex 2.22943 2.00739 3
      vertex 2.00739 2.22943 3
    endloop
  endfacet
  facet normal -0 0 1
    outer loop
      vertex 1.78961 -0.299999 3
      vertex 2.93444 -0.623734 3
      vertex 1.81813 -0.244041 3
    endloop
  endfacet
  facet normal 0 0 1
    outer loop
      vertex 2.93444 -0.623734 3
      vertex 1.78961 -0.299999 3
      vertex 2.85317 -0.927051 3
    endloop
  endfacet
  facet normal -0 0 1
    outer loop
      vertex 1.81813 -0.244041 3
      vertex 2.93444 -0.623734 3
      vertex 1.84063 -0.18541 3
    endloop
  endfacet
  facet normal 0 0 1
    outer loop
      vertex 2.98357 0.313585 3
      vertex 1.85689 0.124746 3
      vertex 1.86671 0.0627165 3
    endloop
  endfacet
  facet normal 0 0 1
    outer loop
      vertex 2.98357 0.313585 3
      vertex 1.84063 0.18541 3
      vertex 1.85689 0.124746 3
    endloop
  endfacet
  facet normal 0 0 1
    outer loop
      vertex 2.93444 0.623734 3
      vertex 1.81813 0.244041 3
      vertex 1.84063 0.18541 3
    endloop
  endfacet
  facet normal 0 0 1
    outer loop
      vertex 2.93444 0.623734 3
      vertex 1.78961 0.299999 3
      vertex 1.81813 0.244041 3
    endloop
  endfacet
  facet normal 0 0 1
    outer loop
      vertex 1.27 0.599999 3
      vertex 2.00739 2.22943 3
      vertex 1.76336 2.42705 3
    endloop
  endfacet
  facet normal 0 0 1
    outer loop
      vertex 2.85317 0.927051 3
      vertex 1.75541 0.352671 3
      vertex 1.78961 0.299999 3
    endloop
  endfacet
  facet normal 0 0 1
    outer loop
      vertex 2.85317 0.927051 3
      vertex 1.71589 0.401478 3
      vertex 1.75541 0.352671 3
    endloop
  endfacet
  facet normal 0 0 1
    outer loop
      vertex 2.74064 1.22021 3
      vertex 1.67148 0.445887 3
      vertex 1.71589 0.401478 3
    endloop
  endfacet
  facet normal 0 0 1
    outer loop
      vertex 2.74064 1.22021 3
      vertex 1.62267 0.48541 3
      vertex 1.67148 0.445887 3
    endloop
  endfacet
  facet normal 0 0 1
    outer loop
      vertex 2.59808 1.5 3
      vertex 1.57 0.519615 3
      vertex 1.62267 0.48541 3
    endloop
  endfacet
  facet normal 0 0 1
    outer loop
      vertex 2.59808 1.5 3
      vertex 1.51404 0.548127 3
      vertex 1.57 0.519615 3
    endloop
  endfacet
  facet normal 0 0 1
    outer loop
      vertex 1.20728 0.596713 3
      vertex 1.76336 2.42705 3
      vertex 1.5 2.59808 3
    endloop
  endfacet
  facet normal 0 0 1
    outer loop
      vertex 2.42705 1.76336 3
      vertex 1.45541 0.570634 3
      vertex 1.51404 0.548127 3
    endloop
  endfacet
  facet normal 0 0 1
    outer loop
      vertex 2.22943 2.00739 3
      vertex 1.39475 0.586888 3
      vertex 1.45541 0.570634 3
    endloop
  endfacet
  facet normal 0 0 1
    outer loop
      vertex 2.22943 2.00739 3
      vertex 1.33272 0.596713 3
      vertex 1.39475 0.586888 3
    endloop
  endfacet
  facet normal 0 0 1
    outer loop
      vertex 2.00739 2.22943 3
      vertex 1.27 0.599999 3
      vertex 1.33272 0.596713 3
    endloop
  endfacet
  facet normal 0 0 1
    outer loop
      vertex 1.14525 0.586888 3
      vertex 1.5 2.59808 3
      vertex 1.22021 2.74064 3
    endloop
  endfacet
  facet normal 0 0 1
    outer loop
      vertex 1.76336 2.42705 3
      vertex 1.20728 0.596713 3
      vertex 1.27 0.599999 3
    endloop
  endfacet
  facet normal 0 0 1
    outer loop
      vertex 1.5 2.59808 3
      vertex 1.14525 0.586888 3
      vertex 1.20728 0.596713 3
    endloop
  endfacet
  facet normal 0 0 1
    outer loop
      vertex 1.22021 2.74064 3
      vertex 1.08459 0.570634 3
      vertex 1.14525 0.586888 3
    endloop
  endfacet
  facet normal 0 0 1
    outer loop
      vertex 0.927051 2.85317 3
      vertex 1.08459 0.570634 3
      vertex 1.22021 2.74064 3
    endloop
  endfacet
  facet normal 0 0 1
    outer loop
      vertex 1.08459 0.570634 3
      vertex 0.927051 2.85317 3
      vertex 1.02596 0.548127 3
    endloop
  endfacet
  facet normal 0 0 1
    outer loop
      vertex 0.623734 2.93444 3
      vertex 1.02596 0.548127 3
      vertex 0.927051 2.85317 3
    endloop
  endfacet
  facet normal 0 0 1
    outer loop
      vertex 1.02596 0.548127 3
      vertex 0.623734 2.93444 3
      vertex 0.969999 0.519615 3
    endloop
  endfacet
  facet normal 0 0 1
    outer loop
      vertex 0.313585 2.98357 3
      vertex 0.969999 0.519615 3
      vertex 0.623734 2.93444 3
    endloop
  endfacet
  facet normal 0 0 1
    outer loop
      vertex 0.969999 0.519615 3
      vertex 0.313585 2.98357 3
      vertex 0.917329 0.48541 3
    endloop
  endfacet
  facet normal 0 0 1
    outer loop
      vertex 0 3 3
      vertex 0.917329 0.48541 3
      vertex 0.313585 2.98357 3
    endloop
  endfacet
  facet normal 0 0 1
    outer loop
      vertex 0.917329 0.48541 3
      vertex 0 3 3
      vertex 0.868521 0.445887 3
    endloop
  endfacet
  facet normal 0 0 1
    outer loop
      vertex -0.868521 0.445887 3
      vertex 0.868521 0.445887 3
      vertex 0 3 3
    endloop
  endfacet
  facet normal 0 0 1
    outer loop
      vertex 0.868521 0.445887 3
      vertex -0.868521 0.445887 3
      vertex 0.824113 0.401478 3
    endloop
  endfacet
  facet normal 0 -0 1
    outer loop
      vertex -0.824113 0.401478 3
      vertex 0.824113 0.401478 3
      vertex -0.868521 0.445887 3
    endloop
  endfacet
  facet normal 0 -0 1
    outer loop
      vertex -0.78459 0.352671 3
      vertex 0.78459 0.352671 3
      vertex -0.824113 0.401478 3
    endloop
  endfacet
  facet normal 0 -0 1
    outer loop
      vertex -0.750384 0.299999 3
      vertex 0.750384 0.299999 3
      vertex -0.78459 0.352671 3
    endloop
  endfacet
  facet normal 0 0 1
    outer loop
      vertex 0.78459 0.352671 3
      vertex -0.78459 0.352671 3
      vertex 0.750384 0.299999 3
    endloop
  endfacet
  facet normal -0 0 1
    outer loop
      vertex 1.75541 -0.352671 3
      vertex 2.85317 -0.927051 3
      vertex 1.78961 -0.299999 3
    endloop
  endfacet
  facet normal -0 0 1
    outer loop
      vertex 1.71589 -0.401478 3
      vertex 2.85317 -0.927051 3
      vertex 1.75541 -0.352671 3
    endloop
  endfacet
  facet normal 0 0 1
    outer loop
      vertex 2.85317 -0.927051 3
      vertex 1.71589 -0.401478 3
      vertex 2.74064 -1.22021 3
    endloop
  endfacet
  facet normal -0 0 1
    outer loop
      vertex 1.67148 -0.445887 3
      vertex 2.74064 -1.22021 3
      vertex 1.71589 -0.401478 3
    endloop
  endfacet
  facet normal -0 0 1
    outer loop
      vertex 1.62267 -0.48541 3
      vertex 2.74064 -1.22021 3
      vertex 1.67148 -0.445887 3
    endloop
  endfacet
  facet normal 0 0 1
    outer loop
      vertex 2.74064 -1.22021 3
      vertex 1.62267 -0.48541 3
      vertex 2.59808 -1.5 3
    endloop
  endfacet
  facet normal -0 0 1
    outer loop
      vertex 1.57 -0.519615 3
      vertex 2.59808 -1.5 3
      vertex 1.62267 -0.48541 3
    endloop
  endfacet
  facet normal -0 0 1
    outer loop
      vertex 1.51404 -0.548127 3
      vertex 2.59808 -1.5 3
      vertex 1.57 -0.519615 3
    endloop
  endfacet
  facet normal 0 0 1
    outer loop
      vertex 2.59808 -1.5 3
      vertex 1.51404 -0.548127 3
      vertex 2.42705 -1.76336 3
    endloop
  endfacet
  facet normal -0 0 1
    outer loop
      vertex 1.45541 -0.570634 3
      vertex 2.42705 -1.76336 3
      vertex 1.51404 -0.548127 3
    endloop
  endfacet
  facet normal 0 0 1
    outer loop
      vertex 2.42705 -1.76336 3
      vertex 1.45541 -0.570634 3
      vertex 2.22943 -2.00739 3
    endloop
  endfacet
  facet normal -0 0 1
    outer loop
      vertex 1.39475 -0.586888 3
      vertex 2.22943 -2.00739 3
      vertex 1.45541 -0.570634 3
    endloop
  endfacet
  facet normal -0 0 1
    outer loop
      vertex 1.33272 -0.596713 3
      vertex 2.22943 -2.00739 3
      vertex 1.39475 -0.586888 3
    endloop
  endfacet
  facet normal 0 0 1
    outer loop
      vertex 2.22943 -2.00739 3
      vertex 1.33272 -0.596713 3
      vertex 2.00739 -2.22943 3
    endloop
  endfacet
  facet normal -0 0 1
    outer loop
      vertex 1.27 -0.599999 3
      vertex 2.00739 -2.22943 3
      vertex 1.33272 -0.596713 3
    endloop
  endfacet
  facet normal 0 0 1
    outer loop
      vertex 2.00739 -2.22943 3
      vertex 1.27 -0.599999 3
      vertex 1.76336 -2.42705 3
    endloop
  endfacet
  facet normal 0 0 1
    outer loop
      vertex 1.20728 -0.596713 3
      vertex 1.76336 -2.42705 3
      vertex 1.27 -0.599999 3
    endloop
  endfacet
  facet normal 0 0 1
    outer loop
      vertex 1.76336 -2.42705 3
      vertex 1.20728 -0.596713 3
      vertex 1.5 -2.59808 3
    endloop
  endfacet
  facet normal 0 0 1
    outer loop
      vertex 1.14525 -0.586888 3
      vertex 1.5 -2.59808 3
      vertex 1.20728 -0.596713 3
    endloop
  endfacet
  facet normal 0 0 1
    outer loop
      vertex 1.5 -2.59808 3
      vertex 1.14525 -0.586888 3
      vertex 1.22021 -2.74064 3
    endloop
  endfacet
  facet normal 0 0 1
    outer loop
      vertex 1.08459 -0.570634 3
      vertex 1.22021 -2.74064 3
      vertex 1.14525 -0.586888 3
    endloop
  endfacet
  facet normal 0 0 1
    outer loop
      vertex 0.927051 -2.85317 3
      vertex 1.08459 -0.570634 3
      vertex 1.02596 -0.548127 3
    endloop
  endfacet
  facet normal 0 0 1
    outer loop
      vertex 0.623734 -2.93444 3
      vertex 1.02596 -0.548127 3
      vertex 0.969999 -0.519615 3
    endloop
  endfacet
  facet normal 0 0 1
    outer loop
      vertex 1.08459 -0.570634 3
      vertex 0.927051 -2.85317 3
      vertex 1.22021 -2.74064 3
    endloop
  endfacet
  facet normal 0 0 1
    outer loop
      vertex 0.313585 -2.98357 3
      vertex 0.969999 -0.519615 3
      vertex 0.917329 -0.48541 3
    endloop
  endfacet
  facet normal 0 0 1
    outer loop
      vertex 0 -3 3
      vertex 0.917329 -0.48541 3
      vertex 0.868521 -0.445887 3
    endloop
  endfacet
  facet normal 0 0 1
    outer loop
      vertex -0.750384 -0.299999 3
      vertex 0.750384 -0.299999 3
      vertex -0.721872 -0.244041 3
    endloop
  endfacet
  facet normal 0 0 1
    outer loop
      vertex 0.699366 -0.18541 3
      vertex -0.699366 -0.18541 3
      vertex 0.721872 -0.244041 3
    endloop
  endfacet
  facet normal 0 0 1
    outer loop
      vertex -0.699366 -0.18541 3
      vertex 0.699366 -0.18541 3
      vertex -0.683111 -0.124746 3
    endloop
  endfacet
  facet normal 0 0 1
    outer loop
      vertex 0.683111 -0.124746 3
      vertex -0.683111 -0.124746 3
      vertex 0.699366 -0.18541 3
    endloop
  endfacet
  facet normal 0 0 1
    outer loop
      vertex -0.683111 -0.124746 3
      vertex 0.683111 -0.124746 3
      vertex -0.673286 -0.0627165 3
    endloop
  endfacet
  facet normal 0 0 1
    outer loop
      vertex 0.673286 -0.0627165 3
      vertex -0.673286 -0.0627165 3
      vertex 0.683111 -0.124746 3
    endloop
  endfacet
  facet normal 0 0 1
    outer loop
      vertex -0.673286 -0.0627165 3
      vertex 0.673286 -0.0627165 3
      vertex -0.669999 0 3
    endloop
  endfacet
  facet normal 0 0 1
    outer loop
      vertex 1.02596 -0.548127 3
      vertex 0.623734 -2.93444 3
      vertex 0.927051 -2.85317 3
    endloop
  endfacet
  facet normal -0 0 1
    outer loop
      vertex -0.669999 0 3
      vertex 0.673286 -0.0627165 3
      vertex 0.669999 0 3
    endloop
  endfacet
  facet normal 0 0 1
    outer loop
      vertex 0.721872 0.244041 3
      vertex -0.721872 0.244041 3
      vertex 0.699366 0.18541 3
    endloop
  endfacet
  facet normal 0 -0 1
    outer loop
      vertex -0.721872 0.244041 3
      vertex 0.721872 0.244041 3
      vertex -0.750384 0.299999 3
    endloop
  endfacet
  facet normal 0 0 1
    outer loop
      vertex -0.721872 -0.244041 3
      vertex 0.721872 -0.244041 3
      vertex -0.699366 -0.18541 3
    endloop
  endfacet
  facet normal 0 0 1
    outer loop
      vertex 0.824113 0.401478 3
      vertex -0.824113 0.401478 3
      vertex 0.78459 0.352671 3
    endloop
  endfacet
  facet normal 0 0 1
    outer loop
      vertex 0.969999 -0.519615 3
      vertex 0.313585 -2.98357 3
      vertex 0.623734 -2.93444 3
    endloop
  endfacet
  facet normal 0 0 1
    outer loop
      vertex -0.917329 0.48541 3
      vertex 0 3 3
      vertex -0.313585 2.98357 3
    endloop
  endfacet
  facet normal 0 0 1
    outer loop
      vertex 0.917329 -0.48541 3
      vertex 0 -3 3
      vertex 0.313585 -2.98357 3
    endloop
  endfacet
  facet normal 0 0 1
    outer loop
      vertex -0.969999 0.519615 3
      vertex -0.313585 2.98357 3
      vertex -0.623734 2.93444 3
    endloop
  endfacet
  facet normal 0 0 1
    outer loop
      vertex 0.868521 -0.445887 3
      vertex -0.313585 -2.98357 3
      vertex 0 -3 3
    endloop
  endfacet
  facet normal 0 0 1
    outer loop
      vertex 0.721872 -0.244041 3
      vertex -0.721872 -0.244041 3
      vertex 0.750384 -0.299999 3
    endloop
  endfacet
  facet normal 0 0 1
    outer loop
      vertex 0.669999 0 3
      vertex -0.673286 0.0627165 3
      vertex -0.669999 0 3
    endloop
  endfacet
  facet normal 0 0 1
    outer loop
      vertex 0.673286 0.0627165 3
      vertex -0.673286 0.0627165 3
      vertex 0.669999 0 3
    endloop
  endfacet
  facet normal 0 -0 1
    outer loop
      vertex -0.673286 0.0627165 3
      vertex 0.673286 0.0627165 3
      vertex -0.683111 0.124746 3
    endloop
  endfacet
  facet normal 0 0 1
    outer loop
      vertex 0.683111 0.124746 3
      vertex -0.683111 0.124746 3
      vertex 0.673286 0.0627165 3
    endloop
  endfacet
  facet normal 0 -0 1
    outer loop
      vertex -0.683111 0.124746 3
      vertex 0.683111 0.124746 3
      vertex -0.699366 0.18541 3
    endloop
  endfacet
  facet normal 0 0 1
    outer loop
      vertex 0.699366 0.18541 3
      vertex -0.699366 0.18541 3
      vertex 0.683111 0.124746 3
    endloop
  endfacet
  facet normal 0 -0 1
    outer loop
      vertex -0.699366 0.18541 3
      vertex 0.699366 0.18541 3
      vertex -0.721872 0.244041 3
    endloop
  endfacet
  facet normal 0 0 1
    outer loop
      vertex 0.750384 0.299999 3
      vertex -0.750384 0.299999 3
      vertex 0.721872 0.244041 3
    endloop
  endfacet
  facet normal 0 0 1
    outer loop
      vertex 0 3 3
      vertex -0.917329 0.48541 3
      vertex -0.868521 0.445887 3
    endloop
  endfacet
  facet normal 0 0 1
    outer loop
      vertex -1.02596 0.548127 3
      vertex -0.623734 2.93444 3
      vertex -0.927051 2.85317 3
    endloop
  endfacet
  facet normal 0 0 1
    outer loop
      vertex -0.313585 2.98357 3
      vertex -0.969999 0.519615 3
      vertex -0.917329 0.48541 3
    endloop
  endfacet
  facet normal 0 0 1
    outer loop
      vertex -0.623734 2.93444 3
      vertex -1.02596 0.548127 3
      vertex -0.969999 0.519615 3
    endloop
  endfacet
  facet normal 0 0 1
    outer loop
      vertex -0.927051 2.85317 3
      vertex -1.08459 0.570634 3
      vertex -1.02596 0.548127 3
    endloop
  endfacet
  facet normal -0 0 1
    outer loop
      vertex -1.22021 2.74064 3
      vertex -1.08459 0.570634 3
      vertex -0.927051 2.85317 3
    endloop
  endfacet
  facet normal 0 0 1
    outer loop
      vertex -1.08459 0.570634 3
      vertex -1.22021 2.74064 3
      vertex -1.14525 0.586888 3
    endloop
  endfacet
  facet normal -0 0 1
    outer loop
      vertex -1.5 2.59808 3
      vertex -1.14525 0.586888 3
      vertex -1.22021 2.74064 3
    endloop
  endfacet
  facet normal 0 0 1
    outer loop
      vertex -1.14525 0.586888 3
      vertex -1.5 2.59808 3
      vertex -1.20728 0.596713 3
    endloop
  endfacet
  facet normal -0 0 1
    outer loop
      vertex -1.76336 2.42705 3
      vertex -1.20728 0.596713 3
      vertex -1.5 2.59808 3
    endloop
  endfacet
  facet normal 0 0 1
    outer loop
      vertex -1.20728 0.596713 3
      vertex -1.76336 2.42705 3
      vertex -1.27 0.599999 3
    endloop
  endfacet
  facet normal -0 0 1
    outer loop
      vertex -2.00739 2.22943 3
      vertex -1.27 0.599999 3
      vertex -1.76336 2.42705 3
    endloop
  endfacet
  facet normal 0 0 1
    outer loop
      vertex -1.27 0.599999 3
      vertex -2.00739 2.22943 3
      vertex -1.33272 0.596713 3
    endloop
  endfacet
  facet normal -0 0 1
    outer loop
      vertex -2.22943 2.00739 3
      vertex -1.33272 0.596713 3
      vertex -2.00739 2.22943 3
    endloop
  endfacet
  facet normal 0 0 1
    outer loop
      vertex -1.33272 0.596713 3
      vertex -2.22943 2.00739 3
      vertex -1.39475 0.586888 3
    endloop
  endfacet
  facet normal 0 0 1
    outer loop
      vertex -1.39475 0.586888 3
      vertex -2.22943 2.00739 3
      vertex -1.45541 0.570634 3
    endloop
  endfacet
  facet normal -0 0 1
    outer loop
      vertex -2.42705 1.76336 3
      vertex -1.45541 0.570634 3
      vertex -2.22943 2.00739 3
    endloop
  endfacet
  facet normal 0 0 1
    outer loop
      vertex -1.45541 0.570634 3
      vertex -2.42705 1.76336 3
      vertex -1.51404 0.548127 3
    endloop
  endfacet
  facet normal -0 0 1
    outer loop
      vertex -2.59808 1.5 3
      vertex -1.51404 0.548127 3
      vertex -2.42705 1.76336 3
    endloop
  endfacet
  facet normal 0 0 1
    outer loop
      vertex -1.51404 0.548127 3
      vertex -2.59808 1.5 3
      vertex -1.57 0.519615 3
    endloop
  endfacet
  facet normal 0 0 1
    outer loop
      vertex -1.57 0.519615 3
      vertex -2.59808 1.5 3
      vertex -1.62267 0.48541 3
    endloop
  endfacet
  facet normal -0 0 1
    outer loop
      vertex -2.74064 1.22021 3
      vertex -1.62267 0.48541 3
      vertex -2.59808 1.5 3
    endloop
  endfacet
  facet normal 0 0 1
    outer loop
      vertex -1.62267 0.48541 3
      vertex -2.74064 1.22021 3
      vertex -1.67148 0.445887 3
    endloop
  endfacet
  facet normal 0 0 1
    outer loop
      vertex -1.67148 0.445887 3
      vertex -2.74064 1.22021 3
      vertex -1.71589 0.401478 3
    endloop
  endfacet
  facet normal -0 0 1
    outer loop
      vertex -2.85317 0.927051 3
      vertex -1.71589 0.401478 3
      vertex -2.74064 1.22021 3
    endloop
  endfacet
  facet normal 0 0 1
    outer loop
      vertex -1.71589 0.401478 3
      vertex -2.85317 0.927051 3
      vertex -1.75541 0.352671 3
    endloop
  endfacet
  facet normal 0 0 1
    outer loop
      vertex -1.75541 0.352671 3
      vertex -2.85317 0.927051 3
      vertex -1.78961 0.299999 3
    endloop
  endfacet
  facet normal 0.358359 0.933584 -0
    outer loop
      vertex -0.927051 -2.85317 3
      vertex -1.22021 -2.74064 17
      vertex -0.927051 -2.85317 17
    endloop
  endfacet
  facet normal 0.358359 0.933584 0
    outer loop
      vertex -1.22021 -2.74064 17
      vertex -0.927051 -2.85317 3
      vertex -1.22021 -2.74064 3
    endloop
  endfacet
  facet normal 0.0523223 0.99863 -0
    outer loop
      vertex 0 -3 3
      vertex -0.313585 -2.98357 17
      vertex 0 -3 17
    endloop
  endfacet
  facet normal 0.0523223 0.99863 0
    outer loop
      vertex -0.313585 -2.98357 17
      vertex 0 -3 3
      vertex -0.313585 -2.98357 3
    endloop
  endfacet
  facet normal 0.99863 -0.0523223 0
    outer loop
      vertex -3 0 17
      vertex -2.98357 0.313585 3
      vertex -2.98357 0.313585 17
    endloop
  endfacet
  facet normal 0.99863 -0.0523223 0
    outer loop
      vertex -2.98357 0.313585 3
      vertex -3 0 17
      vertex -3 0 3
    endloop
  endfacet
  facet normal 0.544644 0.838668 -0
    outer loop
      vertex -1.5 -2.59808 3
      vertex -1.76336 -2.42705 17
      vertex -1.5 -2.59808 17
    endloop
  endfacet
  facet normal 0.544644 0.838668 0
    outer loop
      vertex -1.76336 -2.42705 17
      vertex -1.5 -2.59808 3
      vertex -1.76336 -2.42705 3
    endloop
  endfacet
  facet normal -0.707107 0.707107 0
    outer loop
      vertex 2.00739 -2.22943 3
      vertex 2.22943 -2.00739 17
      vertex 2.22943 -2.00739 3
    endloop
  endfacet
  facet normal -0.707107 0.707107 0
    outer loop
      vertex 2.22943 -2.00739 17
      vertex 2.00739 -2.22943 3
      vertex 2.00739 -2.22943 17
    endloop
  endfacet
endsolid OpenSCAD_Model
