solid OpenSCAD_Model
  facet normal 0.987696 0.156385 0
    outer loop
      vertex -12.0178 -14.6603 7
      vertex -12.071 -14.3243 2
      vertex -12.071 -14.3243 7
    endloop
  endfacet
  facet normal 0.987696 0.156385 0
    outer loop
      vertex -12.071 -14.3243 2
      vertex -12.0178 -14.6603 7
      vertex -12.0178 -14.6603 2
    endloop
  endfacet
  facet normal 0.99863 0.0523274 0
    outer loop
      vertex -12 -15 7
      vertex -12.0178 -14.6603 2
      vertex -12.0178 -14.6603 7
    endloop
  endfacet
  facet normal 0.99863 0.0523274 0
    outer loop
      vertex -12.0178 -14.6603 2
      vertex -12 -15 7
      vertex -12 -15 2
    endloop
  endfacet
  facet normal 0.965888 0.258961 0
    outer loop
      vertex -12.071 -14.3243 7
      vertex -12.1591 -13.9957 2
      vertex -12.1591 -13.9957 7
    endloop
  endfacet
  facet normal 0.965888 0.258961 0
    outer loop
      vertex -12.1591 -13.9957 2
      vertex -12.071 -14.3243 7
      vertex -12.071 -14.3243 2
    endloop
  endfacet
  facet normal -0.965888 -0.258961 0
    outer loop
      vertex -18.3409 -16.0043 2
      vertex -18.429 -15.6757 7
      vertex -18.429 -15.6757 2
    endloop
  endfacet
  facet normal -0.965888 -0.258961 0
    outer loop
      vertex -18.429 -15.6757 7
      vertex -18.3409 -16.0043 2
      vertex -18.3409 -16.0043 7
    endloop
  endfacet
  facet normal 0.777156 0.629308 0
    outer loop
      vertex -12.6207 -13.0897 7
      vertex -12.8348 -12.8253 2
      vertex -12.8348 -12.8253 7
    endloop
  endfacet
  facet normal 0.777156 0.629308 0
    outer loop
      vertex -12.8348 -12.8253 2
      vertex -12.6207 -13.0897 7
      vertex -12.6207 -13.0897 2
    endloop
  endfacet
  facet normal -0.258961 0.965888 0
    outer loop
      vertex -15.9257 -11.821 2
      vertex -16.2543 -11.9091 7
      vertex -15.9257 -11.821 7
    endloop
  endfacet
  facet normal -0.258961 0.965888 0
    outer loop
      vertex -16.2543 -11.9091 7
      vertex -15.9257 -11.821 2
      vertex -16.2543 -11.9091 2
    endloop
  endfacet
  facet normal -0.156385 -0.987696 0
    outer loop
      vertex -15.9257 -18.179 2
      vertex -15.5897 -18.2322 7
      vertex -15.9257 -18.179 7
    endloop
  endfacet
  facet normal -0.156385 -0.987696 -0
    outer loop
      vertex -15.5897 -18.2322 7
      vertex -15.9257 -18.179 2
      vertex -15.5897 -18.2322 2
    endloop
  endfacet
  facet normal -0.891051 -0.453904 0
    outer loop
      vertex -18.0646 -16.625 2
      vertex -18.219 -16.3219 7
      vertex -18.219 -16.3219 2
    endloop
  endfacet
  facet normal -0.891051 -0.453904 0
    outer loop
      vertex -18.219 -16.3219 7
      vertex -18.0646 -16.625 2
      vertex -18.0646 -16.625 7
    endloop
  endfacet
  facet normal 0.933595 0.358329 0
    outer loop
      vertex -12.1591 -13.9957 7
      vertex -12.281 -13.6781 2
      vertex -12.281 -13.6781 7
    endloop
  endfacet
  facet normal 0.933595 0.358329 0
    outer loop
      vertex -12.281 -13.6781 2
      vertex -12.1591 -13.9957 7
      vertex -12.1591 -13.9957 2
    endloop
  endfacet
  facet normal 0.258961 -0.965888 0
    outer loop
      vertex -14.5743 -18.179 2
      vertex -14.2457 -18.0909 7
      vertex -14.5743 -18.179 7
    endloop
  endfacet
  facet normal 0.258961 -0.965888 0
    outer loop
      vertex -14.2457 -18.0909 7
      vertex -14.5743 -18.179 2
      vertex -14.2457 -18.0909 2
    endloop
  endfacet
  facet normal 0.987696 -0.156385 0
    outer loop
      vertex -12.071 -15.6757 7
      vertex -12.0178 -15.3397 2
      vertex -12.0178 -15.3397 7
    endloop
  endfacet
  facet normal 0.987696 -0.156385 0
    outer loop
      vertex -12.0178 -15.3397 2
      vertex -12.071 -15.6757 7
      vertex -12.071 -15.6757 2
    endloop
  endfacet
  facet normal -0.707107 -0.707107 0
    outer loop
      vertex -17.4247 -17.4152 2
      vertex -17.6652 -17.1747 7
      vertex -17.6652 -17.1747 2
    endloop
  endfacet
  facet normal -0.707107 -0.707107 0
    outer loop
      vertex -17.6652 -17.1747 7
      vertex -17.4247 -17.4152 2
      vertex -17.4247 -17.4152 7
    endloop
  endfacet
  facet normal 0.629308 0.777156 -0
    outer loop
      vertex -13.0753 -12.5848 2
      vertex -13.3397 -12.3707 7
      vertex -13.0753 -12.5848 7
    endloop
  endfacet
  facet normal 0.629308 0.777156 0
    outer loop
      vertex -13.3397 -12.3707 7
      vertex -13.0753 -12.5848 2
      vertex -13.3397 -12.3707 2
    endloop
  endfacet
  facet normal -0.453904 -0.891051 0
    outer loop
      vertex -16.875 -17.8146 2
      vertex -16.5719 -17.969 7
      vertex -16.875 -17.8146 7
    endloop
  endfacet
  facet normal -0.453904 -0.891051 -0
    outer loop
      vertex -16.5719 -17.969 7
      vertex -16.875 -17.8146 2
      vertex -16.5719 -17.969 2
    endloop
  endfacet
  facet normal 0.453904 0.891051 -0
    outer loop
      vertex -13.625 -12.1854 2
      vertex -13.9281 -12.031 7
      vertex -13.625 -12.1854 7
    endloop
  endfacet
  facet normal 0.453904 0.891051 0
    outer loop
      vertex -13.9281 -12.031 7
      vertex -13.625 -12.1854 2
      vertex -13.9281 -12.031 2
    endloop
  endfacet
  facet normal 0.707107 0.707107 0
    outer loop
      vertex -12.8348 -12.8253 7
      vertex -13.0753 -12.5848 2
      vertex -13.0753 -12.5848 7
    endloop
  endfacet
  facet normal 0.707107 0.707107 0
    outer loop
      vertex -13.0753 -12.5848 2
      vertex -12.8348 -12.8253 7
      vertex -12.8348 -12.8253 2
    endloop
  endfacet
  facet normal 0.933595 -0.358329 0
    outer loop
      vertex -12.281 -16.3219 7
      vertex -12.1591 -16.0043 2
      vertex -12.1591 -16.0043 7
    endloop
  endfacet
  facet normal 0.933595 -0.358329 0
    outer loop
      vertex -12.1591 -16.0043 2
      vertex -12.281 -16.3219 7
      vertex -12.281 -16.3219 2
    endloop
  endfacet
  facet normal -0.707107 0.707107 0
    outer loop
      vertex -17.6652 -12.8253 2
      vertex -17.4247 -12.5848 7
      vertex -17.4247 -12.5848 2
    endloop
  endfacet
  facet normal -0.707107 0.707107 0
    outer loop
      vertex -17.4247 -12.5848 7
      vertex -17.6652 -12.8253 2
      vertex -17.6652 -12.8253 7
    endloop
  endfacet
  facet normal -0.453904 0.891051 0
    outer loop
      vertex -16.5719 -12.031 2
      vertex -16.875 -12.1854 7
      vertex -16.5719 -12.031 7
    endloop
  endfacet
  facet normal -0.453904 0.891051 0
    outer loop
      vertex -16.875 -12.1854 7
      vertex -16.5719 -12.031 2
      vertex -16.875 -12.1854 2
    endloop
  endfacet
  facet normal -0.358329 0.933595 0
    outer loop
      vertex -16.2543 -11.9091 2
      vertex -16.5719 -12.031 7
      vertex -16.2543 -11.9091 7
    endloop
  endfacet
  facet normal -0.358329 0.933595 0
    outer loop
      vertex -16.5719 -12.031 7
      vertex -16.2543 -11.9091 2
      vertex -16.5719 -12.031 2
    endloop
  endfacet
  facet normal -0.0523274 -0.99863 0
    outer loop
      vertex -15.5897 -18.2322 2
      vertex -15.25 -18.25 7
      vertex -15.5897 -18.2322 7
    endloop
  endfacet
  facet normal -0.0523274 -0.99863 -0
    outer loop
      vertex -15.25 -18.25 7
      vertex -15.5897 -18.2322 2
      vertex -15.25 -18.25 2
    endloop
  endfacet
  facet normal 0.891051 0.453904 0
    outer loop
      vertex -12.281 -13.6781 7
      vertex -12.4354 -13.375 2
      vertex -12.4354 -13.375 7
    endloop
  endfacet
  facet normal 0.891051 0.453904 0
    outer loop
      vertex -12.4354 -13.375 2
      vertex -12.281 -13.6781 7
      vertex -12.281 -13.6781 2
    endloop
  endfacet
  facet normal 0.99863 -0.0523274 0
    outer loop
      vertex -12.0178 -15.3397 7
      vertex -12 -15 2
      vertex -12 -15 7
    endloop
  endfacet
  facet normal 0.99863 -0.0523274 0
    outer loop
      vertex -12 -15 2
      vertex -12.0178 -15.3397 7
      vertex -12.0178 -15.3397 2
    endloop
  endfacet
  facet normal 0.544689 0.838638 -0
    outer loop
      vertex -13.3397 -12.3707 2
      vertex -13.625 -12.1854 7
      vertex -13.3397 -12.3707 7
    endloop
  endfacet
  facet normal 0.544689 0.838638 0
    outer loop
      vertex -13.625 -12.1854 7
      vertex -13.3397 -12.3707 2
      vertex -13.625 -12.1854 2
    endloop
  endfacet
  facet normal 0.891051 -0.453904 0
    outer loop
      vertex -12.4354 -16.625 7
      vertex -12.281 -16.3219 2
      vertex -12.281 -16.3219 7
    endloop
  endfacet
  facet normal 0.891051 -0.453904 0
    outer loop
      vertex -12.281 -16.3219 2
      vertex -12.4354 -16.625 7
      vertex -12.4354 -16.625 2
    endloop
  endfacet
  facet normal 0.0523274 0.99863 -0
    outer loop
      vertex -14.9103 -11.7678 2
      vertex -15.25 -11.75 7
      vertex -14.9103 -11.7678 7
    endloop
  endfacet
  facet normal 0.0523274 0.99863 0
    outer loop
      vertex -15.25 -11.75 7
      vertex -14.9103 -11.7678 2
      vertex -15.25 -11.75 2
    endloop
  endfacet
  facet normal 0.0523274 -0.99863 0
    outer loop
      vertex -15.25 -18.25 2
      vertex -14.9103 -18.2322 7
      vertex -15.25 -18.25 7
    endloop
  endfacet
  facet normal 0.0523274 -0.99863 0
    outer loop
      vertex -14.9103 -18.2322 7
      vertex -15.25 -18.25 2
      vertex -14.9103 -18.2322 2
    endloop
  endfacet
  facet normal -0.629308 -0.777156 0
    outer loop
      vertex -17.4247 -17.4152 2
      vertex -17.1603 -17.6293 7
      vertex -17.4247 -17.4152 7
    endloop
  endfacet
  facet normal -0.629308 -0.777156 -0
    outer loop
      vertex -17.1603 -17.6293 7
      vertex -17.4247 -17.4152 2
      vertex -17.1603 -17.6293 2
    endloop
  endfacet
  facet normal -0.891051 0.453904 0
    outer loop
      vertex -18.219 -13.6781 2
      vertex -18.0646 -13.375 7
      vertex -18.0646 -13.375 2
    endloop
  endfacet
  facet normal -0.891051 0.453904 0
    outer loop
      vertex -18.0646 -13.375 7
      vertex -18.219 -13.6781 2
      vertex -18.219 -13.6781 7
    endloop
  endfacet
  facet normal -0.777156 0.629308 0
    outer loop
      vertex -17.8793 -13.0897 2
      vertex -17.6652 -12.8253 7
      vertex -17.6652 -12.8253 2
    endloop
  endfacet
  facet normal -0.777156 0.629308 0
    outer loop
      vertex -17.6652 -12.8253 7
      vertex -17.8793 -13.0897 2
      vertex -17.8793 -13.0897 7
    endloop
  endfacet
  facet normal 0.777156 -0.629308 0
    outer loop
      vertex -12.8348 -17.1747 7
      vertex -12.6207 -16.9103 2
      vertex -12.6207 -16.9103 7
    endloop
  endfacet
  facet normal 0.777156 -0.629308 0
    outer loop
      vertex -12.6207 -16.9103 2
      vertex -12.8348 -17.1747 7
      vertex -12.8348 -17.1747 2
    endloop
  endfacet
  facet normal 0.453904 -0.891051 0
    outer loop
      vertex -13.9281 -17.969 2
      vertex -13.625 -17.8146 7
      vertex -13.9281 -17.969 7
    endloop
  endfacet
  facet normal 0.453904 -0.891051 0
    outer loop
      vertex -13.625 -17.8146 7
      vertex -13.9281 -17.969 2
      vertex -13.625 -17.8146 2
    endloop
  endfacet
  facet normal 0.156385 -0.987696 0
    outer loop
      vertex -14.9103 -18.2322 2
      vertex -14.5743 -18.179 7
      vertex -14.9103 -18.2322 7
    endloop
  endfacet
  facet normal 0.156385 -0.987696 0
    outer loop
      vertex -14.5743 -18.179 7
      vertex -14.9103 -18.2322 2
      vertex -14.5743 -18.179 2
    endloop
  endfacet
  facet normal -0.544689 -0.838638 0
    outer loop
      vertex -17.1603 -17.6293 2
      vertex -16.875 -17.8146 7
      vertex -17.1603 -17.6293 7
    endloop
  endfacet
  facet normal -0.544689 -0.838638 -0
    outer loop
      vertex -16.875 -17.8146 7
      vertex -17.1603 -17.6293 2
      vertex -16.875 -17.8146 2
    endloop
  endfacet
  facet normal 0.358329 -0.933595 0
    outer loop
      vertex -14.2457 -18.0909 2
      vertex -13.9281 -17.969 7
      vertex -14.2457 -18.0909 7
    endloop
  endfacet
  facet normal 0.358329 -0.933595 0
    outer loop
      vertex -13.9281 -17.969 7
      vertex -14.2457 -18.0909 2
      vertex -13.9281 -17.969 2
    endloop
  endfacet
  facet normal -0.156385 0.987696 0
    outer loop
      vertex -15.5897 -11.7678 2
      vertex -15.9257 -11.821 7
      vertex -15.5897 -11.7678 7
    endloop
  endfacet
  facet normal -0.156385 0.987696 0
    outer loop
      vertex -15.9257 -11.821 7
      vertex -15.5897 -11.7678 2
      vertex -15.9257 -11.821 2
    endloop
  endfacet
  facet normal 0.838638 -0.544689 0
    outer loop
      vertex -12.6207 -16.9103 7
      vertex -12.4354 -16.625 2
      vertex -12.4354 -16.625 7
    endloop
  endfacet
  facet normal 0.838638 -0.544689 0
    outer loop
      vertex -12.4354 -16.625 2
      vertex -12.6207 -16.9103 7
      vertex -12.6207 -16.9103 2
    endloop
  endfacet
  facet normal -0.99863 0.0523274 0
    outer loop
      vertex -18.5 -15 2
      vertex -18.4822 -14.6603 7
      vertex -18.4822 -14.6603 2
    endloop
  endfacet
  facet normal -0.99863 0.0523274 0
    outer loop
      vertex -18.4822 -14.6603 7
      vertex -18.5 -15 2
      vertex -18.5 -15 7
    endloop
  endfacet
  facet normal -0.99863 -0.0523274 0
    outer loop
      vertex -18.4822 -15.3397 2
      vertex -18.5 -15 7
      vertex -18.5 -15 2
    endloop
  endfacet
  facet normal -0.99863 -0.0523274 0
    outer loop
      vertex -18.5 -15 7
      vertex -18.4822 -15.3397 2
      vertex -18.4822 -15.3397 7
    endloop
  endfacet
  facet normal -0.258961 -0.965888 0
    outer loop
      vertex -16.2543 -18.0909 2
      vertex -15.9257 -18.179 7
      vertex -16.2543 -18.0909 7
    endloop
  endfacet
  facet normal -0.258961 -0.965888 -0
    outer loop
      vertex -15.9257 -18.179 7
      vertex -16.2543 -18.0909 2
      vertex -15.9257 -18.179 2
    endloop
  endfacet
  facet normal -0.629308 0.777156 0
    outer loop
      vertex -17.1603 -12.3707 2
      vertex -17.4247 -12.5848 7
      vertex -17.1603 -12.3707 7
    endloop
  endfacet
  facet normal -0.629308 0.777156 0
    outer loop
      vertex -17.4247 -12.5848 7
      vertex -17.1603 -12.3707 2
      vertex -17.4247 -12.5848 2
    endloop
  endfacet
  facet normal 0.838638 0.544689 0
    outer loop
      vertex -12.4354 -13.375 7
      vertex -12.6207 -13.0897 2
      vertex -12.6207 -13.0897 7
    endloop
  endfacet
  facet normal 0.838638 0.544689 0
    outer loop
      vertex -12.6207 -13.0897 2
      vertex -12.4354 -13.375 7
      vertex -12.4354 -13.375 2
    endloop
  endfacet
  facet normal 0.965888 -0.258961 0
    outer loop
      vertex -12.1591 -16.0043 7
      vertex -12.071 -15.6757 2
      vertex -12.071 -15.6757 7
    endloop
  endfacet
  facet normal 0.965888 -0.258961 0
    outer loop
      vertex -12.071 -15.6757 2
      vertex -12.1591 -16.0043 7
      vertex -12.1591 -16.0043 2
    endloop
  endfacet
  facet normal -0.838638 0.544689 0
    outer loop
      vertex -18.0646 -13.375 2
      vertex -17.8793 -13.0897 7
      vertex -17.8793 -13.0897 2
    endloop
  endfacet
  facet normal -0.838638 0.544689 0
    outer loop
      vertex -17.8793 -13.0897 7
      vertex -18.0646 -13.375 2
      vertex -18.0646 -13.375 7
    endloop
  endfacet
  facet normal 0.358329 0.933595 -0
    outer loop
      vertex -13.9281 -12.031 2
      vertex -14.2457 -11.9091 7
      vertex -13.9281 -12.031 7
    endloop
  endfacet
  facet normal 0.358329 0.933595 0
    outer loop
      vertex -14.2457 -11.9091 7
      vertex -13.9281 -12.031 2
      vertex -14.2457 -11.9091 2
    endloop
  endfacet
  facet normal -0.358329 -0.933595 0
    outer loop
      vertex -16.5719 -17.969 2
      vertex -16.2543 -18.0909 7
      vertex -16.5719 -17.969 7
    endloop
  endfacet
  facet normal -0.358329 -0.933595 -0
    outer loop
      vertex -16.2543 -18.0909 7
      vertex -16.5719 -17.969 2
      vertex -16.2543 -18.0909 2
    endloop
  endfacet
  facet normal -0.933595 0.358329 0
    outer loop
      vertex -18.3409 -13.9957 2
      vertex -18.219 -13.6781 7
      vertex -18.219 -13.6781 2
    endloop
  endfacet
  facet normal -0.933595 0.358329 0
    outer loop
      vertex -18.219 -13.6781 7
      vertex -18.3409 -13.9957 2
      vertex -18.3409 -13.9957 7
    endloop
  endfacet
  facet normal -0.0523274 0.99863 0
    outer loop
      vertex -15.25 -11.75 2
      vertex -15.5897 -11.7678 7
      vertex -15.25 -11.75 7
    endloop
  endfacet
  facet normal -0.0523274 0.99863 0
    outer loop
      vertex -15.5897 -11.7678 7
      vertex -15.25 -11.75 2
      vertex -15.5897 -11.7678 2
    endloop
  endfacet
  facet normal -0.544689 0.838638 0
    outer loop
      vertex -16.875 -12.1854 2
      vertex -17.1603 -12.3707 7
      vertex -16.875 -12.1854 7
    endloop
  endfacet
  facet normal -0.544689 0.838638 0
    outer loop
      vertex -17.1603 -12.3707 7
      vertex -16.875 -12.1854 2
      vertex -17.1603 -12.3707 2
    endloop
  endfacet
  facet normal -0.933595 -0.358329 0
    outer loop
      vertex -18.219 -16.3219 2
      vertex -18.3409 -16.0043 7
      vertex -18.3409 -16.0043 2
    endloop
  endfacet
  facet normal -0.933595 -0.358329 0
    outer loop
      vertex -18.3409 -16.0043 7
      vertex -18.219 -16.3219 2
      vertex -18.219 -16.3219 7
    endloop
  endfacet
  facet normal 0.156385 0.987696 -0
    outer loop
      vertex -14.5743 -11.821 2
      vertex -14.9103 -11.7678 7
      vertex -14.5743 -11.821 7
    endloop
  endfacet
  facet normal 0.156385 0.987696 0
    outer loop
      vertex -14.9103 -11.7678 7
      vertex -14.5743 -11.821 2
      vertex -14.9103 -11.7678 2
    endloop
  endfacet
  facet normal 0.629308 -0.777156 0
    outer loop
      vertex -13.3397 -17.6293 2
      vertex -13.0753 -17.4152 7
      vertex -13.3397 -17.6293 7
    endloop
  endfacet
  facet normal 0.629308 -0.777156 0
    outer loop
      vertex -13.0753 -17.4152 7
      vertex -13.3397 -17.6293 2
      vertex -13.0753 -17.4152 2
    endloop
  endfacet
  facet normal -0.838638 -0.544689 0
    outer loop
      vertex -17.8793 -16.9103 2
      vertex -18.0646 -16.625 7
      vertex -18.0646 -16.625 2
    endloop
  endfacet
  facet normal -0.838638 -0.544689 0
    outer loop
      vertex -18.0646 -16.625 7
      vertex -17.8793 -16.9103 2
      vertex -17.8793 -16.9103 7
    endloop
  endfacet
  facet normal -0.965888 0.258961 0
    outer loop
      vertex -18.429 -14.3243 2
      vertex -18.3409 -13.9957 7
      vertex -18.3409 -13.9957 2
    endloop
  endfacet
  facet normal -0.965888 0.258961 0
    outer loop
      vertex -18.3409 -13.9957 7
      vertex -18.429 -14.3243 2
      vertex -18.429 -14.3243 7
    endloop
  endfacet
  facet normal -0.987696 -0.156385 0
    outer loop
      vertex -18.429 -15.6757 2
      vertex -18.4822 -15.3397 7
      vertex -18.4822 -15.3397 2
    endloop
  endfacet
  facet normal -0.987696 -0.156385 0
    outer loop
      vertex -18.4822 -15.3397 7
      vertex -18.429 -15.6757 2
      vertex -18.429 -15.6757 7
    endloop
  endfacet
  facet normal 0.258961 0.965888 -0
    outer loop
      vertex -14.2457 -11.9091 2
      vertex -14.5743 -11.821 7
      vertex -14.2457 -11.9091 7
    endloop
  endfacet
  facet normal 0.258961 0.965888 0
    outer loop
      vertex -14.5743 -11.821 7
      vertex -14.2457 -11.9091 2
      vertex -14.5743 -11.821 2
    endloop
  endfacet
  facet normal -0.777156 -0.629308 0
    outer loop
      vertex -17.6652 -17.1747 2
      vertex -17.8793 -16.9103 7
      vertex -17.8793 -16.9103 2
    endloop
  endfacet
  facet normal -0.777156 -0.629308 0
    outer loop
      vertex -17.8793 -16.9103 7
      vertex -17.6652 -17.1747 2
      vertex -17.6652 -17.1747 7
    endloop
  endfacet
  facet normal -0.987696 0.156385 0
    outer loop
      vertex -18.4822 -14.6603 2
      vertex -18.429 -14.3243 7
      vertex -18.429 -14.3243 2
    endloop
  endfacet
  facet normal -0.987696 0.156385 0
    outer loop
      vertex -18.429 -14.3243 7
      vertex -18.4822 -14.6603 2
      vertex -18.4822 -14.6603 7
    endloop
  endfacet
  facet normal 0.544689 -0.838638 0
    outer loop
      vertex -13.625 -17.8146 2
      vertex -13.3397 -17.6293 7
      vertex -13.625 -17.8146 7
    endloop
  endfacet
  facet normal 0.544689 -0.838638 0
    outer loop
      vertex -13.3397 -17.6293 7
      vertex -13.625 -17.8146 2
      vertex -13.3397 -17.6293 2
    endloop
  endfacet
  facet normal 0 0 1
    outer loop
      vertex -13.8 -15 7
      vertex -12 -15 7
      vertex -12.0178 -14.6603 7
    endloop
  endfacet
  facet normal 0 0 1
    outer loop
      vertex -13.8079 -14.8484 7
      vertex -12.0178 -14.6603 7
      vertex -12.071 -14.3243 7
    endloop
  endfacet
  facet normal 0 0 1
    outer loop
      vertex -12 -15 7
      vertex -13.8 -15 7
      vertex -12.0178 -15.3397 7
    endloop
  endfacet
  facet normal 0 0 1
    outer loop
      vertex -13.8317 -14.6985 7
      vertex -12.071 -14.3243 7
      vertex -12.1591 -13.9957 7
    endloop
  endfacet
  facet normal -0 0 1
    outer loop
      vertex -13.8079 -15.1516 7
      vertex -12.0178 -15.3397 7
      vertex -13.8 -15 7
    endloop
  endfacet
  facet normal 0 0 1
    outer loop
      vertex -13.871 -14.5519 7
      vertex -12.1591 -13.9957 7
      vertex -12.281 -13.6781 7
    endloop
  endfacet
  facet normal 0 0 1
    outer loop
      vertex -12.0178 -15.3397 7
      vertex -13.8079 -15.1516 7
      vertex -12.071 -15.6757 7
    endloop
  endfacet
  facet normal 0 0 1
    outer loop
      vertex -13.9254 -14.4102 7
      vertex -12.281 -13.6781 7
      vertex -12.4354 -13.375 7
    endloop
  endfacet
  facet normal -0 0 1
    outer loop
      vertex -13.8317 -15.3015 7
      vertex -12.071 -15.6757 7
      vertex -13.8079 -15.1516 7
    endloop
  endfacet
  facet normal 0 0 1
    outer loop
      vertex -13.9943 -14.275 7
      vertex -12.4354 -13.375 7
      vertex -12.6207 -13.0897 7
    endloop
  endfacet
  facet normal 0 0 1
    outer loop
      vertex -12.071 -15.6757 7
      vertex -13.8317 -15.3015 7
      vertex -12.1591 -16.0043 7
    endloop
  endfacet
  facet normal 0 0 1
    outer loop
      vertex -14.0769 -14.1477 7
      vertex -12.6207 -13.0897 7
      vertex -12.8348 -12.8253 7
    endloop
  endfacet
  facet normal -0 0 1
    outer loop
      vertex -13.871 -15.4481 7
      vertex -12.1591 -16.0043 7
      vertex -13.8317 -15.3015 7
    endloop
  endfacet
  facet normal 0 0 1
    outer loop
      vertex -14.1724 -14.0298 7
      vertex -12.8348 -12.8253 7
      vertex -13.0753 -12.5848 7
    endloop
  endfacet
  facet normal 0 0 1
    outer loop
      vertex -12.1591 -16.0043 7
      vertex -13.871 -15.4481 7
      vertex -12.281 -16.3219 7
    endloop
  endfacet
  facet normal 0 0 1
    outer loop
      vertex -14.2798 -13.9224 7
      vertex -13.0753 -12.5848 7
      vertex -13.3397 -12.3707 7
    endloop
  endfacet
  facet normal -0 0 1
    outer loop
      vertex -13.9254 -15.5898 7
      vertex -12.281 -16.3219 7
      vertex -13.871 -15.4481 7
    endloop
  endfacet
  facet normal 0 0 1
    outer loop
      vertex -14.3977 -13.8269 7
      vertex -13.3397 -12.3707 7
      vertex -13.625 -12.1854 7
    endloop
  endfacet
  facet normal 0 0 1
    outer loop
      vertex -12.281 -16.3219 7
      vertex -13.9254 -15.5898 7
      vertex -12.4354 -16.625 7
    endloop
  endfacet
  facet normal -0 0 1
    outer loop
      vertex -13.9943 -15.725 7
      vertex -12.4354 -16.625 7
      vertex -13.9254 -15.5898 7
    endloop
  endfacet
  facet normal 0 0 1
    outer loop
      vertex -12.0178 -14.6603 7
      vertex -13.8079 -14.8484 7
      vertex -13.8 -15 7
    endloop
  endfacet
  facet normal 0 0 1
    outer loop
      vertex -12.071 -14.3243 7
      vertex -13.8317 -14.6985 7
      vertex -13.8079 -14.8484 7
    endloop
  endfacet
  facet normal 0 0 1
    outer loop
      vertex -12.1591 -13.9957 7
      vertex -13.871 -14.5519 7
      vertex -13.8317 -14.6985 7
    endloop
  endfacet
  facet normal 0 0 1
    outer loop
      vertex -12.281 -13.6781 7
      vertex -13.9254 -14.4102 7
      vertex -13.871 -14.5519 7
    endloop
  endfacet
  facet normal 0 0 1
    outer loop
      vertex -14.525 -13.7443 7
      vertex -13.625 -12.1854 7
      vertex -13.9281 -12.031 7
    endloop
  endfacet
  facet normal 0 0 1
    outer loop
      vertex -12.4354 -13.375 7
      vertex -13.9943 -14.275 7
      vertex -13.9254 -14.4102 7
    endloop
  endfacet
  facet normal 0 0 1
    outer loop
      vertex -12.6207 -13.0897 7
      vertex -14.0769 -14.1477 7
      vertex -13.9943 -14.275 7
    endloop
  endfacet
  facet normal 0 0 1
    outer loop
      vertex -12.8348 -12.8253 7
      vertex -14.1724 -14.0298 7
      vertex -14.0769 -14.1477 7
    endloop
  endfacet
  facet normal 0 0 1
    outer loop
      vertex -14.6602 -13.6754 7
      vertex -13.9281 -12.031 7
      vertex -14.2457 -11.9091 7
    endloop
  endfacet
  facet normal 0 0 1
    outer loop
      vertex -13.0753 -12.5848 7
      vertex -14.2798 -13.9224 7
      vertex -14.1724 -14.0298 7
    endloop
  endfacet
  facet normal 0 0 1
    outer loop
      vertex -13.3397 -12.3707 7
      vertex -14.3977 -13.8269 7
      vertex -14.2798 -13.9224 7
    endloop
  endfacet
  facet normal 0 0 1
    outer loop
      vertex -13.625 -12.1854 7
      vertex -14.525 -13.7443 7
      vertex -14.3977 -13.8269 7
    endloop
  endfacet
  facet normal 0 0 1
    outer loop
      vertex -14.8019 -13.621 7
      vertex -14.2457 -11.9091 7
      vertex -14.5743 -11.821 7
    endloop
  endfacet
  facet normal 0 0 1
    outer loop
      vertex -13.9281 -12.031 7
      vertex -14.6602 -13.6754 7
      vertex -14.525 -13.7443 7
    endloop
  endfacet
  facet normal 0 0 1
    outer loop
      vertex -14.2457 -11.9091 7
      vertex -14.8019 -13.621 7
      vertex -14.6602 -13.6754 7
    endloop
  endfacet
  facet normal 0 0 1
    outer loop
      vertex -14.9485 -13.5817 7
      vertex -14.5743 -11.821 7
      vertex -14.9103 -11.7678 7
    endloop
  endfacet
  facet normal 0 0 1
    outer loop
      vertex -14.5743 -11.821 7
      vertex -14.9485 -13.5817 7
      vertex -14.8019 -13.621 7
    endloop
  endfacet
  facet normal 0 0 1
    outer loop
      vertex -14.9103 -11.7678 7
      vertex -15.0984 -13.5579 7
      vertex -14.9485 -13.5817 7
    endloop
  endfacet
  facet normal 0 0 1
    outer loop
      vertex -15.25 -11.75 7
      vertex -15.0984 -13.5579 7
      vertex -14.9103 -11.7678 7
    endloop
  endfacet
  facet normal 0 0 1
    outer loop
      vertex -15.25 -11.75 7
      vertex -15.25 -13.55 7
      vertex -15.0984 -13.5579 7
    endloop
  endfacet
  facet normal 0 0 1
    outer loop
      vertex -15.25 -11.75 7
      vertex -15.4016 -13.5579 7
      vertex -15.25 -13.55 7
    endloop
  endfacet
  facet normal -0 0 1
    outer loop
      vertex -15.5897 -11.7678 7
      vertex -15.4016 -13.5579 7
      vertex -15.25 -11.75 7
    endloop
  endfacet
  facet normal 0 0 1
    outer loop
      vertex -15.4016 -13.5579 7
      vertex -15.5897 -11.7678 7
      vertex -15.5515 -13.5817 7
    endloop
  endfacet
  facet normal -0 0 1
    outer loop
      vertex -15.9257 -11.821 7
      vertex -15.5515 -13.5817 7
      vertex -15.5897 -11.7678 7
    endloop
  endfacet
  facet normal 0 0 1
    outer loop
      vertex -15.5515 -13.5817 7
      vertex -15.9257 -11.821 7
      vertex -15.6981 -13.621 7
    endloop
  endfacet
  facet normal -0 0 1
    outer loop
      vertex -16.2543 -11.9091 7
      vertex -15.6981 -13.621 7
      vertex -15.9257 -11.821 7
    endloop
  endfacet
  facet normal 0 0 1
    outer loop
      vertex -15.6981 -13.621 7
      vertex -16.2543 -11.9091 7
      vertex -15.8398 -13.6754 7
    endloop
  endfacet
  facet normal -0 0 1
    outer loop
      vertex -16.5719 -12.031 7
      vertex -15.8398 -13.6754 7
      vertex -16.2543 -11.9091 7
    endloop
  endfacet
  facet normal 0 0 1
    outer loop
      vertex -15.8398 -13.6754 7
      vertex -16.5719 -12.031 7
      vertex -15.975 -13.7443 7
    endloop
  endfacet
  facet normal -0 0 1
    outer loop
      vertex -16.875 -12.1854 7
      vertex -15.975 -13.7443 7
      vertex -16.5719 -12.031 7
    endloop
  endfacet
  facet normal 0 0 1
    outer loop
      vertex -15.975 -13.7443 7
      vertex -16.875 -12.1854 7
      vertex -16.1023 -13.8269 7
    endloop
  endfacet
  facet normal -0 0 1
    outer loop
      vertex -17.1603 -12.3707 7
      vertex -16.1023 -13.8269 7
      vertex -16.875 -12.1854 7
    endloop
  endfacet
  facet normal 0 0 1
    outer loop
      vertex -16.1023 -13.8269 7
      vertex -17.1603 -12.3707 7
      vertex -16.2202 -13.9224 7
    endloop
  endfacet
  facet normal -0 0 1
    outer loop
      vertex -17.4247 -12.5848 7
      vertex -16.2202 -13.9224 7
      vertex -17.1603 -12.3707 7
    endloop
  endfacet
  facet normal 0 0 1
    outer loop
      vertex -16.2202 -13.9224 7
      vertex -17.4247 -12.5848 7
      vertex -16.3276 -14.0298 7
    endloop
  endfacet
  facet normal -0 0 1
    outer loop
      vertex -17.6652 -12.8253 7
      vertex -16.3276 -14.0298 7
      vertex -17.4247 -12.5848 7
    endloop
  endfacet
  facet normal 0 0 1
    outer loop
      vertex -16.3276 -14.0298 7
      vertex -17.6652 -12.8253 7
      vertex -16.4231 -14.1477 7
    endloop
  endfacet
  facet normal -0 0 1
    outer loop
      vertex -17.8793 -13.0897 7
      vertex -16.4231 -14.1477 7
      vertex -17.6652 -12.8253 7
    endloop
  endfacet
  facet normal 0 0 1
    outer loop
      vertex -16.4231 -14.1477 7
      vertex -17.8793 -13.0897 7
      vertex -16.5057 -14.275 7
    endloop
  endfacet
  facet normal -0 0 1
    outer loop
      vertex -18.0646 -13.375 7
      vertex -16.5057 -14.275 7
      vertex -17.8793 -13.0897 7
    endloop
  endfacet
  facet normal 0 0 1
    outer loop
      vertex -12.4354 -16.625 7
      vertex -13.9943 -15.725 7
      vertex -12.6207 -16.9103 7
    endloop
  endfacet
  facet normal -0 0 1
    outer loop
      vertex -14.0769 -15.8523 7
      vertex -12.6207 -16.9103 7
      vertex -13.9943 -15.725 7
    endloop
  endfacet
  facet normal 0 0 1
    outer loop
      vertex -12.6207 -16.9103 7
      vertex -14.0769 -15.8523 7
      vertex -12.8348 -17.1747 7
    endloop
  endfacet
  facet normal -0 0 1
    outer loop
      vertex -14.1724 -15.9702 7
      vertex -12.8348 -17.1747 7
      vertex -14.0769 -15.8523 7
    endloop
  endfacet
  facet normal 0 0 1
    outer loop
      vertex -12.8348 -17.1747 7
      vertex -14.1724 -15.9702 7
      vertex -13.0753 -17.4152 7
    endloop
  endfacet
  facet normal -0 0 1
    outer loop
      vertex -14.2798 -16.0776 7
      vertex -13.0753 -17.4152 7
      vertex -14.1724 -15.9702 7
    endloop
  endfacet
  facet normal 0 0 1
    outer loop
      vertex -13.0753 -17.4152 7
      vertex -14.2798 -16.0776 7
      vertex -13.3397 -17.6293 7
    endloop
  endfacet
  facet normal -0 0 1
    outer loop
      vertex -14.3977 -16.1731 7
      vertex -13.3397 -17.6293 7
      vertex -14.2798 -16.0776 7
    endloop
  endfacet
  facet normal 0 0 1
    outer loop
      vertex -13.3397 -17.6293 7
      vertex -14.3977 -16.1731 7
      vertex -13.625 -17.8146 7
    endloop
  endfacet
  facet normal -0 0 1
    outer loop
      vertex -14.525 -16.2557 7
      vertex -13.625 -17.8146 7
      vertex -14.3977 -16.1731 7
    endloop
  endfacet
  facet normal 0 0 1
    outer loop
      vertex -13.625 -17.8146 7
      vertex -14.525 -16.2557 7
      vertex -13.9281 -17.969 7
    endloop
  endfacet
  facet normal -0 0 1
    outer loop
      vertex -14.6602 -16.3246 7
      vertex -13.9281 -17.969 7
      vertex -14.525 -16.2557 7
    endloop
  endfacet
  facet normal 0 0 1
    outer loop
      vertex -13.9281 -17.969 7
      vertex -14.6602 -16.3246 7
      vertex -14.2457 -18.0909 7
    endloop
  endfacet
  facet normal -0 0 1
    outer loop
      vertex -14.8019 -16.379 7
      vertex -14.2457 -18.0909 7
      vertex -14.6602 -16.3246 7
    endloop
  endfacet
  facet normal 0 0 1
    outer loop
      vertex -14.2457 -18.0909 7
      vertex -14.8019 -16.379 7
      vertex -14.5743 -18.179 7
    endloop
  endfacet
  facet normal -0 0 1
    outer loop
      vertex -14.9485 -16.4183 7
      vertex -14.5743 -18.179 7
      vertex -14.8019 -16.379 7
    endloop
  endfacet
  facet normal 0 0 1
    outer loop
      vertex -14.5743 -18.179 7
      vertex -14.9485 -16.4183 7
      vertex -14.9103 -18.2322 7
    endloop
  endfacet
  facet normal -0 0 1
    outer loop
      vertex -15.0984 -16.4421 7
      vertex -14.9103 -18.2322 7
      vertex -14.9485 -16.4183 7
    endloop
  endfacet
  facet normal -0 0 1
    outer loop
      vertex -15.25 -16.45 7
      vertex -14.9103 -18.2322 7
      vertex -15.0984 -16.4421 7
    endloop
  endfacet
  facet normal 0 0 1
    outer loop
      vertex -15.25 -16.45 7
      vertex -15.25 -18.25 7
      vertex -14.9103 -18.2322 7
    endloop
  endfacet
  facet normal 0 0 1
    outer loop
      vertex -15.4016 -16.4421 7
      vertex -15.25 -18.25 7
      vertex -15.25 -16.45 7
    endloop
  endfacet
  facet normal 0 0 1
    outer loop
      vertex -15.5897 -18.2322 7
      vertex -15.4016 -16.4421 7
      vertex -15.5515 -16.4183 7
    endloop
  endfacet
  facet normal 0 0 1
    outer loop
      vertex -15.4016 -16.4421 7
      vertex -15.5897 -18.2322 7
      vertex -15.25 -18.25 7
    endloop
  endfacet
  facet normal 0 0 1
    outer loop
      vertex -15.9257 -18.179 7
      vertex -15.5515 -16.4183 7
      vertex -15.6981 -16.379 7
    endloop
  endfacet
  facet normal 0 0 1
    outer loop
      vertex -16.2543 -18.0909 7
      vertex -15.6981 -16.379 7
      vertex -15.8398 -16.3246 7
    endloop
  endfacet
  facet normal 0 0 1
    outer loop
      vertex -15.5515 -16.4183 7
      vertex -15.9257 -18.179 7
      vertex -15.5897 -18.2322 7
    endloop
  endfacet
  facet normal 0 0 1
    outer loop
      vertex -16.5719 -17.969 7
      vertex -15.8398 -16.3246 7
      vertex -15.975 -16.2557 7
    endloop
  endfacet
  facet normal 0 0 1
    outer loop
      vertex -16.875 -17.8146 7
      vertex -15.975 -16.2557 7
      vertex -16.1023 -16.1731 7
    endloop
  endfacet
  facet normal 0 0 1
    outer loop
      vertex -17.1603 -17.6293 7
      vertex -16.1023 -16.1731 7
      vertex -16.2202 -16.0776 7
    endloop
  endfacet
  facet normal 0 0 1
    outer loop
      vertex -15.6981 -16.379 7
      vertex -16.2543 -18.0909 7
      vertex -15.9257 -18.179 7
    endloop
  endfacet
  facet normal 0 0 1
    outer loop
      vertex -17.4247 -17.4152 7
      vertex -16.2202 -16.0776 7
      vertex -16.3276 -15.9702 7
    endloop
  endfacet
  facet normal 0 0 1
    outer loop
      vertex -17.6652 -17.1747 7
      vertex -16.3276 -15.9702 7
      vertex -16.4231 -15.8523 7
    endloop
  endfacet
  facet normal 0 0 1
    outer loop
      vertex -17.8793 -16.9103 7
      vertex -16.4231 -15.8523 7
      vertex -16.5057 -15.725 7
    endloop
  endfacet
  facet normal 0 0 1
    outer loop
      vertex -15.8398 -16.3246 7
      vertex -16.5719 -17.969 7
      vertex -16.2543 -18.0909 7
    endloop
  endfacet
  facet normal 0 0 1
    outer loop
      vertex -18.0646 -16.625 7
      vertex -16.5057 -15.725 7
      vertex -16.5746 -15.5898 7
    endloop
  endfacet
  facet normal 0 0 1
    outer loop
      vertex -18.219 -16.3219 7
      vertex -16.5746 -15.5898 7
      vertex -16.629 -15.4481 7
    endloop
  endfacet
  facet normal 0 0 1
    outer loop
      vertex -18.3409 -16.0043 7
      vertex -16.629 -15.4481 7
      vertex -16.6683 -15.3015 7
    endloop
  endfacet
  facet normal 0 0 1
    outer loop
      vertex -18.429 -15.6757 7
      vertex -16.6683 -15.3015 7
      vertex -16.6921 -15.1516 7
    endloop
  endfacet
  facet normal 0 0 1
    outer loop
      vertex -18.4822 -15.3397 7
      vertex -16.6921 -15.1516 7
      vertex -16.7 -15 7
    endloop
  endfacet
  facet normal 0 0 1
    outer loop
      vertex -16.5057 -14.275 7
      vertex -18.0646 -13.375 7
      vertex -16.5746 -14.4102 7
    endloop
  endfacet
  facet normal 0 0 1
    outer loop
      vertex -15.975 -16.2557 7
      vertex -16.875 -17.8146 7
      vertex -16.5719 -17.969 7
    endloop
  endfacet
  facet normal -0 0 1
    outer loop
      vertex -18.219 -13.6781 7
      vertex -16.5746 -14.4102 7
      vertex -18.0646 -13.375 7
    endloop
  endfacet
  facet normal 0 0 1
    outer loop
      vertex -16.1023 -16.1731 7
      vertex -17.1603 -17.6293 7
      vertex -16.875 -17.8146 7
    endloop
  endfacet
  facet normal 0 0 1
    outer loop
      vertex -16.5746 -14.4102 7
      vertex -18.219 -13.6781 7
      vertex -16.629 -14.5519 7
    endloop
  endfacet
  facet normal 0 0 1
    outer loop
      vertex -16.2202 -16.0776 7
      vertex -17.4247 -17.4152 7
      vertex -17.1603 -17.6293 7
    endloop
  endfacet
  facet normal -0 0 1
    outer loop
      vertex -18.3409 -13.9957 7
      vertex -16.629 -14.5519 7
      vertex -18.219 -13.6781 7
    endloop
  endfacet
  facet normal 0 0 1
    outer loop
      vertex -16.3276 -15.9702 7
      vertex -17.6652 -17.1747 7
      vertex -17.4247 -17.4152 7
    endloop
  endfacet
  facet normal 0 0 1
    outer loop
      vertex -16.629 -14.5519 7
      vertex -18.3409 -13.9957 7
      vertex -16.6683 -14.6985 7
    endloop
  endfacet
  facet normal 0 0 1
    outer loop
      vertex -16.4231 -15.8523 7
      vertex -17.8793 -16.9103 7
      vertex -17.6652 -17.1747 7
    endloop
  endfacet
  facet normal -0 0 1
    outer loop
      vertex -18.429 -14.3243 7
      vertex -16.6683 -14.6985 7
      vertex -18.3409 -13.9957 7
    endloop
  endfacet
  facet normal 0 0 1
    outer loop
      vertex -16.5057 -15.725 7
      vertex -18.0646 -16.625 7
      vertex -17.8793 -16.9103 7
    endloop
  endfacet
  facet normal 0 0 1
    outer loop
      vertex -16.6683 -14.6985 7
      vertex -18.429 -14.3243 7
      vertex -16.6921 -14.8484 7
    endloop
  endfacet
  facet normal 0 0 1
    outer loop
      vertex -16.5746 -15.5898 7
      vertex -18.219 -16.3219 7
      vertex -18.0646 -16.625 7
    endloop
  endfacet
  facet normal -0 0 1
    outer loop
      vertex -18.4822 -14.6603 7
      vertex -16.6921 -14.8484 7
      vertex -18.429 -14.3243 7
    endloop
  endfacet
  facet normal 0 0 1
    outer loop
      vertex -16.629 -15.4481 7
      vertex -18.3409 -16.0043 7
      vertex -18.219 -16.3219 7
    endloop
  endfacet
  facet normal 0 0 1
    outer loop
      vertex -16.6921 -14.8484 7
      vertex -18.4822 -14.6603 7
      vertex -16.7 -15 7
    endloop
  endfacet
  facet normal 0 0 1
    outer loop
      vertex -16.6683 -15.3015 7
      vertex -18.429 -15.6757 7
      vertex -18.3409 -16.0043 7
    endloop
  endfacet
  facet normal 0 0 1
    outer loop
      vertex -18.5 -15 7
      vertex -16.7 -15 7
      vertex -18.4822 -14.6603 7
    endloop
  endfacet
  facet normal 0 0 1
    outer loop
      vertex -16.6921 -15.1516 7
      vertex -18.4822 -15.3397 7
      vertex -18.429 -15.6757 7
    endloop
  endfacet
  facet normal 0 0 1
    outer loop
      vertex -16.7 -15 7
      vertex -18.5 -15 7
      vertex -18.4822 -15.3397 7
    endloop
  endfacet
  facet normal 0 0 -1
    outer loop
      vertex -13.871 -14.5519 0
      vertex -11 -10.75 0
      vertex -13.8317 -14.6985 0
    endloop
  endfacet
  facet normal 0 0 -1
    outer loop
      vertex -11 10.75 0
      vertex -13.8079 14.8484 0
      vertex -13.8 15 0
    endloop
  endfacet
  facet normal 0 0 -1
    outer loop
      vertex -13.9254 -14.4102 0
      vertex -11 -10.75 0
      vertex -13.871 -14.5519 0
    endloop
  endfacet
  facet normal 0 0 -1
    outer loop
      vertex -11 10.75 0
      vertex -13.8317 14.6985 0
      vertex -13.8079 14.8484 0
    endloop
  endfacet
  facet normal 0 0 -1
    outer loop
      vertex -13.9943 -14.275 0
      vertex -11 -10.75 0
      vertex -13.9254 -14.4102 0
    endloop
  endfacet
  facet normal 0 0 -1
    outer loop
      vertex -11 10.75 0
      vertex -13.871 14.5519 0
      vertex -13.8317 14.6985 0
    endloop
  endfacet
  facet normal 0 0 -1
    outer loop
      vertex -14.0769 -14.1477 0
      vertex -11 -10.75 0
      vertex -13.9943 -14.275 0
    endloop
  endfacet
  facet normal 0 0 -1
    outer loop
      vertex -11 10.75 0
      vertex -13.9254 14.4102 0
      vertex -13.871 14.5519 0
    endloop
  endfacet
  facet normal 0 0 -1
    outer loop
      vertex -14.1724 -14.0298 0
      vertex -11 -10.75 0
      vertex -14.0769 -14.1477 0
    endloop
  endfacet
  facet normal 0 0 -1
    outer loop
      vertex -11 10.75 0
      vertex -13.9943 14.275 0
      vertex -13.9254 14.4102 0
    endloop
  endfacet
  facet normal 0 0 -1
    outer loop
      vertex -14.2798 -13.9224 0
      vertex -11 -10.75 0
      vertex -14.1724 -14.0298 0
    endloop
  endfacet
  facet normal 0 0 -1
    outer loop
      vertex -11 10.75 0
      vertex -14.0769 14.1477 0
      vertex -13.9943 14.275 0
    endloop
  endfacet
  facet normal 0 0 -1
    outer loop
      vertex -14.3977 -13.8269 0
      vertex -11 -10.75 0
      vertex -14.2798 -13.9224 0
    endloop
  endfacet
  facet normal 0 0 -1
    outer loop
      vertex -11 10.75 0
      vertex -14.1724 14.0298 0
      vertex -14.0769 14.1477 0
    endloop
  endfacet
  facet normal 0 0 -1
    outer loop
      vertex -14.525 -13.7443 0
      vertex -11 -10.75 0
      vertex -14.3977 -13.8269 0
    endloop
  endfacet
  facet normal 0 0 -1
    outer loop
      vertex -11 10.75 0
      vertex -14.2798 13.9224 0
      vertex -14.1724 14.0298 0
    endloop
  endfacet
  facet normal 0 0 -1
    outer loop
      vertex -14.6602 -13.6754 0
      vertex -11 -10.75 0
      vertex -14.525 -13.7443 0
    endloop
  endfacet
  facet normal 0 0 -1
    outer loop
      vertex -11 10.75 0
      vertex -14.3977 13.8269 0
      vertex -14.2798 13.9224 0
    endloop
  endfacet
  facet normal 0 0 -1
    outer loop
      vertex -14.8019 -13.621 0
      vertex -11 -10.75 0
      vertex -14.6602 -13.6754 0
    endloop
  endfacet
  facet normal 0 0 -1
    outer loop
      vertex -11 10.75 0
      vertex -14.525 13.7443 0
      vertex -14.3977 13.8269 0
    endloop
  endfacet
  facet normal 0 0 -1
    outer loop
      vertex -14.9485 -13.5817 0
      vertex -11 -10.75 0
      vertex -14.8019 -13.621 0
    endloop
  endfacet
  facet normal 0 0 -1
    outer loop
      vertex -11 10.75 0
      vertex -14.6602 13.6754 0
      vertex -14.525 13.7443 0
    endloop
  endfacet
  facet normal 0 0 -1
    outer loop
      vertex -15.0984 -13.5579 0
      vertex -11 -10.75 0
      vertex -14.9485 -13.5817 0
    endloop
  endfacet
  facet normal 0 0 -1
    outer loop
      vertex -11 10.75 0
      vertex -14.8019 13.621 0
      vertex -14.6602 13.6754 0
    endloop
  endfacet
  facet normal 0 0 -1
    outer loop
      vertex -15.25 -13.55 0
      vertex -11 -10.75 0
      vertex -15.0984 -13.5579 0
    endloop
  endfacet
  facet normal 0 0 -1
    outer loop
      vertex -11 10.75 0
      vertex -14.9485 13.5817 0
      vertex -14.8019 13.621 0
    endloop
  endfacet
  facet normal 0 0 -1
    outer loop
      vertex -15.4016 -13.5579 0
      vertex -11 -10.75 0
      vertex -15.25 -13.55 0
    endloop
  endfacet
  facet normal 0 0 -1
    outer loop
      vertex -11 10.75 0
      vertex -15.0984 13.5579 0
      vertex -14.9485 13.5817 0
    endloop
  endfacet
  facet normal 0 0 -1
    outer loop
      vertex -15.5515 -13.5817 0
      vertex -11 -10.75 0
      vertex -15.4016 -13.5579 0
    endloop
  endfacet
  facet normal 0 0 -1
    outer loop
      vertex -11 10.75 0
      vertex -15.25 13.55 0
      vertex -15.0984 13.5579 0
    endloop
  endfacet
  facet normal 0 0 -1
    outer loop
      vertex -15.6981 -13.621 0
      vertex -11 -10.75 0
      vertex -15.5515 -13.5817 0
    endloop
  endfacet
  facet normal 0 0 -1
    outer loop
      vertex -11 10.75 0
      vertex -15.4016 13.5579 0
      vertex -15.25 13.55 0
    endloop
  endfacet
  facet normal -0 0 -1
    outer loop
      vertex -11 -10.75 0
      vertex -15.6981 -13.621 0
      vertex -11 10.75 0
    endloop
  endfacet
  facet normal 0 0 -1
    outer loop
      vertex -11 10.75 0
      vertex -15.5515 13.5817 0
      vertex -15.4016 13.5579 0
    endloop
  endfacet
  facet normal 0 0 -1
    outer loop
      vertex -15.6981 13.621 0
      vertex -11 10.75 0
      vertex -15.6981 -13.621 0
    endloop
  endfacet
  facet normal 0 0 -1
    outer loop
      vertex -11 10.75 0
      vertex -15.6981 13.621 0
      vertex -15.5515 13.5817 0
    endloop
  endfacet
  facet normal 0 0 -1
    outer loop
      vertex -15.8398 -13.6754 0
      vertex -15.6981 13.621 0
      vertex -15.6981 -13.621 0
    endloop
  endfacet
  facet normal 0 0 -1
    outer loop
      vertex -15.8398 -13.6754 0
      vertex -15.8398 13.6754 0
      vertex -15.6981 13.621 0
    endloop
  endfacet
  facet normal 0 0 -1
    outer loop
      vertex -15.975 -13.7443 0
      vertex -15.8398 13.6754 0
      vertex -15.8398 -13.6754 0
    endloop
  endfacet
  facet normal 0 0 -1
    outer loop
      vertex -15.975 -13.7443 0
      vertex -15.975 13.7443 0
      vertex -15.8398 13.6754 0
    endloop
  endfacet
  facet normal 0 0 -1
    outer loop
      vertex -16.1023 -13.8269 0
      vertex -15.975 13.7443 0
      vertex -15.975 -13.7443 0
    endloop
  endfacet
  facet normal 0 0 -1
    outer loop
      vertex -16.1023 -13.8269 0
      vertex -16.1023 13.8269 0
      vertex -15.975 13.7443 0
    endloop
  endfacet
  facet normal 0 0 -1
    outer loop
      vertex -16.2202 -13.9224 0
      vertex -16.1023 13.8269 0
      vertex -16.1023 -13.8269 0
    endloop
  endfacet
  facet normal 0 0 -1
    outer loop
      vertex -16.2202 -13.9224 0
      vertex -16.2202 13.9224 0
      vertex -16.1023 13.8269 0
    endloop
  endfacet
  facet normal 0 0 -1
    outer loop
      vertex -16.3276 -14.0298 0
      vertex -16.2202 13.9224 0
      vertex -16.2202 -13.9224 0
    endloop
  endfacet
  facet normal 0 0 -1
    outer loop
      vertex -16.3276 -14.0298 0
      vertex -16.3276 14.0298 0
      vertex -16.2202 13.9224 0
    endloop
  endfacet
  facet normal 0 0 -1
    outer loop
      vertex -16.4231 -14.1477 0
      vertex -16.3276 14.0298 0
      vertex -16.3276 -14.0298 0
    endloop
  endfacet
  facet normal 0 0 -1
    outer loop
      vertex -16.4231 -14.1477 0
      vertex -16.4231 14.1477 0
      vertex -16.3276 14.0298 0
    endloop
  endfacet
  facet normal 0 0 -1
    outer loop
      vertex -16.5057 -14.275 0
      vertex -16.4231 14.1477 0
      vertex -16.4231 -14.1477 0
    endloop
  endfacet
  facet normal 0 0 -1
    outer loop
      vertex -16.5057 -14.275 0
      vertex -16.5057 14.275 0
      vertex -16.4231 14.1477 0
    endloop
  endfacet
  facet normal 0 0 -1
    outer loop
      vertex -16.5746 -14.4102 0
      vertex -16.5057 14.275 0
      vertex -16.5057 -14.275 0
    endloop
  endfacet
  facet normal 0 0 -1
    outer loop
      vertex -16.5746 -14.4102 0
      vertex -16.5746 14.4102 0
      vertex -16.5057 14.275 0
    endloop
  endfacet
  facet normal 0 0 -1
    outer loop
      vertex -20.25 -20 0
      vertex -16.5746 -14.4102 0
      vertex -16.629 -14.5519 0
    endloop
  endfacet
  facet normal -0 0 -1
    outer loop
      vertex -16.5746 -14.4102 0
      vertex -20.25 -20 0
      vertex -16.5746 14.4102 0
    endloop
  endfacet
  facet normal 0 0 -1
    outer loop
      vertex -20.25 -20 0
      vertex -16.629 -14.5519 0
      vertex -16.6683 -14.6985 0
    endloop
  endfacet
  facet normal 0 0 -1
    outer loop
      vertex -20.25 20 0
      vertex -16.5746 14.4102 0
      vertex -20.25 -20 0
    endloop
  endfacet
  facet normal 0 0 -1
    outer loop
      vertex -20.25 -20 0
      vertex -16.6683 -14.6985 0
      vertex -16.6921 -14.8484 0
    endloop
  endfacet
  facet normal 0 0 -1
    outer loop
      vertex -16.5746 14.4102 0
      vertex -20.25 20 0
      vertex -16.629 14.5519 0
    endloop
  endfacet
  facet normal 0 0 -1
    outer loop
      vertex -20.25 -20 0
      vertex -16.6921 -14.8484 0
      vertex -16.7 -15 0
    endloop
  endfacet
  facet normal 0 0 -1
    outer loop
      vertex -16.629 14.5519 0
      vertex -20.25 20 0
      vertex -16.6683 14.6985 0
    endloop
  endfacet
  facet normal 0 0 -1
    outer loop
      vertex 16.629 -14.5519 0
      vertex 20.25 -20 0
      vertex 16.6683 -14.6985 0
    endloop
  endfacet
  facet normal 0 0 -1
    outer loop
      vertex 20.25 20 0
      vertex 16.6921 14.8484 0
      vertex 16.7 15 0
    endloop
  endfacet
  facet normal 0 0 -1
    outer loop
      vertex 16.5746 -14.4102 0
      vertex 20.25 -20 0
      vertex 16.629 -14.5519 0
    endloop
  endfacet
  facet normal 0 0 -1
    outer loop
      vertex 20.25 20 0
      vertex 16.6683 14.6985 0
      vertex 16.6921 14.8484 0
    endloop
  endfacet
  facet normal 0 0 -1
    outer loop
      vertex 20.25 -20 0
      vertex 16.5746 -14.4102 0
      vertex 20.25 20 0
    endloop
  endfacet
  facet normal 0 0 -1
    outer loop
      vertex 20.25 20 0
      vertex 16.629 14.5519 0
      vertex 16.6683 14.6985 0
    endloop
  endfacet
  facet normal 0 0 -1
    outer loop
      vertex 16.5746 14.4102 0
      vertex 20.25 20 0
      vertex 16.5746 -14.4102 0
    endloop
  endfacet
  facet normal 0 0 -1
    outer loop
      vertex 20.25 20 0
      vertex 16.5746 14.4102 0
      vertex 16.629 14.5519 0
    endloop
  endfacet
  facet normal 0 0 -1
    outer loop
      vertex 16.5057 -14.275 0
      vertex 16.5746 14.4102 0
      vertex 16.5746 -14.4102 0
    endloop
  endfacet
  facet normal 0 0 -1
    outer loop
      vertex 16.5057 -14.275 0
      vertex 16.5057 14.275 0
      vertex 16.5746 14.4102 0
    endloop
  endfacet
  facet normal 0 0 -1
    outer loop
      vertex 16.4231 -14.1477 0
      vertex 16.5057 14.275 0
      vertex 16.5057 -14.275 0
    endloop
  endfacet
  facet normal 0 0 -1
    outer loop
      vertex 16.4231 -14.1477 0
      vertex 16.4231 14.1477 0
      vertex 16.5057 14.275 0
    endloop
  endfacet
  facet normal 0 0 -1
    outer loop
      vertex 16.3276 -14.0298 0
      vertex 16.4231 14.1477 0
      vertex 16.4231 -14.1477 0
    endloop
  endfacet
  facet normal 0 0 -1
    outer loop
      vertex 16.3276 -14.0298 0
      vertex 16.3276 14.0298 0
      vertex 16.4231 14.1477 0
    endloop
  endfacet
  facet normal 0 0 -1
    outer loop
      vertex 16.2202 -13.9224 0
      vertex 16.3276 14.0298 0
      vertex 16.3276 -14.0298 0
    endloop
  endfacet
  facet normal 0 0 -1
    outer loop
      vertex 16.2202 -13.9224 0
      vertex 16.2202 13.9224 0
      vertex 16.3276 14.0298 0
    endloop
  endfacet
  facet normal 0 0 -1
    outer loop
      vertex 16.1023 -13.8269 0
      vertex 16.2202 13.9224 0
      vertex 16.2202 -13.9224 0
    endloop
  endfacet
  facet normal 0 0 -1
    outer loop
      vertex 16.1023 -13.8269 0
      vertex 16.1023 13.8269 0
      vertex 16.2202 13.9224 0
    endloop
  endfacet
  facet normal 0 0 -1
    outer loop
      vertex 15.975 -13.7443 0
      vertex 16.1023 13.8269 0
      vertex 16.1023 -13.8269 0
    endloop
  endfacet
  facet normal 0 0 -1
    outer loop
      vertex 15.975 -13.7443 0
      vertex 15.975 13.7443 0
      vertex 16.1023 13.8269 0
    endloop
  endfacet
  facet normal 0 0 -1
    outer loop
      vertex 15.8398 -13.6754 0
      vertex 15.975 13.7443 0
      vertex 15.975 -13.7443 0
    endloop
  endfacet
  facet normal 0 0 -1
    outer loop
      vertex 15.8398 -13.6754 0
      vertex 15.8398 13.6754 0
      vertex 15.975 13.7443 0
    endloop
  endfacet
  facet normal 0 0 -1
    outer loop
      vertex 15.6981 -13.621 0
      vertex 15.8398 13.6754 0
      vertex 15.8398 -13.6754 0
    endloop
  endfacet
  facet normal 0 0 -1
    outer loop
      vertex 15.6981 -13.621 0
      vertex 15.6981 13.621 0
      vertex 15.8398 13.6754 0
    endloop
  endfacet
  facet normal 0 0 -1
    outer loop
      vertex 11 -10.75 0
      vertex 15.6981 -13.621 0
      vertex 15.5515 -13.5817 0
    endloop
  endfacet
  facet normal 0 0 -1
    outer loop
      vertex 15.6981 -13.621 0
      vertex 11 -10.75 0
      vertex 15.6981 13.621 0
    endloop
  endfacet
  facet normal 0 0 -1
    outer loop
      vertex 11 -10.75 0
      vertex 15.5515 -13.5817 0
      vertex 15.4016 -13.5579 0
    endloop
  endfacet
  facet normal 0 0 -1
    outer loop
      vertex 11 10.75 0
      vertex 15.6981 13.621 0
      vertex 11 -10.75 0
    endloop
  endfacet
  facet normal 0 0 -1
    outer loop
      vertex 11 -10.75 0
      vertex 15.4016 -13.5579 0
      vertex 15.25 -13.55 0
    endloop
  endfacet
  facet normal 0 0 -1
    outer loop
      vertex 15.6981 13.621 0
      vertex 11 10.75 0
      vertex 15.5515 13.5817 0
    endloop
  endfacet
  facet normal 0 0 -1
    outer loop
      vertex 11 -10.75 0
      vertex 15.25 -13.55 0
      vertex 15.0984 -13.5579 0
    endloop
  endfacet
  facet normal 0 0 -1
    outer loop
      vertex 15.5515 13.5817 0
      vertex 11 10.75 0
      vertex 15.4016 13.5579 0
    endloop
  endfacet
  facet normal 0 0 -1
    outer loop
      vertex 11 -10.75 0
      vertex 15.0984 -13.5579 0
      vertex 14.9485 -13.5817 0
    endloop
  endfacet
  facet normal 0 0 -1
    outer loop
      vertex 15.4016 13.5579 0
      vertex 11 10.75 0
      vertex 15.25 13.55 0
    endloop
  endfacet
  facet normal 0 0 -1
    outer loop
      vertex 11 -10.75 0
      vertex 14.9485 -13.5817 0
      vertex 14.8019 -13.621 0
    endloop
  endfacet
  facet normal -0 0 -1
    outer loop
      vertex 15.25 13.55 0
      vertex 11 10.75 0
      vertex 15.0984 13.5579 0
    endloop
  endfacet
  facet normal 0 0 -1
    outer loop
      vertex 11 -10.75 0
      vertex 14.8019 -13.621 0
      vertex 14.6602 -13.6754 0
    endloop
  endfacet
  facet normal -0 0 -1
    outer loop
      vertex 15.0984 13.5579 0
      vertex 11 10.75 0
      vertex 14.9485 13.5817 0
    endloop
  endfacet
  facet normal 0 0 -1
    outer loop
      vertex 11 -10.75 0
      vertex 14.6602 -13.6754 0
      vertex 14.525 -13.7443 0
    endloop
  endfacet
  facet normal -0 0 -1
    outer loop
      vertex 14.9485 13.5817 0
      vertex 11 10.75 0
      vertex 14.8019 13.621 0
    endloop
  endfacet
  facet normal 0 0 -1
    outer loop
      vertex 11 -10.75 0
      vertex 14.525 -13.7443 0
      vertex 14.3977 -13.8269 0
    endloop
  endfacet
  facet normal -0 0 -1
    outer loop
      vertex 14.8019 13.621 0
      vertex 11 10.75 0
      vertex 14.6602 13.6754 0
    endloop
  endfacet
  facet normal 0 0 -1
    outer loop
      vertex 11 -10.75 0
      vertex 14.3977 -13.8269 0
      vertex 14.2798 -13.9224 0
    endloop
  endfacet
  facet normal -0 0 -1
    outer loop
      vertex 14.6602 13.6754 0
      vertex 11 10.75 0
      vertex 14.525 13.7443 0
    endloop
  endfacet
  facet normal 0 0 -1
    outer loop
      vertex 11 -10.75 0
      vertex 14.2798 -13.9224 0
      vertex 14.1724 -14.0298 0
    endloop
  endfacet
  facet normal -0 0 -1
    outer loop
      vertex 14.525 13.7443 0
      vertex 11 10.75 0
      vertex 14.3977 13.8269 0
    endloop
  endfacet
  facet normal 0 0 -1
    outer loop
      vertex 11 -10.75 0
      vertex 14.1724 -14.0298 0
      vertex 14.0769 -14.1477 0
    endloop
  endfacet
  facet normal -0 0 -1
    outer loop
      vertex 14.3977 13.8269 0
      vertex 11 10.75 0
      vertex 14.2798 13.9224 0
    endloop
  endfacet
  facet normal 0 0 -1
    outer loop
      vertex 11 -10.75 0
      vertex 14.0769 -14.1477 0
      vertex 13.9943 -14.275 0
    endloop
  endfacet
  facet normal -0 0 -1
    outer loop
      vertex 14.2798 13.9224 0
      vertex 11 10.75 0
      vertex 14.1724 14.0298 0
    endloop
  endfacet
  facet normal 0 0 -1
    outer loop
      vertex 11 -10.75 0
      vertex 13.9943 -14.275 0
      vertex 13.9254 -14.4102 0
    endloop
  endfacet
  facet normal -0 0 -1
    outer loop
      vertex 14.1724 14.0298 0
      vertex 11 10.75 0
      vertex 14.0769 14.1477 0
    endloop
  endfacet
  facet normal 0 0 -1
    outer loop
      vertex 11 -10.75 0
      vertex 13.9254 -14.4102 0
      vertex 13.871 -14.5519 0
    endloop
  endfacet
  facet normal -0 0 -1
    outer loop
      vertex 14.0769 14.1477 0
      vertex 11 10.75 0
      vertex 13.9943 14.275 0
    endloop
  endfacet
  facet normal 0 0 -1
    outer loop
      vertex 11 -10.75 0
      vertex 13.871 -14.5519 0
      vertex 13.8317 -14.6985 0
    endloop
  endfacet
  facet normal -0 0 -1
    outer loop
      vertex 13.9943 14.275 0
      vertex 11 10.75 0
      vertex 13.9254 14.4102 0
    endloop
  endfacet
  facet normal 0 0 -1
    outer loop
      vertex 7.69069 -14.8223 0
      vertex 13.8317 -14.6985 0
      vertex 13.8079 -14.8484 0
    endloop
  endfacet
  facet normal -0 0 -1
    outer loop
      vertex 13.9254 14.4102 0
      vertex 11 10.75 0
      vertex 13.871 14.5519 0
    endloop
  endfacet
  facet normal 0 0 -1
    outer loop
      vertex 7.69069 -14.8223 0
      vertex 13.8079 -14.8484 0
      vertex 13.8 -15 0
    endloop
  endfacet
  facet normal -0 0 -1
    outer loop
      vertex 13.871 14.5519 0
      vertex 11 10.75 0
      vertex 13.8317 14.6985 0
    endloop
  endfacet
  facet normal 0 0 -1
    outer loop
      vertex 16.6921 -14.8484 0
      vertex 20.25 -20 0
      vertex 16.7 -15 0
    endloop
  endfacet
  facet normal 0 0 -1
    outer loop
      vertex 20.25 -20 0
      vertex 16.6921 -15.1516 0
      vertex 16.7 -15 0
    endloop
  endfacet
  facet normal 0 0 -1
    outer loop
      vertex 20.25 -20 0
      vertex 16.6683 -15.3015 0
      vertex 16.6921 -15.1516 0
    endloop
  endfacet
  facet normal 0 0 -1
    outer loop
      vertex 20.25 -20 0
      vertex 16.629 -15.4481 0
      vertex 16.6683 -15.3015 0
    endloop
  endfacet
  facet normal 0 0 -1
    outer loop
      vertex 20.25 -20 0
      vertex 16.5746 -15.5898 0
      vertex 16.629 -15.4481 0
    endloop
  endfacet
  facet normal 0 0 -1
    outer loop
      vertex 20.25 -20 0
      vertex 16.5057 -15.725 0
      vertex 16.5746 -15.5898 0
    endloop
  endfacet
  facet normal 0 0 -1
    outer loop
      vertex 20.25 -20 0
      vertex 16.4231 -15.8523 0
      vertex 16.5057 -15.725 0
    endloop
  endfacet
  facet normal 0 0 -1
    outer loop
      vertex 20.25 -20 0
      vertex 16.3276 -15.9702 0
      vertex 16.4231 -15.8523 0
    endloop
  endfacet
  facet normal 0 0 -1
    outer loop
      vertex 20.25 -20 0
      vertex 16.2202 -16.0776 0
      vertex 16.3276 -15.9702 0
    endloop
  endfacet
  facet normal 0 0 -1
    outer loop
      vertex 20.25 -20 0
      vertex 16.1023 -16.1731 0
      vertex 16.2202 -16.0776 0
    endloop
  endfacet
  facet normal 0 0 -1
    outer loop
      vertex 20.25 -20 0
      vertex 15.975 -16.2557 0
      vertex 16.1023 -16.1731 0
    endloop
  endfacet
  facet normal 0 0 -1
    outer loop
      vertex 20.25 -20 0
      vertex 15.8398 -16.3246 0
      vertex 15.975 -16.2557 0
    endloop
  endfacet
  facet normal 0 0 -1
    outer loop
      vertex 20.25 -20 0
      vertex 15.6981 -16.379 0
      vertex 15.8398 -16.3246 0
    endloop
  endfacet
  facet normal 0 0 -1
    outer loop
      vertex 20.25 -20 0
      vertex 15.5515 -16.4183 0
      vertex 15.6981 -16.379 0
    endloop
  endfacet
  facet normal 0 0 -1
    outer loop
      vertex 20.25 -20 0
      vertex 15.4016 -16.4421 0
      vertex 15.5515 -16.4183 0
    endloop
  endfacet
  facet normal 0 0 -1
    outer loop
      vertex 20.25 -20 0
      vertex 15.25 -16.45 0
      vertex 15.4016 -16.4421 0
    endloop
  endfacet
  facet normal 0 0 -1
    outer loop
      vertex 20.25 -20 0
      vertex 15.0984 -16.4421 0
      vertex 15.25 -16.45 0
    endloop
  endfacet
  facet normal 0 0 -1
    outer loop
      vertex 20.25 -20 0
      vertex 14.9485 -16.4183 0
      vertex 15.0984 -16.4421 0
    endloop
  endfacet
  facet normal 0 0 -1
    outer loop
      vertex 20.25 -20 0
      vertex 14.8019 -16.379 0
      vertex 14.9485 -16.4183 0
    endloop
  endfacet
  facet normal 0 0 -1
    outer loop
      vertex 6.69145 -16.553 0
      vertex 14.8019 -16.379 0
      vertex 20.25 -20 0
    endloop
  endfacet
  facet normal -0 0 -1
    outer loop
      vertex 14.8019 -16.379 0
      vertex 6.69145 -16.553 0
      vertex 14.6602 -16.3246 0
    endloop
  endfacet
  facet normal 0 -0 -1
    outer loop
      vertex 6.85 -16.4722 0
      vertex 14.6602 -16.3246 0
      vertex 6.69145 -16.553 0
    endloop
  endfacet
  facet normal -0 0 -1
    outer loop
      vertex 13.8317 14.6985 0
      vertex 11 10.75 0
      vertex 13.8079 14.8484 0
    endloop
  endfacet
  facet normal 0 0 -1
    outer loop
      vertex 7.7 -15 0
      vertex 13.8 -15 0
      vertex 13.8079 -15.1516 0
    endloop
  endfacet
  facet normal 0 0 -1
    outer loop
      vertex 7.69069 -15.1777 0
      vertex 13.8079 -15.1516 0
      vertex 13.8317 -15.3015 0
    endloop
  endfacet
  facet normal 0 0 -1
    outer loop
      vertex 7.66285 -15.3534 0
      vertex 13.8317 -15.3015 0
      vertex 13.871 -15.4481 0
    endloop
  endfacet
  facet normal 0 0 -1
    outer loop
      vertex 7.6168 -15.5253 0
      vertex 13.871 -15.4481 0
      vertex 13.9254 -15.5898 0
    endloop
  endfacet
  facet normal 0 0 -1
    outer loop
      vertex 7.55303 -15.6915 0
      vertex 13.9254 -15.5898 0
      vertex 13.9943 -15.725 0
    endloop
  endfacet
  facet normal 0 0 -1
    outer loop
      vertex 13.8 -15 0
      vertex 7.7 -15 0
      vertex 7.69069 -14.8223 0
    endloop
  endfacet
  facet normal 0 0 -1
    outer loop
      vertex 7.47224 -15.85 0
      vertex 13.9943 -15.725 0
      vertex 14.0769 -15.8523 0
    endloop
  endfacet
  facet normal 0 0 -1
    outer loop
      vertex 7.37533 -15.9992 0
      vertex 14.0769 -15.8523 0
      vertex 14.1724 -15.9702 0
    endloop
  endfacet
  facet normal 0 0 -1
    outer loop
      vertex 7.26335 -16.1375 0
      vertex 14.1724 -15.9702 0
      vertex 14.2798 -16.0776 0
    endloop
  endfacet
  facet normal 0 0 -1
    outer loop
      vertex 7.13752 -16.2633 0
      vertex 14.2798 -16.0776 0
      vertex 14.3977 -16.1731 0
    endloop
  endfacet
  facet normal -0 0 -1
    outer loop
      vertex 14.6602 -16.3246 0
      vertex 6.85 -16.4722 0
      vertex 14.525 -16.2557 0
    endloop
  endfacet
  facet normal -0 0 -1
    outer loop
      vertex 13.8079 -15.1516 0
      vertex 7.69069 -15.1777 0
      vertex 7.7 -15 0
    endloop
  endfacet
  facet normal -0 0 -1
    outer loop
      vertex 13.8317 -15.3015 0
      vertex 7.66285 -15.3534 0
      vertex 7.69069 -15.1777 0
    endloop
  endfacet
  facet normal -0 0 -1
    outer loop
      vertex 13.871 -15.4481 0
      vertex 7.6168 -15.5253 0
      vertex 7.66285 -15.3534 0
    endloop
  endfacet
  facet normal -0 0 -1
    outer loop
      vertex 13.9254 -15.5898 0
      vertex 7.55303 -15.6915 0
      vertex 7.6168 -15.5253 0
    endloop
  endfacet
  facet normal -0 0 -1
    outer loop
      vertex 13.9943 -15.725 0
      vertex 7.47224 -15.85 0
      vertex 7.55303 -15.6915 0
    endloop
  endfacet
  facet normal -0 0 -1
    outer loop
      vertex 14.0769 -15.8523 0
      vertex 7.37533 -15.9992 0
      vertex 7.47224 -15.85 0
    endloop
  endfacet
  facet normal 0 0 -1
    outer loop
      vertex 14.1724 -15.9702 0
      vertex 7.26335 -16.1375 0
      vertex 7.37533 -15.9992 0
    endloop
  endfacet
  facet normal 0 0 -1
    outer loop
      vertex 14.2798 -16.0776 0
      vertex 7.13752 -16.2633 0
      vertex 7.26335 -16.1375 0
    endloop
  endfacet
  facet normal 0 0 -1
    outer loop
      vertex 14.3977 -16.1731 0
      vertex 6.99923 -16.3753 0
      vertex 7.13752 -16.2633 0
    endloop
  endfacet
  facet normal -0 0 -1
    outer loop
      vertex 14.525 -16.2557 0
      vertex 6.99923 -16.3753 0
      vertex 14.3977 -16.1731 0
    endloop
  endfacet
  facet normal 0 -0 -1
    outer loop
      vertex 6.99923 -16.3753 0
      vertex 14.525 -16.2557 0
      vertex 6.85 -16.4722 0
    endloop
  endfacet
  facet normal 0 0 -1
    outer loop
      vertex 20.25 -20 0
      vertex 6.52533 -16.6168 0
      vertex 6.69145 -16.553 0
    endloop
  endfacet
  facet normal 0 0 -1
    outer loop
      vertex 20.25 -20 0
      vertex 6.35345 -16.6628 0
      vertex 6.52533 -16.6168 0
    endloop
  endfacet
  facet normal 0 0 -1
    outer loop
      vertex 20.25 -20 0
      vertex 6.1777 -16.6907 0
      vertex 6.35345 -16.6628 0
    endloop
  endfacet
  facet normal 0 0 -1
    outer loop
      vertex 20.25 -20 0
      vertex 6 -16.7 0
      vertex 6.1777 -16.6907 0
    endloop
  endfacet
  facet normal 0 0 -1
    outer loop
      vertex 20.25 -20 0
      vertex 5.8223 -16.6907 0
      vertex 6 -16.7 0
    endloop
  endfacet
  facet normal 0 0 -1
    outer loop
      vertex -5.8223 -16.6907 0
      vertex 5.8223 -16.6907 0
      vertex 20.25 -20 0
    endloop
  endfacet
  facet normal 0 0 -1
    outer loop
      vertex 4.30931 -15.1777 0
      vertex -4.3 -15 0
      vertex 4.3 -15 0
    endloop
  endfacet
  facet normal 0 0 -1
    outer loop
      vertex -4.30931 -15.1777 0
      vertex 4.30931 -15.1777 0
      vertex 4.33715 -15.3534 0
    endloop
  endfacet
  facet normal 0 0 -1
    outer loop
      vertex -4.33715 -15.3534 0
      vertex 4.33715 -15.3534 0
      vertex 4.3832 -15.5253 0
    endloop
  endfacet
  facet normal 0 0 -1
    outer loop
      vertex -4.3832 -15.5253 0
      vertex 4.3832 -15.5253 0
      vertex 4.44697 -15.6915 0
    endloop
  endfacet
  facet normal 0 0 -1
    outer loop
      vertex -4.44697 -15.6915 0
      vertex 4.44697 -15.6915 0
      vertex 4.52776 -15.85 0
    endloop
  endfacet
  facet normal 0 0 -1
    outer loop
      vertex -4.52776 -15.85 0
      vertex 4.52776 -15.85 0
      vertex 4.62467 -15.9992 0
    endloop
  endfacet
  facet normal 0 0 -1
    outer loop
      vertex -4.62467 -15.9992 0
      vertex 4.62467 -15.9992 0
      vertex 4.73665 -16.1375 0
    endloop
  endfacet
  facet normal 0 0 -1
    outer loop
      vertex -4.73665 -16.1375 0
      vertex 4.73665 -16.1375 0
      vertex 4.86248 -16.2633 0
    endloop
  endfacet
  facet normal 0 0 -1
    outer loop
      vertex -4.86248 -16.2633 0
      vertex 4.86248 -16.2633 0
      vertex 5.00076 -16.3753 0
    endloop
  endfacet
  facet normal 0 0 -1
    outer loop
      vertex -5.00076 -16.3753 0
      vertex 5.00076 -16.3753 0
      vertex 5.15 -16.4722 0
    endloop
  endfacet
  facet normal 0 0 -1
    outer loop
      vertex -5.15 -16.4722 0
      vertex 5.15 -16.4722 0
      vertex 5.30855 -16.553 0
    endloop
  endfacet
  facet normal 0 0 -1
    outer loop
      vertex -5.30855 -16.553 0
      vertex 5.30855 -16.553 0
      vertex 5.47467 -16.6168 0
    endloop
  endfacet
  facet normal 0 0 -1
    outer loop
      vertex -5.47467 -16.6168 0
      vertex 5.47467 -16.6168 0
      vertex 5.64655 -16.6628 0
    endloop
  endfacet
  facet normal 0 0 -1
    outer loop
      vertex 5.8223 -16.6907 0
      vertex -5.8223 -16.6907 0
      vertex 5.64655 -16.6628 0
    endloop
  endfacet
  facet normal 0 0 -1
    outer loop
      vertex 4.30931 -15.1777 0
      vertex -4.30931 -15.1777 0
      vertex -4.3 -15 0
    endloop
  endfacet
  facet normal 0 0 -1
    outer loop
      vertex 4.33715 -15.3534 0
      vertex -4.33715 -15.3534 0
      vertex -4.30931 -15.1777 0
    endloop
  endfacet
  facet normal 0 0 -1
    outer loop
      vertex 4.3832 -15.5253 0
      vertex -4.3832 -15.5253 0
      vertex -4.33715 -15.3534 0
    endloop
  endfacet
  facet normal 0 0 -1
    outer loop
      vertex 4.44697 -15.6915 0
      vertex -4.44697 -15.6915 0
      vertex -4.3832 -15.5253 0
    endloop
  endfacet
  facet normal 0 0 -1
    outer loop
      vertex 4.52776 -15.85 0
      vertex -4.52776 -15.85 0
      vertex -4.44697 -15.6915 0
    endloop
  endfacet
  facet normal 0 0 -1
    outer loop
      vertex 4.62467 -15.9992 0
      vertex -4.62467 -15.9992 0
      vertex -4.52776 -15.85 0
    endloop
  endfacet
  facet normal 0 0 -1
    outer loop
      vertex 4.73665 -16.1375 0
      vertex -4.73665 -16.1375 0
      vertex -4.62467 -15.9992 0
    endloop
  endfacet
  facet normal 0 0 -1
    outer loop
      vertex 4.86248 -16.2633 0
      vertex -4.86248 -16.2633 0
      vertex -4.73665 -16.1375 0
    endloop
  endfacet
  facet normal 0 0 -1
    outer loop
      vertex 5.00076 -16.3753 0
      vertex -5.00076 -16.3753 0
      vertex -4.86248 -16.2633 0
    endloop
  endfacet
  facet normal 0 0 -1
    outer loop
      vertex 5.15 -16.4722 0
      vertex -5.15 -16.4722 0
      vertex -5.00076 -16.3753 0
    endloop
  endfacet
  facet normal 0 0 -1
    outer loop
      vertex 5.30855 -16.553 0
      vertex -5.30855 -16.553 0
      vertex -5.15 -16.4722 0
    endloop
  endfacet
  facet normal 0 0 -1
    outer loop
      vertex 5.47467 -16.6168 0
      vertex -5.47467 -16.6168 0
      vertex -5.30855 -16.553 0
    endloop
  endfacet
  facet normal 0 0 -1
    outer loop
      vertex 5.64655 -16.6628 0
      vertex -5.64655 -16.6628 0
      vertex -5.47467 -16.6168 0
    endloop
  endfacet
  facet normal -0 0 -1
    outer loop
      vertex 5.64655 -16.6628 0
      vertex -5.8223 -16.6907 0
      vertex -5.64655 -16.6628 0
    endloop
  endfacet
  facet normal 0 0 -1
    outer loop
      vertex -20.25 -20 0
      vertex -5.8223 -16.6907 0
      vertex 20.25 -20 0
    endloop
  endfacet
  facet normal 0 0 -1
    outer loop
      vertex -5.8223 -16.6907 0
      vertex -20.25 -20 0
      vertex -6 -16.7 0
    endloop
  endfacet
  facet normal 0 0 -1
    outer loop
      vertex -13.8 -15 0
      vertex -7.7 -15 0
      vertex -7.69069 -15.1777 0
    endloop
  endfacet
  facet normal 0 0 -1
    outer loop
      vertex -13.8317 -15.3015 0
      vertex -7.69069 -15.1777 0
      vertex -7.66285 -15.3534 0
    endloop
  endfacet
  facet normal 0 0 -1
    outer loop
      vertex -13.871 -15.4481 0
      vertex -7.66285 -15.3534 0
      vertex -7.6168 -15.5253 0
    endloop
  endfacet
  facet normal 0 0 -1
    outer loop
      vertex -13.9254 -15.5898 0
      vertex -7.6168 -15.5253 0
      vertex -7.55303 -15.6915 0
    endloop
  endfacet
  facet normal 0 0 -1
    outer loop
      vertex -13.9943 -15.725 0
      vertex -7.55303 -15.6915 0
      vertex -7.47224 -15.85 0
    endloop
  endfacet
  facet normal 0 0 -1
    outer loop
      vertex -14.0769 -15.8523 0
      vertex -7.47224 -15.85 0
      vertex -7.37533 -15.9992 0
    endloop
  endfacet
  facet normal 0 0 -1
    outer loop
      vertex -7.69069 -14.8223 0
      vertex -13.8317 -14.6985 0
      vertex -7.66285 -14.6465 0
    endloop
  endfacet
  facet normal 0 0 -1
    outer loop
      vertex -13.8079 -14.8484 0
      vertex -7.7 -15 0
      vertex -13.8 -15 0
    endloop
  endfacet
  facet normal 0 0 -1
    outer loop
      vertex -14.1724 -15.9702 0
      vertex -7.37533 -15.9992 0
      vertex -7.26335 -16.1375 0
    endloop
  endfacet
  facet normal 0 0 -1
    outer loop
      vertex -14.2798 -16.0776 0
      vertex -7.26335 -16.1375 0
      vertex -7.13752 -16.2633 0
    endloop
  endfacet
  facet normal 0 0 -1
    outer loop
      vertex -14.3977 -16.1731 0
      vertex -7.13752 -16.2633 0
      vertex -6.99923 -16.3753 0
    endloop
  endfacet
  facet normal 0 0 -1
    outer loop
      vertex -14.525 -16.2557 0
      vertex -6.99923 -16.3753 0
      vertex -6.85 -16.4722 0
    endloop
  endfacet
  facet normal 0 0 -1
    outer loop
      vertex -14.6602 -16.3246 0
      vertex -6.85 -16.4722 0
      vertex -6.69145 -16.553 0
    endloop
  endfacet
  facet normal 0 0 -1
    outer loop
      vertex -14.8019 -16.379 0
      vertex -6.69145 -16.553 0
      vertex -6.52533 -16.6168 0
    endloop
  endfacet
  facet normal 0 0 -1
    outer loop
      vertex -20.25 -20 0
      vertex -6.52533 -16.6168 0
      vertex -6.35345 -16.6628 0
    endloop
  endfacet
  facet normal 0 0 -1
    outer loop
      vertex -7.69069 -15.1777 0
      vertex -13.8079 -15.1516 0
      vertex -13.8 -15 0
    endloop
  endfacet
  facet normal -0 0 -1
    outer loop
      vertex -7.69069 -15.1777 0
      vertex -13.8317 -15.3015 0
      vertex -13.8079 -15.1516 0
    endloop
  endfacet
  facet normal -0 0 -1
    outer loop
      vertex -7.66285 -15.3534 0
      vertex -13.871 -15.4481 0
      vertex -13.8317 -15.3015 0
    endloop
  endfacet
  facet normal -0 0 -1
    outer loop
      vertex -7.6168 -15.5253 0
      vertex -13.9254 -15.5898 0
      vertex -13.871 -15.4481 0
    endloop
  endfacet
  facet normal 0 0 -1
    outer loop
      vertex -20.25 -20 0
      vertex -6.35345 -16.6628 0
      vertex -6.1777 -16.6907 0
    endloop
  endfacet
  facet normal -0 0 -1
    outer loop
      vertex -7.55303 -15.6915 0
      vertex -13.9943 -15.725 0
      vertex -13.9254 -15.5898 0
    endloop
  endfacet
  facet normal -0 0 -1
    outer loop
      vertex -6 -16.7 0
      vertex -20.25 -20 0
      vertex -6.1777 -16.6907 0
    endloop
  endfacet
  facet normal -0 0 -1
    outer loop
      vertex -7.47224 -15.85 0
      vertex -14.0769 -15.8523 0
      vertex -13.9943 -15.725 0
    endloop
  endfacet
  facet normal 0 0 -1
    outer loop
      vertex -7.37533 -15.9992 0
      vertex -14.1724 -15.9702 0
      vertex -14.0769 -15.8523 0
    endloop
  endfacet
  facet normal 0 0 -1
    outer loop
      vertex -7.26335 -16.1375 0
      vertex -14.2798 -16.0776 0
      vertex -14.1724 -15.9702 0
    endloop
  endfacet
  facet normal 0 0 -1
    outer loop
      vertex -7.13752 -16.2633 0
      vertex -14.3977 -16.1731 0
      vertex -14.2798 -16.0776 0
    endloop
  endfacet
  facet normal 0 0 -1
    outer loop
      vertex -6.99923 -16.3753 0
      vertex -14.525 -16.2557 0
      vertex -14.3977 -16.1731 0
    endloop
  endfacet
  facet normal 0 0 -1
    outer loop
      vertex -6.85 -16.4722 0
      vertex -14.6602 -16.3246 0
      vertex -14.525 -16.2557 0
    endloop
  endfacet
  facet normal -0 0 -1
    outer loop
      vertex -6.52533 -16.6168 0
      vertex -20.25 -20 0
      vertex -14.8019 -16.379 0
    endloop
  endfacet
  facet normal 0 0 -1
    outer loop
      vertex -6.69145 -16.553 0
      vertex -14.8019 -16.379 0
      vertex -14.6602 -16.3246 0
    endloop
  endfacet
  facet normal 0 0 -1
    outer loop
      vertex -14.8019 -16.379 0
      vertex -20.25 -20 0
      vertex -14.9485 -16.4183 0
    endloop
  endfacet
  facet normal 0 0 -1
    outer loop
      vertex -14.9485 -16.4183 0
      vertex -20.25 -20 0
      vertex -15.0984 -16.4421 0
    endloop
  endfacet
  facet normal 0 0 -1
    outer loop
      vertex -15.0984 -16.4421 0
      vertex -20.25 -20 0
      vertex -15.25 -16.45 0
    endloop
  endfacet
  facet normal 0 0 -1
    outer loop
      vertex -16.6683 14.6985 0
      vertex -20.25 20 0
      vertex -16.6921 14.8484 0
    endloop
  endfacet
  facet normal -0 0 -1
    outer loop
      vertex -16.6921 -15.1516 0
      vertex -20.25 -20 0
      vertex -16.7 -15 0
    endloop
  endfacet
  facet normal -0 0 -1
    outer loop
      vertex -16.6683 -15.3015 0
      vertex -20.25 -20 0
      vertex -16.6921 -15.1516 0
    endloop
  endfacet
  facet normal -0 0 -1
    outer loop
      vertex -16.629 -15.4481 0
      vertex -20.25 -20 0
      vertex -16.6683 -15.3015 0
    endloop
  endfacet
  facet normal -0 0 -1
    outer loop
      vertex -16.5746 -15.5898 0
      vertex -20.25 -20 0
      vertex -16.629 -15.4481 0
    endloop
  endfacet
  facet normal -0 0 -1
    outer loop
      vertex -16.5057 -15.725 0
      vertex -20.25 -20 0
      vertex -16.5746 -15.5898 0
    endloop
  endfacet
  facet normal -0 0 -1
    outer loop
      vertex -16.4231 -15.8523 0
      vertex -20.25 -20 0
      vertex -16.5057 -15.725 0
    endloop
  endfacet
  facet normal -0 0 -1
    outer loop
      vertex -16.3276 -15.9702 0
      vertex -20.25 -20 0
      vertex -16.4231 -15.8523 0
    endloop
  endfacet
  facet normal -0 0 -1
    outer loop
      vertex -16.2202 -16.0776 0
      vertex -20.25 -20 0
      vertex -16.3276 -15.9702 0
    endloop
  endfacet
  facet normal -0 0 -1
    outer loop
      vertex -16.1023 -16.1731 0
      vertex -20.25 -20 0
      vertex -16.2202 -16.0776 0
    endloop
  endfacet
  facet normal -0 0 -1
    outer loop
      vertex -15.975 -16.2557 0
      vertex -20.25 -20 0
      vertex -16.1023 -16.1731 0
    endloop
  endfacet
  facet normal -0 0 -1
    outer loop
      vertex -15.8398 -16.3246 0
      vertex -20.25 -20 0
      vertex -15.975 -16.2557 0
    endloop
  endfacet
  facet normal -0 0 -1
    outer loop
      vertex -15.6981 -16.379 0
      vertex -20.25 -20 0
      vertex -15.8398 -16.3246 0
    endloop
  endfacet
  facet normal -0 0 -1
    outer loop
      vertex -15.5515 -16.4183 0
      vertex -20.25 -20 0
      vertex -15.6981 -16.379 0
    endloop
  endfacet
  facet normal -0 0 -1
    outer loop
      vertex -15.4016 -16.4421 0
      vertex -20.25 -20 0
      vertex -15.5515 -16.4183 0
    endloop
  endfacet
  facet normal -0 0 -1
    outer loop
      vertex -15.25 -16.45 0
      vertex -20.25 -20 0
      vertex -15.4016 -16.4421 0
    endloop
  endfacet
  facet normal 0 0 -1
    outer loop
      vertex 16.6683 -14.6985 0
      vertex 20.25 -20 0
      vertex 16.6921 -14.8484 0
    endloop
  endfacet
  facet normal 0 0 -1
    outer loop
      vertex 16.6921 15.1516 0
      vertex 20.25 20 0
      vertex 16.7 15 0
    endloop
  endfacet
  facet normal 0 0 -1
    outer loop
      vertex 16.6683 15.3015 0
      vertex 20.25 20 0
      vertex 16.6921 15.1516 0
    endloop
  endfacet
  facet normal 0 0 -1
    outer loop
      vertex 16.629 15.4481 0
      vertex 20.25 20 0
      vertex 16.6683 15.3015 0
    endloop
  endfacet
  facet normal 0 0 -1
    outer loop
      vertex 16.5746 15.5898 0
      vertex 20.25 20 0
      vertex 16.629 15.4481 0
    endloop
  endfacet
  facet normal 0 0 -1
    outer loop
      vertex 16.5057 15.725 0
      vertex 20.25 20 0
      vertex 16.5746 15.5898 0
    endloop
  endfacet
  facet normal 0 0 -1
    outer loop
      vertex 16.4231 15.8523 0
      vertex 20.25 20 0
      vertex 16.5057 15.725 0
    endloop
  endfacet
  facet normal 0 0 -1
    outer loop
      vertex 16.3276 15.9702 0
      vertex 20.25 20 0
      vertex 16.4231 15.8523 0
    endloop
  endfacet
  facet normal 0 0 -1
    outer loop
      vertex 16.2202 16.0776 0
      vertex 20.25 20 0
      vertex 16.3276 15.9702 0
    endloop
  endfacet
  facet normal 0 0 -1
    outer loop
      vertex 16.1023 16.1731 0
      vertex 20.25 20 0
      vertex 16.2202 16.0776 0
    endloop
  endfacet
  facet normal 0 0 -1
    outer loop
      vertex 15.975 16.2557 0
      vertex 20.25 20 0
      vertex 16.1023 16.1731 0
    endloop
  endfacet
  facet normal 0 0 -1
    outer loop
      vertex 15.8398 16.3246 0
      vertex 20.25 20 0
      vertex 15.975 16.2557 0
    endloop
  endfacet
  facet normal 0 0 -1
    outer loop
      vertex 15.6981 16.379 0
      vertex 20.25 20 0
      vertex 15.8398 16.3246 0
    endloop
  endfacet
  facet normal 0 0 -1
    outer loop
      vertex 15.5515 16.4183 0
      vertex 20.25 20 0
      vertex 15.6981 16.379 0
    endloop
  endfacet
  facet normal 0 0 -1
    outer loop
      vertex 15.4016 16.4421 0
      vertex 20.25 20 0
      vertex 15.5515 16.4183 0
    endloop
  endfacet
  facet normal 0 0 -1
    outer loop
      vertex 15.25 16.45 0
      vertex 20.25 20 0
      vertex 15.4016 16.4421 0
    endloop
  endfacet
  facet normal 0 0 -1
    outer loop
      vertex 15.0984 16.4421 0
      vertex 20.25 20 0
      vertex 15.25 16.45 0
    endloop
  endfacet
  facet normal 0 0 -1
    outer loop
      vertex 14.9485 16.4183 0
      vertex 20.25 20 0
      vertex 15.0984 16.4421 0
    endloop
  endfacet
  facet normal 0 0 -1
    outer loop
      vertex 14.8019 16.379 0
      vertex 20.25 20 0
      vertex 14.9485 16.4183 0
    endloop
  endfacet
  facet normal 0 0 -1
    outer loop
      vertex 14.6602 16.3246 0
      vertex 20.25 20 0
      vertex 14.8019 16.379 0
    endloop
  endfacet
  facet normal 0 0 -1
    outer loop
      vertex 14.525 16.2557 0
      vertex 20.25 20 0
      vertex 14.6602 16.3246 0
    endloop
  endfacet
  facet normal 0 0 -1
    outer loop
      vertex -14.525 16.2557 0
      vertex 14.525 16.2557 0
      vertex 14.3977 16.1731 0
    endloop
  endfacet
  facet normal -0 0 -1
    outer loop
      vertex 13.8079 14.8484 0
      vertex 11 10.75 0
      vertex 13.8 15 0
    endloop
  endfacet
  facet normal -0 0 -1
    outer loop
      vertex 13.8 15 0
      vertex 11 10.75 0
      vertex 13.8079 15.1516 0
    endloop
  endfacet
  facet normal 0 0 -1
    outer loop
      vertex 11 10.75 0
      vertex 13.8317 15.3015 0
      vertex 13.8079 15.1516 0
    endloop
  endfacet
  facet normal 0 0 -1
    outer loop
      vertex 11 10.75 0
      vertex 13.871 15.4481 0
      vertex 13.8317 15.3015 0
    endloop
  endfacet
  facet normal 0 0 -1
    outer loop
      vertex 11 10.75 0
      vertex 13.9254 15.5898 0
      vertex 13.871 15.4481 0
    endloop
  endfacet
  facet normal 0 0 -1
    outer loop
      vertex -11 10.75 0
      vertex 13.9254 15.5898 0
      vertex 11 10.75 0
    endloop
  endfacet
  facet normal 0 0 -1
    outer loop
      vertex -13.9254 15.5898 0
      vertex 13.9254 15.5898 0
      vertex -11 10.75 0
    endloop
  endfacet
  facet normal 0 0 -1
    outer loop
      vertex 13.9254 15.5898 0
      vertex -13.9254 15.5898 0
      vertex 13.9943 15.725 0
    endloop
  endfacet
  facet normal 0 0 -1
    outer loop
      vertex -13.9943 15.725 0
      vertex 13.9943 15.725 0
      vertex -13.9254 15.5898 0
    endloop
  endfacet
  facet normal 0 0 -1
    outer loop
      vertex 13.9943 15.725 0
      vertex -13.9943 15.725 0
      vertex 14.0769 15.8523 0
    endloop
  endfacet
  facet normal 0 0 -1
    outer loop
      vertex -14.0769 15.8523 0
      vertex 14.0769 15.8523 0
      vertex -13.9943 15.725 0
    endloop
  endfacet
  facet normal 0 0 -1
    outer loop
      vertex 14.0769 15.8523 0
      vertex -14.0769 15.8523 0
      vertex 14.1724 15.9702 0
    endloop
  endfacet
  facet normal -0 0 -1
    outer loop
      vertex -7.66285 -14.6465 0
      vertex -13.8317 -14.6985 0
      vertex -11 -10.75 0
    endloop
  endfacet
  facet normal 0 0 -1
    outer loop
      vertex -13.8079 15.1516 0
      vertex -11 10.75 0
      vertex -13.8 15 0
    endloop
  endfacet
  facet normal 0 0 -1
    outer loop
      vertex -13.8317 15.3015 0
      vertex -11 10.75 0
      vertex -13.8079 15.1516 0
    endloop
  endfacet
  facet normal 0 0 -1
    outer loop
      vertex -13.871 15.4481 0
      vertex -11 10.75 0
      vertex -13.8317 15.3015 0
    endloop
  endfacet
  facet normal 0 0 -1
    outer loop
      vertex -13.9254 15.5898 0
      vertex -11 10.75 0
      vertex -13.871 15.4481 0
    endloop
  endfacet
  facet normal 0 0 -1
    outer loop
      vertex -14.1724 15.9702 0
      vertex 14.1724 15.9702 0
      vertex -14.0769 15.8523 0
    endloop
  endfacet
  facet normal 0 0 -1
    outer loop
      vertex 14.1724 15.9702 0
      vertex -14.1724 15.9702 0
      vertex 14.2798 16.0776 0
    endloop
  endfacet
  facet normal 0 0 -1
    outer loop
      vertex -14.2798 16.0776 0
      vertex 14.2798 16.0776 0
      vertex -14.1724 15.9702 0
    endloop
  endfacet
  facet normal 0 0 -1
    outer loop
      vertex 14.2798 16.0776 0
      vertex -14.2798 16.0776 0
      vertex 14.3977 16.1731 0
    endloop
  endfacet
  facet normal 0 0 -1
    outer loop
      vertex -14.3977 16.1731 0
      vertex 14.3977 16.1731 0
      vertex -14.2798 16.0776 0
    endloop
  endfacet
  facet normal 0 0 -1
    outer loop
      vertex -14.525 16.2557 0
      vertex 14.3977 16.1731 0
      vertex -14.3977 16.1731 0
    endloop
  endfacet
  facet normal 0 0 -1
    outer loop
      vertex 14.525 16.2557 0
      vertex -14.525 16.2557 0
      vertex 20.25 20 0
    endloop
  endfacet
  facet normal 0 0 -1
    outer loop
      vertex -14.6602 16.3246 0
      vertex 20.25 20 0
      vertex -14.525 16.2557 0
    endloop
  endfacet
  facet normal 0 0 -1
    outer loop
      vertex -20.25 20 0
      vertex -14.6602 16.3246 0
      vertex -14.8019 16.379 0
    endloop
  endfacet
  facet normal 0 0 -1
    outer loop
      vertex -20.25 20 0
      vertex -14.8019 16.379 0
      vertex -14.9485 16.4183 0
    endloop
  endfacet
  facet normal 0 0 -1
    outer loop
      vertex -20.25 20 0
      vertex -14.9485 16.4183 0
      vertex -15.0984 16.4421 0
    endloop
  endfacet
  facet normal 0 0 -1
    outer loop
      vertex -20.25 20 0
      vertex -15.0984 16.4421 0
      vertex -15.25 16.45 0
    endloop
  endfacet
  facet normal 0 0 -1
    outer loop
      vertex -20.25 20 0
      vertex -15.25 16.45 0
      vertex -15.4016 16.4421 0
    endloop
  endfacet
  facet normal 0 0 -1
    outer loop
      vertex -16.6921 14.8484 0
      vertex -20.25 20 0
      vertex -16.7 15 0
    endloop
  endfacet
  facet normal 0 0 -1
    outer loop
      vertex -14.6602 16.3246 0
      vertex -20.25 20 0
      vertex 20.25 20 0
    endloop
  endfacet
  facet normal 0 0 -1
    outer loop
      vertex -15.5515 16.4183 0
      vertex -20.25 20 0
      vertex -15.4016 16.4421 0
    endloop
  endfacet
  facet normal 0 0 -1
    outer loop
      vertex -15.6981 16.379 0
      vertex -20.25 20 0
      vertex -15.5515 16.4183 0
    endloop
  endfacet
  facet normal 0 0 -1
    outer loop
      vertex -15.8398 16.3246 0
      vertex -20.25 20 0
      vertex -15.6981 16.379 0
    endloop
  endfacet
  facet normal 0 0 -1
    outer loop
      vertex -15.975 16.2557 0
      vertex -20.25 20 0
      vertex -15.8398 16.3246 0
    endloop
  endfacet
  facet normal 0 0 -1
    outer loop
      vertex -16.1023 16.1731 0
      vertex -20.25 20 0
      vertex -15.975 16.2557 0
    endloop
  endfacet
  facet normal 0 0 -1
    outer loop
      vertex -16.2202 16.0776 0
      vertex -20.25 20 0
      vertex -16.1023 16.1731 0
    endloop
  endfacet
  facet normal 0 0 -1
    outer loop
      vertex -16.3276 15.9702 0
      vertex -20.25 20 0
      vertex -16.2202 16.0776 0
    endloop
  endfacet
  facet normal 0 0 -1
    outer loop
      vertex -16.4231 15.8523 0
      vertex -20.25 20 0
      vertex -16.3276 15.9702 0
    endloop
  endfacet
  facet normal 0 0 -1
    outer loop
      vertex -16.5057 15.725 0
      vertex -20.25 20 0
      vertex -16.4231 15.8523 0
    endloop
  endfacet
  facet normal 0 0 -1
    outer loop
      vertex -16.5746 15.5898 0
      vertex -20.25 20 0
      vertex -16.5057 15.725 0
    endloop
  endfacet
  facet normal 0 0 -1
    outer loop
      vertex -16.629 15.4481 0
      vertex -20.25 20 0
      vertex -16.5746 15.5898 0
    endloop
  endfacet
  facet normal 0 0 -1
    outer loop
      vertex -16.6683 15.3015 0
      vertex -20.25 20 0
      vertex -16.629 15.4481 0
    endloop
  endfacet
  facet normal 0 0 -1
    outer loop
      vertex -16.6921 15.1516 0
      vertex -20.25 20 0
      vertex -16.6683 15.3015 0
    endloop
  endfacet
  facet normal 0 0 -1
    outer loop
      vertex -16.7 15 0
      vertex -20.25 20 0
      vertex -16.6921 15.1516 0
    endloop
  endfacet
  facet normal -0 0 -1
    outer loop
      vertex 13.8317 -14.6985 0
      vertex 7.69069 -14.8223 0
      vertex 7.66285 -14.6465 0
    endloop
  endfacet
  facet normal 0 0 -1
    outer loop
      vertex 13.8317 -14.6985 0
      vertex 7.66285 -14.6465 0
      vertex 11 -10.75 0
    endloop
  endfacet
  facet normal 0 0 -1
    outer loop
      vertex 7.6168 -14.4747 0
      vertex 11 -10.75 0
      vertex 7.66285 -14.6465 0
    endloop
  endfacet
  facet normal 0 0 -1
    outer loop
      vertex 7.55303 -14.3085 0
      vertex 11 -10.75 0
      vertex 7.6168 -14.4747 0
    endloop
  endfacet
  facet normal 0 0 -1
    outer loop
      vertex 7.47224 -14.15 0
      vertex 11 -10.75 0
      vertex 7.55303 -14.3085 0
    endloop
  endfacet
  facet normal 0 0 -1
    outer loop
      vertex 7.37533 -14.0008 0
      vertex 11 -10.75 0
      vertex 7.47224 -14.15 0
    endloop
  endfacet
  facet normal 0 0 -1
    outer loop
      vertex 7.26335 -13.8625 0
      vertex 11 -10.75 0
      vertex 7.37533 -14.0008 0
    endloop
  endfacet
  facet normal 0 0 -1
    outer loop
      vertex 7.13752 -13.7367 0
      vertex 11 -10.75 0
      vertex 7.26335 -13.8625 0
    endloop
  endfacet
  facet normal 0 0 -1
    outer loop
      vertex 6.99923 -13.6247 0
      vertex 11 -10.75 0
      vertex 7.13752 -13.7367 0
    endloop
  endfacet
  facet normal 0 0 -1
    outer loop
      vertex 6.85 -13.5278 0
      vertex 11 -10.75 0
      vertex 6.99923 -13.6247 0
    endloop
  endfacet
  facet normal 0 0 -1
    outer loop
      vertex 6.69145 -13.447 0
      vertex 11 -10.75 0
      vertex 6.85 -13.5278 0
    endloop
  endfacet
  facet normal 0 0 -1
    outer loop
      vertex 6.52533 -13.3832 0
      vertex 11 -10.75 0
      vertex 6.69145 -13.447 0
    endloop
  endfacet
  facet normal 0 0 -1
    outer loop
      vertex 6.35345 -13.3371 0
      vertex 11 -10.75 0
      vertex 6.52533 -13.3832 0
    endloop
  endfacet
  facet normal 0 0 -1
    outer loop
      vertex 6.1777 -13.3093 0
      vertex 11 -10.75 0
      vertex 6.35345 -13.3371 0
    endloop
  endfacet
  facet normal 0 0 -1
    outer loop
      vertex 6 -13.3 0
      vertex 11 -10.75 0
      vertex 6.1777 -13.3093 0
    endloop
  endfacet
  facet normal 0 0 -1
    outer loop
      vertex 5.8223 -13.3093 0
      vertex 11 -10.75 0
      vertex 6 -13.3 0
    endloop
  endfacet
  facet normal 0 0 -1
    outer loop
      vertex 5.64655 -13.3371 0
      vertex 11 -10.75 0
      vertex 5.8223 -13.3093 0
    endloop
  endfacet
  facet normal 0 0 -1
    outer loop
      vertex 5.47467 -13.3832 0
      vertex 11 -10.75 0
      vertex 5.64655 -13.3371 0
    endloop
  endfacet
  facet normal 0 0 -1
    outer loop
      vertex -5.47467 -13.3832 0
      vertex 5.47467 -13.3832 0
      vertex 5.30855 -13.447 0
    endloop
  endfacet
  facet normal 0 0 -1
    outer loop
      vertex -4.3 -15 0
      vertex 4.30931 -14.8223 0
      vertex 4.3 -15 0
    endloop
  endfacet
  facet normal 0 0 -1
    outer loop
      vertex -4.30931 -14.8223 0
      vertex 4.30931 -14.8223 0
      vertex -4.3 -15 0
    endloop
  endfacet
  facet normal 0 0 -1
    outer loop
      vertex 4.30931 -14.8223 0
      vertex -4.30931 -14.8223 0
      vertex 4.33715 -14.6465 0
    endloop
  endfacet
  facet normal 0 0 -1
    outer loop
      vertex -4.33715 -14.6465 0
      vertex 4.33715 -14.6465 0
      vertex -4.30931 -14.8223 0
    endloop
  endfacet
  facet normal 0 0 -1
    outer loop
      vertex 4.33715 -14.6465 0
      vertex -4.33715 -14.6465 0
      vertex 4.3832 -14.4747 0
    endloop
  endfacet
  facet normal 0 0 -1
    outer loop
      vertex -4.3832 -14.4747 0
      vertex 4.3832 -14.4747 0
      vertex -4.33715 -14.6465 0
    endloop
  endfacet
  facet normal 0 0 -1
    outer loop
      vertex 4.3832 -14.4747 0
      vertex -4.3832 -14.4747 0
      vertex 4.44697 -14.3085 0
    endloop
  endfacet
  facet normal 0 0 -1
    outer loop
      vertex -4.44697 -14.3085 0
      vertex 4.44697 -14.3085 0
      vertex -4.3832 -14.4747 0
    endloop
  endfacet
  facet normal 0 0 -1
    outer loop
      vertex 4.44697 -14.3085 0
      vertex -4.44697 -14.3085 0
      vertex 4.52776 -14.15 0
    endloop
  endfacet
  facet normal 0 0 -1
    outer loop
      vertex -4.52776 -14.15 0
      vertex 4.52776 -14.15 0
      vertex -4.44697 -14.3085 0
    endloop
  endfacet
  facet normal 0 0 -1
    outer loop
      vertex 4.52776 -14.15 0
      vertex -4.52776 -14.15 0
      vertex 4.62467 -14.0008 0
    endloop
  endfacet
  facet normal 0 0 -1
    outer loop
      vertex -4.62467 -14.0008 0
      vertex 4.62467 -14.0008 0
      vertex -4.52776 -14.15 0
    endloop
  endfacet
  facet normal 0 0 -1
    outer loop
      vertex 4.62467 -14.0008 0
      vertex -4.62467 -14.0008 0
      vertex 4.73665 -13.8625 0
    endloop
  endfacet
  facet normal 0 0 -1
    outer loop
      vertex -4.73665 -13.8625 0
      vertex 4.73665 -13.8625 0
      vertex -4.62467 -14.0008 0
    endloop
  endfacet
  facet normal 0 0 -1
    outer loop
      vertex 4.73665 -13.8625 0
      vertex -4.73665 -13.8625 0
      vertex 4.86248 -13.7367 0
    endloop
  endfacet
  facet normal 0 0 -1
    outer loop
      vertex -4.86248 -13.7367 0
      vertex 4.86248 -13.7367 0
      vertex -4.73665 -13.8625 0
    endloop
  endfacet
  facet normal 0 0 -1
    outer loop
      vertex 4.86248 -13.7367 0
      vertex -4.86248 -13.7367 0
      vertex 5.00076 -13.6247 0
    endloop
  endfacet
  facet normal 0 0 -1
    outer loop
      vertex -5.00076 -13.6247 0
      vertex 5.00076 -13.6247 0
      vertex -4.86248 -13.7367 0
    endloop
  endfacet
  facet normal 0 0 -1
    outer loop
      vertex 5.00076 -13.6247 0
      vertex -5.00076 -13.6247 0
      vertex 5.15 -13.5278 0
    endloop
  endfacet
  facet normal 0 0 -1
    outer loop
      vertex -5.15 -13.5278 0
      vertex 5.15 -13.5278 0
      vertex -5.00076 -13.6247 0
    endloop
  endfacet
  facet normal 0 0 -1
    outer loop
      vertex 5.15 -13.5278 0
      vertex -5.15 -13.5278 0
      vertex 5.30855 -13.447 0
    endloop
  endfacet
  facet normal 0 0 -1
    outer loop
      vertex -5.30855 -13.447 0
      vertex 5.30855 -13.447 0
      vertex -5.15 -13.5278 0
    endloop
  endfacet
  facet normal 0 0 -1
    outer loop
      vertex -5.47467 -13.3832 0
      vertex 5.30855 -13.447 0
      vertex -5.30855 -13.447 0
    endloop
  endfacet
  facet normal 0 0 -1
    outer loop
      vertex 5.47467 -13.3832 0
      vertex -5.47467 -13.3832 0
      vertex 11 -10.75 0
    endloop
  endfacet
  facet normal 0 0 -1
    outer loop
      vertex -11 -10.75 0
      vertex -5.47467 -13.3832 0
      vertex -5.64655 -13.3371 0
    endloop
  endfacet
  facet normal 0 0 -1
    outer loop
      vertex -11 -10.75 0
      vertex -5.64655 -13.3371 0
      vertex -5.8223 -13.3093 0
    endloop
  endfacet
  facet normal 0 0 -1
    outer loop
      vertex -11 -10.75 0
      vertex -5.8223 -13.3093 0
      vertex -6 -13.3 0
    endloop
  endfacet
  facet normal 0 0 -1
    outer loop
      vertex -11 -10.75 0
      vertex -6 -13.3 0
      vertex -6.1777 -13.3093 0
    endloop
  endfacet
  facet normal 0 0 -1
    outer loop
      vertex -5.47467 -13.3832 0
      vertex -11 -10.75 0
      vertex 11 -10.75 0
    endloop
  endfacet
  facet normal 0 0 -1
    outer loop
      vertex -6.35345 -13.3371 0
      vertex -11 -10.75 0
      vertex -6.1777 -13.3093 0
    endloop
  endfacet
  facet normal 0 0 -1
    outer loop
      vertex -6.52533 -13.3832 0
      vertex -11 -10.75 0
      vertex -6.35345 -13.3371 0
    endloop
  endfacet
  facet normal 0 0 -1
    outer loop
      vertex -6.69145 -13.447 0
      vertex -11 -10.75 0
      vertex -6.52533 -13.3832 0
    endloop
  endfacet
  facet normal 0 0 -1
    outer loop
      vertex -6.85 -13.5278 0
      vertex -11 -10.75 0
      vertex -6.69145 -13.447 0
    endloop
  endfacet
  facet normal 0 0 -1
    outer loop
      vertex -6.99923 -13.6247 0
      vertex -11 -10.75 0
      vertex -6.85 -13.5278 0
    endloop
  endfacet
  facet normal 0 0 -1
    outer loop
      vertex -7.13752 -13.7367 0
      vertex -11 -10.75 0
      vertex -6.99923 -13.6247 0
    endloop
  endfacet
  facet normal 0 0 -1
    outer loop
      vertex -7.26335 -13.8625 0
      vertex -11 -10.75 0
      vertex -7.13752 -13.7367 0
    endloop
  endfacet
  facet normal 0 0 -1
    outer loop
      vertex -7.37533 -14.0008 0
      vertex -11 -10.75 0
      vertex -7.26335 -13.8625 0
    endloop
  endfacet
  facet normal 0 0 -1
    outer loop
      vertex -7.47224 -14.15 0
      vertex -11 -10.75 0
      vertex -7.37533 -14.0008 0
    endloop
  endfacet
  facet normal 0 0 -1
    outer loop
      vertex -7.55303 -14.3085 0
      vertex -11 -10.75 0
      vertex -7.47224 -14.15 0
    endloop
  endfacet
  facet normal 0 0 -1
    outer loop
      vertex -7.6168 -14.4747 0
      vertex -11 -10.75 0
      vertex -7.55303 -14.3085 0
    endloop
  endfacet
  facet normal 0 0 -1
    outer loop
      vertex -7.66285 -14.6465 0
      vertex -11 -10.75 0
      vertex -7.6168 -14.4747 0
    endloop
  endfacet
  facet normal 0 0 -1
    outer loop
      vertex -13.8317 -14.6985 0
      vertex -7.69069 -14.8223 0
      vertex -13.8079 -14.8484 0
    endloop
  endfacet
  facet normal 0 0 -1
    outer loop
      vertex -13.8079 -14.8484 0
      vertex -7.69069 -14.8223 0
      vertex -7.7 -15 0
    endloop
  endfacet
  facet normal 0.707107 -0.707107 0
    outer loop
      vertex -13.0753 -17.4152 2
      vertex -12.8348 -17.1747 7
      vertex -13.0753 -17.4152 7
    endloop
  endfacet
  facet normal 0.707107 -0.707107 0
    outer loop
      vertex -12.8348 -17.1747 7
      vertex -13.0753 -17.4152 2
      vertex -12.8348 -17.1747 2
    endloop
  endfacet
  facet normal 0.987696 0.156385 0
    outer loop
      vertex -12.0178 15.3397 7
      vertex -12.071 15.6757 2
      vertex -12.071 15.6757 7
    endloop
  endfacet
  facet normal 0.987696 0.156385 0
    outer loop
      vertex -12.071 15.6757 2
      vertex -12.0178 15.3397 7
      vertex -12.0178 15.3397 2
    endloop
  endfacet
  facet normal 0.99863 0.0523274 0
    outer loop
      vertex -12 15 7
      vertex -12.0178 15.3397 2
      vertex -12.0178 15.3397 7
    endloop
  endfacet
  facet normal 0.99863 0.0523274 0
    outer loop
      vertex -12.0178 15.3397 2
      vertex -12 15 7
      vertex -12 15 2
    endloop
  endfacet
  facet normal 0.965888 0.258961 0
    outer loop
      vertex -12.071 15.6757 7
      vertex -12.1591 16.0043 2
      vertex -12.1591 16.0043 7
    endloop
  endfacet
  facet normal 0.965888 0.258961 0
    outer loop
      vertex -12.1591 16.0043 2
      vertex -12.071 15.6757 7
      vertex -12.071 15.6757 2
    endloop
  endfacet
  facet normal -0.258961 -0.965888 0
    outer loop
      vertex -16.2543 11.9091 2
      vertex -15.9257 11.821 7
      vertex -16.2543 11.9091 7
    endloop
  endfacet
  facet normal -0.258961 -0.965888 -0
    outer loop
      vertex -15.9257 11.821 7
      vertex -16.2543 11.9091 2
      vertex -15.9257 11.821 2
    endloop
  endfacet
  facet normal 0.777156 -0.629308 0
    outer loop
      vertex -12.8348 12.8253 7
      vertex -12.6207 13.0897 2
      vertex -12.6207 13.0897 7
    endloop
  endfacet
  facet normal 0.777156 -0.629308 0
    outer loop
      vertex -12.6207 13.0897 2
      vertex -12.8348 12.8253 7
      vertex -12.8348 12.8253 2
    endloop
  endfacet
  facet normal 0.453904 0.891051 -0
    outer loop
      vertex -13.625 17.8146 2
      vertex -13.9281 17.969 7
      vertex -13.625 17.8146 7
    endloop
  endfacet
  facet normal 0.453904 0.891051 0
    outer loop
      vertex -13.9281 17.969 7
      vertex -13.625 17.8146 2
      vertex -13.9281 17.969 2
    endloop
  endfacet
  facet normal -0.453904 0.891051 0
    outer loop
      vertex -16.5719 17.969 2
      vertex -16.875 17.8146 7
      vertex -16.5719 17.969 7
    endloop
  endfacet
  facet normal -0.453904 0.891051 0
    outer loop
      vertex -16.875 17.8146 7
      vertex -16.5719 17.969 2
      vertex -16.875 17.8146 2
    endloop
  endfacet
  facet normal 0.629308 0.777156 -0
    outer loop
      vertex -13.0753 17.4152 2
      vertex -13.3397 17.6293 7
      vertex -13.0753 17.4152 7
    endloop
  endfacet
  facet normal 0.629308 0.777156 0
    outer loop
      vertex -13.3397 17.6293 7
      vertex -13.0753 17.4152 2
      vertex -13.3397 17.6293 2
    endloop
  endfacet
  facet normal -0.0523274 0.99863 0
    outer loop
      vertex -15.25 18.25 2
      vertex -15.5897 18.2322 7
      vertex -15.25 18.25 7
    endloop
  endfacet
  facet normal -0.0523274 0.99863 0
    outer loop
      vertex -15.5897 18.2322 7
      vertex -15.25 18.25 2
      vertex -15.5897 18.2322 2
    endloop
  endfacet
  facet normal -0.358329 -0.933595 0
    outer loop
      vertex -16.5719 12.031 2
      vertex -16.2543 11.9091 7
      vertex -16.5719 12.031 7
    endloop
  endfacet
  facet normal -0.358329 -0.933595 -0
    outer loop
      vertex -16.2543 11.9091 7
      vertex -16.5719 12.031 2
      vertex -16.2543 11.9091 2
    endloop
  endfacet
  facet normal -0.965888 -0.258961 0
    outer loop
      vertex -18.3409 13.9957 2
      vertex -18.429 14.3243 7
      vertex -18.429 14.3243 2
    endloop
  endfacet
  facet normal -0.965888 -0.258961 0
    outer loop
      vertex -18.429 14.3243 7
      vertex -18.3409 13.9957 2
      vertex -18.3409 13.9957 7
    endloop
  endfacet
  facet normal 0.838638 -0.544689 0
    outer loop
      vertex -12.6207 13.0897 7
      vertex -12.4354 13.375 2
      vertex -12.4354 13.375 7
    endloop
  endfacet
  facet normal 0.838638 -0.544689 0
    outer loop
      vertex -12.4354 13.375 2
      vertex -12.6207 13.0897 7
      vertex -12.6207 13.0897 2
    endloop
  endfacet
  facet normal 0.358329 0.933595 -0
    outer loop
      vertex -13.9281 17.969 2
      vertex -14.2457 18.0909 7
      vertex -13.9281 17.969 7
    endloop
  endfacet
  facet normal 0.358329 0.933595 0
    outer loop
      vertex -14.2457 18.0909 7
      vertex -13.9281 17.969 2
      vertex -14.2457 18.0909 2
    endloop
  endfacet
  facet normal 0.838638 0.544689 0
    outer loop
      vertex -12.4354 16.625 7
      vertex -12.6207 16.9103 2
      vertex -12.6207 16.9103 7
    endloop
  endfacet
  facet normal 0.838638 0.544689 0
    outer loop
      vertex -12.6207 16.9103 2
      vertex -12.4354 16.625 7
      vertex -12.4354 16.625 2
    endloop
  endfacet
  facet normal 0.258961 -0.965888 0
    outer loop
      vertex -14.5743 11.821 2
      vertex -14.2457 11.9091 7
      vertex -14.5743 11.821 7
    endloop
  endfacet
  facet normal 0.258961 -0.965888 0
    outer loop
      vertex -14.2457 11.9091 7
      vertex -14.5743 11.821 2
      vertex -14.2457 11.9091 2
    endloop
  endfacet
  facet normal 0.358329 -0.933595 0
    outer loop
      vertex -14.2457 11.9091 2
      vertex -13.9281 12.031 7
      vertex -14.2457 11.9091 7
    endloop
  endfacet
  facet normal 0.358329 -0.933595 0
    outer loop
      vertex -13.9281 12.031 7
      vertex -14.2457 11.9091 2
      vertex -13.9281 12.031 2
    endloop
  endfacet
  facet normal -0.358329 0.933595 0
    outer loop
      vertex -16.2543 18.0909 2
      vertex -16.5719 17.969 7
      vertex -16.2543 18.0909 7
    endloop
  endfacet
  facet normal -0.358329 0.933595 0
    outer loop
      vertex -16.5719 17.969 7
      vertex -16.2543 18.0909 2
      vertex -16.5719 17.969 2
    endloop
  endfacet
  facet normal -0.891051 0.453904 0
    outer loop
      vertex -18.219 16.3219 2
      vertex -18.0646 16.625 7
      vertex -18.0646 16.625 2
    endloop
  endfacet
  facet normal -0.891051 0.453904 0
    outer loop
      vertex -18.0646 16.625 7
      vertex -18.219 16.3219 2
      vertex -18.219 16.3219 7
    endloop
  endfacet
  facet normal 0.707107 0.707107 -0
    outer loop
      vertex -12.8348 17.1747 2
      vertex -13.0753 17.4152 7
      vertex -12.8348 17.1747 7
    endloop
  endfacet
  facet normal 0.707107 0.707107 0
    outer loop
      vertex -13.0753 17.4152 7
      vertex -12.8348 17.1747 2
      vertex -13.0753 17.4152 2
    endloop
  endfacet
  facet normal -0.891051 -0.453904 0
    outer loop
      vertex -18.0646 13.375 2
      vertex -18.219 13.6781 7
      vertex -18.219 13.6781 2
    endloop
  endfacet
  facet normal -0.891051 -0.453904 0
    outer loop
      vertex -18.219 13.6781 7
      vertex -18.0646 13.375 2
      vertex -18.0646 13.375 7
    endloop
  endfacet
  facet normal 0.965888 -0.258961 0
    outer loop
      vertex -12.1591 13.9957 7
      vertex -12.071 14.3243 2
      vertex -12.071 14.3243 7
    endloop
  endfacet
  facet normal 0.965888 -0.258961 0
    outer loop
      vertex -12.071 14.3243 2
      vertex -12.1591 13.9957 7
      vertex -12.1591 13.9957 2
    endloop
  endfacet
  facet normal 0.156385 -0.987696 0
    outer loop
      vertex -14.9103 11.7678 2
      vertex -14.5743 11.821 7
      vertex -14.9103 11.7678 7
    endloop
  endfacet
  facet normal 0.156385 -0.987696 0
    outer loop
      vertex -14.5743 11.821 7
      vertex -14.9103 11.7678 2
      vertex -14.5743 11.821 2
    endloop
  endfacet
  facet normal -0.156385 0.987696 0
    outer loop
      vertex -15.5897 18.2322 2
      vertex -15.9257 18.179 7
      vertex -15.5897 18.2322 7
    endloop
  endfacet
  facet normal -0.156385 0.987696 0
    outer loop
      vertex -15.9257 18.179 7
      vertex -15.5897 18.2322 2
      vertex -15.9257 18.179 2
    endloop
  endfacet
  facet normal -0.544689 -0.838638 0
    outer loop
      vertex -17.1603 12.3707 2
      vertex -16.875 12.1854 7
      vertex -17.1603 12.3707 7
    endloop
  endfacet
  facet normal -0.544689 -0.838638 -0
    outer loop
      vertex -16.875 12.1854 7
      vertex -17.1603 12.3707 2
      vertex -16.875 12.1854 2
    endloop
  endfacet
  facet normal -0.156385 -0.987696 0
    outer loop
      vertex -15.9257 11.821 2
      vertex -15.5897 11.7678 7
      vertex -15.9257 11.821 7
    endloop
  endfacet
  facet normal -0.156385 -0.987696 -0
    outer loop
      vertex -15.5897 11.7678 7
      vertex -15.9257 11.821 2
      vertex -15.5897 11.7678 2
    endloop
  endfacet
  facet normal -0.629308 -0.777156 0
    outer loop
      vertex -17.4247 12.5848 2
      vertex -17.1603 12.3707 7
      vertex -17.4247 12.5848 7
    endloop
  endfacet
  facet normal -0.629308 -0.777156 -0
    outer loop
      vertex -17.1603 12.3707 7
      vertex -17.4247 12.5848 2
      vertex -17.1603 12.3707 2
    endloop
  endfacet
  facet normal 0.777156 0.629308 0
    outer loop
      vertex -12.6207 16.9103 7
      vertex -12.8348 17.1747 2
      vertex -12.8348 17.1747 7
    endloop
  endfacet
  facet normal 0.777156 0.629308 0
    outer loop
      vertex -12.8348 17.1747 2
      vertex -12.6207 16.9103 7
      vertex -12.6207 16.9103 2
    endloop
  endfacet
  facet normal 0.258961 0.965888 -0
    outer loop
      vertex -14.2457 18.0909 2
      vertex -14.5743 18.179 7
      vertex -14.2457 18.0909 7
    endloop
  endfacet
  facet normal 0.258961 0.965888 0
    outer loop
      vertex -14.5743 18.179 7
      vertex -14.2457 18.0909 2
      vertex -14.5743 18.179 2
    endloop
  endfacet
  facet normal -0.838638 0.544689 0
    outer loop
      vertex -18.0646 16.625 2
      vertex -17.8793 16.9103 7
      vertex -17.8793 16.9103 2
    endloop
  endfacet
  facet normal -0.838638 0.544689 0
    outer loop
      vertex -17.8793 16.9103 7
      vertex -18.0646 16.625 2
      vertex -18.0646 16.625 7
    endloop
  endfacet
  facet normal 0.987696 -0.156385 0
    outer loop
      vertex -12.071 14.3243 7
      vertex -12.0178 14.6603 2
      vertex -12.0178 14.6603 7
    endloop
  endfacet
  facet normal 0.987696 -0.156385 0
    outer loop
      vertex -12.0178 14.6603 2
      vertex -12.071 14.3243 7
      vertex -12.071 14.3243 2
    endloop
  endfacet
  facet normal 0.99863 -0.0523274 0
    outer loop
      vertex -12.0178 14.6603 7
      vertex -12 15 2
      vertex -12 15 7
    endloop
  endfacet
  facet normal 0.99863 -0.0523274 0
    outer loop
      vertex -12 15 2
      vertex -12.0178 14.6603 7
      vertex -12.0178 14.6603 2
    endloop
  endfacet
  facet normal 0.933595 -0.358329 0
    outer loop
      vertex -12.281 13.6781 7
      vertex -12.1591 13.9957 2
      vertex -12.1591 13.9957 7
    endloop
  endfacet
  facet normal 0.933595 -0.358329 0
    outer loop
      vertex -12.1591 13.9957 2
      vertex -12.281 13.6781 7
      vertex -12.281 13.6781 2
    endloop
  endfacet
  facet normal 0.0523274 0.99863 -0
    outer loop
      vertex -14.9103 18.2322 2
      vertex -15.25 18.25 7
      vertex -14.9103 18.2322 7
    endloop
  endfacet
  facet normal 0.0523274 0.99863 0
    outer loop
      vertex -15.25 18.25 7
      vertex -14.9103 18.2322 2
      vertex -15.25 18.25 2
    endloop
  endfacet
  facet normal -0.99863 -0.0523274 0
    outer loop
      vertex -18.4822 14.6603 2
      vertex -18.5 15 7
      vertex -18.5 15 2
    endloop
  endfacet
  facet normal -0.99863 -0.0523274 0
    outer loop
      vertex -18.5 15 7
      vertex -18.4822 14.6603 2
      vertex -18.4822 14.6603 7
    endloop
  endfacet
  facet normal 0.544689 0.838638 -0
    outer loop
      vertex -13.3397 17.6293 2
      vertex -13.625 17.8146 7
      vertex -13.3397 17.6293 7
    endloop
  endfacet
  facet normal 0.544689 0.838638 0
    outer loop
      vertex -13.625 17.8146 7
      vertex -13.3397 17.6293 2
      vertex -13.625 17.8146 2
    endloop
  endfacet
  facet normal -0.0523274 -0.99863 0
    outer loop
      vertex -15.5897 11.7678 2
      vertex -15.25 11.75 7
      vertex -15.5897 11.7678 7
    endloop
  endfacet
  facet normal -0.0523274 -0.99863 -0
    outer loop
      vertex -15.25 11.75 7
      vertex -15.5897 11.7678 2
      vertex -15.25 11.75 2
    endloop
  endfacet
  facet normal 0.891051 -0.453904 0
    outer loop
      vertex -12.4354 13.375 7
      vertex -12.281 13.6781 2
      vertex -12.281 13.6781 7
    endloop
  endfacet
  facet normal 0.891051 -0.453904 0
    outer loop
      vertex -12.281 13.6781 2
      vertex -12.4354 13.375 7
      vertex -12.4354 13.375 2
    endloop
  endfacet
  facet normal 0.933595 0.358329 0
    outer loop
      vertex -12.1591 16.0043 7
      vertex -12.281 16.3219 2
      vertex -12.281 16.3219 7
    endloop
  endfacet
  facet normal 0.933595 0.358329 0
    outer loop
      vertex -12.281 16.3219 2
      vertex -12.1591 16.0043 7
      vertex -12.1591 16.0043 2
    endloop
  endfacet
  facet normal 0.544689 -0.838638 0
    outer loop
      vertex -13.625 12.1854 2
      vertex -13.3397 12.3707 7
      vertex -13.625 12.1854 7
    endloop
  endfacet
  facet normal 0.544689 -0.838638 0
    outer loop
      vertex -13.3397 12.3707 7
      vertex -13.625 12.1854 2
      vertex -13.3397 12.3707 2
    endloop
  endfacet
  facet normal 0.891051 0.453904 0
    outer loop
      vertex -12.281 16.3219 7
      vertex -12.4354 16.625 2
      vertex -12.4354 16.625 7
    endloop
  endfacet
  facet normal 0.891051 0.453904 0
    outer loop
      vertex -12.4354 16.625 2
      vertex -12.281 16.3219 7
      vertex -12.281 16.3219 2
    endloop
  endfacet
  facet normal -0.453904 -0.891051 0
    outer loop
      vertex -16.875 12.1854 2
      vertex -16.5719 12.031 7
      vertex -16.875 12.1854 7
    endloop
  endfacet
  facet normal -0.453904 -0.891051 -0
    outer loop
      vertex -16.5719 12.031 7
      vertex -16.875 12.1854 2
      vertex -16.5719 12.031 2
    endloop
  endfacet
  facet normal -0.629308 0.777156 0
    outer loop
      vertex -17.1603 17.6293 2
      vertex -17.4247 17.4152 7
      vertex -17.1603 17.6293 7
    endloop
  endfacet
  facet normal -0.629308 0.777156 0
    outer loop
      vertex -17.4247 17.4152 7
      vertex -17.1603 17.6293 2
      vertex -17.4247 17.4152 2
    endloop
  endfacet
  facet normal -0.544689 0.838638 0
    outer loop
      vertex -16.875 17.8146 2
      vertex -17.1603 17.6293 7
      vertex -16.875 17.8146 7
    endloop
  endfacet
  facet normal -0.544689 0.838638 0
    outer loop
      vertex -17.1603 17.6293 7
      vertex -16.875 17.8146 2
      vertex -17.1603 17.6293 2
    endloop
  endfacet
  facet normal 0.0523274 -0.99863 0
    outer loop
      vertex -15.25 11.75 2
      vertex -14.9103 11.7678 7
      vertex -15.25 11.75 7
    endloop
  endfacet
  facet normal 0.0523274 -0.99863 0
    outer loop
      vertex -14.9103 11.7678 7
      vertex -15.25 11.75 2
      vertex -14.9103 11.7678 2
    endloop
  endfacet
  facet normal -0.987696 0.156385 0
    outer loop
      vertex -18.4822 15.3397 2
      vertex -18.429 15.6757 7
      vertex -18.429 15.6757 2
    endloop
  endfacet
  facet normal -0.987696 0.156385 0
    outer loop
      vertex -18.429 15.6757 7
      vertex -18.4822 15.3397 2
      vertex -18.4822 15.3397 7
    endloop
  endfacet
  facet normal -0.933595 -0.358329 0
    outer loop
      vertex -18.219 13.6781 2
      vertex -18.3409 13.9957 7
      vertex -18.3409 13.9957 2
    endloop
  endfacet
  facet normal -0.933595 -0.358329 0
    outer loop
      vertex -18.3409 13.9957 7
      vertex -18.219 13.6781 2
      vertex -18.219 13.6781 7
    endloop
  endfacet
  facet normal -0.258961 0.965888 0
    outer loop
      vertex -15.9257 18.179 2
      vertex -16.2543 18.0909 7
      vertex -15.9257 18.179 7
    endloop
  endfacet
  facet normal -0.258961 0.965888 0
    outer loop
      vertex -16.2543 18.0909 7
      vertex -15.9257 18.179 2
      vertex -16.2543 18.0909 2
    endloop
  endfacet
  facet normal -0.707107 0.707107 0
    outer loop
      vertex -17.6652 17.1747 2
      vertex -17.4247 17.4152 7
      vertex -17.4247 17.4152 2
    endloop
  endfacet
  facet normal -0.707107 0.707107 0
    outer loop
      vertex -17.4247 17.4152 7
      vertex -17.6652 17.1747 2
      vertex -17.6652 17.1747 7
    endloop
  endfacet
  facet normal 0.453904 -0.891051 0
    outer loop
      vertex -13.9281 12.031 2
      vertex -13.625 12.1854 7
      vertex -13.9281 12.031 7
    endloop
  endfacet
  facet normal 0.453904 -0.891051 0
    outer loop
      vertex -13.625 12.1854 7
      vertex -13.9281 12.031 2
      vertex -13.625 12.1854 2
    endloop
  endfacet
  facet normal -0.777156 -0.629308 0
    outer loop
      vertex -17.6652 12.8253 2
      vertex -17.8793 13.0897 7
      vertex -17.8793 13.0897 2
    endloop
  endfacet
  facet normal -0.777156 -0.629308 0
    outer loop
      vertex -17.8793 13.0897 7
      vertex -17.6652 12.8253 2
      vertex -17.6652 12.8253 7
    endloop
  endfacet
  facet normal -0.987696 -0.156385 0
    outer loop
      vertex -18.429 14.3243 2
      vertex -18.4822 14.6603 7
      vertex -18.4822 14.6603 2
    endloop
  endfacet
  facet normal -0.987696 -0.156385 0
    outer loop
      vertex -18.4822 14.6603 7
      vertex -18.429 14.3243 2
      vertex -18.429 14.3243 7
    endloop
  endfacet
  facet normal -0.99863 0.0523274 0
    outer loop
      vertex -18.5 15 2
      vertex -18.4822 15.3397 7
      vertex -18.4822 15.3397 2
    endloop
  endfacet
  facet normal -0.99863 0.0523274 0
    outer loop
      vertex -18.4822 15.3397 7
      vertex -18.5 15 2
      vertex -18.5 15 7
    endloop
  endfacet
  facet normal -0.965888 0.258961 0
    outer loop
      vertex -18.429 15.6757 2
      vertex -18.3409 16.0043 7
      vertex -18.3409 16.0043 2
    endloop
  endfacet
  facet normal -0.965888 0.258961 0
    outer loop
      vertex -18.3409 16.0043 7
      vertex -18.429 15.6757 2
      vertex -18.429 15.6757 7
    endloop
  endfacet
  facet normal -0.933595 0.358329 0
    outer loop
      vertex -18.3409 16.0043 2
      vertex -18.219 16.3219 7
      vertex -18.219 16.3219 2
    endloop
  endfacet
  facet normal -0.933595 0.358329 0
    outer loop
      vertex -18.219 16.3219 7
      vertex -18.3409 16.0043 2
      vertex -18.3409 16.0043 7
    endloop
  endfacet
  facet normal 0.629308 -0.777156 0
    outer loop
      vertex -13.3397 12.3707 2
      vertex -13.0753 12.5848 7
      vertex -13.3397 12.3707 7
    endloop
  endfacet
  facet normal 0.629308 -0.777156 0
    outer loop
      vertex -13.0753 12.5848 7
      vertex -13.3397 12.3707 2
      vertex -13.0753 12.5848 2
    endloop
  endfacet
  facet normal 0.707107 -0.707107 0
    outer loop
      vertex -13.0753 12.5848 7
      vertex -12.8348 12.8253 2
      vertex -12.8348 12.8253 7
    endloop
  endfacet
  facet normal 0.707107 -0.707107 0
    outer loop
      vertex -12.8348 12.8253 2
      vertex -13.0753 12.5848 7
      vertex -13.0753 12.5848 2
    endloop
  endfacet
  facet normal -0.707107 -0.707107 0
    outer loop
      vertex -17.4247 12.5848 2
      vertex -17.6652 12.8253 7
      vertex -17.6652 12.8253 2
    endloop
  endfacet
  facet normal -0.707107 -0.707107 0
    outer loop
      vertex -17.6652 12.8253 7
      vertex -17.4247 12.5848 2
      vertex -17.4247 12.5848 7
    endloop
  endfacet
  facet normal -0.838638 -0.544689 0
    outer loop
      vertex -17.8793 13.0897 2
      vertex -18.0646 13.375 7
      vertex -18.0646 13.375 2
    endloop
  endfacet
  facet normal -0.838638 -0.544689 0
    outer loop
      vertex -18.0646 13.375 7
      vertex -17.8793 13.0897 2
      vertex -17.8793 13.0897 7
    endloop
  endfacet
  facet normal -0.777156 0.629308 0
    outer loop
      vertex -17.8793 16.9103 2
      vertex -17.6652 17.1747 7
      vertex -17.6652 17.1747 2
    endloop
  endfacet
  facet normal -0.777156 0.629308 0
    outer loop
      vertex -17.6652 17.1747 7
      vertex -17.8793 16.9103 2
      vertex -17.8793 16.9103 7
    endloop
  endfacet
  facet normal 0.156385 0.987696 -0
    outer loop
      vertex -14.5743 18.179 2
      vertex -14.9103 18.2322 7
      vertex -14.5743 18.179 7
    endloop
  endfacet
  facet normal 0.156385 0.987696 0
    outer loop
      vertex -14.9103 18.2322 7
      vertex -14.5743 18.179 2
      vertex -14.9103 18.2322 2
    endloop
  endfacet
  facet normal 0 0 1
    outer loop
      vertex -13.8 15 7
      vertex -12 15 7
      vertex -12.0178 15.3397 7
    endloop
  endfacet
  facet normal 0 0 1
    outer loop
      vertex -13.8079 15.1516 7
      vertex -12.0178 15.3397 7
      vertex -12.071 15.6757 7
    endloop
  endfacet
  facet normal 0 0 1
    outer loop
      vertex -12 15 7
      vertex -13.8 15 7
      vertex -12.0178 14.6603 7
    endloop
  endfacet
  facet normal 0 0 1
    outer loop
      vertex -13.8317 15.3015 7
      vertex -12.071 15.6757 7
      vertex -12.1591 16.0043 7
    endloop
  endfacet
  facet normal -0 0 1
    outer loop
      vertex -13.8079 14.8484 7
      vertex -12.0178 14.6603 7
      vertex -13.8 15 7
    endloop
  endfacet
  facet normal 0 0 1
    outer loop
      vertex -13.871 15.4481 7
      vertex -12.1591 16.0043 7
      vertex -12.281 16.3219 7
    endloop
  endfacet
  facet normal 0 0 1
    outer loop
      vertex -12.0178 14.6603 7
      vertex -13.8079 14.8484 7
      vertex -12.071 14.3243 7
    endloop
  endfacet
  facet normal 0 0 1
    outer loop
      vertex -13.9254 15.5898 7
      vertex -12.281 16.3219 7
      vertex -12.4354 16.625 7
    endloop
  endfacet
  facet normal -0 0 1
    outer loop
      vertex -13.8317 14.6985 7
      vertex -12.071 14.3243 7
      vertex -13.8079 14.8484 7
    endloop
  endfacet
  facet normal 0 0 1
    outer loop
      vertex -13.9943 15.725 7
      vertex -12.4354 16.625 7
      vertex -12.6207 16.9103 7
    endloop
  endfacet
  facet normal 0 0 1
    outer loop
      vertex -12.071 14.3243 7
      vertex -13.8317 14.6985 7
      vertex -12.1591 13.9957 7
    endloop
  endfacet
  facet normal 0 0 1
    outer loop
      vertex -14.0769 15.8523 7
      vertex -12.6207 16.9103 7
      vertex -12.8348 17.1747 7
    endloop
  endfacet
  facet normal -0 0 1
    outer loop
      vertex -13.871 14.5519 7
      vertex -12.1591 13.9957 7
      vertex -13.8317 14.6985 7
    endloop
  endfacet
  facet normal 0 0 1
    outer loop
      vertex -14.1724 15.9702 7
      vertex -12.8348 17.1747 7
      vertex -13.0753 17.4152 7
    endloop
  endfacet
  facet normal 0 0 1
    outer loop
      vertex -12.1591 13.9957 7
      vertex -13.871 14.5519 7
      vertex -12.281 13.6781 7
    endloop
  endfacet
  facet normal 0 0 1
    outer loop
      vertex -14.2798 16.0776 7
      vertex -13.0753 17.4152 7
      vertex -13.3397 17.6293 7
    endloop
  endfacet
  facet normal -0 0 1
    outer loop
      vertex -13.9254 14.4102 7
      vertex -12.281 13.6781 7
      vertex -13.871 14.5519 7
    endloop
  endfacet
  facet normal 0 0 1
    outer loop
      vertex -14.3977 16.1731 7
      vertex -13.3397 17.6293 7
      vertex -13.625 17.8146 7
    endloop
  endfacet
  facet normal 0 0 1
    outer loop
      vertex -12.281 13.6781 7
      vertex -13.9254 14.4102 7
      vertex -12.4354 13.375 7
    endloop
  endfacet
  facet normal -0 0 1
    outer loop
      vertex -13.9943 14.275 7
      vertex -12.4354 13.375 7
      vertex -13.9254 14.4102 7
    endloop
  endfacet
  facet normal 0 0 1
    outer loop
      vertex -12.0178 15.3397 7
      vertex -13.8079 15.1516 7
      vertex -13.8 15 7
    endloop
  endfacet
  facet normal 0 0 1
    outer loop
      vertex -12.071 15.6757 7
      vertex -13.8317 15.3015 7
      vertex -13.8079 15.1516 7
    endloop
  endfacet
  facet normal 0 0 1
    outer loop
      vertex -12.1591 16.0043 7
      vertex -13.871 15.4481 7
      vertex -13.8317 15.3015 7
    endloop
  endfacet
  facet normal 0 0 1
    outer loop
      vertex -12.281 16.3219 7
      vertex -13.9254 15.5898 7
      vertex -13.871 15.4481 7
    endloop
  endfacet
  facet normal 0 0 1
    outer loop
      vertex -14.525 16.2557 7
      vertex -13.625 17.8146 7
      vertex -13.9281 17.969 7
    endloop
  endfacet
  facet normal 0 0 1
    outer loop
      vertex -12.4354 16.625 7
      vertex -13.9943 15.725 7
      vertex -13.9254 15.5898 7
    endloop
  endfacet
  facet normal 0 0 1
    outer loop
      vertex -12.6207 16.9103 7
      vertex -14.0769 15.8523 7
      vertex -13.9943 15.725 7
    endloop
  endfacet
  facet normal 0 0 1
    outer loop
      vertex -12.8348 17.1747 7
      vertex -14.1724 15.9702 7
      vertex -14.0769 15.8523 7
    endloop
  endfacet
  facet normal 0 0 1
    outer loop
      vertex -14.6602 16.3246 7
      vertex -13.9281 17.969 7
      vertex -14.2457 18.0909 7
    endloop
  endfacet
  facet normal 0 0 1
    outer loop
      vertex -13.0753 17.4152 7
      vertex -14.2798 16.0776 7
      vertex -14.1724 15.9702 7
    endloop
  endfacet
  facet normal 0 0 1
    outer loop
      vertex -13.3397 17.6293 7
      vertex -14.3977 16.1731 7
      vertex -14.2798 16.0776 7
    endloop
  endfacet
  facet normal 0 0 1
    outer loop
      vertex -13.625 17.8146 7
      vertex -14.525 16.2557 7
      vertex -14.3977 16.1731 7
    endloop
  endfacet
  facet normal 0 0 1
    outer loop
      vertex -14.8019 16.379 7
      vertex -14.2457 18.0909 7
      vertex -14.5743 18.179 7
    endloop
  endfacet
  facet normal 0 0 1
    outer loop
      vertex -13.9281 17.969 7
      vertex -14.6602 16.3246 7
      vertex -14.525 16.2557 7
    endloop
  endfacet
  facet normal 0 0 1
    outer loop
      vertex -14.2457 18.0909 7
      vertex -14.8019 16.379 7
      vertex -14.6602 16.3246 7
    endloop
  endfacet
  facet normal 0 0 1
    outer loop
      vertex -14.9485 16.4183 7
      vertex -14.5743 18.179 7
      vertex -14.9103 18.2322 7
    endloop
  endfacet
  facet normal 0 0 1
    outer loop
      vertex -14.5743 18.179 7
      vertex -14.9485 16.4183 7
      vertex -14.8019 16.379 7
    endloop
  endfacet
  facet normal 0 0 1
    outer loop
      vertex -14.9103 18.2322 7
      vertex -15.0984 16.4421 7
      vertex -14.9485 16.4183 7
    endloop
  endfacet
  facet normal 0 0 1
    outer loop
      vertex -15.25 18.25 7
      vertex -15.0984 16.4421 7
      vertex -14.9103 18.2322 7
    endloop
  endfacet
  facet normal 0 0 1
    outer loop
      vertex -15.25 18.25 7
      vertex -15.25 16.45 7
      vertex -15.0984 16.4421 7
    endloop
  endfacet
  facet normal 0 0 1
    outer loop
      vertex -15.25 18.25 7
      vertex -15.4016 16.4421 7
      vertex -15.25 16.45 7
    endloop
  endfacet
  facet normal -0 0 1
    outer loop
      vertex -15.5897 18.2322 7
      vertex -15.4016 16.4421 7
      vertex -15.25 18.25 7
    endloop
  endfacet
  facet normal 0 0 1
    outer loop
      vertex -15.4016 16.4421 7
      vertex -15.5897 18.2322 7
      vertex -15.5515 16.4183 7
    endloop
  endfacet
  facet normal -0 0 1
    outer loop
      vertex -15.9257 18.179 7
      vertex -15.5515 16.4183 7
      vertex -15.5897 18.2322 7
    endloop
  endfacet
  facet normal 0 0 1
    outer loop
      vertex -15.5515 16.4183 7
      vertex -15.9257 18.179 7
      vertex -15.6981 16.379 7
    endloop
  endfacet
  facet normal -0 0 1
    outer loop
      vertex -16.2543 18.0909 7
      vertex -15.6981 16.379 7
      vertex -15.9257 18.179 7
    endloop
  endfacet
  facet normal 0 0 1
    outer loop
      vertex -15.6981 16.379 7
      vertex -16.2543 18.0909 7
      vertex -15.8398 16.3246 7
    endloop
  endfacet
  facet normal -0 0 1
    outer loop
      vertex -16.5719 17.969 7
      vertex -15.8398 16.3246 7
      vertex -16.2543 18.0909 7
    endloop
  endfacet
  facet normal 0 0 1
    outer loop
      vertex -15.8398 16.3246 7
      vertex -16.5719 17.969 7
      vertex -15.975 16.2557 7
    endloop
  endfacet
  facet normal -0 0 1
    outer loop
      vertex -16.875 17.8146 7
      vertex -15.975 16.2557 7
      vertex -16.5719 17.969 7
    endloop
  endfacet
  facet normal 0 0 1
    outer loop
      vertex -15.975 16.2557 7
      vertex -16.875 17.8146 7
      vertex -16.1023 16.1731 7
    endloop
  endfacet
  facet normal -0 0 1
    outer loop
      vertex -17.1603 17.6293 7
      vertex -16.1023 16.1731 7
      vertex -16.875 17.8146 7
    endloop
  endfacet
  facet normal 0 0 1
    outer loop
      vertex -16.1023 16.1731 7
      vertex -17.1603 17.6293 7
      vertex -16.2202 16.0776 7
    endloop
  endfacet
  facet normal -0 0 1
    outer loop
      vertex -17.4247 17.4152 7
      vertex -16.2202 16.0776 7
      vertex -17.1603 17.6293 7
    endloop
  endfacet
  facet normal 0 0 1
    outer loop
      vertex -16.2202 16.0776 7
      vertex -17.4247 17.4152 7
      vertex -16.3276 15.9702 7
    endloop
  endfacet
  facet normal -0 0 1
    outer loop
      vertex -17.6652 17.1747 7
      vertex -16.3276 15.9702 7
      vertex -17.4247 17.4152 7
    endloop
  endfacet
  facet normal 0 0 1
    outer loop
      vertex -16.3276 15.9702 7
      vertex -17.6652 17.1747 7
      vertex -16.4231 15.8523 7
    endloop
  endfacet
  facet normal -0 0 1
    outer loop
      vertex -17.8793 16.9103 7
      vertex -16.4231 15.8523 7
      vertex -17.6652 17.1747 7
    endloop
  endfacet
  facet normal 0 0 1
    outer loop
      vertex -16.4231 15.8523 7
      vertex -17.8793 16.9103 7
      vertex -16.5057 15.725 7
    endloop
  endfacet
  facet normal -0 0 1
    outer loop
      vertex -18.0646 16.625 7
      vertex -16.5057 15.725 7
      vertex -17.8793 16.9103 7
    endloop
  endfacet
  facet normal 0 0 1
    outer loop
      vertex -12.4354 13.375 7
      vertex -13.9943 14.275 7
      vertex -12.6207 13.0897 7
    endloop
  endfacet
  facet normal -0 0 1
    outer loop
      vertex -14.0769 14.1477 7
      vertex -12.6207 13.0897 7
      vertex -13.9943 14.275 7
    endloop
  endfacet
  facet normal 0 0 1
    outer loop
      vertex -12.6207 13.0897 7
      vertex -14.0769 14.1477 7
      vertex -12.8348 12.8253 7
    endloop
  endfacet
  facet normal -0 0 1
    outer loop
      vertex -14.1724 14.0298 7
      vertex -12.8348 12.8253 7
      vertex -14.0769 14.1477 7
    endloop
  endfacet
  facet normal 0 0 1
    outer loop
      vertex -12.8348 12.8253 7
      vertex -14.1724 14.0298 7
      vertex -13.0753 12.5848 7
    endloop
  endfacet
  facet normal -0 0 1
    outer loop
      vertex -14.2798 13.9224 7
      vertex -13.0753 12.5848 7
      vertex -14.1724 14.0298 7
    endloop
  endfacet
  facet normal 0 0 1
    outer loop
      vertex -13.0753 12.5848 7
      vertex -14.2798 13.9224 7
      vertex -13.3397 12.3707 7
    endloop
  endfacet
  facet normal -0 0 1
    outer loop
      vertex -14.3977 13.8269 7
      vertex -13.3397 12.3707 7
      vertex -14.2798 13.9224 7
    endloop
  endfacet
  facet normal 0 0 1
    outer loop
      vertex -13.3397 12.3707 7
      vertex -14.3977 13.8269 7
      vertex -13.625 12.1854 7
    endloop
  endfacet
  facet normal -0 0 1
    outer loop
      vertex -14.525 13.7443 7
      vertex -13.625 12.1854 7
      vertex -14.3977 13.8269 7
    endloop
  endfacet
  facet normal 0 0 1
    outer loop
      vertex -13.625 12.1854 7
      vertex -14.525 13.7443 7
      vertex -13.9281 12.031 7
    endloop
  endfacet
  facet normal -0 0 1
    outer loop
      vertex -14.6602 13.6754 7
      vertex -13.9281 12.031 7
      vertex -14.525 13.7443 7
    endloop
  endfacet
  facet normal 0 0 1
    outer loop
      vertex -13.9281 12.031 7
      vertex -14.6602 13.6754 7
      vertex -14.2457 11.9091 7
    endloop
  endfacet
  facet normal -0 0 1
    outer loop
      vertex -14.8019 13.621 7
      vertex -14.2457 11.9091 7
      vertex -14.6602 13.6754 7
    endloop
  endfacet
  facet normal 0 0 1
    outer loop
      vertex -14.2457 11.9091 7
      vertex -14.8019 13.621 7
      vertex -14.5743 11.821 7
    endloop
  endfacet
  facet normal -0 0 1
    outer loop
      vertex -14.9485 13.5817 7
      vertex -14.5743 11.821 7
      vertex -14.8019 13.621 7
    endloop
  endfacet
  facet normal 0 0 1
    outer loop
      vertex -14.5743 11.821 7
      vertex -14.9485 13.5817 7
      vertex -14.9103 11.7678 7
    endloop
  endfacet
  facet normal -0 0 1
    outer loop
      vertex -15.0984 13.5579 7
      vertex -14.9103 11.7678 7
      vertex -14.9485 13.5817 7
    endloop
  endfacet
  facet normal -0 0 1
    outer loop
      vertex -15.25 13.55 7
      vertex -14.9103 11.7678 7
      vertex -15.0984 13.5579 7
    endloop
  endfacet
  facet normal 0 0 1
    outer loop
      vertex -15.25 13.55 7
      vertex -15.25 11.75 7
      vertex -14.9103 11.7678 7
    endloop
  endfacet
  facet normal 0 0 1
    outer loop
      vertex -15.4016 13.5579 7
      vertex -15.25 11.75 7
      vertex -15.25 13.55 7
    endloop
  endfacet
  facet normal 0 0 1
    outer loop
      vertex -15.5897 11.7678 7
      vertex -15.4016 13.5579 7
      vertex -15.5515 13.5817 7
    endloop
  endfacet
  facet normal 0 0 1
    outer loop
      vertex -15.4016 13.5579 7
      vertex -15.5897 11.7678 7
      vertex -15.25 11.75 7
    endloop
  endfacet
  facet normal 0 0 1
    outer loop
      vertex -15.9257 11.821 7
      vertex -15.5515 13.5817 7
      vertex -15.6981 13.621 7
    endloop
  endfacet
  facet normal 0 0 1
    outer loop
      vertex -16.2543 11.9091 7
      vertex -15.6981 13.621 7
      vertex -15.8398 13.6754 7
    endloop
  endfacet
  facet normal 0 0 1
    outer loop
      vertex -15.5515 13.5817 7
      vertex -15.9257 11.821 7
      vertex -15.5897 11.7678 7
    endloop
  endfacet
  facet normal 0 0 1
    outer loop
      vertex -16.5719 12.031 7
      vertex -15.8398 13.6754 7
      vertex -15.975 13.7443 7
    endloop
  endfacet
  facet normal 0 0 1
    outer loop
      vertex -16.875 12.1854 7
      vertex -15.975 13.7443 7
      vertex -16.1023 13.8269 7
    endloop
  endfacet
  facet normal 0 0 1
    outer loop
      vertex -17.1603 12.3707 7
      vertex -16.1023 13.8269 7
      vertex -16.2202 13.9224 7
    endloop
  endfacet
  facet normal 0 0 1
    outer loop
      vertex -15.6981 13.621 7
      vertex -16.2543 11.9091 7
      vertex -15.9257 11.821 7
    endloop
  endfacet
  facet normal 0 0 1
    outer loop
      vertex -17.4247 12.5848 7
      vertex -16.2202 13.9224 7
      vertex -16.3276 14.0298 7
    endloop
  endfacet
  facet normal 0 0 1
    outer loop
      vertex -17.6652 12.8253 7
      vertex -16.3276 14.0298 7
      vertex -16.4231 14.1477 7
    endloop
  endfacet
  facet normal 0 0 1
    outer loop
      vertex -17.8793 13.0897 7
      vertex -16.4231 14.1477 7
      vertex -16.5057 14.275 7
    endloop
  endfacet
  facet normal 0 0 1
    outer loop
      vertex -15.8398 13.6754 7
      vertex -16.5719 12.031 7
      vertex -16.2543 11.9091 7
    endloop
  endfacet
  facet normal 0 0 1
    outer loop
      vertex -18.0646 13.375 7
      vertex -16.5057 14.275 7
      vertex -16.5746 14.4102 7
    endloop
  endfacet
  facet normal 0 0 1
    outer loop
      vertex -18.219 13.6781 7
      vertex -16.5746 14.4102 7
      vertex -16.629 14.5519 7
    endloop
  endfacet
  facet normal 0 0 1
    outer loop
      vertex -18.3409 13.9957 7
      vertex -16.629 14.5519 7
      vertex -16.6683 14.6985 7
    endloop
  endfacet
  facet normal 0 0 1
    outer loop
      vertex -18.429 14.3243 7
      vertex -16.6683 14.6985 7
      vertex -16.6921 14.8484 7
    endloop
  endfacet
  facet normal 0 0 1
    outer loop
      vertex -18.4822 14.6603 7
      vertex -16.6921 14.8484 7
      vertex -16.7 15 7
    endloop
  endfacet
  facet normal 0 0 1
    outer loop
      vertex -16.5057 15.725 7
      vertex -18.0646 16.625 7
      vertex -16.5746 15.5898 7
    endloop
  endfacet
  facet normal 0 0 1
    outer loop
      vertex -15.975 13.7443 7
      vertex -16.875 12.1854 7
      vertex -16.5719 12.031 7
    endloop
  endfacet
  facet normal -0 0 1
    outer loop
      vertex -18.219 16.3219 7
      vertex -16.5746 15.5898 7
      vertex -18.0646 16.625 7
    endloop
  endfacet
  facet normal 0 0 1
    outer loop
      vertex -16.1023 13.8269 7
      vertex -17.1603 12.3707 7
      vertex -16.875 12.1854 7
    endloop
  endfacet
  facet normal 0 0 1
    outer loop
      vertex -16.5746 15.5898 7
      vertex -18.219 16.3219 7
      vertex -16.629 15.4481 7
    endloop
  endfacet
  facet normal 0 0 1
    outer loop
      vertex -16.2202 13.9224 7
      vertex -17.4247 12.5848 7
      vertex -17.1603 12.3707 7
    endloop
  endfacet
  facet normal -0 0 1
    outer loop
      vertex -18.3409 16.0043 7
      vertex -16.629 15.4481 7
      vertex -18.219 16.3219 7
    endloop
  endfacet
  facet normal 0 0 1
    outer loop
      vertex -16.3276 14.0298 7
      vertex -17.6652 12.8253 7
      vertex -17.4247 12.5848 7
    endloop
  endfacet
  facet normal 0 0 1
    outer loop
      vertex -16.629 15.4481 7
      vertex -18.3409 16.0043 7
      vertex -16.6683 15.3015 7
    endloop
  endfacet
  facet normal 0 0 1
    outer loop
      vertex -16.4231 14.1477 7
      vertex -17.8793 13.0897 7
      vertex -17.6652 12.8253 7
    endloop
  endfacet
  facet normal -0 0 1
    outer loop
      vertex -18.429 15.6757 7
      vertex -16.6683 15.3015 7
      vertex -18.3409 16.0043 7
    endloop
  endfacet
  facet normal 0 0 1
    outer loop
      vertex -16.5057 14.275 7
      vertex -18.0646 13.375 7
      vertex -17.8793 13.0897 7
    endloop
  endfacet
  facet normal 0 0 1
    outer loop
      vertex -16.6683 15.3015 7
      vertex -18.429 15.6757 7
      vertex -16.6921 15.1516 7
    endloop
  endfacet
  facet normal 0 0 1
    outer loop
      vertex -16.5746 14.4102 7
      vertex -18.219 13.6781 7
      vertex -18.0646 13.375 7
    endloop
  endfacet
  facet normal -0 0 1
    outer loop
      vertex -18.4822 15.3397 7
      vertex -16.6921 15.1516 7
      vertex -18.429 15.6757 7
    endloop
  endfacet
  facet normal 0 0 1
    outer loop
      vertex -16.629 14.5519 7
      vertex -18.3409 13.9957 7
      vertex -18.219 13.6781 7
    endloop
  endfacet
  facet normal 0 0 1
    outer loop
      vertex -16.6921 15.1516 7
      vertex -18.4822 15.3397 7
      vertex -16.7 15 7
    endloop
  endfacet
  facet normal 0 0 1
    outer loop
      vertex -16.6683 14.6985 7
      vertex -18.429 14.3243 7
      vertex -18.3409 13.9957 7
    endloop
  endfacet
  facet normal 0 0 1
    outer loop
      vertex -18.5 15 7
      vertex -16.7 15 7
      vertex -18.4822 15.3397 7
    endloop
  endfacet
  facet normal 0 0 1
    outer loop
      vertex -16.6921 14.8484 7
      vertex -18.4822 14.6603 7
      vertex -18.429 14.3243 7
    endloop
  endfacet
  facet normal 0 0 1
    outer loop
      vertex -16.7 15 7
      vertex -18.5 15 7
      vertex -18.4822 14.6603 7
    endloop
  endfacet
  facet normal 0.987696 0.156385 0
    outer loop
      vertex 18.4822 -14.6603 7
      vertex 18.429 -14.3243 2
      vertex 18.429 -14.3243 7
    endloop
  endfacet
  facet normal 0.987696 0.156385 0
    outer loop
      vertex 18.429 -14.3243 2
      vertex 18.4822 -14.6603 7
      vertex 18.4822 -14.6603 2
    endloop
  endfacet
  facet normal 0.99863 0.0523274 0
    outer loop
      vertex 18.5 -15 7
      vertex 18.4822 -14.6603 2
      vertex 18.4822 -14.6603 7
    endloop
  endfacet
  facet normal 0.99863 0.0523274 0
    outer loop
      vertex 18.4822 -14.6603 2
      vertex 18.5 -15 7
      vertex 18.5 -15 2
    endloop
  endfacet
  facet normal 0.965888 0.258961 0
    outer loop
      vertex 18.429 -14.3243 7
      vertex 18.3409 -13.9957 2
      vertex 18.3409 -13.9957 7
    endloop
  endfacet
  facet normal 0.965888 0.258961 0
    outer loop
      vertex 18.3409 -13.9957 2
      vertex 18.429 -14.3243 7
      vertex 18.429 -14.3243 2
    endloop
  endfacet
  facet normal 0.544689 0.838638 -0
    outer loop
      vertex 17.1603 -12.3707 2
      vertex 16.875 -12.1854 7
      vertex 17.1603 -12.3707 7
    endloop
  endfacet
  facet normal 0.544689 0.838638 0
    outer loop
      vertex 16.875 -12.1854 7
      vertex 17.1603 -12.3707 2
      vertex 16.875 -12.1854 2
    endloop
  endfacet
  facet normal 0.453904 0.891051 -0
    outer loop
      vertex 16.875 -12.1854 2
      vertex 16.5719 -12.031 7
      vertex 16.875 -12.1854 7
    endloop
  endfacet
  facet normal 0.453904 0.891051 0
    outer loop
      vertex 16.5719 -12.031 7
      vertex 16.875 -12.1854 2
      vertex 16.5719 -12.031 2
    endloop
  endfacet
  facet normal -0.453904 -0.891051 0
    outer loop
      vertex 13.625 -17.8146 2
      vertex 13.9281 -17.969 7
      vertex 13.625 -17.8146 7
    endloop
  endfacet
  facet normal -0.453904 -0.891051 -0
    outer loop
      vertex 13.9281 -17.969 7
      vertex 13.625 -17.8146 2
      vertex 13.9281 -17.969 2
    endloop
  endfacet
  facet normal 0.777156 0.629308 0
    outer loop
      vertex 17.8793 -13.0897 7
      vertex 17.6652 -12.8253 2
      vertex 17.6652 -12.8253 7
    endloop
  endfacet
  facet normal 0.777156 0.629308 0
    outer loop
      vertex 17.6652 -12.8253 2
      vertex 17.8793 -13.0897 7
      vertex 17.8793 -13.0897 2
    endloop
  endfacet
  facet normal 0.99863 -0.0523274 0
    outer loop
      vertex 18.4822 -15.3397 7
      vertex 18.5 -15 2
      vertex 18.5 -15 7
    endloop
  endfacet
  facet normal 0.99863 -0.0523274 0
    outer loop
      vertex 18.5 -15 2
      vertex 18.4822 -15.3397 7
      vertex 18.4822 -15.3397 2
    endloop
  endfacet
  facet normal 0.358329 -0.933595 0
    outer loop
      vertex 16.2543 -18.0909 2
      vertex 16.5719 -17.969 7
      vertex 16.2543 -18.0909 7
    endloop
  endfacet
  facet normal 0.358329 -0.933595 0
    outer loop
      vertex 16.5719 -17.969 7
      vertex 16.2543 -18.0909 2
      vertex 16.5719 -17.969 2
    endloop
  endfacet
  facet normal 0.933595 0.358329 0
    outer loop
      vertex 18.3409 -13.9957 7
      vertex 18.219 -13.6781 2
      vertex 18.219 -13.6781 7
    endloop
  endfacet
  facet normal 0.933595 0.358329 0
    outer loop
      vertex 18.219 -13.6781 2
      vertex 18.3409 -13.9957 7
      vertex 18.3409 -13.9957 2
    endloop
  endfacet
  facet normal 0.156385 0.987696 -0
    outer loop
      vertex 15.9257 -11.821 2
      vertex 15.5897 -11.7678 7
      vertex 15.9257 -11.821 7
    endloop
  endfacet
  facet normal 0.156385 0.987696 0
    outer loop
      vertex 15.5897 -11.7678 7
      vertex 15.9257 -11.821 2
      vertex 15.5897 -11.7678 2
    endloop
  endfacet
  facet normal -0.358329 0.933595 0
    outer loop
      vertex 14.2457 -11.9091 2
      vertex 13.9281 -12.031 7
      vertex 14.2457 -11.9091 7
    endloop
  endfacet
  facet normal -0.358329 0.933595 0
    outer loop
      vertex 13.9281 -12.031 7
      vertex 14.2457 -11.9091 2
      vertex 13.9281 -12.031 2
    endloop
  endfacet
  facet normal 0.629308 -0.777156 0
    outer loop
      vertex 17.1603 -17.6293 2
      vertex 17.4247 -17.4152 7
      vertex 17.1603 -17.6293 7
    endloop
  endfacet
  facet normal 0.629308 -0.777156 0
    outer loop
      vertex 17.4247 -17.4152 7
      vertex 17.1603 -17.6293 2
      vertex 17.4247 -17.4152 2
    endloop
  endfacet
  facet normal -0.933595 -0.358329 0
    outer loop
      vertex 12.281 -16.3219 2
      vertex 12.1591 -16.0043 7
      vertex 12.1591 -16.0043 2
    endloop
  endfacet
  facet normal -0.933595 -0.358329 0
    outer loop
      vertex 12.1591 -16.0043 7
      vertex 12.281 -16.3219 2
      vertex 12.281 -16.3219 7
    endloop
  endfacet
  facet normal -0.965888 -0.258961 0
    outer loop
      vertex 12.1591 -16.0043 2
      vertex 12.071 -15.6757 7
      vertex 12.071 -15.6757 2
    endloop
  endfacet
  facet normal -0.965888 -0.258961 0
    outer loop
      vertex 12.071 -15.6757 7
      vertex 12.1591 -16.0043 2
      vertex 12.1591 -16.0043 7
    endloop
  endfacet
  facet normal -0.0523274 0.99863 0
    outer loop
      vertex 15.25 -11.75 2
      vertex 14.9103 -11.7678 7
      vertex 15.25 -11.75 7
    endloop
  endfacet
  facet normal -0.0523274 0.99863 0
    outer loop
      vertex 14.9103 -11.7678 7
      vertex 15.25 -11.75 2
      vertex 14.9103 -11.7678 2
    endloop
  endfacet
  facet normal -0.838638 0.544689 0
    outer loop
      vertex 12.4354 -13.375 2
      vertex 12.6207 -13.0897 7
      vertex 12.6207 -13.0897 2
    endloop
  endfacet
  facet normal -0.838638 0.544689 0
    outer loop
      vertex 12.6207 -13.0897 7
      vertex 12.4354 -13.375 2
      vertex 12.4354 -13.375 7
    endloop
  endfacet
  facet normal 0.933595 -0.358329 0
    outer loop
      vertex 18.219 -16.3219 7
      vertex 18.3409 -16.0043 2
      vertex 18.3409 -16.0043 7
    endloop
  endfacet
  facet normal 0.933595 -0.358329 0
    outer loop
      vertex 18.3409 -16.0043 2
      vertex 18.219 -16.3219 7
      vertex 18.219 -16.3219 2
    endloop
  endfacet
  facet normal 0.777156 -0.629308 0
    outer loop
      vertex 17.6652 -17.1747 7
      vertex 17.8793 -16.9103 2
      vertex 17.8793 -16.9103 7
    endloop
  endfacet
  facet normal 0.777156 -0.629308 0
    outer loop
      vertex 17.8793 -16.9103 2
      vertex 17.6652 -17.1747 7
      vertex 17.6652 -17.1747 2
    endloop
  endfacet
  facet normal 0.156385 -0.987696 0
    outer loop
      vertex 15.5897 -18.2322 2
      vertex 15.9257 -18.179 7
      vertex 15.5897 -18.2322 7
    endloop
  endfacet
  facet normal 0.156385 -0.987696 0
    outer loop
      vertex 15.9257 -18.179 7
      vertex 15.5897 -18.2322 2
      vertex 15.9257 -18.179 2
    endloop
  endfacet
  facet normal 0.453904 -0.891051 0
    outer loop
      vertex 16.5719 -17.969 2
      vertex 16.875 -17.8146 7
      vertex 16.5719 -17.969 7
    endloop
  endfacet
  facet normal 0.453904 -0.891051 0
    outer loop
      vertex 16.875 -17.8146 7
      vertex 16.5719 -17.969 2
      vertex 16.875 -17.8146 2
    endloop
  endfacet
  facet normal 0.891051 -0.453904 0
    outer loop
      vertex 18.0646 -16.625 7
      vertex 18.219 -16.3219 2
      vertex 18.219 -16.3219 7
    endloop
  endfacet
  facet normal 0.891051 -0.453904 0
    outer loop
      vertex 18.219 -16.3219 2
      vertex 18.0646 -16.625 7
      vertex 18.0646 -16.625 2
    endloop
  endfacet
  facet normal 0.258961 0.965888 -0
    outer loop
      vertex 16.2543 -11.9091 2
      vertex 15.9257 -11.821 7
      vertex 16.2543 -11.9091 7
    endloop
  endfacet
  facet normal 0.258961 0.965888 0
    outer loop
      vertex 15.9257 -11.821 7
      vertex 16.2543 -11.9091 2
      vertex 15.9257 -11.821 2
    endloop
  endfacet
  facet normal -0.258961 -0.965888 0
    outer loop
      vertex 14.2457 -18.0909 2
      vertex 14.5743 -18.179 7
      vertex 14.2457 -18.0909 7
    endloop
  endfacet
  facet normal -0.258961 -0.965888 -0
    outer loop
      vertex 14.5743 -18.179 7
      vertex 14.2457 -18.0909 2
      vertex 14.5743 -18.179 2
    endloop
  endfacet
  facet normal -0.987696 0.156385 0
    outer loop
      vertex 12.0178 -14.6603 2
      vertex 12.071 -14.3243 7
      vertex 12.071 -14.3243 2
    endloop
  endfacet
  facet normal -0.987696 0.156385 0
    outer loop
      vertex 12.071 -14.3243 7
      vertex 12.0178 -14.6603 2
      vertex 12.0178 -14.6603 7
    endloop
  endfacet
  facet normal 0.707107 -0.707107 0
    outer loop
      vertex 17.4247 -17.4152 7
      vertex 17.6652 -17.1747 2
      vertex 17.6652 -17.1747 7
    endloop
  endfacet
  facet normal 0.707107 -0.707107 0
    outer loop
      vertex 17.6652 -17.1747 2
      vertex 17.4247 -17.4152 7
      vertex 17.4247 -17.4152 2
    endloop
  endfacet
  facet normal -0.99863 0.0523274 0
    outer loop
      vertex 12 -15 2
      vertex 12.0178 -14.6603 7
      vertex 12.0178 -14.6603 2
    endloop
  endfacet
  facet normal -0.99863 0.0523274 0
    outer loop
      vertex 12.0178 -14.6603 7
      vertex 12 -15 2
      vertex 12 -15 7
    endloop
  endfacet
  facet normal 0.838638 0.544689 0
    outer loop
      vertex 18.0646 -13.375 7
      vertex 17.8793 -13.0897 2
      vertex 17.8793 -13.0897 7
    endloop
  endfacet
  facet normal 0.838638 0.544689 0
    outer loop
      vertex 17.8793 -13.0897 2
      vertex 18.0646 -13.375 7
      vertex 18.0646 -13.375 2
    endloop
  endfacet
  facet normal 0.965888 -0.258961 0
    outer loop
      vertex 18.3409 -16.0043 7
      vertex 18.429 -15.6757 2
      vertex 18.429 -15.6757 7
    endloop
  endfacet
  facet normal 0.965888 -0.258961 0
    outer loop
      vertex 18.429 -15.6757 2
      vertex 18.3409 -16.0043 7
      vertex 18.3409 -16.0043 2
    endloop
  endfacet
  facet normal -0.544689 0.838638 0
    outer loop
      vertex 13.625 -12.1854 2
      vertex 13.3397 -12.3707 7
      vertex 13.625 -12.1854 7
    endloop
  endfacet
  facet normal -0.544689 0.838638 0
    outer loop
      vertex 13.3397 -12.3707 7
      vertex 13.625 -12.1854 2
      vertex 13.3397 -12.3707 2
    endloop
  endfacet
  facet normal -0.629308 0.777156 0
    outer loop
      vertex 13.3397 -12.3707 2
      vertex 13.0753 -12.5848 7
      vertex 13.3397 -12.3707 7
    endloop
  endfacet
  facet normal -0.629308 0.777156 0
    outer loop
      vertex 13.0753 -12.5848 7
      vertex 13.3397 -12.3707 2
      vertex 13.0753 -12.5848 2
    endloop
  endfacet
  facet normal -0.838638 -0.544689 0
    outer loop
      vertex 12.6207 -16.9103 2
      vertex 12.4354 -16.625 7
      vertex 12.4354 -16.625 2
    endloop
  endfacet
  facet normal -0.838638 -0.544689 0
    outer loop
      vertex 12.4354 -16.625 7
      vertex 12.6207 -16.9103 2
      vertex 12.6207 -16.9103 7
    endloop
  endfacet
  facet normal 0.0523274 0.99863 -0
    outer loop
      vertex 15.5897 -11.7678 2
      vertex 15.25 -11.75 7
      vertex 15.5897 -11.7678 7
    endloop
  endfacet
  facet normal 0.0523274 0.99863 0
    outer loop
      vertex 15.25 -11.75 7
      vertex 15.5897 -11.7678 2
      vertex 15.25 -11.75 2
    endloop
  endfacet
  facet normal 0.544689 -0.838638 0
    outer loop
      vertex 16.875 -17.8146 2
      vertex 17.1603 -17.6293 7
      vertex 16.875 -17.8146 7
    endloop
  endfacet
  facet normal 0.544689 -0.838638 0
    outer loop
      vertex 17.1603 -17.6293 7
      vertex 16.875 -17.8146 2
      vertex 17.1603 -17.6293 2
    endloop
  endfacet
  facet normal 0.707107 0.707107 0
    outer loop
      vertex 17.6652 -12.8253 7
      vertex 17.4247 -12.5848 2
      vertex 17.4247 -12.5848 7
    endloop
  endfacet
  facet normal 0.707107 0.707107 0
    outer loop
      vertex 17.4247 -12.5848 2
      vertex 17.6652 -12.8253 7
      vertex 17.6652 -12.8253 2
    endloop
  endfacet
  facet normal -0.707107 0.707107 0
    outer loop
      vertex 12.8348 -12.8253 2
      vertex 13.0753 -12.5848 7
      vertex 13.0753 -12.5848 2
    endloop
  endfacet
  facet normal -0.707107 0.707107 0
    outer loop
      vertex 13.0753 -12.5848 7
      vertex 12.8348 -12.8253 2
      vertex 12.8348 -12.8253 7
    endloop
  endfacet
  facet normal -0.544689 -0.838638 0
    outer loop
      vertex 13.3397 -17.6293 2
      vertex 13.625 -17.8146 7
      vertex 13.3397 -17.6293 7
    endloop
  endfacet
  facet normal -0.544689 -0.838638 -0
    outer loop
      vertex 13.625 -17.8146 7
      vertex 13.3397 -17.6293 2
      vertex 13.625 -17.8146 2
    endloop
  endfacet
  facet normal -0.453904 0.891051 0
    outer loop
      vertex 13.9281 -12.031 2
      vertex 13.625 -12.1854 7
      vertex 13.9281 -12.031 7
    endloop
  endfacet
  facet normal -0.453904 0.891051 0
    outer loop
      vertex 13.625 -12.1854 7
      vertex 13.9281 -12.031 2
      vertex 13.625 -12.1854 2
    endloop
  endfacet
  facet normal -0.358329 -0.933595 0
    outer loop
      vertex 13.9281 -17.969 2
      vertex 14.2457 -18.0909 7
      vertex 13.9281 -17.969 7
    endloop
  endfacet
  facet normal -0.358329 -0.933595 -0
    outer loop
      vertex 14.2457 -18.0909 7
      vertex 13.9281 -17.969 2
      vertex 14.2457 -18.0909 2
    endloop
  endfacet
  facet normal -0.707107 -0.707107 0
    outer loop
      vertex 12.8348 -17.1747 2
      vertex 13.0753 -17.4152 7
      vertex 12.8348 -17.1747 7
    endloop
  endfacet
  facet normal -0.707107 -0.707107 -0
    outer loop
      vertex 13.0753 -17.4152 7
      vertex 12.8348 -17.1747 2
      vertex 13.0753 -17.4152 2
    endloop
  endfacet
  facet normal 0 0 1
    outer loop
      vertex 16.7 -15 7
      vertex 18.5 -15 7
      vertex 18.4822 -14.6603 7
    endloop
  endfacet
  facet normal 0 0 1
    outer loop
      vertex 16.6921 -14.8484 7
      vertex 18.4822 -14.6603 7
      vertex 18.429 -14.3243 7
    endloop
  endfacet
  facet normal 0 0 1
    outer loop
      vertex 18.5 -15 7
      vertex 16.7 -15 7
      vertex 18.4822 -15.3397 7
    endloop
  endfacet
  facet normal 0 0 1
    outer loop
      vertex 16.6683 -14.6985 7
      vertex 18.429 -14.3243 7
      vertex 18.3409 -13.9957 7
    endloop
  endfacet
  facet normal -0 0 1
    outer loop
      vertex 16.6921 -15.1516 7
      vertex 18.4822 -15.3397 7
      vertex 16.7 -15 7
    endloop
  endfacet
  facet normal 0 0 1
    outer loop
      vertex 16.629 -14.5519 7
      vertex 18.3409 -13.9957 7
      vertex 18.219 -13.6781 7
    endloop
  endfacet
  facet normal 0 0 1
    outer loop
      vertex 18.4822 -15.3397 7
      vertex 16.6921 -15.1516 7
      vertex 18.429 -15.6757 7
    endloop
  endfacet
  facet normal 0 0 1
    outer loop
      vertex 16.5746 -14.4102 7
      vertex 18.219 -13.6781 7
      vertex 18.0646 -13.375 7
    endloop
  endfacet
  facet normal -0 0 1
    outer loop
      vertex 16.6683 -15.3015 7
      vertex 18.429 -15.6757 7
      vertex 16.6921 -15.1516 7
    endloop
  endfacet
  facet normal 0 0 1
    outer loop
      vertex 16.5057 -14.275 7
      vertex 18.0646 -13.375 7
      vertex 17.8793 -13.0897 7
    endloop
  endfacet
  facet normal 0 0 1
    outer loop
      vertex 18.429 -15.6757 7
      vertex 16.6683 -15.3015 7
      vertex 18.3409 -16.0043 7
    endloop
  endfacet
  facet normal 0 0 1
    outer loop
      vertex 16.4231 -14.1477 7
      vertex 17.8793 -13.0897 7
      vertex 17.6652 -12.8253 7
    endloop
  endfacet
  facet normal -0 0 1
    outer loop
      vertex 16.629 -15.4481 7
      vertex 18.3409 -16.0043 7
      vertex 16.6683 -15.3015 7
    endloop
  endfacet
  facet normal 0 0 1
    outer loop
      vertex 16.3276 -14.0298 7
      vertex 17.6652 -12.8253 7
      vertex 17.4247 -12.5848 7
    endloop
  endfacet
  facet normal 0 0 1
    outer loop
      vertex 18.3409 -16.0043 7
      vertex 16.629 -15.4481 7
      vertex 18.219 -16.3219 7
    endloop
  endfacet
  facet normal 0 0 1
    outer loop
      vertex 16.2202 -13.9224 7
      vertex 17.4247 -12.5848 7
      vertex 17.1603 -12.3707 7
    endloop
  endfacet
  facet normal -0 0 1
    outer loop
      vertex 16.5746 -15.5898 7
      vertex 18.219 -16.3219 7
      vertex 16.629 -15.4481 7
    endloop
  endfacet
  facet normal 0 0 1
    outer loop
      vertex 16.1023 -13.8269 7
      vertex 17.1603 -12.3707 7
      vertex 16.875 -12.1854 7
    endloop
  endfacet
  facet normal 0 0 1
    outer loop
      vertex 18.219 -16.3219 7
      vertex 16.5746 -15.5898 7
      vertex 18.0646 -16.625 7
    endloop
  endfacet
  facet normal -0 0 1
    outer loop
      vertex 16.5057 -15.725 7
      vertex 18.0646 -16.625 7
      vertex 16.5746 -15.5898 7
    endloop
  endfacet
  facet normal 0 0 1
    outer loop
      vertex 18.4822 -14.6603 7
      vertex 16.6921 -14.8484 7
      vertex 16.7 -15 7
    endloop
  endfacet
  facet normal 0 0 1
    outer loop
      vertex 18.429 -14.3243 7
      vertex 16.6683 -14.6985 7
      vertex 16.6921 -14.8484 7
    endloop
  endfacet
  facet normal 0 0 1
    outer loop
      vertex 18.3409 -13.9957 7
      vertex 16.629 -14.5519 7
      vertex 16.6683 -14.6985 7
    endloop
  endfacet
  facet normal 0 0 1
    outer loop
      vertex 18.219 -13.6781 7
      vertex 16.5746 -14.4102 7
      vertex 16.629 -14.5519 7
    endloop
  endfacet
  facet normal 0 0 1
    outer loop
      vertex 15.975 -13.7443 7
      vertex 16.875 -12.1854 7
      vertex 16.5719 -12.031 7
    endloop
  endfacet
  facet normal 0 0 1
    outer loop
      vertex 18.0646 -13.375 7
      vertex 16.5057 -14.275 7
      vertex 16.5746 -14.4102 7
    endloop
  endfacet
  facet normal 0 0 1
    outer loop
      vertex 17.8793 -13.0897 7
      vertex 16.4231 -14.1477 7
      vertex 16.5057 -14.275 7
    endloop
  endfacet
  facet normal 0 0 1
    outer loop
      vertex 17.6652 -12.8253 7
      vertex 16.3276 -14.0298 7
      vertex 16.4231 -14.1477 7
    endloop
  endfacet
  facet normal 0 0 1
    outer loop
      vertex 15.8398 -13.6754 7
      vertex 16.5719 -12.031 7
      vertex 16.2543 -11.9091 7
    endloop
  endfacet
  facet normal 0 0 1
    outer loop
      vertex 17.4247 -12.5848 7
      vertex 16.2202 -13.9224 7
      vertex 16.3276 -14.0298 7
    endloop
  endfacet
  facet normal 0 0 1
    outer loop
      vertex 17.1603 -12.3707 7
      vertex 16.1023 -13.8269 7
      vertex 16.2202 -13.9224 7
    endloop
  endfacet
  facet normal 0 0 1
    outer loop
      vertex 16.875 -12.1854 7
      vertex 15.975 -13.7443 7
      vertex 16.1023 -13.8269 7
    endloop
  endfacet
  facet normal 0 0 1
    outer loop
      vertex 15.6981 -13.621 7
      vertex 16.2543 -11.9091 7
      vertex 15.9257 -11.821 7
    endloop
  endfacet
  facet normal 0 0 1
    outer loop
      vertex 16.5719 -12.031 7
      vertex 15.8398 -13.6754 7
      vertex 15.975 -13.7443 7
    endloop
  endfacet
  facet normal 0 0 1
    outer loop
      vertex 16.2543 -11.9091 7
      vertex 15.6981 -13.621 7
      vertex 15.8398 -13.6754 7
    endloop
  endfacet
  facet normal 0 0 1
    outer loop
      vertex 15.5515 -13.5817 7
      vertex 15.9257 -11.821 7
      vertex 15.5897 -11.7678 7
    endloop
  endfacet
  facet normal 0 0 1
    outer loop
      vertex 15.9257 -11.821 7
      vertex 15.5515 -13.5817 7
      vertex 15.6981 -13.621 7
    endloop
  endfacet
  facet normal 0 0 1
    outer loop
      vertex 15.5897 -11.7678 7
      vertex 15.4016 -13.5579 7
      vertex 15.5515 -13.5817 7
    endloop
  endfacet
  facet normal 0 0 1
    outer loop
      vertex 15.25 -11.75 7
      vertex 15.4016 -13.5579 7
      vertex 15.5897 -11.7678 7
    endloop
  endfacet
  facet normal 0 0 1
    outer loop
      vertex 15.25 -11.75 7
      vertex 15.25 -13.55 7
      vertex 15.4016 -13.5579 7
    endloop
  endfacet
  facet normal 0 0 1
    outer loop
      vertex 15.25 -11.75 7
      vertex 15.0984 -13.5579 7
      vertex 15.25 -13.55 7
    endloop
  endfacet
  facet normal -0 0 1
    outer loop
      vertex 14.9103 -11.7678 7
      vertex 15.0984 -13.5579 7
      vertex 15.25 -11.75 7
    endloop
  endfacet
  facet normal 0 0 1
    outer loop
      vertex 15.0984 -13.5579 7
      vertex 14.9103 -11.7678 7
      vertex 14.9485 -13.5817 7
    endloop
  endfacet
  facet normal -0 0 1
    outer loop
      vertex 14.5743 -11.821 7
      vertex 14.9485 -13.5817 7
      vertex 14.9103 -11.7678 7
    endloop
  endfacet
  facet normal 0 0 1
    outer loop
      vertex 14.9485 -13.5817 7
      vertex 14.5743 -11.821 7
      vertex 14.8019 -13.621 7
    endloop
  endfacet
  facet normal -0 0 1
    outer loop
      vertex 14.2457 -11.9091 7
      vertex 14.8019 -13.621 7
      vertex 14.5743 -11.821 7
    endloop
  endfacet
  facet normal 0 0 1
    outer loop
      vertex 14.8019 -13.621 7
      vertex 14.2457 -11.9091 7
      vertex 14.6602 -13.6754 7
    endloop
  endfacet
  facet normal -0 0 1
    outer loop
      vertex 13.9281 -12.031 7
      vertex 14.6602 -13.6754 7
      vertex 14.2457 -11.9091 7
    endloop
  endfacet
  facet normal 0 0 1
    outer loop
      vertex 14.6602 -13.6754 7
      vertex 13.9281 -12.031 7
      vertex 14.525 -13.7443 7
    endloop
  endfacet
  facet normal -0 0 1
    outer loop
      vertex 13.625 -12.1854 7
      vertex 14.525 -13.7443 7
      vertex 13.9281 -12.031 7
    endloop
  endfacet
  facet normal 0 0 1
    outer loop
      vertex 14.525 -13.7443 7
      vertex 13.625 -12.1854 7
      vertex 14.3977 -13.8269 7
    endloop
  endfacet
  facet normal -0 0 1
    outer loop
      vertex 13.3397 -12.3707 7
      vertex 14.3977 -13.8269 7
      vertex 13.625 -12.1854 7
    endloop
  endfacet
  facet normal 0 0 1
    outer loop
      vertex 14.3977 -13.8269 7
      vertex 13.3397 -12.3707 7
      vertex 14.2798 -13.9224 7
    endloop
  endfacet
  facet normal -0 0 1
    outer loop
      vertex 13.0753 -12.5848 7
      vertex 14.2798 -13.9224 7
      vertex 13.3397 -12.3707 7
    endloop
  endfacet
  facet normal 0 0 1
    outer loop
      vertex 14.2798 -13.9224 7
      vertex 13.0753 -12.5848 7
      vertex 14.1724 -14.0298 7
    endloop
  endfacet
  facet normal -0 0 1
    outer loop
      vertex 12.8348 -12.8253 7
      vertex 14.1724 -14.0298 7
      vertex 13.0753 -12.5848 7
    endloop
  endfacet
  facet normal 0 0 1
    outer loop
      vertex 14.1724 -14.0298 7
      vertex 12.8348 -12.8253 7
      vertex 14.0769 -14.1477 7
    endloop
  endfacet
  facet normal -0 0 1
    outer loop
      vertex 12.6207 -13.0897 7
      vertex 14.0769 -14.1477 7
      vertex 12.8348 -12.8253 7
    endloop
  endfacet
  facet normal 0 0 1
    outer loop
      vertex 14.0769 -14.1477 7
      vertex 12.6207 -13.0897 7
      vertex 13.9943 -14.275 7
    endloop
  endfacet
  facet normal -0 0 1
    outer loop
      vertex 12.4354 -13.375 7
      vertex 13.9943 -14.275 7
      vertex 12.6207 -13.0897 7
    endloop
  endfacet
  facet normal 0 0 1
    outer loop
      vertex 18.0646 -16.625 7
      vertex 16.5057 -15.725 7
      vertex 17.8793 -16.9103 7
    endloop
  endfacet
  facet normal -0 0 1
    outer loop
      vertex 16.4231 -15.8523 7
      vertex 17.8793 -16.9103 7
      vertex 16.5057 -15.725 7
    endloop
  endfacet
  facet normal 0 0 1
    outer loop
      vertex 17.8793 -16.9103 7
      vertex 16.4231 -15.8523 7
      vertex 17.6652 -17.1747 7
    endloop
  endfacet
  facet normal -0 0 1
    outer loop
      vertex 16.3276 -15.9702 7
      vertex 17.6652 -17.1747 7
      vertex 16.4231 -15.8523 7
    endloop
  endfacet
  facet normal 0 0 1
    outer loop
      vertex 17.6652 -17.1747 7
      vertex 16.3276 -15.9702 7
      vertex 17.4247 -17.4152 7
    endloop
  endfacet
  facet normal -0 0 1
    outer loop
      vertex 16.2202 -16.0776 7
      vertex 17.4247 -17.4152 7
      vertex 16.3276 -15.9702 7
    endloop
  endfacet
  facet normal 0 0 1
    outer loop
      vertex 17.4247 -17.4152 7
      vertex 16.2202 -16.0776 7
      vertex 17.1603 -17.6293 7
    endloop
  endfacet
  facet normal -0 0 1
    outer loop
      vertex 16.1023 -16.1731 7
      vertex 17.1603 -17.6293 7
      vertex 16.2202 -16.0776 7
    endloop
  endfacet
  facet normal 0 0 1
    outer loop
      vertex 17.1603 -17.6293 7
      vertex 16.1023 -16.1731 7
      vertex 16.875 -17.8146 7
    endloop
  endfacet
  facet normal -0 0 1
    outer loop
      vertex 15.975 -16.2557 7
      vertex 16.875 -17.8146 7
      vertex 16.1023 -16.1731 7
    endloop
  endfacet
  facet normal 0 0 1
    outer loop
      vertex 16.875 -17.8146 7
      vertex 15.975 -16.2557 7
      vertex 16.5719 -17.969 7
    endloop
  endfacet
  facet normal -0 0 1
    outer loop
      vertex 15.8398 -16.3246 7
      vertex 16.5719 -17.969 7
      vertex 15.975 -16.2557 7
    endloop
  endfacet
  facet normal 0 0 1
    outer loop
      vertex 16.5719 -17.969 7
      vertex 15.8398 -16.3246 7
      vertex 16.2543 -18.0909 7
    endloop
  endfacet
  facet normal -0 0 1
    outer loop
      vertex 15.6981 -16.379 7
      vertex 16.2543 -18.0909 7
      vertex 15.8398 -16.3246 7
    endloop
  endfacet
  facet normal 0 0 1
    outer loop
      vertex 16.2543 -18.0909 7
      vertex 15.6981 -16.379 7
      vertex 15.9257 -18.179 7
    endloop
  endfacet
  facet normal -0 0 1
    outer loop
      vertex 15.5515 -16.4183 7
      vertex 15.9257 -18.179 7
      vertex 15.6981 -16.379 7
    endloop
  endfacet
  facet normal 0 0 1
    outer loop
      vertex 15.9257 -18.179 7
      vertex 15.5515 -16.4183 7
      vertex 15.5897 -18.2322 7
    endloop
  endfacet
  facet normal -0 0 1
    outer loop
      vertex 15.4016 -16.4421 7
      vertex 15.5897 -18.2322 7
      vertex 15.5515 -16.4183 7
    endloop
  endfacet
  facet normal -0 0 1
    outer loop
      vertex 15.25 -16.45 7
      vertex 15.5897 -18.2322 7
      vertex 15.4016 -16.4421 7
    endloop
  endfacet
  facet normal 0 0 1
    outer loop
      vertex 15.25 -16.45 7
      vertex 15.25 -18.25 7
      vertex 15.5897 -18.2322 7
    endloop
  endfacet
  facet normal 0 0 1
    outer loop
      vertex 15.0984 -16.4421 7
      vertex 15.25 -18.25 7
      vertex 15.25 -16.45 7
    endloop
  endfacet
  facet normal 0 0 1
    outer loop
      vertex 14.9103 -18.2322 7
      vertex 15.0984 -16.4421 7
      vertex 14.9485 -16.4183 7
    endloop
  endfacet
  facet normal 0 0 1
    outer loop
      vertex 15.0984 -16.4421 7
      vertex 14.9103 -18.2322 7
      vertex 15.25 -18.25 7
    endloop
  endfacet
  facet normal 0 0 1
    outer loop
      vertex 14.5743 -18.179 7
      vertex 14.9485 -16.4183 7
      vertex 14.8019 -16.379 7
    endloop
  endfacet
  facet normal 0 0 1
    outer loop
      vertex 14.2457 -18.0909 7
      vertex 14.8019 -16.379 7
      vertex 14.6602 -16.3246 7
    endloop
  endfacet
  facet normal 0 0 1
    outer loop
      vertex 14.9485 -16.4183 7
      vertex 14.5743 -18.179 7
      vertex 14.9103 -18.2322 7
    endloop
  endfacet
  facet normal 0 0 1
    outer loop
      vertex 13.9281 -17.969 7
      vertex 14.6602 -16.3246 7
      vertex 14.525 -16.2557 7
    endloop
  endfacet
  facet normal 0 0 1
    outer loop
      vertex 13.625 -17.8146 7
      vertex 14.525 -16.2557 7
      vertex 14.3977 -16.1731 7
    endloop
  endfacet
  facet normal 0 0 1
    outer loop
      vertex 13.3397 -17.6293 7
      vertex 14.3977 -16.1731 7
      vertex 14.2798 -16.0776 7
    endloop
  endfacet
  facet normal 0 0 1
    outer loop
      vertex 14.8019 -16.379 7
      vertex 14.2457 -18.0909 7
      vertex 14.5743 -18.179 7
    endloop
  endfacet
  facet normal 0 0 1
    outer loop
      vertex 13.0753 -17.4152 7
      vertex 14.2798 -16.0776 7
      vertex 14.1724 -15.9702 7
    endloop
  endfacet
  facet normal 0 0 1
    outer loop
      vertex 12.8348 -17.1747 7
      vertex 14.1724 -15.9702 7
      vertex 14.0769 -15.8523 7
    endloop
  endfacet
  facet normal 0 0 1
    outer loop
      vertex 12.6207 -16.9103 7
      vertex 14.0769 -15.8523 7
      vertex 13.9943 -15.725 7
    endloop
  endfacet
  facet normal 0 0 1
    outer loop
      vertex 14.6602 -16.3246 7
      vertex 13.9281 -17.969 7
      vertex 14.2457 -18.0909 7
    endloop
  endfacet
  facet normal 0 0 1
    outer loop
      vertex 12.4354 -16.625 7
      vertex 13.9943 -15.725 7
      vertex 13.9254 -15.5898 7
    endloop
  endfacet
  facet normal 0 0 1
    outer loop
      vertex 12.281 -16.3219 7
      vertex 13.9254 -15.5898 7
      vertex 13.871 -15.4481 7
    endloop
  endfacet
  facet normal 0 0 1
    outer loop
      vertex 12.1591 -16.0043 7
      vertex 13.871 -15.4481 7
      vertex 13.8317 -15.3015 7
    endloop
  endfacet
  facet normal 0 0 1
    outer loop
      vertex 12.071 -15.6757 7
      vertex 13.8317 -15.3015 7
      vertex 13.8079 -15.1516 7
    endloop
  endfacet
  facet normal 0 0 1
    outer loop
      vertex 12.0178 -15.3397 7
      vertex 13.8079 -15.1516 7
      vertex 13.8 -15 7
    endloop
  endfacet
  facet normal 0 0 1
    outer loop
      vertex 13.9943 -14.275 7
      vertex 12.4354 -13.375 7
      vertex 13.9254 -14.4102 7
    endloop
  endfacet
  facet normal 0 0 1
    outer loop
      vertex 14.525 -16.2557 7
      vertex 13.625 -17.8146 7
      vertex 13.9281 -17.969 7
    endloop
  endfacet
  facet normal -0 0 1
    outer loop
      vertex 12.281 -13.6781 7
      vertex 13.9254 -14.4102 7
      vertex 12.4354 -13.375 7
    endloop
  endfacet
  facet normal 0 0 1
    outer loop
      vertex 14.3977 -16.1731 7
      vertex 13.3397 -17.6293 7
      vertex 13.625 -17.8146 7
    endloop
  endfacet
  facet normal 0 0 1
    outer loop
      vertex 13.9254 -14.4102 7
      vertex 12.281 -13.6781 7
      vertex 13.871 -14.5519 7
    endloop
  endfacet
  facet normal 0 0 1
    outer loop
      vertex 14.2798 -16.0776 7
      vertex 13.0753 -17.4152 7
      vertex 13.3397 -17.6293 7
    endloop
  endfacet
  facet normal -0 0 1
    outer loop
      vertex 12.1591 -13.9957 7
      vertex 13.871 -14.5519 7
      vertex 12.281 -13.6781 7
    endloop
  endfacet
  facet normal 0 0 1
    outer loop
      vertex 14.1724 -15.9702 7
      vertex 12.8348 -17.1747 7
      vertex 13.0753 -17.4152 7
    endloop
  endfacet
  facet normal 0 0 1
    outer loop
      vertex 13.871 -14.5519 7
      vertex 12.1591 -13.9957 7
      vertex 13.8317 -14.6985 7
    endloop
  endfacet
  facet normal 0 0 1
    outer loop
      vertex 14.0769 -15.8523 7
      vertex 12.6207 -16.9103 7
      vertex 12.8348 -17.1747 7
    endloop
  endfacet
  facet normal -0 0 1
    outer loop
      vertex 12.071 -14.3243 7
      vertex 13.8317 -14.6985 7
      vertex 12.1591 -13.9957 7
    endloop
  endfacet
  facet normal 0 0 1
    outer loop
      vertex 13.9943 -15.725 7
      vertex 12.4354 -16.625 7
      vertex 12.6207 -16.9103 7
    endloop
  endfacet
  facet normal 0 0 1
    outer loop
      vertex 13.8317 -14.6985 7
      vertex 12.071 -14.3243 7
      vertex 13.8079 -14.8484 7
    endloop
  endfacet
  facet normal 0 0 1
    outer loop
      vertex 13.9254 -15.5898 7
      vertex 12.281 -16.3219 7
      vertex 12.4354 -16.625 7
    endloop
  endfacet
  facet normal -0 0 1
    outer loop
      vertex 12.0178 -14.6603 7
      vertex 13.8079 -14.8484 7
      vertex 12.071 -14.3243 7
    endloop
  endfacet
  facet normal 0 0 1
    outer loop
      vertex 13.871 -15.4481 7
      vertex 12.1591 -16.0043 7
      vertex 12.281 -16.3219 7
    endloop
  endfacet
  facet normal 0 0 1
    outer loop
      vertex 13.8079 -14.8484 7
      vertex 12.0178 -14.6603 7
      vertex 13.8 -15 7
    endloop
  endfacet
  facet normal 0 0 1
    outer loop
      vertex 13.8317 -15.3015 7
      vertex 12.071 -15.6757 7
      vertex 12.1591 -16.0043 7
    endloop
  endfacet
  facet normal 0 0 1
    outer loop
      vertex 12 -15 7
      vertex 13.8 -15 7
      vertex 12.0178 -14.6603 7
    endloop
  endfacet
  facet normal 0 0 1
    outer loop
      vertex 13.8079 -15.1516 7
      vertex 12.0178 -15.3397 7
      vertex 12.071 -15.6757 7
    endloop
  endfacet
  facet normal 0 0 1
    outer loop
      vertex 13.8 -15 7
      vertex 12 -15 7
      vertex 12.0178 -15.3397 7
    endloop
  endfacet
  facet normal 0.629308 0.777156 -0
    outer loop
      vertex 17.4247 -12.5848 2
      vertex 17.1603 -12.3707 7
      vertex 17.4247 -12.5848 7
    endloop
  endfacet
  facet normal 0.629308 0.777156 0
    outer loop
      vertex 17.1603 -12.3707 7
      vertex 17.4247 -12.5848 2
      vertex 17.1603 -12.3707 2
    endloop
  endfacet
  facet normal -0.629308 -0.777156 0
    outer loop
      vertex 13.0753 -17.4152 2
      vertex 13.3397 -17.6293 7
      vertex 13.0753 -17.4152 7
    endloop
  endfacet
  facet normal -0.629308 -0.777156 -0
    outer loop
      vertex 13.3397 -17.6293 7
      vertex 13.0753 -17.4152 2
      vertex 13.3397 -17.6293 2
    endloop
  endfacet
  facet normal -0.258961 0.965888 0
    outer loop
      vertex 14.5743 -11.821 2
      vertex 14.2457 -11.9091 7
      vertex 14.5743 -11.821 7
    endloop
  endfacet
  facet normal -0.258961 0.965888 0
    outer loop
      vertex 14.2457 -11.9091 7
      vertex 14.5743 -11.821 2
      vertex 14.2457 -11.9091 2
    endloop
  endfacet
  facet normal 0.891051 0.453904 0
    outer loop
      vertex 18.219 -13.6781 7
      vertex 18.0646 -13.375 2
      vertex 18.0646 -13.375 7
    endloop
  endfacet
  facet normal 0.891051 0.453904 0
    outer loop
      vertex 18.0646 -13.375 2
      vertex 18.219 -13.6781 7
      vertex 18.219 -13.6781 2
    endloop
  endfacet
  facet normal 0.987696 -0.156385 0
    outer loop
      vertex 18.429 -15.6757 7
      vertex 18.4822 -15.3397 2
      vertex 18.4822 -15.3397 7
    endloop
  endfacet
  facet normal 0.987696 -0.156385 0
    outer loop
      vertex 18.4822 -15.3397 2
      vertex 18.429 -15.6757 7
      vertex 18.429 -15.6757 2
    endloop
  endfacet
  facet normal -0.777156 -0.629308 0
    outer loop
      vertex 12.8348 -17.1747 2
      vertex 12.6207 -16.9103 7
      vertex 12.6207 -16.9103 2
    endloop
  endfacet
  facet normal -0.777156 -0.629308 0
    outer loop
      vertex 12.6207 -16.9103 7
      vertex 12.8348 -17.1747 2
      vertex 12.8348 -17.1747 7
    endloop
  endfacet
  facet normal 0.358329 0.933595 -0
    outer loop
      vertex 16.5719 -12.031 2
      vertex 16.2543 -11.9091 7
      vertex 16.5719 -12.031 7
    endloop
  endfacet
  facet normal 0.358329 0.933595 0
    outer loop
      vertex 16.2543 -11.9091 7
      vertex 16.5719 -12.031 2
      vertex 16.2543 -11.9091 2
    endloop
  endfacet
  facet normal -0.891051 -0.453904 0
    outer loop
      vertex 12.4354 -16.625 2
      vertex 12.281 -16.3219 7
      vertex 12.281 -16.3219 2
    endloop
  endfacet
  facet normal -0.891051 -0.453904 0
    outer loop
      vertex 12.281 -16.3219 7
      vertex 12.4354 -16.625 2
      vertex 12.4354 -16.625 7
    endloop
  endfacet
  facet normal 0.258961 -0.965888 0
    outer loop
      vertex 15.9257 -18.179 2
      vertex 16.2543 -18.0909 7
      vertex 15.9257 -18.179 7
    endloop
  endfacet
  facet normal 0.258961 -0.965888 0
    outer loop
      vertex 16.2543 -18.0909 7
      vertex 15.9257 -18.179 2
      vertex 16.2543 -18.0909 2
    endloop
  endfacet
  facet normal -0.156385 0.987696 0
    outer loop
      vertex 14.9103 -11.7678 2
      vertex 14.5743 -11.821 7
      vertex 14.9103 -11.7678 7
    endloop
  endfacet
  facet normal -0.156385 0.987696 0
    outer loop
      vertex 14.5743 -11.821 7
      vertex 14.9103 -11.7678 2
      vertex 14.5743 -11.821 2
    endloop
  endfacet
  facet normal -0.0523274 -0.99863 0
    outer loop
      vertex 14.9103 -18.2322 2
      vertex 15.25 -18.25 7
      vertex 14.9103 -18.2322 7
    endloop
  endfacet
  facet normal -0.0523274 -0.99863 -0
    outer loop
      vertex 15.25 -18.25 7
      vertex 14.9103 -18.2322 2
      vertex 15.25 -18.25 2
    endloop
  endfacet
  facet normal 0.0523274 -0.99863 0
    outer loop
      vertex 15.25 -18.25 2
      vertex 15.5897 -18.2322 7
      vertex 15.25 -18.25 7
    endloop
  endfacet
  facet normal 0.0523274 -0.99863 0
    outer loop
      vertex 15.5897 -18.2322 7
      vertex 15.25 -18.25 2
      vertex 15.5897 -18.2322 2
    endloop
  endfacet
  facet normal -0.987696 -0.156385 0
    outer loop
      vertex 12.071 -15.6757 2
      vertex 12.0178 -15.3397 7
      vertex 12.0178 -15.3397 2
    endloop
  endfacet
  facet normal -0.987696 -0.156385 0
    outer loop
      vertex 12.0178 -15.3397 7
      vertex 12.071 -15.6757 2
      vertex 12.071 -15.6757 7
    endloop
  endfacet
  facet normal -0.777156 0.629308 0
    outer loop
      vertex 12.6207 -13.0897 2
      vertex 12.8348 -12.8253 7
      vertex 12.8348 -12.8253 2
    endloop
  endfacet
  facet normal -0.777156 0.629308 0
    outer loop
      vertex 12.8348 -12.8253 7
      vertex 12.6207 -13.0897 2
      vertex 12.6207 -13.0897 7
    endloop
  endfacet
  facet normal -0.965888 0.258961 0
    outer loop
      vertex 12.071 -14.3243 2
      vertex 12.1591 -13.9957 7
      vertex 12.1591 -13.9957 2
    endloop
  endfacet
  facet normal -0.965888 0.258961 0
    outer loop
      vertex 12.1591 -13.9957 7
      vertex 12.071 -14.3243 2
      vertex 12.071 -14.3243 7
    endloop
  endfacet
  facet normal -0.933595 0.358329 0
    outer loop
      vertex 12.1591 -13.9957 2
      vertex 12.281 -13.6781 7
      vertex 12.281 -13.6781 2
    endloop
  endfacet
  facet normal -0.933595 0.358329 0
    outer loop
      vertex 12.281 -13.6781 7
      vertex 12.1591 -13.9957 2
      vertex 12.1591 -13.9957 7
    endloop
  endfacet
  facet normal -0.99863 -0.0523274 0
    outer loop
      vertex 12.0178 -15.3397 2
      vertex 12 -15 7
      vertex 12 -15 2
    endloop
  endfacet
  facet normal -0.99863 -0.0523274 0
    outer loop
      vertex 12 -15 7
      vertex 12.0178 -15.3397 2
      vertex 12.0178 -15.3397 7
    endloop
  endfacet
  facet normal -0.891051 0.453904 0
    outer loop
      vertex 12.281 -13.6781 2
      vertex 12.4354 -13.375 7
      vertex 12.4354 -13.375 2
    endloop
  endfacet
  facet normal -0.891051 0.453904 0
    outer loop
      vertex 12.4354 -13.375 7
      vertex 12.281 -13.6781 2
      vertex 12.281 -13.6781 7
    endloop
  endfacet
  facet normal -0.156385 -0.987696 0
    outer loop
      vertex 14.5743 -18.179 2
      vertex 14.9103 -18.2322 7
      vertex 14.5743 -18.179 7
    endloop
  endfacet
  facet normal -0.156385 -0.987696 -0
    outer loop
      vertex 14.9103 -18.2322 7
      vertex 14.5743 -18.179 2
      vertex 14.9103 -18.2322 2
    endloop
  endfacet
  facet normal 0.838638 -0.544689 0
    outer loop
      vertex 17.8793 -16.9103 7
      vertex 18.0646 -16.625 2
      vertex 18.0646 -16.625 7
    endloop
  endfacet
  facet normal 0.838638 -0.544689 0
    outer loop
      vertex 18.0646 -16.625 2
      vertex 17.8793 -16.9103 7
      vertex 17.8793 -16.9103 2
    endloop
  endfacet
  facet normal 0.987696 0.156385 0
    outer loop
      vertex 18.4822 15.3397 7
      vertex 18.429 15.6757 2
      vertex 18.429 15.6757 7
    endloop
  endfacet
  facet normal 0.987696 0.156385 0
    outer loop
      vertex 18.429 15.6757 2
      vertex 18.4822 15.3397 7
      vertex 18.4822 15.3397 2
    endloop
  endfacet
  facet normal 0.99863 0.0523274 0
    outer loop
      vertex 18.5 15 7
      vertex 18.4822 15.3397 2
      vertex 18.4822 15.3397 7
    endloop
  endfacet
  facet normal 0.99863 0.0523274 0
    outer loop
      vertex 18.4822 15.3397 2
      vertex 18.5 15 7
      vertex 18.5 15 2
    endloop
  endfacet
  facet normal 0.965888 0.258961 0
    outer loop
      vertex 18.429 15.6757 7
      vertex 18.3409 16.0043 2
      vertex 18.3409 16.0043 7
    endloop
  endfacet
  facet normal 0.965888 0.258961 0
    outer loop
      vertex 18.3409 16.0043 2
      vertex 18.429 15.6757 7
      vertex 18.429 15.6757 2
    endloop
  endfacet
  facet normal -0.544689 -0.838638 0
    outer loop
      vertex 13.3397 12.3707 2
      vertex 13.625 12.1854 7
      vertex 13.3397 12.3707 7
    endloop
  endfacet
  facet normal -0.544689 -0.838638 -0
    outer loop
      vertex 13.625 12.1854 7
      vertex 13.3397 12.3707 2
      vertex 13.625 12.1854 2
    endloop
  endfacet
  facet normal -0.156385 0.987696 0
    outer loop
      vertex 14.9103 18.2322 2
      vertex 14.5743 18.179 7
      vertex 14.9103 18.2322 7
    endloop
  endfacet
  facet normal -0.156385 0.987696 0
    outer loop
      vertex 14.5743 18.179 7
      vertex 14.9103 18.2322 2
      vertex 14.5743 18.179 2
    endloop
  endfacet
  facet normal 0.156385 -0.987696 0
    outer loop
      vertex 15.5897 11.7678 2
      vertex 15.9257 11.821 7
      vertex 15.5897 11.7678 7
    endloop
  endfacet
  facet normal 0.156385 -0.987696 0
    outer loop
      vertex 15.9257 11.821 7
      vertex 15.5897 11.7678 2
      vertex 15.9257 11.821 2
    endloop
  endfacet
  facet normal -0.838638 -0.544689 0
    outer loop
      vertex 12.6207 13.0897 2
      vertex 12.4354 13.375 7
      vertex 12.4354 13.375 2
    endloop
  endfacet
  facet normal -0.838638 -0.544689 0
    outer loop
      vertex 12.4354 13.375 7
      vertex 12.6207 13.0897 2
      vertex 12.6207 13.0897 7
    endloop
  endfacet
  facet normal -0.453904 0.891051 0
    outer loop
      vertex 13.9281 17.969 2
      vertex 13.625 17.8146 7
      vertex 13.9281 17.969 7
    endloop
  endfacet
  facet normal -0.453904 0.891051 0
    outer loop
      vertex 13.625 17.8146 7
      vertex 13.9281 17.969 2
      vertex 13.625 17.8146 2
    endloop
  endfacet
  facet normal -0.965888 -0.258961 0
    outer loop
      vertex 12.1591 13.9957 2
      vertex 12.071 14.3243 7
      vertex 12.071 14.3243 2
    endloop
  endfacet
  facet normal -0.965888 -0.258961 0
    outer loop
      vertex 12.071 14.3243 7
      vertex 12.1591 13.9957 2
      vertex 12.1591 13.9957 7
    endloop
  endfacet
  facet normal -0.838638 0.544689 0
    outer loop
      vertex 12.4354 16.625 2
      vertex 12.6207 16.9103 7
      vertex 12.6207 16.9103 2
    endloop
  endfacet
  facet normal -0.838638 0.544689 0
    outer loop
      vertex 12.6207 16.9103 7
      vertex 12.4354 16.625 2
      vertex 12.4354 16.625 7
    endloop
  endfacet
  facet normal 0.707107 0.707107 0
    outer loop
      vertex 17.6652 17.1747 7
      vertex 17.4247 17.4152 2
      vertex 17.4247 17.4152 7
    endloop
  endfacet
  facet normal 0.707107 0.707107 0
    outer loop
      vertex 17.4247 17.4152 2
      vertex 17.6652 17.1747 7
      vertex 17.6652 17.1747 2
    endloop
  endfacet
  facet normal 0.258961 -0.965888 0
    outer loop
      vertex 15.9257 11.821 2
      vertex 16.2543 11.9091 7
      vertex 15.9257 11.821 7
    endloop
  endfacet
  facet normal 0.258961 -0.965888 0
    outer loop
      vertex 16.2543 11.9091 7
      vertex 15.9257 11.821 2
      vertex 16.2543 11.9091 2
    endloop
  endfacet
  facet normal 0.358329 0.933595 -0
    outer loop
      vertex 16.5719 17.969 2
      vertex 16.2543 18.0909 7
      vertex 16.5719 17.969 7
    endloop
  endfacet
  facet normal 0.358329 0.933595 0
    outer loop
      vertex 16.2543 18.0909 7
      vertex 16.5719 17.969 2
      vertex 16.2543 18.0909 2
    endloop
  endfacet
  facet normal -0.933595 -0.358329 0
    outer loop
      vertex 12.281 13.6781 2
      vertex 12.1591 13.9957 7
      vertex 12.1591 13.9957 2
    endloop
  endfacet
  facet normal -0.933595 -0.358329 0
    outer loop
      vertex 12.1591 13.9957 7
      vertex 12.281 13.6781 2
      vertex 12.281 13.6781 7
    endloop
  endfacet
  facet normal 0.987696 -0.156385 0
    outer loop
      vertex 18.429 14.3243 7
      vertex 18.4822 14.6603 2
      vertex 18.4822 14.6603 7
    endloop
  endfacet
  facet normal 0.987696 -0.156385 0
    outer loop
      vertex 18.4822 14.6603 2
      vertex 18.429 14.3243 7
      vertex 18.429 14.3243 2
    endloop
  endfacet
  facet normal 0.629308 0.777156 -0
    outer loop
      vertex 17.4247 17.4152 2
      vertex 17.1603 17.6293 7
      vertex 17.4247 17.4152 7
    endloop
  endfacet
  facet normal 0.629308 0.777156 0
    outer loop
      vertex 17.1603 17.6293 7
      vertex 17.4247 17.4152 2
      vertex 17.1603 17.6293 2
    endloop
  endfacet
  facet normal 0.453904 -0.891051 0
    outer loop
      vertex 16.5719 12.031 2
      vertex 16.875 12.1854 7
      vertex 16.5719 12.031 7
    endloop
  endfacet
  facet normal 0.453904 -0.891051 0
    outer loop
      vertex 16.875 12.1854 7
      vertex 16.5719 12.031 2
      vertex 16.875 12.1854 2
    endloop
  endfacet
  facet normal 0.0523274 0.99863 -0
    outer loop
      vertex 15.5897 18.2322 2
      vertex 15.25 18.25 7
      vertex 15.5897 18.2322 7
    endloop
  endfacet
  facet normal 0.0523274 0.99863 0
    outer loop
      vertex 15.25 18.25 7
      vertex 15.5897 18.2322 2
      vertex 15.25 18.25 2
    endloop
  endfacet
  facet normal 0.838638 0.544689 0
    outer loop
      vertex 18.0646 16.625 7
      vertex 17.8793 16.9103 2
      vertex 17.8793 16.9103 7
    endloop
  endfacet
  facet normal 0.838638 0.544689 0
    outer loop
      vertex 17.8793 16.9103 2
      vertex 18.0646 16.625 7
      vertex 18.0646 16.625 2
    endloop
  endfacet
  facet normal -0.358329 0.933595 0
    outer loop
      vertex 14.2457 18.0909 2
      vertex 13.9281 17.969 7
      vertex 14.2457 18.0909 7
    endloop
  endfacet
  facet normal -0.358329 0.933595 0
    outer loop
      vertex 13.9281 17.969 7
      vertex 14.2457 18.0909 2
      vertex 13.9281 17.969 2
    endloop
  endfacet
  facet normal 0.99863 -0.0523274 0
    outer loop
      vertex 18.4822 14.6603 7
      vertex 18.5 15 2
      vertex 18.5 15 7
    endloop
  endfacet
  facet normal 0.99863 -0.0523274 0
    outer loop
      vertex 18.5 15 2
      vertex 18.4822 14.6603 7
      vertex 18.4822 14.6603 2
    endloop
  endfacet
  facet normal 0.933595 -0.358329 0
    outer loop
      vertex 18.219 13.6781 7
      vertex 18.3409 13.9957 2
      vertex 18.3409 13.9957 7
    endloop
  endfacet
  facet normal 0.933595 -0.358329 0
    outer loop
      vertex 18.3409 13.9957 2
      vertex 18.219 13.6781 7
      vertex 18.219 13.6781 2
    endloop
  endfacet
  facet normal 0.838638 -0.544689 0
    outer loop
      vertex 17.8793 13.0897 7
      vertex 18.0646 13.375 2
      vertex 18.0646 13.375 7
    endloop
  endfacet
  facet normal 0.838638 -0.544689 0
    outer loop
      vertex 18.0646 13.375 2
      vertex 17.8793 13.0897 7
      vertex 17.8793 13.0897 2
    endloop
  endfacet
  facet normal -0.629308 0.777156 0
    outer loop
      vertex 13.3397 17.6293 2
      vertex 13.0753 17.4152 7
      vertex 13.3397 17.6293 7
    endloop
  endfacet
  facet normal -0.629308 0.777156 0
    outer loop
      vertex 13.0753 17.4152 7
      vertex 13.3397 17.6293 2
      vertex 13.0753 17.4152 2
    endloop
  endfacet
  facet normal -0.156385 -0.987696 0
    outer loop
      vertex 14.5743 11.821 2
      vertex 14.9103 11.7678 7
      vertex 14.5743 11.821 7
    endloop
  endfacet
  facet normal -0.156385 -0.987696 -0
    outer loop
      vertex 14.9103 11.7678 7
      vertex 14.5743 11.821 2
      vertex 14.9103 11.7678 2
    endloop
  endfacet
  facet normal -0.933595 0.358329 0
    outer loop
      vertex 12.1591 16.0043 2
      vertex 12.281 16.3219 7
      vertex 12.281 16.3219 2
    endloop
  endfacet
  facet normal -0.933595 0.358329 0
    outer loop
      vertex 12.281 16.3219 7
      vertex 12.1591 16.0043 2
      vertex 12.1591 16.0043 7
    endloop
  endfacet
  facet normal -0.0523274 -0.99863 0
    outer loop
      vertex 14.9103 11.7678 2
      vertex 15.25 11.75 7
      vertex 14.9103 11.7678 7
    endloop
  endfacet
  facet normal -0.0523274 -0.99863 -0
    outer loop
      vertex 15.25 11.75 7
      vertex 14.9103 11.7678 2
      vertex 15.25 11.75 2
    endloop
  endfacet
  facet normal 0.965888 -0.258961 0
    outer loop
      vertex 18.3409 13.9957 7
      vertex 18.429 14.3243 2
      vertex 18.429 14.3243 7
    endloop
  endfacet
  facet normal 0.965888 -0.258961 0
    outer loop
      vertex 18.429 14.3243 2
      vertex 18.3409 13.9957 7
      vertex 18.3409 13.9957 2
    endloop
  endfacet
  facet normal -0.707107 0.707107 0
    outer loop
      vertex 13.0753 17.4152 2
      vertex 12.8348 17.1747 7
      vertex 13.0753 17.4152 7
    endloop
  endfacet
  facet normal -0.707107 0.707107 0
    outer loop
      vertex 12.8348 17.1747 7
      vertex 13.0753 17.4152 2
      vertex 12.8348 17.1747 2
    endloop
  endfacet
  facet normal -0.891051 0.453904 0
    outer loop
      vertex 12.281 16.3219 2
      vertex 12.4354 16.625 7
      vertex 12.4354 16.625 2
    endloop
  endfacet
  facet normal -0.891051 0.453904 0
    outer loop
      vertex 12.4354 16.625 7
      vertex 12.281 16.3219 2
      vertex 12.281 16.3219 7
    endloop
  endfacet
  facet normal 0.707107 -0.707107 0
    outer loop
      vertex 17.4247 12.5848 7
      vertex 17.6652 12.8253 2
      vertex 17.6652 12.8253 7
    endloop
  endfacet
  facet normal 0.707107 -0.707107 0
    outer loop
      vertex 17.6652 12.8253 2
      vertex 17.4247 12.5848 7
      vertex 17.4247 12.5848 2
    endloop
  endfacet
  facet normal -0.777156 -0.629308 0
    outer loop
      vertex 12.8348 12.8253 2
      vertex 12.6207 13.0897 7
      vertex 12.6207 13.0897 2
    endloop
  endfacet
  facet normal -0.777156 -0.629308 0
    outer loop
      vertex 12.6207 13.0897 7
      vertex 12.8348 12.8253 2
      vertex 12.8348 12.8253 7
    endloop
  endfacet
  facet normal 0.0523274 -0.99863 0
    outer loop
      vertex 15.25 11.75 2
      vertex 15.5897 11.7678 7
      vertex 15.25 11.75 7
    endloop
  endfacet
  facet normal 0.0523274 -0.99863 0
    outer loop
      vertex 15.5897 11.7678 7
      vertex 15.25 11.75 2
      vertex 15.5897 11.7678 2
    endloop
  endfacet
  facet normal 0.453904 0.891051 -0
    outer loop
      vertex 16.875 17.8146 2
      vertex 16.5719 17.969 7
      vertex 16.875 17.8146 7
    endloop
  endfacet
  facet normal 0.453904 0.891051 0
    outer loop
      vertex 16.5719 17.969 7
      vertex 16.875 17.8146 2
      vertex 16.5719 17.969 2
    endloop
  endfacet
  facet normal 0.544689 -0.838638 0
    outer loop
      vertex 16.875 12.1854 2
      vertex 17.1603 12.3707 7
      vertex 16.875 12.1854 7
    endloop
  endfacet
  facet normal 0.544689 -0.838638 0
    outer loop
      vertex 17.1603 12.3707 7
      vertex 16.875 12.1854 2
      vertex 17.1603 12.3707 2
    endloop
  endfacet
  facet normal 0.891051 -0.453904 0
    outer loop
      vertex 18.0646 13.375 7
      vertex 18.219 13.6781 2
      vertex 18.219 13.6781 7
    endloop
  endfacet
  facet normal 0.891051 -0.453904 0
    outer loop
      vertex 18.219 13.6781 2
      vertex 18.0646 13.375 7
      vertex 18.0646 13.375 2
    endloop
  endfacet
  facet normal 0.629308 -0.777156 0
    outer loop
      vertex 17.1603 12.3707 2
      vertex 17.4247 12.5848 7
      vertex 17.1603 12.3707 7
    endloop
  endfacet
  facet normal 0.629308 -0.777156 0
    outer loop
      vertex 17.4247 12.5848 7
      vertex 17.1603 12.3707 2
      vertex 17.4247 12.5848 2
    endloop
  endfacet
  facet normal 0.777156 -0.629308 0
    outer loop
      vertex 17.6652 12.8253 7
      vertex 17.8793 13.0897 2
      vertex 17.8793 13.0897 7
    endloop
  endfacet
  facet normal 0.777156 -0.629308 0
    outer loop
      vertex 17.8793 13.0897 2
      vertex 17.6652 12.8253 7
      vertex 17.6652 12.8253 2
    endloop
  endfacet
  facet normal 0.777156 0.629308 0
    outer loop
      vertex 17.8793 16.9103 7
      vertex 17.6652 17.1747 2
      vertex 17.6652 17.1747 7
    endloop
  endfacet
  facet normal 0.777156 0.629308 0
    outer loop
      vertex 17.6652 17.1747 2
      vertex 17.8793 16.9103 7
      vertex 17.8793 16.9103 2
    endloop
  endfacet
  facet normal 0.544689 0.838638 -0
    outer loop
      vertex 17.1603 17.6293 2
      vertex 16.875 17.8146 7
      vertex 17.1603 17.6293 7
    endloop
  endfacet
  facet normal 0.544689 0.838638 0
    outer loop
      vertex 16.875 17.8146 7
      vertex 17.1603 17.6293 2
      vertex 16.875 17.8146 2
    endloop
  endfacet
  facet normal -0.258961 0.965888 0
    outer loop
      vertex 14.5743 18.179 2
      vertex 14.2457 18.0909 7
      vertex 14.5743 18.179 7
    endloop
  endfacet
  facet normal -0.258961 0.965888 0
    outer loop
      vertex 14.2457 18.0909 7
      vertex 14.5743 18.179 2
      vertex 14.2457 18.0909 2
    endloop
  endfacet
  facet normal 0.933595 0.358329 0
    outer loop
      vertex 18.3409 16.0043 7
      vertex 18.219 16.3219 2
      vertex 18.219 16.3219 7
    endloop
  endfacet
  facet normal 0.933595 0.358329 0
    outer loop
      vertex 18.219 16.3219 2
      vertex 18.3409 16.0043 7
      vertex 18.3409 16.0043 2
    endloop
  endfacet
  facet normal -0.544689 0.838638 0
    outer loop
      vertex 13.625 17.8146 2
      vertex 13.3397 17.6293 7
      vertex 13.625 17.8146 7
    endloop
  endfacet
  facet normal -0.544689 0.838638 0
    outer loop
      vertex 13.3397 17.6293 7
      vertex 13.625 17.8146 2
      vertex 13.3397 17.6293 2
    endloop
  endfacet
  facet normal -0.987696 0.156385 0
    outer loop
      vertex 12.0178 15.3397 2
      vertex 12.071 15.6757 7
      vertex 12.071 15.6757 2
    endloop
  endfacet
  facet normal -0.987696 0.156385 0
    outer loop
      vertex 12.071 15.6757 7
      vertex 12.0178 15.3397 2
      vertex 12.0178 15.3397 7
    endloop
  endfacet
  facet normal 0.891051 0.453904 0
    outer loop
      vertex 18.219 16.3219 7
      vertex 18.0646 16.625 2
      vertex 18.0646 16.625 7
    endloop
  endfacet
  facet normal 0.891051 0.453904 0
    outer loop
      vertex 18.0646 16.625 2
      vertex 18.219 16.3219 7
      vertex 18.219 16.3219 2
    endloop
  endfacet
  facet normal -0.891051 -0.453904 0
    outer loop
      vertex 12.4354 13.375 2
      vertex 12.281 13.6781 7
      vertex 12.281 13.6781 2
    endloop
  endfacet
  facet normal -0.891051 -0.453904 0
    outer loop
      vertex 12.281 13.6781 7
      vertex 12.4354 13.375 2
      vertex 12.4354 13.375 7
    endloop
  endfacet
  facet normal 0.156385 0.987696 -0
    outer loop
      vertex 15.9257 18.179 2
      vertex 15.5897 18.2322 7
      vertex 15.9257 18.179 7
    endloop
  endfacet
  facet normal 0.156385 0.987696 0
    outer loop
      vertex 15.5897 18.2322 7
      vertex 15.9257 18.179 2
      vertex 15.5897 18.2322 2
    endloop
  endfacet
  facet normal 0.358329 -0.933595 0
    outer loop
      vertex 16.2543 11.9091 2
      vertex 16.5719 12.031 7
      vertex 16.2543 11.9091 7
    endloop
  endfacet
  facet normal 0.358329 -0.933595 0
    outer loop
      vertex 16.5719 12.031 7
      vertex 16.2543 11.9091 2
      vertex 16.5719 12.031 2
    endloop
  endfacet
  facet normal 0 0 1
    outer loop
      vertex 16.7 15 7
      vertex 18.5 15 7
      vertex 18.4822 15.3397 7
    endloop
  endfacet
  facet normal 0 0 1
    outer loop
      vertex 16.6921 15.1516 7
      vertex 18.4822 15.3397 7
      vertex 18.429 15.6757 7
    endloop
  endfacet
  facet normal 0 0 1
    outer loop
      vertex 18.5 15 7
      vertex 16.7 15 7
      vertex 18.4822 14.6603 7
    endloop
  endfacet
  facet normal 0 0 1
    outer loop
      vertex 16.6683 15.3015 7
      vertex 18.429 15.6757 7
      vertex 18.3409 16.0043 7
    endloop
  endfacet
  facet normal -0 0 1
    outer loop
      vertex 16.6921 14.8484 7
      vertex 18.4822 14.6603 7
      vertex 16.7 15 7
    endloop
  endfacet
  facet normal 0 0 1
    outer loop
      vertex 16.629 15.4481 7
      vertex 18.3409 16.0043 7
      vertex 18.219 16.3219 7
    endloop
  endfacet
  facet normal 0 0 1
    outer loop
      vertex 18.4822 14.6603 7
      vertex 16.6921 14.8484 7
      vertex 18.429 14.3243 7
    endloop
  endfacet
  facet normal 0 0 1
    outer loop
      vertex 16.5746 15.5898 7
      vertex 18.219 16.3219 7
      vertex 18.0646 16.625 7
    endloop
  endfacet
  facet normal -0 0 1
    outer loop
      vertex 16.6683 14.6985 7
      vertex 18.429 14.3243 7
      vertex 16.6921 14.8484 7
    endloop
  endfacet
  facet normal 0 0 1
    outer loop
      vertex 16.5057 15.725 7
      vertex 18.0646 16.625 7
      vertex 17.8793 16.9103 7
    endloop
  endfacet
  facet normal 0 0 1
    outer loop
      vertex 18.429 14.3243 7
      vertex 16.6683 14.6985 7
      vertex 18.3409 13.9957 7
    endloop
  endfacet
  facet normal 0 0 1
    outer loop
      vertex 16.4231 15.8523 7
      vertex 17.8793 16.9103 7
      vertex 17.6652 17.1747 7
    endloop
  endfacet
  facet normal -0 0 1
    outer loop
      vertex 16.629 14.5519 7
      vertex 18.3409 13.9957 7
      vertex 16.6683 14.6985 7
    endloop
  endfacet
  facet normal 0 0 1
    outer loop
      vertex 16.3276 15.9702 7
      vertex 17.6652 17.1747 7
      vertex 17.4247 17.4152 7
    endloop
  endfacet
  facet normal 0 0 1
    outer loop
      vertex 18.3409 13.9957 7
      vertex 16.629 14.5519 7
      vertex 18.219 13.6781 7
    endloop
  endfacet
  facet normal 0 0 1
    outer loop
      vertex 16.2202 16.0776 7
      vertex 17.4247 17.4152 7
      vertex 17.1603 17.6293 7
    endloop
  endfacet
  facet normal -0 0 1
    outer loop
      vertex 16.5746 14.4102 7
      vertex 18.219 13.6781 7
      vertex 16.629 14.5519 7
    endloop
  endfacet
  facet normal 0 0 1
    outer loop
      vertex 16.1023 16.1731 7
      vertex 17.1603 17.6293 7
      vertex 16.875 17.8146 7
    endloop
  endfacet
  facet normal 0 0 1
    outer loop
      vertex 18.219 13.6781 7
      vertex 16.5746 14.4102 7
      vertex 18.0646 13.375 7
    endloop
  endfacet
  facet normal -0 0 1
    outer loop
      vertex 16.5057 14.275 7
      vertex 18.0646 13.375 7
      vertex 16.5746 14.4102 7
    endloop
  endfacet
  facet normal 0 0 1
    outer loop
      vertex 18.4822 15.3397 7
      vertex 16.6921 15.1516 7
      vertex 16.7 15 7
    endloop
  endfacet
  facet normal 0 0 1
    outer loop
      vertex 18.429 15.6757 7
      vertex 16.6683 15.3015 7
      vertex 16.6921 15.1516 7
    endloop
  endfacet
  facet normal 0 0 1
    outer loop
      vertex 18.3409 16.0043 7
      vertex 16.629 15.4481 7
      vertex 16.6683 15.3015 7
    endloop
  endfacet
  facet normal 0 0 1
    outer loop
      vertex 18.219 16.3219 7
      vertex 16.5746 15.5898 7
      vertex 16.629 15.4481 7
    endloop
  endfacet
  facet normal 0 0 1
    outer loop
      vertex 15.975 16.2557 7
      vertex 16.875 17.8146 7
      vertex 16.5719 17.969 7
    endloop
  endfacet
  facet normal 0 0 1
    outer loop
      vertex 18.0646 16.625 7
      vertex 16.5057 15.725 7
      vertex 16.5746 15.5898 7
    endloop
  endfacet
  facet normal 0 0 1
    outer loop
      vertex 17.8793 16.9103 7
      vertex 16.4231 15.8523 7
      vertex 16.5057 15.725 7
    endloop
  endfacet
  facet normal 0 0 1
    outer loop
      vertex 17.6652 17.1747 7
      vertex 16.3276 15.9702 7
      vertex 16.4231 15.8523 7
    endloop
  endfacet
  facet normal 0 0 1
    outer loop
      vertex 15.8398 16.3246 7
      vertex 16.5719 17.969 7
      vertex 16.2543 18.0909 7
    endloop
  endfacet
  facet normal 0 0 1
    outer loop
      vertex 17.4247 17.4152 7
      vertex 16.2202 16.0776 7
      vertex 16.3276 15.9702 7
    endloop
  endfacet
  facet normal 0 0 1
    outer loop
      vertex 17.1603 17.6293 7
      vertex 16.1023 16.1731 7
      vertex 16.2202 16.0776 7
    endloop
  endfacet
  facet normal 0 0 1
    outer loop
      vertex 16.875 17.8146 7
      vertex 15.975 16.2557 7
      vertex 16.1023 16.1731 7
    endloop
  endfacet
  facet normal 0 0 1
    outer loop
      vertex 15.6981 16.379 7
      vertex 16.2543 18.0909 7
      vertex 15.9257 18.179 7
    endloop
  endfacet
  facet normal 0 0 1
    outer loop
      vertex 16.5719 17.969 7
      vertex 15.8398 16.3246 7
      vertex 15.975 16.2557 7
    endloop
  endfacet
  facet normal 0 0 1
    outer loop
      vertex 16.2543 18.0909 7
      vertex 15.6981 16.379 7
      vertex 15.8398 16.3246 7
    endloop
  endfacet
  facet normal 0 0 1
    outer loop
      vertex 15.5515 16.4183 7
      vertex 15.9257 18.179 7
      vertex 15.5897 18.2322 7
    endloop
  endfacet
  facet normal 0 0 1
    outer loop
      vertex 15.9257 18.179 7
      vertex 15.5515 16.4183 7
      vertex 15.6981 16.379 7
    endloop
  endfacet
  facet normal 0 0 1
    outer loop
      vertex 15.5897 18.2322 7
      vertex 15.4016 16.4421 7
      vertex 15.5515 16.4183 7
    endloop
  endfacet
  facet normal 0 0 1
    outer loop
      vertex 15.25 18.25 7
      vertex 15.4016 16.4421 7
      vertex 15.5897 18.2322 7
    endloop
  endfacet
  facet normal 0 0 1
    outer loop
      vertex 15.25 18.25 7
      vertex 15.25 16.45 7
      vertex 15.4016 16.4421 7
    endloop
  endfacet
  facet normal 0 0 1
    outer loop
      vertex 15.25 18.25 7
      vertex 15.0984 16.4421 7
      vertex 15.25 16.45 7
    endloop
  endfacet
  facet normal -0 0 1
    outer loop
      vertex 14.9103 18.2322 7
      vertex 15.0984 16.4421 7
      vertex 15.25 18.25 7
    endloop
  endfacet
  facet normal 0 0 1
    outer loop
      vertex 15.0984 16.4421 7
      vertex 14.9103 18.2322 7
      vertex 14.9485 16.4183 7
    endloop
  endfacet
  facet normal -0 0 1
    outer loop
      vertex 14.5743 18.179 7
      vertex 14.9485 16.4183 7
      vertex 14.9103 18.2322 7
    endloop
  endfacet
  facet normal 0 0 1
    outer loop
      vertex 14.9485 16.4183 7
      vertex 14.5743 18.179 7
      vertex 14.8019 16.379 7
    endloop
  endfacet
  facet normal -0 0 1
    outer loop
      vertex 14.2457 18.0909 7
      vertex 14.8019 16.379 7
      vertex 14.5743 18.179 7
    endloop
  endfacet
  facet normal 0 0 1
    outer loop
      vertex 14.8019 16.379 7
      vertex 14.2457 18.0909 7
      vertex 14.6602 16.3246 7
    endloop
  endfacet
  facet normal -0 0 1
    outer loop
      vertex 13.9281 17.969 7
      vertex 14.6602 16.3246 7
      vertex 14.2457 18.0909 7
    endloop
  endfacet
  facet normal 0 0 1
    outer loop
      vertex 14.6602 16.3246 7
      vertex 13.9281 17.969 7
      vertex 14.525 16.2557 7
    endloop
  endfacet
  facet normal -0 0 1
    outer loop
      vertex 13.625 17.8146 7
      vertex 14.525 16.2557 7
      vertex 13.9281 17.969 7
    endloop
  endfacet
  facet normal 0 0 1
    outer loop
      vertex 14.525 16.2557 7
      vertex 13.625 17.8146 7
      vertex 14.3977 16.1731 7
    endloop
  endfacet
  facet normal -0 0 1
    outer loop
      vertex 13.3397 17.6293 7
      vertex 14.3977 16.1731 7
      vertex 13.625 17.8146 7
    endloop
  endfacet
  facet normal 0 0 1
    outer loop
      vertex 14.3977 16.1731 7
      vertex 13.3397 17.6293 7
      vertex 14.2798 16.0776 7
    endloop
  endfacet
  facet normal -0 0 1
    outer loop
      vertex 13.0753 17.4152 7
      vertex 14.2798 16.0776 7
      vertex 13.3397 17.6293 7
    endloop
  endfacet
  facet normal 0 0 1
    outer loop
      vertex 14.2798 16.0776 7
      vertex 13.0753 17.4152 7
      vertex 14.1724 15.9702 7
    endloop
  endfacet
  facet normal -0 0 1
    outer loop
      vertex 12.8348 17.1747 7
      vertex 14.1724 15.9702 7
      vertex 13.0753 17.4152 7
    endloop
  endfacet
  facet normal 0 0 1
    outer loop
      vertex 14.1724 15.9702 7
      vertex 12.8348 17.1747 7
      vertex 14.0769 15.8523 7
    endloop
  endfacet
  facet normal -0 0 1
    outer loop
      vertex 12.6207 16.9103 7
      vertex 14.0769 15.8523 7
      vertex 12.8348 17.1747 7
    endloop
  endfacet
  facet normal 0 0 1
    outer loop
      vertex 14.0769 15.8523 7
      vertex 12.6207 16.9103 7
      vertex 13.9943 15.725 7
    endloop
  endfacet
  facet normal -0 0 1
    outer loop
      vertex 12.4354 16.625 7
      vertex 13.9943 15.725 7
      vertex 12.6207 16.9103 7
    endloop
  endfacet
  facet normal 0 0 1
    outer loop
      vertex 18.0646 13.375 7
      vertex 16.5057 14.275 7
      vertex 17.8793 13.0897 7
    endloop
  endfacet
  facet normal -0 0 1
    outer loop
      vertex 16.4231 14.1477 7
      vertex 17.8793 13.0897 7
      vertex 16.5057 14.275 7
    endloop
  endfacet
  facet normal 0 0 1
    outer loop
      vertex 17.8793 13.0897 7
      vertex 16.4231 14.1477 7
      vertex 17.6652 12.8253 7
    endloop
  endfacet
  facet normal -0 0 1
    outer loop
      vertex 16.3276 14.0298 7
      vertex 17.6652 12.8253 7
      vertex 16.4231 14.1477 7
    endloop
  endfacet
  facet normal 0 0 1
    outer loop
      vertex 17.6652 12.8253 7
      vertex 16.3276 14.0298 7
      vertex 17.4247 12.5848 7
    endloop
  endfacet
  facet normal -0 0 1
    outer loop
      vertex 16.2202 13.9224 7
      vertex 17.4247 12.5848 7
      vertex 16.3276 14.0298 7
    endloop
  endfacet
  facet normal 0 0 1
    outer loop
      vertex 17.4247 12.5848 7
      vertex 16.2202 13.9224 7
      vertex 17.1603 12.3707 7
    endloop
  endfacet
  facet normal -0 0 1
    outer loop
      vertex 16.1023 13.8269 7
      vertex 17.1603 12.3707 7
      vertex 16.2202 13.9224 7
    endloop
  endfacet
  facet normal 0 0 1
    outer loop
      vertex 17.1603 12.3707 7
      vertex 16.1023 13.8269 7
      vertex 16.875 12.1854 7
    endloop
  endfacet
  facet normal -0 0 1
    outer loop
      vertex 15.975 13.7443 7
      vertex 16.875 12.1854 7
      vertex 16.1023 13.8269 7
    endloop
  endfacet
  facet normal 0 0 1
    outer loop
      vertex 16.875 12.1854 7
      vertex 15.975 13.7443 7
      vertex 16.5719 12.031 7
    endloop
  endfacet
  facet normal -0 0 1
    outer loop
      vertex 15.8398 13.6754 7
      vertex 16.5719 12.031 7
      vertex 15.975 13.7443 7
    endloop
  endfacet
  facet normal 0 0 1
    outer loop
      vertex 16.5719 12.031 7
      vertex 15.8398 13.6754 7
      vertex 16.2543 11.9091 7
    endloop
  endfacet
  facet normal -0 0 1
    outer loop
      vertex 15.6981 13.621 7
      vertex 16.2543 11.9091 7
      vertex 15.8398 13.6754 7
    endloop
  endfacet
  facet normal 0 0 1
    outer loop
      vertex 16.2543 11.9091 7
      vertex 15.6981 13.621 7
      vertex 15.9257 11.821 7
    endloop
  endfacet
  facet normal -0 0 1
    outer loop
      vertex 15.5515 13.5817 7
      vertex 15.9257 11.821 7
      vertex 15.6981 13.621 7
    endloop
  endfacet
  facet normal 0 0 1
    outer loop
      vertex 15.9257 11.821 7
      vertex 15.5515 13.5817 7
      vertex 15.5897 11.7678 7
    endloop
  endfacet
  facet normal -0 0 1
    outer loop
      vertex 15.4016 13.5579 7
      vertex 15.5897 11.7678 7
      vertex 15.5515 13.5817 7
    endloop
  endfacet
  facet normal -0 0 1
    outer loop
      vertex 15.25 13.55 7
      vertex 15.5897 11.7678 7
      vertex 15.4016 13.5579 7
    endloop
  endfacet
  facet normal 0 0 1
    outer loop
      vertex 15.25 13.55 7
      vertex 15.25 11.75 7
      vertex 15.5897 11.7678 7
    endloop
  endfacet
  facet normal 0 0 1
    outer loop
      vertex 15.0984 13.5579 7
      vertex 15.25 11.75 7
      vertex 15.25 13.55 7
    endloop
  endfacet
  facet normal 0 0 1
    outer loop
      vertex 14.9103 11.7678 7
      vertex 15.0984 13.5579 7
      vertex 14.9485 13.5817 7
    endloop
  endfacet
  facet normal 0 0 1
    outer loop
      vertex 15.0984 13.5579 7
      vertex 14.9103 11.7678 7
      vertex 15.25 11.75 7
    endloop
  endfacet
  facet normal 0 0 1
    outer loop
      vertex 14.5743 11.821 7
      vertex 14.9485 13.5817 7
      vertex 14.8019 13.621 7
    endloop
  endfacet
  facet normal 0 0 1
    outer loop
      vertex 14.2457 11.9091 7
      vertex 14.8019 13.621 7
      vertex 14.6602 13.6754 7
    endloop
  endfacet
  facet normal 0 0 1
    outer loop
      vertex 14.9485 13.5817 7
      vertex 14.5743 11.821 7
      vertex 14.9103 11.7678 7
    endloop
  endfacet
  facet normal 0 0 1
    outer loop
      vertex 13.9281 12.031 7
      vertex 14.6602 13.6754 7
      vertex 14.525 13.7443 7
    endloop
  endfacet
  facet normal 0 0 1
    outer loop
      vertex 13.625 12.1854 7
      vertex 14.525 13.7443 7
      vertex 14.3977 13.8269 7
    endloop
  endfacet
  facet normal 0 0 1
    outer loop
      vertex 13.3397 12.3707 7
      vertex 14.3977 13.8269 7
      vertex 14.2798 13.9224 7
    endloop
  endfacet
  facet normal 0 0 1
    outer loop
      vertex 14.8019 13.621 7
      vertex 14.2457 11.9091 7
      vertex 14.5743 11.821 7
    endloop
  endfacet
  facet normal 0 0 1
    outer loop
      vertex 13.0753 12.5848 7
      vertex 14.2798 13.9224 7
      vertex 14.1724 14.0298 7
    endloop
  endfacet
  facet normal 0 0 1
    outer loop
      vertex 12.8348 12.8253 7
      vertex 14.1724 14.0298 7
      vertex 14.0769 14.1477 7
    endloop
  endfacet
  facet normal 0 0 1
    outer loop
      vertex 12.6207 13.0897 7
      vertex 14.0769 14.1477 7
      vertex 13.9943 14.275 7
    endloop
  endfacet
  facet normal 0 0 1
    outer loop
      vertex 14.6602 13.6754 7
      vertex 13.9281 12.031 7
      vertex 14.2457 11.9091 7
    endloop
  endfacet
  facet normal 0 0 1
    outer loop
      vertex 12.4354 13.375 7
      vertex 13.9943 14.275 7
      vertex 13.9254 14.4102 7
    endloop
  endfacet
  facet normal 0 0 1
    outer loop
      vertex 12.281 13.6781 7
      vertex 13.9254 14.4102 7
      vertex 13.871 14.5519 7
    endloop
  endfacet
  facet normal 0 0 1
    outer loop
      vertex 12.1591 13.9957 7
      vertex 13.871 14.5519 7
      vertex 13.8317 14.6985 7
    endloop
  endfacet
  facet normal 0 0 1
    outer loop
      vertex 12.071 14.3243 7
      vertex 13.8317 14.6985 7
      vertex 13.8079 14.8484 7
    endloop
  endfacet
  facet normal 0 0 1
    outer loop
      vertex 12.0178 14.6603 7
      vertex 13.8079 14.8484 7
      vertex 13.8 15 7
    endloop
  endfacet
  facet normal 0 0 1
    outer loop
      vertex 13.9943 15.725 7
      vertex 12.4354 16.625 7
      vertex 13.9254 15.5898 7
    endloop
  endfacet
  facet normal 0 0 1
    outer loop
      vertex 14.525 13.7443 7
      vertex 13.625 12.1854 7
      vertex 13.9281 12.031 7
    endloop
  endfacet
  facet normal -0 0 1
    outer loop
      vertex 12.281 16.3219 7
      vertex 13.9254 15.5898 7
      vertex 12.4354 16.625 7
    endloop
  endfacet
  facet normal 0 0 1
    outer loop
      vertex 14.3977 13.8269 7
      vertex 13.3397 12.3707 7
      vertex 13.625 12.1854 7
    endloop
  endfacet
  facet normal 0 0 1
    outer loop
      vertex 13.9254 15.5898 7
      vertex 12.281 16.3219 7
      vertex 13.871 15.4481 7
    endloop
  endfacet
  facet normal 0 0 1
    outer loop
      vertex 14.2798 13.9224 7
      vertex 13.0753 12.5848 7
      vertex 13.3397 12.3707 7
    endloop
  endfacet
  facet normal -0 0 1
    outer loop
      vertex 12.1591 16.0043 7
      vertex 13.871 15.4481 7
      vertex 12.281 16.3219 7
    endloop
  endfacet
  facet normal 0 0 1
    outer loop
      vertex 14.1724 14.0298 7
      vertex 12.8348 12.8253 7
      vertex 13.0753 12.5848 7
    endloop
  endfacet
  facet normal 0 0 1
    outer loop
      vertex 13.871 15.4481 7
      vertex 12.1591 16.0043 7
      vertex 13.8317 15.3015 7
    endloop
  endfacet
  facet normal 0 0 1
    outer loop
      vertex 14.0769 14.1477 7
      vertex 12.6207 13.0897 7
      vertex 12.8348 12.8253 7
    endloop
  endfacet
  facet normal -0 0 1
    outer loop
      vertex 12.071 15.6757 7
      vertex 13.8317 15.3015 7
      vertex 12.1591 16.0043 7
    endloop
  endfacet
  facet normal 0 0 1
    outer loop
      vertex 13.9943 14.275 7
      vertex 12.4354 13.375 7
      vertex 12.6207 13.0897 7
    endloop
  endfacet
  facet normal 0 0 1
    outer loop
      vertex 13.8317 15.3015 7
      vertex 12.071 15.6757 7
      vertex 13.8079 15.1516 7
    endloop
  endfacet
  facet normal 0 0 1
    outer loop
      vertex 13.9254 14.4102 7
      vertex 12.281 13.6781 7
      vertex 12.4354 13.375 7
    endloop
  endfacet
  facet normal -0 0 1
    outer loop
      vertex 12.0178 15.3397 7
      vertex 13.8079 15.1516 7
      vertex 12.071 15.6757 7
    endloop
  endfacet
  facet normal 0 0 1
    outer loop
      vertex 13.871 14.5519 7
      vertex 12.1591 13.9957 7
      vertex 12.281 13.6781 7
    endloop
  endfacet
  facet normal 0 0 1
    outer loop
      vertex 13.8079 15.1516 7
      vertex 12.0178 15.3397 7
      vertex 13.8 15 7
    endloop
  endfacet
  facet normal 0 0 1
    outer loop
      vertex 13.8317 14.6985 7
      vertex 12.071 14.3243 7
      vertex 12.1591 13.9957 7
    endloop
  endfacet
  facet normal 0 0 1
    outer loop
      vertex 12 15 7
      vertex 13.8 15 7
      vertex 12.0178 15.3397 7
    endloop
  endfacet
  facet normal 0 0 1
    outer loop
      vertex 13.8079 14.8484 7
      vertex 12.0178 14.6603 7
      vertex 12.071 14.3243 7
    endloop
  endfacet
  facet normal 0 0 1
    outer loop
      vertex 13.8 15 7
      vertex 12 15 7
      vertex 12.0178 14.6603 7
    endloop
  endfacet
  facet normal -0.358329 -0.933595 0
    outer loop
      vertex 13.9281 12.031 2
      vertex 14.2457 11.9091 7
      vertex 13.9281 12.031 7
    endloop
  endfacet
  facet normal -0.358329 -0.933595 -0
    outer loop
      vertex 14.2457 11.9091 7
      vertex 13.9281 12.031 2
      vertex 14.2457 11.9091 2
    endloop
  endfacet
  facet normal -0.629308 -0.777156 0
    outer loop
      vertex 13.0753 12.5848 2
      vertex 13.3397 12.3707 7
      vertex 13.0753 12.5848 7
    endloop
  endfacet
  facet normal -0.629308 -0.777156 -0
    outer loop
      vertex 13.3397 12.3707 7
      vertex 13.0753 12.5848 2
      vertex 13.3397 12.3707 2
    endloop
  endfacet
  facet normal -0.987696 -0.156385 0
    outer loop
      vertex 12.071 14.3243 2
      vertex 12.0178 14.6603 7
      vertex 12.0178 14.6603 2
    endloop
  endfacet
  facet normal -0.987696 -0.156385 0
    outer loop
      vertex 12.0178 14.6603 7
      vertex 12.071 14.3243 2
      vertex 12.071 14.3243 7
    endloop
  endfacet
  facet normal -0.965888 0.258961 0
    outer loop
      vertex 12.071 15.6757 2
      vertex 12.1591 16.0043 7
      vertex 12.1591 16.0043 2
    endloop
  endfacet
  facet normal -0.965888 0.258961 0
    outer loop
      vertex 12.1591 16.0043 7
      vertex 12.071 15.6757 2
      vertex 12.071 15.6757 7
    endloop
  endfacet
  facet normal -0.707107 -0.707107 0
    outer loop
      vertex 13.0753 12.5848 2
      vertex 12.8348 12.8253 7
      vertex 12.8348 12.8253 2
    endloop
  endfacet
  facet normal -0.707107 -0.707107 0
    outer loop
      vertex 12.8348 12.8253 7
      vertex 13.0753 12.5848 2
      vertex 13.0753 12.5848 7
    endloop
  endfacet
  facet normal -0.777156 0.629308 0
    outer loop
      vertex 12.6207 16.9103 2
      vertex 12.8348 17.1747 7
      vertex 12.8348 17.1747 2
    endloop
  endfacet
  facet normal -0.777156 0.629308 0
    outer loop
      vertex 12.8348 17.1747 7
      vertex 12.6207 16.9103 2
      vertex 12.6207 16.9103 7
    endloop
  endfacet
  facet normal -0.0523274 0.99863 0
    outer loop
      vertex 15.25 18.25 2
      vertex 14.9103 18.2322 7
      vertex 15.25 18.25 7
    endloop
  endfacet
  facet normal -0.0523274 0.99863 0
    outer loop
      vertex 14.9103 18.2322 7
      vertex 15.25 18.25 2
      vertex 14.9103 18.2322 2
    endloop
  endfacet
  facet normal 0.258961 0.965888 -0
    outer loop
      vertex 16.2543 18.0909 2
      vertex 15.9257 18.179 7
      vertex 16.2543 18.0909 7
    endloop
  endfacet
  facet normal 0.258961 0.965888 0
    outer loop
      vertex 15.9257 18.179 7
      vertex 16.2543 18.0909 2
      vertex 15.9257 18.179 2
    endloop
  endfacet
  facet normal -0.99863 0.0523274 0
    outer loop
      vertex 12 15 2
      vertex 12.0178 15.3397 7
      vertex 12.0178 15.3397 2
    endloop
  endfacet
  facet normal -0.99863 0.0523274 0
    outer loop
      vertex 12.0178 15.3397 7
      vertex 12 15 2
      vertex 12 15 7
    endloop
  endfacet
  facet normal -0.99863 -0.0523274 0
    outer loop
      vertex 12.0178 14.6603 2
      vertex 12 15 7
      vertex 12 15 2
    endloop
  endfacet
  facet normal -0.99863 -0.0523274 0
    outer loop
      vertex 12 15 7
      vertex 12.0178 14.6603 2
      vertex 12.0178 14.6603 7
    endloop
  endfacet
  facet normal -0.258961 -0.965888 0
    outer loop
      vertex 14.2457 11.9091 2
      vertex 14.5743 11.821 7
      vertex 14.2457 11.9091 7
    endloop
  endfacet
  facet normal -0.258961 -0.965888 -0
    outer loop
      vertex 14.5743 11.821 7
      vertex 14.2457 11.9091 2
      vertex 14.5743 11.821 2
    endloop
  endfacet
  facet normal -0.453904 -0.891051 0
    outer loop
      vertex 13.625 12.1854 2
      vertex 13.9281 12.031 7
      vertex 13.625 12.1854 7
    endloop
  endfacet
  facet normal -0.453904 -0.891051 -0
    outer loop
      vertex 13.9281 12.031 7
      vertex 13.625 12.1854 2
      vertex 13.9281 12.031 2
    endloop
  endfacet
  facet normal 1 -0 0
    outer loop
      vertex 20.25 -20 2
      vertex 20.25 20 0
      vertex 20.25 20 2
    endloop
  endfacet
  facet normal 1 0 0
    outer loop
      vertex 20.25 20 0
      vertex 20.25 -20 2
      vertex 20.25 -20 0
    endloop
  endfacet
  facet normal -0 0 1
    outer loop
      vertex -12.1591 13.9957 2
      vertex -11 10.75 2
      vertex -12.071 14.3243 2
    endloop
  endfacet
  facet normal 0 0 1
    outer loop
      vertex -11 -10.75 2
      vertex -12.0178 -14.6603 2
      vertex -12 -15 2
    endloop
  endfacet
  facet normal -0 0 1
    outer loop
      vertex -12.281 13.6781 2
      vertex -11 10.75 2
      vertex -12.1591 13.9957 2
    endloop
  endfacet
  facet normal 0 0 1
    outer loop
      vertex -11 -10.75 2
      vertex -12.071 -14.3243 2
      vertex -12.0178 -14.6603 2
    endloop
  endfacet
  facet normal -0 0 1
    outer loop
      vertex -12.4354 13.375 2
      vertex -11 10.75 2
      vertex -12.281 13.6781 2
    endloop
  endfacet
  facet normal 0 0 1
    outer loop
      vertex -11 -10.75 2
      vertex -12.1591 -13.9957 2
      vertex -12.071 -14.3243 2
    endloop
  endfacet
  facet normal -0 0 1
    outer loop
      vertex -12.6207 13.0897 2
      vertex -11 10.75 2
      vertex -12.4354 13.375 2
    endloop
  endfacet
  facet normal 0 0 1
    outer loop
      vertex -11 -10.75 2
      vertex -12.281 -13.6781 2
      vertex -12.1591 -13.9957 2
    endloop
  endfacet
  facet normal -0 0 1
    outer loop
      vertex -12.8348 12.8253 2
      vertex -11 10.75 2
      vertex -12.6207 13.0897 2
    endloop
  endfacet
  facet normal 0 0 1
    outer loop
      vertex -11 -10.75 2
      vertex -12.4354 -13.375 2
      vertex -12.281 -13.6781 2
    endloop
  endfacet
  facet normal -0 0 1
    outer loop
      vertex -13.0753 12.5848 2
      vertex -11 10.75 2
      vertex -12.8348 12.8253 2
    endloop
  endfacet
  facet normal 0 0 1
    outer loop
      vertex -11 -10.75 2
      vertex -12.6207 -13.0897 2
      vertex -12.4354 -13.375 2
    endloop
  endfacet
  facet normal -0 0 1
    outer loop
      vertex -13.3397 12.3707 2
      vertex -11 10.75 2
      vertex -13.0753 12.5848 2
    endloop
  endfacet
  facet normal 0 0 1
    outer loop
      vertex -11 -10.75 2
      vertex -12.8348 -12.8253 2
      vertex -12.6207 -13.0897 2
    endloop
  endfacet
  facet normal -0 0 1
    outer loop
      vertex -13.625 12.1854 2
      vertex -11 10.75 2
      vertex -13.3397 12.3707 2
    endloop
  endfacet
  facet normal 0 0 1
    outer loop
      vertex -11 -10.75 2
      vertex -13.0753 -12.5848 2
      vertex -12.8348 -12.8253 2
    endloop
  endfacet
  facet normal -0 0 1
    outer loop
      vertex -13.9281 12.031 2
      vertex -11 10.75 2
      vertex -13.625 12.1854 2
    endloop
  endfacet
  facet normal 0 0 1
    outer loop
      vertex -11 -10.75 2
      vertex -13.3397 -12.3707 2
      vertex -13.0753 -12.5848 2
    endloop
  endfacet
  facet normal -0 0 1
    outer loop
      vertex -14.2457 11.9091 2
      vertex -11 10.75 2
      vertex -13.9281 12.031 2
    endloop
  endfacet
  facet normal 0 0 1
    outer loop
      vertex -11 -10.75 2
      vertex -13.625 -12.1854 2
      vertex -13.3397 -12.3707 2
    endloop
  endfacet
  facet normal -0 0 1
    outer loop
      vertex -14.5743 11.821 2
      vertex -11 10.75 2
      vertex -14.2457 11.9091 2
    endloop
  endfacet
  facet normal 0 0 1
    outer loop
      vertex -11 -10.75 2
      vertex -13.9281 -12.031 2
      vertex -13.625 -12.1854 2
    endloop
  endfacet
  facet normal -0 0 1
    outer loop
      vertex -14.9103 11.7678 2
      vertex -11 10.75 2
      vertex -14.5743 11.821 2
    endloop
  endfacet
  facet normal 0 0 1
    outer loop
      vertex -11 -10.75 2
      vertex -14.2457 -11.9091 2
      vertex -13.9281 -12.031 2
    endloop
  endfacet
  facet normal -0 0 1
    outer loop
      vertex -15.25 11.75 2
      vertex -11 10.75 2
      vertex -14.9103 11.7678 2
    endloop
  endfacet
  facet normal 0 0 1
    outer loop
      vertex -11 -10.75 2
      vertex -14.5743 -11.821 2
      vertex -14.2457 -11.9091 2
    endloop
  endfacet
  facet normal 0 0 1
    outer loop
      vertex -11 10.75 2
      vertex -15.25 11.75 2
      vertex -11 -10.75 2
    endloop
  endfacet
  facet normal 0 0 1
    outer loop
      vertex -11 -10.75 2
      vertex -14.9103 -11.7678 2
      vertex -14.5743 -11.821 2
    endloop
  endfacet
  facet normal 0 0 1
    outer loop
      vertex -15.25 -11.75 2
      vertex -11 -10.75 2
      vertex -15.25 11.75 2
    endloop
  endfacet
  facet normal 0 0 1
    outer loop
      vertex -11 -10.75 2
      vertex -15.25 -11.75 2
      vertex -14.9103 -11.7678 2
    endloop
  endfacet
  facet normal 0 0 1
    outer loop
      vertex -15.5897 11.7678 2
      vertex -15.25 -11.75 2
      vertex -15.25 11.75 2
    endloop
  endfacet
  facet normal 0 0 1
    outer loop
      vertex -15.5897 11.7678 2
      vertex -15.5897 -11.7678 2
      vertex -15.25 -11.75 2
    endloop
  endfacet
  facet normal 0 0 1
    outer loop
      vertex -15.9257 11.821 2
      vertex -15.5897 -11.7678 2
      vertex -15.5897 11.7678 2
    endloop
  endfacet
  facet normal 0 0 1
    outer loop
      vertex -15.9257 11.821 2
      vertex -15.9257 -11.821 2
      vertex -15.5897 -11.7678 2
    endloop
  endfacet
  facet normal 0 0 1
    outer loop
      vertex -16.2543 11.9091 2
      vertex -15.9257 -11.821 2
      vertex -15.9257 11.821 2
    endloop
  endfacet
  facet normal 0 0 1
    outer loop
      vertex -16.2543 11.9091 2
      vertex -16.2543 -11.9091 2
      vertex -15.9257 -11.821 2
    endloop
  endfacet
  facet normal 0 0 1
    outer loop
      vertex -16.5719 12.031 2
      vertex -16.2543 -11.9091 2
      vertex -16.2543 11.9091 2
    endloop
  endfacet
  facet normal 0 0 1
    outer loop
      vertex -16.5719 12.031 2
      vertex -16.5719 -12.031 2
      vertex -16.2543 -11.9091 2
    endloop
  endfacet
  facet normal 0 0 1
    outer loop
      vertex -16.875 12.1854 2
      vertex -16.5719 -12.031 2
      vertex -16.5719 12.031 2
    endloop
  endfacet
  facet normal 0 0 1
    outer loop
      vertex -16.875 12.1854 2
      vertex -16.875 -12.1854 2
      vertex -16.5719 -12.031 2
    endloop
  endfacet
  facet normal 0 0 1
    outer loop
      vertex -17.1603 12.3707 2
      vertex -16.875 -12.1854 2
      vertex -16.875 12.1854 2
    endloop
  endfacet
  facet normal 0 0 1
    outer loop
      vertex -17.1603 12.3707 2
      vertex -17.1603 -12.3707 2
      vertex -16.875 -12.1854 2
    endloop
  endfacet
  facet normal 0 0 1
    outer loop
      vertex -17.4247 12.5848 2
      vertex -17.1603 -12.3707 2
      vertex -17.1603 12.3707 2
    endloop
  endfacet
  facet normal 0 0 1
    outer loop
      vertex -17.4247 12.5848 2
      vertex -17.4247 -12.5848 2
      vertex -17.1603 -12.3707 2
    endloop
  endfacet
  facet normal 0 0 1
    outer loop
      vertex -17.6652 12.8253 2
      vertex -17.4247 -12.5848 2
      vertex -17.4247 12.5848 2
    endloop
  endfacet
  facet normal 0 0 1
    outer loop
      vertex -17.6652 12.8253 2
      vertex -17.6652 -12.8253 2
      vertex -17.4247 -12.5848 2
    endloop
  endfacet
  facet normal 0 0 1
    outer loop
      vertex -17.8793 13.0897 2
      vertex -17.6652 -12.8253 2
      vertex -17.6652 12.8253 2
    endloop
  endfacet
  facet normal 0 0 1
    outer loop
      vertex -17.8793 13.0897 2
      vertex -17.8793 -13.0897 2
      vertex -17.6652 -12.8253 2
    endloop
  endfacet
  facet normal 0 0 1
    outer loop
      vertex -18.0646 13.375 2
      vertex -17.8793 -13.0897 2
      vertex -17.8793 13.0897 2
    endloop
  endfacet
  facet normal 0 0 1
    outer loop
      vertex -18.0646 13.375 2
      vertex -18.0646 -13.375 2
      vertex -17.8793 -13.0897 2
    endloop
  endfacet
  facet normal 0 0 1
    outer loop
      vertex -18.219 13.6781 2
      vertex -18.0646 -13.375 2
      vertex -18.0646 13.375 2
    endloop
  endfacet
  facet normal 0 0 1
    outer loop
      vertex -18.219 13.6781 2
      vertex -18.219 -13.6781 2
      vertex -18.0646 -13.375 2
    endloop
  endfacet
  facet normal 0 0 1
    outer loop
      vertex -18.3409 13.9957 2
      vertex -18.219 -13.6781 2
      vertex -18.219 13.6781 2
    endloop
  endfacet
  facet normal 0 0 1
    outer loop
      vertex -18.3409 13.9957 2
      vertex -18.3409 -13.9957 2
      vertex -18.219 -13.6781 2
    endloop
  endfacet
  facet normal 0 0 1
    outer loop
      vertex -18.429 14.3243 2
      vertex -18.3409 -13.9957 2
      vertex -18.3409 13.9957 2
    endloop
  endfacet
  facet normal 0 0 1
    outer loop
      vertex -18.429 14.3243 2
      vertex -18.429 -14.3243 2
      vertex -18.3409 -13.9957 2
    endloop
  endfacet
  facet normal 0 0 1
    outer loop
      vertex -20.25 20 2
      vertex -18.429 14.3243 2
      vertex -18.4822 14.6603 2
    endloop
  endfacet
  facet normal 0 0 1
    outer loop
      vertex -18.429 14.3243 2
      vertex -20.25 20 2
      vertex -18.429 -14.3243 2
    endloop
  endfacet
  facet normal 0 0 1
    outer loop
      vertex -20.25 20 2
      vertex -18.4822 14.6603 2
      vertex -18.5 15 2
    endloop
  endfacet
  facet normal 0 0 1
    outer loop
      vertex -20.25 -20 2
      vertex -18.429 -14.3243 2
      vertex -20.25 20 2
    endloop
  endfacet
  facet normal 0 0 1
    outer loop
      vertex 12 -15 2
      vertex 7.69069 -14.8223 2
      vertex 7.7 -15 2
    endloop
  endfacet
  facet normal 0 0 1
    outer loop
      vertex 12.1591 -13.9957 2
      vertex 7.66285 -14.6465 2
      vertex 7.69069 -14.8223 2
    endloop
  endfacet
  facet normal 0 0 1
    outer loop
      vertex 12.1591 -13.9957 2
      vertex 7.6168 -14.4747 2
      vertex 7.66285 -14.6465 2
    endloop
  endfacet
  facet normal 0 0 1
    outer loop
      vertex 12.1591 -13.9957 2
      vertex 7.55303 -14.3085 2
      vertex 7.6168 -14.4747 2
    endloop
  endfacet
  facet normal 0 0 1
    outer loop
      vertex 12.1591 -13.9957 2
      vertex 7.47224 -14.15 2
      vertex 7.55303 -14.3085 2
    endloop
  endfacet
  facet normal 0 0 1
    outer loop
      vertex 11 -10.75 2
      vertex 7.37533 -14.0008 2
      vertex 7.47224 -14.15 2
    endloop
  endfacet
  facet normal 0 0 1
    outer loop
      vertex 11 -10.75 2
      vertex 7.26335 -13.8625 2
      vertex 7.37533 -14.0008 2
    endloop
  endfacet
  facet normal 0 0 1
    outer loop
      vertex 11 -10.75 2
      vertex 7.13752 -13.7367 2
      vertex 7.26335 -13.8625 2
    endloop
  endfacet
  facet normal 0 0 1
    outer loop
      vertex 11 -10.75 2
      vertex 6.99923 -13.6247 2
      vertex 7.13752 -13.7367 2
    endloop
  endfacet
  facet normal 0 0 1
    outer loop
      vertex 11 -10.75 2
      vertex 6.85 -13.5278 2
      vertex 6.99923 -13.6247 2
    endloop
  endfacet
  facet normal 0 0 1
    outer loop
      vertex 11 -10.75 2
      vertex 6.69145 -13.447 2
      vertex 6.85 -13.5278 2
    endloop
  endfacet
  facet normal 0 0 1
    outer loop
      vertex 11 -10.75 2
      vertex 6.52533 -13.3832 2
      vertex 6.69145 -13.447 2
    endloop
  endfacet
  facet normal 0 0 1
    outer loop
      vertex 11 -10.75 2
      vertex 6.35345 -13.3371 2
      vertex 6.52533 -13.3832 2
    endloop
  endfacet
  facet normal 0 0 1
    outer loop
      vertex 11 -10.75 2
      vertex 6.1777 -13.3093 2
      vertex 6.35345 -13.3371 2
    endloop
  endfacet
  facet normal 0 0 1
    outer loop
      vertex 11 -10.75 2
      vertex 6 -13.3 2
      vertex 6.1777 -13.3093 2
    endloop
  endfacet
  facet normal 0 0 1
    outer loop
      vertex 11 -10.75 2
      vertex 5.8223 -13.3093 2
      vertex 6 -13.3 2
    endloop
  endfacet
  facet normal 0 0 1
    outer loop
      vertex 11 -10.75 2
      vertex 5.64655 -13.3371 2
      vertex 5.8223 -13.3093 2
    endloop
  endfacet
  facet normal 0 0 1
    outer loop
      vertex 11 -10.75 2
      vertex 5.47467 -13.3832 2
      vertex 5.64655 -13.3371 2
    endloop
  endfacet
  facet normal 0 0 1
    outer loop
      vertex -5.47467 -13.3832 2
      vertex 5.47467 -13.3832 2
      vertex 11 -10.75 2
    endloop
  endfacet
  facet normal 0 0 1
    outer loop
      vertex 4.30931 -14.8223 2
      vertex -4.3 -15 2
      vertex 4.3 -15 2
    endloop
  endfacet
  facet normal 0 0 1
    outer loop
      vertex -4.30931 -14.8223 2
      vertex 4.30931 -14.8223 2
      vertex 4.33715 -14.6465 2
    endloop
  endfacet
  facet normal 0 0 1
    outer loop
      vertex -4.33715 -14.6465 2
      vertex 4.33715 -14.6465 2
      vertex 4.3832 -14.4747 2
    endloop
  endfacet
  facet normal 0 0 1
    outer loop
      vertex -4.3832 -14.4747 2
      vertex 4.3832 -14.4747 2
      vertex 4.44697 -14.3085 2
    endloop
  endfacet
  facet normal 0 0 1
    outer loop
      vertex -4.44697 -14.3085 2
      vertex 4.44697 -14.3085 2
      vertex 4.52776 -14.15 2
    endloop
  endfacet
  facet normal 0 0 1
    outer loop
      vertex -4.52776 -14.15 2
      vertex 4.52776 -14.15 2
      vertex 4.62467 -14.0008 2
    endloop
  endfacet
  facet normal 0 0 1
    outer loop
      vertex -4.62467 -14.0008 2
      vertex 4.62467 -14.0008 2
      vertex 4.73665 -13.8625 2
    endloop
  endfacet
  facet normal 0 0 1
    outer loop
      vertex -4.73665 -13.8625 2
      vertex 4.73665 -13.8625 2
      vertex 4.86248 -13.7367 2
    endloop
  endfacet
  facet normal 0 0 1
    outer loop
      vertex -4.86248 -13.7367 2
      vertex 4.86248 -13.7367 2
      vertex 5.00076 -13.6247 2
    endloop
  endfacet
  facet normal 0 0 1
    outer loop
      vertex -5.00076 -13.6247 2
      vertex 5.00076 -13.6247 2
      vertex 5.15 -13.5278 2
    endloop
  endfacet
  facet normal 0 0 1
    outer loop
      vertex -5.15 -13.5278 2
      vertex 5.15 -13.5278 2
      vertex 5.30855 -13.447 2
    endloop
  endfacet
  facet normal 0 0 1
    outer loop
      vertex 5.47467 -13.3832 2
      vertex -5.47467 -13.3832 2
      vertex 5.30855 -13.447 2
    endloop
  endfacet
  facet normal 0 0 1
    outer loop
      vertex 4.30931 -14.8223 2
      vertex -4.30931 -14.8223 2
      vertex -4.3 -15 2
    endloop
  endfacet
  facet normal 0 0 1
    outer loop
      vertex 4.33715 -14.6465 2
      vertex -4.33715 -14.6465 2
      vertex -4.30931 -14.8223 2
    endloop
  endfacet
  facet normal 0 0 1
    outer loop
      vertex 4.3832 -14.4747 2
      vertex -4.3832 -14.4747 2
      vertex -4.33715 -14.6465 2
    endloop
  endfacet
  facet normal 0 0 1
    outer loop
      vertex 4.44697 -14.3085 2
      vertex -4.44697 -14.3085 2
      vertex -4.3832 -14.4747 2
    endloop
  endfacet
  facet normal 0 0 1
    outer loop
      vertex 4.52776 -14.15 2
      vertex -4.52776 -14.15 2
      vertex -4.44697 -14.3085 2
    endloop
  endfacet
  facet normal 0 0 1
    outer loop
      vertex 4.62467 -14.0008 2
      vertex -4.62467 -14.0008 2
      vertex -4.52776 -14.15 2
    endloop
  endfacet
  facet normal 0 0 1
    outer loop
      vertex 4.73665 -13.8625 2
      vertex -4.73665 -13.8625 2
      vertex -4.62467 -14.0008 2
    endloop
  endfacet
  facet normal 0 0 1
    outer loop
      vertex 4.86248 -13.7367 2
      vertex -4.86248 -13.7367 2
      vertex -4.73665 -13.8625 2
    endloop
  endfacet
  facet normal 0 0 1
    outer loop
      vertex 5.00076 -13.6247 2
      vertex -5.00076 -13.6247 2
      vertex -4.86248 -13.7367 2
    endloop
  endfacet
  facet normal 0 0 1
    outer loop
      vertex 5.15 -13.5278 2
      vertex -5.15 -13.5278 2
      vertex -5.00076 -13.6247 2
    endloop
  endfacet
  facet normal 0 0 1
    outer loop
      vertex 5.30855 -13.447 2
      vertex -5.30855 -13.447 2
      vertex -5.15 -13.5278 2
    endloop
  endfacet
  facet normal 0 0 1
    outer loop
      vertex 5.30855 -13.447 2
      vertex -5.47467 -13.3832 2
      vertex -5.30855 -13.447 2
    endloop
  endfacet
  facet normal -0 0 1
    outer loop
      vertex -11 -10.75 2
      vertex -5.47467 -13.3832 2
      vertex 11 -10.75 2
    endloop
  endfacet
  facet normal 0 0 1
    outer loop
      vertex -5.47467 -13.3832 2
      vertex -11 -10.75 2
      vertex -5.64655 -13.3371 2
    endloop
  endfacet
  facet normal 0 0 1
    outer loop
      vertex -5.64655 -13.3371 2
      vertex -11 -10.75 2
      vertex -5.8223 -13.3093 2
    endloop
  endfacet
  facet normal 0 0 1
    outer loop
      vertex -5.8223 -13.3093 2
      vertex -11 -10.75 2
      vertex -6 -13.3 2
    endloop
  endfacet
  facet normal 0 0 1
    outer loop
      vertex -7.66285 -14.6465 2
      vertex -12 -15 2
      vertex -7.69069 -14.8223 2
    endloop
  endfacet
  facet normal 0 0 1
    outer loop
      vertex -7.6168 -14.4747 2
      vertex -12 -15 2
      vertex -7.66285 -14.6465 2
    endloop
  endfacet
  facet normal 0 0 1
    outer loop
      vertex -7.55303 -14.3085 2
      vertex -12 -15 2
      vertex -7.6168 -14.4747 2
    endloop
  endfacet
  facet normal 0 0 1
    outer loop
      vertex -12 -15 2
      vertex -7.55303 -14.3085 2
      vertex -11 -10.75 2
    endloop
  endfacet
  facet normal 0 0 1
    outer loop
      vertex -7.47224 -14.15 2
      vertex -11 -10.75 2
      vertex -7.55303 -14.3085 2
    endloop
  endfacet
  facet normal 0 0 1
    outer loop
      vertex -7.37533 -14.0008 2
      vertex -11 -10.75 2
      vertex -7.47224 -14.15 2
    endloop
  endfacet
  facet normal 0 0 1
    outer loop
      vertex -7.26335 -13.8625 2
      vertex -11 -10.75 2
      vertex -7.37533 -14.0008 2
    endloop
  endfacet
  facet normal 0 0 1
    outer loop
      vertex -7.13752 -13.7367 2
      vertex -11 -10.75 2
      vertex -7.26335 -13.8625 2
    endloop
  endfacet
  facet normal 0 0 1
    outer loop
      vertex -6.99923 -13.6247 2
      vertex -11 -10.75 2
      vertex -7.13752 -13.7367 2
    endloop
  endfacet
  facet normal 0 0 1
    outer loop
      vertex -6.85 -13.5278 2
      vertex -11 -10.75 2
      vertex -6.99923 -13.6247 2
    endloop
  endfacet
  facet normal 0 0 1
    outer loop
      vertex -6.69145 -13.447 2
      vertex -11 -10.75 2
      vertex -6.85 -13.5278 2
    endloop
  endfacet
  facet normal 0 0 1
    outer loop
      vertex -6.52533 -13.3832 2
      vertex -11 -10.75 2
      vertex -6.69145 -13.447 2
    endloop
  endfacet
  facet normal 0 0 1
    outer loop
      vertex -6.35345 -13.3371 2
      vertex -11 -10.75 2
      vertex -6.52533 -13.3832 2
    endloop
  endfacet
  facet normal 0 0 1
    outer loop
      vertex -6.1777 -13.3093 2
      vertex -11 -10.75 2
      vertex -6.35345 -13.3371 2
    endloop
  endfacet
  facet normal 0 0 1
    outer loop
      vertex -6 -13.3 2
      vertex -11 -10.75 2
      vertex -6.1777 -13.3093 2
    endloop
  endfacet
  facet normal 0 0 1
    outer loop
      vertex 20.25 20 2
      vertex 18.429 14.3243 2
      vertex 20.25 -20 2
    endloop
  endfacet
  facet normal 0 0 1
    outer loop
      vertex 20.25 -20 2
      vertex 18.4822 -14.6603 2
      vertex 18.5 -15 2
    endloop
  endfacet
  facet normal -0 0 1
    outer loop
      vertex 18.429 -14.3243 2
      vertex 20.25 -20 2
      vertex 18.429 14.3243 2
    endloop
  endfacet
  facet normal 0 0 1
    outer loop
      vertex 20.25 -20 2
      vertex 18.429 -14.3243 2
      vertex 18.4822 -14.6603 2
    endloop
  endfacet
  facet normal -0 0 1
    outer loop
      vertex 18.3409 13.9957 2
      vertex 18.429 -14.3243 2
      vertex 18.429 14.3243 2
    endloop
  endfacet
  facet normal 0 0 1
    outer loop
      vertex 18.3409 13.9957 2
      vertex 18.3409 -13.9957 2
      vertex 18.429 -14.3243 2
    endloop
  endfacet
  facet normal -0 0 1
    outer loop
      vertex 18.219 13.6781 2
      vertex 18.3409 -13.9957 2
      vertex 18.3409 13.9957 2
    endloop
  endfacet
  facet normal 0 0 1
    outer loop
      vertex 18.219 13.6781 2
      vertex 18.219 -13.6781 2
      vertex 18.3409 -13.9957 2
    endloop
  endfacet
  facet normal -0 0 1
    outer loop
      vertex 18.0646 13.375 2
      vertex 18.219 -13.6781 2
      vertex 18.219 13.6781 2
    endloop
  endfacet
  facet normal 0 0 1
    outer loop
      vertex 18.0646 13.375 2
      vertex 18.0646 -13.375 2
      vertex 18.219 -13.6781 2
    endloop
  endfacet
  facet normal -0 0 1
    outer loop
      vertex 17.8793 13.0897 2
      vertex 18.0646 -13.375 2
      vertex 18.0646 13.375 2
    endloop
  endfacet
  facet normal 0 0 1
    outer loop
      vertex 17.8793 13.0897 2
      vertex 17.8793 -13.0897 2
      vertex 18.0646 -13.375 2
    endloop
  endfacet
  facet normal -0 0 1
    outer loop
      vertex 17.6652 12.8253 2
      vertex 17.8793 -13.0897 2
      vertex 17.8793 13.0897 2
    endloop
  endfacet
  facet normal 0 0 1
    outer loop
      vertex 17.6652 12.8253 2
      vertex 17.6652 -12.8253 2
      vertex 17.8793 -13.0897 2
    endloop
  endfacet
  facet normal -0 0 1
    outer loop
      vertex 17.4247 12.5848 2
      vertex 17.6652 -12.8253 2
      vertex 17.6652 12.8253 2
    endloop
  endfacet
  facet normal 0 0 1
    outer loop
      vertex 17.4247 12.5848 2
      vertex 17.4247 -12.5848 2
      vertex 17.6652 -12.8253 2
    endloop
  endfacet
  facet normal -0 0 1
    outer loop
      vertex 17.1603 12.3707 2
      vertex 17.4247 -12.5848 2
      vertex 17.4247 12.5848 2
    endloop
  endfacet
  facet normal 0 0 1
    outer loop
      vertex 17.1603 12.3707 2
      vertex 17.1603 -12.3707 2
      vertex 17.4247 -12.5848 2
    endloop
  endfacet
  facet normal -0 0 1
    outer loop
      vertex 16.875 12.1854 2
      vertex 17.1603 -12.3707 2
      vertex 17.1603 12.3707 2
    endloop
  endfacet
  facet normal 0 0 1
    outer loop
      vertex 16.875 12.1854 2
      vertex 16.875 -12.1854 2
      vertex 17.1603 -12.3707 2
    endloop
  endfacet
  facet normal -0 0 1
    outer loop
      vertex 16.5719 12.031 2
      vertex 16.875 -12.1854 2
      vertex 16.875 12.1854 2
    endloop
  endfacet
  facet normal 0 0 1
    outer loop
      vertex 16.5719 12.031 2
      vertex 16.5719 -12.031 2
      vertex 16.875 -12.1854 2
    endloop
  endfacet
  facet normal -0 0 1
    outer loop
      vertex 16.2543 11.9091 2
      vertex 16.5719 -12.031 2
      vertex 16.5719 12.031 2
    endloop
  endfacet
  facet normal 0 0 1
    outer loop
      vertex 16.2543 11.9091 2
      vertex 16.2543 -11.9091 2
      vertex 16.5719 -12.031 2
    endloop
  endfacet
  facet normal -0 0 1
    outer loop
      vertex 15.9257 11.821 2
      vertex 16.2543 -11.9091 2
      vertex 16.2543 11.9091 2
    endloop
  endfacet
  facet normal 0 0 1
    outer loop
      vertex 15.9257 11.821 2
      vertex 15.9257 -11.821 2
      vertex 16.2543 -11.9091 2
    endloop
  endfacet
  facet normal -0 0 1
    outer loop
      vertex 15.5897 11.7678 2
      vertex 15.9257 -11.821 2
      vertex 15.9257 11.821 2
    endloop
  endfacet
  facet normal 0 0 1
    outer loop
      vertex 15.5897 11.7678 2
      vertex 15.5897 -11.7678 2
      vertex 15.9257 -11.821 2
    endloop
  endfacet
  facet normal -0 0 1
    outer loop
      vertex 15.25 11.75 2
      vertex 15.5897 -11.7678 2
      vertex 15.5897 11.7678 2
    endloop
  endfacet
  facet normal 0 0 1
    outer loop
      vertex 15.25 11.75 2
      vertex 15.25 -11.75 2
      vertex 15.5897 -11.7678 2
    endloop
  endfacet
  facet normal 0 0 1
    outer loop
      vertex 11 10.75 2
      vertex 15.25 11.75 2
      vertex 14.9103 11.7678 2
    endloop
  endfacet
  facet normal 0 0 1
    outer loop
      vertex 15.25 11.75 2
      vertex 11 10.75 2
      vertex 15.25 -11.75 2
    endloop
  endfacet
  facet normal 0 0 1
    outer loop
      vertex 11 10.75 2
      vertex 14.9103 11.7678 2
      vertex 14.5743 11.821 2
    endloop
  endfacet
  facet normal -0 0 1
    outer loop
      vertex 11 -10.75 2
      vertex 15.25 -11.75 2
      vertex 11 10.75 2
    endloop
  endfacet
  facet normal 0 0 1
    outer loop
      vertex 11 10.75 2
      vertex 14.5743 11.821 2
      vertex 14.2457 11.9091 2
    endloop
  endfacet
  facet normal 0 0 1
    outer loop
      vertex 15.25 -11.75 2
      vertex 11 -10.75 2
      vertex 14.9103 -11.7678 2
    endloop
  endfacet
  facet normal 0 0 1
    outer loop
      vertex 11 10.75 2
      vertex 14.2457 11.9091 2
      vertex 13.9281 12.031 2
    endloop
  endfacet
  facet normal 0 0 1
    outer loop
      vertex 14.9103 -11.7678 2
      vertex 11 -10.75 2
      vertex 14.5743 -11.821 2
    endloop
  endfacet
  facet normal 0 0 1
    outer loop
      vertex 11 10.75 2
      vertex 13.9281 12.031 2
      vertex 13.625 12.1854 2
    endloop
  endfacet
  facet normal 0 0 1
    outer loop
      vertex 14.5743 -11.821 2
      vertex 11 -10.75 2
      vertex 14.2457 -11.9091 2
    endloop
  endfacet
  facet normal 0 0 1
    outer loop
      vertex 11 10.75 2
      vertex 13.625 12.1854 2
      vertex 13.3397 12.3707 2
    endloop
  endfacet
  facet normal 0 0 1
    outer loop
      vertex 14.2457 -11.9091 2
      vertex 11 -10.75 2
      vertex 13.9281 -12.031 2
    endloop
  endfacet
  facet normal 0 0 1
    outer loop
      vertex 11 10.75 2
      vertex 13.3397 12.3707 2
      vertex 13.0753 12.5848 2
    endloop
  endfacet
  facet normal 0 0 1
    outer loop
      vertex 13.9281 -12.031 2
      vertex 11 -10.75 2
      vertex 13.625 -12.1854 2
    endloop
  endfacet
  facet normal 0 0 1
    outer loop
      vertex 11 10.75 2
      vertex 13.0753 12.5848 2
      vertex 12.8348 12.8253 2
    endloop
  endfacet
  facet normal 0 0 1
    outer loop
      vertex 13.625 -12.1854 2
      vertex 11 -10.75 2
      vertex 13.3397 -12.3707 2
    endloop
  endfacet
  facet normal 0 0 1
    outer loop
      vertex 11 10.75 2
      vertex 12.8348 12.8253 2
      vertex 12.6207 13.0897 2
    endloop
  endfacet
  facet normal 0 0 1
    outer loop
      vertex 13.3397 -12.3707 2
      vertex 11 -10.75 2
      vertex 13.0753 -12.5848 2
    endloop
  endfacet
  facet normal 0 0 1
    outer loop
      vertex 11 10.75 2
      vertex 12.6207 13.0897 2
      vertex 12.4354 13.375 2
    endloop
  endfacet
  facet normal 0 0 1
    outer loop
      vertex 13.0753 -12.5848 2
      vertex 11 -10.75 2
      vertex 12.8348 -12.8253 2
    endloop
  endfacet
  facet normal 0 0 1
    outer loop
      vertex 11 10.75 2
      vertex 12.4354 13.375 2
      vertex 12.281 13.6781 2
    endloop
  endfacet
  facet normal 0 0 1
    outer loop
      vertex 12.8348 -12.8253 2
      vertex 11 -10.75 2
      vertex 12.6207 -13.0897 2
    endloop
  endfacet
  facet normal 0 0 1
    outer loop
      vertex 11 10.75 2
      vertex 12.281 13.6781 2
      vertex 12.1591 13.9957 2
    endloop
  endfacet
  facet normal 0 0 1
    outer loop
      vertex 12.6207 -13.0897 2
      vertex 11 -10.75 2
      vertex 12.4354 -13.375 2
    endloop
  endfacet
  facet normal 0 0 1
    outer loop
      vertex 11 10.75 2
      vertex 12.1591 13.9957 2
      vertex 12.071 14.3243 2
    endloop
  endfacet
  facet normal 0 0 1
    outer loop
      vertex 12.4354 -13.375 2
      vertex 11 -10.75 2
      vertex 12.281 -13.6781 2
    endloop
  endfacet
  facet normal 0 0 1
    outer loop
      vertex 11 10.75 2
      vertex 12.071 14.3243 2
      vertex 12.0178 14.6603 2
    endloop
  endfacet
  facet normal 0 0 1
    outer loop
      vertex 12.281 -13.6781 2
      vertex 11 -10.75 2
      vertex 12.1591 -13.9957 2
    endloop
  endfacet
  facet normal 0 0 1
    outer loop
      vertex 11 10.75 2
      vertex 12.0178 14.6603 2
      vertex 12 15 2
    endloop
  endfacet
  facet normal 0 0 1
    outer loop
      vertex 7.47224 -14.15 2
      vertex 12.1591 -13.9957 2
      vertex 11 -10.75 2
    endloop
  endfacet
  facet normal 0 0 1
    outer loop
      vertex 18.4822 14.6603 2
      vertex 20.25 20 2
      vertex 18.5 15 2
    endloop
  endfacet
  facet normal 0 0 1
    outer loop
      vertex 20.25 20 2
      vertex 18.4822 15.3397 2
      vertex 18.5 15 2
    endloop
  endfacet
  facet normal 0 0 1
    outer loop
      vertex 20.25 20 2
      vertex 18.429 15.6757 2
      vertex 18.4822 15.3397 2
    endloop
  endfacet
  facet normal 0 0 1
    outer loop
      vertex 20.25 20 2
      vertex 18.3409 16.0043 2
      vertex 18.429 15.6757 2
    endloop
  endfacet
  facet normal 0 0 1
    outer loop
      vertex 20.25 20 2
      vertex 18.219 16.3219 2
      vertex 18.3409 16.0043 2
    endloop
  endfacet
  facet normal 0 0 1
    outer loop
      vertex 20.25 20 2
      vertex 18.0646 16.625 2
      vertex 18.219 16.3219 2
    endloop
  endfacet
  facet normal 0 0 1
    outer loop
      vertex 20.25 20 2
      vertex 17.8793 16.9103 2
      vertex 18.0646 16.625 2
    endloop
  endfacet
  facet normal 0 0 1
    outer loop
      vertex 20.25 20 2
      vertex 17.6652 17.1747 2
      vertex 17.8793 16.9103 2
    endloop
  endfacet
  facet normal 0 0 1
    outer loop
      vertex 20.25 20 2
      vertex 17.4247 17.4152 2
      vertex 17.6652 17.1747 2
    endloop
  endfacet
  facet normal 0 0 1
    outer loop
      vertex 20.25 20 2
      vertex 17.1603 17.6293 2
      vertex 17.4247 17.4152 2
    endloop
  endfacet
  facet normal 0 0 1
    outer loop
      vertex 20.25 20 2
      vertex 16.875 17.8146 2
      vertex 17.1603 17.6293 2
    endloop
  endfacet
  facet normal 0 0 1
    outer loop
      vertex 20.25 20 2
      vertex 16.5719 17.969 2
      vertex 16.875 17.8146 2
    endloop
  endfacet
  facet normal 0 0 1
    outer loop
      vertex 20.25 20 2
      vertex 16.2543 18.0909 2
      vertex 16.5719 17.969 2
    endloop
  endfacet
  facet normal 0 0 1
    outer loop
      vertex 20.25 20 2
      vertex 15.9257 18.179 2
      vertex 16.2543 18.0909 2
    endloop
  endfacet
  facet normal 0 0 1
    outer loop
      vertex 20.25 20 2
      vertex 15.5897 18.2322 2
      vertex 15.9257 18.179 2
    endloop
  endfacet
  facet normal 0 0 1
    outer loop
      vertex 20.25 20 2
      vertex 15.25 18.25 2
      vertex 15.5897 18.2322 2
    endloop
  endfacet
  facet normal 0 0 1
    outer loop
      vertex 20.25 20 2
      vertex 14.9103 18.2322 2
      vertex 15.25 18.25 2
    endloop
  endfacet
  facet normal 0 0 1
    outer loop
      vertex 20.25 20 2
      vertex 14.5743 18.179 2
      vertex 14.9103 18.2322 2
    endloop
  endfacet
  facet normal 0 0 1
    outer loop
      vertex 20.25 20 2
      vertex 14.2457 18.0909 2
      vertex 14.5743 18.179 2
    endloop
  endfacet
  facet normal 0 0 1
    outer loop
      vertex 7.69069 -14.8223 2
      vertex 12.071 -14.3243 2
      vertex 12.1591 -13.9957 2
    endloop
  endfacet
  facet normal 0 0 1
    outer loop
      vertex -12 15 2
      vertex 12 15 2
      vertex 12.0178 15.3397 2
    endloop
  endfacet
  facet normal 0 0 1
    outer loop
      vertex -12.0178 15.3397 2
      vertex 12.0178 15.3397 2
      vertex 12.071 15.6757 2
    endloop
  endfacet
  facet normal 0 0 1
    outer loop
      vertex 12 15 2
      vertex -12 15 2
      vertex 11 10.75 2
    endloop
  endfacet
  facet normal 0 0 1
    outer loop
      vertex -12.071 15.6757 2
      vertex 12.071 15.6757 2
      vertex 12.1591 16.0043 2
    endloop
  endfacet
  facet normal 0 0 1
    outer loop
      vertex -12.1591 16.0043 2
      vertex 12.1591 16.0043 2
      vertex 12.281 16.3219 2
    endloop
  endfacet
  facet normal 0 0 1
    outer loop
      vertex -12.281 16.3219 2
      vertex 12.281 16.3219 2
      vertex 12.4354 16.625 2
    endloop
  endfacet
  facet normal 0 0 1
    outer loop
      vertex -12.4354 16.625 2
      vertex 12.4354 16.625 2
      vertex 12.6207 16.9103 2
    endloop
  endfacet
  facet normal 0 0 1
    outer loop
      vertex -12.6207 16.9103 2
      vertex 12.6207 16.9103 2
      vertex 12.8348 17.1747 2
    endloop
  endfacet
  facet normal 0 0 1
    outer loop
      vertex -12.8348 17.1747 2
      vertex 12.8348 17.1747 2
      vertex 13.0753 17.4152 2
    endloop
  endfacet
  facet normal 0 0 1
    outer loop
      vertex -13.0753 17.4152 2
      vertex 13.0753 17.4152 2
      vertex 13.3397 17.6293 2
    endloop
  endfacet
  facet normal 0 0 1
    outer loop
      vertex -13.3397 17.6293 2
      vertex 13.3397 17.6293 2
      vertex 13.625 17.8146 2
    endloop
  endfacet
  facet normal 0 0 1
    outer loop
      vertex -13.625 17.8146 2
      vertex 13.625 17.8146 2
      vertex 13.9281 17.969 2
    endloop
  endfacet
  facet normal 0 0 1
    outer loop
      vertex -13.9281 17.969 2
      vertex 13.9281 17.969 2
      vertex 14.2457 18.0909 2
    endloop
  endfacet
  facet normal 0 0 1
    outer loop
      vertex -14.2457 18.0909 2
      vertex 14.2457 18.0909 2
      vertex 20.25 20 2
    endloop
  endfacet
  facet normal -0 0 1
    outer loop
      vertex -12.0178 14.6603 2
      vertex -11 10.75 2
      vertex -12 15 2
    endloop
  endfacet
  facet normal 0 0 1
    outer loop
      vertex 12.0178 15.3397 2
      vertex -12.0178 15.3397 2
      vertex -12 15 2
    endloop
  endfacet
  facet normal 0 0 1
    outer loop
      vertex 11 10.75 2
      vertex -12 15 2
      vertex -11 10.75 2
    endloop
  endfacet
  facet normal 0 0 1
    outer loop
      vertex 12.071 15.6757 2
      vertex -12.071 15.6757 2
      vertex -12.0178 15.3397 2
    endloop
  endfacet
  facet normal 0 0 1
    outer loop
      vertex 12.1591 16.0043 2
      vertex -12.1591 16.0043 2
      vertex -12.071 15.6757 2
    endloop
  endfacet
  facet normal 0 0 1
    outer loop
      vertex 12.281 16.3219 2
      vertex -12.281 16.3219 2
      vertex -12.1591 16.0043 2
    endloop
  endfacet
  facet normal 0 0 1
    outer loop
      vertex 12.4354 16.625 2
      vertex -12.4354 16.625 2
      vertex -12.281 16.3219 2
    endloop
  endfacet
  facet normal 0 0 1
    outer loop
      vertex 12.6207 16.9103 2
      vertex -12.6207 16.9103 2
      vertex -12.4354 16.625 2
    endloop
  endfacet
  facet normal 0 0 1
    outer loop
      vertex 12.8348 17.1747 2
      vertex -12.8348 17.1747 2
      vertex -12.6207 16.9103 2
    endloop
  endfacet
  facet normal 0 0 1
    outer loop
      vertex 13.0753 17.4152 2
      vertex -13.0753 17.4152 2
      vertex -12.8348 17.1747 2
    endloop
  endfacet
  facet normal 0 0 1
    outer loop
      vertex 13.3397 17.6293 2
      vertex -13.3397 17.6293 2
      vertex -13.0753 17.4152 2
    endloop
  endfacet
  facet normal 0 0 1
    outer loop
      vertex 13.625 17.8146 2
      vertex -13.625 17.8146 2
      vertex -13.3397 17.6293 2
    endloop
  endfacet
  facet normal 0 0 1
    outer loop
      vertex 13.9281 17.969 2
      vertex -13.9281 17.969 2
      vertex -13.625 17.8146 2
    endloop
  endfacet
  facet normal 0 0 1
    outer loop
      vertex 14.2457 18.0909 2
      vertex -14.2457 18.0909 2
      vertex -13.9281 17.969 2
    endloop
  endfacet
  facet normal 0 0 1
    outer loop
      vertex 20.25 20 2
      vertex -14.5743 18.179 2
      vertex -14.2457 18.0909 2
    endloop
  endfacet
  facet normal -0 0 1
    outer loop
      vertex -20.25 20 2
      vertex -14.5743 18.179 2
      vertex 20.25 20 2
    endloop
  endfacet
  facet normal 0 0 1
    outer loop
      vertex -14.5743 18.179 2
      vertex -20.25 20 2
      vertex -14.9103 18.2322 2
    endloop
  endfacet
  facet normal 0 0 1
    outer loop
      vertex -18.429 -14.3243 2
      vertex -20.25 -20 2
      vertex -18.4822 -14.6603 2
    endloop
  endfacet
  facet normal 0 0 1
    outer loop
      vertex -18.4822 15.3397 2
      vertex -20.25 20 2
      vertex -18.5 15 2
    endloop
  endfacet
  facet normal 0 0 1
    outer loop
      vertex -18.429 15.6757 2
      vertex -20.25 20 2
      vertex -18.4822 15.3397 2
    endloop
  endfacet
  facet normal 0 0 1
    outer loop
      vertex -18.3409 16.0043 2
      vertex -20.25 20 2
      vertex -18.429 15.6757 2
    endloop
  endfacet
  facet normal 0 0 1
    outer loop
      vertex -18.219 16.3219 2
      vertex -20.25 20 2
      vertex -18.3409 16.0043 2
    endloop
  endfacet
  facet normal 0 0 1
    outer loop
      vertex -18.0646 16.625 2
      vertex -20.25 20 2
      vertex -18.219 16.3219 2
    endloop
  endfacet
  facet normal 0 0 1
    outer loop
      vertex -17.8793 16.9103 2
      vertex -20.25 20 2
      vertex -18.0646 16.625 2
    endloop
  endfacet
  facet normal 0 0 1
    outer loop
      vertex -17.6652 17.1747 2
      vertex -20.25 20 2
      vertex -17.8793 16.9103 2
    endloop
  endfacet
  facet normal 0 0 1
    outer loop
      vertex -17.4247 17.4152 2
      vertex -20.25 20 2
      vertex -17.6652 17.1747 2
    endloop
  endfacet
  facet normal 0 0 1
    outer loop
      vertex -17.1603 17.6293 2
      vertex -20.25 20 2
      vertex -17.4247 17.4152 2
    endloop
  endfacet
  facet normal 0 0 1
    outer loop
      vertex -16.875 17.8146 2
      vertex -20.25 20 2
      vertex -17.1603 17.6293 2
    endloop
  endfacet
  facet normal 0 0 1
    outer loop
      vertex -16.5719 17.969 2
      vertex -20.25 20 2
      vertex -16.875 17.8146 2
    endloop
  endfacet
  facet normal 0 0 1
    outer loop
      vertex -16.2543 18.0909 2
      vertex -20.25 20 2
      vertex -16.5719 17.969 2
    endloop
  endfacet
  facet normal 0 0 1
    outer loop
      vertex -15.9257 18.179 2
      vertex -20.25 20 2
      vertex -16.2543 18.0909 2
    endloop
  endfacet
  facet normal 0 0 1
    outer loop
      vertex -15.5897 18.2322 2
      vertex -20.25 20 2
      vertex -15.9257 18.179 2
    endloop
  endfacet
  facet normal 0 0 1
    outer loop
      vertex -15.25 18.25 2
      vertex -20.25 20 2
      vertex -15.5897 18.2322 2
    endloop
  endfacet
  facet normal 0 0 1
    outer loop
      vertex -14.9103 18.2322 2
      vertex -20.25 20 2
      vertex -15.25 18.25 2
    endloop
  endfacet
  facet normal 0 0 1
    outer loop
      vertex 18.429 14.3243 2
      vertex 20.25 20 2
      vertex 18.4822 14.6603 2
    endloop
  endfacet
  facet normal -0 0 1
    outer loop
      vertex 18.4822 -15.3397 2
      vertex 20.25 -20 2
      vertex 18.5 -15 2
    endloop
  endfacet
  facet normal -0 0 1
    outer loop
      vertex 18.429 -15.6757 2
      vertex 20.25 -20 2
      vertex 18.4822 -15.3397 2
    endloop
  endfacet
  facet normal -0 0 1
    outer loop
      vertex 18.3409 -16.0043 2
      vertex 20.25 -20 2
      vertex 18.429 -15.6757 2
    endloop
  endfacet
  facet normal -0 0 1
    outer loop
      vertex 18.219 -16.3219 2
      vertex 20.25 -20 2
      vertex 18.3409 -16.0043 2
    endloop
  endfacet
  facet normal -0 0 1
    outer loop
      vertex 18.0646 -16.625 2
      vertex 20.25 -20 2
      vertex 18.219 -16.3219 2
    endloop
  endfacet
  facet normal -0 0 1
    outer loop
      vertex 17.8793 -16.9103 2
      vertex 20.25 -20 2
      vertex 18.0646 -16.625 2
    endloop
  endfacet
  facet normal -0 0 1
    outer loop
      vertex 17.6652 -17.1747 2
      vertex 20.25 -20 2
      vertex 17.8793 -16.9103 2
    endloop
  endfacet
  facet normal -0 0 1
    outer loop
      vertex 17.4247 -17.4152 2
      vertex 20.25 -20 2
      vertex 17.6652 -17.1747 2
    endloop
  endfacet
  facet normal -0 0 1
    outer loop
      vertex 17.1603 -17.6293 2
      vertex 20.25 -20 2
      vertex 17.4247 -17.4152 2
    endloop
  endfacet
  facet normal -0 0 1
    outer loop
      vertex 16.875 -17.8146 2
      vertex 20.25 -20 2
      vertex 17.1603 -17.6293 2
    endloop
  endfacet
  facet normal -0 0 1
    outer loop
      vertex 16.5719 -17.969 2
      vertex 20.25 -20 2
      vertex 16.875 -17.8146 2
    endloop
  endfacet
  facet normal -0 0 1
    outer loop
      vertex 16.2543 -18.0909 2
      vertex 20.25 -20 2
      vertex 16.5719 -17.969 2
    endloop
  endfacet
  facet normal -0 0 1
    outer loop
      vertex 15.9257 -18.179 2
      vertex 20.25 -20 2
      vertex 16.2543 -18.0909 2
    endloop
  endfacet
  facet normal -0 0 1
    outer loop
      vertex 15.5897 -18.2322 2
      vertex 20.25 -20 2
      vertex 15.9257 -18.179 2
    endloop
  endfacet
  facet normal -0 0 1
    outer loop
      vertex 15.25 -18.25 2
      vertex 20.25 -20 2
      vertex 15.5897 -18.2322 2
    endloop
  endfacet
  facet normal 0 0 1
    outer loop
      vertex 14.9103 -18.2322 2
      vertex 20.25 -20 2
      vertex 15.25 -18.25 2
    endloop
  endfacet
  facet normal 0 0 1
    outer loop
      vertex 14.5743 -18.179 2
      vertex 20.25 -20 2
      vertex 14.9103 -18.2322 2
    endloop
  endfacet
  facet normal 0 0 1
    outer loop
      vertex 5.8223 -16.6907 2
      vertex 14.5743 -18.179 2
      vertex 14.2457 -18.0909 2
    endloop
  endfacet
  facet normal 0 0 1
    outer loop
      vertex 7.69069 -14.8223 2
      vertex 12.0178 -14.6603 2
      vertex 12.071 -14.3243 2
    endloop
  endfacet
  facet normal -0 0 1
    outer loop
      vertex 7.69069 -14.8223 2
      vertex 12 -15 2
      vertex 12.0178 -14.6603 2
    endloop
  endfacet
  facet normal 0 0 1
    outer loop
      vertex 7.69069 -15.1777 2
      vertex 12 -15 2
      vertex 7.7 -15 2
    endloop
  endfacet
  facet normal 0 0 1
    outer loop
      vertex 12 -15 2
      vertex 7.69069 -15.1777 2
      vertex 12.0178 -15.3397 2
    endloop
  endfacet
  facet normal 0 0 1
    outer loop
      vertex 7.66285 -15.3534 2
      vertex 12.0178 -15.3397 2
      vertex 7.69069 -15.1777 2
    endloop
  endfacet
  facet normal 0 0 1
    outer loop
      vertex 12.0178 -15.3397 2
      vertex 7.66285 -15.3534 2
      vertex 12.071 -15.6757 2
    endloop
  endfacet
  facet normal -0 0 1
    outer loop
      vertex 7.6168 -15.5253 2
      vertex 12.071 -15.6757 2
      vertex 7.66285 -15.3534 2
    endloop
  endfacet
  facet normal 0 0 1
    outer loop
      vertex 12.071 -15.6757 2
      vertex 7.6168 -15.5253 2
      vertex 12.1591 -16.0043 2
    endloop
  endfacet
  facet normal -0 0 1
    outer loop
      vertex 7.55303 -15.6915 2
      vertex 12.1591 -16.0043 2
      vertex 7.6168 -15.5253 2
    endloop
  endfacet
  facet normal -0 0 1
    outer loop
      vertex 7.47224 -15.85 2
      vertex 12.1591 -16.0043 2
      vertex 7.55303 -15.6915 2
    endloop
  endfacet
  facet normal 0 0 1
    outer loop
      vertex 12.1591 -16.0043 2
      vertex 7.47224 -15.85 2
      vertex 12.281 -16.3219 2
    endloop
  endfacet
  facet normal -0 0 1
    outer loop
      vertex 7.37533 -15.9992 2
      vertex 12.281 -16.3219 2
      vertex 7.47224 -15.85 2
    endloop
  endfacet
  facet normal 0 0 1
    outer loop
      vertex 12.281 -16.3219 2
      vertex 7.37533 -15.9992 2
      vertex 12.4354 -16.625 2
    endloop
  endfacet
  facet normal -0 0 1
    outer loop
      vertex 7.26335 -16.1375 2
      vertex 12.4354 -16.625 2
      vertex 7.37533 -15.9992 2
    endloop
  endfacet
  facet normal 0 0 1
    outer loop
      vertex 12.4354 -16.625 2
      vertex 7.26335 -16.1375 2
      vertex 12.6207 -16.9103 2
    endloop
  endfacet
  facet normal -0 0 1
    outer loop
      vertex 7.13752 -16.2633 2
      vertex 12.6207 -16.9103 2
      vertex 7.26335 -16.1375 2
    endloop
  endfacet
  facet normal -0 0 1
    outer loop
      vertex 6.99923 -16.3753 2
      vertex 12.6207 -16.9103 2
      vertex 7.13752 -16.2633 2
    endloop
  endfacet
  facet normal 0 0 1
    outer loop
      vertex 12.6207 -16.9103 2
      vertex 6.99923 -16.3753 2
      vertex 12.8348 -17.1747 2
    endloop
  endfacet
  facet normal -0 0 1
    outer loop
      vertex 6.85 -16.4722 2
      vertex 12.8348 -17.1747 2
      vertex 6.99923 -16.3753 2
    endloop
  endfacet
  facet normal 0 0 1
    outer loop
      vertex 12.8348 -17.1747 2
      vertex 6.85 -16.4722 2
      vertex 13.0753 -17.4152 2
    endloop
  endfacet
  facet normal -0 0 1
    outer loop
      vertex 6.69145 -16.553 2
      vertex 13.0753 -17.4152 2
      vertex 6.85 -16.4722 2
    endloop
  endfacet
  facet normal 0 0 1
    outer loop
      vertex 13.0753 -17.4152 2
      vertex 6.69145 -16.553 2
      vertex 13.3397 -17.6293 2
    endloop
  endfacet
  facet normal -0 0 1
    outer loop
      vertex 6.52533 -16.6168 2
      vertex 13.3397 -17.6293 2
      vertex 6.69145 -16.553 2
    endloop
  endfacet
  facet normal 0 0 1
    outer loop
      vertex 13.3397 -17.6293 2
      vertex 6.52533 -16.6168 2
      vertex 13.625 -17.8146 2
    endloop
  endfacet
  facet normal -0 0 1
    outer loop
      vertex 6.35345 -16.6628 2
      vertex 13.625 -17.8146 2
      vertex 6.52533 -16.6168 2
    endloop
  endfacet
  facet normal 0 0 1
    outer loop
      vertex 13.625 -17.8146 2
      vertex 6.35345 -16.6628 2
      vertex 13.9281 -17.969 2
    endloop
  endfacet
  facet normal -0 0 1
    outer loop
      vertex 6.1777 -16.6907 2
      vertex 13.9281 -17.969 2
      vertex 6.35345 -16.6628 2
    endloop
  endfacet
  facet normal -0 0 1
    outer loop
      vertex 6 -16.7 2
      vertex 13.9281 -17.969 2
      vertex 6.1777 -16.6907 2
    endloop
  endfacet
  facet normal 0 0 1
    outer loop
      vertex 13.9281 -17.969 2
      vertex 6 -16.7 2
      vertex 14.2457 -18.0909 2
    endloop
  endfacet
  facet normal 0 0 1
    outer loop
      vertex 5.8223 -16.6907 2
      vertex 14.2457 -18.0909 2
      vertex 6 -16.7 2
    endloop
  endfacet
  facet normal 0 0 1
    outer loop
      vertex 14.5743 -18.179 2
      vertex 5.8223 -16.6907 2
      vertex 20.25 -20 2
    endloop
  endfacet
  facet normal 0 0 1
    outer loop
      vertex -5.8223 -16.6907 2
      vertex 5.8223 -16.6907 2
      vertex 5.64655 -16.6628 2
    endloop
  endfacet
  facet normal -0 0 1
    outer loop
      vertex -4.3 -15 2
      vertex 4.30931 -15.1777 2
      vertex 4.3 -15 2
    endloop
  endfacet
  facet normal 0 0 1
    outer loop
      vertex -4.30931 -15.1777 2
      vertex 4.30931 -15.1777 2
      vertex -4.3 -15 2
    endloop
  endfacet
  facet normal 0 0 1
    outer loop
      vertex 4.30931 -15.1777 2
      vertex -4.30931 -15.1777 2
      vertex 4.33715 -15.3534 2
    endloop
  endfacet
  facet normal 0 0 1
    outer loop
      vertex -4.33715 -15.3534 2
      vertex 4.33715 -15.3534 2
      vertex -4.30931 -15.1777 2
    endloop
  endfacet
  facet normal 0 0 1
    outer loop
      vertex 4.33715 -15.3534 2
      vertex -4.33715 -15.3534 2
      vertex 4.3832 -15.5253 2
    endloop
  endfacet
  facet normal 0 0 1
    outer loop
      vertex -4.3832 -15.5253 2
      vertex 4.3832 -15.5253 2
      vertex -4.33715 -15.3534 2
    endloop
  endfacet
  facet normal 0 0 1
    outer loop
      vertex 4.3832 -15.5253 2
      vertex -4.3832 -15.5253 2
      vertex 4.44697 -15.6915 2
    endloop
  endfacet
  facet normal 0 0 1
    outer loop
      vertex -4.44697 -15.6915 2
      vertex 4.44697 -15.6915 2
      vertex -4.3832 -15.5253 2
    endloop
  endfacet
  facet normal 0 0 1
    outer loop
      vertex 4.44697 -15.6915 2
      vertex -4.44697 -15.6915 2
      vertex 4.52776 -15.85 2
    endloop
  endfacet
  facet normal 0 0 1
    outer loop
      vertex -4.52776 -15.85 2
      vertex 4.52776 -15.85 2
      vertex -4.44697 -15.6915 2
    endloop
  endfacet
  facet normal 0 0 1
    outer loop
      vertex 4.52776 -15.85 2
      vertex -4.52776 -15.85 2
      vertex 4.62467 -15.9992 2
    endloop
  endfacet
  facet normal 0 0 1
    outer loop
      vertex -4.62467 -15.9992 2
      vertex 4.62467 -15.9992 2
      vertex -4.52776 -15.85 2
    endloop
  endfacet
  facet normal 0 0 1
    outer loop
      vertex 4.62467 -15.9992 2
      vertex -4.62467 -15.9992 2
      vertex 4.73665 -16.1375 2
    endloop
  endfacet
  facet normal 0 0 1
    outer loop
      vertex -4.73665 -16.1375 2
      vertex 4.73665 -16.1375 2
      vertex -4.62467 -15.9992 2
    endloop
  endfacet
  facet normal 0 0 1
    outer loop
      vertex 4.73665 -16.1375 2
      vertex -4.73665 -16.1375 2
      vertex 4.86248 -16.2633 2
    endloop
  endfacet
  facet normal 0 0 1
    outer loop
      vertex -4.86248 -16.2633 2
      vertex 4.86248 -16.2633 2
      vertex -4.73665 -16.1375 2
    endloop
  endfacet
  facet normal 0 0 1
    outer loop
      vertex 4.86248 -16.2633 2
      vertex -4.86248 -16.2633 2
      vertex 5.00076 -16.3753 2
    endloop
  endfacet
  facet normal 0 0 1
    outer loop
      vertex -5.00076 -16.3753 2
      vertex 5.00076 -16.3753 2
      vertex -4.86248 -16.2633 2
    endloop
  endfacet
  facet normal 0 0 1
    outer loop
      vertex 5.00076 -16.3753 2
      vertex -5.00076 -16.3753 2
      vertex 5.15 -16.4722 2
    endloop
  endfacet
  facet normal 0 0 1
    outer loop
      vertex -5.15 -16.4722 2
      vertex 5.15 -16.4722 2
      vertex -5.00076 -16.3753 2
    endloop
  endfacet
  facet normal 0 0 1
    outer loop
      vertex 5.15 -16.4722 2
      vertex -5.15 -16.4722 2
      vertex 5.30855 -16.553 2
    endloop
  endfacet
  facet normal 0 0 1
    outer loop
      vertex -5.30855 -16.553 2
      vertex 5.30855 -16.553 2
      vertex -5.15 -16.4722 2
    endloop
  endfacet
  facet normal 0 0 1
    outer loop
      vertex 5.30855 -16.553 2
      vertex -5.30855 -16.553 2
      vertex 5.47467 -16.6168 2
    endloop
  endfacet
  facet normal 0 0 1
    outer loop
      vertex -5.47467 -16.6168 2
      vertex 5.47467 -16.6168 2
      vertex -5.30855 -16.553 2
    endloop
  endfacet
  facet normal 0 0 1
    outer loop
      vertex 5.47467 -16.6168 2
      vertex -5.47467 -16.6168 2
      vertex 5.64655 -16.6628 2
    endloop
  endfacet
  facet normal 0 0 1
    outer loop
      vertex -5.64655 -16.6628 2
      vertex 5.64655 -16.6628 2
      vertex -5.47467 -16.6168 2
    endloop
  endfacet
  facet normal 0 0 1
    outer loop
      vertex -5.8223 -16.6907 2
      vertex 5.64655 -16.6628 2
      vertex -5.64655 -16.6628 2
    endloop
  endfacet
  facet normal 0 0 1
    outer loop
      vertex 5.8223 -16.6907 2
      vertex -5.8223 -16.6907 2
      vertex 20.25 -20 2
    endloop
  endfacet
  facet normal 0 0 1
    outer loop
      vertex -14.2457 -18.0909 2
      vertex -5.8223 -16.6907 2
      vertex -6 -16.7 2
    endloop
  endfacet
  facet normal 0 0 1
    outer loop
      vertex -13.9281 -17.969 2
      vertex -6 -16.7 2
      vertex -6.1777 -16.6907 2
    endloop
  endfacet
  facet normal 0 0 1
    outer loop
      vertex -7.69069 -14.8223 2
      vertex -12 -15 2
      vertex -7.7 -15 2
    endloop
  endfacet
  facet normal 0 0 1
    outer loop
      vertex -7.7 -15 2
      vertex -12 -15 2
      vertex -7.69069 -15.1777 2
    endloop
  endfacet
  facet normal 0 0 1
    outer loop
      vertex -12.0178 -15.3397 2
      vertex -7.69069 -15.1777 2
      vertex -12 -15 2
    endloop
  endfacet
  facet normal 0 0 1
    outer loop
      vertex -7.69069 -15.1777 2
      vertex -12.0178 -15.3397 2
      vertex -7.66285 -15.3534 2
    endloop
  endfacet
  facet normal 0 0 1
    outer loop
      vertex -12.071 -15.6757 2
      vertex -7.66285 -15.3534 2
      vertex -12.0178 -15.3397 2
    endloop
  endfacet
  facet normal 0 0 1
    outer loop
      vertex -7.66285 -15.3534 2
      vertex -12.071 -15.6757 2
      vertex -7.6168 -15.5253 2
    endloop
  endfacet
  facet normal -0 0 1
    outer loop
      vertex -12.071 14.3243 2
      vertex -11 10.75 2
      vertex -12.0178 14.6603 2
    endloop
  endfacet
  facet normal 0 0 1
    outer loop
      vertex -7.6168 -15.5253 2
      vertex -12.071 -15.6757 2
      vertex -7.55303 -15.6915 2
    endloop
  endfacet
  facet normal 0 0 1
    outer loop
      vertex -12.1591 -16.0043 2
      vertex -7.55303 -15.6915 2
      vertex -12.071 -15.6757 2
    endloop
  endfacet
  facet normal 0 0 1
    outer loop
      vertex -7.55303 -15.6915 2
      vertex -12.1591 -16.0043 2
      vertex -7.47224 -15.85 2
    endloop
  endfacet
  facet normal 0 0 1
    outer loop
      vertex -12.281 -16.3219 2
      vertex -7.47224 -15.85 2
      vertex -12.1591 -16.0043 2
    endloop
  endfacet
  facet normal 0 0 1
    outer loop
      vertex -7.47224 -15.85 2
      vertex -12.281 -16.3219 2
      vertex -7.37533 -15.9992 2
    endloop
  endfacet
  facet normal 0 0 1
    outer loop
      vertex -12.4354 -16.625 2
      vertex -7.37533 -15.9992 2
      vertex -12.281 -16.3219 2
    endloop
  endfacet
  facet normal 0 0 1
    outer loop
      vertex -7.37533 -15.9992 2
      vertex -12.4354 -16.625 2
      vertex -7.26335 -16.1375 2
    endloop
  endfacet
  facet normal 0 0 1
    outer loop
      vertex -7.26335 -16.1375 2
      vertex -12.4354 -16.625 2
      vertex -7.13752 -16.2633 2
    endloop
  endfacet
  facet normal 0 0 1
    outer loop
      vertex -12.6207 -16.9103 2
      vertex -7.13752 -16.2633 2
      vertex -12.4354 -16.625 2
    endloop
  endfacet
  facet normal 0 0 1
    outer loop
      vertex -7.13752 -16.2633 2
      vertex -12.6207 -16.9103 2
      vertex -6.99923 -16.3753 2
    endloop
  endfacet
  facet normal 0 0 1
    outer loop
      vertex -12.8348 -17.1747 2
      vertex -6.99923 -16.3753 2
      vertex -12.6207 -16.9103 2
    endloop
  endfacet
  facet normal 0 0 1
    outer loop
      vertex -6.99923 -16.3753 2
      vertex -12.8348 -17.1747 2
      vertex -6.85 -16.4722 2
    endloop
  endfacet
  facet normal 0 0 1
    outer loop
      vertex -13.0753 -17.4152 2
      vertex -6.85 -16.4722 2
      vertex -12.8348 -17.1747 2
    endloop
  endfacet
  facet normal 0 0 1
    outer loop
      vertex -6.85 -16.4722 2
      vertex -13.0753 -17.4152 2
      vertex -6.69145 -16.553 2
    endloop
  endfacet
  facet normal 0 0 1
    outer loop
      vertex -13.3397 -17.6293 2
      vertex -6.69145 -16.553 2
      vertex -13.0753 -17.4152 2
    endloop
  endfacet
  facet normal 0 0 1
    outer loop
      vertex -6.69145 -16.553 2
      vertex -13.3397 -17.6293 2
      vertex -6.52533 -16.6168 2
    endloop
  endfacet
  facet normal 0 0 1
    outer loop
      vertex -6.52533 -16.6168 2
      vertex -13.3397 -17.6293 2
      vertex -6.35345 -16.6628 2
    endloop
  endfacet
  facet normal 0 0 1
    outer loop
      vertex -13.625 -17.8146 2
      vertex -6.35345 -16.6628 2
      vertex -13.3397 -17.6293 2
    endloop
  endfacet
  facet normal 0 0 1
    outer loop
      vertex -6.35345 -16.6628 2
      vertex -13.625 -17.8146 2
      vertex -6.1777 -16.6907 2
    endloop
  endfacet
  facet normal 0 0 1
    outer loop
      vertex -13.9281 -17.969 2
      vertex -6.1777 -16.6907 2
      vertex -13.625 -17.8146 2
    endloop
  endfacet
  facet normal 0 0 1
    outer loop
      vertex -6 -16.7 2
      vertex -13.9281 -17.969 2
      vertex -14.2457 -18.0909 2
    endloop
  endfacet
  facet normal 0 0 1
    outer loop
      vertex -5.8223 -16.6907 2
      vertex -14.2457 -18.0909 2
      vertex -14.5743 -18.179 2
    endloop
  endfacet
  facet normal 0 0 1
    outer loop
      vertex -5.8223 -16.6907 2
      vertex -14.5743 -18.179 2
      vertex -20.25 -20 2
    endloop
  endfacet
  facet normal 0 0 1
    outer loop
      vertex -20.25 -20 2
      vertex -14.5743 -18.179 2
      vertex -14.9103 -18.2322 2
    endloop
  endfacet
  facet normal 0 0 1
    outer loop
      vertex -20.25 -20 2
      vertex -14.9103 -18.2322 2
      vertex -15.25 -18.25 2
    endloop
  endfacet
  facet normal 0 0 1
    outer loop
      vertex -5.8223 -16.6907 2
      vertex -20.25 -20 2
      vertex 20.25 -20 2
    endloop
  endfacet
  facet normal 0 0 1
    outer loop
      vertex -15.5897 -18.2322 2
      vertex -20.25 -20 2
      vertex -15.25 -18.25 2
    endloop
  endfacet
  facet normal 0 0 1
    outer loop
      vertex -15.9257 -18.179 2
      vertex -20.25 -20 2
      vertex -15.5897 -18.2322 2
    endloop
  endfacet
  facet normal 0 0 1
    outer loop
      vertex -16.2543 -18.0909 2
      vertex -20.25 -20 2
      vertex -15.9257 -18.179 2
    endloop
  endfacet
  facet normal 0 0 1
    outer loop
      vertex -16.5719 -17.969 2
      vertex -20.25 -20 2
      vertex -16.2543 -18.0909 2
    endloop
  endfacet
  facet normal 0 0 1
    outer loop
      vertex -16.875 -17.8146 2
      vertex -20.25 -20 2
      vertex -16.5719 -17.969 2
    endloop
  endfacet
  facet normal 0 0 1
    outer loop
      vertex -17.1603 -17.6293 2
      vertex -20.25 -20 2
      vertex -16.875 -17.8146 2
    endloop
  endfacet
  facet normal 0 0 1
    outer loop
      vertex -17.4247 -17.4152 2
      vertex -20.25 -20 2
      vertex -17.1603 -17.6293 2
    endloop
  endfacet
  facet normal 0 0 1
    outer loop
      vertex -17.6652 -17.1747 2
      vertex -20.25 -20 2
      vertex -17.4247 -17.4152 2
    endloop
  endfacet
  facet normal 0 0 1
    outer loop
      vertex -17.8793 -16.9103 2
      vertex -20.25 -20 2
      vertex -17.6652 -17.1747 2
    endloop
  endfacet
  facet normal 0 0 1
    outer loop
      vertex -18.0646 -16.625 2
      vertex -20.25 -20 2
      vertex -17.8793 -16.9103 2
    endloop
  endfacet
  facet normal 0 0 1
    outer loop
      vertex -18.219 -16.3219 2
      vertex -20.25 -20 2
      vertex -18.0646 -16.625 2
    endloop
  endfacet
  facet normal 0 0 1
    outer loop
      vertex -18.3409 -16.0043 2
      vertex -20.25 -20 2
      vertex -18.219 -16.3219 2
    endloop
  endfacet
  facet normal 0 0 1
    outer loop
      vertex -18.429 -15.6757 2
      vertex -20.25 -20 2
      vertex -18.3409 -16.0043 2
    endloop
  endfacet
  facet normal 0 0 1
    outer loop
      vertex -18.4822 -15.3397 2
      vertex -20.25 -20 2
      vertex -18.429 -15.6757 2
    endloop
  endfacet
  facet normal 0 0 1
    outer loop
      vertex -18.5 -15 2
      vertex -20.25 -20 2
      vertex -18.4822 -15.3397 2
    endloop
  endfacet
  facet normal 0 0 1
    outer loop
      vertex -18.4822 -14.6603 2
      vertex -20.25 -20 2
      vertex -18.5 -15 2
    endloop
  endfacet
  facet normal -1 0 0
    outer loop
      vertex -20.25 -20 0
      vertex -20.25 20 2
      vertex -20.25 20 0
    endloop
  endfacet
  facet normal -1 -0 0
    outer loop
      vertex -20.25 20 2
      vertex -20.25 -20 0
      vertex -20.25 -20 2
    endloop
  endfacet
  facet normal 0 1 -0
    outer loop
      vertex 20.25 20 0
      vertex -20.25 20 2
      vertex 20.25 20 2
    endloop
  endfacet
  facet normal 0 1 0
    outer loop
      vertex -20.25 20 2
      vertex 20.25 20 0
      vertex -20.25 20 0
    endloop
  endfacet
  facet normal 0 -1 0
    outer loop
      vertex -20.25 -20 0
      vertex 20.25 -20 2
      vertex -20.25 -20 2
    endloop
  endfacet
  facet normal 0 -1 -0
    outer loop
      vertex 20.25 -20 2
      vertex -20.25 -20 0
      vertex 20.25 -20 0
    endloop
  endfacet
  facet normal 0.156808 0.987629 -0
    outer loop
      vertex -15.4016 -16.4421 0
      vertex -15.5515 -16.4183 7
      vertex -15.4016 -16.4421 7
    endloop
  endfacet
  facet normal 0.156808 0.987629 0
    outer loop
      vertex -15.5515 -16.4183 7
      vertex -15.4016 -16.4421 0
      vertex -15.5515 -16.4183 0
    endloop
  endfacet
  facet normal -0.987629 -0.156808 0
    outer loop
      vertex -13.8079 -14.8484 0
      vertex -13.8317 -14.6985 7
      vertex -13.8317 -14.6985 0
    endloop
  endfacet
  facet normal -0.987629 -0.156808 0
    outer loop
      vertex -13.8317 -14.6985 7
      vertex -13.8079 -14.8484 0
      vertex -13.8079 -14.8484 7
    endloop
  endfacet
  facet normal -0.998645 -0.0520402 0
    outer loop
      vertex -13.8 -15 0
      vertex -13.8079 -14.8484 7
      vertex -13.8079 -14.8484 0
    endloop
  endfacet
  facet normal -0.998645 -0.0520402 0
    outer loop
      vertex -13.8079 -14.8484 7
      vertex -13.8 -15 0
      vertex -13.8 -15 7
    endloop
  endfacet
  facet normal -0.965895 -0.258934 0
    outer loop
      vertex -13.8317 -14.6985 0
      vertex -13.871 -14.5519 7
      vertex -13.871 -14.5519 0
    endloop
  endfacet
  facet normal -0.965895 -0.258934 0
    outer loop
      vertex -13.871 -14.5519 7
      vertex -13.8317 -14.6985 0
      vertex -13.8317 -14.6985 7
    endloop
  endfacet
  facet normal -0.358405 0.933566 0
    outer loop
      vertex -14.6602 -16.3246 0
      vertex -14.8019 -16.379 7
      vertex -14.6602 -16.3246 7
    endloop
  endfacet
  facet normal -0.358405 0.933566 0
    outer loop
      vertex -14.8019 -16.379 7
      vertex -14.6602 -16.3246 0
      vertex -14.8019 -16.379 0
    endloop
  endfacet
  facet normal -0.707107 0.707107 0
    outer loop
      vertex -14.2798 -16.0776 0
      vertex -14.1724 -15.9702 7
      vertex -14.1724 -15.9702 0
    endloop
  endfacet
  facet normal -0.707107 0.707107 0
    outer loop
      vertex -14.1724 -15.9702 7
      vertex -14.2798 -16.0776 0
      vertex -14.2798 -16.0776 7
    endloop
  endfacet
  facet normal -0.544316 -0.83888 0
    outer loop
      vertex -14.525 -13.7443 0
      vertex -14.3977 -13.8269 7
      vertex -14.525 -13.7443 7
    endloop
  endfacet
  facet normal -0.544316 -0.83888 -0
    outer loop
      vertex -14.3977 -13.8269 7
      vertex -14.525 -13.7443 0
      vertex -14.3977 -13.8269 0
    endloop
  endfacet
  facet normal -0.454054 -0.890974 0
    outer loop
      vertex -14.6602 -13.6754 0
      vertex -14.525 -13.7443 7
      vertex -14.6602 -13.6754 7
    endloop
  endfacet
  facet normal -0.454054 -0.890974 -0
    outer loop
      vertex -14.525 -13.7443 7
      vertex -14.6602 -13.6754 0
      vertex -14.525 -13.7443 0
    endloop
  endfacet
  facet normal -0.933566 -0.358405 0
    outer loop
      vertex -13.871 -14.5519 0
      vertex -13.9254 -14.4102 7
      vertex -13.9254 -14.4102 0
    endloop
  endfacet
  facet normal -0.933566 -0.358405 0
    outer loop
      vertex -13.9254 -14.4102 7
      vertex -13.871 -14.5519 0
      vertex -13.871 -14.5519 7
    endloop
  endfacet
  facet normal -0.998645 0.0520402 0
    outer loop
      vertex -13.8079 -15.1516 0
      vertex -13.8 -15 7
      vertex -13.8 -15 0
    endloop
  endfacet
  facet normal -0.998645 0.0520402 0
    outer loop
      vertex -13.8 -15 7
      vertex -13.8079 -15.1516 0
      vertex -13.8079 -15.1516 7
    endloop
  endfacet
  facet normal 0.629426 -0.777061 0
    outer loop
      vertex -16.2202 -13.9224 0
      vertex -16.1023 -13.8269 7
      vertex -16.2202 -13.9224 7
    endloop
  endfacet
  facet normal 0.629426 -0.777061 0
    outer loop
      vertex -16.1023 -13.8269 7
      vertex -16.2202 -13.9224 0
      vertex -16.1023 -13.8269 0
    endloop
  endfacet
  facet normal -0.965895 0.258934 0
    outer loop
      vertex -13.871 -15.4481 0
      vertex -13.8317 -15.3015 7
      vertex -13.8317 -15.3015 0
    endloop
  endfacet
  facet normal -0.965895 0.258934 0
    outer loop
      vertex -13.8317 -15.3015 7
      vertex -13.871 -15.4481 0
      vertex -13.871 -15.4481 7
    endloop
  endfacet
  facet normal 0.965895 -0.258934 0
    outer loop
      vertex -16.6683 -14.6985 7
      vertex -16.629 -14.5519 0
      vertex -16.629 -14.5519 7
    endloop
  endfacet
  facet normal 0.965895 -0.258934 0
    outer loop
      vertex -16.629 -14.5519 0
      vertex -16.6683 -14.6985 7
      vertex -16.6683 -14.6985 0
    endloop
  endfacet
  facet normal -0.156808 0.987629 0
    outer loop
      vertex -14.9485 -16.4183 0
      vertex -15.0984 -16.4421 7
      vertex -14.9485 -16.4183 7
    endloop
  endfacet
  facet normal -0.156808 0.987629 0
    outer loop
      vertex -15.0984 -16.4421 7
      vertex -14.9485 -16.4183 0
      vertex -15.0984 -16.4421 0
    endloop
  endfacet
  facet normal 0.707107 -0.707107 0
    outer loop
      vertex -16.3276 -14.0298 0
      vertex -16.2202 -13.9224 7
      vertex -16.3276 -14.0298 7
    endloop
  endfacet
  facet normal 0.707107 -0.707107 0
    outer loop
      vertex -16.2202 -13.9224 7
      vertex -16.3276 -14.0298 0
      vertex -16.2202 -13.9224 0
    endloop
  endfacet
  facet normal -0.987629 0.156808 0
    outer loop
      vertex -13.8317 -15.3015 0
      vertex -13.8079 -15.1516 7
      vertex -13.8079 -15.1516 0
    endloop
  endfacet
  facet normal -0.987629 0.156808 0
    outer loop
      vertex -13.8079 -15.1516 7
      vertex -13.8317 -15.3015 0
      vertex -13.8317 -15.3015 7
    endloop
  endfacet
  facet normal 0.83888 -0.544316 0
    outer loop
      vertex -16.5057 -14.275 7
      vertex -16.4231 -14.1477 0
      vertex -16.4231 -14.1477 7
    endloop
  endfacet
  facet normal 0.83888 -0.544316 0
    outer loop
      vertex -16.4231 -14.1477 0
      vertex -16.5057 -14.275 7
      vertex -16.5057 -14.275 0
    endloop
  endfacet
  facet normal -0.83888 -0.544316 0
    outer loop
      vertex -13.9943 -14.275 0
      vertex -14.0769 -14.1477 7
      vertex -14.0769 -14.1477 0
    endloop
  endfacet
  facet normal -0.83888 -0.544316 0
    outer loop
      vertex -14.0769 -14.1477 7
      vertex -13.9943 -14.275 0
      vertex -13.9943 -14.275 7
    endloop
  endfacet
  facet normal -0.890974 0.454054 0
    outer loop
      vertex -13.9943 -15.725 0
      vertex -13.9254 -15.5898 7
      vertex -13.9254 -15.5898 0
    endloop
  endfacet
  facet normal -0.890974 0.454054 0
    outer loop
      vertex -13.9254 -15.5898 7
      vertex -13.9943 -15.725 0
      vertex -13.9943 -15.725 7
    endloop
  endfacet
  facet normal -0.777061 0.629426 0
    outer loop
      vertex -14.1724 -15.9702 0
      vertex -14.0769 -15.8523 7
      vertex -14.0769 -15.8523 0
    endloop
  endfacet
  facet normal -0.777061 0.629426 0
    outer loop
      vertex -14.0769 -15.8523 7
      vertex -14.1724 -15.9702 0
      vertex -14.1724 -15.9702 7
    endloop
  endfacet
  facet normal 0.83888 0.544316 0
    outer loop
      vertex -16.4231 -15.8523 7
      vertex -16.5057 -15.725 0
      vertex -16.5057 -15.725 7
    endloop
  endfacet
  facet normal 0.83888 0.544316 0
    outer loop
      vertex -16.5057 -15.725 0
      vertex -16.4231 -15.8523 7
      vertex -16.4231 -15.8523 0
    endloop
  endfacet
  facet normal 0.0520402 0.998645 -0
    outer loop
      vertex -15.25 -16.45 0
      vertex -15.4016 -16.4421 7
      vertex -15.25 -16.45 7
    endloop
  endfacet
  facet normal 0.0520402 0.998645 0
    outer loop
      vertex -15.4016 -16.4421 7
      vertex -15.25 -16.45 0
      vertex -15.4016 -16.4421 0
    endloop
  endfacet
  facet normal 0.156808 -0.987629 0
    outer loop
      vertex -15.5515 -13.5817 0
      vertex -15.4016 -13.5579 7
      vertex -15.5515 -13.5817 7
    endloop
  endfacet
  facet normal 0.156808 -0.987629 0
    outer loop
      vertex -15.4016 -13.5579 7
      vertex -15.5515 -13.5817 0
      vertex -15.4016 -13.5579 0
    endloop
  endfacet
  facet normal -0.258934 -0.965895 0
    outer loop
      vertex -14.9485 -13.5817 0
      vertex -14.8019 -13.621 7
      vertex -14.9485 -13.5817 7
    endloop
  endfacet
  facet normal -0.258934 -0.965895 -0
    outer loop
      vertex -14.8019 -13.621 7
      vertex -14.9485 -13.5817 0
      vertex -14.8019 -13.621 0
    endloop
  endfacet
  facet normal -0.707107 -0.707107 0
    outer loop
      vertex -14.1724 -14.0298 0
      vertex -14.2798 -13.9224 7
      vertex -14.2798 -13.9224 0
    endloop
  endfacet
  facet normal -0.707107 -0.707107 0
    outer loop
      vertex -14.2798 -13.9224 7
      vertex -14.1724 -14.0298 0
      vertex -14.1724 -14.0298 7
    endloop
  endfacet
  facet normal -0.0520402 -0.998645 0
    outer loop
      vertex -15.25 -13.55 0
      vertex -15.0984 -13.5579 7
      vertex -15.25 -13.55 7
    endloop
  endfacet
  facet normal -0.0520402 -0.998645 -0
    outer loop
      vertex -15.0984 -13.5579 7
      vertex -15.25 -13.55 0
      vertex -15.0984 -13.5579 0
    endloop
  endfacet
  facet normal 0.987629 0.156808 0
    outer loop
      vertex -16.6683 -15.3015 7
      vertex -16.6921 -15.1516 0
      vertex -16.6921 -15.1516 7
    endloop
  endfacet
  facet normal 0.987629 0.156808 0
    outer loop
      vertex -16.6921 -15.1516 0
      vertex -16.6683 -15.3015 7
      vertex -16.6683 -15.3015 0
    endloop
  endfacet
  facet normal 0.777061 -0.629426 0
    outer loop
      vertex -16.4231 -14.1477 7
      vertex -16.3276 -14.0298 0
      vertex -16.3276 -14.0298 7
    endloop
  endfacet
  facet normal 0.777061 -0.629426 0
    outer loop
      vertex -16.3276 -14.0298 0
      vertex -16.4231 -14.1477 7
      vertex -16.4231 -14.1477 0
    endloop
  endfacet
  facet normal -0.890974 -0.454054 0
    outer loop
      vertex -13.9254 -14.4102 0
      vertex -13.9943 -14.275 7
      vertex -13.9943 -14.275 0
    endloop
  endfacet
  facet normal -0.890974 -0.454054 0
    outer loop
      vertex -13.9943 -14.275 7
      vertex -13.9254 -14.4102 0
      vertex -13.9254 -14.4102 7
    endloop
  endfacet
  facet normal -0.258934 0.965895 0
    outer loop
      vertex -14.8019 -16.379 0
      vertex -14.9485 -16.4183 7
      vertex -14.8019 -16.379 7
    endloop
  endfacet
  facet normal -0.258934 0.965895 0
    outer loop
      vertex -14.9485 -16.4183 7
      vertex -14.8019 -16.379 0
      vertex -14.9485 -16.4183 0
    endloop
  endfacet
  facet normal 0.998645 0.0520402 0
    outer loop
      vertex -16.6921 -15.1516 7
      vertex -16.7 -15 0
      vertex -16.7 -15 7
    endloop
  endfacet
  facet normal 0.998645 0.0520402 0
    outer loop
      vertex -16.7 -15 0
      vertex -16.6921 -15.1516 7
      vertex -16.6921 -15.1516 0
    endloop
  endfacet
  facet normal 0.890974 0.454054 0
    outer loop
      vertex -16.5057 -15.725 7
      vertex -16.5746 -15.5898 0
      vertex -16.5746 -15.5898 7
    endloop
  endfacet
  facet normal 0.890974 0.454054 0
    outer loop
      vertex -16.5746 -15.5898 0
      vertex -16.5057 -15.725 7
      vertex -16.5057 -15.725 0
    endloop
  endfacet
  facet normal 0.544316 -0.83888 0
    outer loop
      vertex -16.1023 -13.8269 0
      vertex -15.975 -13.7443 7
      vertex -16.1023 -13.8269 7
    endloop
  endfacet
  facet normal 0.544316 -0.83888 0
    outer loop
      vertex -15.975 -13.7443 7
      vertex -16.1023 -13.8269 0
      vertex -15.975 -13.7443 0
    endloop
  endfacet
  facet normal 0.358405 0.933566 -0
    outer loop
      vertex -15.6981 -16.379 0
      vertex -15.8398 -16.3246 7
      vertex -15.6981 -16.379 7
    endloop
  endfacet
  facet normal 0.358405 0.933566 0
    outer loop
      vertex -15.8398 -16.3246 7
      vertex -15.6981 -16.379 0
      vertex -15.8398 -16.3246 0
    endloop
  endfacet
  facet normal -0.358405 -0.933566 0
    outer loop
      vertex -14.8019 -13.621 0
      vertex -14.6602 -13.6754 7
      vertex -14.8019 -13.621 7
    endloop
  endfacet
  facet normal -0.358405 -0.933566 -0
    outer loop
      vertex -14.6602 -13.6754 7
      vertex -14.8019 -13.621 0
      vertex -14.6602 -13.6754 0
    endloop
  endfacet
  facet normal 0.454054 0.890974 -0
    outer loop
      vertex -15.8398 -16.3246 0
      vertex -15.975 -16.2557 7
      vertex -15.8398 -16.3246 7
    endloop
  endfacet
  facet normal 0.454054 0.890974 0
    outer loop
      vertex -15.975 -16.2557 7
      vertex -15.8398 -16.3246 0
      vertex -15.975 -16.2557 0
    endloop
  endfacet
  facet normal 0.965895 0.258934 0
    outer loop
      vertex -16.629 -15.4481 7
      vertex -16.6683 -15.3015 0
      vertex -16.6683 -15.3015 7
    endloop
  endfacet
  facet normal 0.965895 0.258934 0
    outer loop
      vertex -16.6683 -15.3015 0
      vertex -16.629 -15.4481 7
      vertex -16.629 -15.4481 0
    endloop
  endfacet
  facet normal 0.707107 0.707107 -0
    outer loop
      vertex -16.2202 -16.0776 0
      vertex -16.3276 -15.9702 7
      vertex -16.2202 -16.0776 7
    endloop
  endfacet
  facet normal 0.707107 0.707107 0
    outer loop
      vertex -16.3276 -15.9702 7
      vertex -16.2202 -16.0776 0
      vertex -16.3276 -15.9702 0
    endloop
  endfacet
  facet normal -0.629426 -0.777061 0
    outer loop
      vertex -14.3977 -13.8269 0
      vertex -14.2798 -13.9224 7
      vertex -14.3977 -13.8269 7
    endloop
  endfacet
  facet normal -0.629426 -0.777061 -0
    outer loop
      vertex -14.2798 -13.9224 7
      vertex -14.3977 -13.8269 0
      vertex -14.2798 -13.9224 0
    endloop
  endfacet
  facet normal -0.454054 0.890974 0
    outer loop
      vertex -14.525 -16.2557 0
      vertex -14.6602 -16.3246 7
      vertex -14.525 -16.2557 7
    endloop
  endfacet
  facet normal -0.454054 0.890974 0
    outer loop
      vertex -14.6602 -16.3246 7
      vertex -14.525 -16.2557 0
      vertex -14.6602 -16.3246 0
    endloop
  endfacet
  facet normal -0.933566 0.358405 0
    outer loop
      vertex -13.9254 -15.5898 0
      vertex -13.871 -15.4481 7
      vertex -13.871 -15.4481 0
    endloop
  endfacet
  facet normal -0.933566 0.358405 0
    outer loop
      vertex -13.871 -15.4481 7
      vertex -13.9254 -15.5898 0
      vertex -13.9254 -15.5898 7
    endloop
  endfacet
  facet normal -0.777061 -0.629426 0
    outer loop
      vertex -14.0769 -14.1477 0
      vertex -14.1724 -14.0298 7
      vertex -14.1724 -14.0298 0
    endloop
  endfacet
  facet normal -0.777061 -0.629426 0
    outer loop
      vertex -14.1724 -14.0298 7
      vertex -14.0769 -14.1477 0
      vertex -14.0769 -14.1477 7
    endloop
  endfacet
  facet normal 0.454054 -0.890974 0
    outer loop
      vertex -15.975 -13.7443 0
      vertex -15.8398 -13.6754 7
      vertex -15.975 -13.7443 7
    endloop
  endfacet
  facet normal 0.454054 -0.890974 0
    outer loop
      vertex -15.8398 -13.6754 7
      vertex -15.975 -13.7443 0
      vertex -15.8398 -13.6754 0
    endloop
  endfacet
  facet normal 0.890974 -0.454054 0
    outer loop
      vertex -16.5746 -14.4102 7
      vertex -16.5057 -14.275 0
      vertex -16.5057 -14.275 7
    endloop
  endfacet
  facet normal 0.890974 -0.454054 0
    outer loop
      vertex -16.5057 -14.275 0
      vertex -16.5746 -14.4102 7
      vertex -16.5746 -14.4102 0
    endloop
  endfacet
  facet normal 0.358405 -0.933566 0
    outer loop
      vertex -15.8398 -13.6754 0
      vertex -15.6981 -13.621 7
      vertex -15.8398 -13.6754 7
    endloop
  endfacet
  facet normal 0.358405 -0.933566 0
    outer loop
      vertex -15.6981 -13.621 7
      vertex -15.8398 -13.6754 0
      vertex -15.6981 -13.621 0
    endloop
  endfacet
  facet normal 0.933566 0.358405 0
    outer loop
      vertex -16.5746 -15.5898 7
      vertex -16.629 -15.4481 0
      vertex -16.629 -15.4481 7
    endloop
  endfacet
  facet normal 0.933566 0.358405 0
    outer loop
      vertex -16.629 -15.4481 0
      vertex -16.5746 -15.5898 7
      vertex -16.5746 -15.5898 0
    endloop
  endfacet
  facet normal -0.629426 0.777061 0
    outer loop
      vertex -14.2798 -16.0776 0
      vertex -14.3977 -16.1731 7
      vertex -14.2798 -16.0776 7
    endloop
  endfacet
  facet normal -0.629426 0.777061 0
    outer loop
      vertex -14.3977 -16.1731 7
      vertex -14.2798 -16.0776 0
      vertex -14.3977 -16.1731 0
    endloop
  endfacet
  facet normal 0.258934 -0.965895 0
    outer loop
      vertex -15.6981 -13.621 0
      vertex -15.5515 -13.5817 7
      vertex -15.6981 -13.621 7
    endloop
  endfacet
  facet normal 0.258934 -0.965895 0
    outer loop
      vertex -15.5515 -13.5817 7
      vertex -15.6981 -13.621 0
      vertex -15.5515 -13.5817 0
    endloop
  endfacet
  facet normal 0.933566 -0.358405 0
    outer loop
      vertex -16.629 -14.5519 7
      vertex -16.5746 -14.4102 0
      vertex -16.5746 -14.4102 7
    endloop
  endfacet
  facet normal 0.933566 -0.358405 0
    outer loop
      vertex -16.5746 -14.4102 0
      vertex -16.629 -14.5519 7
      vertex -16.629 -14.5519 0
    endloop
  endfacet
  facet normal -0.544316 0.83888 0
    outer loop
      vertex -14.3977 -16.1731 0
      vertex -14.525 -16.2557 7
      vertex -14.3977 -16.1731 7
    endloop
  endfacet
  facet normal -0.544316 0.83888 0
    outer loop
      vertex -14.525 -16.2557 7
      vertex -14.3977 -16.1731 0
      vertex -14.525 -16.2557 0
    endloop
  endfacet
  facet normal 0.0520402 -0.998645 0
    outer loop
      vertex -15.4016 -13.5579 0
      vertex -15.25 -13.55 7
      vertex -15.4016 -13.5579 7
    endloop
  endfacet
  facet normal 0.0520402 -0.998645 0
    outer loop
      vertex -15.25 -13.55 7
      vertex -15.4016 -13.5579 0
      vertex -15.25 -13.55 0
    endloop
  endfacet
  facet normal -0.0520402 0.998645 0
    outer loop
      vertex -15.0984 -16.4421 0
      vertex -15.25 -16.45 7
      vertex -15.0984 -16.4421 7
    endloop
  endfacet
  facet normal -0.0520402 0.998645 0
    outer loop
      vertex -15.25 -16.45 7
      vertex -15.0984 -16.4421 0
      vertex -15.25 -16.45 0
    endloop
  endfacet
  facet normal 0.629426 0.777061 -0
    outer loop
      vertex -16.1023 -16.1731 0
      vertex -16.2202 -16.0776 7
      vertex -16.1023 -16.1731 7
    endloop
  endfacet
  facet normal 0.629426 0.777061 0
    outer loop
      vertex -16.2202 -16.0776 7
      vertex -16.1023 -16.1731 0
      vertex -16.2202 -16.0776 0
    endloop
  endfacet
  facet normal 0.258934 0.965895 -0
    outer loop
      vertex -15.5515 -16.4183 0
      vertex -15.6981 -16.379 7
      vertex -15.5515 -16.4183 7
    endloop
  endfacet
  facet normal 0.258934 0.965895 0
    outer loop
      vertex -15.6981 -16.379 7
      vertex -15.5515 -16.4183 0
      vertex -15.6981 -16.379 0
    endloop
  endfacet
  facet normal -0.83888 0.544316 0
    outer loop
      vertex -14.0769 -15.8523 0
      vertex -13.9943 -15.725 7
      vertex -13.9943 -15.725 0
    endloop
  endfacet
  facet normal -0.83888 0.544316 0
    outer loop
      vertex -13.9943 -15.725 7
      vertex -14.0769 -15.8523 0
      vertex -14.0769 -15.8523 7
    endloop
  endfacet
  facet normal 0.987629 -0.156808 0
    outer loop
      vertex -16.6921 -14.8484 7
      vertex -16.6683 -14.6985 0
      vertex -16.6683 -14.6985 7
    endloop
  endfacet
  facet normal 0.987629 -0.156808 0
    outer loop
      vertex -16.6683 -14.6985 0
      vertex -16.6921 -14.8484 7
      vertex -16.6921 -14.8484 0
    endloop
  endfacet
  facet normal -0.156808 -0.987629 0
    outer loop
      vertex -15.0984 -13.5579 0
      vertex -14.9485 -13.5817 7
      vertex -15.0984 -13.5579 7
    endloop
  endfacet
  facet normal -0.156808 -0.987629 -0
    outer loop
      vertex -14.9485 -13.5817 7
      vertex -15.0984 -13.5579 0
      vertex -14.9485 -13.5817 0
    endloop
  endfacet
  facet normal 0.544316 0.83888 -0
    outer loop
      vertex -15.975 -16.2557 0
      vertex -16.1023 -16.1731 7
      vertex -15.975 -16.2557 7
    endloop
  endfacet
  facet normal 0.544316 0.83888 0
    outer loop
      vertex -16.1023 -16.1731 7
      vertex -15.975 -16.2557 0
      vertex -16.1023 -16.1731 0
    endloop
  endfacet
  facet normal 0.998645 -0.0520402 0
    outer loop
      vertex -16.7 -15 7
      vertex -16.6921 -14.8484 0
      vertex -16.6921 -14.8484 7
    endloop
  endfacet
  facet normal 0.998645 -0.0520402 0
    outer loop
      vertex -16.6921 -14.8484 0
      vertex -16.7 -15 7
      vertex -16.7 -15 0
    endloop
  endfacet
  facet normal 0.777061 0.629426 0
    outer loop
      vertex -16.3276 -15.9702 7
      vertex -16.4231 -15.8523 0
      vertex -16.4231 -15.8523 7
    endloop
  endfacet
  facet normal 0.777061 0.629426 0
    outer loop
      vertex -16.4231 -15.8523 0
      vertex -16.3276 -15.9702 7
      vertex -16.3276 -15.9702 0
    endloop
  endfacet
  facet normal -0.987629 -0.156808 0
    outer loop
      vertex -13.8079 15.1516 0
      vertex -13.8317 15.3015 7
      vertex -13.8317 15.3015 0
    endloop
  endfacet
  facet normal -0.987629 -0.156808 0
    outer loop
      vertex -13.8317 15.3015 7
      vertex -13.8079 15.1516 0
      vertex -13.8079 15.1516 7
    endloop
  endfacet
  facet normal -0.998645 -0.0520402 0
    outer loop
      vertex -13.8 15 0
      vertex -13.8079 15.1516 7
      vertex -13.8079 15.1516 0
    endloop
  endfacet
  facet normal -0.998645 -0.0520402 0
    outer loop
      vertex -13.8079 15.1516 7
      vertex -13.8 15 0
      vertex -13.8 15 7
    endloop
  endfacet
  facet normal -0.965895 -0.258934 0
    outer loop
      vertex -13.8317 15.3015 0
      vertex -13.871 15.4481 7
      vertex -13.871 15.4481 0
    endloop
  endfacet
  facet normal -0.965895 -0.258934 0
    outer loop
      vertex -13.871 15.4481 7
      vertex -13.8317 15.3015 0
      vertex -13.8317 15.3015 7
    endloop
  endfacet
  facet normal -0.933566 0.358405 0
    outer loop
      vertex -13.9254 14.4102 0
      vertex -13.871 14.5519 7
      vertex -13.871 14.5519 0
    endloop
  endfacet
  facet normal -0.933566 0.358405 0
    outer loop
      vertex -13.871 14.5519 7
      vertex -13.9254 14.4102 0
      vertex -13.9254 14.4102 7
    endloop
  endfacet
  facet normal -0.156808 -0.987629 0
    outer loop
      vertex -15.0984 16.4421 0
      vertex -14.9485 16.4183 7
      vertex -15.0984 16.4421 7
    endloop
  endfacet
  facet normal -0.156808 -0.987629 -0
    outer loop
      vertex -14.9485 16.4183 7
      vertex -15.0984 16.4421 0
      vertex -14.9485 16.4183 0
    endloop
  endfacet
  facet normal 0.965895 0.258934 0
    outer loop
      vertex -16.629 14.5519 7
      vertex -16.6683 14.6985 0
      vertex -16.6683 14.6985 7
    endloop
  endfacet
  facet normal 0.965895 0.258934 0
    outer loop
      vertex -16.6683 14.6985 0
      vertex -16.629 14.5519 7
      vertex -16.629 14.5519 0
    endloop
  endfacet
  facet normal 0.258934 -0.965895 0
    outer loop
      vertex -15.6981 16.379 0
      vertex -15.5515 16.4183 7
      vertex -15.6981 16.379 7
    endloop
  endfacet
  facet normal 0.258934 -0.965895 0
    outer loop
      vertex -15.5515 16.4183 7
      vertex -15.6981 16.379 0
      vertex -15.5515 16.4183 0
    endloop
  endfacet
  facet normal -0.707107 -0.707107 0
    outer loop
      vertex -14.1724 15.9702 0
      vertex -14.2798 16.0776 7
      vertex -14.2798 16.0776 0
    endloop
  endfacet
  facet normal -0.707107 -0.707107 0
    outer loop
      vertex -14.2798 16.0776 7
      vertex -14.1724 15.9702 0
      vertex -14.1724 15.9702 7
    endloop
  endfacet
  facet normal 0.933566 -0.358405 0
    outer loop
      vertex -16.629 15.4481 7
      vertex -16.5746 15.5898 0
      vertex -16.5746 15.5898 7
    endloop
  endfacet
  facet normal 0.933566 -0.358405 0
    outer loop
      vertex -16.5746 15.5898 0
      vertex -16.629 15.4481 7
      vertex -16.629 15.4481 0
    endloop
  endfacet
  facet normal -0.0520402 -0.998645 0
    outer loop
      vertex -15.25 16.45 0
      vertex -15.0984 16.4421 7
      vertex -15.25 16.45 7
    endloop
  endfacet
  facet normal -0.0520402 -0.998645 -0
    outer loop
      vertex -15.0984 16.4421 7
      vertex -15.25 16.45 0
      vertex -15.0984 16.4421 0
    endloop
  endfacet
  facet normal 0.987629 -0.156808 0
    outer loop
      vertex -16.6921 15.1516 7
      vertex -16.6683 15.3015 0
      vertex -16.6683 15.3015 7
    endloop
  endfacet
  facet normal 0.987629 -0.156808 0
    outer loop
      vertex -16.6683 15.3015 0
      vertex -16.6921 15.1516 7
      vertex -16.6921 15.1516 0
    endloop
  endfacet
  facet normal -0.83888 -0.544316 0
    outer loop
      vertex -13.9943 15.725 0
      vertex -14.0769 15.8523 7
      vertex -14.0769 15.8523 0
    endloop
  endfacet
  facet normal -0.83888 -0.544316 0
    outer loop
      vertex -14.0769 15.8523 7
      vertex -13.9943 15.725 0
      vertex -13.9943 15.725 7
    endloop
  endfacet
  facet normal 0.890974 0.454054 0
    outer loop
      vertex -16.5057 14.275 7
      vertex -16.5746 14.4102 0
      vertex -16.5746 14.4102 7
    endloop
  endfacet
  facet normal 0.890974 0.454054 0
    outer loop
      vertex -16.5746 14.4102 0
      vertex -16.5057 14.275 7
      vertex -16.5057 14.275 0
    endloop
  endfacet
  facet normal -0.454054 -0.890974 0
    outer loop
      vertex -14.6602 16.3246 0
      vertex -14.525 16.2557 7
      vertex -14.6602 16.3246 7
    endloop
  endfacet
  facet normal -0.454054 -0.890974 -0
    outer loop
      vertex -14.525 16.2557 7
      vertex -14.6602 16.3246 0
      vertex -14.525 16.2557 0
    endloop
  endfacet
  facet normal -0.890974 -0.454054 0
    outer loop
      vertex -13.9254 15.5898 0
      vertex -13.9943 15.725 7
      vertex -13.9943 15.725 0
    endloop
  endfacet
  facet normal -0.890974 -0.454054 0
    outer loop
      vertex -13.9943 15.725 7
      vertex -13.9254 15.5898 0
      vertex -13.9254 15.5898 7
    endloop
  endfacet
  facet normal 0.707107 0.707107 -0
    outer loop
      vertex -16.2202 13.9224 0
      vertex -16.3276 14.0298 7
      vertex -16.2202 13.9224 7
    endloop
  endfacet
  facet normal 0.707107 0.707107 0
    outer loop
      vertex -16.3276 14.0298 7
      vertex -16.2202 13.9224 0
      vertex -16.3276 14.0298 0
    endloop
  endfacet
  facet normal -0.544316 -0.83888 0
    outer loop
      vertex -14.525 16.2557 0
      vertex -14.3977 16.1731 7
      vertex -14.525 16.2557 7
    endloop
  endfacet
  facet normal -0.544316 -0.83888 -0
    outer loop
      vertex -14.3977 16.1731 7
      vertex -14.525 16.2557 0
      vertex -14.3977 16.1731 0
    endloop
  endfacet
  facet normal 0.156808 -0.987629 0
    outer loop
      vertex -15.5515 16.4183 0
      vertex -15.4016 16.4421 7
      vertex -15.5515 16.4183 7
    endloop
  endfacet
  facet normal 0.156808 -0.987629 0
    outer loop
      vertex -15.4016 16.4421 7
      vertex -15.5515 16.4183 0
      vertex -15.4016 16.4421 0
    endloop
  endfacet
  facet normal 0.707107 -0.707107 0
    outer loop
      vertex -16.3276 15.9702 0
      vertex -16.2202 16.0776 7
      vertex -16.3276 15.9702 7
    endloop
  endfacet
  facet normal 0.707107 -0.707107 0
    outer loop
      vertex -16.2202 16.0776 7
      vertex -16.3276 15.9702 0
      vertex -16.2202 16.0776 0
    endloop
  endfacet
  facet normal 0.83888 -0.544316 0
    outer loop
      vertex -16.5057 15.725 7
      vertex -16.4231 15.8523 0
      vertex -16.4231 15.8523 7
    endloop
  endfacet
  facet normal 0.83888 -0.544316 0
    outer loop
      vertex -16.4231 15.8523 0
      vertex -16.5057 15.725 7
      vertex -16.5057 15.725 0
    endloop
  endfacet
  facet normal -0.777061 0.629426 0
    outer loop
      vertex -14.1724 14.0298 0
      vertex -14.0769 14.1477 7
      vertex -14.0769 14.1477 0
    endloop
  endfacet
  facet normal -0.777061 0.629426 0
    outer loop
      vertex -14.0769 14.1477 7
      vertex -14.1724 14.0298 0
      vertex -14.1724 14.0298 7
    endloop
  endfacet
  facet normal 0.629426 -0.777061 0
    outer loop
      vertex -16.2202 16.0776 0
      vertex -16.1023 16.1731 7
      vertex -16.2202 16.0776 7
    endloop
  endfacet
  facet normal 0.629426 -0.777061 0
    outer loop
      vertex -16.1023 16.1731 7
      vertex -16.2202 16.0776 0
      vertex -16.1023 16.1731 0
    endloop
  endfacet
  facet normal -0.933566 -0.358405 0
    outer loop
      vertex -13.871 15.4481 0
      vertex -13.9254 15.5898 7
      vertex -13.9254 15.5898 0
    endloop
  endfacet
  facet normal -0.933566 -0.358405 0
    outer loop
      vertex -13.9254 15.5898 7
      vertex -13.871 15.4481 0
      vertex -13.871 15.4481 7
    endloop
  endfacet
  facet normal -0.777061 -0.629426 0
    outer loop
      vertex -14.0769 15.8523 0
      vertex -14.1724 15.9702 7
      vertex -14.1724 15.9702 0
    endloop
  endfacet
  facet normal -0.777061 -0.629426 0
    outer loop
      vertex -14.1724 15.9702 7
      vertex -14.0769 15.8523 0
      vertex -14.0769 15.8523 7
    endloop
  endfacet
  facet normal -0.629426 -0.777061 0
    outer loop
      vertex -14.3977 16.1731 0
      vertex -14.2798 16.0776 7
      vertex -14.3977 16.1731 7
    endloop
  endfacet
  facet normal -0.629426 -0.777061 -0
    outer loop
      vertex -14.2798 16.0776 7
      vertex -14.3977 16.1731 0
      vertex -14.2798 16.0776 0
    endloop
  endfacet
  facet normal -0.890974 0.454054 0
    outer loop
      vertex -13.9943 14.275 0
      vertex -13.9254 14.4102 7
      vertex -13.9254 14.4102 0
    endloop
  endfacet
  facet normal -0.890974 0.454054 0
    outer loop
      vertex -13.9254 14.4102 7
      vertex -13.9943 14.275 0
      vertex -13.9943 14.275 7
    endloop
  endfacet
  facet normal -0.358405 -0.933566 0
    outer loop
      vertex -14.8019 16.379 0
      vertex -14.6602 16.3246 7
      vertex -14.8019 16.379 7
    endloop
  endfacet
  facet normal -0.358405 -0.933566 -0
    outer loop
      vertex -14.6602 16.3246 7
      vertex -14.8019 16.379 0
      vertex -14.6602 16.3246 0
    endloop
  endfacet
  facet normal -0.998645 0.0520402 0
    outer loop
      vertex -13.8079 14.8484 0
      vertex -13.8 15 7
      vertex -13.8 15 0
    endloop
  endfacet
  facet normal -0.998645 0.0520402 0
    outer loop
      vertex -13.8 15 7
      vertex -13.8079 14.8484 0
      vertex -13.8079 14.8484 7
    endloop
  endfacet
  facet normal 0.358405 -0.933566 0
    outer loop
      vertex -15.8398 16.3246 0
      vertex -15.6981 16.379 7
      vertex -15.8398 16.3246 7
    endloop
  endfacet
  facet normal 0.358405 -0.933566 0
    outer loop
      vertex -15.6981 16.379 7
      vertex -15.8398 16.3246 0
      vertex -15.6981 16.379 0
    endloop
  endfacet
  facet normal -0.629426 0.777061 0
    outer loop
      vertex -14.2798 13.9224 0
      vertex -14.3977 13.8269 7
      vertex -14.2798 13.9224 7
    endloop
  endfacet
  facet normal -0.629426 0.777061 0
    outer loop
      vertex -14.3977 13.8269 7
      vertex -14.2798 13.9224 0
      vertex -14.3977 13.8269 0
    endloop
  endfacet
  facet normal -0.707107 0.707107 0
    outer loop
      vertex -14.2798 13.9224 0
      vertex -14.1724 14.0298 7
      vertex -14.1724 14.0298 0
    endloop
  endfacet
  facet normal -0.707107 0.707107 0
    outer loop
      vertex -14.1724 14.0298 7
      vertex -14.2798 13.9224 0
      vertex -14.2798 13.9224 7
    endloop
  endfacet
  facet normal -0.156808 0.987629 0
    outer loop
      vertex -14.9485 13.5817 0
      vertex -15.0984 13.5579 7
      vertex -14.9485 13.5817 7
    endloop
  endfacet
  facet normal -0.156808 0.987629 0
    outer loop
      vertex -15.0984 13.5579 7
      vertex -14.9485 13.5817 0
      vertex -15.0984 13.5579 0
    endloop
  endfacet
  facet normal -0.258934 0.965895 0
    outer loop
      vertex -14.8019 13.621 0
      vertex -14.9485 13.5817 7
      vertex -14.8019 13.621 7
    endloop
  endfacet
  facet normal -0.258934 0.965895 0
    outer loop
      vertex -14.9485 13.5817 7
      vertex -14.8019 13.621 0
      vertex -14.9485 13.5817 0
    endloop
  endfacet
  facet normal 0.933566 0.358405 0
    outer loop
      vertex -16.5746 14.4102 7
      vertex -16.629 14.5519 0
      vertex -16.629 14.5519 7
    endloop
  endfacet
  facet normal 0.933566 0.358405 0
    outer loop
      vertex -16.629 14.5519 0
      vertex -16.5746 14.4102 7
      vertex -16.5746 14.4102 0
    endloop
  endfacet
  facet normal -0.987629 0.156808 0
    outer loop
      vertex -13.8317 14.6985 0
      vertex -13.8079 14.8484 7
      vertex -13.8079 14.8484 0
    endloop
  endfacet
  facet normal -0.987629 0.156808 0
    outer loop
      vertex -13.8079 14.8484 7
      vertex -13.8317 14.6985 0
      vertex -13.8317 14.6985 7
    endloop
  endfacet
  facet normal -0.544316 0.83888 0
    outer loop
      vertex -14.3977 13.8269 0
      vertex -14.525 13.7443 7
      vertex -14.3977 13.8269 7
    endloop
  endfacet
  facet normal -0.544316 0.83888 0
    outer loop
      vertex -14.525 13.7443 7
      vertex -14.3977 13.8269 0
      vertex -14.525 13.7443 0
    endloop
  endfacet
  facet normal -0.454054 0.890974 0
    outer loop
      vertex -14.525 13.7443 0
      vertex -14.6602 13.6754 7
      vertex -14.525 13.7443 7
    endloop
  endfacet
  facet normal -0.454054 0.890974 0
    outer loop
      vertex -14.6602 13.6754 7
      vertex -14.525 13.7443 0
      vertex -14.6602 13.6754 0
    endloop
  endfacet
  facet normal -0.965895 0.258934 0
    outer loop
      vertex -13.871 14.5519 0
      vertex -13.8317 14.6985 7
      vertex -13.8317 14.6985 0
    endloop
  endfacet
  facet normal -0.965895 0.258934 0
    outer loop
      vertex -13.8317 14.6985 7
      vertex -13.871 14.5519 0
      vertex -13.871 14.5519 7
    endloop
  endfacet
  facet normal 0.965895 -0.258934 0
    outer loop
      vertex -16.6683 15.3015 7
      vertex -16.629 15.4481 0
      vertex -16.629 15.4481 7
    endloop
  endfacet
  facet normal 0.965895 -0.258934 0
    outer loop
      vertex -16.629 15.4481 0
      vertex -16.6683 15.3015 7
      vertex -16.6683 15.3015 0
    endloop
  endfacet
  facet normal -0.83888 0.544316 0
    outer loop
      vertex -14.0769 14.1477 0
      vertex -13.9943 14.275 7
      vertex -13.9943 14.275 0
    endloop
  endfacet
  facet normal -0.83888 0.544316 0
    outer loop
      vertex -13.9943 14.275 7
      vertex -14.0769 14.1477 0
      vertex -14.0769 14.1477 7
    endloop
  endfacet
  facet normal 0.0520402 0.998645 -0
    outer loop
      vertex -15.25 13.55 0
      vertex -15.4016 13.5579 7
      vertex -15.25 13.55 7
    endloop
  endfacet
  facet normal 0.0520402 0.998645 0
    outer loop
      vertex -15.4016 13.5579 7
      vertex -15.25 13.55 0
      vertex -15.4016 13.5579 0
    endloop
  endfacet
  facet normal 0.358405 0.933566 -0
    outer loop
      vertex -15.6981 13.621 0
      vertex -15.8398 13.6754 7
      vertex -15.6981 13.621 7
    endloop
  endfacet
  facet normal 0.358405 0.933566 0
    outer loop
      vertex -15.8398 13.6754 7
      vertex -15.6981 13.621 0
      vertex -15.8398 13.6754 0
    endloop
  endfacet
  facet normal -0.0520402 0.998645 0
    outer loop
      vertex -15.0984 13.5579 0
      vertex -15.25 13.55 7
      vertex -15.0984 13.5579 7
    endloop
  endfacet
  facet normal -0.0520402 0.998645 0
    outer loop
      vertex -15.25 13.55 7
      vertex -15.0984 13.5579 0
      vertex -15.25 13.55 0
    endloop
  endfacet
  facet normal 0.544316 -0.83888 0
    outer loop
      vertex -16.1023 16.1731 0
      vertex -15.975 16.2557 7
      vertex -16.1023 16.1731 7
    endloop
  endfacet
  facet normal 0.544316 -0.83888 0
    outer loop
      vertex -15.975 16.2557 7
      vertex -16.1023 16.1731 0
      vertex -15.975 16.2557 0
    endloop
  endfacet
  facet normal 0.454054 -0.890974 0
    outer loop
      vertex -15.975 16.2557 0
      vertex -15.8398 16.3246 7
      vertex -15.975 16.2557 7
    endloop
  endfacet
  facet normal 0.454054 -0.890974 0
    outer loop
      vertex -15.8398 16.3246 7
      vertex -15.975 16.2557 0
      vertex -15.8398 16.3246 0
    endloop
  endfacet
  facet normal 0.777061 0.629426 0
    outer loop
      vertex -16.3276 14.0298 7
      vertex -16.4231 14.1477 0
      vertex -16.4231 14.1477 7
    endloop
  endfacet
  facet normal 0.777061 0.629426 0
    outer loop
      vertex -16.4231 14.1477 0
      vertex -16.3276 14.0298 7
      vertex -16.3276 14.0298 0
    endloop
  endfacet
  facet normal -0.358405 0.933566 0
    outer loop
      vertex -14.6602 13.6754 0
      vertex -14.8019 13.621 7
      vertex -14.6602 13.6754 7
    endloop
  endfacet
  facet normal -0.358405 0.933566 0
    outer loop
      vertex -14.8019 13.621 7
      vertex -14.6602 13.6754 0
      vertex -14.8019 13.621 0
    endloop
  endfacet
  facet normal 0.629426 0.777061 -0
    outer loop
      vertex -16.1023 13.8269 0
      vertex -16.2202 13.9224 7
      vertex -16.1023 13.8269 7
    endloop
  endfacet
  facet normal 0.629426 0.777061 0
    outer loop
      vertex -16.2202 13.9224 7
      vertex -16.1023 13.8269 0
      vertex -16.2202 13.9224 0
    endloop
  endfacet
  facet normal 0.987629 0.156808 0
    outer loop
      vertex -16.6683 14.6985 7
      vertex -16.6921 14.8484 0
      vertex -16.6921 14.8484 7
    endloop
  endfacet
  facet normal 0.987629 0.156808 0
    outer loop
      vertex -16.6921 14.8484 0
      vertex -16.6683 14.6985 7
      vertex -16.6683 14.6985 0
    endloop
  endfacet
  facet normal 0.156808 0.987629 -0
    outer loop
      vertex -15.4016 13.5579 0
      vertex -15.5515 13.5817 7
      vertex -15.4016 13.5579 7
    endloop
  endfacet
  facet normal 0.156808 0.987629 0
    outer loop
      vertex -15.5515 13.5817 7
      vertex -15.4016 13.5579 0
      vertex -15.5515 13.5817 0
    endloop
  endfacet
  facet normal 0.544316 0.83888 -0
    outer loop
      vertex -15.975 13.7443 0
      vertex -16.1023 13.8269 7
      vertex -15.975 13.7443 7
    endloop
  endfacet
  facet normal 0.544316 0.83888 0
    outer loop
      vertex -16.1023 13.8269 7
      vertex -15.975 13.7443 0
      vertex -16.1023 13.8269 0
    endloop
  endfacet
  facet normal 0.890974 -0.454054 0
    outer loop
      vertex -16.5746 15.5898 7
      vertex -16.5057 15.725 0
      vertex -16.5057 15.725 7
    endloop
  endfacet
  facet normal 0.890974 -0.454054 0
    outer loop
      vertex -16.5057 15.725 0
      vertex -16.5746 15.5898 7
      vertex -16.5746 15.5898 0
    endloop
  endfacet
  facet normal 0.777061 -0.629426 0
    outer loop
      vertex -16.4231 15.8523 7
      vertex -16.3276 15.9702 0
      vertex -16.3276 15.9702 7
    endloop
  endfacet
  facet normal 0.777061 -0.629426 0
    outer loop
      vertex -16.3276 15.9702 0
      vertex -16.4231 15.8523 7
      vertex -16.4231 15.8523 0
    endloop
  endfacet
  facet normal -0.258934 -0.965895 0
    outer loop
      vertex -14.9485 16.4183 0
      vertex -14.8019 16.379 7
      vertex -14.9485 16.4183 7
    endloop
  endfacet
  facet normal -0.258934 -0.965895 -0
    outer loop
      vertex -14.8019 16.379 7
      vertex -14.9485 16.4183 0
      vertex -14.8019 16.379 0
    endloop
  endfacet
  facet normal 0.0520402 -0.998645 0
    outer loop
      vertex -15.4016 16.4421 0
      vertex -15.25 16.45 7
      vertex -15.4016 16.4421 7
    endloop
  endfacet
  facet normal 0.0520402 -0.998645 0
    outer loop
      vertex -15.25 16.45 7
      vertex -15.4016 16.4421 0
      vertex -15.25 16.45 0
    endloop
  endfacet
  facet normal 0.83888 0.544316 0
    outer loop
      vertex -16.4231 14.1477 7
      vertex -16.5057 14.275 0
      vertex -16.5057 14.275 7
    endloop
  endfacet
  facet normal 0.83888 0.544316 0
    outer loop
      vertex -16.5057 14.275 0
      vertex -16.4231 14.1477 7
      vertex -16.4231 14.1477 0
    endloop
  endfacet
  facet normal 0.998645 -0.0520402 0
    outer loop
      vertex -16.7 15 7
      vertex -16.6921 15.1516 0
      vertex -16.6921 15.1516 7
    endloop
  endfacet
  facet normal 0.998645 -0.0520402 0
    outer loop
      vertex -16.6921 15.1516 0
      vertex -16.7 15 7
      vertex -16.7 15 0
    endloop
  endfacet
  facet normal 0.998645 0.0520402 0
    outer loop
      vertex -16.6921 14.8484 7
      vertex -16.7 15 0
      vertex -16.7 15 7
    endloop
  endfacet
  facet normal 0.998645 0.0520402 0
    outer loop
      vertex -16.7 15 0
      vertex -16.6921 14.8484 7
      vertex -16.6921 14.8484 0
    endloop
  endfacet
  facet normal 0.258934 0.965895 -0
    outer loop
      vertex -15.5515 13.5817 0
      vertex -15.6981 13.621 7
      vertex -15.5515 13.5817 7
    endloop
  endfacet
  facet normal 0.258934 0.965895 0
    outer loop
      vertex -15.6981 13.621 7
      vertex -15.5515 13.5817 0
      vertex -15.6981 13.621 0
    endloop
  endfacet
  facet normal 0.454054 0.890974 -0
    outer loop
      vertex -15.8398 13.6754 0
      vertex -15.975 13.7443 7
      vertex -15.8398 13.6754 7
    endloop
  endfacet
  facet normal 0.454054 0.890974 0
    outer loop
      vertex -15.975 13.7443 7
      vertex -15.8398 13.6754 0
      vertex -15.975 13.7443 0
    endloop
  endfacet
  facet normal 0.629426 -0.777061 0
    outer loop
      vertex 14.2798 -13.9224 0
      vertex 14.3977 -13.8269 7
      vertex 14.2798 -13.9224 7
    endloop
  endfacet
  facet normal 0.629426 -0.777061 0
    outer loop
      vertex 14.3977 -13.8269 7
      vertex 14.2798 -13.9224 0
      vertex 14.3977 -13.8269 0
    endloop
  endfacet
  facet normal -0.987629 -0.156808 0
    outer loop
      vertex 16.6921 -14.8484 0
      vertex 16.6683 -14.6985 7
      vertex 16.6683 -14.6985 0
    endloop
  endfacet
  facet normal -0.987629 -0.156808 0
    outer loop
      vertex 16.6683 -14.6985 7
      vertex 16.6921 -14.8484 0
      vertex 16.6921 -14.8484 7
    endloop
  endfacet
  facet normal -0.998645 -0.0520402 0
    outer loop
      vertex 16.7 -15 0
      vertex 16.6921 -14.8484 7
      vertex 16.6921 -14.8484 0
    endloop
  endfacet
  facet normal -0.998645 -0.0520402 0
    outer loop
      vertex 16.6921 -14.8484 7
      vertex 16.7 -15 0
      vertex 16.7 -15 7
    endloop
  endfacet
  facet normal -0.965895 -0.258934 0
    outer loop
      vertex 16.6683 -14.6985 0
      vertex 16.629 -14.5519 7
      vertex 16.629 -14.5519 0
    endloop
  endfacet
  facet normal -0.965895 -0.258934 0
    outer loop
      vertex 16.629 -14.5519 7
      vertex 16.6683 -14.6985 0
      vertex 16.6683 -14.6985 7
    endloop
  endfacet
  facet normal -0.544316 -0.83888 0
    outer loop
      vertex 15.975 -13.7443 0
      vertex 16.1023 -13.8269 7
      vertex 15.975 -13.7443 7
    endloop
  endfacet
  facet normal -0.544316 -0.83888 -0
    outer loop
      vertex 16.1023 -13.8269 7
      vertex 15.975 -13.7443 0
      vertex 16.1023 -13.8269 0
    endloop
  endfacet
  facet normal -0.707107 0.707107 0
    outer loop
      vertex 16.3276 -15.9702 0
      vertex 16.2202 -16.0776 7
      vertex 16.3276 -15.9702 7
    endloop
  endfacet
  facet normal -0.707107 0.707107 0
    outer loop
      vertex 16.2202 -16.0776 7
      vertex 16.3276 -15.9702 0
      vertex 16.2202 -16.0776 0
    endloop
  endfacet
  facet normal -0.83888 -0.544316 0
    outer loop
      vertex 16.5057 -14.275 0
      vertex 16.4231 -14.1477 7
      vertex 16.4231 -14.1477 0
    endloop
  endfacet
  facet normal -0.83888 -0.544316 0
    outer loop
      vertex 16.4231 -14.1477 7
      vertex 16.5057 -14.275 0
      vertex 16.5057 -14.275 7
    endloop
  endfacet
  facet normal -0.933566 -0.358405 0
    outer loop
      vertex 16.629 -14.5519 0
      vertex 16.5746 -14.4102 7
      vertex 16.5746 -14.4102 0
    endloop
  endfacet
  facet normal -0.933566 -0.358405 0
    outer loop
      vertex 16.5746 -14.4102 7
      vertex 16.629 -14.5519 0
      vertex 16.629 -14.5519 7
    endloop
  endfacet
  facet normal 0.777061 0.629426 0
    outer loop
      vertex 14.1724 -15.9702 7
      vertex 14.0769 -15.8523 0
      vertex 14.0769 -15.8523 7
    endloop
  endfacet
  facet normal 0.777061 0.629426 0
    outer loop
      vertex 14.0769 -15.8523 0
      vertex 14.1724 -15.9702 7
      vertex 14.1724 -15.9702 0
    endloop
  endfacet
  facet normal 0.987629 -0.156808 0
    outer loop
      vertex 13.8079 -14.8484 7
      vertex 13.8317 -14.6985 0
      vertex 13.8317 -14.6985 7
    endloop
  endfacet
  facet normal 0.987629 -0.156808 0
    outer loop
      vertex 13.8317 -14.6985 0
      vertex 13.8079 -14.8484 7
      vertex 13.8079 -14.8484 0
    endloop
  endfacet
  facet normal -0.454054 0.890974 0
    outer loop
      vertex 15.975 -16.2557 0
      vertex 15.8398 -16.3246 7
      vertex 15.975 -16.2557 7
    endloop
  endfacet
  facet normal -0.454054 0.890974 0
    outer loop
      vertex 15.8398 -16.3246 7
      vertex 15.975 -16.2557 0
      vertex 15.8398 -16.3246 0
    endloop
  endfacet
  facet normal -0.83888 0.544316 0
    outer loop
      vertex 16.4231 -15.8523 0
      vertex 16.5057 -15.725 7
      vertex 16.5057 -15.725 0
    endloop
  endfacet
  facet normal -0.83888 0.544316 0
    outer loop
      vertex 16.5057 -15.725 7
      vertex 16.4231 -15.8523 0
      vertex 16.4231 -15.8523 7
    endloop
  endfacet
  facet normal 0.707107 -0.707107 0
    outer loop
      vertex 14.1724 -14.0298 7
      vertex 14.2798 -13.9224 0
      vertex 14.2798 -13.9224 7
    endloop
  endfacet
  facet normal 0.707107 -0.707107 0
    outer loop
      vertex 14.2798 -13.9224 0
      vertex 14.1724 -14.0298 7
      vertex 14.1724 -14.0298 0
    endloop
  endfacet
  facet normal 0.0520402 0.998645 -0
    outer loop
      vertex 15.25 -16.45 0
      vertex 15.0984 -16.4421 7
      vertex 15.25 -16.45 7
    endloop
  endfacet
  facet normal 0.0520402 0.998645 0
    outer loop
      vertex 15.0984 -16.4421 7
      vertex 15.25 -16.45 0
      vertex 15.0984 -16.4421 0
    endloop
  endfacet
  facet normal -0.358405 -0.933566 0
    outer loop
      vertex 15.6981 -13.621 0
      vertex 15.8398 -13.6754 7
      vertex 15.6981 -13.621 7
    endloop
  endfacet
  facet normal -0.358405 -0.933566 -0
    outer loop
      vertex 15.8398 -13.6754 7
      vertex 15.6981 -13.621 0
      vertex 15.8398 -13.6754 0
    endloop
  endfacet
  facet normal -0.890974 0.454054 0
    outer loop
      vertex 16.5057 -15.725 0
      vertex 16.5746 -15.5898 7
      vertex 16.5746 -15.5898 0
    endloop
  endfacet
  facet normal -0.890974 0.454054 0
    outer loop
      vertex 16.5746 -15.5898 7
      vertex 16.5057 -15.725 0
      vertex 16.5057 -15.725 7
    endloop
  endfacet
  facet normal 0.933566 -0.358405 0
    outer loop
      vertex 13.871 -14.5519 7
      vertex 13.9254 -14.4102 0
      vertex 13.9254 -14.4102 7
    endloop
  endfacet
  facet normal 0.933566 -0.358405 0
    outer loop
      vertex 13.9254 -14.4102 0
      vertex 13.871 -14.5519 7
      vertex 13.871 -14.5519 0
    endloop
  endfacet
  facet normal -0.0520402 -0.998645 0
    outer loop
      vertex 15.25 -13.55 0
      vertex 15.4016 -13.5579 7
      vertex 15.25 -13.55 7
    endloop
  endfacet
  facet normal -0.0520402 -0.998645 -0
    outer loop
      vertex 15.4016 -13.5579 7
      vertex 15.25 -13.55 0
      vertex 15.4016 -13.5579 0
    endloop
  endfacet
  facet normal -0.0520402 0.998645 0
    outer loop
      vertex 15.4016 -16.4421 0
      vertex 15.25 -16.45 7
      vertex 15.4016 -16.4421 7
    endloop
  endfacet
  facet normal -0.0520402 0.998645 0
    outer loop
      vertex 15.25 -16.45 7
      vertex 15.4016 -16.4421 0
      vertex 15.25 -16.45 0
    endloop
  endfacet
  facet normal -0.987629 0.156808 0
    outer loop
      vertex 16.6683 -15.3015 0
      vertex 16.6921 -15.1516 7
      vertex 16.6921 -15.1516 0
    endloop
  endfacet
  facet normal -0.987629 0.156808 0
    outer loop
      vertex 16.6921 -15.1516 7
      vertex 16.6683 -15.3015 0
      vertex 16.6683 -15.3015 7
    endloop
  endfacet
  facet normal 0.83888 -0.544316 0
    outer loop
      vertex 13.9943 -14.275 7
      vertex 14.0769 -14.1477 0
      vertex 14.0769 -14.1477 7
    endloop
  endfacet
  facet normal 0.83888 -0.544316 0
    outer loop
      vertex 14.0769 -14.1477 0
      vertex 13.9943 -14.275 7
      vertex 13.9943 -14.275 0
    endloop
  endfacet
  facet normal 0.156808 -0.987629 0
    outer loop
      vertex 14.9485 -13.5817 0
      vertex 15.0984 -13.5579 7
      vertex 14.9485 -13.5817 7
    endloop
  endfacet
  facet normal 0.156808 -0.987629 0
    outer loop
      vertex 15.0984 -13.5579 7
      vertex 14.9485 -13.5817 0
      vertex 15.0984 -13.5579 0
    endloop
  endfacet
  facet normal -0.707107 -0.707107 0
    outer loop
      vertex 16.2202 -13.9224 0
      vertex 16.3276 -14.0298 7
      vertex 16.2202 -13.9224 7
    endloop
  endfacet
  facet normal -0.707107 -0.707107 -0
    outer loop
      vertex 16.3276 -14.0298 7
      vertex 16.2202 -13.9224 0
      vertex 16.3276 -14.0298 0
    endloop
  endfacet
  facet normal 0.544316 -0.83888 0
    outer loop
      vertex 14.3977 -13.8269 0
      vertex 14.525 -13.7443 7
      vertex 14.3977 -13.8269 7
    endloop
  endfacet
  facet normal 0.544316 -0.83888 0
    outer loop
      vertex 14.525 -13.7443 7
      vertex 14.3977 -13.8269 0
      vertex 14.525 -13.7443 0
    endloop
  endfacet
  facet normal -0.965895 0.258934 0
    outer loop
      vertex 16.629 -15.4481 0
      vertex 16.6683 -15.3015 7
      vertex 16.6683 -15.3015 0
    endloop
  endfacet
  facet normal -0.965895 0.258934 0
    outer loop
      vertex 16.6683 -15.3015 7
      vertex 16.629 -15.4481 0
      vertex 16.629 -15.4481 7
    endloop
  endfacet
  facet normal 0.258934 0.965895 -0
    outer loop
      vertex 14.9485 -16.4183 0
      vertex 14.8019 -16.379 7
      vertex 14.9485 -16.4183 7
    endloop
  endfacet
  facet normal 0.258934 0.965895 0
    outer loop
      vertex 14.8019 -16.379 7
      vertex 14.9485 -16.4183 0
      vertex 14.8019 -16.379 0
    endloop
  endfacet
  facet normal 0.965895 0.258934 0
    outer loop
      vertex 13.871 -15.4481 7
      vertex 13.8317 -15.3015 0
      vertex 13.8317 -15.3015 7
    endloop
  endfacet
  facet normal 0.965895 0.258934 0
    outer loop
      vertex 13.8317 -15.3015 0
      vertex 13.871 -15.4481 7
      vertex 13.871 -15.4481 0
    endloop
  endfacet
  facet normal -0.777061 0.629426 0
    outer loop
      vertex 16.3276 -15.9702 0
      vertex 16.4231 -15.8523 7
      vertex 16.4231 -15.8523 0
    endloop
  endfacet
  facet normal -0.777061 0.629426 0
    outer loop
      vertex 16.4231 -15.8523 7
      vertex 16.3276 -15.9702 0
      vertex 16.3276 -15.9702 7
    endloop
  endfacet
  facet normal 0.358405 -0.933566 0
    outer loop
      vertex 14.6602 -13.6754 0
      vertex 14.8019 -13.621 7
      vertex 14.6602 -13.6754 7
    endloop
  endfacet
  facet normal 0.358405 -0.933566 0
    outer loop
      vertex 14.8019 -13.621 7
      vertex 14.6602 -13.6754 0
      vertex 14.8019 -13.621 0
    endloop
  endfacet
  facet normal -0.156808 0.987629 0
    outer loop
      vertex 15.5515 -16.4183 0
      vertex 15.4016 -16.4421 7
      vertex 15.5515 -16.4183 7
    endloop
  endfacet
  facet normal -0.156808 0.987629 0
    outer loop
      vertex 15.4016 -16.4421 7
      vertex 15.5515 -16.4183 0
      vertex 15.4016 -16.4421 0
    endloop
  endfacet
  facet normal -0.998645 0.0520402 0
    outer loop
      vertex 16.6921 -15.1516 0
      vertex 16.7 -15 7
      vertex 16.7 -15 0
    endloop
  endfacet
  facet normal -0.998645 0.0520402 0
    outer loop
      vertex 16.7 -15 7
      vertex 16.6921 -15.1516 0
      vertex 16.6921 -15.1516 7
    endloop
  endfacet
  facet normal 0.83888 0.544316 0
    outer loop
      vertex 14.0769 -15.8523 7
      vertex 13.9943 -15.725 0
      vertex 13.9943 -15.725 7
    endloop
  endfacet
  facet normal 0.83888 0.544316 0
    outer loop
      vertex 13.9943 -15.725 0
      vertex 14.0769 -15.8523 7
      vertex 14.0769 -15.8523 0
    endloop
  endfacet
  facet normal 0.998645 0.0520402 0
    outer loop
      vertex 13.8079 -15.1516 7
      vertex 13.8 -15 0
      vertex 13.8 -15 7
    endloop
  endfacet
  facet normal 0.998645 0.0520402 0
    outer loop
      vertex 13.8 -15 0
      vertex 13.8079 -15.1516 7
      vertex 13.8079 -15.1516 0
    endloop
  endfacet
  facet normal -0.933566 0.358405 0
    outer loop
      vertex 16.5746 -15.5898 0
      vertex 16.629 -15.4481 7
      vertex 16.629 -15.4481 0
    endloop
  endfacet
  facet normal -0.933566 0.358405 0
    outer loop
      vertex 16.629 -15.4481 7
      vertex 16.5746 -15.5898 0
      vertex 16.5746 -15.5898 7
    endloop
  endfacet
  facet normal -0.890974 -0.454054 0
    outer loop
      vertex 16.5746 -14.4102 0
      vertex 16.5057 -14.275 7
      vertex 16.5057 -14.275 0
    endloop
  endfacet
  facet normal -0.890974 -0.454054 0
    outer loop
      vertex 16.5057 -14.275 7
      vertex 16.5746 -14.4102 0
      vertex 16.5746 -14.4102 7
    endloop
  endfacet
  facet normal -0.454054 -0.890974 0
    outer loop
      vertex 15.8398 -13.6754 0
      vertex 15.975 -13.7443 7
      vertex 15.8398 -13.6754 7
    endloop
  endfacet
  facet normal -0.454054 -0.890974 -0
    outer loop
      vertex 15.975 -13.7443 7
      vertex 15.8398 -13.6754 0
      vertex 15.975 -13.7443 0
    endloop
  endfacet
  facet normal 0.933566 0.358405 0
    outer loop
      vertex 13.9254 -15.5898 7
      vertex 13.871 -15.4481 0
      vertex 13.871 -15.4481 7
    endloop
  endfacet
  facet normal 0.933566 0.358405 0
    outer loop
      vertex 13.871 -15.4481 0
      vertex 13.9254 -15.5898 7
      vertex 13.9254 -15.5898 0
    endloop
  endfacet
  facet normal 0.358405 0.933566 -0
    outer loop
      vertex 14.8019 -16.379 0
      vertex 14.6602 -16.3246 7
      vertex 14.8019 -16.379 7
    endloop
  endfacet
  facet normal 0.358405 0.933566 0
    outer loop
      vertex 14.6602 -16.3246 7
      vertex 14.8019 -16.379 0
      vertex 14.6602 -16.3246 0
    endloop
  endfacet
  facet normal -0.629426 -0.777061 0
    outer loop
      vertex 16.1023 -13.8269 0
      vertex 16.2202 -13.9224 7
      vertex 16.1023 -13.8269 7
    endloop
  endfacet
  facet normal -0.629426 -0.777061 -0
    outer loop
      vertex 16.2202 -13.9224 7
      vertex 16.1023 -13.8269 0
      vertex 16.2202 -13.9224 0
    endloop
  endfacet
  facet normal -0.358405 0.933566 0
    outer loop
      vertex 15.8398 -16.3246 0
      vertex 15.6981 -16.379 7
      vertex 15.8398 -16.3246 7
    endloop
  endfacet
  facet normal -0.358405 0.933566 0
    outer loop
      vertex 15.6981 -16.379 7
      vertex 15.8398 -16.3246 0
      vertex 15.6981 -16.379 0
    endloop
  endfacet
  facet normal 0.777061 -0.629426 0
    outer loop
      vertex 14.0769 -14.1477 7
      vertex 14.1724 -14.0298 0
      vertex 14.1724 -14.0298 7
    endloop
  endfacet
  facet normal 0.777061 -0.629426 0
    outer loop
      vertex 14.1724 -14.0298 0
      vertex 14.0769 -14.1477 7
      vertex 14.0769 -14.1477 0
    endloop
  endfacet
  facet normal -0.156808 -0.987629 0
    outer loop
      vertex 15.4016 -13.5579 0
      vertex 15.5515 -13.5817 7
      vertex 15.4016 -13.5579 7
    endloop
  endfacet
  facet normal -0.156808 -0.987629 -0
    outer loop
      vertex 15.5515 -13.5817 7
      vertex 15.4016 -13.5579 0
      vertex 15.5515 -13.5817 0
    endloop
  endfacet
  facet normal -0.777061 -0.629426 0
    outer loop
      vertex 16.4231 -14.1477 0
      vertex 16.3276 -14.0298 7
      vertex 16.3276 -14.0298 0
    endloop
  endfacet
  facet normal -0.777061 -0.629426 0
    outer loop
      vertex 16.3276 -14.0298 7
      vertex 16.4231 -14.1477 0
      vertex 16.4231 -14.1477 7
    endloop
  endfacet
  facet normal 0.156808 0.987629 -0
    outer loop
      vertex 15.0984 -16.4421 0
      vertex 14.9485 -16.4183 7
      vertex 15.0984 -16.4421 7
    endloop
  endfacet
  facet normal 0.156808 0.987629 0
    outer loop
      vertex 14.9485 -16.4183 7
      vertex 15.0984 -16.4421 0
      vertex 14.9485 -16.4183 0
    endloop
  endfacet
  facet normal 0.890974 0.454054 0
    outer loop
      vertex 13.9943 -15.725 7
      vertex 13.9254 -15.5898 0
      vertex 13.9254 -15.5898 7
    endloop
  endfacet
  facet normal 0.890974 0.454054 0
    outer loop
      vertex 13.9254 -15.5898 0
      vertex 13.9943 -15.725 7
      vertex 13.9943 -15.725 0
    endloop
  endfacet
  facet normal 0.965895 -0.258934 0
    outer loop
      vertex 13.8317 -14.6985 7
      vertex 13.871 -14.5519 0
      vertex 13.871 -14.5519 7
    endloop
  endfacet
  facet normal 0.965895 -0.258934 0
    outer loop
      vertex 13.871 -14.5519 0
      vertex 13.8317 -14.6985 7
      vertex 13.8317 -14.6985 0
    endloop
  endfacet
  facet normal 0.454054 -0.890974 0
    outer loop
      vertex 14.525 -13.7443 0
      vertex 14.6602 -13.6754 7
      vertex 14.525 -13.7443 7
    endloop
  endfacet
  facet normal 0.454054 -0.890974 0
    outer loop
      vertex 14.6602 -13.6754 7
      vertex 14.525 -13.7443 0
      vertex 14.6602 -13.6754 0
    endloop
  endfacet
  facet normal -0.629426 0.777061 0
    outer loop
      vertex 16.2202 -16.0776 0
      vertex 16.1023 -16.1731 7
      vertex 16.2202 -16.0776 7
    endloop
  endfacet
  facet normal -0.629426 0.777061 0
    outer loop
      vertex 16.1023 -16.1731 7
      vertex 16.2202 -16.0776 0
      vertex 16.1023 -16.1731 0
    endloop
  endfacet
  facet normal 0.258934 -0.965895 0
    outer loop
      vertex 14.8019 -13.621 0
      vertex 14.9485 -13.5817 7
      vertex 14.8019 -13.621 7
    endloop
  endfacet
  facet normal 0.258934 -0.965895 0
    outer loop
      vertex 14.9485 -13.5817 7
      vertex 14.8019 -13.621 0
      vertex 14.9485 -13.5817 0
    endloop
  endfacet
  facet normal -0.258934 -0.965895 0
    outer loop
      vertex 15.5515 -13.5817 0
      vertex 15.6981 -13.621 7
      vertex 15.5515 -13.5817 7
    endloop
  endfacet
  facet normal -0.258934 -0.965895 -0
    outer loop
      vertex 15.6981 -13.621 7
      vertex 15.5515 -13.5817 0
      vertex 15.6981 -13.621 0
    endloop
  endfacet
  facet normal 0.0520402 -0.998645 0
    outer loop
      vertex 15.0984 -13.5579 0
      vertex 15.25 -13.55 7
      vertex 15.0984 -13.5579 7
    endloop
  endfacet
  facet normal 0.0520402 -0.998645 0
    outer loop
      vertex 15.25 -13.55 7
      vertex 15.0984 -13.5579 0
      vertex 15.25 -13.55 0
    endloop
  endfacet
  facet normal -0.544316 0.83888 0
    outer loop
      vertex 16.1023 -16.1731 0
      vertex 15.975 -16.2557 7
      vertex 16.1023 -16.1731 7
    endloop
  endfacet
  facet normal -0.544316 0.83888 0
    outer loop
      vertex 15.975 -16.2557 7
      vertex 16.1023 -16.1731 0
      vertex 15.975 -16.2557 0
    endloop
  endfacet
  facet normal 0.890974 -0.454054 0
    outer loop
      vertex 13.9254 -14.4102 7
      vertex 13.9943 -14.275 0
      vertex 13.9943 -14.275 7
    endloop
  endfacet
  facet normal 0.890974 -0.454054 0
    outer loop
      vertex 13.9943 -14.275 0
      vertex 13.9254 -14.4102 7
      vertex 13.9254 -14.4102 0
    endloop
  endfacet
  facet normal -0.258934 0.965895 0
    outer loop
      vertex 15.6981 -16.379 0
      vertex 15.5515 -16.4183 7
      vertex 15.6981 -16.379 7
    endloop
  endfacet
  facet normal -0.258934 0.965895 0
    outer loop
      vertex 15.5515 -16.4183 7
      vertex 15.6981 -16.379 0
      vertex 15.5515 -16.4183 0
    endloop
  endfacet
  facet normal 0.707107 0.707107 0
    outer loop
      vertex 14.2798 -16.0776 7
      vertex 14.1724 -15.9702 0
      vertex 14.1724 -15.9702 7
    endloop
  endfacet
  facet normal 0.707107 0.707107 0
    outer loop
      vertex 14.1724 -15.9702 0
      vertex 14.2798 -16.0776 7
      vertex 14.2798 -16.0776 0
    endloop
  endfacet
  facet normal 0.987629 0.156808 0
    outer loop
      vertex 13.8317 -15.3015 7
      vertex 13.8079 -15.1516 0
      vertex 13.8079 -15.1516 7
    endloop
  endfacet
  facet normal 0.987629 0.156808 0
    outer loop
      vertex 13.8079 -15.1516 0
      vertex 13.8317 -15.3015 7
      vertex 13.8317 -15.3015 0
    endloop
  endfacet
  facet normal 0.544316 0.83888 -0
    outer loop
      vertex 14.525 -16.2557 0
      vertex 14.3977 -16.1731 7
      vertex 14.525 -16.2557 7
    endloop
  endfacet
  facet normal 0.544316 0.83888 0
    outer loop
      vertex 14.3977 -16.1731 7
      vertex 14.525 -16.2557 0
      vertex 14.3977 -16.1731 0
    endloop
  endfacet
  facet normal 0.454054 0.890974 -0
    outer loop
      vertex 14.6602 -16.3246 0
      vertex 14.525 -16.2557 7
      vertex 14.6602 -16.3246 7
    endloop
  endfacet
  facet normal 0.454054 0.890974 0
    outer loop
      vertex 14.525 -16.2557 7
      vertex 14.6602 -16.3246 0
      vertex 14.525 -16.2557 0
    endloop
  endfacet
  facet normal 0.998645 -0.0520402 0
    outer loop
      vertex 13.8 -15 7
      vertex 13.8079 -14.8484 0
      vertex 13.8079 -14.8484 7
    endloop
  endfacet
  facet normal 0.998645 -0.0520402 0
    outer loop
      vertex 13.8079 -14.8484 0
      vertex 13.8 -15 7
      vertex 13.8 -15 0
    endloop
  endfacet
  facet normal 0.629426 0.777061 -0
    outer loop
      vertex 14.3977 -16.1731 0
      vertex 14.2798 -16.0776 7
      vertex 14.3977 -16.1731 7
    endloop
  endfacet
  facet normal 0.629426 0.777061 0
    outer loop
      vertex 14.2798 -16.0776 7
      vertex 14.3977 -16.1731 0
      vertex 14.2798 -16.0776 0
    endloop
  endfacet
  facet normal -0.987629 -0.156808 0
    outer loop
      vertex 16.6921 15.1516 0
      vertex 16.6683 15.3015 7
      vertex 16.6683 15.3015 0
    endloop
  endfacet
  facet normal -0.987629 -0.156808 0
    outer loop
      vertex 16.6683 15.3015 7
      vertex 16.6921 15.1516 0
      vertex 16.6921 15.1516 7
    endloop
  endfacet
  facet normal -0.998645 -0.0520402 0
    outer loop
      vertex 16.7 15 0
      vertex 16.6921 15.1516 7
      vertex 16.6921 15.1516 0
    endloop
  endfacet
  facet normal -0.998645 -0.0520402 0
    outer loop
      vertex 16.6921 15.1516 7
      vertex 16.7 15 0
      vertex 16.7 15 7
    endloop
  endfacet
  facet normal -0.965895 -0.258934 0
    outer loop
      vertex 16.6683 15.3015 0
      vertex 16.629 15.4481 7
      vertex 16.629 15.4481 0
    endloop
  endfacet
  facet normal -0.965895 -0.258934 0
    outer loop
      vertex 16.629 15.4481 7
      vertex 16.6683 15.3015 0
      vertex 16.6683 15.3015 7
    endloop
  endfacet
  facet normal -0.933566 0.358405 0
    outer loop
      vertex 16.5746 14.4102 0
      vertex 16.629 14.5519 7
      vertex 16.629 14.5519 0
    endloop
  endfacet
  facet normal -0.933566 0.358405 0
    outer loop
      vertex 16.629 14.5519 7
      vertex 16.5746 14.4102 0
      vertex 16.5746 14.4102 7
    endloop
  endfacet
  facet normal -0.156808 -0.987629 0
    outer loop
      vertex 15.4016 16.4421 0
      vertex 15.5515 16.4183 7
      vertex 15.4016 16.4421 7
    endloop
  endfacet
  facet normal -0.156808 -0.987629 -0
    outer loop
      vertex 15.5515 16.4183 7
      vertex 15.4016 16.4421 0
      vertex 15.5515 16.4183 0
    endloop
  endfacet
  facet normal 0.965895 0.258934 0
    outer loop
      vertex 13.871 14.5519 7
      vertex 13.8317 14.6985 0
      vertex 13.8317 14.6985 7
    endloop
  endfacet
  facet normal 0.965895 0.258934 0
    outer loop
      vertex 13.8317 14.6985 0
      vertex 13.871 14.5519 7
      vertex 13.871 14.5519 0
    endloop
  endfacet
  facet normal 0.258934 -0.965895 0
    outer loop
      vertex 14.8019 16.379 0
      vertex 14.9485 16.4183 7
      vertex 14.8019 16.379 7
    endloop
  endfacet
  facet normal 0.258934 -0.965895 0
    outer loop
      vertex 14.9485 16.4183 7
      vertex 14.8019 16.379 0
      vertex 14.9485 16.4183 0
    endloop
  endfacet
  facet normal -0.707107 -0.707107 0
    outer loop
      vertex 16.2202 16.0776 0
      vertex 16.3276 15.9702 7
      vertex 16.2202 16.0776 7
    endloop
  endfacet
  facet normal -0.707107 -0.707107 -0
    outer loop
      vertex 16.3276 15.9702 7
      vertex 16.2202 16.0776 0
      vertex 16.3276 15.9702 0
    endloop
  endfacet
  facet normal 0.933566 -0.358405 0
    outer loop
      vertex 13.871 15.4481 7
      vertex 13.9254 15.5898 0
      vertex 13.9254 15.5898 7
    endloop
  endfacet
  facet normal 0.933566 -0.358405 0
    outer loop
      vertex 13.9254 15.5898 0
      vertex 13.871 15.4481 7
      vertex 13.871 15.4481 0
    endloop
  endfacet
  facet normal -0.0520402 -0.998645 0
    outer loop
      vertex 15.25 16.45 0
      vertex 15.4016 16.4421 7
      vertex 15.25 16.45 7
    endloop
  endfacet
  facet normal -0.0520402 -0.998645 -0
    outer loop
      vertex 15.4016 16.4421 7
      vertex 15.25 16.45 0
      vertex 15.4016 16.4421 0
    endloop
  endfacet
  facet normal 0.987629 -0.156808 0
    outer loop
      vertex 13.8079 15.1516 7
      vertex 13.8317 15.3015 0
      vertex 13.8317 15.3015 7
    endloop
  endfacet
  facet normal 0.987629 -0.156808 0
    outer loop
      vertex 13.8317 15.3015 0
      vertex 13.8079 15.1516 7
      vertex 13.8079 15.1516 0
    endloop
  endfacet
  facet normal -0.83888 -0.544316 0
    outer loop
      vertex 16.5057 15.725 0
      vertex 16.4231 15.8523 7
      vertex 16.4231 15.8523 0
    endloop
  endfacet
  facet normal -0.83888 -0.544316 0
    outer loop
      vertex 16.4231 15.8523 7
      vertex 16.5057 15.725 0
      vertex 16.5057 15.725 7
    endloop
  endfacet
  facet normal 0.890974 0.454054 0
    outer loop
      vertex 13.9943 14.275 7
      vertex 13.9254 14.4102 0
      vertex 13.9254 14.4102 7
    endloop
  endfacet
  facet normal 0.890974 0.454054 0
    outer loop
      vertex 13.9254 14.4102 0
      vertex 13.9943 14.275 7
      vertex 13.9943 14.275 0
    endloop
  endfacet
  facet normal -0.454054 -0.890974 0
    outer loop
      vertex 15.8398 16.3246 0
      vertex 15.975 16.2557 7
      vertex 15.8398 16.3246 7
    endloop
  endfacet
  facet normal -0.454054 -0.890974 -0
    outer loop
      vertex 15.975 16.2557 7
      vertex 15.8398 16.3246 0
      vertex 15.975 16.2557 0
    endloop
  endfacet
  facet normal -0.890974 -0.454054 0
    outer loop
      vertex 16.5746 15.5898 0
      vertex 16.5057 15.725 7
      vertex 16.5057 15.725 0
    endloop
  endfacet
  facet normal -0.890974 -0.454054 0
    outer loop
      vertex 16.5057 15.725 7
      vertex 16.5746 15.5898 0
      vertex 16.5746 15.5898 7
    endloop
  endfacet
  facet normal 0.707107 0.707107 0
    outer loop
      vertex 14.2798 13.9224 7
      vertex 14.1724 14.0298 0
      vertex 14.1724 14.0298 7
    endloop
  endfacet
  facet normal 0.707107 0.707107 0
    outer loop
      vertex 14.1724 14.0298 0
      vertex 14.2798 13.9224 7
      vertex 14.2798 13.9224 0
    endloop
  endfacet
  facet normal -0.544316 -0.83888 0
    outer loop
      vertex 15.975 16.2557 0
      vertex 16.1023 16.1731 7
      vertex 15.975 16.2557 7
    endloop
  endfacet
  facet normal -0.544316 -0.83888 -0
    outer loop
      vertex 16.1023 16.1731 7
      vertex 15.975 16.2557 0
      vertex 16.1023 16.1731 0
    endloop
  endfacet
  facet normal 0.156808 -0.987629 0
    outer loop
      vertex 14.9485 16.4183 0
      vertex 15.0984 16.4421 7
      vertex 14.9485 16.4183 7
    endloop
  endfacet
  facet normal 0.156808 -0.987629 0
    outer loop
      vertex 15.0984 16.4421 7
      vertex 14.9485 16.4183 0
      vertex 15.0984 16.4421 0
    endloop
  endfacet
  facet normal 0.707107 -0.707107 0
    outer loop
      vertex 14.1724 15.9702 7
      vertex 14.2798 16.0776 0
      vertex 14.2798 16.0776 7
    endloop
  endfacet
  facet normal 0.707107 -0.707107 0
    outer loop
      vertex 14.2798 16.0776 0
      vertex 14.1724 15.9702 7
      vertex 14.1724 15.9702 0
    endloop
  endfacet
  facet normal 0.83888 -0.544316 0
    outer loop
      vertex 13.9943 15.725 7
      vertex 14.0769 15.8523 0
      vertex 14.0769 15.8523 7
    endloop
  endfacet
  facet normal 0.83888 -0.544316 0
    outer loop
      vertex 14.0769 15.8523 0
      vertex 13.9943 15.725 7
      vertex 13.9943 15.725 0
    endloop
  endfacet
  facet normal -0.777061 0.629426 0
    outer loop
      vertex 16.3276 14.0298 0
      vertex 16.4231 14.1477 7
      vertex 16.4231 14.1477 0
    endloop
  endfacet
  facet normal -0.777061 0.629426 0
    outer loop
      vertex 16.4231 14.1477 7
      vertex 16.3276 14.0298 0
      vertex 16.3276 14.0298 7
    endloop
  endfacet
  facet normal 0.629426 -0.777061 0
    outer loop
      vertex 14.2798 16.0776 0
      vertex 14.3977 16.1731 7
      vertex 14.2798 16.0776 7
    endloop
  endfacet
  facet normal 0.629426 -0.777061 0
    outer loop
      vertex 14.3977 16.1731 7
      vertex 14.2798 16.0776 0
      vertex 14.3977 16.1731 0
    endloop
  endfacet
  facet normal -0.933566 -0.358405 0
    outer loop
      vertex 16.629 15.4481 0
      vertex 16.5746 15.5898 7
      vertex 16.5746 15.5898 0
    endloop
  endfacet
  facet normal -0.933566 -0.358405 0
    outer loop
      vertex 16.5746 15.5898 7
      vertex 16.629 15.4481 0
      vertex 16.629 15.4481 7
    endloop
  endfacet
  facet normal -0.777061 -0.629426 0
    outer loop
      vertex 16.4231 15.8523 0
      vertex 16.3276 15.9702 7
      vertex 16.3276 15.9702 0
    endloop
  endfacet
  facet normal -0.777061 -0.629426 0
    outer loop
      vertex 16.3276 15.9702 7
      vertex 16.4231 15.8523 0
      vertex 16.4231 15.8523 7
    endloop
  endfacet
  facet normal -0.629426 -0.777061 0
    outer loop
      vertex 16.1023 16.1731 0
      vertex 16.2202 16.0776 7
      vertex 16.1023 16.1731 7
    endloop
  endfacet
  facet normal -0.629426 -0.777061 -0
    outer loop
      vertex 16.2202 16.0776 7
      vertex 16.1023 16.1731 0
      vertex 16.2202 16.0776 0
    endloop
  endfacet
  facet normal -0.890974 0.454054 0
    outer loop
      vertex 16.5057 14.275 0
      vertex 16.5746 14.4102 7
      vertex 16.5746 14.4102 0
    endloop
  endfacet
  facet normal -0.890974 0.454054 0
    outer loop
      vertex 16.5746 14.4102 7
      vertex 16.5057 14.275 0
      vertex 16.5057 14.275 7
    endloop
  endfacet
  facet normal -0.358405 -0.933566 0
    outer loop
      vertex 15.6981 16.379 0
      vertex 15.8398 16.3246 7
      vertex 15.6981 16.379 7
    endloop
  endfacet
  facet normal -0.358405 -0.933566 -0
    outer loop
      vertex 15.8398 16.3246 7
      vertex 15.6981 16.379 0
      vertex 15.8398 16.3246 0
    endloop
  endfacet
  facet normal -0.998645 0.0520402 0
    outer loop
      vertex 16.6921 14.8484 0
      vertex 16.7 15 7
      vertex 16.7 15 0
    endloop
  endfacet
  facet normal -0.998645 0.0520402 0
    outer loop
      vertex 16.7 15 7
      vertex 16.6921 14.8484 0
      vertex 16.6921 14.8484 7
    endloop
  endfacet
  facet normal 0.358405 -0.933566 0
    outer loop
      vertex 14.6602 16.3246 0
      vertex 14.8019 16.379 7
      vertex 14.6602 16.3246 7
    endloop
  endfacet
  facet normal 0.358405 -0.933566 0
    outer loop
      vertex 14.8019 16.379 7
      vertex 14.6602 16.3246 0
      vertex 14.8019 16.379 0
    endloop
  endfacet
  facet normal -0.629426 0.777061 0
    outer loop
      vertex 16.2202 13.9224 0
      vertex 16.1023 13.8269 7
      vertex 16.2202 13.9224 7
    endloop
  endfacet
  facet normal -0.629426 0.777061 0
    outer loop
      vertex 16.1023 13.8269 7
      vertex 16.2202 13.9224 0
      vertex 16.1023 13.8269 0
    endloop
  endfacet
  facet normal -0.707107 0.707107 0
    outer loop
      vertex 16.3276 14.0298 0
      vertex 16.2202 13.9224 7
      vertex 16.3276 14.0298 7
    endloop
  endfacet
  facet normal -0.707107 0.707107 0
    outer loop
      vertex 16.2202 13.9224 7
      vertex 16.3276 14.0298 0
      vertex 16.2202 13.9224 0
    endloop
  endfacet
  facet normal -0.156808 0.987629 0
    outer loop
      vertex 15.5515 13.5817 0
      vertex 15.4016 13.5579 7
      vertex 15.5515 13.5817 7
    endloop
  endfacet
  facet normal -0.156808 0.987629 0
    outer loop
      vertex 15.4016 13.5579 7
      vertex 15.5515 13.5817 0
      vertex 15.4016 13.5579 0
    endloop
  endfacet
  facet normal -0.258934 0.965895 0
    outer loop
      vertex 15.6981 13.621 0
      vertex 15.5515 13.5817 7
      vertex 15.6981 13.621 7
    endloop
  endfacet
  facet normal -0.258934 0.965895 0
    outer loop
      vertex 15.5515 13.5817 7
      vertex 15.6981 13.621 0
      vertex 15.5515 13.5817 0
    endloop
  endfacet
  facet normal 0.933566 0.358405 0
    outer loop
      vertex 13.9254 14.4102 7
      vertex 13.871 14.5519 0
      vertex 13.871 14.5519 7
    endloop
  endfacet
  facet normal 0.933566 0.358405 0
    outer loop
      vertex 13.871 14.5519 0
      vertex 13.9254 14.4102 7
      vertex 13.9254 14.4102 0
    endloop
  endfacet
  facet normal -0.987629 0.156808 0
    outer loop
      vertex 16.6683 14.6985 0
      vertex 16.6921 14.8484 7
      vertex 16.6921 14.8484 0
    endloop
  endfacet
  facet normal -0.987629 0.156808 0
    outer loop
      vertex 16.6921 14.8484 7
      vertex 16.6683 14.6985 0
      vertex 16.6683 14.6985 7
    endloop
  endfacet
  facet normal -0.544316 0.83888 0
    outer loop
      vertex 16.1023 13.8269 0
      vertex 15.975 13.7443 7
      vertex 16.1023 13.8269 7
    endloop
  endfacet
  facet normal -0.544316 0.83888 0
    outer loop
      vertex 15.975 13.7443 7
      vertex 16.1023 13.8269 0
      vertex 15.975 13.7443 0
    endloop
  endfacet
  facet normal -0.454054 0.890974 0
    outer loop
      vertex 15.975 13.7443 0
      vertex 15.8398 13.6754 7
      vertex 15.975 13.7443 7
    endloop
  endfacet
  facet normal -0.454054 0.890974 0
    outer loop
      vertex 15.8398 13.6754 7
      vertex 15.975 13.7443 0
      vertex 15.8398 13.6754 0
    endloop
  endfacet
  facet normal -0.965895 0.258934 0
    outer loop
      vertex 16.629 14.5519 0
      vertex 16.6683 14.6985 7
      vertex 16.6683 14.6985 0
    endloop
  endfacet
  facet normal -0.965895 0.258934 0
    outer loop
      vertex 16.6683 14.6985 7
      vertex 16.629 14.5519 0
      vertex 16.629 14.5519 7
    endloop
  endfacet
  facet normal 0.965895 -0.258934 0
    outer loop
      vertex 13.8317 15.3015 7
      vertex 13.871 15.4481 0
      vertex 13.871 15.4481 7
    endloop
  endfacet
  facet normal 0.965895 -0.258934 0
    outer loop
      vertex 13.871 15.4481 0
      vertex 13.8317 15.3015 7
      vertex 13.8317 15.3015 0
    endloop
  endfacet
  facet normal -0.83888 0.544316 0
    outer loop
      vertex 16.4231 14.1477 0
      vertex 16.5057 14.275 7
      vertex 16.5057 14.275 0
    endloop
  endfacet
  facet normal -0.83888 0.544316 0
    outer loop
      vertex 16.5057 14.275 7
      vertex 16.4231 14.1477 0
      vertex 16.4231 14.1477 7
    endloop
  endfacet
  facet normal 0.0520402 0.998645 -0
    outer loop
      vertex 15.25 13.55 0
      vertex 15.0984 13.5579 7
      vertex 15.25 13.55 7
    endloop
  endfacet
  facet normal 0.0520402 0.998645 0
    outer loop
      vertex 15.0984 13.5579 7
      vertex 15.25 13.55 0
      vertex 15.0984 13.5579 0
    endloop
  endfacet
  facet normal 0.358405 0.933566 -0
    outer loop
      vertex 14.8019 13.621 0
      vertex 14.6602 13.6754 7
      vertex 14.8019 13.621 7
    endloop
  endfacet
  facet normal 0.358405 0.933566 0
    outer loop
      vertex 14.6602 13.6754 7
      vertex 14.8019 13.621 0
      vertex 14.6602 13.6754 0
    endloop
  endfacet
  facet normal -0.0520402 0.998645 0
    outer loop
      vertex 15.4016 13.5579 0
      vertex 15.25 13.55 7
      vertex 15.4016 13.5579 7
    endloop
  endfacet
  facet normal -0.0520402 0.998645 0
    outer loop
      vertex 15.25 13.55 7
      vertex 15.4016 13.5579 0
      vertex 15.25 13.55 0
    endloop
  endfacet
  facet normal 0.544316 -0.83888 0
    outer loop
      vertex 14.3977 16.1731 0
      vertex 14.525 16.2557 7
      vertex 14.3977 16.1731 7
    endloop
  endfacet
  facet normal 0.544316 -0.83888 0
    outer loop
      vertex 14.525 16.2557 7
      vertex 14.3977 16.1731 0
      vertex 14.525 16.2557 0
    endloop
  endfacet
  facet normal 0.454054 -0.890974 0
    outer loop
      vertex 14.525 16.2557 0
      vertex 14.6602 16.3246 7
      vertex 14.525 16.2557 7
    endloop
  endfacet
  facet normal 0.454054 -0.890974 0
    outer loop
      vertex 14.6602 16.3246 7
      vertex 14.525 16.2557 0
      vertex 14.6602 16.3246 0
    endloop
  endfacet
  facet normal 0.777061 0.629426 0
    outer loop
      vertex 14.1724 14.0298 7
      vertex 14.0769 14.1477 0
      vertex 14.0769 14.1477 7
    endloop
  endfacet
  facet normal 0.777061 0.629426 0
    outer loop
      vertex 14.0769 14.1477 0
      vertex 14.1724 14.0298 7
      vertex 14.1724 14.0298 0
    endloop
  endfacet
  facet normal -0.358405 0.933566 0
    outer loop
      vertex 15.8398 13.6754 0
      vertex 15.6981 13.621 7
      vertex 15.8398 13.6754 7
    endloop
  endfacet
  facet normal -0.358405 0.933566 0
    outer loop
      vertex 15.6981 13.621 7
      vertex 15.8398 13.6754 0
      vertex 15.6981 13.621 0
    endloop
  endfacet
  facet normal 0.629426 0.777061 -0
    outer loop
      vertex 14.3977 13.8269 0
      vertex 14.2798 13.9224 7
      vertex 14.3977 13.8269 7
    endloop
  endfacet
  facet normal 0.629426 0.777061 0
    outer loop
      vertex 14.2798 13.9224 7
      vertex 14.3977 13.8269 0
      vertex 14.2798 13.9224 0
    endloop
  endfacet
  facet normal 0.987629 0.156808 0
    outer loop
      vertex 13.8317 14.6985 7
      vertex 13.8079 14.8484 0
      vertex 13.8079 14.8484 7
    endloop
  endfacet
  facet normal 0.987629 0.156808 0
    outer loop
      vertex 13.8079 14.8484 0
      vertex 13.8317 14.6985 7
      vertex 13.8317 14.6985 0
    endloop
  endfacet
  facet normal 0.156808 0.987629 -0
    outer loop
      vertex 15.0984 13.5579 0
      vertex 14.9485 13.5817 7
      vertex 15.0984 13.5579 7
    endloop
  endfacet
  facet normal 0.156808 0.987629 0
    outer loop
      vertex 14.9485 13.5817 7
      vertex 15.0984 13.5579 0
      vertex 14.9485 13.5817 0
    endloop
  endfacet
  facet normal 0.544316 0.83888 -0
    outer loop
      vertex 14.525 13.7443 0
      vertex 14.3977 13.8269 7
      vertex 14.525 13.7443 7
    endloop
  endfacet
  facet normal 0.544316 0.83888 0
    outer loop
      vertex 14.3977 13.8269 7
      vertex 14.525 13.7443 0
      vertex 14.3977 13.8269 0
    endloop
  endfacet
  facet normal 0.890974 -0.454054 0
    outer loop
      vertex 13.9254 15.5898 7
      vertex 13.9943 15.725 0
      vertex 13.9943 15.725 7
    endloop
  endfacet
  facet normal 0.890974 -0.454054 0
    outer loop
      vertex 13.9943 15.725 0
      vertex 13.9254 15.5898 7
      vertex 13.9254 15.5898 0
    endloop
  endfacet
  facet normal 0.777061 -0.629426 0
    outer loop
      vertex 14.0769 15.8523 7
      vertex 14.1724 15.9702 0
      vertex 14.1724 15.9702 7
    endloop
  endfacet
  facet normal 0.777061 -0.629426 0
    outer loop
      vertex 14.1724 15.9702 0
      vertex 14.0769 15.8523 7
      vertex 14.0769 15.8523 0
    endloop
  endfacet
  facet normal -0.258934 -0.965895 0
    outer loop
      vertex 15.5515 16.4183 0
      vertex 15.6981 16.379 7
      vertex 15.5515 16.4183 7
    endloop
  endfacet
  facet normal -0.258934 -0.965895 -0
    outer loop
      vertex 15.6981 16.379 7
      vertex 15.5515 16.4183 0
      vertex 15.6981 16.379 0
    endloop
  endfacet
  facet normal 0.0520402 -0.998645 0
    outer loop
      vertex 15.0984 16.4421 0
      vertex 15.25 16.45 7
      vertex 15.0984 16.4421 7
    endloop
  endfacet
  facet normal 0.0520402 -0.998645 0
    outer loop
      vertex 15.25 16.45 7
      vertex 15.0984 16.4421 0
      vertex 15.25 16.45 0
    endloop
  endfacet
  facet normal 0.83888 0.544316 0
    outer loop
      vertex 14.0769 14.1477 7
      vertex 13.9943 14.275 0
      vertex 13.9943 14.275 7
    endloop
  endfacet
  facet normal 0.83888 0.544316 0
    outer loop
      vertex 13.9943 14.275 0
      vertex 14.0769 14.1477 7
      vertex 14.0769 14.1477 0
    endloop
  endfacet
  facet normal 0.998645 -0.0520402 0
    outer loop
      vertex 13.8 15 7
      vertex 13.8079 15.1516 0
      vertex 13.8079 15.1516 7
    endloop
  endfacet
  facet normal 0.998645 -0.0520402 0
    outer loop
      vertex 13.8079 15.1516 0
      vertex 13.8 15 7
      vertex 13.8 15 0
    endloop
  endfacet
  facet normal 0.998645 0.0520402 0
    outer loop
      vertex 13.8079 14.8484 7
      vertex 13.8 15 0
      vertex 13.8 15 7
    endloop
  endfacet
  facet normal 0.998645 0.0520402 0
    outer loop
      vertex 13.8 15 0
      vertex 13.8079 14.8484 7
      vertex 13.8079 14.8484 0
    endloop
  endfacet
  facet normal 0.258934 0.965895 -0
    outer loop
      vertex 14.9485 13.5817 0
      vertex 14.8019 13.621 7
      vertex 14.9485 13.5817 7
    endloop
  endfacet
  facet normal 0.258934 0.965895 0
    outer loop
      vertex 14.8019 13.621 7
      vertex 14.9485 13.5817 0
      vertex 14.8019 13.621 0
    endloop
  endfacet
  facet normal 0.454054 0.890974 -0
    outer loop
      vertex 14.6602 13.6754 0
      vertex 14.525 13.7443 7
      vertex 14.6602 13.6754 7
    endloop
  endfacet
  facet normal 0.454054 0.890974 0
    outer loop
      vertex 14.525 13.7443 7
      vertex 14.6602 13.6754 0
      vertex 14.525 13.7443 0
    endloop
  endfacet
  facet normal -0.156785 0.987633 0
    outer loop
      vertex -5.64655 -16.6628 0
      vertex -5.8223 -16.6907 2
      vertex -5.64655 -16.6628 2
    endloop
  endfacet
  facet normal -0.156785 0.987633 0
    outer loop
      vertex -5.8223 -16.6907 2
      vertex -5.64655 -16.6628 0
      vertex -5.8223 -16.6907 0
    endloop
  endfacet
  facet normal -0.987692 -0.156413 0
    outer loop
      vertex -4.30931 -14.8223 0
      vertex -4.33715 -14.6465 2
      vertex -4.33715 -14.6465 0
    endloop
  endfacet
  facet normal -0.987692 -0.156413 0
    outer loop
      vertex -4.33715 -14.6465 2
      vertex -4.30931 -14.8223 0
      vertex -4.30931 -14.8223 2
    endloop
  endfacet
  facet normal -0.99863 -0.0523199 0
    outer loop
      vertex -4.3 -15 0
      vertex -4.30931 -14.8223 2
      vertex -4.30931 -14.8223 0
    endloop
  endfacet
  facet normal -0.99863 -0.0523199 0
    outer loop
      vertex -4.30931 -14.8223 2
      vertex -4.3 -15 0
      vertex -4.3 -15 2
    endloop
  endfacet
  facet normal 0.99863 -0.0523199 0
    outer loop
      vertex -7.7 -15 2
      vertex -7.69069 -14.8223 0
      vertex -7.69069 -14.8223 2
    endloop
  endfacet
  facet normal 0.99863 -0.0523199 0
    outer loop
      vertex -7.69069 -14.8223 0
      vertex -7.7 -15 2
      vertex -7.7 -15 0
    endloop
  endfacet
  facet normal -0.987678 0.156499 0
    outer loop
      vertex -4.33715 -15.3534 0
      vertex -4.30931 -15.1777 2
      vertex -4.30931 -15.1777 0
    endloop
  endfacet
  facet normal -0.987678 0.156499 0
    outer loop
      vertex -4.30931 -15.1777 2
      vertex -4.33715 -15.3534 0
      vertex -4.33715 -15.3534 2
    endloop
  endfacet
  facet normal -0.358527 -0.933519 0
    outer loop
      vertex -5.47467 -13.3832 0
      vertex -5.30855 -13.447 2
      vertex -5.47467 -13.3832 2
    endloop
  endfacet
  facet normal -0.358527 -0.933519 -0
    outer loop
      vertex -5.30855 -13.447 2
      vertex -5.47467 -13.3832 0
      vertex -5.30855 -13.447 0
    endloop
  endfacet
  facet normal -0.454056 0.890973 0
    outer loop
      vertex -5.15 -16.4722 0
      vertex -5.30855 -16.553 2
      vertex -5.15 -16.4722 2
    endloop
  endfacet
  facet normal -0.454056 0.890973 0
    outer loop
      vertex -5.30855 -16.553 2
      vertex -5.15 -16.4722 0
      vertex -5.30855 -16.553 0
    endloop
  endfacet
  facet normal -0.454056 -0.890973 0
    outer loop
      vertex -5.30855 -13.447 0
      vertex -5.15 -13.5278 2
      vertex -5.30855 -13.447 2
    endloop
  endfacet
  facet normal -0.454056 -0.890973 -0
    outer loop
      vertex -5.15 -13.5278 2
      vertex -5.30855 -13.447 0
      vertex -5.15 -13.5278 0
    endloop
  endfacet
  facet normal -0.259054 -0.965863 0
    outer loop
      vertex -5.64655 -13.3371 0
      vertex -5.47467 -13.3832 2
      vertex -5.64655 -13.3371 2
    endloop
  endfacet
  facet normal -0.259054 -0.965863 -0
    outer loop
      vertex -5.47467 -13.3832 2
      vertex -5.64655 -13.3371 0
      vertex -5.47467 -13.3832 0
    endloop
  endfacet
  facet normal 0.358527 -0.933519 0
    outer loop
      vertex -6.69145 -13.447 0
      vertex -6.52533 -13.3832 2
      vertex -6.69145 -13.447 2
    endloop
  endfacet
  facet normal 0.358527 -0.933519 0
    outer loop
      vertex -6.52533 -13.3832 2
      vertex -6.69145 -13.447 0
      vertex -6.52533 -13.3832 0
    endloop
  endfacet
  facet normal -0.777182 0.629276 0
    outer loop
      vertex -4.73665 -16.1375 0
      vertex -4.62467 -15.9992 2
      vertex -4.62467 -15.9992 0
    endloop
  endfacet
  facet normal -0.777182 0.629276 0
    outer loop
      vertex -4.62467 -15.9992 2
      vertex -4.73665 -16.1375 0
      vertex -4.73665 -16.1375 2
    endloop
  endfacet
  facet normal -0.358527 0.933519 0
    outer loop
      vertex -5.30855 -16.553 0
      vertex -5.47467 -16.6168 2
      vertex -5.30855 -16.553 2
    endloop
  endfacet
  facet normal -0.358527 0.933519 0
    outer loop
      vertex -5.47467 -16.6168 2
      vertex -5.30855 -16.553 0
      vertex -5.47467 -16.6168 0
    endloop
  endfacet
  facet normal 0.890938 -0.454125 0
    outer loop
      vertex -7.55303 -14.3085 2
      vertex -7.47224 -14.15 0
      vertex -7.47224 -14.15 2
    endloop
  endfacet
  facet normal 0.890938 -0.454125 0
    outer loop
      vertex -7.47224 -14.15 0
      vertex -7.55303 -14.3085 2
      vertex -7.55303 -14.3085 0
    endloop
  endfacet
  facet normal 0.629371 0.777105 -0
    outer loop
      vertex -6.99923 -16.3753 0
      vertex -7.13752 -16.2633 2
      vertex -6.99923 -16.3753 2
    endloop
  endfacet
  facet normal 0.629371 0.777105 0
    outer loop
      vertex -7.13752 -16.2633 2
      vertex -6.99923 -16.3753 0
      vertex -7.13752 -16.2633 0
    endloop
  endfacet
  facet normal -0.25853 0.966003 0
    outer loop
      vertex -5.47467 -16.6168 0
      vertex -5.64655 -16.6628 2
      vertex -5.47467 -16.6168 2
    endloop
  endfacet
  facet normal -0.25853 0.966003 0
    outer loop
      vertex -5.64655 -16.6628 2
      vertex -5.47467 -16.6168 0
      vertex -5.64655 -16.6628 0
    endloop
  endfacet
  facet normal -0.99863 0.0523199 0
    outer loop
      vertex -4.30931 -15.1777 0
      vertex -4.3 -15 2
      vertex -4.3 -15 0
    endloop
  endfacet
  facet normal -0.99863 0.0523199 0
    outer loop
      vertex -4.3 -15 2
      vertex -4.30931 -15.1777 0
      vertex -4.30931 -15.1777 2
    endloop
  endfacet
  facet normal 0.25853 0.966003 -0
    outer loop
      vertex -6.35345 -16.6628 0
      vertex -6.52533 -16.6168 2
      vertex -6.35345 -16.6628 2
    endloop
  endfacet
  facet normal 0.25853 0.966003 0
    outer loop
      vertex -6.52533 -16.6168 2
      vertex -6.35345 -16.6628 0
      vertex -6.52533 -16.6168 0
    endloop
  endfacet
  facet normal -0.54457 -0.838716 0
    outer loop
      vertex -5.15 -13.5278 0
      vertex -5.00076 -13.6247 2
      vertex -5.15 -13.5278 2
    endloop
  endfacet
  facet normal -0.54457 -0.838716 -0
    outer loop
      vertex -5.00076 -13.6247 2
      vertex -5.15 -13.5278 0
      vertex -5.00076 -13.6247 0
    endloop
  endfacet
  facet normal 0.0522639 0.998633 -0
    outer loop
      vertex -6 -16.7 0
      vertex -6.1777 -16.6907 2
      vertex -6 -16.7 2
    endloop
  endfacet
  facet normal 0.0522639 0.998633 0
    outer loop
      vertex -6.1777 -16.6907 2
      vertex -6 -16.7 0
      vertex -6.1777 -16.6907 0
    endloop
  endfacet
  facet normal -0.838623 -0.544712 0
    outer loop
      vertex -4.52776 -14.15 0
      vertex -4.62467 -14.0008 2
      vertex -4.62467 -14.0008 0
    endloop
  endfacet
  facet normal -0.838623 -0.544712 0
    outer loop
      vertex -4.62467 -14.0008 2
      vertex -4.52776 -14.15 0
      vertex -4.52776 -14.15 2
    endloop
  endfacet
  facet normal -0.0522639 0.998633 0
    outer loop
      vertex -5.8223 -16.6907 0
      vertex -6 -16.7 2
      vertex -5.8223 -16.6907 2
    endloop
  endfacet
  facet normal -0.0522639 0.998633 0
    outer loop
      vertex -6 -16.7 2
      vertex -5.8223 -16.6907 0
      vertex -6 -16.7 0
    endloop
  endfacet
  facet normal 0.454056 -0.890973 0
    outer loop
      vertex -6.85 -13.5278 0
      vertex -6.69145 -13.447 2
      vertex -6.85 -13.5278 2
    endloop
  endfacet
  facet normal 0.454056 -0.890973 0
    outer loop
      vertex -6.69145 -13.447 2
      vertex -6.85 -13.5278 0
      vertex -6.69145 -13.447 0
    endloop
  endfacet
  facet normal -0.890938 -0.454125 0
    outer loop
      vertex -4.44697 -14.3085 0
      vertex -4.52776 -14.15 2
      vertex -4.52776 -14.15 0
    endloop
  endfacet
  facet normal -0.890938 -0.454125 0
    outer loop
      vertex -4.52776 -14.15 2
      vertex -4.44697 -14.3085 0
      vertex -4.44697 -14.3085 2
    endloop
  endfacet
  facet normal 0.987692 -0.156413 0
    outer loop
      vertex -7.69069 -14.8223 2
      vertex -7.66285 -14.6465 0
      vertex -7.66285 -14.6465 2
    endloop
  endfacet
  facet normal 0.987692 -0.156413 0
    outer loop
      vertex -7.66285 -14.6465 0
      vertex -7.69069 -14.8223 2
      vertex -7.69069 -14.8223 0
    endloop
  endfacet
  facet normal 0.933633 0.35823 0
    outer loop
      vertex -7.55303 -15.6915 2
      vertex -7.6168 -15.5253 0
      vertex -7.6168 -15.5253 2
    endloop
  endfacet
  facet normal 0.933633 0.35823 0
    outer loop
      vertex -7.6168 -15.5253 0
      vertex -7.55303 -15.6915 2
      vertex -7.55303 -15.6915 0
    endloop
  endfacet
  facet normal 0.987678 0.156499 0
    outer loop
      vertex -7.66285 -15.3534 2
      vertex -7.69069 -15.1777 0
      vertex -7.69069 -15.1777 2
    endloop
  endfacet
  facet normal 0.987678 0.156499 0
    outer loop
      vertex -7.69069 -15.1777 0
      vertex -7.66285 -15.3534 2
      vertex -7.66285 -15.3534 0
    endloop
  endfacet
  facet normal -0.707022 0.707191 0
    outer loop
      vertex -4.86248 -16.2633 0
      vertex -4.73665 -16.1375 2
      vertex -4.73665 -16.1375 0
    endloop
  endfacet
  facet normal -0.707022 0.707191 0
    outer loop
      vertex -4.73665 -16.1375 2
      vertex -4.86248 -16.2633 0
      vertex -4.86248 -16.2633 2
    endloop
  endfacet
  facet normal -0.933633 -0.35823 0
    outer loop
      vertex -4.3832 -14.4747 0
      vertex -4.44697 -14.3085 2
      vertex -4.44697 -14.3085 0
    endloop
  endfacet
  facet normal -0.933633 -0.35823 0
    outer loop
      vertex -4.44697 -14.3085 2
      vertex -4.3832 -14.4747 0
      vertex -4.3832 -14.4747 2
    endloop
  endfacet
  facet normal 0.777182 0.629276 0
    outer loop
      vertex -7.26335 -16.1375 2
      vertex -7.37533 -15.9992 0
      vertex -7.37533 -15.9992 2
    endloop
  endfacet
  facet normal 0.777182 0.629276 0
    outer loop
      vertex -7.37533 -15.9992 0
      vertex -7.26335 -16.1375 2
      vertex -7.26335 -16.1375 0
    endloop
  endfacet
  facet normal -0.777182 -0.629276 0
    outer loop
      vertex -4.62467 -14.0008 0
      vertex -4.73665 -13.8625 2
      vertex -4.73665 -13.8625 0
    endloop
  endfacet
  facet normal -0.777182 -0.629276 0
    outer loop
      vertex -4.73665 -13.8625 2
      vertex -4.62467 -14.0008 0
      vertex -4.62467 -14.0008 2
    endloop
  endfacet
  facet normal 0.358527 0.933519 -0
    outer loop
      vertex -6.52533 -16.6168 0
      vertex -6.69145 -16.553 2
      vertex -6.52533 -16.6168 2
    endloop
  endfacet
  facet normal 0.358527 0.933519 0
    outer loop
      vertex -6.69145 -16.553 2
      vertex -6.52533 -16.6168 0
      vertex -6.69145 -16.553 0
    endloop
  endfacet
  facet normal 0.777182 -0.629276 0
    outer loop
      vertex -7.37533 -14.0008 2
      vertex -7.26335 -13.8625 0
      vertex -7.26335 -13.8625 2
    endloop
  endfacet
  facet normal 0.777182 -0.629276 0
    outer loop
      vertex -7.26335 -13.8625 0
      vertex -7.37533 -14.0008 2
      vertex -7.37533 -14.0008 0
    endloop
  endfacet
  facet normal 0.629371 -0.777105 0
    outer loop
      vertex -7.13752 -13.7367 0
      vertex -6.99923 -13.6247 2
      vertex -7.13752 -13.7367 2
    endloop
  endfacet
  facet normal 0.629371 -0.777105 0
    outer loop
      vertex -6.99923 -13.6247 2
      vertex -7.13752 -13.7367 0
      vertex -6.99923 -13.6247 0
    endloop
  endfacet
  facet normal 0.544595 0.838699 -0
    outer loop
      vertex -6.85 -16.4722 0
      vertex -6.99923 -16.3753 2
      vertex -6.85 -16.4722 2
    endloop
  endfacet
  facet normal 0.544595 0.838699 0
    outer loop
      vertex -6.99923 -16.3753 2
      vertex -6.85 -16.4722 0
      vertex -6.99923 -16.3753 0
    endloop
  endfacet
  facet normal -0.707022 -0.707191 0
    outer loop
      vertex -4.73665 -13.8625 0
      vertex -4.86248 -13.7367 2
      vertex -4.86248 -13.7367 0
    endloop
  endfacet
  facet normal -0.707022 -0.707191 0
    outer loop
      vertex -4.86248 -13.7367 2
      vertex -4.73665 -13.8625 0
      vertex -4.73665 -13.8625 2
    endloop
  endfacet
  facet normal -0.965941 0.258764 0
    outer loop
      vertex -4.3832 -15.5253 0
      vertex -4.33715 -15.3534 2
      vertex -4.33715 -15.3534 0
    endloop
  endfacet
  facet normal -0.965941 0.258764 0
    outer loop
      vertex -4.33715 -15.3534 2
      vertex -4.3832 -15.5253 0
      vertex -4.3832 -15.5253 2
    endloop
  endfacet
  facet normal 0.156785 0.987633 -0
    outer loop
      vertex -6.1777 -16.6907 0
      vertex -6.35345 -16.6628 2
      vertex -6.1777 -16.6907 2
    endloop
  endfacet
  facet normal 0.156785 0.987633 0
    outer loop
      vertex -6.35345 -16.6628 2
      vertex -6.1777 -16.6907 0
      vertex -6.35345 -16.6628 0
    endloop
  endfacet
  facet normal 0.838623 -0.544712 0
    outer loop
      vertex -7.47224 -14.15 2
      vertex -7.37533 -14.0008 0
      vertex -7.37533 -14.0008 2
    endloop
  endfacet
  facet normal 0.838623 -0.544712 0
    outer loop
      vertex -7.37533 -14.0008 0
      vertex -7.47224 -14.15 2
      vertex -7.47224 -14.15 0
    endloop
  endfacet
  facet normal 0.156237 -0.98772 0
    outer loop
      vertex -6.35345 -13.3371 0
      vertex -6.1777 -13.3093 2
      vertex -6.35345 -13.3371 2
    endloop
  endfacet
  facet normal 0.156237 -0.98772 0
    outer loop
      vertex -6.1777 -13.3093 2
      vertex -6.35345 -13.3371 0
      vertex -6.1777 -13.3093 0
    endloop
  endfacet
  facet normal 0.259054 -0.965863 0
    outer loop
      vertex -6.52533 -13.3832 0
      vertex -6.35345 -13.3371 2
      vertex -6.52533 -13.3832 2
    endloop
  endfacet
  facet normal 0.259054 -0.965863 0
    outer loop
      vertex -6.35345 -13.3371 2
      vertex -6.52533 -13.3832 0
      vertex -6.35345 -13.3371 0
    endloop
  endfacet
  facet normal 0.544595 -0.838699 0
    outer loop
      vertex -6.99923 -13.6247 0
      vertex -6.85 -13.5278 2
      vertex -6.99923 -13.6247 2
    endloop
  endfacet
  facet normal 0.544595 -0.838699 0
    outer loop
      vertex -6.85 -13.5278 2
      vertex -6.99923 -13.6247 0
      vertex -6.85 -13.5278 0
    endloop
  endfacet
  facet normal -0.629399 -0.777083 0
    outer loop
      vertex -5.00076 -13.6247 0
      vertex -4.86248 -13.7367 2
      vertex -5.00076 -13.6247 2
    endloop
  endfacet
  facet normal -0.629399 -0.777083 -0
    outer loop
      vertex -4.86248 -13.7367 2
      vertex -5.00076 -13.6247 0
      vertex -4.86248 -13.7367 0
    endloop
  endfacet
  facet normal 0.965941 0.258764 0
    outer loop
      vertex -7.6168 -15.5253 2
      vertex -7.66285 -15.3534 0
      vertex -7.66285 -15.3534 2
    endloop
  endfacet
  facet normal 0.965941 0.258764 0
    outer loop
      vertex -7.66285 -15.3534 0
      vertex -7.6168 -15.5253 2
      vertex -7.6168 -15.5253 0
    endloop
  endfacet
  facet normal -0.965903 -0.258905 0
    outer loop
      vertex -4.33715 -14.6465 0
      vertex -4.3832 -14.4747 2
      vertex -4.3832 -14.4747 0
    endloop
  endfacet
  facet normal -0.965903 -0.258905 0
    outer loop
      vertex -4.3832 -14.4747 2
      vertex -4.33715 -14.6465 0
      vertex -4.33715 -14.6465 2
    endloop
  endfacet
  facet normal -0.933633 0.35823 0
    outer loop
      vertex -4.44697 -15.6915 0
      vertex -4.3832 -15.5253 2
      vertex -4.3832 -15.5253 0
    endloop
  endfacet
  facet normal -0.933633 0.35823 0
    outer loop
      vertex -4.3832 -15.5253 2
      vertex -4.44697 -15.6915 0
      vertex -4.44697 -15.6915 2
    endloop
  endfacet
  facet normal 0.99863 0.0523199 0
    outer loop
      vertex -7.69069 -15.1777 2
      vertex -7.7 -15 0
      vertex -7.7 -15 2
    endloop
  endfacet
  facet normal 0.99863 0.0523199 0
    outer loop
      vertex -7.7 -15 0
      vertex -7.69069 -15.1777 2
      vertex -7.69069 -15.1777 0
    endloop
  endfacet
  facet normal 0.707022 -0.707191 0
    outer loop
      vertex -7.26335 -13.8625 2
      vertex -7.13752 -13.7367 0
      vertex -7.13752 -13.7367 2
    endloop
  endfacet
  facet normal 0.707022 -0.707191 0
    outer loop
      vertex -7.13752 -13.7367 0
      vertex -7.26335 -13.8625 2
      vertex -7.26335 -13.8625 0
    endloop
  endfacet
  facet normal -0.54457 0.838716 0
    outer loop
      vertex -5.00076 -16.3753 0
      vertex -5.15 -16.4722 2
      vertex -5.00076 -16.3753 2
    endloop
  endfacet
  facet normal -0.54457 0.838716 0
    outer loop
      vertex -5.15 -16.4722 2
      vertex -5.00076 -16.3753 0
      vertex -5.15 -16.4722 0
    endloop
  endfacet
  facet normal 0.0522639 -0.998633 0
    outer loop
      vertex -6.1777 -13.3093 0
      vertex -6 -13.3 2
      vertex -6.1777 -13.3093 2
    endloop
  endfacet
  facet normal 0.0522639 -0.998633 0
    outer loop
      vertex -6 -13.3 2
      vertex -6.1777 -13.3093 0
      vertex -6 -13.3 0
    endloop
  endfacet
  facet normal 0.890938 0.454125 0
    outer loop
      vertex -7.47224 -15.85 2
      vertex -7.55303 -15.6915 0
      vertex -7.55303 -15.6915 2
    endloop
  endfacet
  facet normal 0.890938 0.454125 0
    outer loop
      vertex -7.55303 -15.6915 0
      vertex -7.47224 -15.85 2
      vertex -7.47224 -15.85 0
    endloop
  endfacet
  facet normal -0.0522639 -0.998633 0
    outer loop
      vertex -6 -13.3 0
      vertex -5.8223 -13.3093 2
      vertex -6 -13.3 2
    endloop
  endfacet
  facet normal -0.0522639 -0.998633 -0
    outer loop
      vertex -5.8223 -13.3093 2
      vertex -6 -13.3 0
      vertex -5.8223 -13.3093 0
    endloop
  endfacet
  facet normal -0.890938 0.454125 0
    outer loop
      vertex -4.52776 -15.85 0
      vertex -4.44697 -15.6915 2
      vertex -4.44697 -15.6915 0
    endloop
  endfacet
  facet normal -0.890938 0.454125 0
    outer loop
      vertex -4.44697 -15.6915 2
      vertex -4.52776 -15.85 0
      vertex -4.52776 -15.85 2
    endloop
  endfacet
  facet normal -0.629399 0.777083 0
    outer loop
      vertex -4.86248 -16.2633 0
      vertex -5.00076 -16.3753 2
      vertex -4.86248 -16.2633 2
    endloop
  endfacet
  facet normal -0.629399 0.777083 0
    outer loop
      vertex -5.00076 -16.3753 2
      vertex -4.86248 -16.2633 0
      vertex -5.00076 -16.3753 0
    endloop
  endfacet
  facet normal -0.838623 0.544712 0
    outer loop
      vertex -4.62467 -15.9992 0
      vertex -4.52776 -15.85 2
      vertex -4.52776 -15.85 0
    endloop
  endfacet
  facet normal -0.838623 0.544712 0
    outer loop
      vertex -4.52776 -15.85 2
      vertex -4.62467 -15.9992 0
      vertex -4.62467 -15.9992 2
    endloop
  endfacet
  facet normal 0.838623 0.544712 0
    outer loop
      vertex -7.37533 -15.9992 2
      vertex -7.47224 -15.85 0
      vertex -7.47224 -15.85 2
    endloop
  endfacet
  facet normal 0.838623 0.544712 0
    outer loop
      vertex -7.47224 -15.85 0
      vertex -7.37533 -15.9992 2
      vertex -7.37533 -15.9992 0
    endloop
  endfacet
  facet normal 0.933633 -0.35823 0
    outer loop
      vertex -7.6168 -14.4747 2
      vertex -7.55303 -14.3085 0
      vertex -7.55303 -14.3085 2
    endloop
  endfacet
  facet normal 0.933633 -0.35823 0
    outer loop
      vertex -7.55303 -14.3085 0
      vertex -7.6168 -14.4747 2
      vertex -7.6168 -14.4747 0
    endloop
  endfacet
  facet normal 0.965903 -0.258905 0
    outer loop
      vertex -7.66285 -14.6465 2
      vertex -7.6168 -14.4747 0
      vertex -7.6168 -14.4747 2
    endloop
  endfacet
  facet normal 0.965903 -0.258905 0
    outer loop
      vertex -7.6168 -14.4747 0
      vertex -7.66285 -14.6465 2
      vertex -7.66285 -14.6465 0
    endloop
  endfacet
  facet normal 0.454056 0.890973 -0
    outer loop
      vertex -6.69145 -16.553 0
      vertex -6.85 -16.4722 2
      vertex -6.69145 -16.553 2
    endloop
  endfacet
  facet normal 0.454056 0.890973 0
    outer loop
      vertex -6.85 -16.4722 2
      vertex -6.69145 -16.553 0
      vertex -6.85 -16.4722 0
    endloop
  endfacet
  facet normal 0.707022 0.707191 0
    outer loop
      vertex -7.13752 -16.2633 2
      vertex -7.26335 -16.1375 0
      vertex -7.26335 -16.1375 2
    endloop
  endfacet
  facet normal 0.707022 0.707191 0
    outer loop
      vertex -7.26335 -16.1375 0
      vertex -7.13752 -16.2633 2
      vertex -7.13752 -16.2633 0
    endloop
  endfacet
  facet normal -0.156237 -0.98772 0
    outer loop
      vertex -5.8223 -13.3093 0
      vertex -5.64655 -13.3371 2
      vertex -5.8223 -13.3093 2
    endloop
  endfacet
  facet normal -0.156237 -0.98772 -0
    outer loop
      vertex -5.64655 -13.3371 2
      vertex -5.8223 -13.3093 0
      vertex -5.64655 -13.3371 0
    endloop
  endfacet
  facet normal -0.987692 -0.156413 0
    outer loop
      vertex 7.69069 -14.8223 0
      vertex 7.66285 -14.6465 2
      vertex 7.66285 -14.6465 0
    endloop
  endfacet
  facet normal -0.987692 -0.156413 0
    outer loop
      vertex 7.66285 -14.6465 2
      vertex 7.69069 -14.8223 0
      vertex 7.69069 -14.8223 2
    endloop
  endfacet
  facet normal -0.99863 -0.0523199 0
    outer loop
      vertex 7.7 -15 0
      vertex 7.69069 -14.8223 2
      vertex 7.69069 -14.8223 0
    endloop
  endfacet
  facet normal -0.99863 -0.0523199 0
    outer loop
      vertex 7.69069 -14.8223 2
      vertex 7.7 -15 0
      vertex 7.7 -15 2
    endloop
  endfacet
  facet normal -0.629371 -0.777105 0
    outer loop
      vertex 6.99923 -13.6247 0
      vertex 7.13752 -13.7367 2
      vertex 6.99923 -13.6247 2
    endloop
  endfacet
  facet normal -0.629371 -0.777105 -0
    outer loop
      vertex 7.13752 -13.7367 2
      vertex 6.99923 -13.6247 0
      vertex 7.13752 -13.7367 0
    endloop
  endfacet
  facet normal -0.25853 0.966003 0
    outer loop
      vertex 6.52533 -16.6168 0
      vertex 6.35345 -16.6628 2
      vertex 6.52533 -16.6168 2
    endloop
  endfacet
  facet normal -0.25853 0.966003 0
    outer loop
      vertex 6.35345 -16.6628 2
      vertex 6.52533 -16.6168 0
      vertex 6.35345 -16.6628 0
    endloop
  endfacet
  facet normal -0.965903 -0.258905 0
    outer loop
      vertex 7.66285 -14.6465 0
      vertex 7.6168 -14.4747 2
      vertex 7.6168 -14.4747 0
    endloop
  endfacet
  facet normal -0.965903 -0.258905 0
    outer loop
      vertex 7.6168 -14.4747 2
      vertex 7.66285 -14.6465 0
      vertex 7.66285 -14.6465 2
    endloop
  endfacet
  facet normal -0.987678 0.156499 0
    outer loop
      vertex 7.66285 -15.3534 0
      vertex 7.69069 -15.1777 2
      vertex 7.69069 -15.1777 0
    endloop
  endfacet
  facet normal -0.987678 0.156499 0
    outer loop
      vertex 7.69069 -15.1777 2
      vertex 7.66285 -15.3534 0
      vertex 7.66285 -15.3534 2
    endloop
  endfacet
  facet normal -0.777182 0.629276 0
    outer loop
      vertex 7.26335 -16.1375 0
      vertex 7.37533 -15.9992 2
      vertex 7.37533 -15.9992 0
    endloop
  endfacet
  facet normal -0.777182 0.629276 0
    outer loop
      vertex 7.37533 -15.9992 2
      vertex 7.26335 -16.1375 0
      vertex 7.26335 -16.1375 2
    endloop
  endfacet
  facet normal -0.358527 -0.933519 0
    outer loop
      vertex 6.52533 -13.3832 0
      vertex 6.69145 -13.447 2
      vertex 6.52533 -13.3832 2
    endloop
  endfacet
  facet normal -0.358527 -0.933519 -0
    outer loop
      vertex 6.69145 -13.447 2
      vertex 6.52533 -13.3832 0
      vertex 6.69145 -13.447 0
    endloop
  endfacet
  facet normal -0.99863 0.0523199 0
    outer loop
      vertex 7.69069 -15.1777 0
      vertex 7.7 -15 2
      vertex 7.7 -15 0
    endloop
  endfacet
  facet normal -0.99863 0.0523199 0
    outer loop
      vertex 7.7 -15 2
      vertex 7.69069 -15.1777 0
      vertex 7.69069 -15.1777 2
    endloop
  endfacet
  facet normal -0.707022 0.707191 0
    outer loop
      vertex 7.13752 -16.2633 0
      vertex 7.26335 -16.1375 2
      vertex 7.26335 -16.1375 0
    endloop
  endfacet
  facet normal -0.707022 0.707191 0
    outer loop
      vertex 7.26335 -16.1375 2
      vertex 7.13752 -16.2633 0
      vertex 7.13752 -16.2633 2
    endloop
  endfacet
  facet normal 0.54457 -0.838716 0
    outer loop
      vertex 5.00076 -13.6247 0
      vertex 5.15 -13.5278 2
      vertex 5.00076 -13.6247 2
    endloop
  endfacet
  facet normal 0.54457 -0.838716 0
    outer loop
      vertex 5.15 -13.5278 2
      vertex 5.00076 -13.6247 0
      vertex 5.15 -13.5278 0
    endloop
  endfacet
  facet normal -0.454056 -0.890973 0
    outer loop
      vertex 6.69145 -13.447 0
      vertex 6.85 -13.5278 2
      vertex 6.69145 -13.447 2
    endloop
  endfacet
  facet normal -0.454056 -0.890973 -0
    outer loop
      vertex 6.85 -13.5278 2
      vertex 6.69145 -13.447 0
      vertex 6.85 -13.5278 0
    endloop
  endfacet
  facet normal 0.156785 0.987633 -0
    outer loop
      vertex 5.8223 -16.6907 0
      vertex 5.64655 -16.6628 2
      vertex 5.8223 -16.6907 2
    endloop
  endfacet
  facet normal 0.156785 0.987633 0
    outer loop
      vertex 5.64655 -16.6628 2
      vertex 5.8223 -16.6907 0
      vertex 5.64655 -16.6628 0
    endloop
  endfacet
  facet normal -0.777182 -0.629276 0
    outer loop
      vertex 7.37533 -14.0008 0
      vertex 7.26335 -13.8625 2
      vertex 7.26335 -13.8625 0
    endloop
  endfacet
  facet normal -0.777182 -0.629276 0
    outer loop
      vertex 7.26335 -13.8625 2
      vertex 7.37533 -14.0008 0
      vertex 7.37533 -14.0008 2
    endloop
  endfacet
  facet normal 0.99863 -0.0523199 0
    outer loop
      vertex 4.3 -15 2
      vertex 4.30931 -14.8223 0
      vertex 4.30931 -14.8223 2
    endloop
  endfacet
  facet normal 0.99863 -0.0523199 0
    outer loop
      vertex 4.30931 -14.8223 0
      vertex 4.3 -15 2
      vertex 4.3 -15 0
    endloop
  endfacet
  facet normal 0.933633 0.35823 0
    outer loop
      vertex 4.44697 -15.6915 2
      vertex 4.3832 -15.5253 0
      vertex 4.3832 -15.5253 2
    endloop
  endfacet
  facet normal 0.933633 0.35823 0
    outer loop
      vertex 4.3832 -15.5253 0
      vertex 4.44697 -15.6915 2
      vertex 4.44697 -15.6915 0
    endloop
  endfacet
  facet normal -0.544595 -0.838699 0
    outer loop
      vertex 6.85 -13.5278 0
      vertex 6.99923 -13.6247 2
      vertex 6.85 -13.5278 2
    endloop
  endfacet
  facet normal -0.544595 -0.838699 -0
    outer loop
      vertex 6.99923 -13.6247 2
      vertex 6.85 -13.5278 0
      vertex 6.99923 -13.6247 0
    endloop
  endfacet
  facet normal 0.629399 -0.777083 0
    outer loop
      vertex 4.86248 -13.7367 0
      vertex 5.00076 -13.6247 2
      vertex 4.86248 -13.7367 2
    endloop
  endfacet
  facet normal 0.629399 -0.777083 0
    outer loop
      vertex 5.00076 -13.6247 2
      vertex 4.86248 -13.7367 0
      vertex 5.00076 -13.6247 0
    endloop
  endfacet
  facet normal -0.629371 0.777105 0
    outer loop
      vertex 7.13752 -16.2633 0
      vertex 6.99923 -16.3753 2
      vertex 7.13752 -16.2633 2
    endloop
  endfacet
  facet normal -0.629371 0.777105 0
    outer loop
      vertex 6.99923 -16.3753 2
      vertex 7.13752 -16.2633 0
      vertex 6.99923 -16.3753 0
    endloop
  endfacet
  facet normal -0.259054 -0.965863 0
    outer loop
      vertex 6.35345 -13.3371 0
      vertex 6.52533 -13.3832 2
      vertex 6.35345 -13.3371 2
    endloop
  endfacet
  facet normal -0.259054 -0.965863 -0
    outer loop
      vertex 6.52533 -13.3832 2
      vertex 6.35345 -13.3371 0
      vertex 6.52533 -13.3832 0
    endloop
  endfacet
  facet normal -0.933633 -0.35823 0
    outer loop
      vertex 7.6168 -14.4747 0
      vertex 7.55303 -14.3085 2
      vertex 7.55303 -14.3085 0
    endloop
  endfacet
  facet normal -0.933633 -0.35823 0
    outer loop
      vertex 7.55303 -14.3085 2
      vertex 7.6168 -14.4747 0
      vertex 7.6168 -14.4747 2
    endloop
  endfacet
  facet normal -0.156785 0.987633 0
    outer loop
      vertex 6.35345 -16.6628 0
      vertex 6.1777 -16.6907 2
      vertex 6.35345 -16.6628 2
    endloop
  endfacet
  facet normal -0.156785 0.987633 0
    outer loop
      vertex 6.1777 -16.6907 2
      vertex 6.35345 -16.6628 0
      vertex 6.1777 -16.6907 0
    endloop
  endfacet
  facet normal -0.0522639 -0.998633 0
    outer loop
      vertex 6 -13.3 0
      vertex 6.1777 -13.3093 2
      vertex 6 -13.3 2
    endloop
  endfacet
  facet normal -0.0522639 -0.998633 -0
    outer loop
      vertex 6.1777 -13.3093 2
      vertex 6 -13.3 0
      vertex 6.1777 -13.3093 0
    endloop
  endfacet
  facet normal 0.890938 0.454125 0
    outer loop
      vertex 4.52776 -15.85 2
      vertex 4.44697 -15.6915 0
      vertex 4.44697 -15.6915 2
    endloop
  endfacet
  facet normal 0.890938 0.454125 0
    outer loop
      vertex 4.44697 -15.6915 0
      vertex 4.52776 -15.85 2
      vertex 4.52776 -15.85 0
    endloop
  endfacet
  facet normal 0.156237 -0.98772 0
    outer loop
      vertex 5.64655 -13.3371 0
      vertex 5.8223 -13.3093 2
      vertex 5.64655 -13.3371 2
    endloop
  endfacet
  facet normal 0.156237 -0.98772 0
    outer loop
      vertex 5.8223 -13.3093 2
      vertex 5.64655 -13.3371 0
      vertex 5.8223 -13.3093 0
    endloop
  endfacet
  facet normal 0.777182 -0.629276 0
    outer loop
      vertex 4.62467 -14.0008 2
      vertex 4.73665 -13.8625 0
      vertex 4.73665 -13.8625 2
    endloop
  endfacet
  facet normal 0.777182 -0.629276 0
    outer loop
      vertex 4.73665 -13.8625 0
      vertex 4.62467 -14.0008 2
      vertex 4.62467 -14.0008 0
    endloop
  endfacet
  facet normal 0.707022 0.707191 0
    outer loop
      vertex 4.86248 -16.2633 2
      vertex 4.73665 -16.1375 0
      vertex 4.73665 -16.1375 2
    endloop
  endfacet
  facet normal 0.707022 0.707191 0
    outer loop
      vertex 4.73665 -16.1375 0
      vertex 4.86248 -16.2633 2
      vertex 4.86248 -16.2633 0
    endloop
  endfacet
  facet normal -0.933633 0.35823 0
    outer loop
      vertex 7.55303 -15.6915 0
      vertex 7.6168 -15.5253 2
      vertex 7.6168 -15.5253 0
    endloop
  endfacet
  facet normal -0.933633 0.35823 0
    outer loop
      vertex 7.6168 -15.5253 2
      vertex 7.55303 -15.6915 0
      vertex 7.55303 -15.6915 2
    endloop
  endfacet
  facet normal -0.358527 0.933519 0
    outer loop
      vertex 6.69145 -16.553 0
      vertex 6.52533 -16.6168 2
      vertex 6.69145 -16.553 2
    endloop
  endfacet
  facet normal -0.358527 0.933519 0
    outer loop
      vertex 6.52533 -16.6168 2
      vertex 6.69145 -16.553 0
      vertex 6.52533 -16.6168 0
    endloop
  endfacet
  facet normal 0.838623 -0.544712 0
    outer loop
      vertex 4.52776 -14.15 2
      vertex 4.62467 -14.0008 0
      vertex 4.62467 -14.0008 2
    endloop
  endfacet
  facet normal 0.838623 -0.544712 0
    outer loop
      vertex 4.62467 -14.0008 0
      vertex 4.52776 -14.15 2
      vertex 4.52776 -14.15 0
    endloop
  endfacet
  facet normal 0.0522639 0.998633 -0
    outer loop
      vertex 6 -16.7 0
      vertex 5.8223 -16.6907 2
      vertex 6 -16.7 2
    endloop
  endfacet
  facet normal 0.0522639 0.998633 0
    outer loop
      vertex 5.8223 -16.6907 2
      vertex 6 -16.7 0
      vertex 5.8223 -16.6907 0
    endloop
  endfacet
  facet normal 0.0522639 -0.998633 0
    outer loop
      vertex 5.8223 -13.3093 0
      vertex 6 -13.3 2
      vertex 5.8223 -13.3093 2
    endloop
  endfacet
  facet normal 0.0522639 -0.998633 0
    outer loop
      vertex 6 -13.3 2
      vertex 5.8223 -13.3093 0
      vertex 6 -13.3 0
    endloop
  endfacet
  facet normal -0.838623 -0.544712 0
    outer loop
      vertex 7.47224 -14.15 0
      vertex 7.37533 -14.0008 2
      vertex 7.37533 -14.0008 0
    endloop
  endfacet
  facet normal -0.838623 -0.544712 0
    outer loop
      vertex 7.37533 -14.0008 2
      vertex 7.47224 -14.15 0
      vertex 7.47224 -14.15 2
    endloop
  endfacet
  facet normal -0.965941 0.258764 0
    outer loop
      vertex 7.6168 -15.5253 0
      vertex 7.66285 -15.3534 2
      vertex 7.66285 -15.3534 0
    endloop
  endfacet
  facet normal -0.965941 0.258764 0
    outer loop
      vertex 7.66285 -15.3534 2
      vertex 7.6168 -15.5253 0
      vertex 7.6168 -15.5253 2
    endloop
  endfacet
  facet normal 0.838623 0.544712 0
    outer loop
      vertex 4.62467 -15.9992 2
      vertex 4.52776 -15.85 0
      vertex 4.52776 -15.85 2
    endloop
  endfacet
  facet normal 0.838623 0.544712 0
    outer loop
      vertex 4.52776 -15.85 0
      vertex 4.62467 -15.9992 2
      vertex 4.62467 -15.9992 0
    endloop
  endfacet
  facet normal -0.890938 -0.454125 0
    outer loop
      vertex 7.55303 -14.3085 0
      vertex 7.47224 -14.15 2
      vertex 7.47224 -14.15 0
    endloop
  endfacet
  facet normal -0.890938 -0.454125 0
    outer loop
      vertex 7.47224 -14.15 2
      vertex 7.55303 -14.3085 0
      vertex 7.55303 -14.3085 2
    endloop
  endfacet
  facet normal 0.259054 -0.965863 0
    outer loop
      vertex 5.47467 -13.3832 0
      vertex 5.64655 -13.3371 2
      vertex 5.47467 -13.3832 2
    endloop
  endfacet
  facet normal 0.259054 -0.965863 0
    outer loop
      vertex 5.64655 -13.3371 2
      vertex 5.47467 -13.3832 0
      vertex 5.64655 -13.3371 0
    endloop
  endfacet
  facet normal 0.358527 -0.933519 0
    outer loop
      vertex 5.30855 -13.447 0
      vertex 5.47467 -13.3832 2
      vertex 5.30855 -13.447 2
    endloop
  endfacet
  facet normal 0.358527 -0.933519 0
    outer loop
      vertex 5.47467 -13.3832 2
      vertex 5.30855 -13.447 0
      vertex 5.47467 -13.3832 0
    endloop
  endfacet
  facet normal 0.777182 0.629276 0
    outer loop
      vertex 4.73665 -16.1375 2
      vertex 4.62467 -15.9992 0
      vertex 4.62467 -15.9992 2
    endloop
  endfacet
  facet normal 0.777182 0.629276 0
    outer loop
      vertex 4.62467 -15.9992 0
      vertex 4.73665 -16.1375 2
      vertex 4.73665 -16.1375 0
    endloop
  endfacet
  facet normal 0.99863 0.0523199 0
    outer loop
      vertex 4.30931 -15.1777 2
      vertex 4.3 -15 0
      vertex 4.3 -15 2
    endloop
  endfacet
  facet normal 0.99863 0.0523199 0
    outer loop
      vertex 4.3 -15 0
      vertex 4.30931 -15.1777 2
      vertex 4.30931 -15.1777 0
    endloop
  endfacet
  facet normal -0.0522639 0.998633 0
    outer loop
      vertex 6.1777 -16.6907 0
      vertex 6 -16.7 2
      vertex 6.1777 -16.6907 2
    endloop
  endfacet
  facet normal -0.0522639 0.998633 0
    outer loop
      vertex 6 -16.7 2
      vertex 6.1777 -16.6907 0
      vertex 6 -16.7 0
    endloop
  endfacet
  facet normal 0.965941 0.258764 0
    outer loop
      vertex 4.3832 -15.5253 2
      vertex 4.33715 -15.3534 0
      vertex 4.33715 -15.3534 2
    endloop
  endfacet
  facet normal 0.965941 0.258764 0
    outer loop
      vertex 4.33715 -15.3534 0
      vertex 4.3832 -15.5253 2
      vertex 4.3832 -15.5253 0
    endloop
  endfacet
  facet normal 0.54457 0.838716 -0
    outer loop
      vertex 5.15 -16.4722 0
      vertex 5.00076 -16.3753 2
      vertex 5.15 -16.4722 2
    endloop
  endfacet
  facet normal 0.54457 0.838716 0
    outer loop
      vertex 5.00076 -16.3753 2
      vertex 5.15 -16.4722 0
      vertex 5.00076 -16.3753 0
    endloop
  endfacet
  facet normal 0.707022 -0.707191 0
    outer loop
      vertex 4.73665 -13.8625 2
      vertex 4.86248 -13.7367 0
      vertex 4.86248 -13.7367 2
    endloop
  endfacet
  facet normal 0.707022 -0.707191 0
    outer loop
      vertex 4.86248 -13.7367 0
      vertex 4.73665 -13.8625 2
      vertex 4.73665 -13.8625 0
    endloop
  endfacet
  facet normal 0.454056 0.890973 -0
    outer loop
      vertex 5.30855 -16.553 0
      vertex 5.15 -16.4722 2
      vertex 5.30855 -16.553 2
    endloop
  endfacet
  facet normal 0.454056 0.890973 0
    outer loop
      vertex 5.15 -16.4722 2
      vertex 5.30855 -16.553 0
      vertex 5.15 -16.4722 0
    endloop
  endfacet
  facet normal 0.987678 0.156499 0
    outer loop
      vertex 4.33715 -15.3534 2
      vertex 4.30931 -15.1777 0
      vertex 4.30931 -15.1777 2
    endloop
  endfacet
  facet normal 0.987678 0.156499 0
    outer loop
      vertex 4.30931 -15.1777 0
      vertex 4.33715 -15.3534 2
      vertex 4.33715 -15.3534 0
    endloop
  endfacet
  facet normal 0.933633 -0.35823 0
    outer loop
      vertex 4.3832 -14.4747 2
      vertex 4.44697 -14.3085 0
      vertex 4.44697 -14.3085 2
    endloop
  endfacet
  facet normal 0.933633 -0.35823 0
    outer loop
      vertex 4.44697 -14.3085 0
      vertex 4.3832 -14.4747 2
      vertex 4.3832 -14.4747 0
    endloop
  endfacet
  facet normal -0.707022 -0.707191 0
    outer loop
      vertex 7.26335 -13.8625 0
      vertex 7.13752 -13.7367 2
      vertex 7.13752 -13.7367 0
    endloop
  endfacet
  facet normal -0.707022 -0.707191 0
    outer loop
      vertex 7.13752 -13.7367 2
      vertex 7.26335 -13.8625 0
      vertex 7.26335 -13.8625 2
    endloop
  endfacet
  facet normal -0.838623 0.544712 0
    outer loop
      vertex 7.37533 -15.9992 0
      vertex 7.47224 -15.85 2
      vertex 7.47224 -15.85 0
    endloop
  endfacet
  facet normal -0.838623 0.544712 0
    outer loop
      vertex 7.47224 -15.85 2
      vertex 7.37533 -15.9992 0
      vertex 7.37533 -15.9992 2
    endloop
  endfacet
  facet normal -0.156237 -0.98772 0
    outer loop
      vertex 6.1777 -13.3093 0
      vertex 6.35345 -13.3371 2
      vertex 6.1777 -13.3093 2
    endloop
  endfacet
  facet normal -0.156237 -0.98772 -0
    outer loop
      vertex 6.35345 -13.3371 2
      vertex 6.1777 -13.3093 0
      vertex 6.35345 -13.3371 0
    endloop
  endfacet
  facet normal 0.987692 -0.156413 0
    outer loop
      vertex 4.30931 -14.8223 2
      vertex 4.33715 -14.6465 0
      vertex 4.33715 -14.6465 2
    endloop
  endfacet
  facet normal 0.987692 -0.156413 0
    outer loop
      vertex 4.33715 -14.6465 0
      vertex 4.30931 -14.8223 2
      vertex 4.30931 -14.8223 0
    endloop
  endfacet
  facet normal 0.454056 -0.890973 0
    outer loop
      vertex 5.15 -13.5278 0
      vertex 5.30855 -13.447 2
      vertex 5.15 -13.5278 2
    endloop
  endfacet
  facet normal 0.454056 -0.890973 0
    outer loop
      vertex 5.30855 -13.447 2
      vertex 5.15 -13.5278 0
      vertex 5.30855 -13.447 0
    endloop
  endfacet
  facet normal -0.544595 0.838699 0
    outer loop
      vertex 6.99923 -16.3753 0
      vertex 6.85 -16.4722 2
      vertex 6.99923 -16.3753 2
    endloop
  endfacet
  facet normal -0.544595 0.838699 0
    outer loop
      vertex 6.85 -16.4722 2
      vertex 6.99923 -16.3753 0
      vertex 6.85 -16.4722 0
    endloop
  endfacet
  facet normal -0.454056 0.890973 0
    outer loop
      vertex 6.85 -16.4722 0
      vertex 6.69145 -16.553 2
      vertex 6.85 -16.4722 2
    endloop
  endfacet
  facet normal -0.454056 0.890973 0
    outer loop
      vertex 6.69145 -16.553 2
      vertex 6.85 -16.4722 0
      vertex 6.69145 -16.553 0
    endloop
  endfacet
  facet normal -0.890938 0.454125 0
    outer loop
      vertex 7.47224 -15.85 0
      vertex 7.55303 -15.6915 2
      vertex 7.55303 -15.6915 0
    endloop
  endfacet
  facet normal -0.890938 0.454125 0
    outer loop
      vertex 7.55303 -15.6915 2
      vertex 7.47224 -15.85 0
      vertex 7.47224 -15.85 2
    endloop
  endfacet
  facet normal 0.965903 -0.258905 0
    outer loop
      vertex 4.33715 -14.6465 2
      vertex 4.3832 -14.4747 0
      vertex 4.3832 -14.4747 2
    endloop
  endfacet
  facet normal 0.965903 -0.258905 0
    outer loop
      vertex 4.3832 -14.4747 0
      vertex 4.33715 -14.6465 2
      vertex 4.33715 -14.6465 0
    endloop
  endfacet
  facet normal 0.890938 -0.454125 0
    outer loop
      vertex 4.44697 -14.3085 2
      vertex 4.52776 -14.15 0
      vertex 4.52776 -14.15 2
    endloop
  endfacet
  facet normal 0.890938 -0.454125 0
    outer loop
      vertex 4.52776 -14.15 0
      vertex 4.44697 -14.3085 2
      vertex 4.44697 -14.3085 0
    endloop
  endfacet
  facet normal 0.629399 0.777083 -0
    outer loop
      vertex 5.00076 -16.3753 0
      vertex 4.86248 -16.2633 2
      vertex 5.00076 -16.3753 2
    endloop
  endfacet
  facet normal 0.629399 0.777083 0
    outer loop
      vertex 4.86248 -16.2633 2
      vertex 5.00076 -16.3753 0
      vertex 4.86248 -16.2633 0
    endloop
  endfacet
  facet normal 0.358527 0.933519 -0
    outer loop
      vertex 5.47467 -16.6168 0
      vertex 5.30855 -16.553 2
      vertex 5.47467 -16.6168 2
    endloop
  endfacet
  facet normal 0.358527 0.933519 0
    outer loop
      vertex 5.30855 -16.553 2
      vertex 5.47467 -16.6168 0
      vertex 5.30855 -16.553 0
    endloop
  endfacet
  facet normal 0.25853 0.966003 -0
    outer loop
      vertex 5.64655 -16.6628 0
      vertex 5.47467 -16.6168 2
      vertex 5.64655 -16.6628 2
    endloop
  endfacet
  facet normal 0.25853 0.966003 0
    outer loop
      vertex 5.47467 -16.6168 2
      vertex 5.64655 -16.6628 0
      vertex 5.47467 -16.6168 0
    endloop
  endfacet
  facet normal -1 0 0
    outer loop
      vertex 11 -10.75 0
      vertex 11 10.75 2
      vertex 11 10.75 0
    endloop
  endfacet
  facet normal -1 -0 0
    outer loop
      vertex 11 10.75 2
      vertex 11 -10.75 0
      vertex 11 -10.75 2
    endloop
  endfacet
  facet normal 1 -0 0
    outer loop
      vertex -11 -10.75 2
      vertex -11 10.75 0
      vertex -11 10.75 2
    endloop
  endfacet
  facet normal 1 0 0
    outer loop
      vertex -11 10.75 0
      vertex -11 -10.75 2
      vertex -11 -10.75 0
    endloop
  endfacet
  facet normal 0 -1 0
    outer loop
      vertex -11 10.75 0
      vertex 11 10.75 2
      vertex -11 10.75 2
    endloop
  endfacet
  facet normal 0 -1 -0
    outer loop
      vertex 11 10.75 2
      vertex -11 10.75 0
      vertex 11 10.75 0
    endloop
  endfacet
  facet normal 0 1 -0
    outer loop
      vertex 11 -10.75 0
      vertex -11 -10.75 2
      vertex 11 -10.75 2
    endloop
  endfacet
  facet normal 0 1 0
    outer loop
      vertex -11 -10.75 2
      vertex 11 -10.75 0
      vertex -11 -10.75 0
    endloop
  endfacet
endsolid OpenSCAD_Model
