solid OpenSCAD_Model
  facet normal 0.987696 0.156385 0
    outer loop
      vertex -26.0578 -28.6303 7
      vertex -26.111 -28.2943 2
      vertex -26.111 -28.2943 7
    endloop
  endfacet
  facet normal 0.987696 0.156385 0
    outer loop
      vertex -26.111 -28.2943 2
      vertex -26.0578 -28.6303 7
      vertex -26.0578 -28.6303 2
    endloop
  endfacet
  facet normal 0.99863 0.0523274 0
    outer loop
      vertex -26.04 -28.97 7
      vertex -26.0578 -28.6303 2
      vertex -26.0578 -28.6303 7
    endloop
  endfacet
  facet normal 0.99863 0.0523274 0
    outer loop
      vertex -26.0578 -28.6303 2
      vertex -26.04 -28.97 7
      vertex -26.04 -28.97 2
    endloop
  endfacet
  facet normal 0.965888 0.258961 0
    outer loop
      vertex -26.111 -28.2943 7
      vertex -26.1991 -27.9657 2
      vertex -26.1991 -27.9657 7
    endloop
  endfacet
  facet normal 0.965888 0.258961 0
    outer loop
      vertex -26.1991 -27.9657 2
      vertex -26.111 -28.2943 7
      vertex -26.111 -28.2943 2
    endloop
  endfacet
  facet normal -0.544689 0.838638 0
    outer loop
      vertex -30.915 -26.1554 2
      vertex -31.2003 -26.3407 7
      vertex -30.915 -26.1554 7
    endloop
  endfacet
  facet normal -0.544689 0.838638 0
    outer loop
      vertex -31.2003 -26.3407 7
      vertex -30.915 -26.1554 2
      vertex -31.2003 -26.3407 2
    endloop
  endfacet
  facet normal 0.838638 0.544689 0
    outer loop
      vertex -26.4754 -27.345 7
      vertex -26.6607 -27.0597 2
      vertex -26.6607 -27.0597 7
    endloop
  endfacet
  facet normal 0.838638 0.544689 0
    outer loop
      vertex -26.6607 -27.0597 2
      vertex -26.4754 -27.345 7
      vertex -26.4754 -27.345 2
    endloop
  endfacet
  facet normal -0.258961 0.965888 0
    outer loop
      vertex -29.9657 -25.791 2
      vertex -30.2943 -25.8791 7
      vertex -29.9657 -25.791 7
    endloop
  endfacet
  facet normal -0.258961 0.965888 0
    outer loop
      vertex -30.2943 -25.8791 7
      vertex -29.9657 -25.791 2
      vertex -30.2943 -25.8791 2
    endloop
  endfacet
  facet normal 0.838638 -0.544689 0
    outer loop
      vertex -26.6607 -30.8803 7
      vertex -26.4754 -30.595 2
      vertex -26.4754 -30.595 7
    endloop
  endfacet
  facet normal 0.838638 -0.544689 0
    outer loop
      vertex -26.4754 -30.595 2
      vertex -26.6607 -30.8803 7
      vertex -26.6607 -30.8803 2
    endloop
  endfacet
  facet normal 0.0523274 -0.99863 0
    outer loop
      vertex -29.29 -32.22 2
      vertex -28.9503 -32.2022 7
      vertex -29.29 -32.22 7
    endloop
  endfacet
  facet normal 0.0523274 -0.99863 0
    outer loop
      vertex -28.9503 -32.2022 7
      vertex -29.29 -32.22 2
      vertex -28.9503 -32.2022 2
    endloop
  endfacet
  facet normal 0.0523274 0.99863 -0
    outer loop
      vertex -28.9503 -25.7378 2
      vertex -29.29 -25.72 7
      vertex -28.9503 -25.7378 7
    endloop
  endfacet
  facet normal 0.0523274 0.99863 0
    outer loop
      vertex -29.29 -25.72 7
      vertex -28.9503 -25.7378 2
      vertex -29.29 -25.72 2
    endloop
  endfacet
  facet normal 0.629308 -0.777156 0
    outer loop
      vertex -27.3797 -31.5993 2
      vertex -27.1153 -31.3852 7
      vertex -27.3797 -31.5993 7
    endloop
  endfacet
  facet normal 0.629308 -0.777156 0
    outer loop
      vertex -27.1153 -31.3852 7
      vertex -27.3797 -31.5993 2
      vertex -27.1153 -31.3852 2
    endloop
  endfacet
  facet normal 0.544689 0.838638 -0
    outer loop
      vertex -27.3797 -26.3407 2
      vertex -27.665 -26.1554 7
      vertex -27.3797 -26.3407 7
    endloop
  endfacet
  facet normal 0.544689 0.838638 0
    outer loop
      vertex -27.665 -26.1554 7
      vertex -27.3797 -26.3407 2
      vertex -27.665 -26.1554 2
    endloop
  endfacet
  facet normal -0.838638 -0.544689 0
    outer loop
      vertex -31.9193 -30.8803 2
      vertex -32.1046 -30.595 7
      vertex -32.1046 -30.595 2
    endloop
  endfacet
  facet normal -0.838638 -0.544689 0
    outer loop
      vertex -32.1046 -30.595 7
      vertex -31.9193 -30.8803 2
      vertex -31.9193 -30.8803 7
    endloop
  endfacet
  facet normal -0.965888 0.258961 0
    outer loop
      vertex -32.469 -28.2943 2
      vertex -32.3809 -27.9657 7
      vertex -32.3809 -27.9657 2
    endloop
  endfacet
  facet normal -0.965888 0.258961 0
    outer loop
      vertex -32.3809 -27.9657 7
      vertex -32.469 -28.2943 2
      vertex -32.469 -28.2943 7
    endloop
  endfacet
  facet normal 0.453904 0.891051 -0
    outer loop
      vertex -27.665 -26.1554 2
      vertex -27.9681 -26.001 7
      vertex -27.665 -26.1554 7
    endloop
  endfacet
  facet normal 0.453904 0.891051 0
    outer loop
      vertex -27.9681 -26.001 7
      vertex -27.665 -26.1554 2
      vertex -27.9681 -26.001 2
    endloop
  endfacet
  facet normal -0.777156 -0.629308 0
    outer loop
      vertex -31.7052 -31.1447 2
      vertex -31.9193 -30.8803 7
      vertex -31.9193 -30.8803 2
    endloop
  endfacet
  facet normal -0.777156 -0.629308 0
    outer loop
      vertex -31.9193 -30.8803 7
      vertex -31.7052 -31.1447 2
      vertex -31.7052 -31.1447 7
    endloop
  endfacet
  facet normal -0.891051 0.453904 0
    outer loop
      vertex -32.259 -27.6481 2
      vertex -32.1046 -27.345 7
      vertex -32.1046 -27.345 2
    endloop
  endfacet
  facet normal -0.891051 0.453904 0
    outer loop
      vertex -32.1046 -27.345 7
      vertex -32.259 -27.6481 2
      vertex -32.259 -27.6481 7
    endloop
  endfacet
  facet normal 0.707107 -0.707107 0
    outer loop
      vertex -27.1153 -31.3852 2
      vertex -26.8748 -31.1447 7
      vertex -27.1153 -31.3852 7
    endloop
  endfacet
  facet normal 0.707107 -0.707107 0
    outer loop
      vertex -26.8748 -31.1447 7
      vertex -27.1153 -31.3852 2
      vertex -26.8748 -31.1447 2
    endloop
  endfacet
  facet normal -0.707107 0.707107 0
    outer loop
      vertex -31.7052 -26.7953 2
      vertex -31.4647 -26.5548 7
      vertex -31.4647 -26.5548 2
    endloop
  endfacet
  facet normal -0.707107 0.707107 0
    outer loop
      vertex -31.4647 -26.5548 7
      vertex -31.7052 -26.7953 2
      vertex -31.7052 -26.7953 7
    endloop
  endfacet
  facet normal 0.777156 -0.629308 0
    outer loop
      vertex -26.8748 -31.1447 7
      vertex -26.6607 -30.8803 2
      vertex -26.6607 -30.8803 7
    endloop
  endfacet
  facet normal 0.777156 -0.629308 0
    outer loop
      vertex -26.6607 -30.8803 2
      vertex -26.8748 -31.1447 7
      vertex -26.8748 -31.1447 2
    endloop
  endfacet
  facet normal -0.99863 -0.0523274 0
    outer loop
      vertex -32.5222 -29.3097 2
      vertex -32.54 -28.97 7
      vertex -32.54 -28.97 2
    endloop
  endfacet
  facet normal -0.99863 -0.0523274 0
    outer loop
      vertex -32.54 -28.97 7
      vertex -32.5222 -29.3097 2
      vertex -32.5222 -29.3097 7
    endloop
  endfacet
  facet normal -0.544689 -0.838638 0
    outer loop
      vertex -31.2003 -31.5993 2
      vertex -30.915 -31.7846 7
      vertex -31.2003 -31.5993 7
    endloop
  endfacet
  facet normal -0.544689 -0.838638 -0
    outer loop
      vertex -30.915 -31.7846 7
      vertex -31.2003 -31.5993 2
      vertex -30.915 -31.7846 2
    endloop
  endfacet
  facet normal 0.358329 0.933595 -0
    outer loop
      vertex -27.9681 -26.001 2
      vertex -28.2857 -25.8791 7
      vertex -27.9681 -26.001 7
    endloop
  endfacet
  facet normal 0.358329 0.933595 0
    outer loop
      vertex -28.2857 -25.8791 7
      vertex -27.9681 -26.001 2
      vertex -28.2857 -25.8791 2
    endloop
  endfacet
  facet normal -0.987696 -0.156385 0
    outer loop
      vertex -32.469 -29.6457 2
      vertex -32.5222 -29.3097 7
      vertex -32.5222 -29.3097 2
    endloop
  endfacet
  facet normal -0.987696 -0.156385 0
    outer loop
      vertex -32.5222 -29.3097 7
      vertex -32.469 -29.6457 2
      vertex -32.469 -29.6457 7
    endloop
  endfacet
  facet normal -0.453904 0.891051 0
    outer loop
      vertex -30.6119 -26.001 2
      vertex -30.915 -26.1554 7
      vertex -30.6119 -26.001 7
    endloop
  endfacet
  facet normal -0.453904 0.891051 0
    outer loop
      vertex -30.915 -26.1554 7
      vertex -30.6119 -26.001 2
      vertex -30.915 -26.1554 2
    endloop
  endfacet
  facet normal 0.258961 0.965888 -0
    outer loop
      vertex -28.2857 -25.8791 2
      vertex -28.6143 -25.791 7
      vertex -28.2857 -25.8791 7
    endloop
  endfacet
  facet normal 0.258961 0.965888 0
    outer loop
      vertex -28.6143 -25.791 7
      vertex -28.2857 -25.8791 2
      vertex -28.6143 -25.791 2
    endloop
  endfacet
  facet normal -0.933595 -0.358329 0
    outer loop
      vertex -32.259 -30.2919 2
      vertex -32.3809 -29.9743 7
      vertex -32.3809 -29.9743 2
    endloop
  endfacet
  facet normal -0.933595 -0.358329 0
    outer loop
      vertex -32.3809 -29.9743 7
      vertex -32.259 -30.2919 2
      vertex -32.259 -30.2919 7
    endloop
  endfacet
  facet normal 0.156385 -0.987696 0
    outer loop
      vertex -28.9503 -32.2022 2
      vertex -28.6143 -32.149 7
      vertex -28.9503 -32.2022 7
    endloop
  endfacet
  facet normal 0.156385 -0.987696 0
    outer loop
      vertex -28.6143 -32.149 7
      vertex -28.9503 -32.2022 2
      vertex -28.6143 -32.149 2
    endloop
  endfacet
  facet normal 0.99863 -0.0523274 0
    outer loop
      vertex -26.0578 -29.3097 7
      vertex -26.04 -28.97 2
      vertex -26.04 -28.97 7
    endloop
  endfacet
  facet normal 0.99863 -0.0523274 0
    outer loop
      vertex -26.04 -28.97 2
      vertex -26.0578 -29.3097 7
      vertex -26.0578 -29.3097 2
    endloop
  endfacet
  facet normal 0.965888 -0.258961 0
    outer loop
      vertex -26.1991 -29.9743 7
      vertex -26.111 -29.6457 2
      vertex -26.111 -29.6457 7
    endloop
  endfacet
  facet normal 0.965888 -0.258961 0
    outer loop
      vertex -26.111 -29.6457 2
      vertex -26.1991 -29.9743 7
      vertex -26.1991 -29.9743 2
    endloop
  endfacet
  facet normal 0.629308 0.777156 -0
    outer loop
      vertex -27.1153 -26.5548 2
      vertex -27.3797 -26.3407 7
      vertex -27.1153 -26.5548 7
    endloop
  endfacet
  facet normal 0.629308 0.777156 0
    outer loop
      vertex -27.3797 -26.3407 7
      vertex -27.1153 -26.5548 2
      vertex -27.3797 -26.3407 2
    endloop
  endfacet
  facet normal 0.933595 -0.358329 0
    outer loop
      vertex -26.321 -30.2919 7
      vertex -26.1991 -29.9743 2
      vertex -26.1991 -29.9743 7
    endloop
  endfacet
  facet normal 0.933595 -0.358329 0
    outer loop
      vertex -26.1991 -29.9743 2
      vertex -26.321 -30.2919 7
      vertex -26.321 -30.2919 2
    endloop
  endfacet
  facet normal 0 0 -1
    outer loop
      vertex -27.911 -28.5219 0
      vertex -25.04 -24.72 0
      vertex -27.8717 -28.6685 0
    endloop
  endfacet
  facet normal 0 0 -1
    outer loop
      vertex -25.04 24.72 0
      vertex -27.8479 28.8184 0
      vertex -27.84 28.97 0
    endloop
  endfacet
  facet normal 0 0 -1
    outer loop
      vertex -27.9654 -28.3802 0
      vertex -25.04 -24.72 0
      vertex -27.911 -28.5219 0
    endloop
  endfacet
  facet normal 0 0 -1
    outer loop
      vertex -25.04 24.72 0
      vertex -27.8717 28.6685 0
      vertex -27.8479 28.8184 0
    endloop
  endfacet
  facet normal 0 0 -1
    outer loop
      vertex -28.0343 -28.245 0
      vertex -25.04 -24.72 0
      vertex -27.9654 -28.3802 0
    endloop
  endfacet
  facet normal 0 0 -1
    outer loop
      vertex -25.04 24.72 0
      vertex -27.911 28.5219 0
      vertex -27.8717 28.6685 0
    endloop
  endfacet
  facet normal 0 0 -1
    outer loop
      vertex -28.1169 -28.1177 0
      vertex -25.04 -24.72 0
      vertex -28.0343 -28.245 0
    endloop
  endfacet
  facet normal 0 0 -1
    outer loop
      vertex -25.04 24.72 0
      vertex -27.9654 28.3802 0
      vertex -27.911 28.5219 0
    endloop
  endfacet
  facet normal 0 0 -1
    outer loop
      vertex -28.2124 -27.9998 0
      vertex -25.04 -24.72 0
      vertex -28.1169 -28.1177 0
    endloop
  endfacet
  facet normal 0 0 -1
    outer loop
      vertex -25.04 24.72 0
      vertex -28.0343 28.245 0
      vertex -27.9654 28.3802 0
    endloop
  endfacet
  facet normal 0 0 -1
    outer loop
      vertex -28.3198 -27.8924 0
      vertex -25.04 -24.72 0
      vertex -28.2124 -27.9998 0
    endloop
  endfacet
  facet normal 0 0 -1
    outer loop
      vertex -25.04 24.72 0
      vertex -28.1169 28.1177 0
      vertex -28.0343 28.245 0
    endloop
  endfacet
  facet normal 0 0 -1
    outer loop
      vertex -28.4377 -27.7969 0
      vertex -25.04 -24.72 0
      vertex -28.3198 -27.8924 0
    endloop
  endfacet
  facet normal 0 0 -1
    outer loop
      vertex -25.04 24.72 0
      vertex -28.2124 27.9998 0
      vertex -28.1169 28.1177 0
    endloop
  endfacet
  facet normal 0 0 -1
    outer loop
      vertex -28.565 -27.7143 0
      vertex -25.04 -24.72 0
      vertex -28.4377 -27.7969 0
    endloop
  endfacet
  facet normal 0 0 -1
    outer loop
      vertex -25.04 24.72 0
      vertex -28.3198 27.8924 0
      vertex -28.2124 27.9998 0
    endloop
  endfacet
  facet normal 0 0 -1
    outer loop
      vertex -28.7002 -27.6454 0
      vertex -25.04 -24.72 0
      vertex -28.565 -27.7143 0
    endloop
  endfacet
  facet normal 0 0 -1
    outer loop
      vertex -25.04 24.72 0
      vertex -28.4377 27.7969 0
      vertex -28.3198 27.8924 0
    endloop
  endfacet
  facet normal 0 0 -1
    outer loop
      vertex -28.8419 -27.591 0
      vertex -25.04 -24.72 0
      vertex -28.7002 -27.6454 0
    endloop
  endfacet
  facet normal 0 0 -1
    outer loop
      vertex -25.04 24.72 0
      vertex -28.565 27.7143 0
      vertex -28.4377 27.7969 0
    endloop
  endfacet
  facet normal 0 0 -1
    outer loop
      vertex -28.9885 -27.5517 0
      vertex -25.04 -24.72 0
      vertex -28.8419 -27.591 0
    endloop
  endfacet
  facet normal 0 0 -1
    outer loop
      vertex -25.04 24.72 0
      vertex -28.7002 27.6454 0
      vertex -28.565 27.7143 0
    endloop
  endfacet
  facet normal 0 0 -1
    outer loop
      vertex -29.1384 -27.5279 0
      vertex -25.04 -24.72 0
      vertex -28.9885 -27.5517 0
    endloop
  endfacet
  facet normal 0 0 -1
    outer loop
      vertex -25.04 24.72 0
      vertex -28.8419 27.591 0
      vertex -28.7002 27.6454 0
    endloop
  endfacet
  facet normal 0 0 -1
    outer loop
      vertex -29.29 -27.52 0
      vertex -25.04 -24.72 0
      vertex -29.1384 -27.5279 0
    endloop
  endfacet
  facet normal 0 0 -1
    outer loop
      vertex -25.04 24.72 0
      vertex -28.9885 27.5517 0
      vertex -28.8419 27.591 0
    endloop
  endfacet
  facet normal 0 0 -1
    outer loop
      vertex -29.4416 -27.5279 0
      vertex -25.04 -24.72 0
      vertex -29.29 -27.52 0
    endloop
  endfacet
  facet normal 0 0 -1
    outer loop
      vertex -25.04 24.72 0
      vertex -29.1384 27.5279 0
      vertex -28.9885 27.5517 0
    endloop
  endfacet
  facet normal 0 0 -1
    outer loop
      vertex -29.5915 -27.5517 0
      vertex -25.04 -24.72 0
      vertex -29.4416 -27.5279 0
    endloop
  endfacet
  facet normal 0 0 -1
    outer loop
      vertex -25.04 24.72 0
      vertex -29.29 27.52 0
      vertex -29.1384 27.5279 0
    endloop
  endfacet
  facet normal 0 0 -1
    outer loop
      vertex -29.7381 -27.591 0
      vertex -25.04 -24.72 0
      vertex -29.5915 -27.5517 0
    endloop
  endfacet
  facet normal 0 0 -1
    outer loop
      vertex -25.04 24.72 0
      vertex -29.4416 27.5279 0
      vertex -29.29 27.52 0
    endloop
  endfacet
  facet normal 0 0 -1
    outer loop
      vertex -29.8798 -27.6454 0
      vertex -25.04 -24.72 0
      vertex -29.7381 -27.591 0
    endloop
  endfacet
  facet normal 0 0 -1
    outer loop
      vertex -25.04 24.72 0
      vertex -29.5915 27.5517 0
      vertex -29.4416 27.5279 0
    endloop
  endfacet
  facet normal -0 0 -1
    outer loop
      vertex -25.04 -24.72 0
      vertex -29.8798 -27.6454 0
      vertex -25.04 24.72 0
    endloop
  endfacet
  facet normal 0 0 -1
    outer loop
      vertex -25.04 24.72 0
      vertex -29.7381 27.591 0
      vertex -29.5915 27.5517 0
    endloop
  endfacet
  facet normal 0 0 -1
    outer loop
      vertex -29.8798 27.6454 0
      vertex -25.04 24.72 0
      vertex -29.8798 -27.6454 0
    endloop
  endfacet
  facet normal 0 0 -1
    outer loop
      vertex -25.04 24.72 0
      vertex -29.8798 27.6454 0
      vertex -29.7381 27.591 0
    endloop
  endfacet
  facet normal 0 0 -1
    outer loop
      vertex -30.015 -27.7143 0
      vertex -29.8798 27.6454 0
      vertex -29.8798 -27.6454 0
    endloop
  endfacet
  facet normal 0 0 -1
    outer loop
      vertex -30.015 -27.7143 0
      vertex -30.015 27.7143 0
      vertex -29.8798 27.6454 0
    endloop
  endfacet
  facet normal 0 0 -1
    outer loop
      vertex -30.1423 -27.7969 0
      vertex -30.015 27.7143 0
      vertex -30.015 -27.7143 0
    endloop
  endfacet
  facet normal 0 0 -1
    outer loop
      vertex -30.1423 -27.7969 0
      vertex -30.1423 27.7969 0
      vertex -30.015 27.7143 0
    endloop
  endfacet
  facet normal 0 0 -1
    outer loop
      vertex -30.2602 -27.8924 0
      vertex -30.1423 27.7969 0
      vertex -30.1423 -27.7969 0
    endloop
  endfacet
  facet normal 0 0 -1
    outer loop
      vertex -30.2602 -27.8924 0
      vertex -30.2602 27.8924 0
      vertex -30.1423 27.7969 0
    endloop
  endfacet
  facet normal 0 0 -1
    outer loop
      vertex -30.3676 -27.9998 0
      vertex -30.2602 27.8924 0
      vertex -30.2602 -27.8924 0
    endloop
  endfacet
  facet normal 0 0 -1
    outer loop
      vertex -30.3676 -27.9998 0
      vertex -30.3676 27.9998 0
      vertex -30.2602 27.8924 0
    endloop
  endfacet
  facet normal 0 0 -1
    outer loop
      vertex -30.4631 -28.1177 0
      vertex -30.3676 27.9998 0
      vertex -30.3676 -27.9998 0
    endloop
  endfacet
  facet normal 0 0 -1
    outer loop
      vertex -30.4631 -28.1177 0
      vertex -30.4631 28.1177 0
      vertex -30.3676 27.9998 0
    endloop
  endfacet
  facet normal 0 0 -1
    outer loop
      vertex -30.5457 -28.245 0
      vertex -30.4631 28.1177 0
      vertex -30.4631 -28.1177 0
    endloop
  endfacet
  facet normal 0 0 -1
    outer loop
      vertex -30.5457 -28.245 0
      vertex -30.5457 28.245 0
      vertex -30.4631 28.1177 0
    endloop
  endfacet
  facet normal 0 0 -1
    outer loop
      vertex -34.29 -33.97 0
      vertex -30.5457 -28.245 0
      vertex -30.6146 -28.3802 0
    endloop
  endfacet
  facet normal -0 0 -1
    outer loop
      vertex -30.5457 -28.245 0
      vertex -34.29 -33.97 0
      vertex -30.5457 28.245 0
    endloop
  endfacet
  facet normal 0 0 -1
    outer loop
      vertex -34.29 -33.97 0
      vertex -30.6146 -28.3802 0
      vertex -30.669 -28.5219 0
    endloop
  endfacet
  facet normal 0 0 -1
    outer loop
      vertex -34.29 33.97 0
      vertex -30.5457 28.245 0
      vertex -34.29 -33.97 0
    endloop
  endfacet
  facet normal 0 0 -1
    outer loop
      vertex -34.29 -33.97 0
      vertex -30.669 -28.5219 0
      vertex -30.7083 -28.6685 0
    endloop
  endfacet
  facet normal 0 0 -1
    outer loop
      vertex -30.5457 28.245 0
      vertex -34.29 33.97 0
      vertex -30.6146 28.3802 0
    endloop
  endfacet
  facet normal 0 0 -1
    outer loop
      vertex -34.29 -33.97 0
      vertex -30.7083 -28.6685 0
      vertex -30.7321 -28.8184 0
    endloop
  endfacet
  facet normal 0 0 -1
    outer loop
      vertex -30.6146 28.3802 0
      vertex -34.29 33.97 0
      vertex -30.669 28.5219 0
    endloop
  endfacet
  facet normal 0 0 -1
    outer loop
      vertex -34.29 -33.97 0
      vertex -30.7321 -28.8184 0
      vertex -30.74 -28.97 0
    endloop
  endfacet
  facet normal 0 0 -1
    outer loop
      vertex -30.669 28.5219 0
      vertex -34.29 33.97 0
      vertex -30.7083 28.6685 0
    endloop
  endfacet
  facet normal 0 0 -1
    outer loop
      vertex 30.669 -28.5219 0
      vertex 34.29 -33.97 0
      vertex 30.7083 -28.6685 0
    endloop
  endfacet
  facet normal 0 0 -1
    outer loop
      vertex 34.29 33.97 0
      vertex 30.7321 28.8184 0
      vertex 30.74 28.97 0
    endloop
  endfacet
  facet normal 0 0 -1
    outer loop
      vertex 30.6146 -28.3802 0
      vertex 34.29 -33.97 0
      vertex 30.669 -28.5219 0
    endloop
  endfacet
  facet normal 0 0 -1
    outer loop
      vertex 34.29 33.97 0
      vertex 30.7083 28.6685 0
      vertex 30.7321 28.8184 0
    endloop
  endfacet
  facet normal 0 0 -1
    outer loop
      vertex 30.5457 -28.245 0
      vertex 34.29 -33.97 0
      vertex 30.6146 -28.3802 0
    endloop
  endfacet
  facet normal 0 0 -1
    outer loop
      vertex 34.29 33.97 0
      vertex 30.669 28.5219 0
      vertex 30.7083 28.6685 0
    endloop
  endfacet
  facet normal 0 0 -1
    outer loop
      vertex 34.29 -33.97 0
      vertex 30.5457 -28.245 0
      vertex 34.29 33.97 0
    endloop
  endfacet
  facet normal 0 0 -1
    outer loop
      vertex 34.29 33.97 0
      vertex 30.6146 28.3802 0
      vertex 30.669 28.5219 0
    endloop
  endfacet
  facet normal 0 0 -1
    outer loop
      vertex 30.5457 28.245 0
      vertex 34.29 33.97 0
      vertex 30.5457 -28.245 0
    endloop
  endfacet
  facet normal 0 0 -1
    outer loop
      vertex 34.29 33.97 0
      vertex 30.5457 28.245 0
      vertex 30.6146 28.3802 0
    endloop
  endfacet
  facet normal 0 0 -1
    outer loop
      vertex 30.4631 -28.1177 0
      vertex 30.5457 28.245 0
      vertex 30.5457 -28.245 0
    endloop
  endfacet
  facet normal 0 0 -1
    outer loop
      vertex 30.4631 -28.1177 0
      vertex 30.4631 28.1177 0
      vertex 30.5457 28.245 0
    endloop
  endfacet
  facet normal 0 0 -1
    outer loop
      vertex 30.3676 -27.9998 0
      vertex 30.4631 28.1177 0
      vertex 30.4631 -28.1177 0
    endloop
  endfacet
  facet normal 0 0 -1
    outer loop
      vertex 30.3676 -27.9998 0
      vertex 30.3676 27.9998 0
      vertex 30.4631 28.1177 0
    endloop
  endfacet
  facet normal 0 0 -1
    outer loop
      vertex 30.2602 -27.8924 0
      vertex 30.3676 27.9998 0
      vertex 30.3676 -27.9998 0
    endloop
  endfacet
  facet normal 0 0 -1
    outer loop
      vertex 30.2602 -27.8924 0
      vertex 30.2602 27.8924 0
      vertex 30.3676 27.9998 0
    endloop
  endfacet
  facet normal 0 0 -1
    outer loop
      vertex 30.1423 -27.7969 0
      vertex 30.2602 27.8924 0
      vertex 30.2602 -27.8924 0
    endloop
  endfacet
  facet normal 0 0 -1
    outer loop
      vertex 30.1423 -27.7969 0
      vertex 30.1423 27.7969 0
      vertex 30.2602 27.8924 0
    endloop
  endfacet
  facet normal 0 0 -1
    outer loop
      vertex 30.015 -27.7143 0
      vertex 30.1423 27.7969 0
      vertex 30.1423 -27.7969 0
    endloop
  endfacet
  facet normal 0 0 -1
    outer loop
      vertex 30.015 -27.7143 0
      vertex 30.015 27.7143 0
      vertex 30.1423 27.7969 0
    endloop
  endfacet
  facet normal 0 0 -1
    outer loop
      vertex 29.8798 -27.6454 0
      vertex 30.015 27.7143 0
      vertex 30.015 -27.7143 0
    endloop
  endfacet
  facet normal 0 0 -1
    outer loop
      vertex 29.8798 -27.6454 0
      vertex 29.8798 27.6454 0
      vertex 30.015 27.7143 0
    endloop
  endfacet
  facet normal 0 0 -1
    outer loop
      vertex 25.04 -24.72 0
      vertex 29.8798 -27.6454 0
      vertex 29.7381 -27.591 0
    endloop
  endfacet
  facet normal 0 0 -1
    outer loop
      vertex 29.8798 -27.6454 0
      vertex 25.04 -24.72 0
      vertex 29.8798 27.6454 0
    endloop
  endfacet
  facet normal 0 0 -1
    outer loop
      vertex 25.04 -24.72 0
      vertex 29.7381 -27.591 0
      vertex 29.5915 -27.5517 0
    endloop
  endfacet
  facet normal 0 0 -1
    outer loop
      vertex 25.04 24.72 0
      vertex 29.8798 27.6454 0
      vertex 25.04 -24.72 0
    endloop
  endfacet
  facet normal 0 0 -1
    outer loop
      vertex 25.04 -24.72 0
      vertex 29.5915 -27.5517 0
      vertex 29.4416 -27.5279 0
    endloop
  endfacet
  facet normal 0 0 -1
    outer loop
      vertex 29.8798 27.6454 0
      vertex 25.04 24.72 0
      vertex 29.7381 27.591 0
    endloop
  endfacet
  facet normal 0 0 -1
    outer loop
      vertex 25.04 -24.72 0
      vertex 29.4416 -27.5279 0
      vertex 29.29 -27.52 0
    endloop
  endfacet
  facet normal 0 0 -1
    outer loop
      vertex 29.7381 27.591 0
      vertex 25.04 24.72 0
      vertex 29.5915 27.5517 0
    endloop
  endfacet
  facet normal 0 0 -1
    outer loop
      vertex 25.04 -24.72 0
      vertex 29.29 -27.52 0
      vertex 29.1384 -27.5279 0
    endloop
  endfacet
  facet normal 0 0 -1
    outer loop
      vertex 29.5915 27.5517 0
      vertex 25.04 24.72 0
      vertex 29.4416 27.5279 0
    endloop
  endfacet
  facet normal 0 0 -1
    outer loop
      vertex 25.04 -24.72 0
      vertex 29.1384 -27.5279 0
      vertex 28.9885 -27.5517 0
    endloop
  endfacet
  facet normal 0 0 -1
    outer loop
      vertex 29.4416 27.5279 0
      vertex 25.04 24.72 0
      vertex 29.29 27.52 0
    endloop
  endfacet
  facet normal 0 0 -1
    outer loop
      vertex 25.04 -24.72 0
      vertex 28.9885 -27.5517 0
      vertex 28.8419 -27.591 0
    endloop
  endfacet
  facet normal -0 0 -1
    outer loop
      vertex 29.29 27.52 0
      vertex 25.04 24.72 0
      vertex 29.1384 27.5279 0
    endloop
  endfacet
  facet normal 0 0 -1
    outer loop
      vertex 25.04 -24.72 0
      vertex 28.8419 -27.591 0
      vertex 28.7002 -27.6454 0
    endloop
  endfacet
  facet normal -0 0 -1
    outer loop
      vertex 29.1384 27.5279 0
      vertex 25.04 24.72 0
      vertex 28.9885 27.5517 0
    endloop
  endfacet
  facet normal 0 0 -1
    outer loop
      vertex 25.04 -24.72 0
      vertex 28.7002 -27.6454 0
      vertex 28.565 -27.7143 0
    endloop
  endfacet
  facet normal -0 0 -1
    outer loop
      vertex 28.9885 27.5517 0
      vertex 25.04 24.72 0
      vertex 28.8419 27.591 0
    endloop
  endfacet
  facet normal 0 0 -1
    outer loop
      vertex 25.04 -24.72 0
      vertex 28.565 -27.7143 0
      vertex 28.4377 -27.7969 0
    endloop
  endfacet
  facet normal -0 0 -1
    outer loop
      vertex 28.8419 27.591 0
      vertex 25.04 24.72 0
      vertex 28.7002 27.6454 0
    endloop
  endfacet
  facet normal 0 0 -1
    outer loop
      vertex 25.04 -24.72 0
      vertex 28.4377 -27.7969 0
      vertex 28.3198 -27.8924 0
    endloop
  endfacet
  facet normal -0 0 -1
    outer loop
      vertex 28.7002 27.6454 0
      vertex 25.04 24.72 0
      vertex 28.565 27.7143 0
    endloop
  endfacet
  facet normal 0 0 -1
    outer loop
      vertex 25.04 -24.72 0
      vertex 28.3198 -27.8924 0
      vertex 28.2124 -27.9998 0
    endloop
  endfacet
  facet normal -0 0 -1
    outer loop
      vertex 28.565 27.7143 0
      vertex 25.04 24.72 0
      vertex 28.4377 27.7969 0
    endloop
  endfacet
  facet normal 0 0 -1
    outer loop
      vertex 25.04 -24.72 0
      vertex 28.2124 -27.9998 0
      vertex 28.1169 -28.1177 0
    endloop
  endfacet
  facet normal -0 0 -1
    outer loop
      vertex 28.4377 27.7969 0
      vertex 25.04 24.72 0
      vertex 28.3198 27.8924 0
    endloop
  endfacet
  facet normal 0 0 -1
    outer loop
      vertex 25.04 -24.72 0
      vertex 28.1169 -28.1177 0
      vertex 28.0343 -28.245 0
    endloop
  endfacet
  facet normal -0 0 -1
    outer loop
      vertex 28.3198 27.8924 0
      vertex 25.04 24.72 0
      vertex 28.2124 27.9998 0
    endloop
  endfacet
  facet normal 0 0 -1
    outer loop
      vertex 25.04 -24.72 0
      vertex 28.0343 -28.245 0
      vertex 27.9654 -28.3802 0
    endloop
  endfacet
  facet normal -0 0 -1
    outer loop
      vertex 28.2124 27.9998 0
      vertex 25.04 24.72 0
      vertex 28.1169 28.1177 0
    endloop
  endfacet
  facet normal 0 0 -1
    outer loop
      vertex 25.04 -24.72 0
      vertex 27.9654 -28.3802 0
      vertex 27.911 -28.5219 0
    endloop
  endfacet
  facet normal -0 0 -1
    outer loop
      vertex 28.1169 28.1177 0
      vertex 25.04 24.72 0
      vertex 28.0343 28.245 0
    endloop
  endfacet
  facet normal 0 0 -1
    outer loop
      vertex 25.04 -24.72 0
      vertex 27.911 -28.5219 0
      vertex 27.8717 -28.6685 0
    endloop
  endfacet
  facet normal -0 0 -1
    outer loop
      vertex 28.0343 28.245 0
      vertex 25.04 24.72 0
      vertex 27.9654 28.3802 0
    endloop
  endfacet
  facet normal 0 0 -1
    outer loop
      vertex 25.04 -24.72 0
      vertex 27.8717 -28.6685 0
      vertex 27.8479 -28.8184 0
    endloop
  endfacet
  facet normal -0 0 -1
    outer loop
      vertex 27.9654 28.3802 0
      vertex 25.04 24.72 0
      vertex 27.911 28.5219 0
    endloop
  endfacet
  facet normal 0 0 -1
    outer loop
      vertex 25.04 -24.72 0
      vertex 27.8479 -28.8184 0
      vertex 27.84 -28.97 0
    endloop
  endfacet
  facet normal -0 0 -1
    outer loop
      vertex 27.911 28.5219 0
      vertex 25.04 24.72 0
      vertex 27.8717 28.6685 0
    endloop
  endfacet
  facet normal 0 0 -1
    outer loop
      vertex 30.7321 -28.8184 0
      vertex 34.29 -33.97 0
      vertex 30.74 -28.97 0
    endloop
  endfacet
  facet normal 0 0 -1
    outer loop
      vertex 34.29 -33.97 0
      vertex 30.7321 -29.1216 0
      vertex 30.74 -28.97 0
    endloop
  endfacet
  facet normal 0 0 -1
    outer loop
      vertex 34.29 -33.97 0
      vertex 30.7083 -29.2715 0
      vertex 30.7321 -29.1216 0
    endloop
  endfacet
  facet normal 0 0 -1
    outer loop
      vertex 34.29 -33.97 0
      vertex 30.669 -29.4181 0
      vertex 30.7083 -29.2715 0
    endloop
  endfacet
  facet normal 0 0 -1
    outer loop
      vertex 34.29 -33.97 0
      vertex 30.6146 -29.5598 0
      vertex 30.669 -29.4181 0
    endloop
  endfacet
  facet normal 0 0 -1
    outer loop
      vertex 34.29 -33.97 0
      vertex 30.5457 -29.695 0
      vertex 30.6146 -29.5598 0
    endloop
  endfacet
  facet normal 0 0 -1
    outer loop
      vertex 34.29 -33.97 0
      vertex 30.4631 -29.8223 0
      vertex 30.5457 -29.695 0
    endloop
  endfacet
  facet normal 0 0 -1
    outer loop
      vertex 34.29 -33.97 0
      vertex 30.3676 -29.9402 0
      vertex 30.4631 -29.8223 0
    endloop
  endfacet
  facet normal 0 0 -1
    outer loop
      vertex 34.29 -33.97 0
      vertex 30.2602 -30.0476 0
      vertex 30.3676 -29.9402 0
    endloop
  endfacet
  facet normal 0 0 -1
    outer loop
      vertex 34.29 -33.97 0
      vertex 30.1423 -30.1431 0
      vertex 30.2602 -30.0476 0
    endloop
  endfacet
  facet normal 0 0 -1
    outer loop
      vertex 34.29 -33.97 0
      vertex 30.015 -30.2257 0
      vertex 30.1423 -30.1431 0
    endloop
  endfacet
  facet normal 0 0 -1
    outer loop
      vertex 34.29 -33.97 0
      vertex 29.8798 -30.2946 0
      vertex 30.015 -30.2257 0
    endloop
  endfacet
  facet normal 0 0 -1
    outer loop
      vertex 34.29 -33.97 0
      vertex 29.7381 -30.349 0
      vertex 29.8798 -30.2946 0
    endloop
  endfacet
  facet normal 0 0 -1
    outer loop
      vertex 34.29 -33.97 0
      vertex 29.5915 -30.3883 0
      vertex 29.7381 -30.349 0
    endloop
  endfacet
  facet normal 0 0 -1
    outer loop
      vertex 34.29 -33.97 0
      vertex 29.4416 -30.4121 0
      vertex 29.5915 -30.3883 0
    endloop
  endfacet
  facet normal 0 0 -1
    outer loop
      vertex 34.29 -33.97 0
      vertex 29.29 -30.42 0
      vertex 29.4416 -30.4121 0
    endloop
  endfacet
  facet normal 0 0 -1
    outer loop
      vertex 34.29 -33.97 0
      vertex 29.1384 -30.4121 0
      vertex 29.29 -30.42 0
    endloop
  endfacet
  facet normal 0 0 -1
    outer loop
      vertex 34.29 -33.97 0
      vertex 28.9885 -30.3883 0
      vertex 29.1384 -30.4121 0
    endloop
  endfacet
  facet normal 0 0 -1
    outer loop
      vertex 34.29 -33.97 0
      vertex 28.8419 -30.349 0
      vertex 28.9885 -30.3883 0
    endloop
  endfacet
  facet normal 0 0 -1
    outer loop
      vertex 34.29 -33.97 0
      vertex 28.7002 -30.2946 0
      vertex 28.8419 -30.349 0
    endloop
  endfacet
  facet normal 0 0 -1
    outer loop
      vertex 6.85 -30.4422 0
      vertex 28.7002 -30.2946 0
      vertex 34.29 -33.97 0
    endloop
  endfacet
  facet normal -0 0 -1
    outer loop
      vertex 28.7002 -30.2946 0
      vertex 6.85 -30.4422 0
      vertex 28.565 -30.2257 0
    endloop
  endfacet
  facet normal -0 0 -1
    outer loop
      vertex 27.8717 28.6685 0
      vertex 25.04 24.72 0
      vertex 27.8479 28.8184 0
    endloop
  endfacet
  facet normal 0 0 -1
    outer loop
      vertex 27.8479 -29.1216 0
      vertex 25.04 -24.72 0
      vertex 27.84 -28.97 0
    endloop
  endfacet
  facet normal 0 0 -1
    outer loop
      vertex 27.8717 -29.2715 0
      vertex 25.04 -24.72 0
      vertex 27.8479 -29.1216 0
    endloop
  endfacet
  facet normal 0 0 -1
    outer loop
      vertex 27.911 -29.4181 0
      vertex 25.04 -24.72 0
      vertex 27.8717 -29.2715 0
    endloop
  endfacet
  facet normal 0 0 -1
    outer loop
      vertex 7.6168 -29.4953 0
      vertex 27.911 -29.4181 0
      vertex 27.9654 -29.5598 0
    endloop
  endfacet
  facet normal 0 0 -1
    outer loop
      vertex 7.55303 -29.6615 0
      vertex 27.9654 -29.5598 0
      vertex 28.0343 -29.695 0
    endloop
  endfacet
  facet normal -0 0 -1
    outer loop
      vertex 27.911 -29.4181 0
      vertex 7.6168 -29.4953 0
      vertex 25.04 -24.72 0
    endloop
  endfacet
  facet normal 0 0 -1
    outer loop
      vertex 7.47224 -29.82 0
      vertex 28.0343 -29.695 0
      vertex 28.1169 -29.8223 0
    endloop
  endfacet
  facet normal 0 0 -1
    outer loop
      vertex 7.37533 -29.9692 0
      vertex 28.1169 -29.8223 0
      vertex 28.2124 -29.9402 0
    endloop
  endfacet
  facet normal 0 0 -1
    outer loop
      vertex 7.26335 -30.1075 0
      vertex 28.2124 -29.9402 0
      vertex 28.3198 -30.0476 0
    endloop
  endfacet
  facet normal 0 0 -1
    outer loop
      vertex 7.13752 -30.2333 0
      vertex 28.3198 -30.0476 0
      vertex 28.4377 -30.1431 0
    endloop
  endfacet
  facet normal 0 -0 -1
    outer loop
      vertex 6.99923 -30.3453 0
      vertex 28.565 -30.2257 0
      vertex 6.85 -30.4422 0
    endloop
  endfacet
  facet normal 0 0 -1
    outer loop
      vertex 25.04 -24.72 0
      vertex 7.69069 -29.1477 0
      vertex 7.7 -28.97 0
    endloop
  endfacet
  facet normal 0 0 -1
    outer loop
      vertex 25.04 -24.72 0
      vertex 7.66285 -29.3234 0
      vertex 7.69069 -29.1477 0
    endloop
  endfacet
  facet normal 0 0 -1
    outer loop
      vertex 25.04 -24.72 0
      vertex 7.6168 -29.4953 0
      vertex 7.66285 -29.3234 0
    endloop
  endfacet
  facet normal -0 0 -1
    outer loop
      vertex 27.9654 -29.5598 0
      vertex 7.55303 -29.6615 0
      vertex 7.6168 -29.4953 0
    endloop
  endfacet
  facet normal -0 0 -1
    outer loop
      vertex 28.0343 -29.695 0
      vertex 7.47224 -29.82 0
      vertex 7.55303 -29.6615 0
    endloop
  endfacet
  facet normal -0 0 -1
    outer loop
      vertex 28.1169 -29.8223 0
      vertex 7.37533 -29.9692 0
      vertex 7.47224 -29.82 0
    endloop
  endfacet
  facet normal 0 0 -1
    outer loop
      vertex 28.2124 -29.9402 0
      vertex 7.26335 -30.1075 0
      vertex 7.37533 -29.9692 0
    endloop
  endfacet
  facet normal 0 0 -1
    outer loop
      vertex 28.3198 -30.0476 0
      vertex 7.13752 -30.2333 0
      vertex 7.26335 -30.1075 0
    endloop
  endfacet
  facet normal 0 0 -1
    outer loop
      vertex 28.4377 -30.1431 0
      vertex 6.99923 -30.3453 0
      vertex 7.13752 -30.2333 0
    endloop
  endfacet
  facet normal -0 0 -1
    outer loop
      vertex 28.565 -30.2257 0
      vertex 6.99923 -30.3453 0
      vertex 28.4377 -30.1431 0
    endloop
  endfacet
  facet normal 0 0 -1
    outer loop
      vertex 34.29 -33.97 0
      vertex 6.69145 -30.523 0
      vertex 6.85 -30.4422 0
    endloop
  endfacet
  facet normal 0 0 -1
    outer loop
      vertex 34.29 -33.97 0
      vertex 6.52533 -30.5868 0
      vertex 6.69145 -30.523 0
    endloop
  endfacet
  facet normal 0 0 -1
    outer loop
      vertex 34.29 -33.97 0
      vertex 6.35345 -30.6329 0
      vertex 6.52533 -30.5868 0
    endloop
  endfacet
  facet normal 0 0 -1
    outer loop
      vertex 34.29 -33.97 0
      vertex 6.1777 -30.6607 0
      vertex 6.35345 -30.6329 0
    endloop
  endfacet
  facet normal 0 0 -1
    outer loop
      vertex 34.29 -33.97 0
      vertex 6 -30.67 0
      vertex 6.1777 -30.6607 0
    endloop
  endfacet
  facet normal 0 0 -1
    outer loop
      vertex -6 -30.67 0
      vertex 6 -30.67 0
      vertex 34.29 -33.97 0
    endloop
  endfacet
  facet normal 0 0 -1
    outer loop
      vertex 4.30931 -29.1477 0
      vertex -4.3 -28.97 0
      vertex 4.3 -28.97 0
    endloop
  endfacet
  facet normal 0 0 -1
    outer loop
      vertex -4.30931 -29.1477 0
      vertex 4.30931 -29.1477 0
      vertex 4.33715 -29.3234 0
    endloop
  endfacet
  facet normal 0 0 -1
    outer loop
      vertex -4.33715 -29.3234 0
      vertex 4.33715 -29.3234 0
      vertex 4.3832 -29.4953 0
    endloop
  endfacet
  facet normal 0 0 -1
    outer loop
      vertex -4.3832 -29.4953 0
      vertex 4.3832 -29.4953 0
      vertex 4.44697 -29.6615 0
    endloop
  endfacet
  facet normal 0 0 -1
    outer loop
      vertex -4.44697 -29.6615 0
      vertex 4.44697 -29.6615 0
      vertex 4.52776 -29.82 0
    endloop
  endfacet
  facet normal 0 0 -1
    outer loop
      vertex -4.52776 -29.82 0
      vertex 4.52776 -29.82 0
      vertex 4.62467 -29.9692 0
    endloop
  endfacet
  facet normal 0 0 -1
    outer loop
      vertex -4.62467 -29.9692 0
      vertex 4.62467 -29.9692 0
      vertex 4.73665 -30.1075 0
    endloop
  endfacet
  facet normal 0 0 -1
    outer loop
      vertex -4.73665 -30.1075 0
      vertex 4.73665 -30.1075 0
      vertex 4.86248 -30.2333 0
    endloop
  endfacet
  facet normal 0 0 -1
    outer loop
      vertex -4.86248 -30.2333 0
      vertex 4.86248 -30.2333 0
      vertex 5.00076 -30.3453 0
    endloop
  endfacet
  facet normal 0 0 -1
    outer loop
      vertex -5.00076 -30.3453 0
      vertex 5.00076 -30.3453 0
      vertex 5.15 -30.4422 0
    endloop
  endfacet
  facet normal 0 0 -1
    outer loop
      vertex -5.15 -30.4422 0
      vertex 5.15 -30.4422 0
      vertex 5.30855 -30.523 0
    endloop
  endfacet
  facet normal 0 0 -1
    outer loop
      vertex -5.30855 -30.523 0
      vertex 5.30855 -30.523 0
      vertex 5.47467 -30.5868 0
    endloop
  endfacet
  facet normal 0 0 -1
    outer loop
      vertex -5.47467 -30.5868 0
      vertex 5.47467 -30.5868 0
      vertex 5.64655 -30.6329 0
    endloop
  endfacet
  facet normal 0 0 -1
    outer loop
      vertex 4.30931 -29.1477 0
      vertex -4.30931 -29.1477 0
      vertex -4.3 -28.97 0
    endloop
  endfacet
  facet normal 0 0 -1
    outer loop
      vertex -5.64655 -30.6329 0
      vertex 5.64655 -30.6329 0
      vertex 5.8223 -30.6607 0
    endloop
  endfacet
  facet normal 0 0 -1
    outer loop
      vertex 4.33715 -29.3234 0
      vertex -4.33715 -29.3234 0
      vertex -4.30931 -29.1477 0
    endloop
  endfacet
  facet normal 0 0 -1
    outer loop
      vertex 4.3832 -29.4953 0
      vertex -4.3832 -29.4953 0
      vertex -4.33715 -29.3234 0
    endloop
  endfacet
  facet normal 0 0 -1
    outer loop
      vertex 6 -30.67 0
      vertex -6 -30.67 0
      vertex 5.8223 -30.6607 0
    endloop
  endfacet
  facet normal 0 0 -1
    outer loop
      vertex 4.44697 -29.6615 0
      vertex -4.44697 -29.6615 0
      vertex -4.3832 -29.4953 0
    endloop
  endfacet
  facet normal 0 0 -1
    outer loop
      vertex 4.52776 -29.82 0
      vertex -4.52776 -29.82 0
      vertex -4.44697 -29.6615 0
    endloop
  endfacet
  facet normal 0 0 -1
    outer loop
      vertex 4.62467 -29.9692 0
      vertex -4.62467 -29.9692 0
      vertex -4.52776 -29.82 0
    endloop
  endfacet
  facet normal 0 0 -1
    outer loop
      vertex 4.73665 -30.1075 0
      vertex -4.73665 -30.1075 0
      vertex -4.62467 -29.9692 0
    endloop
  endfacet
  facet normal 0 0 -1
    outer loop
      vertex 4.86248 -30.2333 0
      vertex -4.86248 -30.2333 0
      vertex -4.73665 -30.1075 0
    endloop
  endfacet
  facet normal 0 0 -1
    outer loop
      vertex 5.00076 -30.3453 0
      vertex -5.00076 -30.3453 0
      vertex -4.86248 -30.2333 0
    endloop
  endfacet
  facet normal 0 0 -1
    outer loop
      vertex 5.15 -30.4422 0
      vertex -5.15 -30.4422 0
      vertex -5.00076 -30.3453 0
    endloop
  endfacet
  facet normal 0 0 -1
    outer loop
      vertex 5.30855 -30.523 0
      vertex -5.30855 -30.523 0
      vertex -5.15 -30.4422 0
    endloop
  endfacet
  facet normal 0 0 -1
    outer loop
      vertex 5.47467 -30.5868 0
      vertex -5.47467 -30.5868 0
      vertex -5.30855 -30.523 0
    endloop
  endfacet
  facet normal 0 0 -1
    outer loop
      vertex 5.64655 -30.6329 0
      vertex -5.64655 -30.6329 0
      vertex -5.47467 -30.5868 0
    endloop
  endfacet
  facet normal 0 0 -1
    outer loop
      vertex 5.8223 -30.6607 0
      vertex -5.8223 -30.6607 0
      vertex -5.64655 -30.6329 0
    endloop
  endfacet
  facet normal -0 0 -1
    outer loop
      vertex 5.8223 -30.6607 0
      vertex -6 -30.67 0
      vertex -5.8223 -30.6607 0
    endloop
  endfacet
  facet normal 0 0 -1
    outer loop
      vertex -34.29 -33.97 0
      vertex -6 -30.67 0
      vertex 34.29 -33.97 0
    endloop
  endfacet
  facet normal 0 0 -1
    outer loop
      vertex -7.69069 -29.1477 0
      vertex -25.04 -24.72 0
      vertex -7.7 -28.97 0
    endloop
  endfacet
  facet normal 0 0 -1
    outer loop
      vertex -7.66285 -29.3234 0
      vertex -25.04 -24.72 0
      vertex -7.69069 -29.1477 0
    endloop
  endfacet
  facet normal 0 0 -1
    outer loop
      vertex -7.6168 -29.4953 0
      vertex -25.04 -24.72 0
      vertex -7.66285 -29.3234 0
    endloop
  endfacet
  facet normal 0 0 -1
    outer loop
      vertex -27.911 -29.4181 0
      vertex -7.6168 -29.4953 0
      vertex -7.55303 -29.6615 0
    endloop
  endfacet
  facet normal 0 0 -1
    outer loop
      vertex -28.0343 -29.695 0
      vertex -7.55303 -29.6615 0
      vertex -7.47224 -29.82 0
    endloop
  endfacet
  facet normal 0 0 -1
    outer loop
      vertex -28.1169 -29.8223 0
      vertex -7.47224 -29.82 0
      vertex -7.37533 -29.9692 0
    endloop
  endfacet
  facet normal 0 0 -1
    outer loop
      vertex -28.2124 -29.9402 0
      vertex -7.37533 -29.9692 0
      vertex -7.26335 -30.1075 0
    endloop
  endfacet
  facet normal 0 0 -1
    outer loop
      vertex -28.3198 -30.0476 0
      vertex -7.26335 -30.1075 0
      vertex -7.13752 -30.2333 0
    endloop
  endfacet
  facet normal 0 0 -1
    outer loop
      vertex -28.4377 -30.1431 0
      vertex -7.13752 -30.2333 0
      vertex -6.99923 -30.3453 0
    endloop
  endfacet
  facet normal 0 0 -1
    outer loop
      vertex -28.565 -30.2257 0
      vertex -6.99923 -30.3453 0
      vertex -6.85 -30.4422 0
    endloop
  endfacet
  facet normal 0 0 -1
    outer loop
      vertex -28.7002 -30.2946 0
      vertex -6.85 -30.4422 0
      vertex -6.69145 -30.523 0
    endloop
  endfacet
  facet normal 0 0 -1
    outer loop
      vertex -34.29 -33.97 0
      vertex -6.69145 -30.523 0
      vertex -6.52533 -30.5868 0
    endloop
  endfacet
  facet normal 0 0 -1
    outer loop
      vertex -27.8479 -28.8184 0
      vertex -25.04 -24.72 0
      vertex -27.84 -28.97 0
    endloop
  endfacet
  facet normal 0 0 -1
    outer loop
      vertex -7.6168 -29.4953 0
      vertex -27.911 -29.4181 0
      vertex -25.04 -24.72 0
    endloop
  endfacet
  facet normal 0 0 -1
    outer loop
      vertex -34.29 -33.97 0
      vertex -6.52533 -30.5868 0
      vertex -6.35345 -30.6329 0
    endloop
  endfacet
  facet normal 0 0 -1
    outer loop
      vertex -34.29 -33.97 0
      vertex -6.35345 -30.6329 0
      vertex -6.1777 -30.6607 0
    endloop
  endfacet
  facet normal -0 0 -1
    outer loop
      vertex -6 -30.67 0
      vertex -34.29 -33.97 0
      vertex -6.1777 -30.6607 0
    endloop
  endfacet
  facet normal 0 0 -1
    outer loop
      vertex -25.04 -24.72 0
      vertex -27.8479 -29.1216 0
      vertex -27.84 -28.97 0
    endloop
  endfacet
  facet normal 0 0 -1
    outer loop
      vertex -25.04 -24.72 0
      vertex -27.8717 -29.2715 0
      vertex -27.8479 -29.1216 0
    endloop
  endfacet
  facet normal 0 0 -1
    outer loop
      vertex -25.04 -24.72 0
      vertex -27.911 -29.4181 0
      vertex -27.8717 -29.2715 0
    endloop
  endfacet
  facet normal 0 0 -1
    outer loop
      vertex -7.55303 -29.6615 0
      vertex -27.9654 -29.5598 0
      vertex -27.911 -29.4181 0
    endloop
  endfacet
  facet normal -0 0 -1
    outer loop
      vertex -7.55303 -29.6615 0
      vertex -28.0343 -29.695 0
      vertex -27.9654 -29.5598 0
    endloop
  endfacet
  facet normal -0 0 -1
    outer loop
      vertex -7.47224 -29.82 0
      vertex -28.1169 -29.8223 0
      vertex -28.0343 -29.695 0
    endloop
  endfacet
  facet normal 0 0 -1
    outer loop
      vertex -7.37533 -29.9692 0
      vertex -28.2124 -29.9402 0
      vertex -28.1169 -29.8223 0
    endloop
  endfacet
  facet normal 0 0 -1
    outer loop
      vertex -7.26335 -30.1075 0
      vertex -28.3198 -30.0476 0
      vertex -28.2124 -29.9402 0
    endloop
  endfacet
  facet normal 0 0 -1
    outer loop
      vertex -7.13752 -30.2333 0
      vertex -28.4377 -30.1431 0
      vertex -28.3198 -30.0476 0
    endloop
  endfacet
  facet normal 0 0 -1
    outer loop
      vertex -6.99923 -30.3453 0
      vertex -28.565 -30.2257 0
      vertex -28.4377 -30.1431 0
    endloop
  endfacet
  facet normal -0 0 -1
    outer loop
      vertex -6.69145 -30.523 0
      vertex -34.29 -33.97 0
      vertex -28.7002 -30.2946 0
    endloop
  endfacet
  facet normal 0 0 -1
    outer loop
      vertex -6.85 -30.4422 0
      vertex -28.7002 -30.2946 0
      vertex -28.565 -30.2257 0
    endloop
  endfacet
  facet normal 0 0 -1
    outer loop
      vertex -28.7002 -30.2946 0
      vertex -34.29 -33.97 0
      vertex -28.8419 -30.349 0
    endloop
  endfacet
  facet normal 0 0 -1
    outer loop
      vertex -28.8419 -30.349 0
      vertex -34.29 -33.97 0
      vertex -28.9885 -30.3883 0
    endloop
  endfacet
  facet normal 0 0 -1
    outer loop
      vertex -28.9885 -30.3883 0
      vertex -34.29 -33.97 0
      vertex -29.1384 -30.4121 0
    endloop
  endfacet
  facet normal 0 0 -1
    outer loop
      vertex -29.1384 -30.4121 0
      vertex -34.29 -33.97 0
      vertex -29.29 -30.42 0
    endloop
  endfacet
  facet normal 0 0 -1
    outer loop
      vertex -30.7083 28.6685 0
      vertex -34.29 33.97 0
      vertex -30.7321 28.8184 0
    endloop
  endfacet
  facet normal -0 0 -1
    outer loop
      vertex -30.7321 -29.1216 0
      vertex -34.29 -33.97 0
      vertex -30.74 -28.97 0
    endloop
  endfacet
  facet normal -0 0 -1
    outer loop
      vertex -30.7083 -29.2715 0
      vertex -34.29 -33.97 0
      vertex -30.7321 -29.1216 0
    endloop
  endfacet
  facet normal -0 0 -1
    outer loop
      vertex -30.669 -29.4181 0
      vertex -34.29 -33.97 0
      vertex -30.7083 -29.2715 0
    endloop
  endfacet
  facet normal -0 0 -1
    outer loop
      vertex -30.6146 -29.5598 0
      vertex -34.29 -33.97 0
      vertex -30.669 -29.4181 0
    endloop
  endfacet
  facet normal -0 0 -1
    outer loop
      vertex -30.5457 -29.695 0
      vertex -34.29 -33.97 0
      vertex -30.6146 -29.5598 0
    endloop
  endfacet
  facet normal -0 0 -1
    outer loop
      vertex -30.4631 -29.8223 0
      vertex -34.29 -33.97 0
      vertex -30.5457 -29.695 0
    endloop
  endfacet
  facet normal -0 0 -1
    outer loop
      vertex -30.3676 -29.9402 0
      vertex -34.29 -33.97 0
      vertex -30.4631 -29.8223 0
    endloop
  endfacet
  facet normal -0 0 -1
    outer loop
      vertex -30.2602 -30.0476 0
      vertex -34.29 -33.97 0
      vertex -30.3676 -29.9402 0
    endloop
  endfacet
  facet normal -0 0 -1
    outer loop
      vertex -30.1423 -30.1431 0
      vertex -34.29 -33.97 0
      vertex -30.2602 -30.0476 0
    endloop
  endfacet
  facet normal -0 0 -1
    outer loop
      vertex -30.015 -30.2257 0
      vertex -34.29 -33.97 0
      vertex -30.1423 -30.1431 0
    endloop
  endfacet
  facet normal -0 0 -1
    outer loop
      vertex -29.8798 -30.2946 0
      vertex -34.29 -33.97 0
      vertex -30.015 -30.2257 0
    endloop
  endfacet
  facet normal -0 0 -1
    outer loop
      vertex -29.7381 -30.349 0
      vertex -34.29 -33.97 0
      vertex -29.8798 -30.2946 0
    endloop
  endfacet
  facet normal -0 0 -1
    outer loop
      vertex -29.5915 -30.3883 0
      vertex -34.29 -33.97 0
      vertex -29.7381 -30.349 0
    endloop
  endfacet
  facet normal -0 0 -1
    outer loop
      vertex -29.4416 -30.4121 0
      vertex -34.29 -33.97 0
      vertex -29.5915 -30.3883 0
    endloop
  endfacet
  facet normal -0 0 -1
    outer loop
      vertex -29.29 -30.42 0
      vertex -34.29 -33.97 0
      vertex -29.4416 -30.4121 0
    endloop
  endfacet
  facet normal 0 0 -1
    outer loop
      vertex 30.7083 -28.6685 0
      vertex 34.29 -33.97 0
      vertex 30.7321 -28.8184 0
    endloop
  endfacet
  facet normal 0 0 -1
    outer loop
      vertex 30.7321 29.1216 0
      vertex 34.29 33.97 0
      vertex 30.74 28.97 0
    endloop
  endfacet
  facet normal 0 0 -1
    outer loop
      vertex 30.7083 29.2715 0
      vertex 34.29 33.97 0
      vertex 30.7321 29.1216 0
    endloop
  endfacet
  facet normal 0 0 -1
    outer loop
      vertex 30.669 29.4181 0
      vertex 34.29 33.97 0
      vertex 30.7083 29.2715 0
    endloop
  endfacet
  facet normal 0 0 -1
    outer loop
      vertex 30.6146 29.5598 0
      vertex 34.29 33.97 0
      vertex 30.669 29.4181 0
    endloop
  endfacet
  facet normal 0 0 -1
    outer loop
      vertex 30.5457 29.695 0
      vertex 34.29 33.97 0
      vertex 30.6146 29.5598 0
    endloop
  endfacet
  facet normal 0 0 -1
    outer loop
      vertex 30.4631 29.8223 0
      vertex 34.29 33.97 0
      vertex 30.5457 29.695 0
    endloop
  endfacet
  facet normal 0 0 -1
    outer loop
      vertex 30.3676 29.9402 0
      vertex 34.29 33.97 0
      vertex 30.4631 29.8223 0
    endloop
  endfacet
  facet normal 0 0 -1
    outer loop
      vertex 30.2602 30.0476 0
      vertex 34.29 33.97 0
      vertex 30.3676 29.9402 0
    endloop
  endfacet
  facet normal 0 0 -1
    outer loop
      vertex 30.1423 30.1431 0
      vertex 34.29 33.97 0
      vertex 30.2602 30.0476 0
    endloop
  endfacet
  facet normal 0 0 -1
    outer loop
      vertex 30.015 30.2257 0
      vertex 34.29 33.97 0
      vertex 30.1423 30.1431 0
    endloop
  endfacet
  facet normal 0 0 -1
    outer loop
      vertex 29.8798 30.2946 0
      vertex 34.29 33.97 0
      vertex 30.015 30.2257 0
    endloop
  endfacet
  facet normal 0 0 -1
    outer loop
      vertex 29.7381 30.349 0
      vertex 34.29 33.97 0
      vertex 29.8798 30.2946 0
    endloop
  endfacet
  facet normal 0 0 -1
    outer loop
      vertex 29.5915 30.3883 0
      vertex 34.29 33.97 0
      vertex 29.7381 30.349 0
    endloop
  endfacet
  facet normal 0 0 -1
    outer loop
      vertex 29.4416 30.4121 0
      vertex 34.29 33.97 0
      vertex 29.5915 30.3883 0
    endloop
  endfacet
  facet normal 0 0 -1
    outer loop
      vertex 29.29 30.42 0
      vertex 34.29 33.97 0
      vertex 29.4416 30.4121 0
    endloop
  endfacet
  facet normal 0 0 -1
    outer loop
      vertex 29.1384 30.4121 0
      vertex 34.29 33.97 0
      vertex 29.29 30.42 0
    endloop
  endfacet
  facet normal 0 0 -1
    outer loop
      vertex 28.9885 30.3883 0
      vertex 34.29 33.97 0
      vertex 29.1384 30.4121 0
    endloop
  endfacet
  facet normal 0 0 -1
    outer loop
      vertex 28.8419 30.349 0
      vertex 34.29 33.97 0
      vertex 28.9885 30.3883 0
    endloop
  endfacet
  facet normal 0 0 -1
    outer loop
      vertex 28.7002 30.2946 0
      vertex 34.29 33.97 0
      vertex 28.8419 30.349 0
    endloop
  endfacet
  facet normal 0 0 -1
    outer loop
      vertex 28.565 30.2257 0
      vertex 34.29 33.97 0
      vertex 28.7002 30.2946 0
    endloop
  endfacet
  facet normal 0 0 -1
    outer loop
      vertex -28.565 30.2257 0
      vertex 28.565 30.2257 0
      vertex 28.4377 30.1431 0
    endloop
  endfacet
  facet normal -0 0 -1
    outer loop
      vertex 27.8479 28.8184 0
      vertex 25.04 24.72 0
      vertex 27.84 28.97 0
    endloop
  endfacet
  facet normal 0 0 -1
    outer loop
      vertex 25.04 24.72 0
      vertex 27.8479 29.1216 0
      vertex 27.84 28.97 0
    endloop
  endfacet
  facet normal 0 0 -1
    outer loop
      vertex 25.04 24.72 0
      vertex 27.8717 29.2715 0
      vertex 27.8479 29.1216 0
    endloop
  endfacet
  facet normal 0 0 -1
    outer loop
      vertex 25.04 24.72 0
      vertex 27.911 29.4181 0
      vertex 27.8717 29.2715 0
    endloop
  endfacet
  facet normal 0 0 -1
    outer loop
      vertex 25.04 24.72 0
      vertex 27.9654 29.5598 0
      vertex 27.911 29.4181 0
    endloop
  endfacet
  facet normal 0 0 -1
    outer loop
      vertex -25.04 24.72 0
      vertex 27.9654 29.5598 0
      vertex 25.04 24.72 0
    endloop
  endfacet
  facet normal 0 0 -1
    outer loop
      vertex -27.9654 29.5598 0
      vertex 27.9654 29.5598 0
      vertex -25.04 24.72 0
    endloop
  endfacet
  facet normal 0 0 -1
    outer loop
      vertex 27.9654 29.5598 0
      vertex -27.9654 29.5598 0
      vertex 28.0343 29.695 0
    endloop
  endfacet
  facet normal 0 0 -1
    outer loop
      vertex -28.0343 29.695 0
      vertex 28.0343 29.695 0
      vertex -27.9654 29.5598 0
    endloop
  endfacet
  facet normal 0 0 -1
    outer loop
      vertex 28.0343 29.695 0
      vertex -28.0343 29.695 0
      vertex 28.1169 29.8223 0
    endloop
  endfacet
  facet normal 0 0 -1
    outer loop
      vertex -28.1169 29.8223 0
      vertex 28.1169 29.8223 0
      vertex -28.0343 29.695 0
    endloop
  endfacet
  facet normal 0 0 -1
    outer loop
      vertex 28.1169 29.8223 0
      vertex -28.1169 29.8223 0
      vertex 28.2124 29.9402 0
    endloop
  endfacet
  facet normal 0 0 -1
    outer loop
      vertex -27.8717 -28.6685 0
      vertex -25.04 -24.72 0
      vertex -27.8479 -28.8184 0
    endloop
  endfacet
  facet normal 0 0 -1
    outer loop
      vertex -27.8479 29.1216 0
      vertex -25.04 24.72 0
      vertex -27.84 28.97 0
    endloop
  endfacet
  facet normal 0 0 -1
    outer loop
      vertex -27.8717 29.2715 0
      vertex -25.04 24.72 0
      vertex -27.8479 29.1216 0
    endloop
  endfacet
  facet normal 0 0 -1
    outer loop
      vertex -27.911 29.4181 0
      vertex -25.04 24.72 0
      vertex -27.8717 29.2715 0
    endloop
  endfacet
  facet normal 0 0 -1
    outer loop
      vertex -27.9654 29.5598 0
      vertex -25.04 24.72 0
      vertex -27.911 29.4181 0
    endloop
  endfacet
  facet normal 0 0 -1
    outer loop
      vertex -28.2124 29.9402 0
      vertex 28.2124 29.9402 0
      vertex -28.1169 29.8223 0
    endloop
  endfacet
  facet normal 0 0 -1
    outer loop
      vertex 28.2124 29.9402 0
      vertex -28.2124 29.9402 0
      vertex 28.3198 30.0476 0
    endloop
  endfacet
  facet normal 0 0 -1
    outer loop
      vertex -28.3198 30.0476 0
      vertex 28.3198 30.0476 0
      vertex -28.2124 29.9402 0
    endloop
  endfacet
  facet normal 0 0 -1
    outer loop
      vertex 28.3198 30.0476 0
      vertex -28.3198 30.0476 0
      vertex 28.4377 30.1431 0
    endloop
  endfacet
  facet normal 0 0 -1
    outer loop
      vertex -28.4377 30.1431 0
      vertex 28.4377 30.1431 0
      vertex -28.3198 30.0476 0
    endloop
  endfacet
  facet normal 0 0 -1
    outer loop
      vertex -28.565 30.2257 0
      vertex 28.4377 30.1431 0
      vertex -28.4377 30.1431 0
    endloop
  endfacet
  facet normal 0 0 -1
    outer loop
      vertex 28.565 30.2257 0
      vertex -28.565 30.2257 0
      vertex 34.29 33.97 0
    endloop
  endfacet
  facet normal 0 0 -1
    outer loop
      vertex -34.29 33.97 0
      vertex -28.565 30.2257 0
      vertex -28.7002 30.2946 0
    endloop
  endfacet
  facet normal 0 0 -1
    outer loop
      vertex -34.29 33.97 0
      vertex -28.7002 30.2946 0
      vertex -28.8419 30.349 0
    endloop
  endfacet
  facet normal 0 0 -1
    outer loop
      vertex -34.29 33.97 0
      vertex -28.8419 30.349 0
      vertex -28.9885 30.3883 0
    endloop
  endfacet
  facet normal 0 0 -1
    outer loop
      vertex -34.29 33.97 0
      vertex -28.9885 30.3883 0
      vertex -29.1384 30.4121 0
    endloop
  endfacet
  facet normal 0 0 -1
    outer loop
      vertex -34.29 33.97 0
      vertex -29.1384 30.4121 0
      vertex -29.29 30.42 0
    endloop
  endfacet
  facet normal 0 0 -1
    outer loop
      vertex -34.29 33.97 0
      vertex -29.29 30.42 0
      vertex -29.4416 30.4121 0
    endloop
  endfacet
  facet normal 0 0 -1
    outer loop
      vertex -30.7321 28.8184 0
      vertex -34.29 33.97 0
      vertex -30.74 28.97 0
    endloop
  endfacet
  facet normal 0 0 -1
    outer loop
      vertex -28.565 30.2257 0
      vertex -34.29 33.97 0
      vertex 34.29 33.97 0
    endloop
  endfacet
  facet normal 0 0 -1
    outer loop
      vertex -29.5915 30.3883 0
      vertex -34.29 33.97 0
      vertex -29.4416 30.4121 0
    endloop
  endfacet
  facet normal 0 0 -1
    outer loop
      vertex -29.7381 30.349 0
      vertex -34.29 33.97 0
      vertex -29.5915 30.3883 0
    endloop
  endfacet
  facet normal 0 0 -1
    outer loop
      vertex -29.8798 30.2946 0
      vertex -34.29 33.97 0
      vertex -29.7381 30.349 0
    endloop
  endfacet
  facet normal 0 0 -1
    outer loop
      vertex -30.015 30.2257 0
      vertex -34.29 33.97 0
      vertex -29.8798 30.2946 0
    endloop
  endfacet
  facet normal 0 0 -1
    outer loop
      vertex -30.1423 30.1431 0
      vertex -34.29 33.97 0
      vertex -30.015 30.2257 0
    endloop
  endfacet
  facet normal 0 0 -1
    outer loop
      vertex -30.2602 30.0476 0
      vertex -34.29 33.97 0
      vertex -30.1423 30.1431 0
    endloop
  endfacet
  facet normal 0 0 -1
    outer loop
      vertex -30.3676 29.9402 0
      vertex -34.29 33.97 0
      vertex -30.2602 30.0476 0
    endloop
  endfacet
  facet normal 0 0 -1
    outer loop
      vertex -30.4631 29.8223 0
      vertex -34.29 33.97 0
      vertex -30.3676 29.9402 0
    endloop
  endfacet
  facet normal 0 0 -1
    outer loop
      vertex -30.5457 29.695 0
      vertex -34.29 33.97 0
      vertex -30.4631 29.8223 0
    endloop
  endfacet
  facet normal 0 0 -1
    outer loop
      vertex -30.6146 29.5598 0
      vertex -34.29 33.97 0
      vertex -30.5457 29.695 0
    endloop
  endfacet
  facet normal 0 0 -1
    outer loop
      vertex -30.669 29.4181 0
      vertex -34.29 33.97 0
      vertex -30.6146 29.5598 0
    endloop
  endfacet
  facet normal 0 0 -1
    outer loop
      vertex -30.7083 29.2715 0
      vertex -34.29 33.97 0
      vertex -30.669 29.4181 0
    endloop
  endfacet
  facet normal 0 0 -1
    outer loop
      vertex -30.7321 29.1216 0
      vertex -34.29 33.97 0
      vertex -30.7083 29.2715 0
    endloop
  endfacet
  facet normal 0 0 -1
    outer loop
      vertex -30.74 28.97 0
      vertex -34.29 33.97 0
      vertex -30.7321 29.1216 0
    endloop
  endfacet
  facet normal 0 0 -1
    outer loop
      vertex 7.69069 -28.7923 0
      vertex 25.04 -24.72 0
      vertex 7.7 -28.97 0
    endloop
  endfacet
  facet normal 0 0 -1
    outer loop
      vertex 7.66285 -28.6166 0
      vertex 25.04 -24.72 0
      vertex 7.69069 -28.7923 0
    endloop
  endfacet
  facet normal 0 0 -1
    outer loop
      vertex 7.6168 -28.4447 0
      vertex 25.04 -24.72 0
      vertex 7.66285 -28.6166 0
    endloop
  endfacet
  facet normal 0 0 -1
    outer loop
      vertex 7.55303 -28.2785 0
      vertex 25.04 -24.72 0
      vertex 7.6168 -28.4447 0
    endloop
  endfacet
  facet normal 0 0 -1
    outer loop
      vertex 7.47224 -28.12 0
      vertex 25.04 -24.72 0
      vertex 7.55303 -28.2785 0
    endloop
  endfacet
  facet normal 0 0 -1
    outer loop
      vertex 7.37533 -27.9708 0
      vertex 25.04 -24.72 0
      vertex 7.47224 -28.12 0
    endloop
  endfacet
  facet normal 0 0 -1
    outer loop
      vertex 7.26335 -27.8325 0
      vertex 25.04 -24.72 0
      vertex 7.37533 -27.9708 0
    endloop
  endfacet
  facet normal 0 0 -1
    outer loop
      vertex 7.13752 -27.7067 0
      vertex 25.04 -24.72 0
      vertex 7.26335 -27.8325 0
    endloop
  endfacet
  facet normal 0 0 -1
    outer loop
      vertex 6.99923 -27.5947 0
      vertex 25.04 -24.72 0
      vertex 7.13752 -27.7067 0
    endloop
  endfacet
  facet normal 0 0 -1
    outer loop
      vertex 6.85 -27.4978 0
      vertex 25.04 -24.72 0
      vertex 6.99923 -27.5947 0
    endloop
  endfacet
  facet normal 0 0 -1
    outer loop
      vertex 6.69145 -27.417 0
      vertex 25.04 -24.72 0
      vertex 6.85 -27.4978 0
    endloop
  endfacet
  facet normal 0 0 -1
    outer loop
      vertex 6.52533 -27.3532 0
      vertex 25.04 -24.72 0
      vertex 6.69145 -27.417 0
    endloop
  endfacet
  facet normal 0 0 -1
    outer loop
      vertex 6.35345 -27.3071 0
      vertex 25.04 -24.72 0
      vertex 6.52533 -27.3532 0
    endloop
  endfacet
  facet normal 0 0 -1
    outer loop
      vertex 6.1777 -27.2793 0
      vertex 25.04 -24.72 0
      vertex 6.35345 -27.3071 0
    endloop
  endfacet
  facet normal 0 0 -1
    outer loop
      vertex 6 -27.27 0
      vertex 25.04 -24.72 0
      vertex 6.1777 -27.2793 0
    endloop
  endfacet
  facet normal 0 0 -1
    outer loop
      vertex 5.8223 -27.2793 0
      vertex 25.04 -24.72 0
      vertex 6 -27.27 0
    endloop
  endfacet
  facet normal 0 0 -1
    outer loop
      vertex -4.3 -28.97 0
      vertex 4.30931 -28.7923 0
      vertex 4.3 -28.97 0
    endloop
  endfacet
  facet normal 0 0 -1
    outer loop
      vertex -4.30931 -28.7923 0
      vertex 4.30931 -28.7923 0
      vertex -4.3 -28.97 0
    endloop
  endfacet
  facet normal 0 0 -1
    outer loop
      vertex 4.30931 -28.7923 0
      vertex -4.30931 -28.7923 0
      vertex 4.33715 -28.6166 0
    endloop
  endfacet
  facet normal 0 0 -1
    outer loop
      vertex -4.33715 -28.6166 0
      vertex 4.33715 -28.6166 0
      vertex -4.30931 -28.7923 0
    endloop
  endfacet
  facet normal 0 0 -1
    outer loop
      vertex 4.33715 -28.6166 0
      vertex -4.33715 -28.6166 0
      vertex 4.3832 -28.4447 0
    endloop
  endfacet
  facet normal 0 0 -1
    outer loop
      vertex -4.3832 -28.4447 0
      vertex 4.3832 -28.4447 0
      vertex -4.33715 -28.6166 0
    endloop
  endfacet
  facet normal 0 0 -1
    outer loop
      vertex 4.3832 -28.4447 0
      vertex -4.3832 -28.4447 0
      vertex 4.44697 -28.2785 0
    endloop
  endfacet
  facet normal 0 0 -1
    outer loop
      vertex -4.44697 -28.2785 0
      vertex 4.44697 -28.2785 0
      vertex -4.3832 -28.4447 0
    endloop
  endfacet
  facet normal 0 0 -1
    outer loop
      vertex 4.44697 -28.2785 0
      vertex -4.44697 -28.2785 0
      vertex 4.52776 -28.12 0
    endloop
  endfacet
  facet normal 0 0 -1
    outer loop
      vertex -4.52776 -28.12 0
      vertex 4.52776 -28.12 0
      vertex -4.44697 -28.2785 0
    endloop
  endfacet
  facet normal 0 0 -1
    outer loop
      vertex 4.52776 -28.12 0
      vertex -4.52776 -28.12 0
      vertex 4.62467 -27.9708 0
    endloop
  endfacet
  facet normal 0 0 -1
    outer loop
      vertex -4.62467 -27.9708 0
      vertex 4.62467 -27.9708 0
      vertex -4.52776 -28.12 0
    endloop
  endfacet
  facet normal 0 0 -1
    outer loop
      vertex 4.62467 -27.9708 0
      vertex -4.62467 -27.9708 0
      vertex 4.73665 -27.8325 0
    endloop
  endfacet
  facet normal 0 0 -1
    outer loop
      vertex -4.73665 -27.8325 0
      vertex 4.73665 -27.8325 0
      vertex -4.62467 -27.9708 0
    endloop
  endfacet
  facet normal 0 0 -1
    outer loop
      vertex 4.73665 -27.8325 0
      vertex -4.73665 -27.8325 0
      vertex 4.86248 -27.7067 0
    endloop
  endfacet
  facet normal 0 0 -1
    outer loop
      vertex -4.86248 -27.7067 0
      vertex 4.86248 -27.7067 0
      vertex -4.73665 -27.8325 0
    endloop
  endfacet
  facet normal 0 0 -1
    outer loop
      vertex 4.86248 -27.7067 0
      vertex -4.86248 -27.7067 0
      vertex 5.00076 -27.5947 0
    endloop
  endfacet
  facet normal 0 0 -1
    outer loop
      vertex -5.00076 -27.5947 0
      vertex 5.00076 -27.5947 0
      vertex -4.86248 -27.7067 0
    endloop
  endfacet
  facet normal 0 0 -1
    outer loop
      vertex 5.00076 -27.5947 0
      vertex -5.00076 -27.5947 0
      vertex 5.15 -27.4978 0
    endloop
  endfacet
  facet normal 0 0 -1
    outer loop
      vertex -5.15 -27.4978 0
      vertex 5.15 -27.4978 0
      vertex -5.00076 -27.5947 0
    endloop
  endfacet
  facet normal 0 0 -1
    outer loop
      vertex 5.15 -27.4978 0
      vertex -5.15 -27.4978 0
      vertex 5.30855 -27.417 0
    endloop
  endfacet
  facet normal 0 0 -1
    outer loop
      vertex -5.30855 -27.417 0
      vertex 5.30855 -27.417 0
      vertex -5.15 -27.4978 0
    endloop
  endfacet
  facet normal 0 0 -1
    outer loop
      vertex 5.30855 -27.417 0
      vertex -5.30855 -27.417 0
      vertex 5.47467 -27.3532 0
    endloop
  endfacet
  facet normal 0 0 -1
    outer loop
      vertex -5.47467 -27.3532 0
      vertex 5.47467 -27.3532 0
      vertex -5.30855 -27.417 0
    endloop
  endfacet
  facet normal 0 0 -1
    outer loop
      vertex 5.47467 -27.3532 0
      vertex -5.47467 -27.3532 0
      vertex 5.64655 -27.3071 0
    endloop
  endfacet
  facet normal 0 0 -1
    outer loop
      vertex -5.64655 -27.3071 0
      vertex 5.64655 -27.3071 0
      vertex -5.47467 -27.3532 0
    endloop
  endfacet
  facet normal 0 0 -1
    outer loop
      vertex 5.64655 -27.3071 0
      vertex -5.64655 -27.3071 0
      vertex 5.8223 -27.2793 0
    endloop
  endfacet
  facet normal 0 0 -1
    outer loop
      vertex -5.8223 -27.2793 0
      vertex 5.8223 -27.2793 0
      vertex -5.64655 -27.3071 0
    endloop
  endfacet
  facet normal 0 0 -1
    outer loop
      vertex 5.8223 -27.2793 0
      vertex -5.8223 -27.2793 0
      vertex 25.04 -24.72 0
    endloop
  endfacet
  facet normal 0 0 -1
    outer loop
      vertex -6 -27.27 0
      vertex 25.04 -24.72 0
      vertex -5.8223 -27.2793 0
    endloop
  endfacet
  facet normal 0 0 -1
    outer loop
      vertex -25.04 -24.72 0
      vertex -6 -27.27 0
      vertex -6.1777 -27.2793 0
    endloop
  endfacet
  facet normal 0 0 -1
    outer loop
      vertex -6 -27.27 0
      vertex -25.04 -24.72 0
      vertex 25.04 -24.72 0
    endloop
  endfacet
  facet normal 0 0 -1
    outer loop
      vertex -6.35345 -27.3071 0
      vertex -25.04 -24.72 0
      vertex -6.1777 -27.2793 0
    endloop
  endfacet
  facet normal 0 0 -1
    outer loop
      vertex -6.52533 -27.3532 0
      vertex -25.04 -24.72 0
      vertex -6.35345 -27.3071 0
    endloop
  endfacet
  facet normal 0 0 -1
    outer loop
      vertex -6.69145 -27.417 0
      vertex -25.04 -24.72 0
      vertex -6.52533 -27.3532 0
    endloop
  endfacet
  facet normal 0 0 -1
    outer loop
      vertex -6.85 -27.4978 0
      vertex -25.04 -24.72 0
      vertex -6.69145 -27.417 0
    endloop
  endfacet
  facet normal 0 0 -1
    outer loop
      vertex -6.99923 -27.5947 0
      vertex -25.04 -24.72 0
      vertex -6.85 -27.4978 0
    endloop
  endfacet
  facet normal 0 0 -1
    outer loop
      vertex -7.13752 -27.7067 0
      vertex -25.04 -24.72 0
      vertex -6.99923 -27.5947 0
    endloop
  endfacet
  facet normal 0 0 -1
    outer loop
      vertex -7.26335 -27.8325 0
      vertex -25.04 -24.72 0
      vertex -7.13752 -27.7067 0
    endloop
  endfacet
  facet normal 0 0 -1
    outer loop
      vertex -7.37533 -27.9708 0
      vertex -25.04 -24.72 0
      vertex -7.26335 -27.8325 0
    endloop
  endfacet
  facet normal 0 0 -1
    outer loop
      vertex -7.47224 -28.12 0
      vertex -25.04 -24.72 0
      vertex -7.37533 -27.9708 0
    endloop
  endfacet
  facet normal 0 0 -1
    outer loop
      vertex -7.55303 -28.2785 0
      vertex -25.04 -24.72 0
      vertex -7.47224 -28.12 0
    endloop
  endfacet
  facet normal 0 0 -1
    outer loop
      vertex -7.6168 -28.4447 0
      vertex -25.04 -24.72 0
      vertex -7.55303 -28.2785 0
    endloop
  endfacet
  facet normal 0 0 -1
    outer loop
      vertex -7.66285 -28.6166 0
      vertex -25.04 -24.72 0
      vertex -7.6168 -28.4447 0
    endloop
  endfacet
  facet normal 0 0 -1
    outer loop
      vertex -7.69069 -28.7923 0
      vertex -25.04 -24.72 0
      vertex -7.66285 -28.6166 0
    endloop
  endfacet
  facet normal 0 0 -1
    outer loop
      vertex -25.04 -24.72 0
      vertex -7.69069 -28.7923 0
      vertex -7.7 -28.97 0
    endloop
  endfacet
  facet normal 0.987696 -0.156385 0
    outer loop
      vertex -26.111 -29.6457 7
      vertex -26.0578 -29.3097 2
      vertex -26.0578 -29.3097 7
    endloop
  endfacet
  facet normal 0.987696 -0.156385 0
    outer loop
      vertex -26.0578 -29.3097 2
      vertex -26.111 -29.6457 7
      vertex -26.111 -29.6457 2
    endloop
  endfacet
  facet normal 0.258961 -0.965888 0
    outer loop
      vertex -28.6143 -32.149 2
      vertex -28.2857 -32.0609 7
      vertex -28.6143 -32.149 7
    endloop
  endfacet
  facet normal 0.258961 -0.965888 0
    outer loop
      vertex -28.2857 -32.0609 7
      vertex -28.6143 -32.149 2
      vertex -28.2857 -32.0609 2
    endloop
  endfacet
  facet normal 0.156385 0.987696 -0
    outer loop
      vertex -28.6143 -25.791 2
      vertex -28.9503 -25.7378 7
      vertex -28.6143 -25.791 7
    endloop
  endfacet
  facet normal 0.156385 0.987696 0
    outer loop
      vertex -28.9503 -25.7378 7
      vertex -28.6143 -25.791 2
      vertex -28.9503 -25.7378 2
    endloop
  endfacet
  facet normal -0.156385 0.987696 0
    outer loop
      vertex -29.6297 -25.7378 2
      vertex -29.9657 -25.791 7
      vertex -29.6297 -25.7378 7
    endloop
  endfacet
  facet normal -0.156385 0.987696 0
    outer loop
      vertex -29.9657 -25.791 7
      vertex -29.6297 -25.7378 2
      vertex -29.9657 -25.791 2
    endloop
  endfacet
  facet normal -0.933595 0.358329 0
    outer loop
      vertex -32.3809 -27.9657 2
      vertex -32.259 -27.6481 7
      vertex -32.259 -27.6481 2
    endloop
  endfacet
  facet normal -0.933595 0.358329 0
    outer loop
      vertex -32.259 -27.6481 7
      vertex -32.3809 -27.9657 2
      vertex -32.3809 -27.9657 7
    endloop
  endfacet
  facet normal -0.629308 0.777156 0
    outer loop
      vertex -31.2003 -26.3407 2
      vertex -31.4647 -26.5548 7
      vertex -31.2003 -26.3407 7
    endloop
  endfacet
  facet normal -0.629308 0.777156 0
    outer loop
      vertex -31.4647 -26.5548 7
      vertex -31.2003 -26.3407 2
      vertex -31.4647 -26.5548 2
    endloop
  endfacet
  facet normal -0.965888 -0.258961 0
    outer loop
      vertex -32.3809 -29.9743 2
      vertex -32.469 -29.6457 7
      vertex -32.469 -29.6457 2
    endloop
  endfacet
  facet normal -0.965888 -0.258961 0
    outer loop
      vertex -32.469 -29.6457 7
      vertex -32.3809 -29.9743 2
      vertex -32.3809 -29.9743 7
    endloop
  endfacet
  facet normal 0.453904 -0.891051 0
    outer loop
      vertex -27.9681 -31.939 2
      vertex -27.665 -31.7846 7
      vertex -27.9681 -31.939 7
    endloop
  endfacet
  facet normal 0.453904 -0.891051 0
    outer loop
      vertex -27.665 -31.7846 7
      vertex -27.9681 -31.939 2
      vertex -27.665 -31.7846 2
    endloop
  endfacet
  facet normal 0.358329 -0.933595 0
    outer loop
      vertex -28.2857 -32.0609 2
      vertex -27.9681 -31.939 7
      vertex -28.2857 -32.0609 7
    endloop
  endfacet
  facet normal 0.358329 -0.933595 0
    outer loop
      vertex -27.9681 -31.939 7
      vertex -28.2857 -32.0609 2
      vertex -27.9681 -31.939 2
    endloop
  endfacet
  facet normal 0.544689 -0.838638 0
    outer loop
      vertex -27.665 -31.7846 2
      vertex -27.3797 -31.5993 7
      vertex -27.665 -31.7846 7
    endloop
  endfacet
  facet normal 0.544689 -0.838638 0
    outer loop
      vertex -27.3797 -31.5993 7
      vertex -27.665 -31.7846 2
      vertex -27.3797 -31.5993 2
    endloop
  endfacet
  facet normal 0.933595 0.358329 0
    outer loop
      vertex -26.1991 -27.9657 7
      vertex -26.321 -27.6481 2
      vertex -26.321 -27.6481 7
    endloop
  endfacet
  facet normal 0.933595 0.358329 0
    outer loop
      vertex -26.321 -27.6481 2
      vertex -26.1991 -27.9657 7
      vertex -26.1991 -27.9657 2
    endloop
  endfacet
  facet normal -0.891051 -0.453904 0
    outer loop
      vertex -32.1046 -30.595 2
      vertex -32.259 -30.2919 7
      vertex -32.259 -30.2919 2
    endloop
  endfacet
  facet normal -0.891051 -0.453904 0
    outer loop
      vertex -32.259 -30.2919 7
      vertex -32.1046 -30.595 2
      vertex -32.1046 -30.595 7
    endloop
  endfacet
  facet normal 0.891051 0.453904 0
    outer loop
      vertex -26.321 -27.6481 7
      vertex -26.4754 -27.345 2
      vertex -26.4754 -27.345 7
    endloop
  endfacet
  facet normal 0.891051 0.453904 0
    outer loop
      vertex -26.4754 -27.345 2
      vertex -26.321 -27.6481 7
      vertex -26.321 -27.6481 2
    endloop
  endfacet
  facet normal -0.358329 0.933595 0
    outer loop
      vertex -30.2943 -25.8791 2
      vertex -30.6119 -26.001 7
      vertex -30.2943 -25.8791 7
    endloop
  endfacet
  facet normal -0.358329 0.933595 0
    outer loop
      vertex -30.6119 -26.001 7
      vertex -30.2943 -25.8791 2
      vertex -30.6119 -26.001 2
    endloop
  endfacet
  facet normal -0.0523274 0.99863 0
    outer loop
      vertex -29.29 -25.72 2
      vertex -29.6297 -25.7378 7
      vertex -29.29 -25.72 7
    endloop
  endfacet
  facet normal -0.0523274 0.99863 0
    outer loop
      vertex -29.6297 -25.7378 7
      vertex -29.29 -25.72 2
      vertex -29.6297 -25.7378 2
    endloop
  endfacet
  facet normal -0.0523274 -0.99863 0
    outer loop
      vertex -29.6297 -32.2022 2
      vertex -29.29 -32.22 7
      vertex -29.6297 -32.2022 7
    endloop
  endfacet
  facet normal -0.0523274 -0.99863 -0
    outer loop
      vertex -29.29 -32.22 7
      vertex -29.6297 -32.2022 2
      vertex -29.29 -32.22 2
    endloop
  endfacet
  facet normal -0.707107 -0.707107 0
    outer loop
      vertex -31.4647 -31.3852 2
      vertex -31.7052 -31.1447 7
      vertex -31.7052 -31.1447 2
    endloop
  endfacet
  facet normal -0.707107 -0.707107 0
    outer loop
      vertex -31.7052 -31.1447 7
      vertex -31.4647 -31.3852 2
      vertex -31.4647 -31.3852 7
    endloop
  endfacet
  facet normal -0.987696 0.156385 0
    outer loop
      vertex -32.5222 -28.6303 2
      vertex -32.469 -28.2943 7
      vertex -32.469 -28.2943 2
    endloop
  endfacet
  facet normal -0.987696 0.156385 0
    outer loop
      vertex -32.469 -28.2943 7
      vertex -32.5222 -28.6303 2
      vertex -32.5222 -28.6303 7
    endloop
  endfacet
  facet normal -0.777156 0.629308 0
    outer loop
      vertex -31.9193 -27.0597 2
      vertex -31.7052 -26.7953 7
      vertex -31.7052 -26.7953 2
    endloop
  endfacet
  facet normal -0.777156 0.629308 0
    outer loop
      vertex -31.7052 -26.7953 7
      vertex -31.9193 -27.0597 2
      vertex -31.9193 -27.0597 7
    endloop
  endfacet
  facet normal -0.258961 -0.965888 0
    outer loop
      vertex -30.2943 -32.0609 2
      vertex -29.9657 -32.149 7
      vertex -30.2943 -32.0609 7
    endloop
  endfacet
  facet normal -0.258961 -0.965888 -0
    outer loop
      vertex -29.9657 -32.149 7
      vertex -30.2943 -32.0609 2
      vertex -29.9657 -32.149 2
    endloop
  endfacet
  facet normal 0.777156 0.629308 0
    outer loop
      vertex -26.6607 -27.0597 7
      vertex -26.8748 -26.7953 2
      vertex -26.8748 -26.7953 7
    endloop
  endfacet
  facet normal 0.777156 0.629308 0
    outer loop
      vertex -26.8748 -26.7953 2
      vertex -26.6607 -27.0597 7
      vertex -26.6607 -27.0597 2
    endloop
  endfacet
  facet normal 0.891051 -0.453904 0
    outer loop
      vertex -26.4754 -30.595 7
      vertex -26.321 -30.2919 2
      vertex -26.321 -30.2919 7
    endloop
  endfacet
  facet normal 0.891051 -0.453904 0
    outer loop
      vertex -26.321 -30.2919 2
      vertex -26.4754 -30.595 7
      vertex -26.4754 -30.595 2
    endloop
  endfacet
  facet normal 0.707107 0.707107 0
    outer loop
      vertex -26.8748 -26.7953 7
      vertex -27.1153 -26.5548 2
      vertex -27.1153 -26.5548 7
    endloop
  endfacet
  facet normal 0.707107 0.707107 0
    outer loop
      vertex -27.1153 -26.5548 2
      vertex -26.8748 -26.7953 7
      vertex -26.8748 -26.7953 2
    endloop
  endfacet
  facet normal 0 0 1
    outer loop
      vertex -27.84 -28.97 7
      vertex -26.04 -28.97 7
      vertex -26.0578 -28.6303 7
    endloop
  endfacet
  facet normal 0 0 1
    outer loop
      vertex -27.8479 -28.8184 7
      vertex -26.0578 -28.6303 7
      vertex -26.111 -28.2943 7
    endloop
  endfacet
  facet normal 0 0 1
    outer loop
      vertex -26.04 -28.97 7
      vertex -27.84 -28.97 7
      vertex -26.0578 -29.3097 7
    endloop
  endfacet
  facet normal 0 0 1
    outer loop
      vertex -27.8717 -28.6685 7
      vertex -26.111 -28.2943 7
      vertex -26.1991 -27.9657 7
    endloop
  endfacet
  facet normal -0 0 1
    outer loop
      vertex -27.8479 -29.1216 7
      vertex -26.0578 -29.3097 7
      vertex -27.84 -28.97 7
    endloop
  endfacet
  facet normal 0 0 1
    outer loop
      vertex -27.911 -28.5219 7
      vertex -26.1991 -27.9657 7
      vertex -26.321 -27.6481 7
    endloop
  endfacet
  facet normal 0 0 1
    outer loop
      vertex -26.0578 -29.3097 7
      vertex -27.8479 -29.1216 7
      vertex -26.111 -29.6457 7
    endloop
  endfacet
  facet normal 0 0 1
    outer loop
      vertex -27.9654 -28.3802 7
      vertex -26.321 -27.6481 7
      vertex -26.4754 -27.345 7
    endloop
  endfacet
  facet normal -0 0 1
    outer loop
      vertex -27.8717 -29.2715 7
      vertex -26.111 -29.6457 7
      vertex -27.8479 -29.1216 7
    endloop
  endfacet
  facet normal 0 0 1
    outer loop
      vertex -28.0343 -28.245 7
      vertex -26.4754 -27.345 7
      vertex -26.6607 -27.0597 7
    endloop
  endfacet
  facet normal 0 0 1
    outer loop
      vertex -26.111 -29.6457 7
      vertex -27.8717 -29.2715 7
      vertex -26.1991 -29.9743 7
    endloop
  endfacet
  facet normal 0 0 1
    outer loop
      vertex -28.1169 -28.1177 7
      vertex -26.6607 -27.0597 7
      vertex -26.8748 -26.7953 7
    endloop
  endfacet
  facet normal -0 0 1
    outer loop
      vertex -27.911 -29.4181 7
      vertex -26.1991 -29.9743 7
      vertex -27.8717 -29.2715 7
    endloop
  endfacet
  facet normal 0 0 1
    outer loop
      vertex -28.2124 -27.9998 7
      vertex -26.8748 -26.7953 7
      vertex -27.1153 -26.5548 7
    endloop
  endfacet
  facet normal 0 0 1
    outer loop
      vertex -26.1991 -29.9743 7
      vertex -27.911 -29.4181 7
      vertex -26.321 -30.2919 7
    endloop
  endfacet
  facet normal 0 0 1
    outer loop
      vertex -28.3198 -27.8924 7
      vertex -27.1153 -26.5548 7
      vertex -27.3797 -26.3407 7
    endloop
  endfacet
  facet normal -0 0 1
    outer loop
      vertex -27.9654 -29.5598 7
      vertex -26.321 -30.2919 7
      vertex -27.911 -29.4181 7
    endloop
  endfacet
  facet normal 0 0 1
    outer loop
      vertex -28.4377 -27.7969 7
      vertex -27.3797 -26.3407 7
      vertex -27.665 -26.1554 7
    endloop
  endfacet
  facet normal 0 0 1
    outer loop
      vertex -26.321 -30.2919 7
      vertex -27.9654 -29.5598 7
      vertex -26.4754 -30.595 7
    endloop
  endfacet
  facet normal -0 0 1
    outer loop
      vertex -28.0343 -29.695 7
      vertex -26.4754 -30.595 7
      vertex -27.9654 -29.5598 7
    endloop
  endfacet
  facet normal 0 0 1
    outer loop
      vertex -26.0578 -28.6303 7
      vertex -27.8479 -28.8184 7
      vertex -27.84 -28.97 7
    endloop
  endfacet
  facet normal 0 0 1
    outer loop
      vertex -26.111 -28.2943 7
      vertex -27.8717 -28.6685 7
      vertex -27.8479 -28.8184 7
    endloop
  endfacet
  facet normal 0 0 1
    outer loop
      vertex -26.1991 -27.9657 7
      vertex -27.911 -28.5219 7
      vertex -27.8717 -28.6685 7
    endloop
  endfacet
  facet normal 0 0 1
    outer loop
      vertex -26.321 -27.6481 7
      vertex -27.9654 -28.3802 7
      vertex -27.911 -28.5219 7
    endloop
  endfacet
  facet normal 0 0 1
    outer loop
      vertex -28.565 -27.7143 7
      vertex -27.665 -26.1554 7
      vertex -27.9681 -26.001 7
    endloop
  endfacet
  facet normal 0 0 1
    outer loop
      vertex -26.4754 -27.345 7
      vertex -28.0343 -28.245 7
      vertex -27.9654 -28.3802 7
    endloop
  endfacet
  facet normal 0 0 1
    outer loop
      vertex -26.6607 -27.0597 7
      vertex -28.1169 -28.1177 7
      vertex -28.0343 -28.245 7
    endloop
  endfacet
  facet normal 0 0 1
    outer loop
      vertex -26.8748 -26.7953 7
      vertex -28.2124 -27.9998 7
      vertex -28.1169 -28.1177 7
    endloop
  endfacet
  facet normal 0 0 1
    outer loop
      vertex -28.7002 -27.6454 7
      vertex -27.9681 -26.001 7
      vertex -28.2857 -25.8791 7
    endloop
  endfacet
  facet normal 0 0 1
    outer loop
      vertex -27.1153 -26.5548 7
      vertex -28.3198 -27.8924 7
      vertex -28.2124 -27.9998 7
    endloop
  endfacet
  facet normal 0 0 1
    outer loop
      vertex -27.3797 -26.3407 7
      vertex -28.4377 -27.7969 7
      vertex -28.3198 -27.8924 7
    endloop
  endfacet
  facet normal 0 0 1
    outer loop
      vertex -27.665 -26.1554 7
      vertex -28.565 -27.7143 7
      vertex -28.4377 -27.7969 7
    endloop
  endfacet
  facet normal 0 0 1
    outer loop
      vertex -28.8419 -27.591 7
      vertex -28.2857 -25.8791 7
      vertex -28.6143 -25.791 7
    endloop
  endfacet
  facet normal 0 0 1
    outer loop
      vertex -27.9681 -26.001 7
      vertex -28.7002 -27.6454 7
      vertex -28.565 -27.7143 7
    endloop
  endfacet
  facet normal 0 0 1
    outer loop
      vertex -28.2857 -25.8791 7
      vertex -28.8419 -27.591 7
      vertex -28.7002 -27.6454 7
    endloop
  endfacet
  facet normal 0 0 1
    outer loop
      vertex -28.9885 -27.5517 7
      vertex -28.6143 -25.791 7
      vertex -28.9503 -25.7378 7
    endloop
  endfacet
  facet normal 0 0 1
    outer loop
      vertex -28.6143 -25.791 7
      vertex -28.9885 -27.5517 7
      vertex -28.8419 -27.591 7
    endloop
  endfacet
  facet normal 0 0 1
    outer loop
      vertex -28.9503 -25.7378 7
      vertex -29.1384 -27.5279 7
      vertex -28.9885 -27.5517 7
    endloop
  endfacet
  facet normal 0 0 1
    outer loop
      vertex -29.29 -25.72 7
      vertex -29.1384 -27.5279 7
      vertex -28.9503 -25.7378 7
    endloop
  endfacet
  facet normal 0 0 1
    outer loop
      vertex -29.29 -25.72 7
      vertex -29.29 -27.52 7
      vertex -29.1384 -27.5279 7
    endloop
  endfacet
  facet normal 0 0 1
    outer loop
      vertex -29.29 -25.72 7
      vertex -29.4416 -27.5279 7
      vertex -29.29 -27.52 7
    endloop
  endfacet
  facet normal -0 0 1
    outer loop
      vertex -29.6297 -25.7378 7
      vertex -29.4416 -27.5279 7
      vertex -29.29 -25.72 7
    endloop
  endfacet
  facet normal 0 0 1
    outer loop
      vertex -29.4416 -27.5279 7
      vertex -29.6297 -25.7378 7
      vertex -29.5915 -27.5517 7
    endloop
  endfacet
  facet normal -0 0 1
    outer loop
      vertex -29.9657 -25.791 7
      vertex -29.5915 -27.5517 7
      vertex -29.6297 -25.7378 7
    endloop
  endfacet
  facet normal 0 0 1
    outer loop
      vertex -29.5915 -27.5517 7
      vertex -29.9657 -25.791 7
      vertex -29.7381 -27.591 7
    endloop
  endfacet
  facet normal -0 0 1
    outer loop
      vertex -30.2943 -25.8791 7
      vertex -29.7381 -27.591 7
      vertex -29.9657 -25.791 7
    endloop
  endfacet
  facet normal 0 0 1
    outer loop
      vertex -29.7381 -27.591 7
      vertex -30.2943 -25.8791 7
      vertex -29.8798 -27.6454 7
    endloop
  endfacet
  facet normal -0 0 1
    outer loop
      vertex -30.6119 -26.001 7
      vertex -29.8798 -27.6454 7
      vertex -30.2943 -25.8791 7
    endloop
  endfacet
  facet normal 0 0 1
    outer loop
      vertex -29.8798 -27.6454 7
      vertex -30.6119 -26.001 7
      vertex -30.015 -27.7143 7
    endloop
  endfacet
  facet normal -0 0 1
    outer loop
      vertex -30.915 -26.1554 7
      vertex -30.015 -27.7143 7
      vertex -30.6119 -26.001 7
    endloop
  endfacet
  facet normal 0 0 1
    outer loop
      vertex -30.015 -27.7143 7
      vertex -30.915 -26.1554 7
      vertex -30.1423 -27.7969 7
    endloop
  endfacet
  facet normal -0 0 1
    outer loop
      vertex -31.2003 -26.3407 7
      vertex -30.1423 -27.7969 7
      vertex -30.915 -26.1554 7
    endloop
  endfacet
  facet normal 0 0 1
    outer loop
      vertex -30.1423 -27.7969 7
      vertex -31.2003 -26.3407 7
      vertex -30.2602 -27.8924 7
    endloop
  endfacet
  facet normal -0 0 1
    outer loop
      vertex -31.4647 -26.5548 7
      vertex -30.2602 -27.8924 7
      vertex -31.2003 -26.3407 7
    endloop
  endfacet
  facet normal 0 0 1
    outer loop
      vertex -30.2602 -27.8924 7
      vertex -31.4647 -26.5548 7
      vertex -30.3676 -27.9998 7
    endloop
  endfacet
  facet normal -0 0 1
    outer loop
      vertex -31.7052 -26.7953 7
      vertex -30.3676 -27.9998 7
      vertex -31.4647 -26.5548 7
    endloop
  endfacet
  facet normal 0 0 1
    outer loop
      vertex -30.3676 -27.9998 7
      vertex -31.7052 -26.7953 7
      vertex -30.4631 -28.1177 7
    endloop
  endfacet
  facet normal -0 0 1
    outer loop
      vertex -31.9193 -27.0597 7
      vertex -30.4631 -28.1177 7
      vertex -31.7052 -26.7953 7
    endloop
  endfacet
  facet normal 0 0 1
    outer loop
      vertex -30.4631 -28.1177 7
      vertex -31.9193 -27.0597 7
      vertex -30.5457 -28.245 7
    endloop
  endfacet
  facet normal -0 0 1
    outer loop
      vertex -32.1046 -27.345 7
      vertex -30.5457 -28.245 7
      vertex -31.9193 -27.0597 7
    endloop
  endfacet
  facet normal 0 0 1
    outer loop
      vertex -26.4754 -30.595 7
      vertex -28.0343 -29.695 7
      vertex -26.6607 -30.8803 7
    endloop
  endfacet
  facet normal -0 0 1
    outer loop
      vertex -28.1169 -29.8223 7
      vertex -26.6607 -30.8803 7
      vertex -28.0343 -29.695 7
    endloop
  endfacet
  facet normal 0 0 1
    outer loop
      vertex -26.6607 -30.8803 7
      vertex -28.1169 -29.8223 7
      vertex -26.8748 -31.1447 7
    endloop
  endfacet
  facet normal -0 0 1
    outer loop
      vertex -28.2124 -29.9402 7
      vertex -26.8748 -31.1447 7
      vertex -28.1169 -29.8223 7
    endloop
  endfacet
  facet normal 0 0 1
    outer loop
      vertex -26.8748 -31.1447 7
      vertex -28.2124 -29.9402 7
      vertex -27.1153 -31.3852 7
    endloop
  endfacet
  facet normal -0 0 1
    outer loop
      vertex -28.3198 -30.0476 7
      vertex -27.1153 -31.3852 7
      vertex -28.2124 -29.9402 7
    endloop
  endfacet
  facet normal 0 0 1
    outer loop
      vertex -27.1153 -31.3852 7
      vertex -28.3198 -30.0476 7
      vertex -27.3797 -31.5993 7
    endloop
  endfacet
  facet normal -0 0 1
    outer loop
      vertex -28.4377 -30.1431 7
      vertex -27.3797 -31.5993 7
      vertex -28.3198 -30.0476 7
    endloop
  endfacet
  facet normal 0 0 1
    outer loop
      vertex -27.3797 -31.5993 7
      vertex -28.4377 -30.1431 7
      vertex -27.665 -31.7846 7
    endloop
  endfacet
  facet normal -0 0 1
    outer loop
      vertex -28.565 -30.2257 7
      vertex -27.665 -31.7846 7
      vertex -28.4377 -30.1431 7
    endloop
  endfacet
  facet normal 0 0 1
    outer loop
      vertex -27.665 -31.7846 7
      vertex -28.565 -30.2257 7
      vertex -27.9681 -31.939 7
    endloop
  endfacet
  facet normal -0 0 1
    outer loop
      vertex -28.7002 -30.2946 7
      vertex -27.9681 -31.939 7
      vertex -28.565 -30.2257 7
    endloop
  endfacet
  facet normal 0 0 1
    outer loop
      vertex -27.9681 -31.939 7
      vertex -28.7002 -30.2946 7
      vertex -28.2857 -32.0609 7
    endloop
  endfacet
  facet normal -0 0 1
    outer loop
      vertex -28.8419 -30.349 7
      vertex -28.2857 -32.0609 7
      vertex -28.7002 -30.2946 7
    endloop
  endfacet
  facet normal 0 0 1
    outer loop
      vertex -28.2857 -32.0609 7
      vertex -28.8419 -30.349 7
      vertex -28.6143 -32.149 7
    endloop
  endfacet
  facet normal -0 0 1
    outer loop
      vertex -28.9885 -30.3883 7
      vertex -28.6143 -32.149 7
      vertex -28.8419 -30.349 7
    endloop
  endfacet
  facet normal 0 0 1
    outer loop
      vertex -28.6143 -32.149 7
      vertex -28.9885 -30.3883 7
      vertex -28.9503 -32.2022 7
    endloop
  endfacet
  facet normal -0 0 1
    outer loop
      vertex -29.1384 -30.4121 7
      vertex -28.9503 -32.2022 7
      vertex -28.9885 -30.3883 7
    endloop
  endfacet
  facet normal -0 0 1
    outer loop
      vertex -29.29 -30.42 7
      vertex -28.9503 -32.2022 7
      vertex -29.1384 -30.4121 7
    endloop
  endfacet
  facet normal 0 0 1
    outer loop
      vertex -29.29 -30.42 7
      vertex -29.29 -32.22 7
      vertex -28.9503 -32.2022 7
    endloop
  endfacet
  facet normal 0 0 1
    outer loop
      vertex -29.4416 -30.4121 7
      vertex -29.29 -32.22 7
      vertex -29.29 -30.42 7
    endloop
  endfacet
  facet normal 0 0 1
    outer loop
      vertex -29.6297 -32.2022 7
      vertex -29.4416 -30.4121 7
      vertex -29.5915 -30.3883 7
    endloop
  endfacet
  facet normal 0 0 1
    outer loop
      vertex -29.4416 -30.4121 7
      vertex -29.6297 -32.2022 7
      vertex -29.29 -32.22 7
    endloop
  endfacet
  facet normal 0 0 1
    outer loop
      vertex -29.9657 -32.149 7
      vertex -29.5915 -30.3883 7
      vertex -29.7381 -30.349 7
    endloop
  endfacet
  facet normal 0 0 1
    outer loop
      vertex -30.2943 -32.0609 7
      vertex -29.7381 -30.349 7
      vertex -29.8798 -30.2946 7
    endloop
  endfacet
  facet normal 0 0 1
    outer loop
      vertex -29.5915 -30.3883 7
      vertex -29.9657 -32.149 7
      vertex -29.6297 -32.2022 7
    endloop
  endfacet
  facet normal 0 0 1
    outer loop
      vertex -30.6119 -31.939 7
      vertex -29.8798 -30.2946 7
      vertex -30.015 -30.2257 7
    endloop
  endfacet
  facet normal 0 0 1
    outer loop
      vertex -30.915 -31.7846 7
      vertex -30.015 -30.2257 7
      vertex -30.1423 -30.1431 7
    endloop
  endfacet
  facet normal 0 0 1
    outer loop
      vertex -31.2003 -31.5993 7
      vertex -30.1423 -30.1431 7
      vertex -30.2602 -30.0476 7
    endloop
  endfacet
  facet normal 0 0 1
    outer loop
      vertex -29.7381 -30.349 7
      vertex -30.2943 -32.0609 7
      vertex -29.9657 -32.149 7
    endloop
  endfacet
  facet normal 0 0 1
    outer loop
      vertex -31.4647 -31.3852 7
      vertex -30.2602 -30.0476 7
      vertex -30.3676 -29.9402 7
    endloop
  endfacet
  facet normal 0 0 1
    outer loop
      vertex -31.7052 -31.1447 7
      vertex -30.3676 -29.9402 7
      vertex -30.4631 -29.8223 7
    endloop
  endfacet
  facet normal 0 0 1
    outer loop
      vertex -31.9193 -30.8803 7
      vertex -30.4631 -29.8223 7
      vertex -30.5457 -29.695 7
    endloop
  endfacet
  facet normal 0 0 1
    outer loop
      vertex -29.8798 -30.2946 7
      vertex -30.6119 -31.939 7
      vertex -30.2943 -32.0609 7
    endloop
  endfacet
  facet normal 0 0 1
    outer loop
      vertex -32.1046 -30.595 7
      vertex -30.5457 -29.695 7
      vertex -30.6146 -29.5598 7
    endloop
  endfacet
  facet normal 0 0 1
    outer loop
      vertex -32.259 -30.2919 7
      vertex -30.6146 -29.5598 7
      vertex -30.669 -29.4181 7
    endloop
  endfacet
  facet normal 0 0 1
    outer loop
      vertex -32.3809 -29.9743 7
      vertex -30.669 -29.4181 7
      vertex -30.7083 -29.2715 7
    endloop
  endfacet
  facet normal 0 0 1
    outer loop
      vertex -32.469 -29.6457 7
      vertex -30.7083 -29.2715 7
      vertex -30.7321 -29.1216 7
    endloop
  endfacet
  facet normal 0 0 1
    outer loop
      vertex -32.5222 -29.3097 7
      vertex -30.7321 -29.1216 7
      vertex -30.74 -28.97 7
    endloop
  endfacet
  facet normal 0 0 1
    outer loop
      vertex -30.5457 -28.245 7
      vertex -32.1046 -27.345 7
      vertex -30.6146 -28.3802 7
    endloop
  endfacet
  facet normal 0 0 1
    outer loop
      vertex -30.015 -30.2257 7
      vertex -30.915 -31.7846 7
      vertex -30.6119 -31.939 7
    endloop
  endfacet
  facet normal -0 0 1
    outer loop
      vertex -32.259 -27.6481 7
      vertex -30.6146 -28.3802 7
      vertex -32.1046 -27.345 7
    endloop
  endfacet
  facet normal 0 0 1
    outer loop
      vertex -30.1423 -30.1431 7
      vertex -31.2003 -31.5993 7
      vertex -30.915 -31.7846 7
    endloop
  endfacet
  facet normal 0 0 1
    outer loop
      vertex -30.6146 -28.3802 7
      vertex -32.259 -27.6481 7
      vertex -30.669 -28.5219 7
    endloop
  endfacet
  facet normal 0 0 1
    outer loop
      vertex -30.2602 -30.0476 7
      vertex -31.4647 -31.3852 7
      vertex -31.2003 -31.5993 7
    endloop
  endfacet
  facet normal -0 0 1
    outer loop
      vertex -32.3809 -27.9657 7
      vertex -30.669 -28.5219 7
      vertex -32.259 -27.6481 7
    endloop
  endfacet
  facet normal 0 0 1
    outer loop
      vertex -30.3676 -29.9402 7
      vertex -31.7052 -31.1447 7
      vertex -31.4647 -31.3852 7
    endloop
  endfacet
  facet normal 0 0 1
    outer loop
      vertex -30.669 -28.5219 7
      vertex -32.3809 -27.9657 7
      vertex -30.7083 -28.6685 7
    endloop
  endfacet
  facet normal 0 0 1
    outer loop
      vertex -30.4631 -29.8223 7
      vertex -31.9193 -30.8803 7
      vertex -31.7052 -31.1447 7
    endloop
  endfacet
  facet normal -0 0 1
    outer loop
      vertex -32.469 -28.2943 7
      vertex -30.7083 -28.6685 7
      vertex -32.3809 -27.9657 7
    endloop
  endfacet
  facet normal 0 0 1
    outer loop
      vertex -30.5457 -29.695 7
      vertex -32.1046 -30.595 7
      vertex -31.9193 -30.8803 7
    endloop
  endfacet
  facet normal 0 0 1
    outer loop
      vertex -30.7083 -28.6685 7
      vertex -32.469 -28.2943 7
      vertex -30.7321 -28.8184 7
    endloop
  endfacet
  facet normal 0 0 1
    outer loop
      vertex -30.6146 -29.5598 7
      vertex -32.259 -30.2919 7
      vertex -32.1046 -30.595 7
    endloop
  endfacet
  facet normal -0 0 1
    outer loop
      vertex -32.5222 -28.6303 7
      vertex -30.7321 -28.8184 7
      vertex -32.469 -28.2943 7
    endloop
  endfacet
  facet normal 0 0 1
    outer loop
      vertex -30.669 -29.4181 7
      vertex -32.3809 -29.9743 7
      vertex -32.259 -30.2919 7
    endloop
  endfacet
  facet normal 0 0 1
    outer loop
      vertex -30.7321 -28.8184 7
      vertex -32.5222 -28.6303 7
      vertex -30.74 -28.97 7
    endloop
  endfacet
  facet normal 0 0 1
    outer loop
      vertex -30.7083 -29.2715 7
      vertex -32.469 -29.6457 7
      vertex -32.3809 -29.9743 7
    endloop
  endfacet
  facet normal 0 0 1
    outer loop
      vertex -32.54 -28.97 7
      vertex -30.74 -28.97 7
      vertex -32.5222 -28.6303 7
    endloop
  endfacet
  facet normal 0 0 1
    outer loop
      vertex -30.7321 -29.1216 7
      vertex -32.5222 -29.3097 7
      vertex -32.469 -29.6457 7
    endloop
  endfacet
  facet normal 0 0 1
    outer loop
      vertex -30.74 -28.97 7
      vertex -32.54 -28.97 7
      vertex -32.5222 -29.3097 7
    endloop
  endfacet
  facet normal -0.99863 0.0523274 0
    outer loop
      vertex -32.54 -28.97 2
      vertex -32.5222 -28.6303 7
      vertex -32.5222 -28.6303 2
    endloop
  endfacet
  facet normal -0.99863 0.0523274 0
    outer loop
      vertex -32.5222 -28.6303 7
      vertex -32.54 -28.97 2
      vertex -32.54 -28.97 7
    endloop
  endfacet
  facet normal -0.156385 -0.987696 0
    outer loop
      vertex -29.9657 -32.149 2
      vertex -29.6297 -32.2022 7
      vertex -29.9657 -32.149 7
    endloop
  endfacet
  facet normal -0.156385 -0.987696 -0
    outer loop
      vertex -29.6297 -32.2022 7
      vertex -29.9657 -32.149 2
      vertex -29.6297 -32.2022 2
    endloop
  endfacet
  facet normal -0.453904 -0.891051 0
    outer loop
      vertex -30.915 -31.7846 2
      vertex -30.6119 -31.939 7
      vertex -30.915 -31.7846 7
    endloop
  endfacet
  facet normal -0.453904 -0.891051 -0
    outer loop
      vertex -30.6119 -31.939 7
      vertex -30.915 -31.7846 2
      vertex -30.6119 -31.939 2
    endloop
  endfacet
  facet normal -0.358329 -0.933595 0
    outer loop
      vertex -30.6119 -31.939 2
      vertex -30.2943 -32.0609 7
      vertex -30.6119 -31.939 7
    endloop
  endfacet
  facet normal -0.358329 -0.933595 -0
    outer loop
      vertex -30.2943 -32.0609 7
      vertex -30.6119 -31.939 2
      vertex -30.2943 -32.0609 2
    endloop
  endfacet
  facet normal -0.629308 -0.777156 0
    outer loop
      vertex -31.4647 -31.3852 2
      vertex -31.2003 -31.5993 7
      vertex -31.4647 -31.3852 7
    endloop
  endfacet
  facet normal -0.629308 -0.777156 -0
    outer loop
      vertex -31.2003 -31.5993 7
      vertex -31.4647 -31.3852 2
      vertex -31.2003 -31.5993 2
    endloop
  endfacet
  facet normal -0.838638 0.544689 0
    outer loop
      vertex -32.1046 -27.345 2
      vertex -31.9193 -27.0597 7
      vertex -31.9193 -27.0597 2
    endloop
  endfacet
  facet normal -0.838638 0.544689 0
    outer loop
      vertex -31.9193 -27.0597 7
      vertex -32.1046 -27.345 2
      vertex -32.1046 -27.345 7
    endloop
  endfacet
  facet normal -0.156385 0.987696 0
    outer loop
      vertex -29.6297 32.2022 2
      vertex -29.9657 32.149 7
      vertex -29.6297 32.2022 7
    endloop
  endfacet
  facet normal -0.156385 0.987696 0
    outer loop
      vertex -29.9657 32.149 7
      vertex -29.6297 32.2022 2
      vertex -29.9657 32.149 2
    endloop
  endfacet
  facet normal 0.987696 0.156385 0
    outer loop
      vertex -26.0578 29.3097 7
      vertex -26.111 29.6457 2
      vertex -26.111 29.6457 7
    endloop
  endfacet
  facet normal 0.987696 0.156385 0
    outer loop
      vertex -26.111 29.6457 2
      vertex -26.0578 29.3097 7
      vertex -26.0578 29.3097 2
    endloop
  endfacet
  facet normal 0.99863 0.0523274 0
    outer loop
      vertex -26.04 28.97 7
      vertex -26.0578 29.3097 2
      vertex -26.0578 29.3097 7
    endloop
  endfacet
  facet normal 0.99863 0.0523274 0
    outer loop
      vertex -26.0578 29.3097 2
      vertex -26.04 28.97 7
      vertex -26.04 28.97 2
    endloop
  endfacet
  facet normal 0.965888 0.258961 0
    outer loop
      vertex -26.111 29.6457 7
      vertex -26.1991 29.9743 2
      vertex -26.1991 29.9743 7
    endloop
  endfacet
  facet normal 0.965888 0.258961 0
    outer loop
      vertex -26.1991 29.9743 2
      vertex -26.111 29.6457 7
      vertex -26.111 29.6457 2
    endloop
  endfacet
  facet normal 0.777156 0.629308 0
    outer loop
      vertex -26.6607 30.8803 7
      vertex -26.8748 31.1447 2
      vertex -26.8748 31.1447 7
    endloop
  endfacet
  facet normal 0.777156 0.629308 0
    outer loop
      vertex -26.8748 31.1447 2
      vertex -26.6607 30.8803 7
      vertex -26.6607 30.8803 2
    endloop
  endfacet
  facet normal -0.258961 0.965888 0
    outer loop
      vertex -29.9657 32.149 2
      vertex -30.2943 32.0609 7
      vertex -29.9657 32.149 7
    endloop
  endfacet
  facet normal -0.258961 0.965888 0
    outer loop
      vertex -30.2943 32.0609 7
      vertex -29.9657 32.149 2
      vertex -30.2943 32.0609 2
    endloop
  endfacet
  facet normal 0.0523274 0.99863 -0
    outer loop
      vertex -28.9503 32.2022 2
      vertex -29.29 32.22 7
      vertex -28.9503 32.2022 7
    endloop
  endfacet
  facet normal 0.0523274 0.99863 0
    outer loop
      vertex -29.29 32.22 7
      vertex -28.9503 32.2022 2
      vertex -29.29 32.22 2
    endloop
  endfacet
  facet normal 0.629308 -0.777156 0
    outer loop
      vertex -27.3797 26.3407 2
      vertex -27.1153 26.5548 7
      vertex -27.3797 26.3407 7
    endloop
  endfacet
  facet normal 0.629308 -0.777156 0
    outer loop
      vertex -27.1153 26.5548 7
      vertex -27.3797 26.3407 2
      vertex -27.1153 26.5548 2
    endloop
  endfacet
  facet normal -0.358329 0.933595 0
    outer loop
      vertex -30.2943 32.0609 2
      vertex -30.6119 31.939 7
      vertex -30.2943 32.0609 7
    endloop
  endfacet
  facet normal -0.358329 0.933595 0
    outer loop
      vertex -30.6119 31.939 7
      vertex -30.2943 32.0609 2
      vertex -30.6119 31.939 2
    endloop
  endfacet
  facet normal 0.933595 0.358329 0
    outer loop
      vertex -26.1991 29.9743 7
      vertex -26.321 30.2919 2
      vertex -26.321 30.2919 7
    endloop
  endfacet
  facet normal 0.933595 0.358329 0
    outer loop
      vertex -26.321 30.2919 2
      vertex -26.1991 29.9743 7
      vertex -26.1991 29.9743 2
    endloop
  endfacet
  facet normal 0.838638 -0.544689 0
    outer loop
      vertex -26.6607 27.0597 7
      vertex -26.4754 27.345 2
      vertex -26.4754 27.345 7
    endloop
  endfacet
  facet normal 0.838638 -0.544689 0
    outer loop
      vertex -26.4754 27.345 2
      vertex -26.6607 27.0597 7
      vertex -26.6607 27.0597 2
    endloop
  endfacet
  facet normal 0.707107 0.707107 -0
    outer loop
      vertex -26.8748 31.1447 2
      vertex -27.1153 31.3852 7
      vertex -26.8748 31.1447 7
    endloop
  endfacet
  facet normal 0.707107 0.707107 0
    outer loop
      vertex -27.1153 31.3852 7
      vertex -26.8748 31.1447 2
      vertex -27.1153 31.3852 2
    endloop
  endfacet
  facet normal 0.0523274 -0.99863 0
    outer loop
      vertex -29.29 25.72 2
      vertex -28.9503 25.7378 7
      vertex -29.29 25.72 7
    endloop
  endfacet
  facet normal 0.0523274 -0.99863 0
    outer loop
      vertex -28.9503 25.7378 7
      vertex -29.29 25.72 2
      vertex -28.9503 25.7378 2
    endloop
  endfacet
  facet normal -0.544689 0.838638 0
    outer loop
      vertex -30.915 31.7846 2
      vertex -31.2003 31.5993 7
      vertex -30.915 31.7846 7
    endloop
  endfacet
  facet normal -0.544689 0.838638 0
    outer loop
      vertex -31.2003 31.5993 7
      vertex -30.915 31.7846 2
      vertex -31.2003 31.5993 2
    endloop
  endfacet
  facet normal -0.0523274 -0.99863 0
    outer loop
      vertex -29.6297 25.7378 2
      vertex -29.29 25.72 7
      vertex -29.6297 25.7378 7
    endloop
  endfacet
  facet normal -0.0523274 -0.99863 -0
    outer loop
      vertex -29.29 25.72 7
      vertex -29.6297 25.7378 2
      vertex -29.29 25.72 2
    endloop
  endfacet
  facet normal 0.987696 -0.156385 0
    outer loop
      vertex -26.111 28.2943 7
      vertex -26.0578 28.6303 2
      vertex -26.0578 28.6303 7
    endloop
  endfacet
  facet normal 0.987696 -0.156385 0
    outer loop
      vertex -26.0578 28.6303 2
      vertex -26.111 28.2943 7
      vertex -26.111 28.2943 2
    endloop
  endfacet
  facet normal -0.453904 -0.891051 0
    outer loop
      vertex -30.915 26.1554 2
      vertex -30.6119 26.001 7
      vertex -30.915 26.1554 7
    endloop
  endfacet
  facet normal -0.453904 -0.891051 -0
    outer loop
      vertex -30.6119 26.001 7
      vertex -30.915 26.1554 2
      vertex -30.6119 26.001 2
    endloop
  endfacet
  facet normal -0.777156 -0.629308 0
    outer loop
      vertex -31.7052 26.7953 2
      vertex -31.9193 27.0597 7
      vertex -31.9193 27.0597 2
    endloop
  endfacet
  facet normal -0.777156 -0.629308 0
    outer loop
      vertex -31.9193 27.0597 7
      vertex -31.7052 26.7953 2
      vertex -31.7052 26.7953 7
    endloop
  endfacet
  facet normal 0.629308 0.777156 -0
    outer loop
      vertex -27.1153 31.3852 2
      vertex -27.3797 31.5993 7
      vertex -27.1153 31.3852 7
    endloop
  endfacet
  facet normal 0.629308 0.777156 0
    outer loop
      vertex -27.3797 31.5993 7
      vertex -27.1153 31.3852 2
      vertex -27.3797 31.5993 2
    endloop
  endfacet
  facet normal 0.453904 0.891051 -0
    outer loop
      vertex -27.665 31.7846 2
      vertex -27.9681 31.939 7
      vertex -27.665 31.7846 7
    endloop
  endfacet
  facet normal 0.453904 0.891051 0
    outer loop
      vertex -27.9681 31.939 7
      vertex -27.665 31.7846 2
      vertex -27.9681 31.939 2
    endloop
  endfacet
  facet normal 0.358329 -0.933595 0
    outer loop
      vertex -28.2857 25.8791 2
      vertex -27.9681 26.001 7
      vertex -28.2857 25.8791 7
    endloop
  endfacet
  facet normal 0.358329 -0.933595 0
    outer loop
      vertex -27.9681 26.001 7
      vertex -28.2857 25.8791 2
      vertex -27.9681 26.001 2
    endloop
  endfacet
  facet normal -0.707107 0.707107 0
    outer loop
      vertex -31.7052 31.1447 2
      vertex -31.4647 31.3852 7
      vertex -31.4647 31.3852 2
    endloop
  endfacet
  facet normal -0.707107 0.707107 0
    outer loop
      vertex -31.4647 31.3852 7
      vertex -31.7052 31.1447 2
      vertex -31.7052 31.1447 7
    endloop
  endfacet
  facet normal -0.156385 -0.987696 0
    outer loop
      vertex -29.9657 25.791 2
      vertex -29.6297 25.7378 7
      vertex -29.9657 25.791 7
    endloop
  endfacet
  facet normal -0.156385 -0.987696 -0
    outer loop
      vertex -29.6297 25.7378 7
      vertex -29.9657 25.791 2
      vertex -29.6297 25.7378 2
    endloop
  endfacet
  facet normal 0.156385 -0.987696 0
    outer loop
      vertex -28.9503 25.7378 2
      vertex -28.6143 25.791 7
      vertex -28.9503 25.7378 7
    endloop
  endfacet
  facet normal 0.156385 -0.987696 0
    outer loop
      vertex -28.6143 25.791 7
      vertex -28.9503 25.7378 2
      vertex -28.6143 25.791 2
    endloop
  endfacet
  facet normal -0.965888 0.258961 0
    outer loop
      vertex -32.469 29.6457 2
      vertex -32.3809 29.9743 7
      vertex -32.3809 29.9743 2
    endloop
  endfacet
  facet normal -0.965888 0.258961 0
    outer loop
      vertex -32.3809 29.9743 7
      vertex -32.469 29.6457 2
      vertex -32.469 29.6457 7
    endloop
  endfacet
  facet normal 0.891051 0.453904 0
    outer loop
      vertex -26.321 30.2919 7
      vertex -26.4754 30.595 2
      vertex -26.4754 30.595 7
    endloop
  endfacet
  facet normal 0.891051 0.453904 0
    outer loop
      vertex -26.4754 30.595 2
      vertex -26.321 30.2919 7
      vertex -26.321 30.2919 2
    endloop
  endfacet
  facet normal 0.99863 -0.0523274 0
    outer loop
      vertex -26.0578 28.6303 7
      vertex -26.04 28.97 2
      vertex -26.04 28.97 7
    endloop
  endfacet
  facet normal 0.99863 -0.0523274 0
    outer loop
      vertex -26.04 28.97 2
      vertex -26.0578 28.6303 7
      vertex -26.0578 28.6303 2
    endloop
  endfacet
  facet normal 0.544689 0.838638 -0
    outer loop
      vertex -27.3797 31.5993 2
      vertex -27.665 31.7846 7
      vertex -27.3797 31.5993 7
    endloop
  endfacet
  facet normal 0.544689 0.838638 0
    outer loop
      vertex -27.665 31.7846 7
      vertex -27.3797 31.5993 2
      vertex -27.665 31.7846 2
    endloop
  endfacet
  facet normal -0.777156 0.629308 0
    outer loop
      vertex -31.9193 30.8803 2
      vertex -31.7052 31.1447 7
      vertex -31.7052 31.1447 2
    endloop
  endfacet
  facet normal -0.777156 0.629308 0
    outer loop
      vertex -31.7052 31.1447 7
      vertex -31.9193 30.8803 2
      vertex -31.9193 30.8803 7
    endloop
  endfacet
  facet normal 0.891051 -0.453904 0
    outer loop
      vertex -26.4754 27.345 7
      vertex -26.321 27.6481 2
      vertex -26.321 27.6481 7
    endloop
  endfacet
  facet normal 0.891051 -0.453904 0
    outer loop
      vertex -26.321 27.6481 2
      vertex -26.4754 27.345 7
      vertex -26.4754 27.345 2
    endloop
  endfacet
  facet normal -0.629308 -0.777156 0
    outer loop
      vertex -31.4647 26.5548 2
      vertex -31.2003 26.3407 7
      vertex -31.4647 26.5548 7
    endloop
  endfacet
  facet normal -0.629308 -0.777156 -0
    outer loop
      vertex -31.2003 26.3407 7
      vertex -31.4647 26.5548 2
      vertex -31.2003 26.3407 2
    endloop
  endfacet
  facet normal -0.987696 0.156385 0
    outer loop
      vertex -32.5222 29.3097 2
      vertex -32.469 29.6457 7
      vertex -32.469 29.6457 2
    endloop
  endfacet
  facet normal -0.987696 0.156385 0
    outer loop
      vertex -32.469 29.6457 7
      vertex -32.5222 29.3097 2
      vertex -32.5222 29.3097 7
    endloop
  endfacet
  facet normal -0.838638 -0.544689 0
    outer loop
      vertex -31.9193 27.0597 2
      vertex -32.1046 27.345 7
      vertex -32.1046 27.345 2
    endloop
  endfacet
  facet normal -0.838638 -0.544689 0
    outer loop
      vertex -32.1046 27.345 7
      vertex -31.9193 27.0597 2
      vertex -31.9193 27.0597 7
    endloop
  endfacet
  facet normal -0.933595 -0.358329 0
    outer loop
      vertex -32.259 27.6481 2
      vertex -32.3809 27.9657 7
      vertex -32.3809 27.9657 2
    endloop
  endfacet
  facet normal -0.933595 -0.358329 0
    outer loop
      vertex -32.3809 27.9657 7
      vertex -32.259 27.6481 2
      vertex -32.259 27.6481 7
    endloop
  endfacet
  facet normal -0.965888 -0.258961 0
    outer loop
      vertex -32.3809 27.9657 2
      vertex -32.469 28.2943 7
      vertex -32.469 28.2943 2
    endloop
  endfacet
  facet normal -0.965888 -0.258961 0
    outer loop
      vertex -32.469 28.2943 7
      vertex -32.3809 27.9657 2
      vertex -32.3809 27.9657 7
    endloop
  endfacet
  facet normal -0.707107 -0.707107 0
    outer loop
      vertex -31.4647 26.5548 2
      vertex -31.7052 26.7953 7
      vertex -31.7052 26.7953 2
    endloop
  endfacet
  facet normal -0.707107 -0.707107 0
    outer loop
      vertex -31.7052 26.7953 7
      vertex -31.4647 26.5548 2
      vertex -31.4647 26.5548 7
    endloop
  endfacet
  facet normal 0.258961 0.965888 -0
    outer loop
      vertex -28.2857 32.0609 2
      vertex -28.6143 32.149 7
      vertex -28.2857 32.0609 7
    endloop
  endfacet
  facet normal 0.258961 0.965888 0
    outer loop
      vertex -28.6143 32.149 7
      vertex -28.2857 32.0609 2
      vertex -28.6143 32.149 2
    endloop
  endfacet
  facet normal 0.777156 -0.629308 0
    outer loop
      vertex -26.8748 26.7953 7
      vertex -26.6607 27.0597 2
      vertex -26.6607 27.0597 7
    endloop
  endfacet
  facet normal 0.777156 -0.629308 0
    outer loop
      vertex -26.6607 27.0597 2
      vertex -26.8748 26.7953 7
      vertex -26.8748 26.7953 2
    endloop
  endfacet
  facet normal 0.156385 0.987696 -0
    outer loop
      vertex -28.6143 32.149 2
      vertex -28.9503 32.2022 7
      vertex -28.6143 32.149 7
    endloop
  endfacet
  facet normal 0.156385 0.987696 0
    outer loop
      vertex -28.9503 32.2022 7
      vertex -28.6143 32.149 2
      vertex -28.9503 32.2022 2
    endloop
  endfacet
  facet normal 0.838638 0.544689 0
    outer loop
      vertex -26.4754 30.595 7
      vertex -26.6607 30.8803 2
      vertex -26.6607 30.8803 7
    endloop
  endfacet
  facet normal 0.838638 0.544689 0
    outer loop
      vertex -26.6607 30.8803 2
      vertex -26.4754 30.595 7
      vertex -26.4754 30.595 2
    endloop
  endfacet
  facet normal 0.965888 -0.258961 0
    outer loop
      vertex -26.1991 27.9657 7
      vertex -26.111 28.2943 2
      vertex -26.111 28.2943 7
    endloop
  endfacet
  facet normal 0.965888 -0.258961 0
    outer loop
      vertex -26.111 28.2943 2
      vertex -26.1991 27.9657 7
      vertex -26.1991 27.9657 2
    endloop
  endfacet
  facet normal 0.358329 0.933595 -0
    outer loop
      vertex -27.9681 31.939 2
      vertex -28.2857 32.0609 7
      vertex -27.9681 31.939 7
    endloop
  endfacet
  facet normal 0.358329 0.933595 0
    outer loop
      vertex -28.2857 32.0609 7
      vertex -27.9681 31.939 2
      vertex -28.2857 32.0609 2
    endloop
  endfacet
  facet normal -0.0523274 0.99863 0
    outer loop
      vertex -29.29 32.22 2
      vertex -29.6297 32.2022 7
      vertex -29.29 32.22 7
    endloop
  endfacet
  facet normal -0.0523274 0.99863 0
    outer loop
      vertex -29.6297 32.2022 7
      vertex -29.29 32.22 2
      vertex -29.6297 32.2022 2
    endloop
  endfacet
  facet normal -0.258961 -0.965888 0
    outer loop
      vertex -30.2943 25.8791 2
      vertex -29.9657 25.791 7
      vertex -30.2943 25.8791 7
    endloop
  endfacet
  facet normal -0.258961 -0.965888 -0
    outer loop
      vertex -29.9657 25.791 7
      vertex -30.2943 25.8791 2
      vertex -29.9657 25.791 2
    endloop
  endfacet
  facet normal -0.891051 -0.453904 0
    outer loop
      vertex -32.1046 27.345 2
      vertex -32.259 27.6481 7
      vertex -32.259 27.6481 2
    endloop
  endfacet
  facet normal -0.891051 -0.453904 0
    outer loop
      vertex -32.259 27.6481 7
      vertex -32.1046 27.345 2
      vertex -32.1046 27.345 7
    endloop
  endfacet
  facet normal -0.453904 0.891051 0
    outer loop
      vertex -30.6119 31.939 2
      vertex -30.915 31.7846 7
      vertex -30.6119 31.939 7
    endloop
  endfacet
  facet normal -0.453904 0.891051 0
    outer loop
      vertex -30.915 31.7846 7
      vertex -30.6119 31.939 2
      vertex -30.915 31.7846 2
    endloop
  endfacet
  facet normal -0.629308 0.777156 0
    outer loop
      vertex -31.2003 31.5993 2
      vertex -31.4647 31.3852 7
      vertex -31.2003 31.5993 7
    endloop
  endfacet
  facet normal -0.629308 0.777156 0
    outer loop
      vertex -31.4647 31.3852 7
      vertex -31.2003 31.5993 2
      vertex -31.4647 31.3852 2
    endloop
  endfacet
  facet normal 0 0 1
    outer loop
      vertex -27.84 28.97 7
      vertex -26.04 28.97 7
      vertex -26.0578 29.3097 7
    endloop
  endfacet
  facet normal 0 0 1
    outer loop
      vertex -27.8479 29.1216 7
      vertex -26.0578 29.3097 7
      vertex -26.111 29.6457 7
    endloop
  endfacet
  facet normal 0 0 1
    outer loop
      vertex -26.04 28.97 7
      vertex -27.84 28.97 7
      vertex -26.0578 28.6303 7
    endloop
  endfacet
  facet normal 0 0 1
    outer loop
      vertex -27.8717 29.2715 7
      vertex -26.111 29.6457 7
      vertex -26.1991 29.9743 7
    endloop
  endfacet
  facet normal -0 0 1
    outer loop
      vertex -27.8479 28.8184 7
      vertex -26.0578 28.6303 7
      vertex -27.84 28.97 7
    endloop
  endfacet
  facet normal 0 0 1
    outer loop
      vertex -27.911 29.4181 7
      vertex -26.1991 29.9743 7
      vertex -26.321 30.2919 7
    endloop
  endfacet
  facet normal 0 0 1
    outer loop
      vertex -26.0578 28.6303 7
      vertex -27.8479 28.8184 7
      vertex -26.111 28.2943 7
    endloop
  endfacet
  facet normal 0 0 1
    outer loop
      vertex -27.9654 29.5598 7
      vertex -26.321 30.2919 7
      vertex -26.4754 30.595 7
    endloop
  endfacet
  facet normal -0 0 1
    outer loop
      vertex -27.8717 28.6685 7
      vertex -26.111 28.2943 7
      vertex -27.8479 28.8184 7
    endloop
  endfacet
  facet normal 0 0 1
    outer loop
      vertex -28.0343 29.695 7
      vertex -26.4754 30.595 7
      vertex -26.6607 30.8803 7
    endloop
  endfacet
  facet normal 0 0 1
    outer loop
      vertex -26.111 28.2943 7
      vertex -27.8717 28.6685 7
      vertex -26.1991 27.9657 7
    endloop
  endfacet
  facet normal 0 0 1
    outer loop
      vertex -28.1169 29.8223 7
      vertex -26.6607 30.8803 7
      vertex -26.8748 31.1447 7
    endloop
  endfacet
  facet normal -0 0 1
    outer loop
      vertex -27.911 28.5219 7
      vertex -26.1991 27.9657 7
      vertex -27.8717 28.6685 7
    endloop
  endfacet
  facet normal 0 0 1
    outer loop
      vertex -28.2124 29.9402 7
      vertex -26.8748 31.1447 7
      vertex -27.1153 31.3852 7
    endloop
  endfacet
  facet normal 0 0 1
    outer loop
      vertex -26.1991 27.9657 7
      vertex -27.911 28.5219 7
      vertex -26.321 27.6481 7
    endloop
  endfacet
  facet normal 0 0 1
    outer loop
      vertex -28.3198 30.0476 7
      vertex -27.1153 31.3852 7
      vertex -27.3797 31.5993 7
    endloop
  endfacet
  facet normal -0 0 1
    outer loop
      vertex -27.9654 28.3802 7
      vertex -26.321 27.6481 7
      vertex -27.911 28.5219 7
    endloop
  endfacet
  facet normal 0 0 1
    outer loop
      vertex -28.4377 30.1431 7
      vertex -27.3797 31.5993 7
      vertex -27.665 31.7846 7
    endloop
  endfacet
  facet normal 0 0 1
    outer loop
      vertex -26.321 27.6481 7
      vertex -27.9654 28.3802 7
      vertex -26.4754 27.345 7
    endloop
  endfacet
  facet normal -0 0 1
    outer loop
      vertex -28.0343 28.245 7
      vertex -26.4754 27.345 7
      vertex -27.9654 28.3802 7
    endloop
  endfacet
  facet normal 0 0 1
    outer loop
      vertex -26.0578 29.3097 7
      vertex -27.8479 29.1216 7
      vertex -27.84 28.97 7
    endloop
  endfacet
  facet normal 0 0 1
    outer loop
      vertex -26.111 29.6457 7
      vertex -27.8717 29.2715 7
      vertex -27.8479 29.1216 7
    endloop
  endfacet
  facet normal 0 0 1
    outer loop
      vertex -26.1991 29.9743 7
      vertex -27.911 29.4181 7
      vertex -27.8717 29.2715 7
    endloop
  endfacet
  facet normal 0 0 1
    outer loop
      vertex -26.321 30.2919 7
      vertex -27.9654 29.5598 7
      vertex -27.911 29.4181 7
    endloop
  endfacet
  facet normal 0 0 1
    outer loop
      vertex -28.565 30.2257 7
      vertex -27.665 31.7846 7
      vertex -27.9681 31.939 7
    endloop
  endfacet
  facet normal 0 0 1
    outer loop
      vertex -26.4754 30.595 7
      vertex -28.0343 29.695 7
      vertex -27.9654 29.5598 7
    endloop
  endfacet
  facet normal 0 0 1
    outer loop
      vertex -26.6607 30.8803 7
      vertex -28.1169 29.8223 7
      vertex -28.0343 29.695 7
    endloop
  endfacet
  facet normal 0 0 1
    outer loop
      vertex -26.8748 31.1447 7
      vertex -28.2124 29.9402 7
      vertex -28.1169 29.8223 7
    endloop
  endfacet
  facet normal 0 0 1
    outer loop
      vertex -28.7002 30.2946 7
      vertex -27.9681 31.939 7
      vertex -28.2857 32.0609 7
    endloop
  endfacet
  facet normal 0 0 1
    outer loop
      vertex -27.1153 31.3852 7
      vertex -28.3198 30.0476 7
      vertex -28.2124 29.9402 7
    endloop
  endfacet
  facet normal 0 0 1
    outer loop
      vertex -27.3797 31.5993 7
      vertex -28.4377 30.1431 7
      vertex -28.3198 30.0476 7
    endloop
  endfacet
  facet normal 0 0 1
    outer loop
      vertex -27.665 31.7846 7
      vertex -28.565 30.2257 7
      vertex -28.4377 30.1431 7
    endloop
  endfacet
  facet normal 0 0 1
    outer loop
      vertex -28.8419 30.349 7
      vertex -28.2857 32.0609 7
      vertex -28.6143 32.149 7
    endloop
  endfacet
  facet normal 0 0 1
    outer loop
      vertex -27.9681 31.939 7
      vertex -28.7002 30.2946 7
      vertex -28.565 30.2257 7
    endloop
  endfacet
  facet normal 0 0 1
    outer loop
      vertex -28.2857 32.0609 7
      vertex -28.8419 30.349 7
      vertex -28.7002 30.2946 7
    endloop
  endfacet
  facet normal 0 0 1
    outer loop
      vertex -28.9885 30.3883 7
      vertex -28.6143 32.149 7
      vertex -28.9503 32.2022 7
    endloop
  endfacet
  facet normal 0 0 1
    outer loop
      vertex -28.6143 32.149 7
      vertex -28.9885 30.3883 7
      vertex -28.8419 30.349 7
    endloop
  endfacet
  facet normal 0 0 1
    outer loop
      vertex -28.9503 32.2022 7
      vertex -29.1384 30.4121 7
      vertex -28.9885 30.3883 7
    endloop
  endfacet
  facet normal 0 0 1
    outer loop
      vertex -29.29 32.22 7
      vertex -29.1384 30.4121 7
      vertex -28.9503 32.2022 7
    endloop
  endfacet
  facet normal 0 0 1
    outer loop
      vertex -29.29 32.22 7
      vertex -29.29 30.42 7
      vertex -29.1384 30.4121 7
    endloop
  endfacet
  facet normal 0 0 1
    outer loop
      vertex -29.29 32.22 7
      vertex -29.4416 30.4121 7
      vertex -29.29 30.42 7
    endloop
  endfacet
  facet normal -0 0 1
    outer loop
      vertex -29.6297 32.2022 7
      vertex -29.4416 30.4121 7
      vertex -29.29 32.22 7
    endloop
  endfacet
  facet normal 0 0 1
    outer loop
      vertex -29.4416 30.4121 7
      vertex -29.6297 32.2022 7
      vertex -29.5915 30.3883 7
    endloop
  endfacet
  facet normal -0 0 1
    outer loop
      vertex -29.9657 32.149 7
      vertex -29.5915 30.3883 7
      vertex -29.6297 32.2022 7
    endloop
  endfacet
  facet normal 0 0 1
    outer loop
      vertex -29.5915 30.3883 7
      vertex -29.9657 32.149 7
      vertex -29.7381 30.349 7
    endloop
  endfacet
  facet normal -0 0 1
    outer loop
      vertex -30.2943 32.0609 7
      vertex -29.7381 30.349 7
      vertex -29.9657 32.149 7
    endloop
  endfacet
  facet normal 0 0 1
    outer loop
      vertex -29.7381 30.349 7
      vertex -30.2943 32.0609 7
      vertex -29.8798 30.2946 7
    endloop
  endfacet
  facet normal -0 0 1
    outer loop
      vertex -30.6119 31.939 7
      vertex -29.8798 30.2946 7
      vertex -30.2943 32.0609 7
    endloop
  endfacet
  facet normal 0 0 1
    outer loop
      vertex -29.8798 30.2946 7
      vertex -30.6119 31.939 7
      vertex -30.015 30.2257 7
    endloop
  endfacet
  facet normal -0 0 1
    outer loop
      vertex -30.915 31.7846 7
      vertex -30.015 30.2257 7
      vertex -30.6119 31.939 7
    endloop
  endfacet
  facet normal 0 0 1
    outer loop
      vertex -30.015 30.2257 7
      vertex -30.915 31.7846 7
      vertex -30.1423 30.1431 7
    endloop
  endfacet
  facet normal -0 0 1
    outer loop
      vertex -31.2003 31.5993 7
      vertex -30.1423 30.1431 7
      vertex -30.915 31.7846 7
    endloop
  endfacet
  facet normal 0 0 1
    outer loop
      vertex -30.1423 30.1431 7
      vertex -31.2003 31.5993 7
      vertex -30.2602 30.0476 7
    endloop
  endfacet
  facet normal -0 0 1
    outer loop
      vertex -31.4647 31.3852 7
      vertex -30.2602 30.0476 7
      vertex -31.2003 31.5993 7
    endloop
  endfacet
  facet normal 0 0 1
    outer loop
      vertex -30.2602 30.0476 7
      vertex -31.4647 31.3852 7
      vertex -30.3676 29.9402 7
    endloop
  endfacet
  facet normal -0 0 1
    outer loop
      vertex -31.7052 31.1447 7
      vertex -30.3676 29.9402 7
      vertex -31.4647 31.3852 7
    endloop
  endfacet
  facet normal 0 0 1
    outer loop
      vertex -30.3676 29.9402 7
      vertex -31.7052 31.1447 7
      vertex -30.4631 29.8223 7
    endloop
  endfacet
  facet normal -0 0 1
    outer loop
      vertex -31.9193 30.8803 7
      vertex -30.4631 29.8223 7
      vertex -31.7052 31.1447 7
    endloop
  endfacet
  facet normal 0 0 1
    outer loop
      vertex -30.4631 29.8223 7
      vertex -31.9193 30.8803 7
      vertex -30.5457 29.695 7
    endloop
  endfacet
  facet normal -0 0 1
    outer loop
      vertex -32.1046 30.595 7
      vertex -30.5457 29.695 7
      vertex -31.9193 30.8803 7
    endloop
  endfacet
  facet normal 0 0 1
    outer loop
      vertex -26.4754 27.345 7
      vertex -28.0343 28.245 7
      vertex -26.6607 27.0597 7
    endloop
  endfacet
  facet normal -0 0 1
    outer loop
      vertex -28.1169 28.1177 7
      vertex -26.6607 27.0597 7
      vertex -28.0343 28.245 7
    endloop
  endfacet
  facet normal 0 0 1
    outer loop
      vertex -26.6607 27.0597 7
      vertex -28.1169 28.1177 7
      vertex -26.8748 26.7953 7
    endloop
  endfacet
  facet normal -0 0 1
    outer loop
      vertex -28.2124 27.9998 7
      vertex -26.8748 26.7953 7
      vertex -28.1169 28.1177 7
    endloop
  endfacet
  facet normal 0 0 1
    outer loop
      vertex -26.8748 26.7953 7
      vertex -28.2124 27.9998 7
      vertex -27.1153 26.5548 7
    endloop
  endfacet
  facet normal -0 0 1
    outer loop
      vertex -28.3198 27.8924 7
      vertex -27.1153 26.5548 7
      vertex -28.2124 27.9998 7
    endloop
  endfacet
  facet normal 0 0 1
    outer loop
      vertex -27.1153 26.5548 7
      vertex -28.3198 27.8924 7
      vertex -27.3797 26.3407 7
    endloop
  endfacet
  facet normal -0 0 1
    outer loop
      vertex -28.4377 27.7969 7
      vertex -27.3797 26.3407 7
      vertex -28.3198 27.8924 7
    endloop
  endfacet
  facet normal 0 0 1
    outer loop
      vertex -27.3797 26.3407 7
      vertex -28.4377 27.7969 7
      vertex -27.665 26.1554 7
    endloop
  endfacet
  facet normal -0 0 1
    outer loop
      vertex -28.565 27.7143 7
      vertex -27.665 26.1554 7
      vertex -28.4377 27.7969 7
    endloop
  endfacet
  facet normal 0 0 1
    outer loop
      vertex -27.665 26.1554 7
      vertex -28.565 27.7143 7
      vertex -27.9681 26.001 7
    endloop
  endfacet
  facet normal -0 0 1
    outer loop
      vertex -28.7002 27.6454 7
      vertex -27.9681 26.001 7
      vertex -28.565 27.7143 7
    endloop
  endfacet
  facet normal 0 0 1
    outer loop
      vertex -27.9681 26.001 7
      vertex -28.7002 27.6454 7
      vertex -28.2857 25.8791 7
    endloop
  endfacet
  facet normal -0 0 1
    outer loop
      vertex -28.8419 27.591 7
      vertex -28.2857 25.8791 7
      vertex -28.7002 27.6454 7
    endloop
  endfacet
  facet normal 0 0 1
    outer loop
      vertex -28.2857 25.8791 7
      vertex -28.8419 27.591 7
      vertex -28.6143 25.791 7
    endloop
  endfacet
  facet normal -0 0 1
    outer loop
      vertex -28.9885 27.5517 7
      vertex -28.6143 25.791 7
      vertex -28.8419 27.591 7
    endloop
  endfacet
  facet normal 0 0 1
    outer loop
      vertex -28.6143 25.791 7
      vertex -28.9885 27.5517 7
      vertex -28.9503 25.7378 7
    endloop
  endfacet
  facet normal -0 0 1
    outer loop
      vertex -29.1384 27.5279 7
      vertex -28.9503 25.7378 7
      vertex -28.9885 27.5517 7
    endloop
  endfacet
  facet normal -0 0 1
    outer loop
      vertex -29.29 27.52 7
      vertex -28.9503 25.7378 7
      vertex -29.1384 27.5279 7
    endloop
  endfacet
  facet normal 0 0 1
    outer loop
      vertex -29.29 27.52 7
      vertex -29.29 25.72 7
      vertex -28.9503 25.7378 7
    endloop
  endfacet
  facet normal 0 0 1
    outer loop
      vertex -29.4416 27.5279 7
      vertex -29.29 25.72 7
      vertex -29.29 27.52 7
    endloop
  endfacet
  facet normal 0 0 1
    outer loop
      vertex -29.6297 25.7378 7
      vertex -29.4416 27.5279 7
      vertex -29.5915 27.5517 7
    endloop
  endfacet
  facet normal 0 0 1
    outer loop
      vertex -29.4416 27.5279 7
      vertex -29.6297 25.7378 7
      vertex -29.29 25.72 7
    endloop
  endfacet
  facet normal 0 0 1
    outer loop
      vertex -29.9657 25.791 7
      vertex -29.5915 27.5517 7
      vertex -29.7381 27.591 7
    endloop
  endfacet
  facet normal 0 0 1
    outer loop
      vertex -30.2943 25.8791 7
      vertex -29.7381 27.591 7
      vertex -29.8798 27.6454 7
    endloop
  endfacet
  facet normal 0 0 1
    outer loop
      vertex -29.5915 27.5517 7
      vertex -29.9657 25.791 7
      vertex -29.6297 25.7378 7
    endloop
  endfacet
  facet normal 0 0 1
    outer loop
      vertex -30.6119 26.001 7
      vertex -29.8798 27.6454 7
      vertex -30.015 27.7143 7
    endloop
  endfacet
  facet normal 0 0 1
    outer loop
      vertex -30.915 26.1554 7
      vertex -30.015 27.7143 7
      vertex -30.1423 27.7969 7
    endloop
  endfacet
  facet normal 0 0 1
    outer loop
      vertex -31.2003 26.3407 7
      vertex -30.1423 27.7969 7
      vertex -30.2602 27.8924 7
    endloop
  endfacet
  facet normal 0 0 1
    outer loop
      vertex -29.7381 27.591 7
      vertex -30.2943 25.8791 7
      vertex -29.9657 25.791 7
    endloop
  endfacet
  facet normal 0 0 1
    outer loop
      vertex -31.4647 26.5548 7
      vertex -30.2602 27.8924 7
      vertex -30.3676 27.9998 7
    endloop
  endfacet
  facet normal 0 0 1
    outer loop
      vertex -31.7052 26.7953 7
      vertex -30.3676 27.9998 7
      vertex -30.4631 28.1177 7
    endloop
  endfacet
  facet normal 0 0 1
    outer loop
      vertex -31.9193 27.0597 7
      vertex -30.4631 28.1177 7
      vertex -30.5457 28.245 7
    endloop
  endfacet
  facet normal 0 0 1
    outer loop
      vertex -29.8798 27.6454 7
      vertex -30.6119 26.001 7
      vertex -30.2943 25.8791 7
    endloop
  endfacet
  facet normal 0 0 1
    outer loop
      vertex -32.1046 27.345 7
      vertex -30.5457 28.245 7
      vertex -30.6146 28.3802 7
    endloop
  endfacet
  facet normal 0 0 1
    outer loop
      vertex -32.259 27.6481 7
      vertex -30.6146 28.3802 7
      vertex -30.669 28.5219 7
    endloop
  endfacet
  facet normal 0 0 1
    outer loop
      vertex -32.3809 27.9657 7
      vertex -30.669 28.5219 7
      vertex -30.7083 28.6685 7
    endloop
  endfacet
  facet normal 0 0 1
    outer loop
      vertex -32.469 28.2943 7
      vertex -30.7083 28.6685 7
      vertex -30.7321 28.8184 7
    endloop
  endfacet
  facet normal 0 0 1
    outer loop
      vertex -32.5222 28.6303 7
      vertex -30.7321 28.8184 7
      vertex -30.74 28.97 7
    endloop
  endfacet
  facet normal 0 0 1
    outer loop
      vertex -30.5457 29.695 7
      vertex -32.1046 30.595 7
      vertex -30.6146 29.5598 7
    endloop
  endfacet
  facet normal 0 0 1
    outer loop
      vertex -30.015 27.7143 7
      vertex -30.915 26.1554 7
      vertex -30.6119 26.001 7
    endloop
  endfacet
  facet normal -0 0 1
    outer loop
      vertex -32.259 30.2919 7
      vertex -30.6146 29.5598 7
      vertex -32.1046 30.595 7
    endloop
  endfacet
  facet normal 0 0 1
    outer loop
      vertex -30.1423 27.7969 7
      vertex -31.2003 26.3407 7
      vertex -30.915 26.1554 7
    endloop
  endfacet
  facet normal 0 0 1
    outer loop
      vertex -30.6146 29.5598 7
      vertex -32.259 30.2919 7
      vertex -30.669 29.4181 7
    endloop
  endfacet
  facet normal 0 0 1
    outer loop
      vertex -30.2602 27.8924 7
      vertex -31.4647 26.5548 7
      vertex -31.2003 26.3407 7
    endloop
  endfacet
  facet normal -0 0 1
    outer loop
      vertex -32.3809 29.9743 7
      vertex -30.669 29.4181 7
      vertex -32.259 30.2919 7
    endloop
  endfacet
  facet normal 0 0 1
    outer loop
      vertex -30.3676 27.9998 7
      vertex -31.7052 26.7953 7
      vertex -31.4647 26.5548 7
    endloop
  endfacet
  facet normal 0 0 1
    outer loop
      vertex -30.669 29.4181 7
      vertex -32.3809 29.9743 7
      vertex -30.7083 29.2715 7
    endloop
  endfacet
  facet normal 0 0 1
    outer loop
      vertex -30.4631 28.1177 7
      vertex -31.9193 27.0597 7
      vertex -31.7052 26.7953 7
    endloop
  endfacet
  facet normal -0 0 1
    outer loop
      vertex -32.469 29.6457 7
      vertex -30.7083 29.2715 7
      vertex -32.3809 29.9743 7
    endloop
  endfacet
  facet normal 0 0 1
    outer loop
      vertex -30.5457 28.245 7
      vertex -32.1046 27.345 7
      vertex -31.9193 27.0597 7
    endloop
  endfacet
  facet normal 0 0 1
    outer loop
      vertex -30.7083 29.2715 7
      vertex -32.469 29.6457 7
      vertex -30.7321 29.1216 7
    endloop
  endfacet
  facet normal 0 0 1
    outer loop
      vertex -30.6146 28.3802 7
      vertex -32.259 27.6481 7
      vertex -32.1046 27.345 7
    endloop
  endfacet
  facet normal -0 0 1
    outer loop
      vertex -32.5222 29.3097 7
      vertex -30.7321 29.1216 7
      vertex -32.469 29.6457 7
    endloop
  endfacet
  facet normal 0 0 1
    outer loop
      vertex -30.669 28.5219 7
      vertex -32.3809 27.9657 7
      vertex -32.259 27.6481 7
    endloop
  endfacet
  facet normal 0 0 1
    outer loop
      vertex -30.7321 29.1216 7
      vertex -32.5222 29.3097 7
      vertex -30.74 28.97 7
    endloop
  endfacet
  facet normal 0 0 1
    outer loop
      vertex -30.7083 28.6685 7
      vertex -32.469 28.2943 7
      vertex -32.3809 27.9657 7
    endloop
  endfacet
  facet normal 0 0 1
    outer loop
      vertex -32.54 28.97 7
      vertex -30.74 28.97 7
      vertex -32.5222 29.3097 7
    endloop
  endfacet
  facet normal 0 0 1
    outer loop
      vertex -30.7321 28.8184 7
      vertex -32.5222 28.6303 7
      vertex -32.469 28.2943 7
    endloop
  endfacet
  facet normal 0 0 1
    outer loop
      vertex -30.74 28.97 7
      vertex -32.54 28.97 7
      vertex -32.5222 28.6303 7
    endloop
  endfacet
  facet normal 0.453904 -0.891051 0
    outer loop
      vertex -27.9681 26.001 2
      vertex -27.665 26.1554 7
      vertex -27.9681 26.001 7
    endloop
  endfacet
  facet normal 0.453904 -0.891051 0
    outer loop
      vertex -27.665 26.1554 7
      vertex -27.9681 26.001 2
      vertex -27.665 26.1554 2
    endloop
  endfacet
  facet normal 0.258961 -0.965888 0
    outer loop
      vertex -28.6143 25.791 2
      vertex -28.2857 25.8791 7
      vertex -28.6143 25.791 7
    endloop
  endfacet
  facet normal 0.258961 -0.965888 0
    outer loop
      vertex -28.2857 25.8791 7
      vertex -28.6143 25.791 2
      vertex -28.2857 25.8791 2
    endloop
  endfacet
  facet normal -0.99863 -0.0523274 0
    outer loop
      vertex -32.5222 28.6303 2
      vertex -32.54 28.97 7
      vertex -32.54 28.97 2
    endloop
  endfacet
  facet normal -0.99863 -0.0523274 0
    outer loop
      vertex -32.54 28.97 7
      vertex -32.5222 28.6303 2
      vertex -32.5222 28.6303 7
    endloop
  endfacet
  facet normal -0.987696 -0.156385 0
    outer loop
      vertex -32.469 28.2943 2
      vertex -32.5222 28.6303 7
      vertex -32.5222 28.6303 2
    endloop
  endfacet
  facet normal -0.987696 -0.156385 0
    outer loop
      vertex -32.5222 28.6303 7
      vertex -32.469 28.2943 2
      vertex -32.469 28.2943 7
    endloop
  endfacet
  facet normal -0.838638 0.544689 0
    outer loop
      vertex -32.1046 30.595 2
      vertex -31.9193 30.8803 7
      vertex -31.9193 30.8803 2
    endloop
  endfacet
  facet normal -0.838638 0.544689 0
    outer loop
      vertex -31.9193 30.8803 7
      vertex -32.1046 30.595 2
      vertex -32.1046 30.595 7
    endloop
  endfacet
  facet normal -0.544689 -0.838638 0
    outer loop
      vertex -31.2003 26.3407 2
      vertex -30.915 26.1554 7
      vertex -31.2003 26.3407 7
    endloop
  endfacet
  facet normal -0.544689 -0.838638 -0
    outer loop
      vertex -30.915 26.1554 7
      vertex -31.2003 26.3407 2
      vertex -30.915 26.1554 2
    endloop
  endfacet
  facet normal 0.544689 -0.838638 0
    outer loop
      vertex -27.665 26.1554 2
      vertex -27.3797 26.3407 7
      vertex -27.665 26.1554 7
    endloop
  endfacet
  facet normal 0.544689 -0.838638 0
    outer loop
      vertex -27.3797 26.3407 7
      vertex -27.665 26.1554 2
      vertex -27.3797 26.3407 2
    endloop
  endfacet
  facet normal 0.933595 -0.358329 0
    outer loop
      vertex -26.321 27.6481 7
      vertex -26.1991 27.9657 2
      vertex -26.1991 27.9657 7
    endloop
  endfacet
  facet normal 0.933595 -0.358329 0
    outer loop
      vertex -26.1991 27.9657 2
      vertex -26.321 27.6481 7
      vertex -26.321 27.6481 2
    endloop
  endfacet
  facet normal -0.891051 0.453904 0
    outer loop
      vertex -32.259 30.2919 2
      vertex -32.1046 30.595 7
      vertex -32.1046 30.595 2
    endloop
  endfacet
  facet normal -0.891051 0.453904 0
    outer loop
      vertex -32.1046 30.595 7
      vertex -32.259 30.2919 2
      vertex -32.259 30.2919 7
    endloop
  endfacet
  facet normal -0.933595 0.358329 0
    outer loop
      vertex -32.3809 29.9743 2
      vertex -32.259 30.2919 7
      vertex -32.259 30.2919 2
    endloop
  endfacet
  facet normal -0.933595 0.358329 0
    outer loop
      vertex -32.259 30.2919 7
      vertex -32.3809 29.9743 2
      vertex -32.3809 29.9743 7
    endloop
  endfacet
  facet normal -0.99863 0.0523274 0
    outer loop
      vertex -32.54 28.97 2
      vertex -32.5222 29.3097 7
      vertex -32.5222 29.3097 2
    endloop
  endfacet
  facet normal -0.99863 0.0523274 0
    outer loop
      vertex -32.5222 29.3097 7
      vertex -32.54 28.97 2
      vertex -32.54 28.97 7
    endloop
  endfacet
  facet normal -0.358329 -0.933595 0
    outer loop
      vertex -30.6119 26.001 2
      vertex -30.2943 25.8791 7
      vertex -30.6119 26.001 7
    endloop
  endfacet
  facet normal -0.358329 -0.933595 -0
    outer loop
      vertex -30.2943 25.8791 7
      vertex -30.6119 26.001 2
      vertex -30.2943 25.8791 2
    endloop
  endfacet
  facet normal 0.707107 -0.707107 0
    outer loop
      vertex -27.1153 26.5548 7
      vertex -26.8748 26.7953 2
      vertex -26.8748 26.7953 7
    endloop
  endfacet
  facet normal 0.707107 -0.707107 0
    outer loop
      vertex -26.8748 26.7953 2
      vertex -27.1153 26.5548 7
      vertex -27.1153 26.5548 2
    endloop
  endfacet
  facet normal 0.987696 0.156385 0
    outer loop
      vertex 32.5222 -28.6303 7
      vertex 32.469 -28.2943 2
      vertex 32.469 -28.2943 7
    endloop
  endfacet
  facet normal 0.987696 0.156385 0
    outer loop
      vertex 32.469 -28.2943 2
      vertex 32.5222 -28.6303 7
      vertex 32.5222 -28.6303 2
    endloop
  endfacet
  facet normal 0.99863 0.0523274 0
    outer loop
      vertex 32.54 -28.97 7
      vertex 32.5222 -28.6303 2
      vertex 32.5222 -28.6303 7
    endloop
  endfacet
  facet normal 0.99863 0.0523274 0
    outer loop
      vertex 32.5222 -28.6303 2
      vertex 32.54 -28.97 7
      vertex 32.54 -28.97 2
    endloop
  endfacet
  facet normal 0.838638 -0.544689 0
    outer loop
      vertex 31.9193 -30.8803 7
      vertex 32.1046 -30.595 2
      vertex 32.1046 -30.595 7
    endloop
  endfacet
  facet normal 0.838638 -0.544689 0
    outer loop
      vertex 32.1046 -30.595 2
      vertex 31.9193 -30.8803 7
      vertex 31.9193 -30.8803 2
    endloop
  endfacet
  facet normal -0.544689 -0.838638 0
    outer loop
      vertex 27.3797 -31.5993 2
      vertex 27.665 -31.7846 7
      vertex 27.3797 -31.5993 7
    endloop
  endfacet
  facet normal -0.544689 -0.838638 -0
    outer loop
      vertex 27.665 -31.7846 7
      vertex 27.3797 -31.5993 2
      vertex 27.665 -31.7846 2
    endloop
  endfacet
  facet normal 0.987696 -0.156385 0
    outer loop
      vertex 32.469 -29.6457 7
      vertex 32.5222 -29.3097 2
      vertex 32.5222 -29.3097 7
    endloop
  endfacet
  facet normal 0.987696 -0.156385 0
    outer loop
      vertex 32.5222 -29.3097 2
      vertex 32.469 -29.6457 7
      vertex 32.469 -29.6457 2
    endloop
  endfacet
  facet normal -0.156385 -0.987696 0
    outer loop
      vertex 28.6143 -32.149 2
      vertex 28.9503 -32.2022 7
      vertex 28.6143 -32.149 7
    endloop
  endfacet
  facet normal -0.156385 -0.987696 -0
    outer loop
      vertex 28.9503 -32.2022 7
      vertex 28.6143 -32.149 2
      vertex 28.9503 -32.2022 2
    endloop
  endfacet
  facet normal -0.777156 -0.629308 0
    outer loop
      vertex 26.8748 -31.1447 2
      vertex 26.6607 -30.8803 7
      vertex 26.6607 -30.8803 2
    endloop
  endfacet
  facet normal -0.777156 -0.629308 0
    outer loop
      vertex 26.6607 -30.8803 7
      vertex 26.8748 -31.1447 2
      vertex 26.8748 -31.1447 7
    endloop
  endfacet
  facet normal -0.707107 0.707107 0
    outer loop
      vertex 26.8748 -26.7953 2
      vertex 27.1153 -26.5548 7
      vertex 27.1153 -26.5548 2
    endloop
  endfacet
  facet normal -0.707107 0.707107 0
    outer loop
      vertex 27.1153 -26.5548 7
      vertex 26.8748 -26.7953 2
      vertex 26.8748 -26.7953 7
    endloop
  endfacet
  facet normal 0.707107 -0.707107 0
    outer loop
      vertex 31.4647 -31.3852 7
      vertex 31.7052 -31.1447 2
      vertex 31.7052 -31.1447 7
    endloop
  endfacet
  facet normal 0.707107 -0.707107 0
    outer loop
      vertex 31.7052 -31.1447 2
      vertex 31.4647 -31.3852 7
      vertex 31.4647 -31.3852 2
    endloop
  endfacet
  facet normal -0.0523274 0.99863 0
    outer loop
      vertex 29.29 -25.72 2
      vertex 28.9503 -25.7378 7
      vertex 29.29 -25.72 7
    endloop
  endfacet
  facet normal -0.0523274 0.99863 0
    outer loop
      vertex 28.9503 -25.7378 7
      vertex 29.29 -25.72 2
      vertex 28.9503 -25.7378 2
    endloop
  endfacet
  facet normal 0.629308 0.777156 -0
    outer loop
      vertex 31.4647 -26.5548 2
      vertex 31.2003 -26.3407 7
      vertex 31.4647 -26.5548 7
    endloop
  endfacet
  facet normal 0.629308 0.777156 0
    outer loop
      vertex 31.2003 -26.3407 7
      vertex 31.4647 -26.5548 2
      vertex 31.2003 -26.3407 2
    endloop
  endfacet
  facet normal -0.156385 0.987696 0
    outer loop
      vertex 28.9503 -25.7378 2
      vertex 28.6143 -25.791 7
      vertex 28.9503 -25.7378 7
    endloop
  endfacet
  facet normal -0.156385 0.987696 0
    outer loop
      vertex 28.6143 -25.791 7
      vertex 28.9503 -25.7378 2
      vertex 28.6143 -25.791 2
    endloop
  endfacet
  facet normal -0.987696 -0.156385 0
    outer loop
      vertex 26.111 -29.6457 2
      vertex 26.0578 -29.3097 7
      vertex 26.0578 -29.3097 2
    endloop
  endfacet
  facet normal -0.987696 -0.156385 0
    outer loop
      vertex 26.0578 -29.3097 7
      vertex 26.111 -29.6457 2
      vertex 26.111 -29.6457 7
    endloop
  endfacet
  facet normal 0.99863 -0.0523274 0
    outer loop
      vertex 32.5222 -29.3097 7
      vertex 32.54 -28.97 2
      vertex 32.54 -28.97 7
    endloop
  endfacet
  facet normal 0.99863 -0.0523274 0
    outer loop
      vertex 32.54 -28.97 2
      vertex 32.5222 -29.3097 7
      vertex 32.5222 -29.3097 2
    endloop
  endfacet
  facet normal 0.156385 -0.987696 0
    outer loop
      vertex 29.6297 -32.2022 2
      vertex 29.9657 -32.149 7
      vertex 29.6297 -32.2022 7
    endloop
  endfacet
  facet normal 0.156385 -0.987696 0
    outer loop
      vertex 29.9657 -32.149 7
      vertex 29.6297 -32.2022 2
      vertex 29.9657 -32.149 2
    endloop
  endfacet
  facet normal -0.258961 0.965888 0
    outer loop
      vertex 28.6143 -25.791 2
      vertex 28.2857 -25.8791 7
      vertex 28.6143 -25.791 7
    endloop
  endfacet
  facet normal -0.258961 0.965888 0
    outer loop
      vertex 28.2857 -25.8791 7
      vertex 28.6143 -25.791 2
      vertex 28.2857 -25.8791 2
    endloop
  endfacet
  facet normal 0.453904 0.891051 -0
    outer loop
      vertex 30.915 -26.1554 2
      vertex 30.6119 -26.001 7
      vertex 30.915 -26.1554 7
    endloop
  endfacet
  facet normal 0.453904 0.891051 0
    outer loop
      vertex 30.6119 -26.001 7
      vertex 30.915 -26.1554 2
      vertex 30.6119 -26.001 2
    endloop
  endfacet
  facet normal 0.933595 -0.358329 0
    outer loop
      vertex 32.259 -30.2919 7
      vertex 32.3809 -29.9743 2
      vertex 32.3809 -29.9743 7
    endloop
  endfacet
  facet normal 0.933595 -0.358329 0
    outer loop
      vertex 32.3809 -29.9743 2
      vertex 32.259 -30.2919 7
      vertex 32.259 -30.2919 2
    endloop
  endfacet
  facet normal 0.629308 -0.777156 0
    outer loop
      vertex 31.2003 -31.5993 2
      vertex 31.4647 -31.3852 7
      vertex 31.2003 -31.5993 7
    endloop
  endfacet
  facet normal 0.629308 -0.777156 0
    outer loop
      vertex 31.4647 -31.3852 7
      vertex 31.2003 -31.5993 2
      vertex 31.4647 -31.3852 2
    endloop
  endfacet
  facet normal 0.358329 0.933595 -0
    outer loop
      vertex 30.6119 -26.001 2
      vertex 30.2943 -25.8791 7
      vertex 30.6119 -26.001 7
    endloop
  endfacet
  facet normal 0.358329 0.933595 0
    outer loop
      vertex 30.2943 -25.8791 7
      vertex 30.6119 -26.001 2
      vertex 30.2943 -25.8791 2
    endloop
  endfacet
  facet normal 0.453904 -0.891051 0
    outer loop
      vertex 30.6119 -31.939 2
      vertex 30.915 -31.7846 7
      vertex 30.6119 -31.939 7
    endloop
  endfacet
  facet normal 0.453904 -0.891051 0
    outer loop
      vertex 30.915 -31.7846 7
      vertex 30.6119 -31.939 2
      vertex 30.915 -31.7846 2
    endloop
  endfacet
  facet normal 0.156385 0.987696 -0
    outer loop
      vertex 29.9657 -25.791 2
      vertex 29.6297 -25.7378 7
      vertex 29.9657 -25.791 7
    endloop
  endfacet
  facet normal 0.156385 0.987696 0
    outer loop
      vertex 29.6297 -25.7378 7
      vertex 29.9657 -25.791 2
      vertex 29.6297 -25.7378 2
    endloop
  endfacet
  facet normal -0.453904 0.891051 0
    outer loop
      vertex 27.9681 -26.001 2
      vertex 27.665 -26.1554 7
      vertex 27.9681 -26.001 7
    endloop
  endfacet
  facet normal -0.453904 0.891051 0
    outer loop
      vertex 27.665 -26.1554 7
      vertex 27.9681 -26.001 2
      vertex 27.665 -26.1554 2
    endloop
  endfacet
  facet normal -0.933595 -0.358329 0
    outer loop
      vertex 26.321 -30.2919 2
      vertex 26.1991 -29.9743 7
      vertex 26.1991 -29.9743 2
    endloop
  endfacet
  facet normal -0.933595 -0.358329 0
    outer loop
      vertex 26.1991 -29.9743 7
      vertex 26.321 -30.2919 2
      vertex 26.321 -30.2919 7
    endloop
  endfacet
  facet normal 0.965888 -0.258961 0
    outer loop
      vertex 32.3809 -29.9743 7
      vertex 32.469 -29.6457 2
      vertex 32.469 -29.6457 7
    endloop
  endfacet
  facet normal 0.965888 -0.258961 0
    outer loop
      vertex 32.469 -29.6457 2
      vertex 32.3809 -29.9743 7
      vertex 32.3809 -29.9743 2
    endloop
  endfacet
  facet normal 0.838638 0.544689 0
    outer loop
      vertex 32.1046 -27.345 7
      vertex 31.9193 -27.0597 2
      vertex 31.9193 -27.0597 7
    endloop
  endfacet
  facet normal 0.838638 0.544689 0
    outer loop
      vertex 31.9193 -27.0597 2
      vertex 32.1046 -27.345 7
      vertex 32.1046 -27.345 2
    endloop
  endfacet
  facet normal 0.707107 0.707107 0
    outer loop
      vertex 31.7052 -26.7953 7
      vertex 31.4647 -26.5548 2
      vertex 31.4647 -26.5548 7
    endloop
  endfacet
  facet normal 0.707107 0.707107 0
    outer loop
      vertex 31.4647 -26.5548 2
      vertex 31.7052 -26.7953 7
      vertex 31.7052 -26.7953 2
    endloop
  endfacet
  facet normal -0.0523274 -0.99863 0
    outer loop
      vertex 28.9503 -32.2022 2
      vertex 29.29 -32.22 7
      vertex 28.9503 -32.2022 7
    endloop
  endfacet
  facet normal -0.0523274 -0.99863 -0
    outer loop
      vertex 29.29 -32.22 7
      vertex 28.9503 -32.2022 2
      vertex 29.29 -32.22 2
    endloop
  endfacet
  facet normal -0.358329 0.933595 0
    outer loop
      vertex 28.2857 -25.8791 2
      vertex 27.9681 -26.001 7
      vertex 28.2857 -25.8791 7
    endloop
  endfacet
  facet normal -0.358329 0.933595 0
    outer loop
      vertex 27.9681 -26.001 7
      vertex 28.2857 -25.8791 2
      vertex 27.9681 -26.001 2
    endloop
  endfacet
  facet normal 0.544689 -0.838638 0
    outer loop
      vertex 30.915 -31.7846 2
      vertex 31.2003 -31.5993 7
      vertex 30.915 -31.7846 7
    endloop
  endfacet
  facet normal 0.544689 -0.838638 0
    outer loop
      vertex 31.2003 -31.5993 7
      vertex 30.915 -31.7846 2
      vertex 31.2003 -31.5993 2
    endloop
  endfacet
  facet normal -0.629308 0.777156 0
    outer loop
      vertex 27.3797 -26.3407 2
      vertex 27.1153 -26.5548 7
      vertex 27.3797 -26.3407 7
    endloop
  endfacet
  facet normal -0.629308 0.777156 0
    outer loop
      vertex 27.1153 -26.5548 7
      vertex 27.3797 -26.3407 2
      vertex 27.1153 -26.5548 2
    endloop
  endfacet
  facet normal 0.0523274 0.99863 -0
    outer loop
      vertex 29.6297 -25.7378 2
      vertex 29.29 -25.72 7
      vertex 29.6297 -25.7378 7
    endloop
  endfacet
  facet normal 0.0523274 0.99863 0
    outer loop
      vertex 29.29 -25.72 7
      vertex 29.6297 -25.7378 2
      vertex 29.29 -25.72 2
    endloop
  endfacet
  facet normal 0.258961 -0.965888 0
    outer loop
      vertex 29.9657 -32.149 2
      vertex 30.2943 -32.0609 7
      vertex 29.9657 -32.149 7
    endloop
  endfacet
  facet normal 0.258961 -0.965888 0
    outer loop
      vertex 30.2943 -32.0609 7
      vertex 29.9657 -32.149 2
      vertex 30.2943 -32.0609 2
    endloop
  endfacet
  facet normal -0.777156 0.629308 0
    outer loop
      vertex 26.6607 -27.0597 2
      vertex 26.8748 -26.7953 7
      vertex 26.8748 -26.7953 2
    endloop
  endfacet
  facet normal -0.777156 0.629308 0
    outer loop
      vertex 26.8748 -26.7953 7
      vertex 26.6607 -27.0597 2
      vertex 26.6607 -27.0597 7
    endloop
  endfacet
  facet normal 0.891051 0.453904 0
    outer loop
      vertex 32.259 -27.6481 7
      vertex 32.1046 -27.345 2
      vertex 32.1046 -27.345 7
    endloop
  endfacet
  facet normal 0.891051 0.453904 0
    outer loop
      vertex 32.1046 -27.345 2
      vertex 32.259 -27.6481 7
      vertex 32.259 -27.6481 2
    endloop
  endfacet
  facet normal 0.777156 -0.629308 0
    outer loop
      vertex 31.7052 -31.1447 7
      vertex 31.9193 -30.8803 2
      vertex 31.9193 -30.8803 7
    endloop
  endfacet
  facet normal 0.777156 -0.629308 0
    outer loop
      vertex 31.9193 -30.8803 2
      vertex 31.7052 -31.1447 7
      vertex 31.7052 -31.1447 2
    endloop
  endfacet
  facet normal -0.838638 -0.544689 0
    outer loop
      vertex 26.6607 -30.8803 2
      vertex 26.4754 -30.595 7
      vertex 26.4754 -30.595 2
    endloop
  endfacet
  facet normal -0.838638 -0.544689 0
    outer loop
      vertex 26.4754 -30.595 7
      vertex 26.6607 -30.8803 2
      vertex 26.6607 -30.8803 7
    endloop
  endfacet
  facet normal -0.99863 -0.0523274 0
    outer loop
      vertex 26.0578 -29.3097 2
      vertex 26.04 -28.97 7
      vertex 26.04 -28.97 2
    endloop
  endfacet
  facet normal -0.99863 -0.0523274 0
    outer loop
      vertex 26.04 -28.97 7
      vertex 26.0578 -29.3097 2
      vertex 26.0578 -29.3097 7
    endloop
  endfacet
  facet normal 0.891051 -0.453904 0
    outer loop
      vertex 32.1046 -30.595 7
      vertex 32.259 -30.2919 2
      vertex 32.259 -30.2919 7
    endloop
  endfacet
  facet normal 0.891051 -0.453904 0
    outer loop
      vertex 32.259 -30.2919 2
      vertex 32.1046 -30.595 7
      vertex 32.1046 -30.595 2
    endloop
  endfacet
  facet normal 0.544689 0.838638 -0
    outer loop
      vertex 31.2003 -26.3407 2
      vertex 30.915 -26.1554 7
      vertex 31.2003 -26.3407 7
    endloop
  endfacet
  facet normal 0.544689 0.838638 0
    outer loop
      vertex 30.915 -26.1554 7
      vertex 31.2003 -26.3407 2
      vertex 30.915 -26.1554 2
    endloop
  endfacet
  facet normal 0.933595 0.358329 0
    outer loop
      vertex 32.3809 -27.9657 7
      vertex 32.259 -27.6481 2
      vertex 32.259 -27.6481 7
    endloop
  endfacet
  facet normal 0.933595 0.358329 0
    outer loop
      vertex 32.259 -27.6481 2
      vertex 32.3809 -27.9657 7
      vertex 32.3809 -27.9657 2
    endloop
  endfacet
  facet normal -0.987696 0.156385 0
    outer loop
      vertex 26.0578 -28.6303 2
      vertex 26.111 -28.2943 7
      vertex 26.111 -28.2943 2
    endloop
  endfacet
  facet normal -0.987696 0.156385 0
    outer loop
      vertex 26.111 -28.2943 7
      vertex 26.0578 -28.6303 2
      vertex 26.0578 -28.6303 7
    endloop
  endfacet
  facet normal 0.777156 0.629308 0
    outer loop
      vertex 31.9193 -27.0597 7
      vertex 31.7052 -26.7953 2
      vertex 31.7052 -26.7953 7
    endloop
  endfacet
  facet normal 0.777156 0.629308 0
    outer loop
      vertex 31.7052 -26.7953 2
      vertex 31.9193 -27.0597 7
      vertex 31.9193 -27.0597 2
    endloop
  endfacet
  facet normal -0.891051 0.453904 0
    outer loop
      vertex 26.321 -27.6481 2
      vertex 26.4754 -27.345 7
      vertex 26.4754 -27.345 2
    endloop
  endfacet
  facet normal -0.891051 0.453904 0
    outer loop
      vertex 26.4754 -27.345 7
      vertex 26.321 -27.6481 2
      vertex 26.321 -27.6481 7
    endloop
  endfacet
  facet normal -0.891051 -0.453904 0
    outer loop
      vertex 26.4754 -30.595 2
      vertex 26.321 -30.2919 7
      vertex 26.321 -30.2919 2
    endloop
  endfacet
  facet normal -0.891051 -0.453904 0
    outer loop
      vertex 26.321 -30.2919 7
      vertex 26.4754 -30.595 2
      vertex 26.4754 -30.595 7
    endloop
  endfacet
  facet normal -0.965888 -0.258961 0
    outer loop
      vertex 26.1991 -29.9743 2
      vertex 26.111 -29.6457 7
      vertex 26.111 -29.6457 2
    endloop
  endfacet
  facet normal -0.965888 -0.258961 0
    outer loop
      vertex 26.111 -29.6457 7
      vertex 26.1991 -29.9743 2
      vertex 26.1991 -29.9743 7
    endloop
  endfacet
  facet normal 0.965888 0.258961 0
    outer loop
      vertex 32.469 -28.2943 7
      vertex 32.3809 -27.9657 2
      vertex 32.3809 -27.9657 7
    endloop
  endfacet
  facet normal 0.965888 0.258961 0
    outer loop
      vertex 32.3809 -27.9657 2
      vertex 32.469 -28.2943 7
      vertex 32.469 -28.2943 2
    endloop
  endfacet
  facet normal 0.258961 0.965888 -0
    outer loop
      vertex 30.2943 -25.8791 2
      vertex 29.9657 -25.791 7
      vertex 30.2943 -25.8791 7
    endloop
  endfacet
  facet normal 0.258961 0.965888 0
    outer loop
      vertex 29.9657 -25.791 7
      vertex 30.2943 -25.8791 2
      vertex 29.9657 -25.791 2
    endloop
  endfacet
  facet normal -0.453904 -0.891051 0
    outer loop
      vertex 27.665 -31.7846 2
      vertex 27.9681 -31.939 7
      vertex 27.665 -31.7846 7
    endloop
  endfacet
  facet normal -0.453904 -0.891051 -0
    outer loop
      vertex 27.9681 -31.939 7
      vertex 27.665 -31.7846 2
      vertex 27.9681 -31.939 2
    endloop
  endfacet
  facet normal 0.358329 -0.933595 0
    outer loop
      vertex 30.2943 -32.0609 2
      vertex 30.6119 -31.939 7
      vertex 30.2943 -32.0609 7
    endloop
  endfacet
  facet normal 0.358329 -0.933595 0
    outer loop
      vertex 30.6119 -31.939 7
      vertex 30.2943 -32.0609 2
      vertex 30.6119 -31.939 2
    endloop
  endfacet
  facet normal -0.629308 -0.777156 0
    outer loop
      vertex 27.1153 -31.3852 2
      vertex 27.3797 -31.5993 7
      vertex 27.1153 -31.3852 7
    endloop
  endfacet
  facet normal -0.629308 -0.777156 -0
    outer loop
      vertex 27.3797 -31.5993 7
      vertex 27.1153 -31.3852 2
      vertex 27.3797 -31.5993 2
    endloop
  endfacet
  facet normal 0 0 1
    outer loop
      vertex 30.74 -28.97 7
      vertex 32.54 -28.97 7
      vertex 32.5222 -28.6303 7
    endloop
  endfacet
  facet normal 0 0 1
    outer loop
      vertex 30.7321 -28.8184 7
      vertex 32.5222 -28.6303 7
      vertex 32.469 -28.2943 7
    endloop
  endfacet
  facet normal 0 0 1
    outer loop
      vertex 32.54 -28.97 7
      vertex 30.74 -28.97 7
      vertex 32.5222 -29.3097 7
    endloop
  endfacet
  facet normal 0 0 1
    outer loop
      vertex 30.7083 -28.6685 7
      vertex 32.469 -28.2943 7
      vertex 32.3809 -27.9657 7
    endloop
  endfacet
  facet normal -0 0 1
    outer loop
      vertex 30.7321 -29.1216 7
      vertex 32.5222 -29.3097 7
      vertex 30.74 -28.97 7
    endloop
  endfacet
  facet normal 0 0 1
    outer loop
      vertex 30.669 -28.5219 7
      vertex 32.3809 -27.9657 7
      vertex 32.259 -27.6481 7
    endloop
  endfacet
  facet normal 0 0 1
    outer loop
      vertex 32.5222 -29.3097 7
      vertex 30.7321 -29.1216 7
      vertex 32.469 -29.6457 7
    endloop
  endfacet
  facet normal 0 0 1
    outer loop
      vertex 30.6146 -28.3802 7
      vertex 32.259 -27.6481 7
      vertex 32.1046 -27.345 7
    endloop
  endfacet
  facet normal -0 0 1
    outer loop
      vertex 30.7083 -29.2715 7
      vertex 32.469 -29.6457 7
      vertex 30.7321 -29.1216 7
    endloop
  endfacet
  facet normal 0 0 1
    outer loop
      vertex 30.5457 -28.245 7
      vertex 32.1046 -27.345 7
      vertex 31.9193 -27.0597 7
    endloop
  endfacet
  facet normal 0 0 1
    outer loop
      vertex 32.469 -29.6457 7
      vertex 30.7083 -29.2715 7
      vertex 32.3809 -29.9743 7
    endloop
  endfacet
  facet normal 0 0 1
    outer loop
      vertex 30.4631 -28.1177 7
      vertex 31.9193 -27.0597 7
      vertex 31.7052 -26.7953 7
    endloop
  endfacet
  facet normal -0 0 1
    outer loop
      vertex 30.669 -29.4181 7
      vertex 32.3809 -29.9743 7
      vertex 30.7083 -29.2715 7
    endloop
  endfacet
  facet normal 0 0 1
    outer loop
      vertex 30.3676 -27.9998 7
      vertex 31.7052 -26.7953 7
      vertex 31.4647 -26.5548 7
    endloop
  endfacet
  facet normal 0 0 1
    outer loop
      vertex 32.3809 -29.9743 7
      vertex 30.669 -29.4181 7
      vertex 32.259 -30.2919 7
    endloop
  endfacet
  facet normal 0 0 1
    outer loop
      vertex 30.2602 -27.8924 7
      vertex 31.4647 -26.5548 7
      vertex 31.2003 -26.3407 7
    endloop
  endfacet
  facet normal -0 0 1
    outer loop
      vertex 30.6146 -29.5598 7
      vertex 32.259 -30.2919 7
      vertex 30.669 -29.4181 7
    endloop
  endfacet
  facet normal 0 0 1
    outer loop
      vertex 30.1423 -27.7969 7
      vertex 31.2003 -26.3407 7
      vertex 30.915 -26.1554 7
    endloop
  endfacet
  facet normal 0 0 1
    outer loop
      vertex 32.259 -30.2919 7
      vertex 30.6146 -29.5598 7
      vertex 32.1046 -30.595 7
    endloop
  endfacet
  facet normal -0 0 1
    outer loop
      vertex 30.5457 -29.695 7
      vertex 32.1046 -30.595 7
      vertex 30.6146 -29.5598 7
    endloop
  endfacet
  facet normal 0 0 1
    outer loop
      vertex 32.5222 -28.6303 7
      vertex 30.7321 -28.8184 7
      vertex 30.74 -28.97 7
    endloop
  endfacet
  facet normal 0 0 1
    outer loop
      vertex 32.469 -28.2943 7
      vertex 30.7083 -28.6685 7
      vertex 30.7321 -28.8184 7
    endloop
  endfacet
  facet normal 0 0 1
    outer loop
      vertex 32.3809 -27.9657 7
      vertex 30.669 -28.5219 7
      vertex 30.7083 -28.6685 7
    endloop
  endfacet
  facet normal 0 0 1
    outer loop
      vertex 32.259 -27.6481 7
      vertex 30.6146 -28.3802 7
      vertex 30.669 -28.5219 7
    endloop
  endfacet
  facet normal 0 0 1
    outer loop
      vertex 30.015 -27.7143 7
      vertex 30.915 -26.1554 7
      vertex 30.6119 -26.001 7
    endloop
  endfacet
  facet normal 0 0 1
    outer loop
      vertex 32.1046 -27.345 7
      vertex 30.5457 -28.245 7
      vertex 30.6146 -28.3802 7
    endloop
  endfacet
  facet normal 0 0 1
    outer loop
      vertex 31.9193 -27.0597 7
      vertex 30.4631 -28.1177 7
      vertex 30.5457 -28.245 7
    endloop
  endfacet
  facet normal 0 0 1
    outer loop
      vertex 31.7052 -26.7953 7
      vertex 30.3676 -27.9998 7
      vertex 30.4631 -28.1177 7
    endloop
  endfacet
  facet normal 0 0 1
    outer loop
      vertex 29.8798 -27.6454 7
      vertex 30.6119 -26.001 7
      vertex 30.2943 -25.8791 7
    endloop
  endfacet
  facet normal 0 0 1
    outer loop
      vertex 31.4647 -26.5548 7
      vertex 30.2602 -27.8924 7
      vertex 30.3676 -27.9998 7
    endloop
  endfacet
  facet normal 0 0 1
    outer loop
      vertex 31.2003 -26.3407 7
      vertex 30.1423 -27.7969 7
      vertex 30.2602 -27.8924 7
    endloop
  endfacet
  facet normal 0 0 1
    outer loop
      vertex 30.915 -26.1554 7
      vertex 30.015 -27.7143 7
      vertex 30.1423 -27.7969 7
    endloop
  endfacet
  facet normal 0 0 1
    outer loop
      vertex 29.7381 -27.591 7
      vertex 30.2943 -25.8791 7
      vertex 29.9657 -25.791 7
    endloop
  endfacet
  facet normal 0 0 1
    outer loop
      vertex 30.6119 -26.001 7
      vertex 29.8798 -27.6454 7
      vertex 30.015 -27.7143 7
    endloop
  endfacet
  facet normal 0 0 1
    outer loop
      vertex 30.2943 -25.8791 7
      vertex 29.7381 -27.591 7
      vertex 29.8798 -27.6454 7
    endloop
  endfacet
  facet normal 0 0 1
    outer loop
      vertex 29.5915 -27.5517 7
      vertex 29.9657 -25.791 7
      vertex 29.6297 -25.7378 7
    endloop
  endfacet
  facet normal 0 0 1
    outer loop
      vertex 29.9657 -25.791 7
      vertex 29.5915 -27.5517 7
      vertex 29.7381 -27.591 7
    endloop
  endfacet
  facet normal 0 0 1
    outer loop
      vertex 29.6297 -25.7378 7
      vertex 29.4416 -27.5279 7
      vertex 29.5915 -27.5517 7
    endloop
  endfacet
  facet normal 0 0 1
    outer loop
      vertex 29.29 -25.72 7
      vertex 29.4416 -27.5279 7
      vertex 29.6297 -25.7378 7
    endloop
  endfacet
  facet normal 0 0 1
    outer loop
      vertex 29.29 -25.72 7
      vertex 29.29 -27.52 7
      vertex 29.4416 -27.5279 7
    endloop
  endfacet
  facet normal 0 0 1
    outer loop
      vertex 29.29 -25.72 7
      vertex 29.1384 -27.5279 7
      vertex 29.29 -27.52 7
    endloop
  endfacet
  facet normal -0 0 1
    outer loop
      vertex 28.9503 -25.7378 7
      vertex 29.1384 -27.5279 7
      vertex 29.29 -25.72 7
    endloop
  endfacet
  facet normal 0 0 1
    outer loop
      vertex 29.1384 -27.5279 7
      vertex 28.9503 -25.7378 7
      vertex 28.9885 -27.5517 7
    endloop
  endfacet
  facet normal -0 0 1
    outer loop
      vertex 28.6143 -25.791 7
      vertex 28.9885 -27.5517 7
      vertex 28.9503 -25.7378 7
    endloop
  endfacet
  facet normal 0 0 1
    outer loop
      vertex 28.9885 -27.5517 7
      vertex 28.6143 -25.791 7
      vertex 28.8419 -27.591 7
    endloop
  endfacet
  facet normal -0 0 1
    outer loop
      vertex 28.2857 -25.8791 7
      vertex 28.8419 -27.591 7
      vertex 28.6143 -25.791 7
    endloop
  endfacet
  facet normal 0 0 1
    outer loop
      vertex 28.8419 -27.591 7
      vertex 28.2857 -25.8791 7
      vertex 28.7002 -27.6454 7
    endloop
  endfacet
  facet normal -0 0 1
    outer loop
      vertex 27.9681 -26.001 7
      vertex 28.7002 -27.6454 7
      vertex 28.2857 -25.8791 7
    endloop
  endfacet
  facet normal 0 0 1
    outer loop
      vertex 28.7002 -27.6454 7
      vertex 27.9681 -26.001 7
      vertex 28.565 -27.7143 7
    endloop
  endfacet
  facet normal -0 0 1
    outer loop
      vertex 27.665 -26.1554 7
      vertex 28.565 -27.7143 7
      vertex 27.9681 -26.001 7
    endloop
  endfacet
  facet normal 0 0 1
    outer loop
      vertex 28.565 -27.7143 7
      vertex 27.665 -26.1554 7
      vertex 28.4377 -27.7969 7
    endloop
  endfacet
  facet normal -0 0 1
    outer loop
      vertex 27.3797 -26.3407 7
      vertex 28.4377 -27.7969 7
      vertex 27.665 -26.1554 7
    endloop
  endfacet
  facet normal 0 0 1
    outer loop
      vertex 28.4377 -27.7969 7
      vertex 27.3797 -26.3407 7
      vertex 28.3198 -27.8924 7
    endloop
  endfacet
  facet normal -0 0 1
    outer loop
      vertex 27.1153 -26.5548 7
      vertex 28.3198 -27.8924 7
      vertex 27.3797 -26.3407 7
    endloop
  endfacet
  facet normal 0 0 1
    outer loop
      vertex 28.3198 -27.8924 7
      vertex 27.1153 -26.5548 7
      vertex 28.2124 -27.9998 7
    endloop
  endfacet
  facet normal -0 0 1
    outer loop
      vertex 26.8748 -26.7953 7
      vertex 28.2124 -27.9998 7
      vertex 27.1153 -26.5548 7
    endloop
  endfacet
  facet normal 0 0 1
    outer loop
      vertex 28.2124 -27.9998 7
      vertex 26.8748 -26.7953 7
      vertex 28.1169 -28.1177 7
    endloop
  endfacet
  facet normal -0 0 1
    outer loop
      vertex 26.6607 -27.0597 7
      vertex 28.1169 -28.1177 7
      vertex 26.8748 -26.7953 7
    endloop
  endfacet
  facet normal 0 0 1
    outer loop
      vertex 28.1169 -28.1177 7
      vertex 26.6607 -27.0597 7
      vertex 28.0343 -28.245 7
    endloop
  endfacet
  facet normal -0 0 1
    outer loop
      vertex 26.4754 -27.345 7
      vertex 28.0343 -28.245 7
      vertex 26.6607 -27.0597 7
    endloop
  endfacet
  facet normal 0 0 1
    outer loop
      vertex 32.1046 -30.595 7
      vertex 30.5457 -29.695 7
      vertex 31.9193 -30.8803 7
    endloop
  endfacet
  facet normal -0 0 1
    outer loop
      vertex 30.4631 -29.8223 7
      vertex 31.9193 -30.8803 7
      vertex 30.5457 -29.695 7
    endloop
  endfacet
  facet normal 0 0 1
    outer loop
      vertex 31.9193 -30.8803 7
      vertex 30.4631 -29.8223 7
      vertex 31.7052 -31.1447 7
    endloop
  endfacet
  facet normal -0 0 1
    outer loop
      vertex 30.3676 -29.9402 7
      vertex 31.7052 -31.1447 7
      vertex 30.4631 -29.8223 7
    endloop
  endfacet
  facet normal 0 0 1
    outer loop
      vertex 31.7052 -31.1447 7
      vertex 30.3676 -29.9402 7
      vertex 31.4647 -31.3852 7
    endloop
  endfacet
  facet normal -0 0 1
    outer loop
      vertex 30.2602 -30.0476 7
      vertex 31.4647 -31.3852 7
      vertex 30.3676 -29.9402 7
    endloop
  endfacet
  facet normal 0 0 1
    outer loop
      vertex 31.4647 -31.3852 7
      vertex 30.2602 -30.0476 7
      vertex 31.2003 -31.5993 7
    endloop
  endfacet
  facet normal -0 0 1
    outer loop
      vertex 30.1423 -30.1431 7
      vertex 31.2003 -31.5993 7
      vertex 30.2602 -30.0476 7
    endloop
  endfacet
  facet normal 0 0 1
    outer loop
      vertex 31.2003 -31.5993 7
      vertex 30.1423 -30.1431 7
      vertex 30.915 -31.7846 7
    endloop
  endfacet
  facet normal -0 0 1
    outer loop
      vertex 30.015 -30.2257 7
      vertex 30.915 -31.7846 7
      vertex 30.1423 -30.1431 7
    endloop
  endfacet
  facet normal 0 0 1
    outer loop
      vertex 30.915 -31.7846 7
      vertex 30.015 -30.2257 7
      vertex 30.6119 -31.939 7
    endloop
  endfacet
  facet normal -0 0 1
    outer loop
      vertex 29.8798 -30.2946 7
      vertex 30.6119 -31.939 7
      vertex 30.015 -30.2257 7
    endloop
  endfacet
  facet normal 0 0 1
    outer loop
      vertex 30.6119 -31.939 7
      vertex 29.8798 -30.2946 7
      vertex 30.2943 -32.0609 7
    endloop
  endfacet
  facet normal -0 0 1
    outer loop
      vertex 29.7381 -30.349 7
      vertex 30.2943 -32.0609 7
      vertex 29.8798 -30.2946 7
    endloop
  endfacet
  facet normal 0 0 1
    outer loop
      vertex 30.2943 -32.0609 7
      vertex 29.7381 -30.349 7
      vertex 29.9657 -32.149 7
    endloop
  endfacet
  facet normal -0 0 1
    outer loop
      vertex 29.5915 -30.3883 7
      vertex 29.9657 -32.149 7
      vertex 29.7381 -30.349 7
    endloop
  endfacet
  facet normal 0 0 1
    outer loop
      vertex 29.9657 -32.149 7
      vertex 29.5915 -30.3883 7
      vertex 29.6297 -32.2022 7
    endloop
  endfacet
  facet normal -0 0 1
    outer loop
      vertex 29.4416 -30.4121 7
      vertex 29.6297 -32.2022 7
      vertex 29.5915 -30.3883 7
    endloop
  endfacet
  facet normal -0 0 1
    outer loop
      vertex 29.29 -30.42 7
      vertex 29.6297 -32.2022 7
      vertex 29.4416 -30.4121 7
    endloop
  endfacet
  facet normal 0 0 1
    outer loop
      vertex 29.29 -30.42 7
      vertex 29.29 -32.22 7
      vertex 29.6297 -32.2022 7
    endloop
  endfacet
  facet normal 0 0 1
    outer loop
      vertex 29.1384 -30.4121 7
      vertex 29.29 -32.22 7
      vertex 29.29 -30.42 7
    endloop
  endfacet
  facet normal 0 0 1
    outer loop
      vertex 28.9503 -32.2022 7
      vertex 29.1384 -30.4121 7
      vertex 28.9885 -30.3883 7
    endloop
  endfacet
  facet normal 0 0 1
    outer loop
      vertex 29.1384 -30.4121 7
      vertex 28.9503 -32.2022 7
      vertex 29.29 -32.22 7
    endloop
  endfacet
  facet normal 0 0 1
    outer loop
      vertex 28.6143 -32.149 7
      vertex 28.9885 -30.3883 7
      vertex 28.8419 -30.349 7
    endloop
  endfacet
  facet normal 0 0 1
    outer loop
      vertex 28.2857 -32.0609 7
      vertex 28.8419 -30.349 7
      vertex 28.7002 -30.2946 7
    endloop
  endfacet
  facet normal 0 0 1
    outer loop
      vertex 28.9885 -30.3883 7
      vertex 28.6143 -32.149 7
      vertex 28.9503 -32.2022 7
    endloop
  endfacet
  facet normal 0 0 1
    outer loop
      vertex 27.9681 -31.939 7
      vertex 28.7002 -30.2946 7
      vertex 28.565 -30.2257 7
    endloop
  endfacet
  facet normal 0 0 1
    outer loop
      vertex 27.665 -31.7846 7
      vertex 28.565 -30.2257 7
      vertex 28.4377 -30.1431 7
    endloop
  endfacet
  facet normal 0 0 1
    outer loop
      vertex 27.3797 -31.5993 7
      vertex 28.4377 -30.1431 7
      vertex 28.3198 -30.0476 7
    endloop
  endfacet
  facet normal 0 0 1
    outer loop
      vertex 28.8419 -30.349 7
      vertex 28.2857 -32.0609 7
      vertex 28.6143 -32.149 7
    endloop
  endfacet
  facet normal 0 0 1
    outer loop
      vertex 27.1153 -31.3852 7
      vertex 28.3198 -30.0476 7
      vertex 28.2124 -29.9402 7
    endloop
  endfacet
  facet normal 0 0 1
    outer loop
      vertex 26.8748 -31.1447 7
      vertex 28.2124 -29.9402 7
      vertex 28.1169 -29.8223 7
    endloop
  endfacet
  facet normal 0 0 1
    outer loop
      vertex 26.6607 -30.8803 7
      vertex 28.1169 -29.8223 7
      vertex 28.0343 -29.695 7
    endloop
  endfacet
  facet normal 0 0 1
    outer loop
      vertex 28.7002 -30.2946 7
      vertex 27.9681 -31.939 7
      vertex 28.2857 -32.0609 7
    endloop
  endfacet
  facet normal 0 0 1
    outer loop
      vertex 26.4754 -30.595 7
      vertex 28.0343 -29.695 7
      vertex 27.9654 -29.5598 7
    endloop
  endfacet
  facet normal 0 0 1
    outer loop
      vertex 26.321 -30.2919 7
      vertex 27.9654 -29.5598 7
      vertex 27.911 -29.4181 7
    endloop
  endfacet
  facet normal 0 0 1
    outer loop
      vertex 26.1991 -29.9743 7
      vertex 27.911 -29.4181 7
      vertex 27.8717 -29.2715 7
    endloop
  endfacet
  facet normal 0 0 1
    outer loop
      vertex 26.111 -29.6457 7
      vertex 27.8717 -29.2715 7
      vertex 27.8479 -29.1216 7
    endloop
  endfacet
  facet normal 0 0 1
    outer loop
      vertex 26.0578 -29.3097 7
      vertex 27.8479 -29.1216 7
      vertex 27.84 -28.97 7
    endloop
  endfacet
  facet normal 0 0 1
    outer loop
      vertex 28.0343 -28.245 7
      vertex 26.4754 -27.345 7
      vertex 27.9654 -28.3802 7
    endloop
  endfacet
  facet normal 0 0 1
    outer loop
      vertex 28.565 -30.2257 7
      vertex 27.665 -31.7846 7
      vertex 27.9681 -31.939 7
    endloop
  endfacet
  facet normal -0 0 1
    outer loop
      vertex 26.321 -27.6481 7
      vertex 27.9654 -28.3802 7
      vertex 26.4754 -27.345 7
    endloop
  endfacet
  facet normal 0 0 1
    outer loop
      vertex 28.4377 -30.1431 7
      vertex 27.3797 -31.5993 7
      vertex 27.665 -31.7846 7
    endloop
  endfacet
  facet normal 0 0 1
    outer loop
      vertex 27.9654 -28.3802 7
      vertex 26.321 -27.6481 7
      vertex 27.911 -28.5219 7
    endloop
  endfacet
  facet normal 0 0 1
    outer loop
      vertex 28.3198 -30.0476 7
      vertex 27.1153 -31.3852 7
      vertex 27.3797 -31.5993 7
    endloop
  endfacet
  facet normal -0 0 1
    outer loop
      vertex 26.1991 -27.9657 7
      vertex 27.911 -28.5219 7
      vertex 26.321 -27.6481 7
    endloop
  endfacet
  facet normal 0 0 1
    outer loop
      vertex 28.2124 -29.9402 7
      vertex 26.8748 -31.1447 7
      vertex 27.1153 -31.3852 7
    endloop
  endfacet
  facet normal 0 0 1
    outer loop
      vertex 27.911 -28.5219 7
      vertex 26.1991 -27.9657 7
      vertex 27.8717 -28.6685 7
    endloop
  endfacet
  facet normal 0 0 1
    outer loop
      vertex 28.1169 -29.8223 7
      vertex 26.6607 -30.8803 7
      vertex 26.8748 -31.1447 7
    endloop
  endfacet
  facet normal -0 0 1
    outer loop
      vertex 26.111 -28.2943 7
      vertex 27.8717 -28.6685 7
      vertex 26.1991 -27.9657 7
    endloop
  endfacet
  facet normal 0 0 1
    outer loop
      vertex 28.0343 -29.695 7
      vertex 26.4754 -30.595 7
      vertex 26.6607 -30.8803 7
    endloop
  endfacet
  facet normal 0 0 1
    outer loop
      vertex 27.8717 -28.6685 7
      vertex 26.111 -28.2943 7
      vertex 27.8479 -28.8184 7
    endloop
  endfacet
  facet normal 0 0 1
    outer loop
      vertex 27.9654 -29.5598 7
      vertex 26.321 -30.2919 7
      vertex 26.4754 -30.595 7
    endloop
  endfacet
  facet normal -0 0 1
    outer loop
      vertex 26.0578 -28.6303 7
      vertex 27.8479 -28.8184 7
      vertex 26.111 -28.2943 7
    endloop
  endfacet
  facet normal 0 0 1
    outer loop
      vertex 27.911 -29.4181 7
      vertex 26.1991 -29.9743 7
      vertex 26.321 -30.2919 7
    endloop
  endfacet
  facet normal 0 0 1
    outer loop
      vertex 27.8479 -28.8184 7
      vertex 26.0578 -28.6303 7
      vertex 27.84 -28.97 7
    endloop
  endfacet
  facet normal 0 0 1
    outer loop
      vertex 27.8717 -29.2715 7
      vertex 26.111 -29.6457 7
      vertex 26.1991 -29.9743 7
    endloop
  endfacet
  facet normal 0 0 1
    outer loop
      vertex 26.04 -28.97 7
      vertex 27.84 -28.97 7
      vertex 26.0578 -28.6303 7
    endloop
  endfacet
  facet normal 0 0 1
    outer loop
      vertex 27.8479 -29.1216 7
      vertex 26.0578 -29.3097 7
      vertex 26.111 -29.6457 7
    endloop
  endfacet
  facet normal 0 0 1
    outer loop
      vertex 27.84 -28.97 7
      vertex 26.04 -28.97 7
      vertex 26.0578 -29.3097 7
    endloop
  endfacet
  facet normal -0.99863 0.0523274 0
    outer loop
      vertex 26.04 -28.97 2
      vertex 26.0578 -28.6303 7
      vertex 26.0578 -28.6303 2
    endloop
  endfacet
  facet normal -0.99863 0.0523274 0
    outer loop
      vertex 26.0578 -28.6303 7
      vertex 26.04 -28.97 2
      vertex 26.04 -28.97 7
    endloop
  endfacet
  facet normal -0.707107 -0.707107 0
    outer loop
      vertex 26.8748 -31.1447 2
      vertex 27.1153 -31.3852 7
      vertex 26.8748 -31.1447 7
    endloop
  endfacet
  facet normal -0.707107 -0.707107 -0
    outer loop
      vertex 27.1153 -31.3852 7
      vertex 26.8748 -31.1447 2
      vertex 27.1153 -31.3852 2
    endloop
  endfacet
  facet normal -0.838638 0.544689 0
    outer loop
      vertex 26.4754 -27.345 2
      vertex 26.6607 -27.0597 7
      vertex 26.6607 -27.0597 2
    endloop
  endfacet
  facet normal -0.838638 0.544689 0
    outer loop
      vertex 26.6607 -27.0597 7
      vertex 26.4754 -27.345 2
      vertex 26.4754 -27.345 7
    endloop
  endfacet
  facet normal -0.933595 0.358329 0
    outer loop
      vertex 26.1991 -27.9657 2
      vertex 26.321 -27.6481 7
      vertex 26.321 -27.6481 2
    endloop
  endfacet
  facet normal -0.933595 0.358329 0
    outer loop
      vertex 26.321 -27.6481 7
      vertex 26.1991 -27.9657 2
      vertex 26.1991 -27.9657 7
    endloop
  endfacet
  facet normal -0.544689 0.838638 0
    outer loop
      vertex 27.665 -26.1554 2
      vertex 27.3797 -26.3407 7
      vertex 27.665 -26.1554 7
    endloop
  endfacet
  facet normal -0.544689 0.838638 0
    outer loop
      vertex 27.3797 -26.3407 7
      vertex 27.665 -26.1554 2
      vertex 27.3797 -26.3407 2
    endloop
  endfacet
  facet normal 0.0523274 -0.99863 0
    outer loop
      vertex 29.29 -32.22 2
      vertex 29.6297 -32.2022 7
      vertex 29.29 -32.22 7
    endloop
  endfacet
  facet normal 0.0523274 -0.99863 0
    outer loop
      vertex 29.6297 -32.2022 7
      vertex 29.29 -32.22 2
      vertex 29.6297 -32.2022 2
    endloop
  endfacet
  facet normal -0.965888 0.258961 0
    outer loop
      vertex 26.111 -28.2943 2
      vertex 26.1991 -27.9657 7
      vertex 26.1991 -27.9657 2
    endloop
  endfacet
  facet normal -0.965888 0.258961 0
    outer loop
      vertex 26.1991 -27.9657 7
      vertex 26.111 -28.2943 2
      vertex 26.111 -28.2943 7
    endloop
  endfacet
  facet normal -0.258961 -0.965888 0
    outer loop
      vertex 28.2857 -32.0609 2
      vertex 28.6143 -32.149 7
      vertex 28.2857 -32.0609 7
    endloop
  endfacet
  facet normal -0.258961 -0.965888 -0
    outer loop
      vertex 28.6143 -32.149 7
      vertex 28.2857 -32.0609 2
      vertex 28.6143 -32.149 2
    endloop
  endfacet
  facet normal -0.358329 -0.933595 0
    outer loop
      vertex 27.9681 -31.939 2
      vertex 28.2857 -32.0609 7
      vertex 27.9681 -31.939 7
    endloop
  endfacet
  facet normal -0.358329 -0.933595 -0
    outer loop
      vertex 28.2857 -32.0609 7
      vertex 27.9681 -31.939 2
      vertex 28.2857 -32.0609 2
    endloop
  endfacet
  facet normal -0.965888 -0.258961 0
    outer loop
      vertex 26.1991 27.9657 2
      vertex 26.111 28.2943 7
      vertex 26.111 28.2943 2
    endloop
  endfacet
  facet normal -0.965888 -0.258961 0
    outer loop
      vertex 26.111 28.2943 7
      vertex 26.1991 27.9657 2
      vertex 26.1991 27.9657 7
    endloop
  endfacet
  facet normal 0.987696 0.156385 0
    outer loop
      vertex 32.5222 29.3097 7
      vertex 32.469 29.6457 2
      vertex 32.469 29.6457 7
    endloop
  endfacet
  facet normal 0.987696 0.156385 0
    outer loop
      vertex 32.469 29.6457 2
      vertex 32.5222 29.3097 7
      vertex 32.5222 29.3097 2
    endloop
  endfacet
  facet normal 0.99863 0.0523274 0
    outer loop
      vertex 32.54 28.97 7
      vertex 32.5222 29.3097 2
      vertex 32.5222 29.3097 7
    endloop
  endfacet
  facet normal 0.99863 0.0523274 0
    outer loop
      vertex 32.5222 29.3097 2
      vertex 32.54 28.97 7
      vertex 32.54 28.97 2
    endloop
  endfacet
  facet normal 0.0523274 0.99863 -0
    outer loop
      vertex 29.6297 32.2022 2
      vertex 29.29 32.22 7
      vertex 29.6297 32.2022 7
    endloop
  endfacet
  facet normal 0.0523274 0.99863 0
    outer loop
      vertex 29.29 32.22 7
      vertex 29.6297 32.2022 2
      vertex 29.29 32.22 2
    endloop
  endfacet
  facet normal 0.258961 0.965888 -0
    outer loop
      vertex 30.2943 32.0609 2
      vertex 29.9657 32.149 7
      vertex 30.2943 32.0609 7
    endloop
  endfacet
  facet normal 0.258961 0.965888 0
    outer loop
      vertex 29.9657 32.149 7
      vertex 30.2943 32.0609 2
      vertex 29.9657 32.149 2
    endloop
  endfacet
  facet normal 0.838638 0.544689 0
    outer loop
      vertex 32.1046 30.595 7
      vertex 31.9193 30.8803 2
      vertex 31.9193 30.8803 7
    endloop
  endfacet
  facet normal 0.838638 0.544689 0
    outer loop
      vertex 31.9193 30.8803 2
      vertex 32.1046 30.595 7
      vertex 32.1046 30.595 2
    endloop
  endfacet
  facet normal 0.987696 -0.156385 0
    outer loop
      vertex 32.469 28.2943 7
      vertex 32.5222 28.6303 2
      vertex 32.5222 28.6303 7
    endloop
  endfacet
  facet normal 0.987696 -0.156385 0
    outer loop
      vertex 32.5222 28.6303 2
      vertex 32.469 28.2943 7
      vertex 32.469 28.2943 2
    endloop
  endfacet
  facet normal -0.777156 -0.629308 0
    outer loop
      vertex 26.8748 26.7953 2
      vertex 26.6607 27.0597 7
      vertex 26.6607 27.0597 2
    endloop
  endfacet
  facet normal -0.777156 -0.629308 0
    outer loop
      vertex 26.6607 27.0597 7
      vertex 26.8748 26.7953 2
      vertex 26.8748 26.7953 7
    endloop
  endfacet
  facet normal 0.629308 -0.777156 0
    outer loop
      vertex 31.2003 26.3407 2
      vertex 31.4647 26.5548 7
      vertex 31.2003 26.3407 7
    endloop
  endfacet
  facet normal 0.629308 -0.777156 0
    outer loop
      vertex 31.4647 26.5548 7
      vertex 31.2003 26.3407 2
      vertex 31.4647 26.5548 2
    endloop
  endfacet
  facet normal 0.453904 0.891051 -0
    outer loop
      vertex 30.915 31.7846 2
      vertex 30.6119 31.939 7
      vertex 30.915 31.7846 7
    endloop
  endfacet
  facet normal 0.453904 0.891051 0
    outer loop
      vertex 30.6119 31.939 7
      vertex 30.915 31.7846 2
      vertex 30.6119 31.939 2
    endloop
  endfacet
  facet normal 0.933595 0.358329 0
    outer loop
      vertex 32.3809 29.9743 7
      vertex 32.259 30.2919 2
      vertex 32.259 30.2919 7
    endloop
  endfacet
  facet normal 0.933595 0.358329 0
    outer loop
      vertex 32.259 30.2919 2
      vertex 32.3809 29.9743 7
      vertex 32.3809 29.9743 2
    endloop
  endfacet
  facet normal -0.544689 0.838638 0
    outer loop
      vertex 27.665 31.7846 2
      vertex 27.3797 31.5993 7
      vertex 27.665 31.7846 7
    endloop
  endfacet
  facet normal -0.544689 0.838638 0
    outer loop
      vertex 27.3797 31.5993 7
      vertex 27.665 31.7846 2
      vertex 27.3797 31.5993 2
    endloop
  endfacet
  facet normal 0.629308 0.777156 -0
    outer loop
      vertex 31.4647 31.3852 2
      vertex 31.2003 31.5993 7
      vertex 31.4647 31.3852 7
    endloop
  endfacet
  facet normal 0.629308 0.777156 0
    outer loop
      vertex 31.2003 31.5993 7
      vertex 31.4647 31.3852 2
      vertex 31.2003 31.5993 2
    endloop
  endfacet
  facet normal -0.933595 0.358329 0
    outer loop
      vertex 26.1991 29.9743 2
      vertex 26.321 30.2919 7
      vertex 26.321 30.2919 2
    endloop
  endfacet
  facet normal -0.933595 0.358329 0
    outer loop
      vertex 26.321 30.2919 7
      vertex 26.1991 29.9743 2
      vertex 26.1991 29.9743 7
    endloop
  endfacet
  facet normal -0.99863 0.0523274 0
    outer loop
      vertex 26.04 28.97 2
      vertex 26.0578 29.3097 7
      vertex 26.0578 29.3097 2
    endloop
  endfacet
  facet normal -0.99863 0.0523274 0
    outer loop
      vertex 26.0578 29.3097 7
      vertex 26.04 28.97 2
      vertex 26.04 28.97 7
    endloop
  endfacet
  facet normal -0.358329 -0.933595 0
    outer loop
      vertex 27.9681 26.001 2
      vertex 28.2857 25.8791 7
      vertex 27.9681 26.001 7
    endloop
  endfacet
  facet normal -0.358329 -0.933595 -0
    outer loop
      vertex 28.2857 25.8791 7
      vertex 27.9681 26.001 2
      vertex 28.2857 25.8791 2
    endloop
  endfacet
  facet normal 0 0 1
    outer loop
      vertex 30.74 28.97 7
      vertex 32.54 28.97 7
      vertex 32.5222 29.3097 7
    endloop
  endfacet
  facet normal 0 0 1
    outer loop
      vertex 30.7321 29.1216 7
      vertex 32.5222 29.3097 7
      vertex 32.469 29.6457 7
    endloop
  endfacet
  facet normal 0 0 1
    outer loop
      vertex 32.54 28.97 7
      vertex 30.74 28.97 7
      vertex 32.5222 28.6303 7
    endloop
  endfacet
  facet normal 0 0 1
    outer loop
      vertex 30.7083 29.2715 7
      vertex 32.469 29.6457 7
      vertex 32.3809 29.9743 7
    endloop
  endfacet
  facet normal -0 0 1
    outer loop
      vertex 30.7321 28.8184 7
      vertex 32.5222 28.6303 7
      vertex 30.74 28.97 7
    endloop
  endfacet
  facet normal 0 0 1
    outer loop
      vertex 30.669 29.4181 7
      vertex 32.3809 29.9743 7
      vertex 32.259 30.2919 7
    endloop
  endfacet
  facet normal 0 0 1
    outer loop
      vertex 32.5222 28.6303 7
      vertex 30.7321 28.8184 7
      vertex 32.469 28.2943 7
    endloop
  endfacet
  facet normal 0 0 1
    outer loop
      vertex 30.6146 29.5598 7
      vertex 32.259 30.2919 7
      vertex 32.1046 30.595 7
    endloop
  endfacet
  facet normal -0 0 1
    outer loop
      vertex 30.7083 28.6685 7
      vertex 32.469 28.2943 7
      vertex 30.7321 28.8184 7
    endloop
  endfacet
  facet normal 0 0 1
    outer loop
      vertex 30.5457 29.695 7
      vertex 32.1046 30.595 7
      vertex 31.9193 30.8803 7
    endloop
  endfacet
  facet normal 0 0 1
    outer loop
      vertex 32.469 28.2943 7
      vertex 30.7083 28.6685 7
      vertex 32.3809 27.9657 7
    endloop
  endfacet
  facet normal 0 0 1
    outer loop
      vertex 30.4631 29.8223 7
      vertex 31.9193 30.8803 7
      vertex 31.7052 31.1447 7
    endloop
  endfacet
  facet normal -0 0 1
    outer loop
      vertex 30.669 28.5219 7
      vertex 32.3809 27.9657 7
      vertex 30.7083 28.6685 7
    endloop
  endfacet
  facet normal 0 0 1
    outer loop
      vertex 30.3676 29.9402 7
      vertex 31.7052 31.1447 7
      vertex 31.4647 31.3852 7
    endloop
  endfacet
  facet normal 0 0 1
    outer loop
      vertex 32.3809 27.9657 7
      vertex 30.669 28.5219 7
      vertex 32.259 27.6481 7
    endloop
  endfacet
  facet normal 0 0 1
    outer loop
      vertex 30.2602 30.0476 7
      vertex 31.4647 31.3852 7
      vertex 31.2003 31.5993 7
    endloop
  endfacet
  facet normal -0 0 1
    outer loop
      vertex 30.6146 28.3802 7
      vertex 32.259 27.6481 7
      vertex 30.669 28.5219 7
    endloop
  endfacet
  facet normal 0 0 1
    outer loop
      vertex 30.1423 30.1431 7
      vertex 31.2003 31.5993 7
      vertex 30.915 31.7846 7
    endloop
  endfacet
  facet normal 0 0 1
    outer loop
      vertex 32.259 27.6481 7
      vertex 30.6146 28.3802 7
      vertex 32.1046 27.345 7
    endloop
  endfacet
  facet normal -0 0 1
    outer loop
      vertex 30.5457 28.245 7
      vertex 32.1046 27.345 7
      vertex 30.6146 28.3802 7
    endloop
  endfacet
  facet normal 0 0 1
    outer loop
      vertex 32.5222 29.3097 7
      vertex 30.7321 29.1216 7
      vertex 30.74 28.97 7
    endloop
  endfacet
  facet normal 0 0 1
    outer loop
      vertex 32.469 29.6457 7
      vertex 30.7083 29.2715 7
      vertex 30.7321 29.1216 7
    endloop
  endfacet
  facet normal 0 0 1
    outer loop
      vertex 32.3809 29.9743 7
      vertex 30.669 29.4181 7
      vertex 30.7083 29.2715 7
    endloop
  endfacet
  facet normal 0 0 1
    outer loop
      vertex 32.259 30.2919 7
      vertex 30.6146 29.5598 7
      vertex 30.669 29.4181 7
    endloop
  endfacet
  facet normal 0 0 1
    outer loop
      vertex 30.015 30.2257 7
      vertex 30.915 31.7846 7
      vertex 30.6119 31.939 7
    endloop
  endfacet
  facet normal 0 0 1
    outer loop
      vertex 32.1046 30.595 7
      vertex 30.5457 29.695 7
      vertex 30.6146 29.5598 7
    endloop
  endfacet
  facet normal 0 0 1
    outer loop
      vertex 31.9193 30.8803 7
      vertex 30.4631 29.8223 7
      vertex 30.5457 29.695 7
    endloop
  endfacet
  facet normal 0 0 1
    outer loop
      vertex 31.7052 31.1447 7
      vertex 30.3676 29.9402 7
      vertex 30.4631 29.8223 7
    endloop
  endfacet
  facet normal 0 0 1
    outer loop
      vertex 29.8798 30.2946 7
      vertex 30.6119 31.939 7
      vertex 30.2943 32.0609 7
    endloop
  endfacet
  facet normal 0 0 1
    outer loop
      vertex 31.4647 31.3852 7
      vertex 30.2602 30.0476 7
      vertex 30.3676 29.9402 7
    endloop
  endfacet
  facet normal 0 0 1
    outer loop
      vertex 31.2003 31.5993 7
      vertex 30.1423 30.1431 7
      vertex 30.2602 30.0476 7
    endloop
  endfacet
  facet normal 0 0 1
    outer loop
      vertex 30.915 31.7846 7
      vertex 30.015 30.2257 7
      vertex 30.1423 30.1431 7
    endloop
  endfacet
  facet normal 0 0 1
    outer loop
      vertex 29.7381 30.349 7
      vertex 30.2943 32.0609 7
      vertex 29.9657 32.149 7
    endloop
  endfacet
  facet normal 0 0 1
    outer loop
      vertex 30.6119 31.939 7
      vertex 29.8798 30.2946 7
      vertex 30.015 30.2257 7
    endloop
  endfacet
  facet normal 0 0 1
    outer loop
      vertex 30.2943 32.0609 7
      vertex 29.7381 30.349 7
      vertex 29.8798 30.2946 7
    endloop
  endfacet
  facet normal 0 0 1
    outer loop
      vertex 29.5915 30.3883 7
      vertex 29.9657 32.149 7
      vertex 29.6297 32.2022 7
    endloop
  endfacet
  facet normal 0 0 1
    outer loop
      vertex 29.9657 32.149 7
      vertex 29.5915 30.3883 7
      vertex 29.7381 30.349 7
    endloop
  endfacet
  facet normal 0 0 1
    outer loop
      vertex 29.6297 32.2022 7
      vertex 29.4416 30.4121 7
      vertex 29.5915 30.3883 7
    endloop
  endfacet
  facet normal 0 0 1
    outer loop
      vertex 29.29 32.22 7
      vertex 29.4416 30.4121 7
      vertex 29.6297 32.2022 7
    endloop
  endfacet
  facet normal 0 0 1
    outer loop
      vertex 29.29 32.22 7
      vertex 29.29 30.42 7
      vertex 29.4416 30.4121 7
    endloop
  endfacet
  facet normal 0 0 1
    outer loop
      vertex 29.29 32.22 7
      vertex 29.1384 30.4121 7
      vertex 29.29 30.42 7
    endloop
  endfacet
  facet normal -0 0 1
    outer loop
      vertex 28.9503 32.2022 7
      vertex 29.1384 30.4121 7
      vertex 29.29 32.22 7
    endloop
  endfacet
  facet normal 0 0 1
    outer loop
      vertex 29.1384 30.4121 7
      vertex 28.9503 32.2022 7
      vertex 28.9885 30.3883 7
    endloop
  endfacet
  facet normal -0 0 1
    outer loop
      vertex 28.6143 32.149 7
      vertex 28.9885 30.3883 7
      vertex 28.9503 32.2022 7
    endloop
  endfacet
  facet normal 0 0 1
    outer loop
      vertex 28.9885 30.3883 7
      vertex 28.6143 32.149 7
      vertex 28.8419 30.349 7
    endloop
  endfacet
  facet normal -0 0 1
    outer loop
      vertex 28.2857 32.0609 7
      vertex 28.8419 30.349 7
      vertex 28.6143 32.149 7
    endloop
  endfacet
  facet normal 0 0 1
    outer loop
      vertex 28.8419 30.349 7
      vertex 28.2857 32.0609 7
      vertex 28.7002 30.2946 7
    endloop
  endfacet
  facet normal -0 0 1
    outer loop
      vertex 27.9681 31.939 7
      vertex 28.7002 30.2946 7
      vertex 28.2857 32.0609 7
    endloop
  endfacet
  facet normal 0 0 1
    outer loop
      vertex 28.7002 30.2946 7
      vertex 27.9681 31.939 7
      vertex 28.565 30.2257 7
    endloop
  endfacet
  facet normal -0 0 1
    outer loop
      vertex 27.665 31.7846 7
      vertex 28.565 30.2257 7
      vertex 27.9681 31.939 7
    endloop
  endfacet
  facet normal 0 0 1
    outer loop
      vertex 28.565 30.2257 7
      vertex 27.665 31.7846 7
      vertex 28.4377 30.1431 7
    endloop
  endfacet
  facet normal -0 0 1
    outer loop
      vertex 27.3797 31.5993 7
      vertex 28.4377 30.1431 7
      vertex 27.665 31.7846 7
    endloop
  endfacet
  facet normal 0 0 1
    outer loop
      vertex 28.4377 30.1431 7
      vertex 27.3797 31.5993 7
      vertex 28.3198 30.0476 7
    endloop
  endfacet
  facet normal -0 0 1
    outer loop
      vertex 27.1153 31.3852 7
      vertex 28.3198 30.0476 7
      vertex 27.3797 31.5993 7
    endloop
  endfacet
  facet normal 0 0 1
    outer loop
      vertex 28.3198 30.0476 7
      vertex 27.1153 31.3852 7
      vertex 28.2124 29.9402 7
    endloop
  endfacet
  facet normal -0 0 1
    outer loop
      vertex 26.8748 31.1447 7
      vertex 28.2124 29.9402 7
      vertex 27.1153 31.3852 7
    endloop
  endfacet
  facet normal 0 0 1
    outer loop
      vertex 28.2124 29.9402 7
      vertex 26.8748 31.1447 7
      vertex 28.1169 29.8223 7
    endloop
  endfacet
  facet normal -0 0 1
    outer loop
      vertex 26.6607 30.8803 7
      vertex 28.1169 29.8223 7
      vertex 26.8748 31.1447 7
    endloop
  endfacet
  facet normal 0 0 1
    outer loop
      vertex 28.1169 29.8223 7
      vertex 26.6607 30.8803 7
      vertex 28.0343 29.695 7
    endloop
  endfacet
  facet normal -0 0 1
    outer loop
      vertex 26.4754 30.595 7
      vertex 28.0343 29.695 7
      vertex 26.6607 30.8803 7
    endloop
  endfacet
  facet normal 0 0 1
    outer loop
      vertex 32.1046 27.345 7
      vertex 30.5457 28.245 7
      vertex 31.9193 27.0597 7
    endloop
  endfacet
  facet normal -0 0 1
    outer loop
      vertex 30.4631 28.1177 7
      vertex 31.9193 27.0597 7
      vertex 30.5457 28.245 7
    endloop
  endfacet
  facet normal 0 0 1
    outer loop
      vertex 31.9193 27.0597 7
      vertex 30.4631 28.1177 7
      vertex 31.7052 26.7953 7
    endloop
  endfacet
  facet normal -0 0 1
    outer loop
      vertex 30.3676 27.9998 7
      vertex 31.7052 26.7953 7
      vertex 30.4631 28.1177 7
    endloop
  endfacet
  facet normal 0 0 1
    outer loop
      vertex 31.7052 26.7953 7
      vertex 30.3676 27.9998 7
      vertex 31.4647 26.5548 7
    endloop
  endfacet
  facet normal -0 0 1
    outer loop
      vertex 30.2602 27.8924 7
      vertex 31.4647 26.5548 7
      vertex 30.3676 27.9998 7
    endloop
  endfacet
  facet normal 0 0 1
    outer loop
      vertex 31.4647 26.5548 7
      vertex 30.2602 27.8924 7
      vertex 31.2003 26.3407 7
    endloop
  endfacet
  facet normal -0 0 1
    outer loop
      vertex 30.1423 27.7969 7
      vertex 31.2003 26.3407 7
      vertex 30.2602 27.8924 7
    endloop
  endfacet
  facet normal 0 0 1
    outer loop
      vertex 31.2003 26.3407 7
      vertex 30.1423 27.7969 7
      vertex 30.915 26.1554 7
    endloop
  endfacet
  facet normal -0 0 1
    outer loop
      vertex 30.015 27.7143 7
      vertex 30.915 26.1554 7
      vertex 30.1423 27.7969 7
    endloop
  endfacet
  facet normal 0 0 1
    outer loop
      vertex 30.915 26.1554 7
      vertex 30.015 27.7143 7
      vertex 30.6119 26.001 7
    endloop
  endfacet
  facet normal -0 0 1
    outer loop
      vertex 29.8798 27.6454 7
      vertex 30.6119 26.001 7
      vertex 30.015 27.7143 7
    endloop
  endfacet
  facet normal 0 0 1
    outer loop
      vertex 30.6119 26.001 7
      vertex 29.8798 27.6454 7
      vertex 30.2943 25.8791 7
    endloop
  endfacet
  facet normal -0 0 1
    outer loop
      vertex 29.7381 27.591 7
      vertex 30.2943 25.8791 7
      vertex 29.8798 27.6454 7
    endloop
  endfacet
  facet normal 0 0 1
    outer loop
      vertex 30.2943 25.8791 7
      vertex 29.7381 27.591 7
      vertex 29.9657 25.791 7
    endloop
  endfacet
  facet normal -0 0 1
    outer loop
      vertex 29.5915 27.5517 7
      vertex 29.9657 25.791 7
      vertex 29.7381 27.591 7
    endloop
  endfacet
  facet normal 0 0 1
    outer loop
      vertex 29.9657 25.791 7
      vertex 29.5915 27.5517 7
      vertex 29.6297 25.7378 7
    endloop
  endfacet
  facet normal -0 0 1
    outer loop
      vertex 29.4416 27.5279 7
      vertex 29.6297 25.7378 7
      vertex 29.5915 27.5517 7
    endloop
  endfacet
  facet normal -0 0 1
    outer loop
      vertex 29.29 27.52 7
      vertex 29.6297 25.7378 7
      vertex 29.4416 27.5279 7
    endloop
  endfacet
  facet normal 0 0 1
    outer loop
      vertex 29.29 27.52 7
      vertex 29.29 25.72 7
      vertex 29.6297 25.7378 7
    endloop
  endfacet
  facet normal 0 0 1
    outer loop
      vertex 29.1384 27.5279 7
      vertex 29.29 25.72 7
      vertex 29.29 27.52 7
    endloop
  endfacet
  facet normal 0 0 1
    outer loop
      vertex 28.9503 25.7378 7
      vertex 29.1384 27.5279 7
      vertex 28.9885 27.5517 7
    endloop
  endfacet
  facet normal 0 0 1
    outer loop
      vertex 29.1384 27.5279 7
      vertex 28.9503 25.7378 7
      vertex 29.29 25.72 7
    endloop
  endfacet
  facet normal 0 0 1
    outer loop
      vertex 28.6143 25.791 7
      vertex 28.9885 27.5517 7
      vertex 28.8419 27.591 7
    endloop
  endfacet
  facet normal 0 0 1
    outer loop
      vertex 28.2857 25.8791 7
      vertex 28.8419 27.591 7
      vertex 28.7002 27.6454 7
    endloop
  endfacet
  facet normal 0 0 1
    outer loop
      vertex 28.9885 27.5517 7
      vertex 28.6143 25.791 7
      vertex 28.9503 25.7378 7
    endloop
  endfacet
  facet normal 0 0 1
    outer loop
      vertex 27.9681 26.001 7
      vertex 28.7002 27.6454 7
      vertex 28.565 27.7143 7
    endloop
  endfacet
  facet normal 0 0 1
    outer loop
      vertex 27.665 26.1554 7
      vertex 28.565 27.7143 7
      vertex 28.4377 27.7969 7
    endloop
  endfacet
  facet normal 0 0 1
    outer loop
      vertex 27.3797 26.3407 7
      vertex 28.4377 27.7969 7
      vertex 28.3198 27.8924 7
    endloop
  endfacet
  facet normal 0 0 1
    outer loop
      vertex 28.8419 27.591 7
      vertex 28.2857 25.8791 7
      vertex 28.6143 25.791 7
    endloop
  endfacet
  facet normal 0 0 1
    outer loop
      vertex 27.1153 26.5548 7
      vertex 28.3198 27.8924 7
      vertex 28.2124 27.9998 7
    endloop
  endfacet
  facet normal 0 0 1
    outer loop
      vertex 26.8748 26.7953 7
      vertex 28.2124 27.9998 7
      vertex 28.1169 28.1177 7
    endloop
  endfacet
  facet normal 0 0 1
    outer loop
      vertex 26.6607 27.0597 7
      vertex 28.1169 28.1177 7
      vertex 28.0343 28.245 7
    endloop
  endfacet
  facet normal 0 0 1
    outer loop
      vertex 28.7002 27.6454 7
      vertex 27.9681 26.001 7
      vertex 28.2857 25.8791 7
    endloop
  endfacet
  facet normal 0 0 1
    outer loop
      vertex 26.4754 27.345 7
      vertex 28.0343 28.245 7
      vertex 27.9654 28.3802 7
    endloop
  endfacet
  facet normal 0 0 1
    outer loop
      vertex 26.321 27.6481 7
      vertex 27.9654 28.3802 7
      vertex 27.911 28.5219 7
    endloop
  endfacet
  facet normal 0 0 1
    outer loop
      vertex 26.1991 27.9657 7
      vertex 27.911 28.5219 7
      vertex 27.8717 28.6685 7
    endloop
  endfacet
  facet normal 0 0 1
    outer loop
      vertex 26.111 28.2943 7
      vertex 27.8717 28.6685 7
      vertex 27.8479 28.8184 7
    endloop
  endfacet
  facet normal 0 0 1
    outer loop
      vertex 26.0578 28.6303 7
      vertex 27.8479 28.8184 7
      vertex 27.84 28.97 7
    endloop
  endfacet
  facet normal 0 0 1
    outer loop
      vertex 28.0343 29.695 7
      vertex 26.4754 30.595 7
      vertex 27.9654 29.5598 7
    endloop
  endfacet
  facet normal 0 0 1
    outer loop
      vertex 28.565 27.7143 7
      vertex 27.665 26.1554 7
      vertex 27.9681 26.001 7
    endloop
  endfacet
  facet normal -0 0 1
    outer loop
      vertex 26.321 30.2919 7
      vertex 27.9654 29.5598 7
      vertex 26.4754 30.595 7
    endloop
  endfacet
  facet normal 0 0 1
    outer loop
      vertex 28.4377 27.7969 7
      vertex 27.3797 26.3407 7
      vertex 27.665 26.1554 7
    endloop
  endfacet
  facet normal 0 0 1
    outer loop
      vertex 27.9654 29.5598 7
      vertex 26.321 30.2919 7
      vertex 27.911 29.4181 7
    endloop
  endfacet
  facet normal 0 0 1
    outer loop
      vertex 28.3198 27.8924 7
      vertex 27.1153 26.5548 7
      vertex 27.3797 26.3407 7
    endloop
  endfacet
  facet normal -0 0 1
    outer loop
      vertex 26.1991 29.9743 7
      vertex 27.911 29.4181 7
      vertex 26.321 30.2919 7
    endloop
  endfacet
  facet normal 0 0 1
    outer loop
      vertex 28.2124 27.9998 7
      vertex 26.8748 26.7953 7
      vertex 27.1153 26.5548 7
    endloop
  endfacet
  facet normal 0 0 1
    outer loop
      vertex 27.911 29.4181 7
      vertex 26.1991 29.9743 7
      vertex 27.8717 29.2715 7
    endloop
  endfacet
  facet normal 0 0 1
    outer loop
      vertex 28.1169 28.1177 7
      vertex 26.6607 27.0597 7
      vertex 26.8748 26.7953 7
    endloop
  endfacet
  facet normal -0 0 1
    outer loop
      vertex 26.111 29.6457 7
      vertex 27.8717 29.2715 7
      vertex 26.1991 29.9743 7
    endloop
  endfacet
  facet normal 0 0 1
    outer loop
      vertex 28.0343 28.245 7
      vertex 26.4754 27.345 7
      vertex 26.6607 27.0597 7
    endloop
  endfacet
  facet normal 0 0 1
    outer loop
      vertex 27.8717 29.2715 7
      vertex 26.111 29.6457 7
      vertex 27.8479 29.1216 7
    endloop
  endfacet
  facet normal 0 0 1
    outer loop
      vertex 27.9654 28.3802 7
      vertex 26.321 27.6481 7
      vertex 26.4754 27.345 7
    endloop
  endfacet
  facet normal -0 0 1
    outer loop
      vertex 26.0578 29.3097 7
      vertex 27.8479 29.1216 7
      vertex 26.111 29.6457 7
    endloop
  endfacet
  facet normal 0 0 1
    outer loop
      vertex 27.911 28.5219 7
      vertex 26.1991 27.9657 7
      vertex 26.321 27.6481 7
    endloop
  endfacet
  facet normal 0 0 1
    outer loop
      vertex 27.8479 29.1216 7
      vertex 26.0578 29.3097 7
      vertex 27.84 28.97 7
    endloop
  endfacet
  facet normal 0 0 1
    outer loop
      vertex 27.8717 28.6685 7
      vertex 26.111 28.2943 7
      vertex 26.1991 27.9657 7
    endloop
  endfacet
  facet normal 0 0 1
    outer loop
      vertex 26.04 28.97 7
      vertex 27.84 28.97 7
      vertex 26.0578 29.3097 7
    endloop
  endfacet
  facet normal 0 0 1
    outer loop
      vertex 27.8479 28.8184 7
      vertex 26.0578 28.6303 7
      vertex 26.111 28.2943 7
    endloop
  endfacet
  facet normal 0 0 1
    outer loop
      vertex 27.84 28.97 7
      vertex 26.04 28.97 7
      vertex 26.0578 28.6303 7
    endloop
  endfacet
  facet normal 0.99863 -0.0523274 0
    outer loop
      vertex 32.5222 28.6303 7
      vertex 32.54 28.97 2
      vertex 32.54 28.97 7
    endloop
  endfacet
  facet normal 0.99863 -0.0523274 0
    outer loop
      vertex 32.54 28.97 2
      vertex 32.5222 28.6303 7
      vertex 32.5222 28.6303 2
    endloop
  endfacet
  facet normal 0.891051 0.453904 0
    outer loop
      vertex 32.259 30.2919 7
      vertex 32.1046 30.595 2
      vertex 32.1046 30.595 7
    endloop
  endfacet
  facet normal 0.891051 0.453904 0
    outer loop
      vertex 32.1046 30.595 2
      vertex 32.259 30.2919 7
      vertex 32.259 30.2919 2
    endloop
  endfacet
  facet normal 0.933595 -0.358329 0
    outer loop
      vertex 32.259 27.6481 7
      vertex 32.3809 27.9657 2
      vertex 32.3809 27.9657 7
    endloop
  endfacet
  facet normal 0.933595 -0.358329 0
    outer loop
      vertex 32.3809 27.9657 2
      vertex 32.259 27.6481 7
      vertex 32.259 27.6481 2
    endloop
  endfacet
  facet normal 0.891051 -0.453904 0
    outer loop
      vertex 32.1046 27.345 7
      vertex 32.259 27.6481 2
      vertex 32.259 27.6481 7
    endloop
  endfacet
  facet normal 0.891051 -0.453904 0
    outer loop
      vertex 32.259 27.6481 2
      vertex 32.1046 27.345 7
      vertex 32.1046 27.345 2
    endloop
  endfacet
  facet normal 0.156385 -0.987696 0
    outer loop
      vertex 29.6297 25.7378 2
      vertex 29.9657 25.791 7
      vertex 29.6297 25.7378 7
    endloop
  endfacet
  facet normal 0.156385 -0.987696 0
    outer loop
      vertex 29.9657 25.791 7
      vertex 29.6297 25.7378 2
      vertex 29.9657 25.791 2
    endloop
  endfacet
  facet normal -0.0523274 0.99863 0
    outer loop
      vertex 29.29 32.22 2
      vertex 28.9503 32.2022 7
      vertex 29.29 32.22 7
    endloop
  endfacet
  facet normal -0.0523274 0.99863 0
    outer loop
      vertex 28.9503 32.2022 7
      vertex 29.29 32.22 2
      vertex 28.9503 32.2022 2
    endloop
  endfacet
  facet normal 0.777156 -0.629308 0
    outer loop
      vertex 31.7052 26.7953 7
      vertex 31.9193 27.0597 2
      vertex 31.9193 27.0597 7
    endloop
  endfacet
  facet normal 0.777156 -0.629308 0
    outer loop
      vertex 31.9193 27.0597 2
      vertex 31.7052 26.7953 7
      vertex 31.7052 26.7953 2
    endloop
  endfacet
  facet normal -0.453904 0.891051 0
    outer loop
      vertex 27.9681 31.939 2
      vertex 27.665 31.7846 7
      vertex 27.9681 31.939 7
    endloop
  endfacet
  facet normal -0.453904 0.891051 0
    outer loop
      vertex 27.665 31.7846 7
      vertex 27.9681 31.939 2
      vertex 27.665 31.7846 2
    endloop
  endfacet
  facet normal 0.707107 0.707107 0
    outer loop
      vertex 31.7052 31.1447 7
      vertex 31.4647 31.3852 2
      vertex 31.4647 31.3852 7
    endloop
  endfacet
  facet normal 0.707107 0.707107 0
    outer loop
      vertex 31.4647 31.3852 2
      vertex 31.7052 31.1447 7
      vertex 31.7052 31.1447 2
    endloop
  endfacet
  facet normal -0.258961 0.965888 0
    outer loop
      vertex 28.6143 32.149 2
      vertex 28.2857 32.0609 7
      vertex 28.6143 32.149 7
    endloop
  endfacet
  facet normal -0.258961 0.965888 0
    outer loop
      vertex 28.2857 32.0609 7
      vertex 28.6143 32.149 2
      vertex 28.2857 32.0609 2
    endloop
  endfacet
  facet normal 0.777156 0.629308 0
    outer loop
      vertex 31.9193 30.8803 7
      vertex 31.7052 31.1447 2
      vertex 31.7052 31.1447 7
    endloop
  endfacet
  facet normal 0.777156 0.629308 0
    outer loop
      vertex 31.7052 31.1447 2
      vertex 31.9193 30.8803 7
      vertex 31.9193 30.8803 2
    endloop
  endfacet
  facet normal -0.987696 0.156385 0
    outer loop
      vertex 26.0578 29.3097 2
      vertex 26.111 29.6457 7
      vertex 26.111 29.6457 2
    endloop
  endfacet
  facet normal -0.987696 0.156385 0
    outer loop
      vertex 26.111 29.6457 7
      vertex 26.0578 29.3097 2
      vertex 26.0578 29.3097 7
    endloop
  endfacet
  facet normal 0.358329 -0.933595 0
    outer loop
      vertex 30.2943 25.8791 2
      vertex 30.6119 26.001 7
      vertex 30.2943 25.8791 7
    endloop
  endfacet
  facet normal 0.358329 -0.933595 0
    outer loop
      vertex 30.6119 26.001 7
      vertex 30.2943 25.8791 2
      vertex 30.6119 26.001 2
    endloop
  endfacet
  facet normal -0.629308 -0.777156 0
    outer loop
      vertex 27.1153 26.5548 2
      vertex 27.3797 26.3407 7
      vertex 27.1153 26.5548 7
    endloop
  endfacet
  facet normal -0.629308 -0.777156 -0
    outer loop
      vertex 27.3797 26.3407 7
      vertex 27.1153 26.5548 2
      vertex 27.3797 26.3407 2
    endloop
  endfacet
  facet normal -0.891051 -0.453904 0
    outer loop
      vertex 26.4754 27.345 2
      vertex 26.321 27.6481 7
      vertex 26.321 27.6481 2
    endloop
  endfacet
  facet normal -0.891051 -0.453904 0
    outer loop
      vertex 26.321 27.6481 7
      vertex 26.4754 27.345 2
      vertex 26.4754 27.345 7
    endloop
  endfacet
  facet normal -0.629308 0.777156 0
    outer loop
      vertex 27.3797 31.5993 2
      vertex 27.1153 31.3852 7
      vertex 27.3797 31.5993 7
    endloop
  endfacet
  facet normal -0.629308 0.777156 0
    outer loop
      vertex 27.1153 31.3852 7
      vertex 27.3797 31.5993 2
      vertex 27.1153 31.3852 2
    endloop
  endfacet
  facet normal -0.358329 0.933595 0
    outer loop
      vertex 28.2857 32.0609 2
      vertex 27.9681 31.939 7
      vertex 28.2857 32.0609 7
    endloop
  endfacet
  facet normal -0.358329 0.933595 0
    outer loop
      vertex 27.9681 31.939 7
      vertex 28.2857 32.0609 2
      vertex 27.9681 31.939 2
    endloop
  endfacet
  facet normal 0.838638 -0.544689 0
    outer loop
      vertex 31.9193 27.0597 7
      vertex 32.1046 27.345 2
      vertex 32.1046 27.345 7
    endloop
  endfacet
  facet normal 0.838638 -0.544689 0
    outer loop
      vertex 32.1046 27.345 2
      vertex 31.9193 27.0597 7
      vertex 31.9193 27.0597 2
    endloop
  endfacet
  facet normal -0.453904 -0.891051 0
    outer loop
      vertex 27.665 26.1554 2
      vertex 27.9681 26.001 7
      vertex 27.665 26.1554 7
    endloop
  endfacet
  facet normal -0.453904 -0.891051 -0
    outer loop
      vertex 27.9681 26.001 7
      vertex 27.665 26.1554 2
      vertex 27.9681 26.001 2
    endloop
  endfacet
  facet normal 0.544689 0.838638 -0
    outer loop
      vertex 31.2003 31.5993 2
      vertex 30.915 31.7846 7
      vertex 31.2003 31.5993 7
    endloop
  endfacet
  facet normal 0.544689 0.838638 0
    outer loop
      vertex 30.915 31.7846 7
      vertex 31.2003 31.5993 2
      vertex 30.915 31.7846 2
    endloop
  endfacet
  facet normal -0.707107 0.707107 0
    outer loop
      vertex 27.1153 31.3852 2
      vertex 26.8748 31.1447 7
      vertex 27.1153 31.3852 7
    endloop
  endfacet
  facet normal -0.707107 0.707107 0
    outer loop
      vertex 26.8748 31.1447 7
      vertex 27.1153 31.3852 2
      vertex 26.8748 31.1447 2
    endloop
  endfacet
  facet normal 0.0523274 -0.99863 0
    outer loop
      vertex 29.29 25.72 2
      vertex 29.6297 25.7378 7
      vertex 29.29 25.72 7
    endloop
  endfacet
  facet normal 0.0523274 -0.99863 0
    outer loop
      vertex 29.6297 25.7378 7
      vertex 29.29 25.72 2
      vertex 29.6297 25.7378 2
    endloop
  endfacet
  facet normal -0.838638 -0.544689 0
    outer loop
      vertex 26.6607 27.0597 2
      vertex 26.4754 27.345 7
      vertex 26.4754 27.345 2
    endloop
  endfacet
  facet normal -0.838638 -0.544689 0
    outer loop
      vertex 26.4754 27.345 7
      vertex 26.6607 27.0597 2
      vertex 26.6607 27.0597 7
    endloop
  endfacet
  facet normal -0.777156 0.629308 0
    outer loop
      vertex 26.6607 30.8803 2
      vertex 26.8748 31.1447 7
      vertex 26.8748 31.1447 2
    endloop
  endfacet
  facet normal -0.777156 0.629308 0
    outer loop
      vertex 26.8748 31.1447 7
      vertex 26.6607 30.8803 2
      vertex 26.6607 30.8803 7
    endloop
  endfacet
  facet normal 0.707107 -0.707107 0
    outer loop
      vertex 31.4647 26.5548 7
      vertex 31.7052 26.7953 2
      vertex 31.7052 26.7953 7
    endloop
  endfacet
  facet normal 0.707107 -0.707107 0
    outer loop
      vertex 31.7052 26.7953 2
      vertex 31.4647 26.5548 7
      vertex 31.4647 26.5548 2
    endloop
  endfacet
  facet normal -0.544689 -0.838638 0
    outer loop
      vertex 27.3797 26.3407 2
      vertex 27.665 26.1554 7
      vertex 27.3797 26.3407 7
    endloop
  endfacet
  facet normal -0.544689 -0.838638 -0
    outer loop
      vertex 27.665 26.1554 7
      vertex 27.3797 26.3407 2
      vertex 27.665 26.1554 2
    endloop
  endfacet
  facet normal -0.891051 0.453904 0
    outer loop
      vertex 26.321 30.2919 2
      vertex 26.4754 30.595 7
      vertex 26.4754 30.595 2
    endloop
  endfacet
  facet normal -0.891051 0.453904 0
    outer loop
      vertex 26.4754 30.595 7
      vertex 26.321 30.2919 2
      vertex 26.321 30.2919 7
    endloop
  endfacet
  facet normal 0.358329 0.933595 -0
    outer loop
      vertex 30.6119 31.939 2
      vertex 30.2943 32.0609 7
      vertex 30.6119 31.939 7
    endloop
  endfacet
  facet normal 0.358329 0.933595 0
    outer loop
      vertex 30.2943 32.0609 7
      vertex 30.6119 31.939 2
      vertex 30.2943 32.0609 2
    endloop
  endfacet
  facet normal 0.453904 -0.891051 0
    outer loop
      vertex 30.6119 26.001 2
      vertex 30.915 26.1554 7
      vertex 30.6119 26.001 7
    endloop
  endfacet
  facet normal 0.453904 -0.891051 0
    outer loop
      vertex 30.915 26.1554 7
      vertex 30.6119 26.001 2
      vertex 30.915 26.1554 2
    endloop
  endfacet
  facet normal 0.258961 -0.965888 0
    outer loop
      vertex 29.9657 25.791 2
      vertex 30.2943 25.8791 7
      vertex 29.9657 25.791 7
    endloop
  endfacet
  facet normal 0.258961 -0.965888 0
    outer loop
      vertex 30.2943 25.8791 7
      vertex 29.9657 25.791 2
      vertex 30.2943 25.8791 2
    endloop
  endfacet
  facet normal 0.544689 -0.838638 0
    outer loop
      vertex 30.915 26.1554 2
      vertex 31.2003 26.3407 7
      vertex 30.915 26.1554 7
    endloop
  endfacet
  facet normal 0.544689 -0.838638 0
    outer loop
      vertex 31.2003 26.3407 7
      vertex 30.915 26.1554 2
      vertex 31.2003 26.3407 2
    endloop
  endfacet
  facet normal -0.156385 -0.987696 0
    outer loop
      vertex 28.6143 25.791 2
      vertex 28.9503 25.7378 7
      vertex 28.6143 25.791 7
    endloop
  endfacet
  facet normal -0.156385 -0.987696 -0
    outer loop
      vertex 28.9503 25.7378 7
      vertex 28.6143 25.791 2
      vertex 28.9503 25.7378 2
    endloop
  endfacet
  facet normal 0.965888 -0.258961 0
    outer loop
      vertex 32.3809 27.9657 7
      vertex 32.469 28.2943 2
      vertex 32.469 28.2943 7
    endloop
  endfacet
  facet normal 0.965888 -0.258961 0
    outer loop
      vertex 32.469 28.2943 2
      vertex 32.3809 27.9657 7
      vertex 32.3809 27.9657 2
    endloop
  endfacet
  facet normal 0.965888 0.258961 0
    outer loop
      vertex 32.469 29.6457 7
      vertex 32.3809 29.9743 2
      vertex 32.3809 29.9743 7
    endloop
  endfacet
  facet normal 0.965888 0.258961 0
    outer loop
      vertex 32.3809 29.9743 2
      vertex 32.469 29.6457 7
      vertex 32.469 29.6457 2
    endloop
  endfacet
  facet normal 0.156385 0.987696 -0
    outer loop
      vertex 29.9657 32.149 2
      vertex 29.6297 32.2022 7
      vertex 29.9657 32.149 7
    endloop
  endfacet
  facet normal 0.156385 0.987696 0
    outer loop
      vertex 29.6297 32.2022 7
      vertex 29.9657 32.149 2
      vertex 29.6297 32.2022 2
    endloop
  endfacet
  facet normal -0.156385 0.987696 0
    outer loop
      vertex 28.9503 32.2022 2
      vertex 28.6143 32.149 7
      vertex 28.9503 32.2022 7
    endloop
  endfacet
  facet normal -0.156385 0.987696 0
    outer loop
      vertex 28.6143 32.149 7
      vertex 28.9503 32.2022 2
      vertex 28.6143 32.149 2
    endloop
  endfacet
  facet normal -0.933595 -0.358329 0
    outer loop
      vertex 26.321 27.6481 2
      vertex 26.1991 27.9657 7
      vertex 26.1991 27.9657 2
    endloop
  endfacet
  facet normal -0.933595 -0.358329 0
    outer loop
      vertex 26.1991 27.9657 7
      vertex 26.321 27.6481 2
      vertex 26.321 27.6481 7
    endloop
  endfacet
  facet normal -0.258961 -0.965888 0
    outer loop
      vertex 28.2857 25.8791 2
      vertex 28.6143 25.791 7
      vertex 28.2857 25.8791 7
    endloop
  endfacet
  facet normal -0.258961 -0.965888 -0
    outer loop
      vertex 28.6143 25.791 7
      vertex 28.2857 25.8791 2
      vertex 28.6143 25.791 2
    endloop
  endfacet
  facet normal -0.987696 -0.156385 0
    outer loop
      vertex 26.111 28.2943 2
      vertex 26.0578 28.6303 7
      vertex 26.0578 28.6303 2
    endloop
  endfacet
  facet normal -0.987696 -0.156385 0
    outer loop
      vertex 26.0578 28.6303 7
      vertex 26.111 28.2943 2
      vertex 26.111 28.2943 7
    endloop
  endfacet
  facet normal -0.707107 -0.707107 0
    outer loop
      vertex 27.1153 26.5548 2
      vertex 26.8748 26.7953 7
      vertex 26.8748 26.7953 2
    endloop
  endfacet
  facet normal -0.707107 -0.707107 0
    outer loop
      vertex 26.8748 26.7953 7
      vertex 27.1153 26.5548 2
      vertex 27.1153 26.5548 7
    endloop
  endfacet
  facet normal -0.965888 0.258961 0
    outer loop
      vertex 26.111 29.6457 2
      vertex 26.1991 29.9743 7
      vertex 26.1991 29.9743 2
    endloop
  endfacet
  facet normal -0.965888 0.258961 0
    outer loop
      vertex 26.1991 29.9743 7
      vertex 26.111 29.6457 2
      vertex 26.111 29.6457 7
    endloop
  endfacet
  facet normal -0.838638 0.544689 0
    outer loop
      vertex 26.4754 30.595 2
      vertex 26.6607 30.8803 7
      vertex 26.6607 30.8803 2
    endloop
  endfacet
  facet normal -0.838638 0.544689 0
    outer loop
      vertex 26.6607 30.8803 7
      vertex 26.4754 30.595 2
      vertex 26.4754 30.595 7
    endloop
  endfacet
  facet normal -0.0523274 -0.99863 0
    outer loop
      vertex 28.9503 25.7378 2
      vertex 29.29 25.72 7
      vertex 28.9503 25.7378 7
    endloop
  endfacet
  facet normal -0.0523274 -0.99863 -0
    outer loop
      vertex 29.29 25.72 7
      vertex 28.9503 25.7378 2
      vertex 29.29 25.72 2
    endloop
  endfacet
  facet normal -0.99863 -0.0523274 0
    outer loop
      vertex 26.0578 28.6303 2
      vertex 26.04 28.97 7
      vertex 26.04 28.97 2
    endloop
  endfacet
  facet normal -0.99863 -0.0523274 0
    outer loop
      vertex 26.04 28.97 7
      vertex 26.0578 28.6303 2
      vertex 26.0578 28.6303 7
    endloop
  endfacet
  facet normal 1 -0 0
    outer loop
      vertex 34.29 -33.97 2
      vertex 34.29 33.97 0
      vertex 34.29 33.97 2
    endloop
  endfacet
  facet normal 1 0 0
    outer loop
      vertex 34.29 33.97 0
      vertex 34.29 -33.97 2
      vertex 34.29 -33.97 0
    endloop
  endfacet
  facet normal -0 0 1
    outer loop
      vertex -26.1991 27.9657 2
      vertex -25.04 24.72 2
      vertex -26.111 28.2943 2
    endloop
  endfacet
  facet normal 0 0 1
    outer loop
      vertex -25.04 -24.72 2
      vertex -26.0578 -28.6303 2
      vertex -26.04 -28.97 2
    endloop
  endfacet
  facet normal -0 0 1
    outer loop
      vertex -26.321 27.6481 2
      vertex -25.04 24.72 2
      vertex -26.1991 27.9657 2
    endloop
  endfacet
  facet normal 0 0 1
    outer loop
      vertex -25.04 -24.72 2
      vertex -26.111 -28.2943 2
      vertex -26.0578 -28.6303 2
    endloop
  endfacet
  facet normal -0 0 1
    outer loop
      vertex -26.4754 27.345 2
      vertex -25.04 24.72 2
      vertex -26.321 27.6481 2
    endloop
  endfacet
  facet normal 0 0 1
    outer loop
      vertex -25.04 -24.72 2
      vertex -26.1991 -27.9657 2
      vertex -26.111 -28.2943 2
    endloop
  endfacet
  facet normal -0 0 1
    outer loop
      vertex -26.6607 27.0597 2
      vertex -25.04 24.72 2
      vertex -26.4754 27.345 2
    endloop
  endfacet
  facet normal 0 0 1
    outer loop
      vertex -25.04 -24.72 2
      vertex -26.321 -27.6481 2
      vertex -26.1991 -27.9657 2
    endloop
  endfacet
  facet normal -0 0 1
    outer loop
      vertex -26.8748 26.7953 2
      vertex -25.04 24.72 2
      vertex -26.6607 27.0597 2
    endloop
  endfacet
  facet normal 0 0 1
    outer loop
      vertex -25.04 -24.72 2
      vertex -26.4754 -27.345 2
      vertex -26.321 -27.6481 2
    endloop
  endfacet
  facet normal -0 0 1
    outer loop
      vertex -27.1153 26.5548 2
      vertex -25.04 24.72 2
      vertex -26.8748 26.7953 2
    endloop
  endfacet
  facet normal 0 0 1
    outer loop
      vertex -25.04 -24.72 2
      vertex -26.6607 -27.0597 2
      vertex -26.4754 -27.345 2
    endloop
  endfacet
  facet normal -0 0 1
    outer loop
      vertex -27.3797 26.3407 2
      vertex -25.04 24.72 2
      vertex -27.1153 26.5548 2
    endloop
  endfacet
  facet normal 0 0 1
    outer loop
      vertex -25.04 -24.72 2
      vertex -26.8748 -26.7953 2
      vertex -26.6607 -27.0597 2
    endloop
  endfacet
  facet normal -0 0 1
    outer loop
      vertex -27.665 26.1554 2
      vertex -25.04 24.72 2
      vertex -27.3797 26.3407 2
    endloop
  endfacet
  facet normal 0 0 1
    outer loop
      vertex -25.04 -24.72 2
      vertex -27.1153 -26.5548 2
      vertex -26.8748 -26.7953 2
    endloop
  endfacet
  facet normal -0 0 1
    outer loop
      vertex -27.9681 26.001 2
      vertex -25.04 24.72 2
      vertex -27.665 26.1554 2
    endloop
  endfacet
  facet normal 0 0 1
    outer loop
      vertex -25.04 -24.72 2
      vertex -27.3797 -26.3407 2
      vertex -27.1153 -26.5548 2
    endloop
  endfacet
  facet normal -0 0 1
    outer loop
      vertex -28.2857 25.8791 2
      vertex -25.04 24.72 2
      vertex -27.9681 26.001 2
    endloop
  endfacet
  facet normal 0 0 1
    outer loop
      vertex -25.04 -24.72 2
      vertex -27.665 -26.1554 2
      vertex -27.3797 -26.3407 2
    endloop
  endfacet
  facet normal -0 0 1
    outer loop
      vertex -28.6143 25.791 2
      vertex -25.04 24.72 2
      vertex -28.2857 25.8791 2
    endloop
  endfacet
  facet normal 0 0 1
    outer loop
      vertex -25.04 -24.72 2
      vertex -27.9681 -26.001 2
      vertex -27.665 -26.1554 2
    endloop
  endfacet
  facet normal -0 0 1
    outer loop
      vertex -28.9503 25.7378 2
      vertex -25.04 24.72 2
      vertex -28.6143 25.791 2
    endloop
  endfacet
  facet normal 0 0 1
    outer loop
      vertex -25.04 -24.72 2
      vertex -28.2857 -25.8791 2
      vertex -27.9681 -26.001 2
    endloop
  endfacet
  facet normal -0 0 1
    outer loop
      vertex -29.29 25.72 2
      vertex -25.04 24.72 2
      vertex -28.9503 25.7378 2
    endloop
  endfacet
  facet normal 0 0 1
    outer loop
      vertex -25.04 -24.72 2
      vertex -28.6143 -25.791 2
      vertex -28.2857 -25.8791 2
    endloop
  endfacet
  facet normal 0 0 1
    outer loop
      vertex -29.6297 25.7378 2
      vertex -25.04 24.72 2
      vertex -29.29 25.72 2
    endloop
  endfacet
  facet normal 0 0 1
    outer loop
      vertex -25.04 -24.72 2
      vertex -28.9503 -25.7378 2
      vertex -28.6143 -25.791 2
    endloop
  endfacet
  facet normal 0 0 1
    outer loop
      vertex -25.04 24.72 2
      vertex -29.6297 25.7378 2
      vertex -25.04 -24.72 2
    endloop
  endfacet
  facet normal 0 0 1
    outer loop
      vertex -25.04 -24.72 2
      vertex -29.29 -25.72 2
      vertex -28.9503 -25.7378 2
    endloop
  endfacet
  facet normal 0 0 1
    outer loop
      vertex -29.6297 -25.7378 2
      vertex -25.04 -24.72 2
      vertex -29.6297 25.7378 2
    endloop
  endfacet
  facet normal 0 0 1
    outer loop
      vertex -25.04 -24.72 2
      vertex -29.6297 -25.7378 2
      vertex -29.29 -25.72 2
    endloop
  endfacet
  facet normal 0 0 1
    outer loop
      vertex -29.9657 25.791 2
      vertex -29.6297 -25.7378 2
      vertex -29.6297 25.7378 2
    endloop
  endfacet
  facet normal 0 0 1
    outer loop
      vertex -29.9657 25.791 2
      vertex -29.9657 -25.791 2
      vertex -29.6297 -25.7378 2
    endloop
  endfacet
  facet normal 0 0 1
    outer loop
      vertex -30.2943 25.8791 2
      vertex -29.9657 -25.791 2
      vertex -29.9657 25.791 2
    endloop
  endfacet
  facet normal 0 0 1
    outer loop
      vertex -30.2943 25.8791 2
      vertex -30.2943 -25.8791 2
      vertex -29.9657 -25.791 2
    endloop
  endfacet
  facet normal 0 0 1
    outer loop
      vertex -30.6119 26.001 2
      vertex -30.2943 -25.8791 2
      vertex -30.2943 25.8791 2
    endloop
  endfacet
  facet normal 0 0 1
    outer loop
      vertex -30.6119 26.001 2
      vertex -30.6119 -26.001 2
      vertex -30.2943 -25.8791 2
    endloop
  endfacet
  facet normal 0 0 1
    outer loop
      vertex -30.915 26.1554 2
      vertex -30.6119 -26.001 2
      vertex -30.6119 26.001 2
    endloop
  endfacet
  facet normal 0 0 1
    outer loop
      vertex -30.915 26.1554 2
      vertex -30.915 -26.1554 2
      vertex -30.6119 -26.001 2
    endloop
  endfacet
  facet normal 0 0 1
    outer loop
      vertex -31.2003 26.3407 2
      vertex -30.915 -26.1554 2
      vertex -30.915 26.1554 2
    endloop
  endfacet
  facet normal 0 0 1
    outer loop
      vertex -31.2003 26.3407 2
      vertex -31.2003 -26.3407 2
      vertex -30.915 -26.1554 2
    endloop
  endfacet
  facet normal 0 0 1
    outer loop
      vertex -31.4647 26.5548 2
      vertex -31.2003 -26.3407 2
      vertex -31.2003 26.3407 2
    endloop
  endfacet
  facet normal 0 0 1
    outer loop
      vertex -31.4647 26.5548 2
      vertex -31.4647 -26.5548 2
      vertex -31.2003 -26.3407 2
    endloop
  endfacet
  facet normal 0 0 1
    outer loop
      vertex -31.7052 26.7953 2
      vertex -31.4647 -26.5548 2
      vertex -31.4647 26.5548 2
    endloop
  endfacet
  facet normal 0 0 1
    outer loop
      vertex -31.7052 26.7953 2
      vertex -31.7052 -26.7953 2
      vertex -31.4647 -26.5548 2
    endloop
  endfacet
  facet normal 0 0 1
    outer loop
      vertex -31.9193 27.0597 2
      vertex -31.7052 -26.7953 2
      vertex -31.7052 26.7953 2
    endloop
  endfacet
  facet normal 0 0 1
    outer loop
      vertex -31.9193 27.0597 2
      vertex -31.9193 -27.0597 2
      vertex -31.7052 -26.7953 2
    endloop
  endfacet
  facet normal 0 0 1
    outer loop
      vertex -32.1046 27.345 2
      vertex -31.9193 -27.0597 2
      vertex -31.9193 27.0597 2
    endloop
  endfacet
  facet normal 0 0 1
    outer loop
      vertex -32.1046 27.345 2
      vertex -32.1046 -27.345 2
      vertex -31.9193 -27.0597 2
    endloop
  endfacet
  facet normal 0 0 1
    outer loop
      vertex -32.259 27.6481 2
      vertex -32.1046 -27.345 2
      vertex -32.1046 27.345 2
    endloop
  endfacet
  facet normal 0 0 1
    outer loop
      vertex -32.259 27.6481 2
      vertex -32.259 -27.6481 2
      vertex -32.1046 -27.345 2
    endloop
  endfacet
  facet normal 0 0 1
    outer loop
      vertex -32.3809 27.9657 2
      vertex -32.259 -27.6481 2
      vertex -32.259 27.6481 2
    endloop
  endfacet
  facet normal 0 0 1
    outer loop
      vertex -32.3809 27.9657 2
      vertex -32.3809 -27.9657 2
      vertex -32.259 -27.6481 2
    endloop
  endfacet
  facet normal 0 0 1
    outer loop
      vertex -34.29 33.97 2
      vertex -32.3809 27.9657 2
      vertex -32.469 28.2943 2
    endloop
  endfacet
  facet normal 0 0 1
    outer loop
      vertex -32.3809 27.9657 2
      vertex -34.29 33.97 2
      vertex -32.3809 -27.9657 2
    endloop
  endfacet
  facet normal 0 0 1
    outer loop
      vertex -34.29 33.97 2
      vertex -32.469 28.2943 2
      vertex -32.5222 28.6303 2
    endloop
  endfacet
  facet normal 0 0 1
    outer loop
      vertex -34.29 -33.97 2
      vertex -32.3809 -27.9657 2
      vertex -34.29 33.97 2
    endloop
  endfacet
  facet normal 0 0 1
    outer loop
      vertex -34.29 33.97 2
      vertex -32.5222 28.6303 2
      vertex -32.54 28.97 2
    endloop
  endfacet
  facet normal 0 0 1
    outer loop
      vertex -32.3809 -27.9657 2
      vertex -34.29 -33.97 2
      vertex -32.469 -28.2943 2
    endloop
  endfacet
  facet normal 0 0 1
    outer loop
      vertex 25.04 -24.72 2
      vertex 7.69069 -28.7923 2
      vertex 7.7 -28.97 2
    endloop
  endfacet
  facet normal 0 0 1
    outer loop
      vertex 25.04 -24.72 2
      vertex 7.66285 -28.6166 2
      vertex 7.69069 -28.7923 2
    endloop
  endfacet
  facet normal 0 0 1
    outer loop
      vertex 25.04 -24.72 2
      vertex 7.6168 -28.4447 2
      vertex 7.66285 -28.6166 2
    endloop
  endfacet
  facet normal 0 0 1
    outer loop
      vertex 25.04 -24.72 2
      vertex 7.55303 -28.2785 2
      vertex 7.6168 -28.4447 2
    endloop
  endfacet
  facet normal 0 0 1
    outer loop
      vertex 25.04 -24.72 2
      vertex 7.47224 -28.12 2
      vertex 7.55303 -28.2785 2
    endloop
  endfacet
  facet normal 0 0 1
    outer loop
      vertex 25.04 -24.72 2
      vertex 7.37533 -27.9708 2
      vertex 7.47224 -28.12 2
    endloop
  endfacet
  facet normal 0 0 1
    outer loop
      vertex 25.04 -24.72 2
      vertex 7.26335 -27.8325 2
      vertex 7.37533 -27.9708 2
    endloop
  endfacet
  facet normal 0 0 1
    outer loop
      vertex 25.04 -24.72 2
      vertex 7.13752 -27.7067 2
      vertex 7.26335 -27.8325 2
    endloop
  endfacet
  facet normal 0 0 1
    outer loop
      vertex 25.04 -24.72 2
      vertex 6.99923 -27.5947 2
      vertex 7.13752 -27.7067 2
    endloop
  endfacet
  facet normal 0 0 1
    outer loop
      vertex 25.04 -24.72 2
      vertex 6.85 -27.4978 2
      vertex 6.99923 -27.5947 2
    endloop
  endfacet
  facet normal 0 0 1
    outer loop
      vertex 25.04 -24.72 2
      vertex 6.69145 -27.417 2
      vertex 6.85 -27.4978 2
    endloop
  endfacet
  facet normal 0 0 1
    outer loop
      vertex 25.04 -24.72 2
      vertex 6.52533 -27.3532 2
      vertex 6.69145 -27.417 2
    endloop
  endfacet
  facet normal 0 0 1
    outer loop
      vertex 25.04 -24.72 2
      vertex 6.35345 -27.3071 2
      vertex 6.52533 -27.3532 2
    endloop
  endfacet
  facet normal 0 0 1
    outer loop
      vertex 25.04 -24.72 2
      vertex 6.1777 -27.2793 2
      vertex 6.35345 -27.3071 2
    endloop
  endfacet
  facet normal 0 0 1
    outer loop
      vertex 25.04 -24.72 2
      vertex 6 -27.27 2
      vertex 6.1777 -27.2793 2
    endloop
  endfacet
  facet normal 0 0 1
    outer loop
      vertex 25.04 -24.72 2
      vertex 5.8223 -27.2793 2
      vertex 6 -27.27 2
    endloop
  endfacet
  facet normal 0 0 1
    outer loop
      vertex 4.30931 -28.7923 2
      vertex -4.3 -28.97 2
      vertex 4.3 -28.97 2
    endloop
  endfacet
  facet normal 0 0 1
    outer loop
      vertex -4.30931 -28.7923 2
      vertex 4.30931 -28.7923 2
      vertex 4.33715 -28.6166 2
    endloop
  endfacet
  facet normal 0 0 1
    outer loop
      vertex -4.33715 -28.6166 2
      vertex 4.33715 -28.6166 2
      vertex 4.3832 -28.4447 2
    endloop
  endfacet
  facet normal 0 0 1
    outer loop
      vertex -4.3832 -28.4447 2
      vertex 4.3832 -28.4447 2
      vertex 4.44697 -28.2785 2
    endloop
  endfacet
  facet normal 0 0 1
    outer loop
      vertex -4.44697 -28.2785 2
      vertex 4.44697 -28.2785 2
      vertex 4.52776 -28.12 2
    endloop
  endfacet
  facet normal 0 0 1
    outer loop
      vertex -4.52776 -28.12 2
      vertex 4.52776 -28.12 2
      vertex 4.62467 -27.9708 2
    endloop
  endfacet
  facet normal 0 0 1
    outer loop
      vertex -4.62467 -27.9708 2
      vertex 4.62467 -27.9708 2
      vertex 4.73665 -27.8325 2
    endloop
  endfacet
  facet normal 0 0 1
    outer loop
      vertex -4.73665 -27.8325 2
      vertex 4.73665 -27.8325 2
      vertex 4.86248 -27.7067 2
    endloop
  endfacet
  facet normal 0 0 1
    outer loop
      vertex -4.86248 -27.7067 2
      vertex 4.86248 -27.7067 2
      vertex 5.00076 -27.5947 2
    endloop
  endfacet
  facet normal 0 0 1
    outer loop
      vertex -5.00076 -27.5947 2
      vertex 5.00076 -27.5947 2
      vertex 5.15 -27.4978 2
    endloop
  endfacet
  facet normal 0 0 1
    outer loop
      vertex -5.15 -27.4978 2
      vertex 5.15 -27.4978 2
      vertex 5.30855 -27.417 2
    endloop
  endfacet
  facet normal 0 0 1
    outer loop
      vertex -5.30855 -27.417 2
      vertex 5.30855 -27.417 2
      vertex 5.47467 -27.3532 2
    endloop
  endfacet
  facet normal 0 0 1
    outer loop
      vertex -5.47467 -27.3532 2
      vertex 5.47467 -27.3532 2
      vertex 5.64655 -27.3071 2
    endloop
  endfacet
  facet normal 0 0 1
    outer loop
      vertex 4.30931 -28.7923 2
      vertex -4.30931 -28.7923 2
      vertex -4.3 -28.97 2
    endloop
  endfacet
  facet normal 0 0 1
    outer loop
      vertex -5.64655 -27.3071 2
      vertex 5.64655 -27.3071 2
      vertex 5.8223 -27.2793 2
    endloop
  endfacet
  facet normal 0 0 1
    outer loop
      vertex 4.33715 -28.6166 2
      vertex -4.33715 -28.6166 2
      vertex -4.30931 -28.7923 2
    endloop
  endfacet
  facet normal 0 0 1
    outer loop
      vertex -5.8223 -27.2793 2
      vertex 5.8223 -27.2793 2
      vertex 25.04 -24.72 2
    endloop
  endfacet
  facet normal 0 0 1
    outer loop
      vertex 4.3832 -28.4447 2
      vertex -4.3832 -28.4447 2
      vertex -4.33715 -28.6166 2
    endloop
  endfacet
  facet normal 0 0 1
    outer loop
      vertex 4.44697 -28.2785 2
      vertex -4.44697 -28.2785 2
      vertex -4.3832 -28.4447 2
    endloop
  endfacet
  facet normal 0 0 1
    outer loop
      vertex 4.52776 -28.12 2
      vertex -4.52776 -28.12 2
      vertex -4.44697 -28.2785 2
    endloop
  endfacet
  facet normal 0 0 1
    outer loop
      vertex 4.62467 -27.9708 2
      vertex -4.62467 -27.9708 2
      vertex -4.52776 -28.12 2
    endloop
  endfacet
  facet normal 0 0 1
    outer loop
      vertex 4.73665 -27.8325 2
      vertex -4.73665 -27.8325 2
      vertex -4.62467 -27.9708 2
    endloop
  endfacet
  facet normal 0 0 1
    outer loop
      vertex 4.86248 -27.7067 2
      vertex -4.86248 -27.7067 2
      vertex -4.73665 -27.8325 2
    endloop
  endfacet
  facet normal 0 0 1
    outer loop
      vertex 5.00076 -27.5947 2
      vertex -5.00076 -27.5947 2
      vertex -4.86248 -27.7067 2
    endloop
  endfacet
  facet normal 0 0 1
    outer loop
      vertex 5.15 -27.4978 2
      vertex -5.15 -27.4978 2
      vertex -5.00076 -27.5947 2
    endloop
  endfacet
  facet normal 0 0 1
    outer loop
      vertex 5.30855 -27.417 2
      vertex -5.30855 -27.417 2
      vertex -5.15 -27.4978 2
    endloop
  endfacet
  facet normal 0 0 1
    outer loop
      vertex 5.47467 -27.3532 2
      vertex -5.47467 -27.3532 2
      vertex -5.30855 -27.417 2
    endloop
  endfacet
  facet normal 0 0 1
    outer loop
      vertex 5.64655 -27.3071 2
      vertex -5.64655 -27.3071 2
      vertex -5.47467 -27.3532 2
    endloop
  endfacet
  facet normal 0 0 1
    outer loop
      vertex 5.8223 -27.2793 2
      vertex -5.8223 -27.2793 2
      vertex -5.64655 -27.3071 2
    endloop
  endfacet
  facet normal 0 0 1
    outer loop
      vertex 25.04 -24.72 2
      vertex -6 -27.27 2
      vertex -5.8223 -27.2793 2
    endloop
  endfacet
  facet normal -0 0 1
    outer loop
      vertex -25.04 -24.72 2
      vertex -6 -27.27 2
      vertex 25.04 -24.72 2
    endloop
  endfacet
  facet normal 0 0 1
    outer loop
      vertex -7.69069 -28.7923 2
      vertex -25.04 -24.72 2
      vertex -7.7 -28.97 2
    endloop
  endfacet
  facet normal 0 0 1
    outer loop
      vertex -7.66285 -28.6166 2
      vertex -25.04 -24.72 2
      vertex -7.69069 -28.7923 2
    endloop
  endfacet
  facet normal 0 0 1
    outer loop
      vertex -7.6168 -28.4447 2
      vertex -25.04 -24.72 2
      vertex -7.66285 -28.6166 2
    endloop
  endfacet
  facet normal 0 0 1
    outer loop
      vertex -7.55303 -28.2785 2
      vertex -25.04 -24.72 2
      vertex -7.6168 -28.4447 2
    endloop
  endfacet
  facet normal 0 0 1
    outer loop
      vertex -7.47224 -28.12 2
      vertex -25.04 -24.72 2
      vertex -7.55303 -28.2785 2
    endloop
  endfacet
  facet normal 0 0 1
    outer loop
      vertex -7.37533 -27.9708 2
      vertex -25.04 -24.72 2
      vertex -7.47224 -28.12 2
    endloop
  endfacet
  facet normal 0 0 1
    outer loop
      vertex -7.26335 -27.8325 2
      vertex -25.04 -24.72 2
      vertex -7.37533 -27.9708 2
    endloop
  endfacet
  facet normal 0 0 1
    outer loop
      vertex -7.13752 -27.7067 2
      vertex -25.04 -24.72 2
      vertex -7.26335 -27.8325 2
    endloop
  endfacet
  facet normal 0 0 1
    outer loop
      vertex -6.99923 -27.5947 2
      vertex -25.04 -24.72 2
      vertex -7.13752 -27.7067 2
    endloop
  endfacet
  facet normal 0 0 1
    outer loop
      vertex -6.85 -27.4978 2
      vertex -25.04 -24.72 2
      vertex -6.99923 -27.5947 2
    endloop
  endfacet
  facet normal 0 0 1
    outer loop
      vertex -6.69145 -27.417 2
      vertex -25.04 -24.72 2
      vertex -6.85 -27.4978 2
    endloop
  endfacet
  facet normal 0 0 1
    outer loop
      vertex -6.52533 -27.3532 2
      vertex -25.04 -24.72 2
      vertex -6.69145 -27.417 2
    endloop
  endfacet
  facet normal 0 0 1
    outer loop
      vertex -6.35345 -27.3071 2
      vertex -25.04 -24.72 2
      vertex -6.52533 -27.3532 2
    endloop
  endfacet
  facet normal 0 0 1
    outer loop
      vertex -6.1777 -27.2793 2
      vertex -25.04 -24.72 2
      vertex -6.35345 -27.3071 2
    endloop
  endfacet
  facet normal 0 0 1
    outer loop
      vertex -6 -27.27 2
      vertex -25.04 -24.72 2
      vertex -6.1777 -27.2793 2
    endloop
  endfacet
  facet normal 0 0 1
    outer loop
      vertex 32.3809 27.9657 2
      vertex 34.29 33.97 2
      vertex 32.469 28.2943 2
    endloop
  endfacet
  facet normal 0 0 1
    outer loop
      vertex 34.29 -33.97 2
      vertex 32.5222 -28.6303 2
      vertex 32.54 -28.97 2
    endloop
  endfacet
  facet normal 0 0 1
    outer loop
      vertex 34.29 33.97 2
      vertex 32.3809 27.9657 2
      vertex 34.29 -33.97 2
    endloop
  endfacet
  facet normal 0 0 1
    outer loop
      vertex 34.29 -33.97 2
      vertex 32.469 -28.2943 2
      vertex 32.5222 -28.6303 2
    endloop
  endfacet
  facet normal -0 0 1
    outer loop
      vertex 32.3809 -27.9657 2
      vertex 34.29 -33.97 2
      vertex 32.3809 27.9657 2
    endloop
  endfacet
  facet normal 0 0 1
    outer loop
      vertex 34.29 -33.97 2
      vertex 32.3809 -27.9657 2
      vertex 32.469 -28.2943 2
    endloop
  endfacet
  facet normal -0 0 1
    outer loop
      vertex 32.259 27.6481 2
      vertex 32.3809 -27.9657 2
      vertex 32.3809 27.9657 2
    endloop
  endfacet
  facet normal 0 0 1
    outer loop
      vertex 32.259 27.6481 2
      vertex 32.259 -27.6481 2
      vertex 32.3809 -27.9657 2
    endloop
  endfacet
  facet normal -0 0 1
    outer loop
      vertex 32.1046 27.345 2
      vertex 32.259 -27.6481 2
      vertex 32.259 27.6481 2
    endloop
  endfacet
  facet normal 0 0 1
    outer loop
      vertex 32.1046 27.345 2
      vertex 32.1046 -27.345 2
      vertex 32.259 -27.6481 2
    endloop
  endfacet
  facet normal -0 0 1
    outer loop
      vertex 31.9193 27.0597 2
      vertex 32.1046 -27.345 2
      vertex 32.1046 27.345 2
    endloop
  endfacet
  facet normal 0 0 1
    outer loop
      vertex 31.9193 27.0597 2
      vertex 31.9193 -27.0597 2
      vertex 32.1046 -27.345 2
    endloop
  endfacet
  facet normal -0 0 1
    outer loop
      vertex 31.7052 26.7953 2
      vertex 31.9193 -27.0597 2
      vertex 31.9193 27.0597 2
    endloop
  endfacet
  facet normal 0 0 1
    outer loop
      vertex 31.7052 26.7953 2
      vertex 31.7052 -26.7953 2
      vertex 31.9193 -27.0597 2
    endloop
  endfacet
  facet normal -0 0 1
    outer loop
      vertex 31.4647 26.5548 2
      vertex 31.7052 -26.7953 2
      vertex 31.7052 26.7953 2
    endloop
  endfacet
  facet normal 0 0 1
    outer loop
      vertex 31.4647 26.5548 2
      vertex 31.4647 -26.5548 2
      vertex 31.7052 -26.7953 2
    endloop
  endfacet
  facet normal -0 0 1
    outer loop
      vertex 31.2003 26.3407 2
      vertex 31.4647 -26.5548 2
      vertex 31.4647 26.5548 2
    endloop
  endfacet
  facet normal 0 0 1
    outer loop
      vertex 31.2003 26.3407 2
      vertex 31.2003 -26.3407 2
      vertex 31.4647 -26.5548 2
    endloop
  endfacet
  facet normal -0 0 1
    outer loop
      vertex 30.915 26.1554 2
      vertex 31.2003 -26.3407 2
      vertex 31.2003 26.3407 2
    endloop
  endfacet
  facet normal 0 0 1
    outer loop
      vertex 30.915 26.1554 2
      vertex 30.915 -26.1554 2
      vertex 31.2003 -26.3407 2
    endloop
  endfacet
  facet normal -0 0 1
    outer loop
      vertex 30.6119 26.001 2
      vertex 30.915 -26.1554 2
      vertex 30.915 26.1554 2
    endloop
  endfacet
  facet normal 0 0 1
    outer loop
      vertex 30.6119 26.001 2
      vertex 30.6119 -26.001 2
      vertex 30.915 -26.1554 2
    endloop
  endfacet
  facet normal -0 0 1
    outer loop
      vertex 30.2943 25.8791 2
      vertex 30.6119 -26.001 2
      vertex 30.6119 26.001 2
    endloop
  endfacet
  facet normal 0 0 1
    outer loop
      vertex 30.2943 25.8791 2
      vertex 30.2943 -25.8791 2
      vertex 30.6119 -26.001 2
    endloop
  endfacet
  facet normal -0 0 1
    outer loop
      vertex 29.9657 25.791 2
      vertex 30.2943 -25.8791 2
      vertex 30.2943 25.8791 2
    endloop
  endfacet
  facet normal 0 0 1
    outer loop
      vertex 29.9657 25.791 2
      vertex 29.9657 -25.791 2
      vertex 30.2943 -25.8791 2
    endloop
  endfacet
  facet normal -0 0 1
    outer loop
      vertex 29.6297 25.7378 2
      vertex 29.9657 -25.791 2
      vertex 29.9657 25.791 2
    endloop
  endfacet
  facet normal 0 0 1
    outer loop
      vertex 29.6297 25.7378 2
      vertex 29.6297 -25.7378 2
      vertex 29.9657 -25.791 2
    endloop
  endfacet
  facet normal 0 0 1
    outer loop
      vertex 25.04 24.72 2
      vertex 29.6297 25.7378 2
      vertex 29.29 25.72 2
    endloop
  endfacet
  facet normal 0 0 1
    outer loop
      vertex 29.6297 25.7378 2
      vertex 25.04 24.72 2
      vertex 29.6297 -25.7378 2
    endloop
  endfacet
  facet normal 0 0 1
    outer loop
      vertex 25.04 24.72 2
      vertex 29.29 25.72 2
      vertex 28.9503 25.7378 2
    endloop
  endfacet
  facet normal -0 0 1
    outer loop
      vertex 25.04 -24.72 2
      vertex 29.6297 -25.7378 2
      vertex 25.04 24.72 2
    endloop
  endfacet
  facet normal 0 0 1
    outer loop
      vertex 25.04 24.72 2
      vertex 28.9503 25.7378 2
      vertex 28.6143 25.791 2
    endloop
  endfacet
  facet normal 0 0 1
    outer loop
      vertex 29.6297 -25.7378 2
      vertex 25.04 -24.72 2
      vertex 29.29 -25.72 2
    endloop
  endfacet
  facet normal 0 0 1
    outer loop
      vertex 25.04 24.72 2
      vertex 28.6143 25.791 2
      vertex 28.2857 25.8791 2
    endloop
  endfacet
  facet normal 0 0 1
    outer loop
      vertex 29.29 -25.72 2
      vertex 25.04 -24.72 2
      vertex 28.9503 -25.7378 2
    endloop
  endfacet
  facet normal 0 0 1
    outer loop
      vertex 25.04 24.72 2
      vertex 28.2857 25.8791 2
      vertex 27.9681 26.001 2
    endloop
  endfacet
  facet normal 0 0 1
    outer loop
      vertex 28.9503 -25.7378 2
      vertex 25.04 -24.72 2
      vertex 28.6143 -25.791 2
    endloop
  endfacet
  facet normal 0 0 1
    outer loop
      vertex 25.04 24.72 2
      vertex 27.9681 26.001 2
      vertex 27.665 26.1554 2
    endloop
  endfacet
  facet normal 0 0 1
    outer loop
      vertex 28.6143 -25.791 2
      vertex 25.04 -24.72 2
      vertex 28.2857 -25.8791 2
    endloop
  endfacet
  facet normal 0 0 1
    outer loop
      vertex 25.04 24.72 2
      vertex 27.665 26.1554 2
      vertex 27.3797 26.3407 2
    endloop
  endfacet
  facet normal 0 0 1
    outer loop
      vertex 28.2857 -25.8791 2
      vertex 25.04 -24.72 2
      vertex 27.9681 -26.001 2
    endloop
  endfacet
  facet normal 0 0 1
    outer loop
      vertex 25.04 24.72 2
      vertex 27.3797 26.3407 2
      vertex 27.1153 26.5548 2
    endloop
  endfacet
  facet normal 0 0 1
    outer loop
      vertex 27.9681 -26.001 2
      vertex 25.04 -24.72 2
      vertex 27.665 -26.1554 2
    endloop
  endfacet
  facet normal 0 0 1
    outer loop
      vertex 25.04 24.72 2
      vertex 27.1153 26.5548 2
      vertex 26.8748 26.7953 2
    endloop
  endfacet
  facet normal 0 0 1
    outer loop
      vertex 27.665 -26.1554 2
      vertex 25.04 -24.72 2
      vertex 27.3797 -26.3407 2
    endloop
  endfacet
  facet normal 0 0 1
    outer loop
      vertex 25.04 24.72 2
      vertex 26.8748 26.7953 2
      vertex 26.6607 27.0597 2
    endloop
  endfacet
  facet normal 0 0 1
    outer loop
      vertex 27.3797 -26.3407 2
      vertex 25.04 -24.72 2
      vertex 27.1153 -26.5548 2
    endloop
  endfacet
  facet normal 0 0 1
    outer loop
      vertex 25.04 24.72 2
      vertex 26.6607 27.0597 2
      vertex 26.4754 27.345 2
    endloop
  endfacet
  facet normal 0 0 1
    outer loop
      vertex 27.1153 -26.5548 2
      vertex 25.04 -24.72 2
      vertex 26.8748 -26.7953 2
    endloop
  endfacet
  facet normal 0 0 1
    outer loop
      vertex 25.04 24.72 2
      vertex 26.4754 27.345 2
      vertex 26.321 27.6481 2
    endloop
  endfacet
  facet normal 0 0 1
    outer loop
      vertex 26.8748 -26.7953 2
      vertex 25.04 -24.72 2
      vertex 26.6607 -27.0597 2
    endloop
  endfacet
  facet normal 0 0 1
    outer loop
      vertex 25.04 24.72 2
      vertex 26.321 27.6481 2
      vertex 26.1991 27.9657 2
    endloop
  endfacet
  facet normal 0 0 1
    outer loop
      vertex 26.6607 -27.0597 2
      vertex 25.04 -24.72 2
      vertex 26.4754 -27.345 2
    endloop
  endfacet
  facet normal 0 0 1
    outer loop
      vertex 25.04 24.72 2
      vertex 26.1991 27.9657 2
      vertex 26.111 28.2943 2
    endloop
  endfacet
  facet normal 0 0 1
    outer loop
      vertex 26.4754 -27.345 2
      vertex 25.04 -24.72 2
      vertex 26.321 -27.6481 2
    endloop
  endfacet
  facet normal 0 0 1
    outer loop
      vertex 25.04 24.72 2
      vertex 26.111 28.2943 2
      vertex 26.0578 28.6303 2
    endloop
  endfacet
  facet normal 0 0 1
    outer loop
      vertex 26.321 -27.6481 2
      vertex 25.04 -24.72 2
      vertex 26.1991 -27.9657 2
    endloop
  endfacet
  facet normal 0 0 1
    outer loop
      vertex 25.04 24.72 2
      vertex 26.0578 28.6303 2
      vertex 26.04 28.97 2
    endloop
  endfacet
  facet normal 0 0 1
    outer loop
      vertex 26.1991 -27.9657 2
      vertex 25.04 -24.72 2
      vertex 26.111 -28.2943 2
    endloop
  endfacet
  facet normal 0 0 1
    outer loop
      vertex 32.5222 28.6303 2
      vertex 34.29 33.97 2
      vertex 32.54 28.97 2
    endloop
  endfacet
  facet normal 0 0 1
    outer loop
      vertex 34.29 33.97 2
      vertex 32.5222 29.3097 2
      vertex 32.54 28.97 2
    endloop
  endfacet
  facet normal 0 0 1
    outer loop
      vertex 34.29 33.97 2
      vertex 32.469 29.6457 2
      vertex 32.5222 29.3097 2
    endloop
  endfacet
  facet normal 0 0 1
    outer loop
      vertex 34.29 33.97 2
      vertex 32.3809 29.9743 2
      vertex 32.469 29.6457 2
    endloop
  endfacet
  facet normal 0 0 1
    outer loop
      vertex 34.29 33.97 2
      vertex 32.259 30.2919 2
      vertex 32.3809 29.9743 2
    endloop
  endfacet
  facet normal 0 0 1
    outer loop
      vertex 34.29 33.97 2
      vertex 32.1046 30.595 2
      vertex 32.259 30.2919 2
    endloop
  endfacet
  facet normal 0 0 1
    outer loop
      vertex 34.29 33.97 2
      vertex 31.9193 30.8803 2
      vertex 32.1046 30.595 2
    endloop
  endfacet
  facet normal 0 0 1
    outer loop
      vertex 34.29 33.97 2
      vertex 31.7052 31.1447 2
      vertex 31.9193 30.8803 2
    endloop
  endfacet
  facet normal 0 0 1
    outer loop
      vertex 34.29 33.97 2
      vertex 31.4647 31.3852 2
      vertex 31.7052 31.1447 2
    endloop
  endfacet
  facet normal 0 0 1
    outer loop
      vertex 34.29 33.97 2
      vertex 31.2003 31.5993 2
      vertex 31.4647 31.3852 2
    endloop
  endfacet
  facet normal 0 0 1
    outer loop
      vertex 34.29 33.97 2
      vertex 30.915 31.7846 2
      vertex 31.2003 31.5993 2
    endloop
  endfacet
  facet normal 0 0 1
    outer loop
      vertex 34.29 33.97 2
      vertex 30.6119 31.939 2
      vertex 30.915 31.7846 2
    endloop
  endfacet
  facet normal 0 0 1
    outer loop
      vertex 34.29 33.97 2
      vertex 30.2943 32.0609 2
      vertex 30.6119 31.939 2
    endloop
  endfacet
  facet normal 0 0 1
    outer loop
      vertex 34.29 33.97 2
      vertex 29.9657 32.149 2
      vertex 30.2943 32.0609 2
    endloop
  endfacet
  facet normal 0 0 1
    outer loop
      vertex 34.29 33.97 2
      vertex 29.6297 32.2022 2
      vertex 29.9657 32.149 2
    endloop
  endfacet
  facet normal 0 0 1
    outer loop
      vertex 34.29 33.97 2
      vertex 29.29 32.22 2
      vertex 29.6297 32.2022 2
    endloop
  endfacet
  facet normal 0 0 1
    outer loop
      vertex 34.29 33.97 2
      vertex 28.9503 32.2022 2
      vertex 29.29 32.22 2
    endloop
  endfacet
  facet normal 0 0 1
    outer loop
      vertex 34.29 33.97 2
      vertex 28.6143 32.149 2
      vertex 28.9503 32.2022 2
    endloop
  endfacet
  facet normal 0 0 1
    outer loop
      vertex 34.29 33.97 2
      vertex 28.2857 32.0609 2
      vertex 28.6143 32.149 2
    endloop
  endfacet
  facet normal 0 0 1
    outer loop
      vertex 26.111 -28.2943 2
      vertex 25.04 -24.72 2
      vertex 26.0578 -28.6303 2
    endloop
  endfacet
  facet normal 0 0 1
    outer loop
      vertex 26.0578 29.3097 2
      vertex 25.04 24.72 2
      vertex 26.04 28.97 2
    endloop
  endfacet
  facet normal 0 0 1
    outer loop
      vertex -26.0578 29.3097 2
      vertex 26.0578 29.3097 2
      vertex 26.111 29.6457 2
    endloop
  endfacet
  facet normal 0 0 1
    outer loop
      vertex 26.0578 29.3097 2
      vertex -25.04 24.72 2
      vertex 25.04 24.72 2
    endloop
  endfacet
  facet normal 0 0 1
    outer loop
      vertex -26.111 29.6457 2
      vertex 26.111 29.6457 2
      vertex 26.1991 29.9743 2
    endloop
  endfacet
  facet normal 0 0 1
    outer loop
      vertex -26.1991 29.9743 2
      vertex 26.1991 29.9743 2
      vertex 26.321 30.2919 2
    endloop
  endfacet
  facet normal 0 0 1
    outer loop
      vertex -26.321 30.2919 2
      vertex 26.321 30.2919 2
      vertex 26.4754 30.595 2
    endloop
  endfacet
  facet normal 0 0 1
    outer loop
      vertex -26.4754 30.595 2
      vertex 26.4754 30.595 2
      vertex 26.6607 30.8803 2
    endloop
  endfacet
  facet normal 0 0 1
    outer loop
      vertex -26.6607 30.8803 2
      vertex 26.6607 30.8803 2
      vertex 26.8748 31.1447 2
    endloop
  endfacet
  facet normal 0 0 1
    outer loop
      vertex -26.8748 31.1447 2
      vertex 26.8748 31.1447 2
      vertex 27.1153 31.3852 2
    endloop
  endfacet
  facet normal 0 0 1
    outer loop
      vertex -27.1153 31.3852 2
      vertex 27.1153 31.3852 2
      vertex 27.3797 31.5993 2
    endloop
  endfacet
  facet normal 0 0 1
    outer loop
      vertex -27.3797 31.5993 2
      vertex 27.3797 31.5993 2
      vertex 27.665 31.7846 2
    endloop
  endfacet
  facet normal 0 0 1
    outer loop
      vertex -27.665 31.7846 2
      vertex 27.665 31.7846 2
      vertex 27.9681 31.939 2
    endloop
  endfacet
  facet normal 0 0 1
    outer loop
      vertex -27.9681 31.939 2
      vertex 27.9681 31.939 2
      vertex 28.2857 32.0609 2
    endloop
  endfacet
  facet normal 0 0 1
    outer loop
      vertex -28.2857 32.0609 2
      vertex 28.2857 32.0609 2
      vertex 34.29 33.97 2
    endloop
  endfacet
  facet normal -0 0 1
    outer loop
      vertex -26.0578 28.6303 2
      vertex -25.04 24.72 2
      vertex -26.04 28.97 2
    endloop
  endfacet
  facet normal 0 0 1
    outer loop
      vertex 26.0578 29.3097 2
      vertex -26.0578 29.3097 2
      vertex -25.04 24.72 2
    endloop
  endfacet
  facet normal 0 0 1
    outer loop
      vertex -25.04 24.72 2
      vertex -26.0578 29.3097 2
      vertex -26.04 28.97 2
    endloop
  endfacet
  facet normal 0 0 1
    outer loop
      vertex 26.111 29.6457 2
      vertex -26.111 29.6457 2
      vertex -26.0578 29.3097 2
    endloop
  endfacet
  facet normal 0 0 1
    outer loop
      vertex 26.1991 29.9743 2
      vertex -26.1991 29.9743 2
      vertex -26.111 29.6457 2
    endloop
  endfacet
  facet normal 0 0 1
    outer loop
      vertex 26.321 30.2919 2
      vertex -26.321 30.2919 2
      vertex -26.1991 29.9743 2
    endloop
  endfacet
  facet normal 0 0 1
    outer loop
      vertex 26.4754 30.595 2
      vertex -26.4754 30.595 2
      vertex -26.321 30.2919 2
    endloop
  endfacet
  facet normal 0 0 1
    outer loop
      vertex 26.6607 30.8803 2
      vertex -26.6607 30.8803 2
      vertex -26.4754 30.595 2
    endloop
  endfacet
  facet normal 0 0 1
    outer loop
      vertex 26.8748 31.1447 2
      vertex -26.8748 31.1447 2
      vertex -26.6607 30.8803 2
    endloop
  endfacet
  facet normal 0 0 1
    outer loop
      vertex 27.1153 31.3852 2
      vertex -27.1153 31.3852 2
      vertex -26.8748 31.1447 2
    endloop
  endfacet
  facet normal 0 0 1
    outer loop
      vertex 27.3797 31.5993 2
      vertex -27.3797 31.5993 2
      vertex -27.1153 31.3852 2
    endloop
  endfacet
  facet normal 0 0 1
    outer loop
      vertex 27.665 31.7846 2
      vertex -27.665 31.7846 2
      vertex -27.3797 31.5993 2
    endloop
  endfacet
  facet normal 0 0 1
    outer loop
      vertex 27.9681 31.939 2
      vertex -27.9681 31.939 2
      vertex -27.665 31.7846 2
    endloop
  endfacet
  facet normal 0 0 1
    outer loop
      vertex 28.2857 32.0609 2
      vertex -28.2857 32.0609 2
      vertex -27.9681 31.939 2
    endloop
  endfacet
  facet normal -0 0 1
    outer loop
      vertex -34.29 33.97 2
      vertex -28.2857 32.0609 2
      vertex 34.29 33.97 2
    endloop
  endfacet
  facet normal 0 0 1
    outer loop
      vertex -28.2857 32.0609 2
      vertex -34.29 33.97 2
      vertex -28.6143 32.149 2
    endloop
  endfacet
  facet normal 0 0 1
    outer loop
      vertex -28.6143 32.149 2
      vertex -34.29 33.97 2
      vertex -28.9503 32.2022 2
    endloop
  endfacet
  facet normal 0 0 1
    outer loop
      vertex -32.469 -28.2943 2
      vertex -34.29 -33.97 2
      vertex -32.5222 -28.6303 2
    endloop
  endfacet
  facet normal 0 0 1
    outer loop
      vertex -32.5222 29.3097 2
      vertex -34.29 33.97 2
      vertex -32.54 28.97 2
    endloop
  endfacet
  facet normal 0 0 1
    outer loop
      vertex -32.469 29.6457 2
      vertex -34.29 33.97 2
      vertex -32.5222 29.3097 2
    endloop
  endfacet
  facet normal 0 0 1
    outer loop
      vertex -32.3809 29.9743 2
      vertex -34.29 33.97 2
      vertex -32.469 29.6457 2
    endloop
  endfacet
  facet normal 0 0 1
    outer loop
      vertex -32.259 30.2919 2
      vertex -34.29 33.97 2
      vertex -32.3809 29.9743 2
    endloop
  endfacet
  facet normal 0 0 1
    outer loop
      vertex -32.1046 30.595 2
      vertex -34.29 33.97 2
      vertex -32.259 30.2919 2
    endloop
  endfacet
  facet normal 0 0 1
    outer loop
      vertex -31.9193 30.8803 2
      vertex -34.29 33.97 2
      vertex -32.1046 30.595 2
    endloop
  endfacet
  facet normal 0 0 1
    outer loop
      vertex -31.7052 31.1447 2
      vertex -34.29 33.97 2
      vertex -31.9193 30.8803 2
    endloop
  endfacet
  facet normal 0 0 1
    outer loop
      vertex -31.4647 31.3852 2
      vertex -34.29 33.97 2
      vertex -31.7052 31.1447 2
    endloop
  endfacet
  facet normal 0 0 1
    outer loop
      vertex -31.2003 31.5993 2
      vertex -34.29 33.97 2
      vertex -31.4647 31.3852 2
    endloop
  endfacet
  facet normal 0 0 1
    outer loop
      vertex -30.915 31.7846 2
      vertex -34.29 33.97 2
      vertex -31.2003 31.5993 2
    endloop
  endfacet
  facet normal 0 0 1
    outer loop
      vertex -30.6119 31.939 2
      vertex -34.29 33.97 2
      vertex -30.915 31.7846 2
    endloop
  endfacet
  facet normal 0 0 1
    outer loop
      vertex -30.2943 32.0609 2
      vertex -34.29 33.97 2
      vertex -30.6119 31.939 2
    endloop
  endfacet
  facet normal 0 0 1
    outer loop
      vertex -29.9657 32.149 2
      vertex -34.29 33.97 2
      vertex -30.2943 32.0609 2
    endloop
  endfacet
  facet normal 0 0 1
    outer loop
      vertex -29.6297 32.2022 2
      vertex -34.29 33.97 2
      vertex -29.9657 32.149 2
    endloop
  endfacet
  facet normal 0 0 1
    outer loop
      vertex -29.29 32.22 2
      vertex -34.29 33.97 2
      vertex -29.6297 32.2022 2
    endloop
  endfacet
  facet normal 0 0 1
    outer loop
      vertex -28.9503 32.2022 2
      vertex -34.29 33.97 2
      vertex -29.29 32.22 2
    endloop
  endfacet
  facet normal 0 0 1
    outer loop
      vertex 32.469 28.2943 2
      vertex 34.29 33.97 2
      vertex 32.5222 28.6303 2
    endloop
  endfacet
  facet normal -0 0 1
    outer loop
      vertex 32.5222 -29.3097 2
      vertex 34.29 -33.97 2
      vertex 32.54 -28.97 2
    endloop
  endfacet
  facet normal -0 0 1
    outer loop
      vertex 32.469 -29.6457 2
      vertex 34.29 -33.97 2
      vertex 32.5222 -29.3097 2
    endloop
  endfacet
  facet normal -0 0 1
    outer loop
      vertex 32.3809 -29.9743 2
      vertex 34.29 -33.97 2
      vertex 32.469 -29.6457 2
    endloop
  endfacet
  facet normal -0 0 1
    outer loop
      vertex 32.259 -30.2919 2
      vertex 34.29 -33.97 2
      vertex 32.3809 -29.9743 2
    endloop
  endfacet
  facet normal -0 0 1
    outer loop
      vertex 32.1046 -30.595 2
      vertex 34.29 -33.97 2
      vertex 32.259 -30.2919 2
    endloop
  endfacet
  facet normal -0 0 1
    outer loop
      vertex 31.9193 -30.8803 2
      vertex 34.29 -33.97 2
      vertex 32.1046 -30.595 2
    endloop
  endfacet
  facet normal -0 0 1
    outer loop
      vertex 31.7052 -31.1447 2
      vertex 34.29 -33.97 2
      vertex 31.9193 -30.8803 2
    endloop
  endfacet
  facet normal -0 0 1
    outer loop
      vertex 31.4647 -31.3852 2
      vertex 34.29 -33.97 2
      vertex 31.7052 -31.1447 2
    endloop
  endfacet
  facet normal -0 0 1
    outer loop
      vertex 31.2003 -31.5993 2
      vertex 34.29 -33.97 2
      vertex 31.4647 -31.3852 2
    endloop
  endfacet
  facet normal -0 0 1
    outer loop
      vertex 30.915 -31.7846 2
      vertex 34.29 -33.97 2
      vertex 31.2003 -31.5993 2
    endloop
  endfacet
  facet normal -0 0 1
    outer loop
      vertex 30.6119 -31.939 2
      vertex 34.29 -33.97 2
      vertex 30.915 -31.7846 2
    endloop
  endfacet
  facet normal -0 0 1
    outer loop
      vertex 30.2943 -32.0609 2
      vertex 34.29 -33.97 2
      vertex 30.6119 -31.939 2
    endloop
  endfacet
  facet normal -0 0 1
    outer loop
      vertex 29.9657 -32.149 2
      vertex 34.29 -33.97 2
      vertex 30.2943 -32.0609 2
    endloop
  endfacet
  facet normal -0 0 1
    outer loop
      vertex 29.6297 -32.2022 2
      vertex 34.29 -33.97 2
      vertex 29.9657 -32.149 2
    endloop
  endfacet
  facet normal -0 0 1
    outer loop
      vertex 29.29 -32.22 2
      vertex 34.29 -33.97 2
      vertex 29.6297 -32.2022 2
    endloop
  endfacet
  facet normal 0 0 1
    outer loop
      vertex 28.9503 -32.2022 2
      vertex 34.29 -33.97 2
      vertex 29.29 -32.22 2
    endloop
  endfacet
  facet normal 0 0 1
    outer loop
      vertex 28.6143 -32.149 2
      vertex 34.29 -33.97 2
      vertex 28.9503 -32.2022 2
    endloop
  endfacet
  facet normal 0 0 1
    outer loop
      vertex 28.2857 -32.0609 2
      vertex 34.29 -33.97 2
      vertex 28.6143 -32.149 2
    endloop
  endfacet
  facet normal 0 0 1
    outer loop
      vertex 26.0578 -28.6303 2
      vertex 25.04 -24.72 2
      vertex 26.04 -28.97 2
    endloop
  endfacet
  facet normal 0 0 1
    outer loop
      vertex 7.7 -28.97 2
      vertex 26.04 -28.97 2
      vertex 25.04 -24.72 2
    endloop
  endfacet
  facet normal 0 0 1
    outer loop
      vertex 26.04 -28.97 2
      vertex 7.7 -28.97 2
      vertex 26.0578 -29.3097 2
    endloop
  endfacet
  facet normal -0 0 1
    outer loop
      vertex 7.69069 -29.1477 2
      vertex 26.0578 -29.3097 2
      vertex 7.7 -28.97 2
    endloop
  endfacet
  facet normal 0 0 1
    outer loop
      vertex 7.66285 -29.3234 2
      vertex 26.0578 -29.3097 2
      vertex 7.69069 -29.1477 2
    endloop
  endfacet
  facet normal 0 0 1
    outer loop
      vertex 26.0578 -29.3097 2
      vertex 7.66285 -29.3234 2
      vertex 26.111 -29.6457 2
    endloop
  endfacet
  facet normal -0 0 1
    outer loop
      vertex 7.6168 -29.4953 2
      vertex 26.111 -29.6457 2
      vertex 7.66285 -29.3234 2
    endloop
  endfacet
  facet normal 0 0 1
    outer loop
      vertex 26.111 -29.6457 2
      vertex 7.6168 -29.4953 2
      vertex 26.1991 -29.9743 2
    endloop
  endfacet
  facet normal -0 0 1
    outer loop
      vertex 7.55303 -29.6615 2
      vertex 26.1991 -29.9743 2
      vertex 7.6168 -29.4953 2
    endloop
  endfacet
  facet normal 0 0 1
    outer loop
      vertex 26.1991 -29.9743 2
      vertex 7.55303 -29.6615 2
      vertex 26.321 -30.2919 2
    endloop
  endfacet
  facet normal -0 0 1
    outer loop
      vertex 7.47224 -29.82 2
      vertex 26.321 -30.2919 2
      vertex 7.55303 -29.6615 2
    endloop
  endfacet
  facet normal 0 0 1
    outer loop
      vertex 26.321 -30.2919 2
      vertex 7.47224 -29.82 2
      vertex 26.4754 -30.595 2
    endloop
  endfacet
  facet normal -0 0 1
    outer loop
      vertex 7.37533 -29.9692 2
      vertex 26.4754 -30.595 2
      vertex 7.47224 -29.82 2
    endloop
  endfacet
  facet normal 0 0 1
    outer loop
      vertex 26.4754 -30.595 2
      vertex 7.37533 -29.9692 2
      vertex 26.6607 -30.8803 2
    endloop
  endfacet
  facet normal -0 0 1
    outer loop
      vertex 7.26335 -30.1075 2
      vertex 26.6607 -30.8803 2
      vertex 7.37533 -29.9692 2
    endloop
  endfacet
  facet normal 0 0 1
    outer loop
      vertex 26.6607 -30.8803 2
      vertex 7.26335 -30.1075 2
      vertex 26.8748 -31.1447 2
    endloop
  endfacet
  facet normal -0 0 1
    outer loop
      vertex 7.13752 -30.2333 2
      vertex 26.8748 -31.1447 2
      vertex 7.26335 -30.1075 2
    endloop
  endfacet
  facet normal 0 0 1
    outer loop
      vertex 26.8748 -31.1447 2
      vertex 7.13752 -30.2333 2
      vertex 27.1153 -31.3852 2
    endloop
  endfacet
  facet normal -0 0 1
    outer loop
      vertex 6.99923 -30.3453 2
      vertex 27.1153 -31.3852 2
      vertex 7.13752 -30.2333 2
    endloop
  endfacet
  facet normal 0 0 1
    outer loop
      vertex 27.1153 -31.3852 2
      vertex 6.99923 -30.3453 2
      vertex 27.3797 -31.5993 2
    endloop
  endfacet
  facet normal -0 0 1
    outer loop
      vertex 6.85 -30.4422 2
      vertex 27.3797 -31.5993 2
      vertex 6.99923 -30.3453 2
    endloop
  endfacet
  facet normal -0 0 1
    outer loop
      vertex 6.69145 -30.523 2
      vertex 27.3797 -31.5993 2
      vertex 6.85 -30.4422 2
    endloop
  endfacet
  facet normal 0 0 1
    outer loop
      vertex 27.3797 -31.5993 2
      vertex 6.69145 -30.523 2
      vertex 27.665 -31.7846 2
    endloop
  endfacet
  facet normal -0 0 1
    outer loop
      vertex 6.52533 -30.5868 2
      vertex 27.665 -31.7846 2
      vertex 6.69145 -30.523 2
    endloop
  endfacet
  facet normal 0 0 1
    outer loop
      vertex 27.665 -31.7846 2
      vertex 6.52533 -30.5868 2
      vertex 27.9681 -31.939 2
    endloop
  endfacet
  facet normal -0 0 1
    outer loop
      vertex 6.35345 -30.6329 2
      vertex 27.9681 -31.939 2
      vertex 6.52533 -30.5868 2
    endloop
  endfacet
  facet normal 0 0 1
    outer loop
      vertex 27.9681 -31.939 2
      vertex 6.35345 -30.6329 2
      vertex 28.2857 -32.0609 2
    endloop
  endfacet
  facet normal -0 0 1
    outer loop
      vertex 6.1777 -30.6607 2
      vertex 28.2857 -32.0609 2
      vertex 6.35345 -30.6329 2
    endloop
  endfacet
  facet normal 0 0 1
    outer loop
      vertex 28.2857 -32.0609 2
      vertex 6.1777 -30.6607 2
      vertex 34.29 -33.97 2
    endloop
  endfacet
  facet normal -0 0 1
    outer loop
      vertex 6 -30.67 2
      vertex 34.29 -33.97 2
      vertex 6.1777 -30.6607 2
    endloop
  endfacet
  facet normal 0 0 1
    outer loop
      vertex -6 -30.67 2
      vertex 6 -30.67 2
      vertex 5.8223 -30.6607 2
    endloop
  endfacet
  facet normal -0 0 1
    outer loop
      vertex -4.3 -28.97 2
      vertex 4.30931 -29.1477 2
      vertex 4.3 -28.97 2
    endloop
  endfacet
  facet normal 0 0 1
    outer loop
      vertex -4.30931 -29.1477 2
      vertex 4.30931 -29.1477 2
      vertex -4.3 -28.97 2
    endloop
  endfacet
  facet normal 0 0 1
    outer loop
      vertex 4.30931 -29.1477 2
      vertex -4.30931 -29.1477 2
      vertex 4.33715 -29.3234 2
    endloop
  endfacet
  facet normal 0 0 1
    outer loop
      vertex -4.33715 -29.3234 2
      vertex 4.33715 -29.3234 2
      vertex -4.30931 -29.1477 2
    endloop
  endfacet
  facet normal 0 0 1
    outer loop
      vertex 4.33715 -29.3234 2
      vertex -4.33715 -29.3234 2
      vertex 4.3832 -29.4953 2
    endloop
  endfacet
  facet normal 0 0 1
    outer loop
      vertex -4.3832 -29.4953 2
      vertex 4.3832 -29.4953 2
      vertex -4.33715 -29.3234 2
    endloop
  endfacet
  facet normal 0 0 1
    outer loop
      vertex 4.3832 -29.4953 2
      vertex -4.3832 -29.4953 2
      vertex 4.44697 -29.6615 2
    endloop
  endfacet
  facet normal 0 0 1
    outer loop
      vertex -4.44697 -29.6615 2
      vertex 4.44697 -29.6615 2
      vertex -4.3832 -29.4953 2
    endloop
  endfacet
  facet normal 0 0 1
    outer loop
      vertex 4.44697 -29.6615 2
      vertex -4.44697 -29.6615 2
      vertex 4.52776 -29.82 2
    endloop
  endfacet
  facet normal 0 0 1
    outer loop
      vertex -4.52776 -29.82 2
      vertex 4.52776 -29.82 2
      vertex -4.44697 -29.6615 2
    endloop
  endfacet
  facet normal 0 0 1
    outer loop
      vertex 4.52776 -29.82 2
      vertex -4.52776 -29.82 2
      vertex 4.62467 -29.9692 2
    endloop
  endfacet
  facet normal 0 0 1
    outer loop
      vertex -4.62467 -29.9692 2
      vertex 4.62467 -29.9692 2
      vertex -4.52776 -29.82 2
    endloop
  endfacet
  facet normal 0 0 1
    outer loop
      vertex 4.62467 -29.9692 2
      vertex -4.62467 -29.9692 2
      vertex 4.73665 -30.1075 2
    endloop
  endfacet
  facet normal 0 0 1
    outer loop
      vertex -4.73665 -30.1075 2
      vertex 4.73665 -30.1075 2
      vertex -4.62467 -29.9692 2
    endloop
  endfacet
  facet normal 0 0 1
    outer loop
      vertex 4.73665 -30.1075 2
      vertex -4.73665 -30.1075 2
      vertex 4.86248 -30.2333 2
    endloop
  endfacet
  facet normal 0 0 1
    outer loop
      vertex -4.86248 -30.2333 2
      vertex 4.86248 -30.2333 2
      vertex -4.73665 -30.1075 2
    endloop
  endfacet
  facet normal 0 0 1
    outer loop
      vertex 4.86248 -30.2333 2
      vertex -4.86248 -30.2333 2
      vertex 5.00076 -30.3453 2
    endloop
  endfacet
  facet normal 0 0 1
    outer loop
      vertex -5.00076 -30.3453 2
      vertex 5.00076 -30.3453 2
      vertex -4.86248 -30.2333 2
    endloop
  endfacet
  facet normal 0 0 1
    outer loop
      vertex 5.00076 -30.3453 2
      vertex -5.00076 -30.3453 2
      vertex 5.15 -30.4422 2
    endloop
  endfacet
  facet normal 0 0 1
    outer loop
      vertex -5.15 -30.4422 2
      vertex 5.15 -30.4422 2
      vertex -5.00076 -30.3453 2
    endloop
  endfacet
  facet normal 0 0 1
    outer loop
      vertex 5.15 -30.4422 2
      vertex -5.15 -30.4422 2
      vertex 5.30855 -30.523 2
    endloop
  endfacet
  facet normal 0 0 1
    outer loop
      vertex -5.30855 -30.523 2
      vertex 5.30855 -30.523 2
      vertex -5.15 -30.4422 2
    endloop
  endfacet
  facet normal 0 0 1
    outer loop
      vertex 5.30855 -30.523 2
      vertex -5.30855 -30.523 2
      vertex 5.47467 -30.5868 2
    endloop
  endfacet
  facet normal 0 0 1
    outer loop
      vertex -5.47467 -30.5868 2
      vertex 5.47467 -30.5868 2
      vertex -5.30855 -30.523 2
    endloop
  endfacet
  facet normal 0 0 1
    outer loop
      vertex 5.47467 -30.5868 2
      vertex -5.47467 -30.5868 2
      vertex 5.64655 -30.6329 2
    endloop
  endfacet
  facet normal 0 0 1
    outer loop
      vertex -5.64655 -30.6329 2
      vertex 5.64655 -30.6329 2
      vertex -5.47467 -30.5868 2
    endloop
  endfacet
  facet normal 0 0 1
    outer loop
      vertex 5.64655 -30.6329 2
      vertex -5.64655 -30.6329 2
      vertex 5.8223 -30.6607 2
    endloop
  endfacet
  facet normal 0 0 1
    outer loop
      vertex -5.8223 -30.6607 2
      vertex 5.8223 -30.6607 2
      vertex -5.64655 -30.6329 2
    endloop
  endfacet
  facet normal 0 0 1
    outer loop
      vertex -6 -30.67 2
      vertex 5.8223 -30.6607 2
      vertex -5.8223 -30.6607 2
    endloop
  endfacet
  facet normal 0 0 1
    outer loop
      vertex 6 -30.67 2
      vertex -6 -30.67 2
      vertex 34.29 -33.97 2
    endloop
  endfacet
  facet normal 0 0 1
    outer loop
      vertex -34.29 -33.97 2
      vertex -6 -30.67 2
      vertex -6.1777 -30.6607 2
    endloop
  endfacet
  facet normal 0 0 1
    outer loop
      vertex -26.04 -28.97 2
      vertex -7.7 -28.97 2
      vertex -25.04 -24.72 2
    endloop
  endfacet
  facet normal 0 0 1
    outer loop
      vertex -7.7 -28.97 2
      vertex -26.04 -28.97 2
      vertex -7.69069 -29.1477 2
    endloop
  endfacet
  facet normal 0 0 1
    outer loop
      vertex -26.0578 -29.3097 2
      vertex -7.69069 -29.1477 2
      vertex -26.04 -28.97 2
    endloop
  endfacet
  facet normal 0 0 1
    outer loop
      vertex -7.69069 -29.1477 2
      vertex -26.0578 -29.3097 2
      vertex -7.66285 -29.3234 2
    endloop
  endfacet
  facet normal 0 0 1
    outer loop
      vertex -26.111 -29.6457 2
      vertex -7.66285 -29.3234 2
      vertex -26.0578 -29.3097 2
    endloop
  endfacet
  facet normal 0 0 1
    outer loop
      vertex -7.66285 -29.3234 2
      vertex -26.111 -29.6457 2
      vertex -7.6168 -29.4953 2
    endloop
  endfacet
  facet normal 0 0 1
    outer loop
      vertex -26.1991 -29.9743 2
      vertex -7.6168 -29.4953 2
      vertex -26.111 -29.6457 2
    endloop
  endfacet
  facet normal 0 0 1
    outer loop
      vertex -7.6168 -29.4953 2
      vertex -26.1991 -29.9743 2
      vertex -7.55303 -29.6615 2
    endloop
  endfacet
  facet normal 0 0 1
    outer loop
      vertex -26.321 -30.2919 2
      vertex -7.55303 -29.6615 2
      vertex -26.1991 -29.9743 2
    endloop
  endfacet
  facet normal 0 0 1
    outer loop
      vertex -7.55303 -29.6615 2
      vertex -26.321 -30.2919 2
      vertex -7.47224 -29.82 2
    endloop
  endfacet
  facet normal 0 0 1
    outer loop
      vertex -26.4754 -30.595 2
      vertex -7.47224 -29.82 2
      vertex -26.321 -30.2919 2
    endloop
  endfacet
  facet normal 0 0 1
    outer loop
      vertex -7.47224 -29.82 2
      vertex -26.4754 -30.595 2
      vertex -7.37533 -29.9692 2
    endloop
  endfacet
  facet normal -0 0 1
    outer loop
      vertex -26.111 28.2943 2
      vertex -25.04 24.72 2
      vertex -26.0578 28.6303 2
    endloop
  endfacet
  facet normal 0 0 1
    outer loop
      vertex -26.6607 -30.8803 2
      vertex -7.37533 -29.9692 2
      vertex -26.4754 -30.595 2
    endloop
  endfacet
  facet normal 0 0 1
    outer loop
      vertex -7.37533 -29.9692 2
      vertex -26.6607 -30.8803 2
      vertex -7.26335 -30.1075 2
    endloop
  endfacet
  facet normal 0 0 1
    outer loop
      vertex -26.8748 -31.1447 2
      vertex -7.26335 -30.1075 2
      vertex -26.6607 -30.8803 2
    endloop
  endfacet
  facet normal 0 0 1
    outer loop
      vertex -7.26335 -30.1075 2
      vertex -26.8748 -31.1447 2
      vertex -7.13752 -30.2333 2
    endloop
  endfacet
  facet normal 0 0 1
    outer loop
      vertex -7.13752 -30.2333 2
      vertex -26.8748 -31.1447 2
      vertex -6.99923 -30.3453 2
    endloop
  endfacet
  facet normal 0 0 1
    outer loop
      vertex -27.1153 -31.3852 2
      vertex -6.99923 -30.3453 2
      vertex -26.8748 -31.1447 2
    endloop
  endfacet
  facet normal 0 0 1
    outer loop
      vertex -6.99923 -30.3453 2
      vertex -27.1153 -31.3852 2
      vertex -6.85 -30.4422 2
    endloop
  endfacet
  facet normal 0 0 1
    outer loop
      vertex -27.3797 -31.5993 2
      vertex -6.85 -30.4422 2
      vertex -27.1153 -31.3852 2
    endloop
  endfacet
  facet normal 0 0 1
    outer loop
      vertex -6.85 -30.4422 2
      vertex -27.3797 -31.5993 2
      vertex -6.69145 -30.523 2
    endloop
  endfacet
  facet normal 0 0 1
    outer loop
      vertex -27.665 -31.7846 2
      vertex -6.69145 -30.523 2
      vertex -27.3797 -31.5993 2
    endloop
  endfacet
  facet normal 0 0 1
    outer loop
      vertex -6.69145 -30.523 2
      vertex -27.665 -31.7846 2
      vertex -6.52533 -30.5868 2
    endloop
  endfacet
  facet normal 0 0 1
    outer loop
      vertex -27.9681 -31.939 2
      vertex -6.52533 -30.5868 2
      vertex -27.665 -31.7846 2
    endloop
  endfacet
  facet normal 0 0 1
    outer loop
      vertex -6.52533 -30.5868 2
      vertex -27.9681 -31.939 2
      vertex -6.35345 -30.6329 2
    endloop
  endfacet
  facet normal 0 0 1
    outer loop
      vertex -28.2857 -32.0609 2
      vertex -6.35345 -30.6329 2
      vertex -27.9681 -31.939 2
    endloop
  endfacet
  facet normal 0 0 1
    outer loop
      vertex -6.35345 -30.6329 2
      vertex -28.2857 -32.0609 2
      vertex -6.1777 -30.6607 2
    endloop
  endfacet
  facet normal 0 0 1
    outer loop
      vertex -34.29 -33.97 2
      vertex -6.1777 -30.6607 2
      vertex -28.2857 -32.0609 2
    endloop
  endfacet
  facet normal 0 0 1
    outer loop
      vertex -34.29 -33.97 2
      vertex -28.2857 -32.0609 2
      vertex -28.6143 -32.149 2
    endloop
  endfacet
  facet normal 0 0 1
    outer loop
      vertex -34.29 -33.97 2
      vertex -28.6143 -32.149 2
      vertex -28.9503 -32.2022 2
    endloop
  endfacet
  facet normal 0 0 1
    outer loop
      vertex -34.29 -33.97 2
      vertex -28.9503 -32.2022 2
      vertex -29.29 -32.22 2
    endloop
  endfacet
  facet normal 0 0 1
    outer loop
      vertex -6 -30.67 2
      vertex -34.29 -33.97 2
      vertex 34.29 -33.97 2
    endloop
  endfacet
  facet normal 0 0 1
    outer loop
      vertex -29.6297 -32.2022 2
      vertex -34.29 -33.97 2
      vertex -29.29 -32.22 2
    endloop
  endfacet
  facet normal 0 0 1
    outer loop
      vertex -29.9657 -32.149 2
      vertex -34.29 -33.97 2
      vertex -29.6297 -32.2022 2
    endloop
  endfacet
  facet normal 0 0 1
    outer loop
      vertex -30.2943 -32.0609 2
      vertex -34.29 -33.97 2
      vertex -29.9657 -32.149 2
    endloop
  endfacet
  facet normal 0 0 1
    outer loop
      vertex -30.6119 -31.939 2
      vertex -34.29 -33.97 2
      vertex -30.2943 -32.0609 2
    endloop
  endfacet
  facet normal 0 0 1
    outer loop
      vertex -30.915 -31.7846 2
      vertex -34.29 -33.97 2
      vertex -30.6119 -31.939 2
    endloop
  endfacet
  facet normal 0 0 1
    outer loop
      vertex -31.2003 -31.5993 2
      vertex -34.29 -33.97 2
      vertex -30.915 -31.7846 2
    endloop
  endfacet
  facet normal 0 0 1
    outer loop
      vertex -31.4647 -31.3852 2
      vertex -34.29 -33.97 2
      vertex -31.2003 -31.5993 2
    endloop
  endfacet
  facet normal 0 0 1
    outer loop
      vertex -31.7052 -31.1447 2
      vertex -34.29 -33.97 2
      vertex -31.4647 -31.3852 2
    endloop
  endfacet
  facet normal 0 0 1
    outer loop
      vertex -31.9193 -30.8803 2
      vertex -34.29 -33.97 2
      vertex -31.7052 -31.1447 2
    endloop
  endfacet
  facet normal 0 0 1
    outer loop
      vertex -32.1046 -30.595 2
      vertex -34.29 -33.97 2
      vertex -31.9193 -30.8803 2
    endloop
  endfacet
  facet normal 0 0 1
    outer loop
      vertex -32.259 -30.2919 2
      vertex -34.29 -33.97 2
      vertex -32.1046 -30.595 2
    endloop
  endfacet
  facet normal 0 0 1
    outer loop
      vertex -32.3809 -29.9743 2
      vertex -34.29 -33.97 2
      vertex -32.259 -30.2919 2
    endloop
  endfacet
  facet normal 0 0 1
    outer loop
      vertex -32.469 -29.6457 2
      vertex -34.29 -33.97 2
      vertex -32.3809 -29.9743 2
    endloop
  endfacet
  facet normal 0 0 1
    outer loop
      vertex -32.5222 -29.3097 2
      vertex -34.29 -33.97 2
      vertex -32.469 -29.6457 2
    endloop
  endfacet
  facet normal 0 0 1
    outer loop
      vertex -32.54 -28.97 2
      vertex -34.29 -33.97 2
      vertex -32.5222 -29.3097 2
    endloop
  endfacet
  facet normal 0 0 1
    outer loop
      vertex -32.5222 -28.6303 2
      vertex -34.29 -33.97 2
      vertex -32.54 -28.97 2
    endloop
  endfacet
  facet normal -1 0 0
    outer loop
      vertex -34.29 -33.97 0
      vertex -34.29 33.97 2
      vertex -34.29 33.97 0
    endloop
  endfacet
  facet normal -1 -0 0
    outer loop
      vertex -34.29 33.97 2
      vertex -34.29 -33.97 0
      vertex -34.29 -33.97 2
    endloop
  endfacet
  facet normal 0 1 -0
    outer loop
      vertex 34.29 33.97 0
      vertex -34.29 33.97 2
      vertex 34.29 33.97 2
    endloop
  endfacet
  facet normal 0 1 0
    outer loop
      vertex -34.29 33.97 2
      vertex 34.29 33.97 0
      vertex -34.29 33.97 0
    endloop
  endfacet
  facet normal 0 -1 0
    outer loop
      vertex -34.29 -33.97 0
      vertex 34.29 -33.97 2
      vertex -34.29 -33.97 2
    endloop
  endfacet
  facet normal 0 -1 -0
    outer loop
      vertex 34.29 -33.97 2
      vertex -34.29 -33.97 0
      vertex 34.29 -33.97 0
    endloop
  endfacet
  facet normal -0.987629 -0.156808 0
    outer loop
      vertex -27.8479 -28.8184 0
      vertex -27.8717 -28.6685 7
      vertex -27.8717 -28.6685 0
    endloop
  endfacet
  facet normal -0.987629 -0.156808 0
    outer loop
      vertex -27.8717 -28.6685 7
      vertex -27.8479 -28.8184 0
      vertex -27.8479 -28.8184 7
    endloop
  endfacet
  facet normal -0.998645 -0.0520402 0
    outer loop
      vertex -27.84 -28.97 0
      vertex -27.8479 -28.8184 7
      vertex -27.8479 -28.8184 0
    endloop
  endfacet
  facet normal -0.998645 -0.0520402 0
    outer loop
      vertex -27.8479 -28.8184 7
      vertex -27.84 -28.97 0
      vertex -27.84 -28.97 7
    endloop
  endfacet
  facet normal -0.965895 -0.258934 0
    outer loop
      vertex -27.8717 -28.6685 0
      vertex -27.911 -28.5219 7
      vertex -27.911 -28.5219 0
    endloop
  endfacet
  facet normal -0.965895 -0.258934 0
    outer loop
      vertex -27.911 -28.5219 7
      vertex -27.8717 -28.6685 0
      vertex -27.8717 -28.6685 7
    endloop
  endfacet
  facet normal 0.707107 0.707107 0
    outer loop
      vertex -30.2602 -30.0476 7
      vertex -30.3676 -29.9402 0
      vertex -30.3676 -29.9402 7
    endloop
  endfacet
  facet normal 0.707107 0.707107 0
    outer loop
      vertex -30.3676 -29.9402 0
      vertex -30.2602 -30.0476 7
      vertex -30.2602 -30.0476 0
    endloop
  endfacet
  facet normal -0.629426 0.777061 0
    outer loop
      vertex -28.3198 -30.0476 0
      vertex -28.4377 -30.1431 7
      vertex -28.3198 -30.0476 7
    endloop
  endfacet
  facet normal -0.629426 0.777061 0
    outer loop
      vertex -28.4377 -30.1431 7
      vertex -28.3198 -30.0476 0
      vertex -28.4377 -30.1431 0
    endloop
  endfacet
  facet normal 0.987629 -0.156808 0
    outer loop
      vertex -30.7321 -28.8184 7
      vertex -30.7083 -28.6685 0
      vertex -30.7083 -28.6685 7
    endloop
  endfacet
  facet normal 0.987629 -0.156808 0
    outer loop
      vertex -30.7083 -28.6685 0
      vertex -30.7321 -28.8184 7
      vertex -30.7321 -28.8184 0
    endloop
  endfacet
  facet normal -0.777061 -0.629426 0
    outer loop
      vertex -28.1169 -28.1177 0
      vertex -28.2124 -27.9998 7
      vertex -28.2124 -27.9998 0
    endloop
  endfacet
  facet normal -0.777061 -0.629426 0
    outer loop
      vertex -28.2124 -27.9998 7
      vertex -28.1169 -28.1177 0
      vertex -28.1169 -28.1177 7
    endloop
  endfacet
  facet normal -0.544316 0.83888 0
    outer loop
      vertex -28.4377 -30.1431 0
      vertex -28.565 -30.2257 7
      vertex -28.4377 -30.1431 7
    endloop
  endfacet
  facet normal -0.544316 0.83888 0
    outer loop
      vertex -28.565 -30.2257 7
      vertex -28.4377 -30.1431 0
      vertex -28.565 -30.2257 0
    endloop
  endfacet
  facet normal -0.933566 -0.358405 0
    outer loop
      vertex -27.911 -28.5219 0
      vertex -27.9654 -28.3802 7
      vertex -27.9654 -28.3802 0
    endloop
  endfacet
  facet normal -0.933566 -0.358405 0
    outer loop
      vertex -27.9654 -28.3802 7
      vertex -27.911 -28.5219 0
      vertex -27.911 -28.5219 7
    endloop
  endfacet
  facet normal 0.358405 -0.933566 0
    outer loop
      vertex -29.8798 -27.6454 0
      vertex -29.7381 -27.591 7
      vertex -29.8798 -27.6454 7
    endloop
  endfacet
  facet normal 0.358405 -0.933566 0
    outer loop
      vertex -29.7381 -27.591 7
      vertex -29.8798 -27.6454 0
      vertex -29.7381 -27.591 0
    endloop
  endfacet
  facet normal 0.965895 0.258934 0
    outer loop
      vertex -30.669 -29.4181 7
      vertex -30.7083 -29.2715 0
      vertex -30.7083 -29.2715 7
    endloop
  endfacet
  facet normal 0.965895 0.258934 0
    outer loop
      vertex -30.7083 -29.2715 0
      vertex -30.669 -29.4181 7
      vertex -30.669 -29.4181 0
    endloop
  endfacet
  facet normal 0.933566 0.358405 0
    outer loop
      vertex -30.6146 -29.5598 7
      vertex -30.669 -29.4181 0
      vertex -30.669 -29.4181 7
    endloop
  endfacet
  facet normal 0.933566 0.358405 0
    outer loop
      vertex -30.669 -29.4181 0
      vertex -30.6146 -29.5598 7
      vertex -30.6146 -29.5598 0
    endloop
  endfacet
  facet normal -0.358405 -0.933566 0
    outer loop
      vertex -28.8419 -27.591 0
      vertex -28.7002 -27.6454 7
      vertex -28.8419 -27.591 7
    endloop
  endfacet
  facet normal -0.358405 -0.933566 -0
    outer loop
      vertex -28.7002 -27.6454 7
      vertex -28.8419 -27.591 0
      vertex -28.7002 -27.6454 0
    endloop
  endfacet
  facet normal 0.965895 -0.258934 0
    outer loop
      vertex -30.7083 -28.6685 7
      vertex -30.669 -28.5219 0
      vertex -30.669 -28.5219 7
    endloop
  endfacet
  facet normal 0.965895 -0.258934 0
    outer loop
      vertex -30.669 -28.5219 0
      vertex -30.7083 -28.6685 7
      vertex -30.7083 -28.6685 0
    endloop
  endfacet
  facet normal 0.777061 0.629426 0
    outer loop
      vertex -30.3676 -29.9402 7
      vertex -30.4631 -29.8223 0
      vertex -30.4631 -29.8223 7
    endloop
  endfacet
  facet normal 0.777061 0.629426 0
    outer loop
      vertex -30.4631 -29.8223 0
      vertex -30.3676 -29.9402 7
      vertex -30.3676 -29.9402 0
    endloop
  endfacet
  facet normal 0.890974 -0.454054 0
    outer loop
      vertex -30.6146 -28.3802 7
      vertex -30.5457 -28.245 0
      vertex -30.5457 -28.245 7
    endloop
  endfacet
  facet normal 0.890974 -0.454054 0
    outer loop
      vertex -30.5457 -28.245 0
      vertex -30.6146 -28.3802 7
      vertex -30.6146 -28.3802 0
    endloop
  endfacet
  facet normal 0.987629 0.156808 0
    outer loop
      vertex -30.7083 -29.2715 7
      vertex -30.7321 -29.1216 0
      vertex -30.7321 -29.1216 7
    endloop
  endfacet
  facet normal 0.987629 0.156808 0
    outer loop
      vertex -30.7321 -29.1216 0
      vertex -30.7083 -29.2715 7
      vertex -30.7083 -29.2715 0
    endloop
  endfacet
  facet normal -0.777061 0.629426 0
    outer loop
      vertex -28.2124 -29.9402 0
      vertex -28.1169 -29.8223 7
      vertex -28.1169 -29.8223 0
    endloop
  endfacet
  facet normal -0.777061 0.629426 0
    outer loop
      vertex -28.1169 -29.8223 7
      vertex -28.2124 -29.9402 0
      vertex -28.2124 -29.9402 7
    endloop
  endfacet
  facet normal -0.890974 0.454054 0
    outer loop
      vertex -28.0343 -29.695 0
      vertex -27.9654 -29.5598 7
      vertex -27.9654 -29.5598 0
    endloop
  endfacet
  facet normal -0.890974 0.454054 0
    outer loop
      vertex -27.9654 -29.5598 7
      vertex -28.0343 -29.695 0
      vertex -28.0343 -29.695 7
    endloop
  endfacet
  facet normal -0.707107 0.707107 0
    outer loop
      vertex -28.3198 -30.0476 0
      vertex -28.2124 -29.9402 7
      vertex -28.2124 -29.9402 0
    endloop
  endfacet
  facet normal -0.707107 0.707107 0
    outer loop
      vertex -28.2124 -29.9402 7
      vertex -28.3198 -30.0476 0
      vertex -28.3198 -30.0476 7
    endloop
  endfacet
  facet normal 0.0520402 -0.998645 0
    outer loop
      vertex -29.4416 -27.5279 0
      vertex -29.29 -27.52 7
      vertex -29.4416 -27.5279 7
    endloop
  endfacet
  facet normal 0.0520402 -0.998645 0
    outer loop
      vertex -29.29 -27.52 7
      vertex -29.4416 -27.5279 0
      vertex -29.29 -27.52 0
    endloop
  endfacet
  facet normal -0.544316 -0.83888 0
    outer loop
      vertex -28.565 -27.7143 0
      vertex -28.4377 -27.7969 7
      vertex -28.565 -27.7143 7
    endloop
  endfacet
  facet normal -0.544316 -0.83888 -0
    outer loop
      vertex -28.4377 -27.7969 7
      vertex -28.565 -27.7143 0
      vertex -28.4377 -27.7969 0
    endloop
  endfacet
  facet normal 0.83888 0.544316 0
    outer loop
      vertex -30.4631 -29.8223 7
      vertex -30.5457 -29.695 0
      vertex -30.5457 -29.695 7
    endloop
  endfacet
  facet normal 0.83888 0.544316 0
    outer loop
      vertex -30.5457 -29.695 0
      vertex -30.4631 -29.8223 7
      vertex -30.4631 -29.8223 0
    endloop
  endfacet
  facet normal -0.629426 -0.777061 0
    outer loop
      vertex -28.4377 -27.7969 0
      vertex -28.3198 -27.8924 7
      vertex -28.4377 -27.7969 7
    endloop
  endfacet
  facet normal -0.629426 -0.777061 -0
    outer loop
      vertex -28.3198 -27.8924 7
      vertex -28.4377 -27.7969 0
      vertex -28.3198 -27.8924 0
    endloop
  endfacet
  facet normal 0.998645 0.0520402 0
    outer loop
      vertex -30.7321 -29.1216 7
      vertex -30.74 -28.97 0
      vertex -30.74 -28.97 7
    endloop
  endfacet
  facet normal 0.998645 0.0520402 0
    outer loop
      vertex -30.74 -28.97 0
      vertex -30.7321 -29.1216 7
      vertex -30.7321 -29.1216 0
    endloop
  endfacet
  facet normal 0.544316 -0.83888 0
    outer loop
      vertex -30.1423 -27.7969 0
      vertex -30.015 -27.7143 7
      vertex -30.1423 -27.7969 7
    endloop
  endfacet
  facet normal 0.544316 -0.83888 0
    outer loop
      vertex -30.015 -27.7143 7
      vertex -30.1423 -27.7969 0
      vertex -30.015 -27.7143 0
    endloop
  endfacet
  facet normal -0.890974 -0.454054 0
    outer loop
      vertex -27.9654 -28.3802 0
      vertex -28.0343 -28.245 7
      vertex -28.0343 -28.245 0
    endloop
  endfacet
  facet normal -0.890974 -0.454054 0
    outer loop
      vertex -28.0343 -28.245 7
      vertex -27.9654 -28.3802 0
      vertex -27.9654 -28.3802 7
    endloop
  endfacet
  facet normal 0.258934 0.965895 -0
    outer loop
      vertex -29.5915 -30.3883 0
      vertex -29.7381 -30.349 7
      vertex -29.5915 -30.3883 7
    endloop
  endfacet
  facet normal 0.258934 0.965895 0
    outer loop
      vertex -29.7381 -30.349 7
      vertex -29.5915 -30.3883 0
      vertex -29.7381 -30.349 0
    endloop
  endfacet
  facet normal -0.156808 -0.987629 0
    outer loop
      vertex -29.1384 -27.5279 0
      vertex -28.9885 -27.5517 7
      vertex -29.1384 -27.5279 7
    endloop
  endfacet
  facet normal -0.156808 -0.987629 -0
    outer loop
      vertex -28.9885 -27.5517 7
      vertex -29.1384 -27.5279 0
      vertex -28.9885 -27.5517 0
    endloop
  endfacet
  facet normal 0.544316 0.83888 -0
    outer loop
      vertex -30.015 -30.2257 0
      vertex -30.1423 -30.1431 7
      vertex -30.015 -30.2257 7
    endloop
  endfacet
  facet normal 0.544316 0.83888 0
    outer loop
      vertex -30.1423 -30.1431 7
      vertex -30.015 -30.2257 0
      vertex -30.1423 -30.1431 0
    endloop
  endfacet
  facet normal 0.890974 0.454054 0
    outer loop
      vertex -30.5457 -29.695 7
      vertex -30.6146 -29.5598 0
      vertex -30.6146 -29.5598 7
    endloop
  endfacet
  facet normal 0.890974 0.454054 0
    outer loop
      vertex -30.6146 -29.5598 0
      vertex -30.5457 -29.695 7
      vertex -30.5457 -29.695 0
    endloop
  endfacet
  facet normal -0.358405 0.933566 0
    outer loop
      vertex -28.7002 -30.2946 0
      vertex -28.8419 -30.349 7
      vertex -28.7002 -30.2946 7
    endloop
  endfacet
  facet normal -0.358405 0.933566 0
    outer loop
      vertex -28.8419 -30.349 7
      vertex -28.7002 -30.2946 0
      vertex -28.8419 -30.349 0
    endloop
  endfacet
  facet normal -0.454054 0.890974 0
    outer loop
      vertex -28.565 -30.2257 0
      vertex -28.7002 -30.2946 7
      vertex -28.565 -30.2257 7
    endloop
  endfacet
  facet normal -0.454054 0.890974 0
    outer loop
      vertex -28.7002 -30.2946 7
      vertex -28.565 -30.2257 0
      vertex -28.7002 -30.2946 0
    endloop
  endfacet
  facet normal 0.454054 -0.890974 0
    outer loop
      vertex -30.015 -27.7143 0
      vertex -29.8798 -27.6454 7
      vertex -30.015 -27.7143 7
    endloop
  endfacet
  facet normal 0.454054 -0.890974 0
    outer loop
      vertex -29.8798 -27.6454 7
      vertex -30.015 -27.7143 0
      vertex -29.8798 -27.6454 0
    endloop
  endfacet
  facet normal 0.933566 -0.358405 0
    outer loop
      vertex -30.669 -28.5219 7
      vertex -30.6146 -28.3802 0
      vertex -30.6146 -28.3802 7
    endloop
  endfacet
  facet normal 0.933566 -0.358405 0
    outer loop
      vertex -30.6146 -28.3802 0
      vertex -30.669 -28.5219 7
      vertex -30.669 -28.5219 0
    endloop
  endfacet
  facet normal -0.987629 0.156808 0
    outer loop
      vertex -27.8717 -29.2715 0
      vertex -27.8479 -29.1216 7
      vertex -27.8479 -29.1216 0
    endloop
  endfacet
  facet normal -0.987629 0.156808 0
    outer loop
      vertex -27.8479 -29.1216 7
      vertex -27.8717 -29.2715 0
      vertex -27.8717 -29.2715 7
    endloop
  endfacet
  facet normal -0.998645 0.0520402 0
    outer loop
      vertex -27.8479 -29.1216 0
      vertex -27.84 -28.97 7
      vertex -27.84 -28.97 0
    endloop
  endfacet
  facet normal -0.998645 0.0520402 0
    outer loop
      vertex -27.84 -28.97 7
      vertex -27.8479 -29.1216 0
      vertex -27.8479 -29.1216 7
    endloop
  endfacet
  facet normal -0.965895 0.258934 0
    outer loop
      vertex -27.911 -29.4181 0
      vertex -27.8717 -29.2715 7
      vertex -27.8717 -29.2715 0
    endloop
  endfacet
  facet normal -0.965895 0.258934 0
    outer loop
      vertex -27.8717 -29.2715 7
      vertex -27.911 -29.4181 0
      vertex -27.911 -29.4181 7
    endloop
  endfacet
  facet normal -0.156808 0.987629 0
    outer loop
      vertex -28.9885 -30.3883 0
      vertex -29.1384 -30.4121 7
      vertex -28.9885 -30.3883 7
    endloop
  endfacet
  facet normal -0.156808 0.987629 0
    outer loop
      vertex -29.1384 -30.4121 7
      vertex -28.9885 -30.3883 0
      vertex -29.1384 -30.4121 0
    endloop
  endfacet
  facet normal -0.83888 0.544316 0
    outer loop
      vertex -28.1169 -29.8223 0
      vertex -28.0343 -29.695 7
      vertex -28.0343 -29.695 0
    endloop
  endfacet
  facet normal -0.83888 0.544316 0
    outer loop
      vertex -28.0343 -29.695 7
      vertex -28.1169 -29.8223 0
      vertex -28.1169 -29.8223 7
    endloop
  endfacet
  facet normal -0.454054 -0.890974 0
    outer loop
      vertex -28.7002 -27.6454 0
      vertex -28.565 -27.7143 7
      vertex -28.7002 -27.6454 7
    endloop
  endfacet
  facet normal -0.454054 -0.890974 -0
    outer loop
      vertex -28.565 -27.7143 7
      vertex -28.7002 -27.6454 0
      vertex -28.565 -27.7143 0
    endloop
  endfacet
  facet normal -0.707107 -0.707107 0
    outer loop
      vertex -28.2124 -27.9998 0
      vertex -28.3198 -27.8924 7
      vertex -28.3198 -27.8924 0
    endloop
  endfacet
  facet normal -0.707107 -0.707107 0
    outer loop
      vertex -28.3198 -27.8924 7
      vertex -28.2124 -27.9998 0
      vertex -28.2124 -27.9998 7
    endloop
  endfacet
  facet normal 0.156808 -0.987629 0
    outer loop
      vertex -29.5915 -27.5517 0
      vertex -29.4416 -27.5279 7
      vertex -29.5915 -27.5517 7
    endloop
  endfacet
  facet normal 0.156808 -0.987629 0
    outer loop
      vertex -29.4416 -27.5279 7
      vertex -29.5915 -27.5517 0
      vertex -29.4416 -27.5279 0
    endloop
  endfacet
  facet normal -0.933566 0.358405 0
    outer loop
      vertex -27.9654 -29.5598 0
      vertex -27.911 -29.4181 7
      vertex -27.911 -29.4181 0
    endloop
  endfacet
  facet normal -0.933566 0.358405 0
    outer loop
      vertex -27.911 -29.4181 7
      vertex -27.9654 -29.5598 0
      vertex -27.9654 -29.5598 7
    endloop
  endfacet
  facet normal 0.629426 0.777061 -0
    outer loop
      vertex -30.1423 -30.1431 0
      vertex -30.2602 -30.0476 7
      vertex -30.1423 -30.1431 7
    endloop
  endfacet
  facet normal 0.629426 0.777061 0
    outer loop
      vertex -30.2602 -30.0476 7
      vertex -30.1423 -30.1431 0
      vertex -30.2602 -30.0476 0
    endloop
  endfacet
  facet normal -0.83888 -0.544316 0
    outer loop
      vertex -28.0343 -28.245 0
      vertex -28.1169 -28.1177 7
      vertex -28.1169 -28.1177 0
    endloop
  endfacet
  facet normal -0.83888 -0.544316 0
    outer loop
      vertex -28.1169 -28.1177 7
      vertex -28.0343 -28.245 0
      vertex -28.0343 -28.245 7
    endloop
  endfacet
  facet normal -0.0520402 -0.998645 0
    outer loop
      vertex -29.29 -27.52 0
      vertex -29.1384 -27.5279 7
      vertex -29.29 -27.52 7
    endloop
  endfacet
  facet normal -0.0520402 -0.998645 -0
    outer loop
      vertex -29.1384 -27.5279 7
      vertex -29.29 -27.52 0
      vertex -29.1384 -27.5279 0
    endloop
  endfacet
  facet normal 0.629426 -0.777061 0
    outer loop
      vertex -30.2602 -27.8924 0
      vertex -30.1423 -27.7969 7
      vertex -30.2602 -27.8924 7
    endloop
  endfacet
  facet normal 0.629426 -0.777061 0
    outer loop
      vertex -30.1423 -27.7969 7
      vertex -30.2602 -27.8924 0
      vertex -30.1423 -27.7969 0
    endloop
  endfacet
  facet normal 0.258934 -0.965895 0
    outer loop
      vertex -29.7381 -27.591 0
      vertex -29.5915 -27.5517 7
      vertex -29.7381 -27.591 7
    endloop
  endfacet
  facet normal 0.258934 -0.965895 0
    outer loop
      vertex -29.5915 -27.5517 7
      vertex -29.7381 -27.591 0
      vertex -29.5915 -27.5517 0
    endloop
  endfacet
  facet normal 0.707107 -0.707107 0
    outer loop
      vertex -30.3676 -27.9998 0
      vertex -30.2602 -27.8924 7
      vertex -30.3676 -27.9998 7
    endloop
  endfacet
  facet normal 0.707107 -0.707107 0
    outer loop
      vertex -30.2602 -27.8924 7
      vertex -30.3676 -27.9998 0
      vertex -30.2602 -27.8924 0
    endloop
  endfacet
  facet normal 0.0520402 0.998645 -0
    outer loop
      vertex -29.29 -30.42 0
      vertex -29.4416 -30.4121 7
      vertex -29.29 -30.42 7
    endloop
  endfacet
  facet normal 0.0520402 0.998645 0
    outer loop
      vertex -29.4416 -30.4121 7
      vertex -29.29 -30.42 0
      vertex -29.4416 -30.4121 0
    endloop
  endfacet
  facet normal 0.83888 -0.544316 0
    outer loop
      vertex -30.5457 -28.245 7
      vertex -30.4631 -28.1177 0
      vertex -30.4631 -28.1177 7
    endloop
  endfacet
  facet normal 0.83888 -0.544316 0
    outer loop
      vertex -30.4631 -28.1177 0
      vertex -30.5457 -28.245 7
      vertex -30.5457 -28.245 0
    endloop
  endfacet
  facet normal -0.0520402 0.998645 0
    outer loop
      vertex -29.1384 -30.4121 0
      vertex -29.29 -30.42 7
      vertex -29.1384 -30.4121 7
    endloop
  endfacet
  facet normal -0.0520402 0.998645 0
    outer loop
      vertex -29.29 -30.42 7
      vertex -29.1384 -30.4121 0
      vertex -29.29 -30.42 0
    endloop
  endfacet
  facet normal -0.258934 0.965895 0
    outer loop
      vertex -28.8419 -30.349 0
      vertex -28.9885 -30.3883 7
      vertex -28.8419 -30.349 7
    endloop
  endfacet
  facet normal -0.258934 0.965895 0
    outer loop
      vertex -28.9885 -30.3883 7
      vertex -28.8419 -30.349 0
      vertex -28.9885 -30.3883 0
    endloop
  endfacet
  facet normal 0.358405 0.933566 -0
    outer loop
      vertex -29.7381 -30.349 0
      vertex -29.8798 -30.2946 7
      vertex -29.7381 -30.349 7
    endloop
  endfacet
  facet normal 0.358405 0.933566 0
    outer loop
      vertex -29.8798 -30.2946 7
      vertex -29.7381 -30.349 0
      vertex -29.8798 -30.2946 0
    endloop
  endfacet
  facet normal -0.258934 -0.965895 0
    outer loop
      vertex -28.9885 -27.5517 0
      vertex -28.8419 -27.591 7
      vertex -28.9885 -27.5517 7
    endloop
  endfacet
  facet normal -0.258934 -0.965895 -0
    outer loop
      vertex -28.8419 -27.591 7
      vertex -28.9885 -27.5517 0
      vertex -28.8419 -27.591 0
    endloop
  endfacet
  facet normal 0.777061 -0.629426 0
    outer loop
      vertex -30.4631 -28.1177 7
      vertex -30.3676 -27.9998 0
      vertex -30.3676 -27.9998 7
    endloop
  endfacet
  facet normal 0.777061 -0.629426 0
    outer loop
      vertex -30.3676 -27.9998 0
      vertex -30.4631 -28.1177 7
      vertex -30.4631 -28.1177 0
    endloop
  endfacet
  facet normal 0.998645 -0.0520402 0
    outer loop
      vertex -30.74 -28.97 7
      vertex -30.7321 -28.8184 0
      vertex -30.7321 -28.8184 7
    endloop
  endfacet
  facet normal 0.998645 -0.0520402 0
    outer loop
      vertex -30.7321 -28.8184 0
      vertex -30.74 -28.97 7
      vertex -30.74 -28.97 0
    endloop
  endfacet
  facet normal 0.454054 0.890974 -0
    outer loop
      vertex -29.8798 -30.2946 0
      vertex -30.015 -30.2257 7
      vertex -29.8798 -30.2946 7
    endloop
  endfacet
  facet normal 0.454054 0.890974 0
    outer loop
      vertex -30.015 -30.2257 7
      vertex -29.8798 -30.2946 0
      vertex -30.015 -30.2257 0
    endloop
  endfacet
  facet normal 0.156808 0.987629 -0
    outer loop
      vertex -29.4416 -30.4121 0
      vertex -29.5915 -30.3883 7
      vertex -29.4416 -30.4121 7
    endloop
  endfacet
  facet normal 0.156808 0.987629 0
    outer loop
      vertex -29.5915 -30.3883 7
      vertex -29.4416 -30.4121 0
      vertex -29.5915 -30.3883 0
    endloop
  endfacet
  facet normal 0.629426 0.777061 -0
    outer loop
      vertex -30.1423 27.7969 0
      vertex -30.2602 27.8924 7
      vertex -30.1423 27.7969 7
    endloop
  endfacet
  facet normal 0.629426 0.777061 0
    outer loop
      vertex -30.2602 27.8924 7
      vertex -30.1423 27.7969 0
      vertex -30.2602 27.8924 0
    endloop
  endfacet
  facet normal -0.998645 -0.0520402 0
    outer loop
      vertex -27.84 28.97 0
      vertex -27.8479 29.1216 7
      vertex -27.8479 29.1216 0
    endloop
  endfacet
  facet normal -0.998645 -0.0520402 0
    outer loop
      vertex -27.8479 29.1216 7
      vertex -27.84 28.97 0
      vertex -27.84 28.97 7
    endloop
  endfacet
  facet normal 0.987629 0.156808 0
    outer loop
      vertex -30.7083 28.6685 7
      vertex -30.7321 28.8184 0
      vertex -30.7321 28.8184 7
    endloop
  endfacet
  facet normal 0.987629 0.156808 0
    outer loop
      vertex -30.7321 28.8184 0
      vertex -30.7083 28.6685 7
      vertex -30.7083 28.6685 0
    endloop
  endfacet
  facet normal -0.987629 0.156808 0
    outer loop
      vertex -27.8717 28.6685 0
      vertex -27.8479 28.8184 7
      vertex -27.8479 28.8184 0
    endloop
  endfacet
  facet normal -0.987629 0.156808 0
    outer loop
      vertex -27.8479 28.8184 7
      vertex -27.8717 28.6685 0
      vertex -27.8717 28.6685 7
    endloop
  endfacet
  facet normal -0.0520402 -0.998645 0
    outer loop
      vertex -29.29 30.42 0
      vertex -29.1384 30.4121 7
      vertex -29.29 30.42 7
    endloop
  endfacet
  facet normal -0.0520402 -0.998645 -0
    outer loop
      vertex -29.1384 30.4121 7
      vertex -29.29 30.42 0
      vertex -29.1384 30.4121 0
    endloop
  endfacet
  facet normal -0.156808 0.987629 0
    outer loop
      vertex -28.9885 27.5517 0
      vertex -29.1384 27.5279 7
      vertex -28.9885 27.5517 7
    endloop
  endfacet
  facet normal -0.156808 0.987629 0
    outer loop
      vertex -29.1384 27.5279 7
      vertex -28.9885 27.5517 0
      vertex -29.1384 27.5279 0
    endloop
  endfacet
  facet normal 0.83888 0.544316 0
    outer loop
      vertex -30.4631 28.1177 7
      vertex -30.5457 28.245 0
      vertex -30.5457 28.245 7
    endloop
  endfacet
  facet normal 0.83888 0.544316 0
    outer loop
      vertex -30.5457 28.245 0
      vertex -30.4631 28.1177 7
      vertex -30.4631 28.1177 0
    endloop
  endfacet
  facet normal -0.777061 0.629426 0
    outer loop
      vertex -28.2124 27.9998 0
      vertex -28.1169 28.1177 7
      vertex -28.1169 28.1177 0
    endloop
  endfacet
  facet normal -0.777061 0.629426 0
    outer loop
      vertex -28.1169 28.1177 7
      vertex -28.2124 27.9998 0
      vertex -28.2124 27.9998 7
    endloop
  endfacet
  facet normal 0.258934 -0.965895 0
    outer loop
      vertex -29.7381 30.349 0
      vertex -29.5915 30.3883 7
      vertex -29.7381 30.349 7
    endloop
  endfacet
  facet normal 0.258934 -0.965895 0
    outer loop
      vertex -29.5915 30.3883 7
      vertex -29.7381 30.349 0
      vertex -29.5915 30.3883 0
    endloop
  endfacet
  facet normal 0.998645 -0.0520402 0
    outer loop
      vertex -30.74 28.97 7
      vertex -30.7321 29.1216 0
      vertex -30.7321 29.1216 7
    endloop
  endfacet
  facet normal 0.998645 -0.0520402 0
    outer loop
      vertex -30.7321 29.1216 0
      vertex -30.74 28.97 7
      vertex -30.74 28.97 0
    endloop
  endfacet
  facet normal -0.987629 -0.156808 0
    outer loop
      vertex -27.8479 29.1216 0
      vertex -27.8717 29.2715 7
      vertex -27.8717 29.2715 0
    endloop
  endfacet
  facet normal -0.987629 -0.156808 0
    outer loop
      vertex -27.8717 29.2715 7
      vertex -27.8479 29.1216 0
      vertex -27.8479 29.1216 7
    endloop
  endfacet
  facet normal -0.83888 -0.544316 0
    outer loop
      vertex -28.0343 29.695 0
      vertex -28.1169 29.8223 7
      vertex -28.1169 29.8223 0
    endloop
  endfacet
  facet normal -0.83888 -0.544316 0
    outer loop
      vertex -28.1169 29.8223 7
      vertex -28.0343 29.695 0
      vertex -28.0343 29.695 7
    endloop
  endfacet
  facet normal -0.454054 -0.890974 0
    outer loop
      vertex -28.7002 30.2946 0
      vertex -28.565 30.2257 7
      vertex -28.7002 30.2946 7
    endloop
  endfacet
  facet normal -0.454054 -0.890974 -0
    outer loop
      vertex -28.565 30.2257 7
      vertex -28.7002 30.2946 0
      vertex -28.565 30.2257 0
    endloop
  endfacet
  facet normal -0.707107 -0.707107 0
    outer loop
      vertex -28.2124 29.9402 0
      vertex -28.3198 30.0476 7
      vertex -28.3198 30.0476 0
    endloop
  endfacet
  facet normal -0.707107 -0.707107 0
    outer loop
      vertex -28.3198 30.0476 7
      vertex -28.2124 29.9402 0
      vertex -28.2124 29.9402 7
    endloop
  endfacet
  facet normal -0.965895 0.258934 0
    outer loop
      vertex -27.911 28.5219 0
      vertex -27.8717 28.6685 7
      vertex -27.8717 28.6685 0
    endloop
  endfacet
  facet normal -0.965895 0.258934 0
    outer loop
      vertex -27.8717 28.6685 7
      vertex -27.911 28.5219 0
      vertex -27.911 28.5219 7
    endloop
  endfacet
  facet normal 0.358405 -0.933566 0
    outer loop
      vertex -29.8798 30.2946 0
      vertex -29.7381 30.349 7
      vertex -29.8798 30.2946 7
    endloop
  endfacet
  facet normal 0.358405 -0.933566 0
    outer loop
      vertex -29.7381 30.349 7
      vertex -29.8798 30.2946 0
      vertex -29.7381 30.349 0
    endloop
  endfacet
  facet normal -0.965895 -0.258934 0
    outer loop
      vertex -27.8717 29.2715 0
      vertex -27.911 29.4181 7
      vertex -27.911 29.4181 0
    endloop
  endfacet
  facet normal -0.965895 -0.258934 0
    outer loop
      vertex -27.911 29.4181 7
      vertex -27.8717 29.2715 0
      vertex -27.8717 29.2715 7
    endloop
  endfacet
  facet normal -0.258934 -0.965895 0
    outer loop
      vertex -28.9885 30.3883 0
      vertex -28.8419 30.349 7
      vertex -28.9885 30.3883 7
    endloop
  endfacet
  facet normal -0.258934 -0.965895 -0
    outer loop
      vertex -28.8419 30.349 7
      vertex -28.9885 30.3883 0
      vertex -28.8419 30.349 0
    endloop
  endfacet
  facet normal -0.0520402 0.998645 0
    outer loop
      vertex -29.1384 27.5279 0
      vertex -29.29 27.52 7
      vertex -29.1384 27.5279 7
    endloop
  endfacet
  facet normal -0.0520402 0.998645 0
    outer loop
      vertex -29.29 27.52 7
      vertex -29.1384 27.5279 0
      vertex -29.29 27.52 0
    endloop
  endfacet
  facet normal -0.358405 0.933566 0
    outer loop
      vertex -28.7002 27.6454 0
      vertex -28.8419 27.591 7
      vertex -28.7002 27.6454 7
    endloop
  endfacet
  facet normal -0.358405 0.933566 0
    outer loop
      vertex -28.8419 27.591 7
      vertex -28.7002 27.6454 0
      vertex -28.8419 27.591 0
    endloop
  endfacet
  facet normal 0.156808 -0.987629 0
    outer loop
      vertex -29.5915 30.3883 0
      vertex -29.4416 30.4121 7
      vertex -29.5915 30.3883 7
    endloop
  endfacet
  facet normal 0.156808 -0.987629 0
    outer loop
      vertex -29.4416 30.4121 7
      vertex -29.5915 30.3883 0
      vertex -29.4416 30.4121 0
    endloop
  endfacet
  facet normal -0.544316 -0.83888 0
    outer loop
      vertex -28.565 30.2257 0
      vertex -28.4377 30.1431 7
      vertex -28.565 30.2257 7
    endloop
  endfacet
  facet normal -0.544316 -0.83888 -0
    outer loop
      vertex -28.4377 30.1431 7
      vertex -28.565 30.2257 0
      vertex -28.4377 30.1431 0
    endloop
  endfacet
  facet normal 0.544316 0.83888 -0
    outer loop
      vertex -30.015 27.7143 0
      vertex -30.1423 27.7969 7
      vertex -30.015 27.7143 7
    endloop
  endfacet
  facet normal 0.544316 0.83888 0
    outer loop
      vertex -30.1423 27.7969 7
      vertex -30.015 27.7143 0
      vertex -30.1423 27.7969 0
    endloop
  endfacet
  facet normal 0.777061 -0.629426 0
    outer loop
      vertex -30.4631 29.8223 7
      vertex -30.3676 29.9402 0
      vertex -30.3676 29.9402 7
    endloop
  endfacet
  facet normal 0.777061 -0.629426 0
    outer loop
      vertex -30.3676 29.9402 0
      vertex -30.4631 29.8223 7
      vertex -30.4631 29.8223 0
    endloop
  endfacet
  facet normal 0.0520402 0.998645 -0
    outer loop
      vertex -29.29 27.52 0
      vertex -29.4416 27.5279 7
      vertex -29.29 27.52 7
    endloop
  endfacet
  facet normal 0.0520402 0.998645 0
    outer loop
      vertex -29.4416 27.5279 7
      vertex -29.29 27.52 0
      vertex -29.4416 27.5279 0
    endloop
  endfacet
  facet normal 0.707107 -0.707107 0
    outer loop
      vertex -30.3676 29.9402 7
      vertex -30.2602 30.0476 0
      vertex -30.2602 30.0476 7
    endloop
  endfacet
  facet normal 0.707107 -0.707107 0
    outer loop
      vertex -30.2602 30.0476 0
      vertex -30.3676 29.9402 7
      vertex -30.3676 29.9402 0
    endloop
  endfacet
  facet normal 0.544316 -0.83888 0
    outer loop
      vertex -30.1423 30.1431 0
      vertex -30.015 30.2257 7
      vertex -30.1423 30.1431 7
    endloop
  endfacet
  facet normal 0.544316 -0.83888 0
    outer loop
      vertex -30.015 30.2257 7
      vertex -30.1423 30.1431 0
      vertex -30.015 30.2257 0
    endloop
  endfacet
  facet normal 0.965895 0.258934 0
    outer loop
      vertex -30.669 28.5219 7
      vertex -30.7083 28.6685 0
      vertex -30.7083 28.6685 7
    endloop
  endfacet
  facet normal 0.965895 0.258934 0
    outer loop
      vertex -30.7083 28.6685 0
      vertex -30.669 28.5219 7
      vertex -30.669 28.5219 0
    endloop
  endfacet
  facet normal -0.777061 -0.629426 0
    outer loop
      vertex -28.1169 29.8223 0
      vertex -28.2124 29.9402 7
      vertex -28.2124 29.9402 0
    endloop
  endfacet
  facet normal -0.777061 -0.629426 0
    outer loop
      vertex -28.2124 29.9402 7
      vertex -28.1169 29.8223 0
      vertex -28.1169 29.8223 7
    endloop
  endfacet
  facet normal -0.998645 0.0520402 0
    outer loop
      vertex -27.8479 28.8184 0
      vertex -27.84 28.97 7
      vertex -27.84 28.97 0
    endloop
  endfacet
  facet normal -0.998645 0.0520402 0
    outer loop
      vertex -27.84 28.97 7
      vertex -27.8479 28.8184 0
      vertex -27.8479 28.8184 7
    endloop
  endfacet
  facet normal 0.454054 -0.890974 0
    outer loop
      vertex -30.015 30.2257 0
      vertex -29.8798 30.2946 7
      vertex -30.015 30.2257 7
    endloop
  endfacet
  facet normal 0.454054 -0.890974 0
    outer loop
      vertex -29.8798 30.2946 7
      vertex -30.015 30.2257 0
      vertex -29.8798 30.2946 0
    endloop
  endfacet
  facet normal 0.987629 -0.156808 0
    outer loop
      vertex -30.7321 29.1216 7
      vertex -30.7083 29.2715 0
      vertex -30.7083 29.2715 7
    endloop
  endfacet
  facet normal 0.987629 -0.156808 0
    outer loop
      vertex -30.7083 29.2715 0
      vertex -30.7321 29.1216 7
      vertex -30.7321 29.1216 0
    endloop
  endfacet
  facet normal 0.777061 0.629426 0
    outer loop
      vertex -30.3676 27.9998 7
      vertex -30.4631 28.1177 0
      vertex -30.4631 28.1177 7
    endloop
  endfacet
  facet normal 0.777061 0.629426 0
    outer loop
      vertex -30.4631 28.1177 0
      vertex -30.3676 27.9998 7
      vertex -30.3676 27.9998 0
    endloop
  endfacet
  facet normal 0.965895 -0.258934 0
    outer loop
      vertex -30.7083 29.2715 7
      vertex -30.669 29.4181 0
      vertex -30.669 29.4181 7
    endloop
  endfacet
  facet normal 0.965895 -0.258934 0
    outer loop
      vertex -30.669 29.4181 0
      vertex -30.7083 29.2715 7
      vertex -30.7083 29.2715 0
    endloop
  endfacet
  facet normal -0.629426 -0.777061 0
    outer loop
      vertex -28.4377 30.1431 0
      vertex -28.3198 30.0476 7
      vertex -28.4377 30.1431 7
    endloop
  endfacet
  facet normal -0.629426 -0.777061 -0
    outer loop
      vertex -28.3198 30.0476 7
      vertex -28.4377 30.1431 0
      vertex -28.3198 30.0476 0
    endloop
  endfacet
  facet normal -0.454054 0.890974 0
    outer loop
      vertex -28.565 27.7143 0
      vertex -28.7002 27.6454 7
      vertex -28.565 27.7143 7
    endloop
  endfacet
  facet normal -0.454054 0.890974 0
    outer loop
      vertex -28.7002 27.6454 7
      vertex -28.565 27.7143 0
      vertex -28.7002 27.6454 0
    endloop
  endfacet
  facet normal 0.83888 -0.544316 0
    outer loop
      vertex -30.5457 29.695 7
      vertex -30.4631 29.8223 0
      vertex -30.4631 29.8223 7
    endloop
  endfacet
  facet normal 0.83888 -0.544316 0
    outer loop
      vertex -30.4631 29.8223 0
      vertex -30.5457 29.695 7
      vertex -30.5457 29.695 0
    endloop
  endfacet
  facet normal 0.629426 -0.777061 0
    outer loop
      vertex -30.2602 30.0476 0
      vertex -30.1423 30.1431 7
      vertex -30.2602 30.0476 7
    endloop
  endfacet
  facet normal 0.629426 -0.777061 0
    outer loop
      vertex -30.1423 30.1431 7
      vertex -30.2602 30.0476 0
      vertex -30.1423 30.1431 0
    endloop
  endfacet
  facet normal 0.0520402 -0.998645 0
    outer loop
      vertex -29.4416 30.4121 0
      vertex -29.29 30.42 7
      vertex -29.4416 30.4121 7
    endloop
  endfacet
  facet normal 0.0520402 -0.998645 0
    outer loop
      vertex -29.29 30.42 7
      vertex -29.4416 30.4121 0
      vertex -29.29 30.42 0
    endloop
  endfacet
  facet normal -0.890974 -0.454054 0
    outer loop
      vertex -27.9654 29.5598 0
      vertex -28.0343 29.695 7
      vertex -28.0343 29.695 0
    endloop
  endfacet
  facet normal -0.890974 -0.454054 0
    outer loop
      vertex -28.0343 29.695 7
      vertex -27.9654 29.5598 0
      vertex -27.9654 29.5598 7
    endloop
  endfacet
  facet normal -0.933566 -0.358405 0
    outer loop
      vertex -27.911 29.4181 0
      vertex -27.9654 29.5598 7
      vertex -27.9654 29.5598 0
    endloop
  endfacet
  facet normal -0.933566 -0.358405 0
    outer loop
      vertex -27.9654 29.5598 7
      vertex -27.911 29.4181 0
      vertex -27.911 29.4181 7
    endloop
  endfacet
  facet normal -0.83888 0.544316 0
    outer loop
      vertex -28.1169 28.1177 0
      vertex -28.0343 28.245 7
      vertex -28.0343 28.245 0
    endloop
  endfacet
  facet normal -0.83888 0.544316 0
    outer loop
      vertex -28.0343 28.245 7
      vertex -28.1169 28.1177 0
      vertex -28.1169 28.1177 7
    endloop
  endfacet
  facet normal -0.358405 -0.933566 0
    outer loop
      vertex -28.8419 30.349 0
      vertex -28.7002 30.2946 7
      vertex -28.8419 30.349 7
    endloop
  endfacet
  facet normal -0.358405 -0.933566 -0
    outer loop
      vertex -28.7002 30.2946 7
      vertex -28.8419 30.349 0
      vertex -28.7002 30.2946 0
    endloop
  endfacet
  facet normal -0.707107 0.707107 0
    outer loop
      vertex -28.3198 27.8924 0
      vertex -28.2124 27.9998 7
      vertex -28.2124 27.9998 0
    endloop
  endfacet
  facet normal -0.707107 0.707107 0
    outer loop
      vertex -28.2124 27.9998 7
      vertex -28.3198 27.8924 0
      vertex -28.3198 27.8924 7
    endloop
  endfacet
  facet normal -0.890974 0.454054 0
    outer loop
      vertex -28.0343 28.245 0
      vertex -27.9654 28.3802 7
      vertex -27.9654 28.3802 0
    endloop
  endfacet
  facet normal -0.890974 0.454054 0
    outer loop
      vertex -27.9654 28.3802 7
      vertex -28.0343 28.245 0
      vertex -28.0343 28.245 7
    endloop
  endfacet
  facet normal 0.358405 0.933566 -0
    outer loop
      vertex -29.7381 27.591 0
      vertex -29.8798 27.6454 7
      vertex -29.7381 27.591 7
    endloop
  endfacet
  facet normal 0.358405 0.933566 0
    outer loop
      vertex -29.8798 27.6454 7
      vertex -29.7381 27.591 0
      vertex -29.8798 27.6454 0
    endloop
  endfacet
  facet normal -0.933566 0.358405 0
    outer loop
      vertex -27.9654 28.3802 0
      vertex -27.911 28.5219 7
      vertex -27.911 28.5219 0
    endloop
  endfacet
  facet normal -0.933566 0.358405 0
    outer loop
      vertex -27.911 28.5219 7
      vertex -27.9654 28.3802 0
      vertex -27.9654 28.3802 7
    endloop
  endfacet
  facet normal 0.890974 -0.454054 0
    outer loop
      vertex -30.6146 29.5598 7
      vertex -30.5457 29.695 0
      vertex -30.5457 29.695 7
    endloop
  endfacet
  facet normal 0.890974 -0.454054 0
    outer loop
      vertex -30.5457 29.695 0
      vertex -30.6146 29.5598 7
      vertex -30.6146 29.5598 0
    endloop
  endfacet
  facet normal 0.454054 0.890974 -0
    outer loop
      vertex -29.8798 27.6454 0
      vertex -30.015 27.7143 7
      vertex -29.8798 27.6454 7
    endloop
  endfacet
  facet normal 0.454054 0.890974 0
    outer loop
      vertex -30.015 27.7143 7
      vertex -29.8798 27.6454 0
      vertex -30.015 27.7143 0
    endloop
  endfacet
  facet normal 0.156808 0.987629 -0
    outer loop
      vertex -29.4416 27.5279 0
      vertex -29.5915 27.5517 7
      vertex -29.4416 27.5279 7
    endloop
  endfacet
  facet normal 0.156808 0.987629 0
    outer loop
      vertex -29.5915 27.5517 7
      vertex -29.4416 27.5279 0
      vertex -29.5915 27.5517 0
    endloop
  endfacet
  facet normal 0.998645 0.0520402 0
    outer loop
      vertex -30.7321 28.8184 7
      vertex -30.74 28.97 0
      vertex -30.74 28.97 7
    endloop
  endfacet
  facet normal 0.998645 0.0520402 0
    outer loop
      vertex -30.74 28.97 0
      vertex -30.7321 28.8184 7
      vertex -30.7321 28.8184 0
    endloop
  endfacet
  facet normal -0.544316 0.83888 0
    outer loop
      vertex -28.4377 27.7969 0
      vertex -28.565 27.7143 7
      vertex -28.4377 27.7969 7
    endloop
  endfacet
  facet normal -0.544316 0.83888 0
    outer loop
      vertex -28.565 27.7143 7
      vertex -28.4377 27.7969 0
      vertex -28.565 27.7143 0
    endloop
  endfacet
  facet normal 0.933566 0.358405 0
    outer loop
      vertex -30.6146 28.3802 7
      vertex -30.669 28.5219 0
      vertex -30.669 28.5219 7
    endloop
  endfacet
  facet normal 0.933566 0.358405 0
    outer loop
      vertex -30.669 28.5219 0
      vertex -30.6146 28.3802 7
      vertex -30.6146 28.3802 0
    endloop
  endfacet
  facet normal 0.890974 0.454054 0
    outer loop
      vertex -30.5457 28.245 7
      vertex -30.6146 28.3802 0
      vertex -30.6146 28.3802 7
    endloop
  endfacet
  facet normal 0.890974 0.454054 0
    outer loop
      vertex -30.6146 28.3802 0
      vertex -30.5457 28.245 7
      vertex -30.5457 28.245 0
    endloop
  endfacet
  facet normal -0.156808 -0.987629 0
    outer loop
      vertex -29.1384 30.4121 0
      vertex -28.9885 30.3883 7
      vertex -29.1384 30.4121 7
    endloop
  endfacet
  facet normal -0.156808 -0.987629 -0
    outer loop
      vertex -28.9885 30.3883 7
      vertex -29.1384 30.4121 0
      vertex -28.9885 30.3883 0
    endloop
  endfacet
  facet normal -0.258934 0.965895 0
    outer loop
      vertex -28.8419 27.591 0
      vertex -28.9885 27.5517 7
      vertex -28.8419 27.591 7
    endloop
  endfacet
  facet normal -0.258934 0.965895 0
    outer loop
      vertex -28.9885 27.5517 7
      vertex -28.8419 27.591 0
      vertex -28.9885 27.5517 0
    endloop
  endfacet
  facet normal 0.933566 -0.358405 0
    outer loop
      vertex -30.669 29.4181 7
      vertex -30.6146 29.5598 0
      vertex -30.6146 29.5598 7
    endloop
  endfacet
  facet normal 0.933566 -0.358405 0
    outer loop
      vertex -30.6146 29.5598 0
      vertex -30.669 29.4181 7
      vertex -30.669 29.4181 0
    endloop
  endfacet
  facet normal -0.629426 0.777061 0
    outer loop
      vertex -28.3198 27.8924 0
      vertex -28.4377 27.7969 7
      vertex -28.3198 27.8924 7
    endloop
  endfacet
  facet normal -0.629426 0.777061 0
    outer loop
      vertex -28.4377 27.7969 7
      vertex -28.3198 27.8924 0
      vertex -28.4377 27.7969 0
    endloop
  endfacet
  facet normal 0.707107 0.707107 -0
    outer loop
      vertex -30.2602 27.8924 0
      vertex -30.3676 27.9998 7
      vertex -30.2602 27.8924 7
    endloop
  endfacet
  facet normal 0.707107 0.707107 0
    outer loop
      vertex -30.3676 27.9998 7
      vertex -30.2602 27.8924 0
      vertex -30.3676 27.9998 0
    endloop
  endfacet
  facet normal 0.258934 0.965895 -0
    outer loop
      vertex -29.5915 27.5517 0
      vertex -29.7381 27.591 7
      vertex -29.5915 27.5517 7
    endloop
  endfacet
  facet normal 0.258934 0.965895 0
    outer loop
      vertex -29.7381 27.591 7
      vertex -29.5915 27.5517 0
      vertex -29.7381 27.591 0
    endloop
  endfacet
  facet normal -0.987629 -0.156808 0
    outer loop
      vertex 30.7321 -28.8184 0
      vertex 30.7083 -28.6685 7
      vertex 30.7083 -28.6685 0
    endloop
  endfacet
  facet normal -0.987629 -0.156808 0
    outer loop
      vertex 30.7083 -28.6685 7
      vertex 30.7321 -28.8184 0
      vertex 30.7321 -28.8184 7
    endloop
  endfacet
  facet normal -0.998645 -0.0520402 0
    outer loop
      vertex 30.74 -28.97 0
      vertex 30.7321 -28.8184 7
      vertex 30.7321 -28.8184 0
    endloop
  endfacet
  facet normal -0.998645 -0.0520402 0
    outer loop
      vertex 30.7321 -28.8184 7
      vertex 30.74 -28.97 0
      vertex 30.74 -28.97 7
    endloop
  endfacet
  facet normal -0.965895 -0.258934 0
    outer loop
      vertex 30.7083 -28.6685 0
      vertex 30.669 -28.5219 7
      vertex 30.669 -28.5219 0
    endloop
  endfacet
  facet normal -0.965895 -0.258934 0
    outer loop
      vertex 30.669 -28.5219 7
      vertex 30.7083 -28.6685 0
      vertex 30.7083 -28.6685 7
    endloop
  endfacet
  facet normal 0.629426 0.777061 -0
    outer loop
      vertex 28.4377 -30.1431 0
      vertex 28.3198 -30.0476 7
      vertex 28.4377 -30.1431 7
    endloop
  endfacet
  facet normal 0.629426 0.777061 0
    outer loop
      vertex 28.3198 -30.0476 7
      vertex 28.4377 -30.1431 0
      vertex 28.3198 -30.0476 0
    endloop
  endfacet
  facet normal -0.629426 0.777061 0
    outer loop
      vertex 30.2602 -30.0476 0
      vertex 30.1423 -30.1431 7
      vertex 30.2602 -30.0476 7
    endloop
  endfacet
  facet normal -0.629426 0.777061 0
    outer loop
      vertex 30.1423 -30.1431 7
      vertex 30.2602 -30.0476 0
      vertex 30.1423 -30.1431 0
    endloop
  endfacet
  facet normal -0.987629 0.156808 0
    outer loop
      vertex 30.7083 -29.2715 0
      vertex 30.7321 -29.1216 7
      vertex 30.7321 -29.1216 0
    endloop
  endfacet
  facet normal -0.987629 0.156808 0
    outer loop
      vertex 30.7321 -29.1216 7
      vertex 30.7083 -29.2715 0
      vertex 30.7083 -29.2715 7
    endloop
  endfacet
  facet normal 0.454054 -0.890974 0
    outer loop
      vertex 28.565 -27.7143 0
      vertex 28.7002 -27.6454 7
      vertex 28.565 -27.7143 7
    endloop
  endfacet
  facet normal 0.454054 -0.890974 0
    outer loop
      vertex 28.7002 -27.6454 7
      vertex 28.565 -27.7143 0
      vertex 28.7002 -27.6454 0
    endloop
  endfacet
  facet normal 0.83888 -0.544316 0
    outer loop
      vertex 28.0343 -28.245 7
      vertex 28.1169 -28.1177 0
      vertex 28.1169 -28.1177 7
    endloop
  endfacet
  facet normal 0.83888 -0.544316 0
    outer loop
      vertex 28.1169 -28.1177 0
      vertex 28.0343 -28.245 7
      vertex 28.0343 -28.245 0
    endloop
  endfacet
  facet normal -0.707107 0.707107 0
    outer loop
      vertex 30.2602 -30.0476 0
      vertex 30.3676 -29.9402 7
      vertex 30.3676 -29.9402 0
    endloop
  endfacet
  facet normal -0.707107 0.707107 0
    outer loop
      vertex 30.3676 -29.9402 7
      vertex 30.2602 -30.0476 0
      vertex 30.2602 -30.0476 7
    endloop
  endfacet
  facet normal -0.933566 -0.358405 0
    outer loop
      vertex 30.669 -28.5219 0
      vertex 30.6146 -28.3802 7
      vertex 30.6146 -28.3802 0
    endloop
  endfacet
  facet normal -0.933566 -0.358405 0
    outer loop
      vertex 30.6146 -28.3802 7
      vertex 30.669 -28.5219 0
      vertex 30.669 -28.5219 7
    endloop
  endfacet
  facet normal -0.777061 0.629426 0
    outer loop
      vertex 30.3676 -29.9402 0
      vertex 30.4631 -29.8223 7
      vertex 30.4631 -29.8223 0
    endloop
  endfacet
  facet normal -0.777061 0.629426 0
    outer loop
      vertex 30.4631 -29.8223 7
      vertex 30.3676 -29.9402 0
      vertex 30.3676 -29.9402 7
    endloop
  endfacet
  facet normal 0.965895 0.258934 0
    outer loop
      vertex 27.911 -29.4181 7
      vertex 27.8717 -29.2715 0
      vertex 27.8717 -29.2715 7
    endloop
  endfacet
  facet normal 0.965895 0.258934 0
    outer loop
      vertex 27.8717 -29.2715 0
      vertex 27.911 -29.4181 7
      vertex 27.911 -29.4181 0
    endloop
  endfacet
  facet normal -0.83888 0.544316 0
    outer loop
      vertex 30.4631 -29.8223 0
      vertex 30.5457 -29.695 7
      vertex 30.5457 -29.695 0
    endloop
  endfacet
  facet normal -0.83888 0.544316 0
    outer loop
      vertex 30.5457 -29.695 7
      vertex 30.4631 -29.8223 0
      vertex 30.4631 -29.8223 7
    endloop
  endfacet
  facet normal -0.454054 -0.890974 0
    outer loop
      vertex 29.8798 -27.6454 0
      vertex 30.015 -27.7143 7
      vertex 29.8798 -27.6454 7
    endloop
  endfacet
  facet normal -0.454054 -0.890974 -0
    outer loop
      vertex 30.015 -27.7143 7
      vertex 29.8798 -27.6454 0
      vertex 30.015 -27.7143 0
    endloop
  endfacet
  facet normal -0.933566 0.358405 0
    outer loop
      vertex 30.6146 -29.5598 0
      vertex 30.669 -29.4181 7
      vertex 30.669 -29.4181 0
    endloop
  endfacet
  facet normal -0.933566 0.358405 0
    outer loop
      vertex 30.669 -29.4181 7
      vertex 30.6146 -29.5598 0
      vertex 30.6146 -29.5598 7
    endloop
  endfacet
  facet normal -0.890974 0.454054 0
    outer loop
      vertex 30.5457 -29.695 0
      vertex 30.6146 -29.5598 7
      vertex 30.6146 -29.5598 0
    endloop
  endfacet
  facet normal -0.890974 0.454054 0
    outer loop
      vertex 30.6146 -29.5598 7
      vertex 30.5457 -29.695 0
      vertex 30.5457 -29.695 7
    endloop
  endfacet
  facet normal -0.629426 -0.777061 0
    outer loop
      vertex 30.1423 -27.7969 0
      vertex 30.2602 -27.8924 7
      vertex 30.1423 -27.7969 7
    endloop
  endfacet
  facet normal -0.629426 -0.777061 -0
    outer loop
      vertex 30.2602 -27.8924 7
      vertex 30.1423 -27.7969 0
      vertex 30.2602 -27.8924 0
    endloop
  endfacet
  facet normal -0.998645 0.0520402 0
    outer loop
      vertex 30.7321 -29.1216 0
      vertex 30.74 -28.97 7
      vertex 30.74 -28.97 0
    endloop
  endfacet
  facet normal -0.998645 0.0520402 0
    outer loop
      vertex 30.74 -28.97 7
      vertex 30.7321 -29.1216 0
      vertex 30.7321 -29.1216 7
    endloop
  endfacet
  facet normal -0.544316 -0.83888 0
    outer loop
      vertex 30.015 -27.7143 0
      vertex 30.1423 -27.7969 7
      vertex 30.015 -27.7143 7
    endloop
  endfacet
  facet normal -0.544316 -0.83888 -0
    outer loop
      vertex 30.1423 -27.7969 7
      vertex 30.015 -27.7143 0
      vertex 30.1423 -27.7969 0
    endloop
  endfacet
  facet normal 0.358405 -0.933566 0
    outer loop
      vertex 28.7002 -27.6454 0
      vertex 28.8419 -27.591 7
      vertex 28.7002 -27.6454 7
    endloop
  endfacet
  facet normal 0.358405 -0.933566 0
    outer loop
      vertex 28.8419 -27.591 7
      vertex 28.7002 -27.6454 0
      vertex 28.8419 -27.591 0
    endloop
  endfacet
  facet normal 0.454054 0.890974 -0
    outer loop
      vertex 28.7002 -30.2946 0
      vertex 28.565 -30.2257 7
      vertex 28.7002 -30.2946 7
    endloop
  endfacet
  facet normal 0.454054 0.890974 0
    outer loop
      vertex 28.565 -30.2257 7
      vertex 28.7002 -30.2946 0
      vertex 28.565 -30.2257 0
    endloop
  endfacet
  facet normal 0.777061 -0.629426 0
    outer loop
      vertex 28.1169 -28.1177 7
      vertex 28.2124 -27.9998 0
      vertex 28.2124 -27.9998 7
    endloop
  endfacet
  facet normal 0.777061 -0.629426 0
    outer loop
      vertex 28.2124 -27.9998 0
      vertex 28.1169 -28.1177 7
      vertex 28.1169 -28.1177 0
    endloop
  endfacet
  facet normal 0.544316 -0.83888 0
    outer loop
      vertex 28.4377 -27.7969 0
      vertex 28.565 -27.7143 7
      vertex 28.4377 -27.7969 7
    endloop
  endfacet
  facet normal 0.544316 -0.83888 0
    outer loop
      vertex 28.565 -27.7143 7
      vertex 28.4377 -27.7969 0
      vertex 28.565 -27.7143 0
    endloop
  endfacet
  facet normal -0.258934 0.965895 0
    outer loop
      vertex 29.7381 -30.349 0
      vertex 29.5915 -30.3883 7
      vertex 29.7381 -30.349 7
    endloop
  endfacet
  facet normal -0.258934 0.965895 0
    outer loop
      vertex 29.5915 -30.3883 7
      vertex 29.7381 -30.349 0
      vertex 29.5915 -30.3883 0
    endloop
  endfacet
  facet normal 0.156808 -0.987629 0
    outer loop
      vertex 28.9885 -27.5517 0
      vertex 29.1384 -27.5279 7
      vertex 28.9885 -27.5517 7
    endloop
  endfacet
  facet normal 0.156808 -0.987629 0
    outer loop
      vertex 29.1384 -27.5279 7
      vertex 28.9885 -27.5517 0
      vertex 29.1384 -27.5279 0
    endloop
  endfacet
  facet normal 0.0520402 -0.998645 0
    outer loop
      vertex 29.1384 -27.5279 0
      vertex 29.29 -27.52 7
      vertex 29.1384 -27.5279 7
    endloop
  endfacet
  facet normal 0.0520402 -0.998645 0
    outer loop
      vertex 29.29 -27.52 7
      vertex 29.1384 -27.5279 0
      vertex 29.29 -27.52 0
    endloop
  endfacet
  facet normal -0.258934 -0.965895 0
    outer loop
      vertex 29.5915 -27.5517 0
      vertex 29.7381 -27.591 7
      vertex 29.5915 -27.5517 7
    endloop
  endfacet
  facet normal -0.258934 -0.965895 -0
    outer loop
      vertex 29.7381 -27.591 7
      vertex 29.5915 -27.5517 0
      vertex 29.7381 -27.591 0
    endloop
  endfacet
  facet normal 0.890974 -0.454054 0
    outer loop
      vertex 27.9654 -28.3802 7
      vertex 28.0343 -28.245 0
      vertex 28.0343 -28.245 7
    endloop
  endfacet
  facet normal 0.890974 -0.454054 0
    outer loop
      vertex 28.0343 -28.245 0
      vertex 27.9654 -28.3802 7
      vertex 27.9654 -28.3802 0
    endloop
  endfacet
  facet normal -0.156808 0.987629 0
    outer loop
      vertex 29.5915 -30.3883 0
      vertex 29.4416 -30.4121 7
      vertex 29.5915 -30.3883 7
    endloop
  endfacet
  facet normal -0.156808 0.987629 0
    outer loop
      vertex 29.4416 -30.4121 7
      vertex 29.5915 -30.3883 0
      vertex 29.4416 -30.4121 0
    endloop
  endfacet
  facet normal -0.965895 0.258934 0
    outer loop
      vertex 30.669 -29.4181 0
      vertex 30.7083 -29.2715 7
      vertex 30.7083 -29.2715 0
    endloop
  endfacet
  facet normal -0.965895 0.258934 0
    outer loop
      vertex 30.7083 -29.2715 7
      vertex 30.669 -29.4181 0
      vertex 30.669 -29.4181 7
    endloop
  endfacet
  facet normal -0.454054 0.890974 0
    outer loop
      vertex 30.015 -30.2257 0
      vertex 29.8798 -30.2946 7
      vertex 30.015 -30.2257 7
    endloop
  endfacet
  facet normal -0.454054 0.890974 0
    outer loop
      vertex 29.8798 -30.2946 7
      vertex 30.015 -30.2257 0
      vertex 29.8798 -30.2946 0
    endloop
  endfacet
  facet normal -0.777061 -0.629426 0
    outer loop
      vertex 30.4631 -28.1177 0
      vertex 30.3676 -27.9998 7
      vertex 30.3676 -27.9998 0
    endloop
  endfacet
  facet normal -0.777061 -0.629426 0
    outer loop
      vertex 30.3676 -27.9998 7
      vertex 30.4631 -28.1177 0
      vertex 30.4631 -28.1177 7
    endloop
  endfacet
  facet normal -0.358405 0.933566 0
    outer loop
      vertex 29.8798 -30.2946 0
      vertex 29.7381 -30.349 7
      vertex 29.8798 -30.2946 7
    endloop
  endfacet
  facet normal -0.358405 0.933566 0
    outer loop
      vertex 29.7381 -30.349 7
      vertex 29.8798 -30.2946 0
      vertex 29.7381 -30.349 0
    endloop
  endfacet
  facet normal -0.0520402 -0.998645 0
    outer loop
      vertex 29.29 -27.52 0
      vertex 29.4416 -27.5279 7
      vertex 29.29 -27.52 7
    endloop
  endfacet
  facet normal -0.0520402 -0.998645 -0
    outer loop
      vertex 29.4416 -27.5279 7
      vertex 29.29 -27.52 0
      vertex 29.4416 -27.5279 0
    endloop
  endfacet
  facet normal 0.707107 0.707107 0
    outer loop
      vertex 28.3198 -30.0476 7
      vertex 28.2124 -29.9402 0
      vertex 28.2124 -29.9402 7
    endloop
  endfacet
  facet normal 0.707107 0.707107 0
    outer loop
      vertex 28.2124 -29.9402 0
      vertex 28.3198 -30.0476 7
      vertex 28.3198 -30.0476 0
    endloop
  endfacet
  facet normal -0.890974 -0.454054 0
    outer loop
      vertex 30.6146 -28.3802 0
      vertex 30.5457 -28.245 7
      vertex 30.5457 -28.245 0
    endloop
  endfacet
  facet normal -0.890974 -0.454054 0
    outer loop
      vertex 30.5457 -28.245 7
      vertex 30.6146 -28.3802 0
      vertex 30.6146 -28.3802 7
    endloop
  endfacet
  facet normal 0.933566 0.358405 0
    outer loop
      vertex 27.9654 -29.5598 7
      vertex 27.911 -29.4181 0
      vertex 27.911 -29.4181 7
    endloop
  endfacet
  facet normal 0.933566 0.358405 0
    outer loop
      vertex 27.911 -29.4181 0
      vertex 27.9654 -29.5598 7
      vertex 27.9654 -29.5598 0
    endloop
  endfacet
  facet normal -0.544316 0.83888 0
    outer loop
      vertex 30.1423 -30.1431 0
      vertex 30.015 -30.2257 7
      vertex 30.1423 -30.1431 7
    endloop
  endfacet
  facet normal -0.544316 0.83888 0
    outer loop
      vertex 30.015 -30.2257 7
      vertex 30.1423 -30.1431 0
      vertex 30.015 -30.2257 0
    endloop
  endfacet
  facet normal -0.358405 -0.933566 0
    outer loop
      vertex 29.7381 -27.591 0
      vertex 29.8798 -27.6454 7
      vertex 29.7381 -27.591 7
    endloop
  endfacet
  facet normal -0.358405 -0.933566 -0
    outer loop
      vertex 29.8798 -27.6454 7
      vertex 29.7381 -27.591 0
      vertex 29.8798 -27.6454 0
    endloop
  endfacet
  facet normal 0.998645 0.0520402 0
    outer loop
      vertex 27.8479 -29.1216 7
      vertex 27.84 -28.97 0
      vertex 27.84 -28.97 7
    endloop
  endfacet
  facet normal 0.998645 0.0520402 0
    outer loop
      vertex 27.84 -28.97 0
      vertex 27.8479 -29.1216 7
      vertex 27.8479 -29.1216 0
    endloop
  endfacet
  facet normal -0.156808 -0.987629 0
    outer loop
      vertex 29.4416 -27.5279 0
      vertex 29.5915 -27.5517 7
      vertex 29.4416 -27.5279 7
    endloop
  endfacet
  facet normal -0.156808 -0.987629 -0
    outer loop
      vertex 29.5915 -27.5517 7
      vertex 29.4416 -27.5279 0
      vertex 29.5915 -27.5517 0
    endloop
  endfacet
  facet normal 0.777061 0.629426 0
    outer loop
      vertex 28.2124 -29.9402 7
      vertex 28.1169 -29.8223 0
      vertex 28.1169 -29.8223 7
    endloop
  endfacet
  facet normal 0.777061 0.629426 0
    outer loop
      vertex 28.1169 -29.8223 0
      vertex 28.2124 -29.9402 7
      vertex 28.2124 -29.9402 0
    endloop
  endfacet
  facet normal 0.156808 0.987629 -0
    outer loop
      vertex 29.1384 -30.4121 0
      vertex 28.9885 -30.3883 7
      vertex 29.1384 -30.4121 7
    endloop
  endfacet
  facet normal 0.156808 0.987629 0
    outer loop
      vertex 28.9885 -30.3883 7
      vertex 29.1384 -30.4121 0
      vertex 28.9885 -30.3883 0
    endloop
  endfacet
  facet normal 0.890974 0.454054 0
    outer loop
      vertex 28.0343 -29.695 7
      vertex 27.9654 -29.5598 0
      vertex 27.9654 -29.5598 7
    endloop
  endfacet
  facet normal 0.890974 0.454054 0
    outer loop
      vertex 27.9654 -29.5598 0
      vertex 28.0343 -29.695 7
      vertex 28.0343 -29.695 0
    endloop
  endfacet
  facet normal 0.933566 -0.358405 0
    outer loop
      vertex 27.911 -28.5219 7
      vertex 27.9654 -28.3802 0
      vertex 27.9654 -28.3802 7
    endloop
  endfacet
  facet normal 0.933566 -0.358405 0
    outer loop
      vertex 27.9654 -28.3802 0
      vertex 27.911 -28.5219 7
      vertex 27.911 -28.5219 0
    endloop
  endfacet
  facet normal -0.83888 -0.544316 0
    outer loop
      vertex 30.5457 -28.245 0
      vertex 30.4631 -28.1177 7
      vertex 30.4631 -28.1177 0
    endloop
  endfacet
  facet normal -0.83888 -0.544316 0
    outer loop
      vertex 30.4631 -28.1177 7
      vertex 30.5457 -28.245 0
      vertex 30.5457 -28.245 7
    endloop
  endfacet
  facet normal 0.0520402 0.998645 -0
    outer loop
      vertex 29.29 -30.42 0
      vertex 29.1384 -30.4121 7
      vertex 29.29 -30.42 7
    endloop
  endfacet
  facet normal 0.0520402 0.998645 0
    outer loop
      vertex 29.1384 -30.4121 7
      vertex 29.29 -30.42 0
      vertex 29.1384 -30.4121 0
    endloop
  endfacet
  facet normal 0.629426 -0.777061 0
    outer loop
      vertex 28.3198 -27.8924 0
      vertex 28.4377 -27.7969 7
      vertex 28.3198 -27.8924 7
    endloop
  endfacet
  facet normal 0.629426 -0.777061 0
    outer loop
      vertex 28.4377 -27.7969 7
      vertex 28.3198 -27.8924 0
      vertex 28.4377 -27.7969 0
    endloop
  endfacet
  facet normal 0.258934 -0.965895 0
    outer loop
      vertex 28.8419 -27.591 0
      vertex 28.9885 -27.5517 7
      vertex 28.8419 -27.591 7
    endloop
  endfacet
  facet normal 0.258934 -0.965895 0
    outer loop
      vertex 28.9885 -27.5517 7
      vertex 28.8419 -27.591 0
      vertex 28.9885 -27.5517 0
    endloop
  endfacet
  facet normal 0.83888 0.544316 0
    outer loop
      vertex 28.1169 -29.8223 7
      vertex 28.0343 -29.695 0
      vertex 28.0343 -29.695 7
    endloop
  endfacet
  facet normal 0.83888 0.544316 0
    outer loop
      vertex 28.0343 -29.695 0
      vertex 28.1169 -29.8223 7
      vertex 28.1169 -29.8223 0
    endloop
  endfacet
  facet normal 0.707107 -0.707107 0
    outer loop
      vertex 28.2124 -27.9998 7
      vertex 28.3198 -27.8924 0
      vertex 28.3198 -27.8924 7
    endloop
  endfacet
  facet normal 0.707107 -0.707107 0
    outer loop
      vertex 28.3198 -27.8924 0
      vertex 28.2124 -27.9998 7
      vertex 28.2124 -27.9998 0
    endloop
  endfacet
  facet normal -0.707107 -0.707107 0
    outer loop
      vertex 30.2602 -27.8924 0
      vertex 30.3676 -27.9998 7
      vertex 30.2602 -27.8924 7
    endloop
  endfacet
  facet normal -0.707107 -0.707107 -0
    outer loop
      vertex 30.3676 -27.9998 7
      vertex 30.2602 -27.8924 0
      vertex 30.3676 -27.9998 0
    endloop
  endfacet
  facet normal 0.987629 -0.156808 0
    outer loop
      vertex 27.8479 -28.8184 7
      vertex 27.8717 -28.6685 0
      vertex 27.8717 -28.6685 7
    endloop
  endfacet
  facet normal 0.987629 -0.156808 0
    outer loop
      vertex 27.8717 -28.6685 0
      vertex 27.8479 -28.8184 7
      vertex 27.8479 -28.8184 0
    endloop
  endfacet
  facet normal 0.987629 0.156808 0
    outer loop
      vertex 27.8717 -29.2715 7
      vertex 27.8479 -29.1216 0
      vertex 27.8479 -29.1216 7
    endloop
  endfacet
  facet normal 0.987629 0.156808 0
    outer loop
      vertex 27.8479 -29.1216 0
      vertex 27.8717 -29.2715 7
      vertex 27.8717 -29.2715 0
    endloop
  endfacet
  facet normal -0.0520402 0.998645 0
    outer loop
      vertex 29.4416 -30.4121 0
      vertex 29.29 -30.42 7
      vertex 29.4416 -30.4121 7
    endloop
  endfacet
  facet normal -0.0520402 0.998645 0
    outer loop
      vertex 29.29 -30.42 7
      vertex 29.4416 -30.4121 0
      vertex 29.29 -30.42 0
    endloop
  endfacet
  facet normal 0.965895 -0.258934 0
    outer loop
      vertex 27.8717 -28.6685 7
      vertex 27.911 -28.5219 0
      vertex 27.911 -28.5219 7
    endloop
  endfacet
  facet normal 0.965895 -0.258934 0
    outer loop
      vertex 27.911 -28.5219 0
      vertex 27.8717 -28.6685 7
      vertex 27.8717 -28.6685 0
    endloop
  endfacet
  facet normal 0.544316 0.83888 -0
    outer loop
      vertex 28.565 -30.2257 0
      vertex 28.4377 -30.1431 7
      vertex 28.565 -30.2257 7
    endloop
  endfacet
  facet normal 0.544316 0.83888 0
    outer loop
      vertex 28.4377 -30.1431 7
      vertex 28.565 -30.2257 0
      vertex 28.4377 -30.1431 0
    endloop
  endfacet
  facet normal 0.358405 0.933566 -0
    outer loop
      vertex 28.8419 -30.349 0
      vertex 28.7002 -30.2946 7
      vertex 28.8419 -30.349 7
    endloop
  endfacet
  facet normal 0.358405 0.933566 0
    outer loop
      vertex 28.7002 -30.2946 7
      vertex 28.8419 -30.349 0
      vertex 28.7002 -30.2946 0
    endloop
  endfacet
  facet normal 0.258934 0.965895 -0
    outer loop
      vertex 28.9885 -30.3883 0
      vertex 28.8419 -30.349 7
      vertex 28.9885 -30.3883 7
    endloop
  endfacet
  facet normal 0.258934 0.965895 0
    outer loop
      vertex 28.8419 -30.349 7
      vertex 28.9885 -30.3883 0
      vertex 28.8419 -30.349 0
    endloop
  endfacet
  facet normal 0.998645 -0.0520402 0
    outer loop
      vertex 27.84 -28.97 7
      vertex 27.8479 -28.8184 0
      vertex 27.8479 -28.8184 7
    endloop
  endfacet
  facet normal 0.998645 -0.0520402 0
    outer loop
      vertex 27.8479 -28.8184 0
      vertex 27.84 -28.97 7
      vertex 27.84 -28.97 0
    endloop
  endfacet
  facet normal -0.933566 -0.358405 0
    outer loop
      vertex 30.669 29.4181 0
      vertex 30.6146 29.5598 7
      vertex 30.6146 29.5598 0
    endloop
  endfacet
  facet normal -0.933566 -0.358405 0
    outer loop
      vertex 30.6146 29.5598 7
      vertex 30.669 29.4181 0
      vertex 30.669 29.4181 7
    endloop
  endfacet
  facet normal -0.987629 -0.156808 0
    outer loop
      vertex 30.7321 29.1216 0
      vertex 30.7083 29.2715 7
      vertex 30.7083 29.2715 0
    endloop
  endfacet
  facet normal -0.987629 -0.156808 0
    outer loop
      vertex 30.7083 29.2715 7
      vertex 30.7321 29.1216 0
      vertex 30.7321 29.1216 7
    endloop
  endfacet
  facet normal -0.998645 -0.0520402 0
    outer loop
      vertex 30.74 28.97 0
      vertex 30.7321 29.1216 7
      vertex 30.7321 29.1216 0
    endloop
  endfacet
  facet normal -0.998645 -0.0520402 0
    outer loop
      vertex 30.7321 29.1216 7
      vertex 30.74 28.97 0
      vertex 30.74 28.97 7
    endloop
  endfacet
  facet normal -0.965895 -0.258934 0
    outer loop
      vertex 30.7083 29.2715 0
      vertex 30.669 29.4181 7
      vertex 30.669 29.4181 0
    endloop
  endfacet
  facet normal -0.965895 -0.258934 0
    outer loop
      vertex 30.669 29.4181 7
      vertex 30.7083 29.2715 0
      vertex 30.7083 29.2715 7
    endloop
  endfacet
  facet normal -0.156808 0.987629 0
    outer loop
      vertex 29.5915 27.5517 0
      vertex 29.4416 27.5279 7
      vertex 29.5915 27.5517 7
    endloop
  endfacet
  facet normal -0.156808 0.987629 0
    outer loop
      vertex 29.4416 27.5279 7
      vertex 29.5915 27.5517 0
      vertex 29.4416 27.5279 0
    endloop
  endfacet
  facet normal -0.544316 -0.83888 0
    outer loop
      vertex 30.015 30.2257 0
      vertex 30.1423 30.1431 7
      vertex 30.015 30.2257 7
    endloop
  endfacet
  facet normal -0.544316 -0.83888 -0
    outer loop
      vertex 30.1423 30.1431 7
      vertex 30.015 30.2257 0
      vertex 30.1423 30.1431 0
    endloop
  endfacet
  facet normal 0.629426 -0.777061 0
    outer loop
      vertex 28.3198 30.0476 0
      vertex 28.4377 30.1431 7
      vertex 28.3198 30.0476 7
    endloop
  endfacet
  facet normal 0.629426 -0.777061 0
    outer loop
      vertex 28.4377 30.1431 7
      vertex 28.3198 30.0476 0
      vertex 28.4377 30.1431 0
    endloop
  endfacet
  facet normal -0.707107 0.707107 0
    outer loop
      vertex 30.3676 27.9998 0
      vertex 30.2602 27.8924 7
      vertex 30.3676 27.9998 7
    endloop
  endfacet
  facet normal -0.707107 0.707107 0
    outer loop
      vertex 30.2602 27.8924 7
      vertex 30.3676 27.9998 0
      vertex 30.2602 27.8924 0
    endloop
  endfacet
  facet normal 0.987629 0.156808 0
    outer loop
      vertex 27.8717 28.6685 7
      vertex 27.8479 28.8184 0
      vertex 27.8479 28.8184 7
    endloop
  endfacet
  facet normal 0.987629 0.156808 0
    outer loop
      vertex 27.8479 28.8184 0
      vertex 27.8717 28.6685 7
      vertex 27.8717 28.6685 0
    endloop
  endfacet
  facet normal -0.998645 0.0520402 0
    outer loop
      vertex 30.7321 28.8184 0
      vertex 30.74 28.97 7
      vertex 30.74 28.97 0
    endloop
  endfacet
  facet normal -0.998645 0.0520402 0
    outer loop
      vertex 30.74 28.97 7
      vertex 30.7321 28.8184 0
      vertex 30.7321 28.8184 7
    endloop
  endfacet
  facet normal -0.258934 -0.965895 0
    outer loop
      vertex 29.5915 30.3883 0
      vertex 29.7381 30.349 7
      vertex 29.5915 30.3883 7
    endloop
  endfacet
  facet normal -0.258934 -0.965895 -0
    outer loop
      vertex 29.7381 30.349 7
      vertex 29.5915 30.3883 0
      vertex 29.7381 30.349 0
    endloop
  endfacet
  facet normal -0.777061 0.629426 0
    outer loop
      vertex 30.3676 27.9998 0
      vertex 30.4631 28.1177 7
      vertex 30.4631 28.1177 0
    endloop
  endfacet
  facet normal -0.777061 0.629426 0
    outer loop
      vertex 30.4631 28.1177 7
      vertex 30.3676 27.9998 0
      vertex 30.3676 27.9998 7
    endloop
  endfacet
  facet normal 0.707107 -0.707107 0
    outer loop
      vertex 28.2124 29.9402 7
      vertex 28.3198 30.0476 0
      vertex 28.3198 30.0476 7
    endloop
  endfacet
  facet normal 0.707107 -0.707107 0
    outer loop
      vertex 28.3198 30.0476 0
      vertex 28.2124 29.9402 7
      vertex 28.2124 29.9402 0
    endloop
  endfacet
  facet normal -0.987629 0.156808 0
    outer loop
      vertex 30.7083 28.6685 0
      vertex 30.7321 28.8184 7
      vertex 30.7321 28.8184 0
    endloop
  endfacet
  facet normal -0.987629 0.156808 0
    outer loop
      vertex 30.7321 28.8184 7
      vertex 30.7083 28.6685 0
      vertex 30.7083 28.6685 7
    endloop
  endfacet
  facet normal 0.83888 0.544316 0
    outer loop
      vertex 28.1169 28.1177 7
      vertex 28.0343 28.245 0
      vertex 28.0343 28.245 7
    endloop
  endfacet
  facet normal 0.83888 0.544316 0
    outer loop
      vertex 28.0343 28.245 0
      vertex 28.1169 28.1177 7
      vertex 28.1169 28.1177 0
    endloop
  endfacet
  facet normal -0.83888 -0.544316 0
    outer loop
      vertex 30.5457 29.695 0
      vertex 30.4631 29.8223 7
      vertex 30.4631 29.8223 0
    endloop
  endfacet
  facet normal -0.83888 -0.544316 0
    outer loop
      vertex 30.4631 29.8223 7
      vertex 30.5457 29.695 0
      vertex 30.5457 29.695 7
    endloop
  endfacet
  facet normal -0.890974 0.454054 0
    outer loop
      vertex 30.5457 28.245 0
      vertex 30.6146 28.3802 7
      vertex 30.6146 28.3802 0
    endloop
  endfacet
  facet normal -0.890974 0.454054 0
    outer loop
      vertex 30.6146 28.3802 7
      vertex 30.5457 28.245 0
      vertex 30.5457 28.245 7
    endloop
  endfacet
  facet normal -0.629426 -0.777061 0
    outer loop
      vertex 30.1423 30.1431 0
      vertex 30.2602 30.0476 7
      vertex 30.1423 30.1431 7
    endloop
  endfacet
  facet normal -0.629426 -0.777061 -0
    outer loop
      vertex 30.2602 30.0476 7
      vertex 30.1423 30.1431 0
      vertex 30.2602 30.0476 0
    endloop
  endfacet
  facet normal -0.83888 0.544316 0
    outer loop
      vertex 30.4631 28.1177 0
      vertex 30.5457 28.245 7
      vertex 30.5457 28.245 0
    endloop
  endfacet
  facet normal -0.83888 0.544316 0
    outer loop
      vertex 30.5457 28.245 7
      vertex 30.4631 28.1177 0
      vertex 30.4631 28.1177 7
    endloop
  endfacet
  facet normal 0.777061 -0.629426 0
    outer loop
      vertex 28.1169 29.8223 7
      vertex 28.2124 29.9402 0
      vertex 28.2124 29.9402 7
    endloop
  endfacet
  facet normal 0.777061 -0.629426 0
    outer loop
      vertex 28.2124 29.9402 0
      vertex 28.1169 29.8223 7
      vertex 28.1169 29.8223 0
    endloop
  endfacet
  facet normal 0.777061 0.629426 0
    outer loop
      vertex 28.2124 27.9998 7
      vertex 28.1169 28.1177 0
      vertex 28.1169 28.1177 7
    endloop
  endfacet
  facet normal 0.777061 0.629426 0
    outer loop
      vertex 28.1169 28.1177 0
      vertex 28.2124 27.9998 7
      vertex 28.2124 27.9998 0
    endloop
  endfacet
  facet normal -0.707107 -0.707107 0
    outer loop
      vertex 30.3676 29.9402 0
      vertex 30.2602 30.0476 7
      vertex 30.2602 30.0476 0
    endloop
  endfacet
  facet normal -0.707107 -0.707107 0
    outer loop
      vertex 30.2602 30.0476 7
      vertex 30.3676 29.9402 0
      vertex 30.3676 29.9402 7
    endloop
  endfacet
  facet normal 0.890974 0.454054 0
    outer loop
      vertex 28.0343 28.245 7
      vertex 27.9654 28.3802 0
      vertex 27.9654 28.3802 7
    endloop
  endfacet
  facet normal 0.890974 0.454054 0
    outer loop
      vertex 27.9654 28.3802 0
      vertex 28.0343 28.245 7
      vertex 28.0343 28.245 0
    endloop
  endfacet
  facet normal 0.156808 -0.987629 0
    outer loop
      vertex 28.9885 30.3883 0
      vertex 29.1384 30.4121 7
      vertex 28.9885 30.3883 7
    endloop
  endfacet
  facet normal 0.156808 -0.987629 0
    outer loop
      vertex 29.1384 30.4121 7
      vertex 28.9885 30.3883 0
      vertex 29.1384 30.4121 0
    endloop
  endfacet
  facet normal -0.890974 -0.454054 0
    outer loop
      vertex 30.6146 29.5598 0
      vertex 30.5457 29.695 7
      vertex 30.5457 29.695 0
    endloop
  endfacet
  facet normal -0.890974 -0.454054 0
    outer loop
      vertex 30.5457 29.695 7
      vertex 30.6146 29.5598 0
      vertex 30.6146 29.5598 7
    endloop
  endfacet
  facet normal 0.890974 -0.454054 0
    outer loop
      vertex 27.9654 29.5598 7
      vertex 28.0343 29.695 0
      vertex 28.0343 29.695 7
    endloop
  endfacet
  facet normal 0.890974 -0.454054 0
    outer loop
      vertex 28.0343 29.695 0
      vertex 27.9654 29.5598 7
      vertex 27.9654 29.5598 0
    endloop
  endfacet
  facet normal 0.998645 0.0520402 0
    outer loop
      vertex 27.8479 28.8184 7
      vertex 27.84 28.97 0
      vertex 27.84 28.97 7
    endloop
  endfacet
  facet normal 0.998645 0.0520402 0
    outer loop
      vertex 27.84 28.97 0
      vertex 27.8479 28.8184 7
      vertex 27.8479 28.8184 0
    endloop
  endfacet
  facet normal 0.83888 -0.544316 0
    outer loop
      vertex 28.0343 29.695 7
      vertex 28.1169 29.8223 0
      vertex 28.1169 29.8223 7
    endloop
  endfacet
  facet normal 0.83888 -0.544316 0
    outer loop
      vertex 28.1169 29.8223 0
      vertex 28.0343 29.695 7
      vertex 28.0343 29.695 0
    endloop
  endfacet
  facet normal 0.965895 -0.258934 0
    outer loop
      vertex 27.8717 29.2715 7
      vertex 27.911 29.4181 0
      vertex 27.911 29.4181 7
    endloop
  endfacet
  facet normal 0.965895 -0.258934 0
    outer loop
      vertex 27.911 29.4181 0
      vertex 27.8717 29.2715 7
      vertex 27.8717 29.2715 0
    endloop
  endfacet
  facet normal -0.156808 -0.987629 0
    outer loop
      vertex 29.4416 30.4121 0
      vertex 29.5915 30.3883 7
      vertex 29.4416 30.4121 7
    endloop
  endfacet
  facet normal -0.156808 -0.987629 -0
    outer loop
      vertex 29.5915 30.3883 7
      vertex 29.4416 30.4121 0
      vertex 29.5915 30.3883 0
    endloop
  endfacet
  facet normal -0.358405 -0.933566 0
    outer loop
      vertex 29.7381 30.349 0
      vertex 29.8798 30.2946 7
      vertex 29.7381 30.349 7
    endloop
  endfacet
  facet normal -0.358405 -0.933566 -0
    outer loop
      vertex 29.8798 30.2946 7
      vertex 29.7381 30.349 0
      vertex 29.8798 30.2946 0
    endloop
  endfacet
  facet normal -0.965895 0.258934 0
    outer loop
      vertex 30.669 28.5219 0
      vertex 30.7083 28.6685 7
      vertex 30.7083 28.6685 0
    endloop
  endfacet
  facet normal -0.965895 0.258934 0
    outer loop
      vertex 30.7083 28.6685 7
      vertex 30.669 28.5219 0
      vertex 30.669 28.5219 7
    endloop
  endfacet
  facet normal -0.454054 0.890974 0
    outer loop
      vertex 30.015 27.7143 0
      vertex 29.8798 27.6454 7
      vertex 30.015 27.7143 7
    endloop
  endfacet
  facet normal -0.454054 0.890974 0
    outer loop
      vertex 29.8798 27.6454 7
      vertex 30.015 27.7143 0
      vertex 29.8798 27.6454 0
    endloop
  endfacet
  facet normal -0.629426 0.777061 0
    outer loop
      vertex 30.2602 27.8924 0
      vertex 30.1423 27.7969 7
      vertex 30.2602 27.8924 7
    endloop
  endfacet
  facet normal -0.629426 0.777061 0
    outer loop
      vertex 30.1423 27.7969 7
      vertex 30.2602 27.8924 0
      vertex 30.1423 27.7969 0
    endloop
  endfacet
  facet normal -0.358405 0.933566 0
    outer loop
      vertex 29.8798 27.6454 0
      vertex 29.7381 27.591 7
      vertex 29.8798 27.6454 7
    endloop
  endfacet
  facet normal -0.358405 0.933566 0
    outer loop
      vertex 29.7381 27.591 7
      vertex 29.8798 27.6454 0
      vertex 29.7381 27.591 0
    endloop
  endfacet
  facet normal -0.454054 -0.890974 0
    outer loop
      vertex 29.8798 30.2946 0
      vertex 30.015 30.2257 7
      vertex 29.8798 30.2946 7
    endloop
  endfacet
  facet normal -0.454054 -0.890974 -0
    outer loop
      vertex 30.015 30.2257 7
      vertex 29.8798 30.2946 0
      vertex 30.015 30.2257 0
    endloop
  endfacet
  facet normal 0.629426 0.777061 -0
    outer loop
      vertex 28.4377 27.7969 0
      vertex 28.3198 27.8924 7
      vertex 28.4377 27.7969 7
    endloop
  endfacet
  facet normal 0.629426 0.777061 0
    outer loop
      vertex 28.3198 27.8924 7
      vertex 28.4377 27.7969 0
      vertex 28.3198 27.8924 0
    endloop
  endfacet
  facet normal -0.777061 -0.629426 0
    outer loop
      vertex 30.4631 29.8223 0
      vertex 30.3676 29.9402 7
      vertex 30.3676 29.9402 0
    endloop
  endfacet
  facet normal -0.777061 -0.629426 0
    outer loop
      vertex 30.3676 29.9402 7
      vertex 30.4631 29.8223 0
      vertex 30.4631 29.8223 7
    endloop
  endfacet
  facet normal -0.933566 0.358405 0
    outer loop
      vertex 30.6146 28.3802 0
      vertex 30.669 28.5219 7
      vertex 30.669 28.5219 0
    endloop
  endfacet
  facet normal -0.933566 0.358405 0
    outer loop
      vertex 30.669 28.5219 7
      vertex 30.6146 28.3802 0
      vertex 30.6146 28.3802 7
    endloop
  endfacet
  facet normal 0.544316 -0.83888 0
    outer loop
      vertex 28.4377 30.1431 0
      vertex 28.565 30.2257 7
      vertex 28.4377 30.1431 7
    endloop
  endfacet
  facet normal 0.544316 -0.83888 0
    outer loop
      vertex 28.565 30.2257 7
      vertex 28.4377 30.1431 0
      vertex 28.565 30.2257 0
    endloop
  endfacet
  facet normal 0.933566 0.358405 0
    outer loop
      vertex 27.9654 28.3802 7
      vertex 27.911 28.5219 0
      vertex 27.911 28.5219 7
    endloop
  endfacet
  facet normal 0.933566 0.358405 0
    outer loop
      vertex 27.911 28.5219 0
      vertex 27.9654 28.3802 7
      vertex 27.9654 28.3802 0
    endloop
  endfacet
  facet normal 0.454054 -0.890974 0
    outer loop
      vertex 28.565 30.2257 0
      vertex 28.7002 30.2946 7
      vertex 28.565 30.2257 7
    endloop
  endfacet
  facet normal 0.454054 -0.890974 0
    outer loop
      vertex 28.7002 30.2946 7
      vertex 28.565 30.2257 0
      vertex 28.7002 30.2946 0
    endloop
  endfacet
  facet normal 0.358405 -0.933566 0
    outer loop
      vertex 28.7002 30.2946 0
      vertex 28.8419 30.349 7
      vertex 28.7002 30.2946 7
    endloop
  endfacet
  facet normal 0.358405 -0.933566 0
    outer loop
      vertex 28.8419 30.349 7
      vertex 28.7002 30.2946 0
      vertex 28.8419 30.349 0
    endloop
  endfacet
  facet normal 0.258934 -0.965895 0
    outer loop
      vertex 28.8419 30.349 0
      vertex 28.9885 30.3883 7
      vertex 28.8419 30.349 7
    endloop
  endfacet
  facet normal 0.258934 -0.965895 0
    outer loop
      vertex 28.9885 30.3883 7
      vertex 28.8419 30.349 0
      vertex 28.9885 30.3883 0
    endloop
  endfacet
  facet normal -0.0520402 -0.998645 0
    outer loop
      vertex 29.29 30.42 0
      vertex 29.4416 30.4121 7
      vertex 29.29 30.42 7
    endloop
  endfacet
  facet normal -0.0520402 -0.998645 -0
    outer loop
      vertex 29.4416 30.4121 7
      vertex 29.29 30.42 0
      vertex 29.4416 30.4121 0
    endloop
  endfacet
  facet normal -0.544316 0.83888 0
    outer loop
      vertex 30.1423 27.7969 0
      vertex 30.015 27.7143 7
      vertex 30.1423 27.7969 7
    endloop
  endfacet
  facet normal -0.544316 0.83888 0
    outer loop
      vertex 30.015 27.7143 7
      vertex 30.1423 27.7969 0
      vertex 30.015 27.7143 0
    endloop
  endfacet
  facet normal 0.933566 -0.358405 0
    outer loop
      vertex 27.911 29.4181 7
      vertex 27.9654 29.5598 0
      vertex 27.9654 29.5598 7
    endloop
  endfacet
  facet normal 0.933566 -0.358405 0
    outer loop
      vertex 27.9654 29.5598 0
      vertex 27.911 29.4181 7
      vertex 27.911 29.4181 0
    endloop
  endfacet
  facet normal -0.0520402 0.998645 0
    outer loop
      vertex 29.4416 27.5279 0
      vertex 29.29 27.52 7
      vertex 29.4416 27.5279 7
    endloop
  endfacet
  facet normal -0.0520402 0.998645 0
    outer loop
      vertex 29.29 27.52 7
      vertex 29.4416 27.5279 0
      vertex 29.29 27.52 0
    endloop
  endfacet
  facet normal -0.258934 0.965895 0
    outer loop
      vertex 29.7381 27.591 0
      vertex 29.5915 27.5517 7
      vertex 29.7381 27.591 7
    endloop
  endfacet
  facet normal -0.258934 0.965895 0
    outer loop
      vertex 29.5915 27.5517 7
      vertex 29.7381 27.591 0
      vertex 29.5915 27.5517 0
    endloop
  endfacet
  facet normal 0.707107 0.707107 0
    outer loop
      vertex 28.3198 27.8924 7
      vertex 28.2124 27.9998 0
      vertex 28.2124 27.9998 7
    endloop
  endfacet
  facet normal 0.707107 0.707107 0
    outer loop
      vertex 28.2124 27.9998 0
      vertex 28.3198 27.8924 7
      vertex 28.3198 27.8924 0
    endloop
  endfacet
  facet normal 0.987629 -0.156808 0
    outer loop
      vertex 27.8479 29.1216 7
      vertex 27.8717 29.2715 0
      vertex 27.8717 29.2715 7
    endloop
  endfacet
  facet normal 0.987629 -0.156808 0
    outer loop
      vertex 27.8717 29.2715 0
      vertex 27.8479 29.1216 7
      vertex 27.8479 29.1216 0
    endloop
  endfacet
  facet normal 0.258934 0.965895 -0
    outer loop
      vertex 28.9885 27.5517 0
      vertex 28.8419 27.591 7
      vertex 28.9885 27.5517 7
    endloop
  endfacet
  facet normal 0.258934 0.965895 0
    outer loop
      vertex 28.8419 27.591 7
      vertex 28.9885 27.5517 0
      vertex 28.8419 27.591 0
    endloop
  endfacet
  facet normal 0.0520402 -0.998645 0
    outer loop
      vertex 29.1384 30.4121 0
      vertex 29.29 30.42 7
      vertex 29.1384 30.4121 7
    endloop
  endfacet
  facet normal 0.0520402 -0.998645 0
    outer loop
      vertex 29.29 30.42 7
      vertex 29.1384 30.4121 0
      vertex 29.29 30.42 0
    endloop
  endfacet
  facet normal 0.965895 0.258934 0
    outer loop
      vertex 27.911 28.5219 7
      vertex 27.8717 28.6685 0
      vertex 27.8717 28.6685 7
    endloop
  endfacet
  facet normal 0.965895 0.258934 0
    outer loop
      vertex 27.8717 28.6685 0
      vertex 27.911 28.5219 7
      vertex 27.911 28.5219 0
    endloop
  endfacet
  facet normal 0.454054 0.890974 -0
    outer loop
      vertex 28.7002 27.6454 0
      vertex 28.565 27.7143 7
      vertex 28.7002 27.6454 7
    endloop
  endfacet
  facet normal 0.454054 0.890974 0
    outer loop
      vertex 28.565 27.7143 7
      vertex 28.7002 27.6454 0
      vertex 28.565 27.7143 0
    endloop
  endfacet
  facet normal 0.998645 -0.0520402 0
    outer loop
      vertex 27.84 28.97 7
      vertex 27.8479 29.1216 0
      vertex 27.8479 29.1216 7
    endloop
  endfacet
  facet normal 0.998645 -0.0520402 0
    outer loop
      vertex 27.8479 29.1216 0
      vertex 27.84 28.97 7
      vertex 27.84 28.97 0
    endloop
  endfacet
  facet normal 0.156808 0.987629 -0
    outer loop
      vertex 29.1384 27.5279 0
      vertex 28.9885 27.5517 7
      vertex 29.1384 27.5279 7
    endloop
  endfacet
  facet normal 0.156808 0.987629 0
    outer loop
      vertex 28.9885 27.5517 7
      vertex 29.1384 27.5279 0
      vertex 28.9885 27.5517 0
    endloop
  endfacet
  facet normal 0.0520402 0.998645 -0
    outer loop
      vertex 29.29 27.52 0
      vertex 29.1384 27.5279 7
      vertex 29.29 27.52 7
    endloop
  endfacet
  facet normal 0.0520402 0.998645 0
    outer loop
      vertex 29.1384 27.5279 7
      vertex 29.29 27.52 0
      vertex 29.1384 27.5279 0
    endloop
  endfacet
  facet normal 0.358405 0.933566 -0
    outer loop
      vertex 28.8419 27.591 0
      vertex 28.7002 27.6454 7
      vertex 28.8419 27.591 7
    endloop
  endfacet
  facet normal 0.358405 0.933566 0
    outer loop
      vertex 28.7002 27.6454 7
      vertex 28.8419 27.591 0
      vertex 28.7002 27.6454 0
    endloop
  endfacet
  facet normal 0.544316 0.83888 -0
    outer loop
      vertex 28.565 27.7143 0
      vertex 28.4377 27.7969 7
      vertex 28.565 27.7143 7
    endloop
  endfacet
  facet normal 0.544316 0.83888 0
    outer loop
      vertex 28.4377 27.7969 7
      vertex 28.565 27.7143 0
      vertex 28.4377 27.7969 0
    endloop
  endfacet
  facet normal -0.156237 -0.98772 0
    outer loop
      vertex -5.8223 -27.2793 0
      vertex -5.64655 -27.3071 2
      vertex -5.8223 -27.2793 2
    endloop
  endfacet
  facet normal -0.156237 -0.98772 -0
    outer loop
      vertex -5.64655 -27.3071 2
      vertex -5.8223 -27.2793 0
      vertex -5.64655 -27.3071 0
    endloop
  endfacet
  facet normal -0.777182 -0.629276 0
    outer loop
      vertex -4.62467 -27.9708 0
      vertex -4.73665 -27.8325 2
      vertex -4.73665 -27.8325 0
    endloop
  endfacet
  facet normal -0.777182 -0.629276 0
    outer loop
      vertex -4.73665 -27.8325 2
      vertex -4.62467 -27.9708 0
      vertex -4.62467 -27.9708 2
    endloop
  endfacet
  facet normal -0.987678 -0.156499 0
    outer loop
      vertex -4.30931 -28.7923 0
      vertex -4.33715 -28.6166 2
      vertex -4.33715 -28.6166 0
    endloop
  endfacet
  facet normal -0.987678 -0.156499 0
    outer loop
      vertex -4.33715 -28.6166 2
      vertex -4.30931 -28.7923 0
      vertex -4.30931 -28.7923 2
    endloop
  endfacet
  facet normal -0.99863 -0.0523199 0
    outer loop
      vertex -4.3 -28.97 0
      vertex -4.30931 -28.7923 2
      vertex -4.30931 -28.7923 0
    endloop
  endfacet
  facet normal -0.99863 -0.0523199 0
    outer loop
      vertex -4.30931 -28.7923 2
      vertex -4.3 -28.97 0
      vertex -4.3 -28.97 2
    endloop
  endfacet
  facet normal -0.965941 -0.258764 0
    outer loop
      vertex -4.33715 -28.6166 0
      vertex -4.3832 -28.4447 2
      vertex -4.3832 -28.4447 0
    endloop
  endfacet
  facet normal -0.965941 -0.258764 0
    outer loop
      vertex -4.3832 -28.4447 2
      vertex -4.33715 -28.6166 0
      vertex -4.33715 -28.6166 2
    endloop
  endfacet
  facet normal -0.0522639 0.998633 0
    outer loop
      vertex -5.8223 -30.6607 0
      vertex -6 -30.67 2
      vertex -5.8223 -30.6607 2
    endloop
  endfacet
  facet normal -0.0522639 0.998633 0
    outer loop
      vertex -6 -30.67 2
      vertex -5.8223 -30.6607 0
      vertex -6 -30.67 0
    endloop
  endfacet
  facet normal -0.707022 0.707191 0
    outer loop
      vertex -4.86248 -30.2333 0
      vertex -4.73665 -30.1075 2
      vertex -4.73665 -30.1075 0
    endloop
  endfacet
  facet normal -0.707022 0.707191 0
    outer loop
      vertex -4.73665 -30.1075 2
      vertex -4.86248 -30.2333 0
      vertex -4.86248 -30.2333 2
    endloop
  endfacet
  facet normal 0.629371 0.777105 -0
    outer loop
      vertex -6.99923 -30.3453 0
      vertex -7.13752 -30.2333 2
      vertex -6.99923 -30.3453 2
    endloop
  endfacet
  facet normal 0.629371 0.777105 0
    outer loop
      vertex -7.13752 -30.2333 2
      vertex -6.99923 -30.3453 0
      vertex -7.13752 -30.2333 0
    endloop
  endfacet
  facet normal -0.358527 -0.933519 0
    outer loop
      vertex -5.47467 -27.3532 0
      vertex -5.30855 -27.417 2
      vertex -5.47467 -27.3532 2
    endloop
  endfacet
  facet normal -0.358527 -0.933519 -0
    outer loop
      vertex -5.30855 -27.417 2
      vertex -5.47467 -27.3532 0
      vertex -5.30855 -27.417 0
    endloop
  endfacet
  facet normal -0.99863 0.0523199 0
    outer loop
      vertex -4.30931 -29.1477 0
      vertex -4.3 -28.97 2
      vertex -4.3 -28.97 0
    endloop
  endfacet
  facet normal -0.99863 0.0523199 0
    outer loop
      vertex -4.3 -28.97 2
      vertex -4.30931 -29.1477 0
      vertex -4.30931 -29.1477 2
    endloop
  endfacet
  facet normal 0.454056 -0.890973 0
    outer loop
      vertex -6.85 -27.4978 0
      vertex -6.69145 -27.417 2
      vertex -6.85 -27.4978 2
    endloop
  endfacet
  facet normal 0.454056 -0.890973 0
    outer loop
      vertex -6.69145 -27.417 2
      vertex -6.85 -27.4978 0
      vertex -6.69145 -27.417 0
    endloop
  endfacet
  facet normal -0.629399 0.777083 0
    outer loop
      vertex -4.86248 -30.2333 0
      vertex -5.00076 -30.3453 2
      vertex -4.86248 -30.2333 2
    endloop
  endfacet
  facet normal -0.629399 0.777083 0
    outer loop
      vertex -5.00076 -30.3453 2
      vertex -4.86248 -30.2333 0
      vertex -5.00076 -30.3453 0
    endloop
  endfacet
  facet normal -0.54457 0.838716 0
    outer loop
      vertex -5.00076 -30.3453 0
      vertex -5.15 -30.4422 2
      vertex -5.00076 -30.3453 2
    endloop
  endfacet
  facet normal -0.54457 0.838716 0
    outer loop
      vertex -5.15 -30.4422 2
      vertex -5.00076 -30.3453 0
      vertex -5.15 -30.4422 0
    endloop
  endfacet
  facet normal -0.890938 -0.454125 0
    outer loop
      vertex -4.44697 -28.2785 0
      vertex -4.52776 -28.12 2
      vertex -4.52776 -28.12 0
    endloop
  endfacet
  facet normal -0.890938 -0.454125 0
    outer loop
      vertex -4.52776 -28.12 2
      vertex -4.44697 -28.2785 0
      vertex -4.44697 -28.2785 2
    endloop
  endfacet
  facet normal 0.156237 0.98772 -0
    outer loop
      vertex -6.1777 -30.6607 0
      vertex -6.35345 -30.6329 2
      vertex -6.1777 -30.6607 2
    endloop
  endfacet
  facet normal 0.156237 0.98772 0
    outer loop
      vertex -6.35345 -30.6329 2
      vertex -6.1777 -30.6607 0
      vertex -6.35345 -30.6329 0
    endloop
  endfacet
  facet normal -0.54457 -0.838716 0
    outer loop
      vertex -5.15 -27.4978 0
      vertex -5.00076 -27.5947 2
      vertex -5.15 -27.4978 2
    endloop
  endfacet
  facet normal -0.54457 -0.838716 -0
    outer loop
      vertex -5.00076 -27.5947 2
      vertex -5.15 -27.4978 0
      vertex -5.00076 -27.5947 0
    endloop
  endfacet
  facet normal 0.965941 -0.258764 0
    outer loop
      vertex -7.66285 -28.6166 2
      vertex -7.6168 -28.4447 0
      vertex -7.6168 -28.4447 2
    endloop
  endfacet
  facet normal 0.965941 -0.258764 0
    outer loop
      vertex -7.6168 -28.4447 0
      vertex -7.66285 -28.6166 2
      vertex -7.66285 -28.6166 0
    endloop
  endfacet
  facet normal 0.777182 0.629276 0
    outer loop
      vertex -7.26335 -30.1075 2
      vertex -7.37533 -29.9692 0
      vertex -7.37533 -29.9692 2
    endloop
  endfacet
  facet normal 0.777182 0.629276 0
    outer loop
      vertex -7.37533 -29.9692 0
      vertex -7.26335 -30.1075 2
      vertex -7.26335 -30.1075 0
    endloop
  endfacet
  facet normal 0.965941 0.258764 0
    outer loop
      vertex -7.6168 -29.4953 2
      vertex -7.66285 -29.3234 0
      vertex -7.66285 -29.3234 2
    endloop
  endfacet
  facet normal 0.965941 0.258764 0
    outer loop
      vertex -7.66285 -29.3234 0
      vertex -7.6168 -29.4953 2
      vertex -7.6168 -29.4953 0
    endloop
  endfacet
  facet normal 0.0522639 -0.998633 0
    outer loop
      vertex -6.1777 -27.2793 0
      vertex -6 -27.27 2
      vertex -6.1777 -27.2793 2
    endloop
  endfacet
  facet normal 0.0522639 -0.998633 0
    outer loop
      vertex -6 -27.27 2
      vertex -6.1777 -27.2793 0
      vertex -6 -27.27 0
    endloop
  endfacet
  facet normal 0.838623 0.544712 0
    outer loop
      vertex -7.37533 -29.9692 2
      vertex -7.47224 -29.82 0
      vertex -7.47224 -29.82 2
    endloop
  endfacet
  facet normal 0.838623 0.544712 0
    outer loop
      vertex -7.47224 -29.82 0
      vertex -7.37533 -29.9692 2
      vertex -7.37533 -29.9692 0
    endloop
  endfacet
  facet normal 0.629371 -0.777105 0
    outer loop
      vertex -7.13752 -27.7067 0
      vertex -6.99923 -27.5947 2
      vertex -7.13752 -27.7067 2
    endloop
  endfacet
  facet normal 0.629371 -0.777105 0
    outer loop
      vertex -6.99923 -27.5947 2
      vertex -7.13752 -27.7067 0
      vertex -6.99923 -27.5947 0
    endloop
  endfacet
  facet normal 0.707022 -0.707191 0
    outer loop
      vertex -7.26335 -27.8325 2
      vertex -7.13752 -27.7067 0
      vertex -7.13752 -27.7067 2
    endloop
  endfacet
  facet normal 0.707022 -0.707191 0
    outer loop
      vertex -7.13752 -27.7067 0
      vertex -7.26335 -27.8325 2
      vertex -7.26335 -27.8325 0
    endloop
  endfacet
  facet normal 0.99863 0.0523199 0
    outer loop
      vertex -7.69069 -29.1477 2
      vertex -7.7 -28.97 0
      vertex -7.7 -28.97 2
    endloop
  endfacet
  facet normal 0.99863 0.0523199 0
    outer loop
      vertex -7.7 -28.97 0
      vertex -7.69069 -29.1477 2
      vertex -7.69069 -29.1477 0
    endloop
  endfacet
  facet normal 0.933633 -0.35823 0
    outer loop
      vertex -7.6168 -28.4447 2
      vertex -7.55303 -28.2785 0
      vertex -7.55303 -28.2785 2
    endloop
  endfacet
  facet normal 0.933633 -0.35823 0
    outer loop
      vertex -7.55303 -28.2785 0
      vertex -7.6168 -28.4447 2
      vertex -7.6168 -28.4447 0
    endloop
  endfacet
  facet normal 0.544595 -0.838699 0
    outer loop
      vertex -6.99923 -27.5947 0
      vertex -6.85 -27.4978 2
      vertex -6.99923 -27.5947 2
    endloop
  endfacet
  facet normal 0.544595 -0.838699 0
    outer loop
      vertex -6.85 -27.4978 2
      vertex -6.99923 -27.5947 0
      vertex -6.85 -27.4978 0
    endloop
  endfacet
  facet normal 0.259054 0.965863 -0
    outer loop
      vertex -6.35345 -30.6329 0
      vertex -6.52533 -30.5868 2
      vertex -6.35345 -30.6329 2
    endloop
  endfacet
  facet normal 0.259054 0.965863 0
    outer loop
      vertex -6.52533 -30.5868 2
      vertex -6.35345 -30.6329 0
      vertex -6.52533 -30.5868 0
    endloop
  endfacet
  facet normal 0.358527 0.933519 -0
    outer loop
      vertex -6.52533 -30.5868 0
      vertex -6.69145 -30.523 2
      vertex -6.52533 -30.5868 2
    endloop
  endfacet
  facet normal 0.358527 0.933519 0
    outer loop
      vertex -6.69145 -30.523 2
      vertex -6.52533 -30.5868 0
      vertex -6.69145 -30.523 0
    endloop
  endfacet
  facet normal 0.0522639 0.998633 -0
    outer loop
      vertex -6 -30.67 0
      vertex -6.1777 -30.6607 2
      vertex -6 -30.67 2
    endloop
  endfacet
  facet normal 0.0522639 0.998633 0
    outer loop
      vertex -6.1777 -30.6607 2
      vertex -6 -30.67 0
      vertex -6.1777 -30.6607 0
    endloop
  endfacet
  facet normal -0.933633 -0.35823 0
    outer loop
      vertex -4.3832 -28.4447 0
      vertex -4.44697 -28.2785 2
      vertex -4.44697 -28.2785 0
    endloop
  endfacet
  facet normal -0.933633 -0.35823 0
    outer loop
      vertex -4.44697 -28.2785 2
      vertex -4.3832 -28.4447 0
      vertex -4.3832 -28.4447 2
    endloop
  endfacet
  facet normal -0.156237 0.98772 0
    outer loop
      vertex -5.64655 -30.6329 0
      vertex -5.8223 -30.6607 2
      vertex -5.64655 -30.6329 2
    endloop
  endfacet
  facet normal -0.156237 0.98772 0
    outer loop
      vertex -5.8223 -30.6607 2
      vertex -5.64655 -30.6329 0
      vertex -5.8223 -30.6607 0
    endloop
  endfacet
  facet normal 0.259054 -0.965863 0
    outer loop
      vertex -6.52533 -27.3532 0
      vertex -6.35345 -27.3071 2
      vertex -6.52533 -27.3532 2
    endloop
  endfacet
  facet normal 0.259054 -0.965863 0
    outer loop
      vertex -6.35345 -27.3071 2
      vertex -6.52533 -27.3532 0
      vertex -6.35345 -27.3071 0
    endloop
  endfacet
  facet normal -0.358527 0.933519 0
    outer loop
      vertex -5.30855 -30.523 0
      vertex -5.47467 -30.5868 2
      vertex -5.30855 -30.523 2
    endloop
  endfacet
  facet normal -0.358527 0.933519 0
    outer loop
      vertex -5.47467 -30.5868 2
      vertex -5.30855 -30.523 0
      vertex -5.47467 -30.5868 0
    endloop
  endfacet
  facet normal -0.707022 -0.707191 0
    outer loop
      vertex -4.73665 -27.8325 0
      vertex -4.86248 -27.7067 2
      vertex -4.86248 -27.7067 0
    endloop
  endfacet
  facet normal -0.707022 -0.707191 0
    outer loop
      vertex -4.86248 -27.7067 2
      vertex -4.73665 -27.8325 0
      vertex -4.73665 -27.8325 2
    endloop
  endfacet
  facet normal 0.890938 0.454125 0
    outer loop
      vertex -7.47224 -29.82 2
      vertex -7.55303 -29.6615 0
      vertex -7.55303 -29.6615 2
    endloop
  endfacet
  facet normal 0.890938 0.454125 0
    outer loop
      vertex -7.55303 -29.6615 0
      vertex -7.47224 -29.82 2
      vertex -7.47224 -29.82 0
    endloop
  endfacet
  facet normal 0.777182 -0.629276 0
    outer loop
      vertex -7.37533 -27.9708 2
      vertex -7.26335 -27.8325 0
      vertex -7.26335 -27.8325 2
    endloop
  endfacet
  facet normal 0.777182 -0.629276 0
    outer loop
      vertex -7.26335 -27.8325 0
      vertex -7.37533 -27.9708 2
      vertex -7.37533 -27.9708 0
    endloop
  endfacet
  facet normal 0.454056 0.890973 -0
    outer loop
      vertex -6.69145 -30.523 0
      vertex -6.85 -30.4422 2
      vertex -6.69145 -30.523 2
    endloop
  endfacet
  facet normal 0.454056 0.890973 0
    outer loop
      vertex -6.85 -30.4422 2
      vertex -6.69145 -30.523 0
      vertex -6.85 -30.4422 0
    endloop
  endfacet
  facet normal 0.987678 -0.156499 0
    outer loop
      vertex -7.69069 -28.7923 2
      vertex -7.66285 -28.6166 0
      vertex -7.66285 -28.6166 2
    endloop
  endfacet
  facet normal 0.987678 -0.156499 0
    outer loop
      vertex -7.66285 -28.6166 0
      vertex -7.69069 -28.7923 2
      vertex -7.69069 -28.7923 0
    endloop
  endfacet
  facet normal -0.454056 -0.890973 0
    outer loop
      vertex -5.30855 -27.417 0
      vertex -5.15 -27.4978 2
      vertex -5.30855 -27.417 2
    endloop
  endfacet
  facet normal -0.454056 -0.890973 -0
    outer loop
      vertex -5.15 -27.4978 2
      vertex -5.30855 -27.417 0
      vertex -5.15 -27.4978 0
    endloop
  endfacet
  facet normal -0.890938 0.454125 0
    outer loop
      vertex -4.52776 -29.82 0
      vertex -4.44697 -29.6615 2
      vertex -4.44697 -29.6615 0
    endloop
  endfacet
  facet normal -0.890938 0.454125 0
    outer loop
      vertex -4.44697 -29.6615 2
      vertex -4.52776 -29.82 0
      vertex -4.52776 -29.82 2
    endloop
  endfacet
  facet normal -0.965941 0.258764 0
    outer loop
      vertex -4.3832 -29.4953 0
      vertex -4.33715 -29.3234 2
      vertex -4.33715 -29.3234 0
    endloop
  endfacet
  facet normal -0.965941 0.258764 0
    outer loop
      vertex -4.33715 -29.3234 2
      vertex -4.3832 -29.4953 0
      vertex -4.3832 -29.4953 2
    endloop
  endfacet
  facet normal -0.259054 -0.965863 0
    outer loop
      vertex -5.64655 -27.3071 0
      vertex -5.47467 -27.3532 2
      vertex -5.64655 -27.3071 2
    endloop
  endfacet
  facet normal -0.259054 -0.965863 -0
    outer loop
      vertex -5.47467 -27.3532 2
      vertex -5.64655 -27.3071 0
      vertex -5.47467 -27.3532 0
    endloop
  endfacet
  facet normal -0.987678 0.156499 0
    outer loop
      vertex -4.33715 -29.3234 0
      vertex -4.30931 -29.1477 2
      vertex -4.30931 -29.1477 0
    endloop
  endfacet
  facet normal -0.987678 0.156499 0
    outer loop
      vertex -4.30931 -29.1477 2
      vertex -4.33715 -29.3234 0
      vertex -4.33715 -29.3234 2
    endloop
  endfacet
  facet normal -0.259054 0.965863 0
    outer loop
      vertex -5.47467 -30.5868 0
      vertex -5.64655 -30.6329 2
      vertex -5.47467 -30.5868 2
    endloop
  endfacet
  facet normal -0.259054 0.965863 0
    outer loop
      vertex -5.64655 -30.6329 2
      vertex -5.47467 -30.5868 0
      vertex -5.64655 -30.6329 0
    endloop
  endfacet
  facet normal -0.0522639 -0.998633 0
    outer loop
      vertex -6 -27.27 0
      vertex -5.8223 -27.2793 2
      vertex -6 -27.27 2
    endloop
  endfacet
  facet normal -0.0522639 -0.998633 -0
    outer loop
      vertex -5.8223 -27.2793 2
      vertex -6 -27.27 0
      vertex -5.8223 -27.2793 0
    endloop
  endfacet
  facet normal -0.838623 -0.544712 0
    outer loop
      vertex -4.52776 -28.12 0
      vertex -4.62467 -27.9708 2
      vertex -4.62467 -27.9708 0
    endloop
  endfacet
  facet normal -0.838623 -0.544712 0
    outer loop
      vertex -4.62467 -27.9708 2
      vertex -4.52776 -28.12 0
      vertex -4.52776 -28.12 2
    endloop
  endfacet
  facet normal -0.777182 0.629276 0
    outer loop
      vertex -4.73665 -30.1075 0
      vertex -4.62467 -29.9692 2
      vertex -4.62467 -29.9692 0
    endloop
  endfacet
  facet normal -0.777182 0.629276 0
    outer loop
      vertex -4.62467 -29.9692 2
      vertex -4.73665 -30.1075 0
      vertex -4.73665 -30.1075 2
    endloop
  endfacet
  facet normal 0.358527 -0.933519 0
    outer loop
      vertex -6.69145 -27.417 0
      vertex -6.52533 -27.3532 2
      vertex -6.69145 -27.417 2
    endloop
  endfacet
  facet normal 0.358527 -0.933519 0
    outer loop
      vertex -6.52533 -27.3532 2
      vertex -6.69145 -27.417 0
      vertex -6.52533 -27.3532 0
    endloop
  endfacet
  facet normal 0.544595 0.838699 -0
    outer loop
      vertex -6.85 -30.4422 0
      vertex -6.99923 -30.3453 2
      vertex -6.85 -30.4422 2
    endloop
  endfacet
  facet normal 0.544595 0.838699 0
    outer loop
      vertex -6.99923 -30.3453 2
      vertex -6.85 -30.4422 0
      vertex -6.99923 -30.3453 0
    endloop
  endfacet
  facet normal 0.156237 -0.98772 0
    outer loop
      vertex -6.35345 -27.3071 0
      vertex -6.1777 -27.2793 2
      vertex -6.35345 -27.3071 2
    endloop
  endfacet
  facet normal 0.156237 -0.98772 0
    outer loop
      vertex -6.1777 -27.2793 2
      vertex -6.35345 -27.3071 0
      vertex -6.1777 -27.2793 0
    endloop
  endfacet
  facet normal -0.454056 0.890973 0
    outer loop
      vertex -5.15 -30.4422 0
      vertex -5.30855 -30.523 2
      vertex -5.15 -30.4422 2
    endloop
  endfacet
  facet normal -0.454056 0.890973 0
    outer loop
      vertex -5.30855 -30.523 2
      vertex -5.15 -30.4422 0
      vertex -5.30855 -30.523 0
    endloop
  endfacet
  facet normal 0.933633 0.35823 0
    outer loop
      vertex -7.55303 -29.6615 2
      vertex -7.6168 -29.4953 0
      vertex -7.6168 -29.4953 2
    endloop
  endfacet
  facet normal 0.933633 0.35823 0
    outer loop
      vertex -7.6168 -29.4953 0
      vertex -7.55303 -29.6615 2
      vertex -7.55303 -29.6615 0
    endloop
  endfacet
  facet normal -0.629399 -0.777083 0
    outer loop
      vertex -5.00076 -27.5947 0
      vertex -4.86248 -27.7067 2
      vertex -5.00076 -27.5947 2
    endloop
  endfacet
  facet normal -0.629399 -0.777083 -0
    outer loop
      vertex -4.86248 -27.7067 2
      vertex -5.00076 -27.5947 0
      vertex -4.86248 -27.7067 0
    endloop
  endfacet
  facet normal 0.707022 0.707191 0
    outer loop
      vertex -7.13752 -30.2333 2
      vertex -7.26335 -30.1075 0
      vertex -7.26335 -30.1075 2
    endloop
  endfacet
  facet normal 0.707022 0.707191 0
    outer loop
      vertex -7.26335 -30.1075 0
      vertex -7.13752 -30.2333 2
      vertex -7.13752 -30.2333 0
    endloop
  endfacet
  facet normal -0.933633 0.35823 0
    outer loop
      vertex -4.44697 -29.6615 0
      vertex -4.3832 -29.4953 2
      vertex -4.3832 -29.4953 0
    endloop
  endfacet
  facet normal -0.933633 0.35823 0
    outer loop
      vertex -4.3832 -29.4953 2
      vertex -4.44697 -29.6615 0
      vertex -4.44697 -29.6615 2
    endloop
  endfacet
  facet normal 0.838623 -0.544712 0
    outer loop
      vertex -7.47224 -28.12 2
      vertex -7.37533 -27.9708 0
      vertex -7.37533 -27.9708 2
    endloop
  endfacet
  facet normal 0.838623 -0.544712 0
    outer loop
      vertex -7.37533 -27.9708 0
      vertex -7.47224 -28.12 2
      vertex -7.47224 -28.12 0
    endloop
  endfacet
  facet normal 0.890938 -0.454125 0
    outer loop
      vertex -7.55303 -28.2785 2
      vertex -7.47224 -28.12 0
      vertex -7.47224 -28.12 2
    endloop
  endfacet
  facet normal 0.890938 -0.454125 0
    outer loop
      vertex -7.47224 -28.12 0
      vertex -7.55303 -28.2785 2
      vertex -7.55303 -28.2785 0
    endloop
  endfacet
  facet normal 0.99863 -0.0523199 0
    outer loop
      vertex -7.7 -28.97 2
      vertex -7.69069 -28.7923 0
      vertex -7.69069 -28.7923 2
    endloop
  endfacet
  facet normal 0.99863 -0.0523199 0
    outer loop
      vertex -7.69069 -28.7923 0
      vertex -7.7 -28.97 2
      vertex -7.7 -28.97 0
    endloop
  endfacet
  facet normal -0.838623 0.544712 0
    outer loop
      vertex -4.62467 -29.9692 0
      vertex -4.52776 -29.82 2
      vertex -4.52776 -29.82 0
    endloop
  endfacet
  facet normal -0.838623 0.544712 0
    outer loop
      vertex -4.52776 -29.82 2
      vertex -4.62467 -29.9692 0
      vertex -4.62467 -29.9692 2
    endloop
  endfacet
  facet normal 0.987678 0.156499 0
    outer loop
      vertex -7.66285 -29.3234 2
      vertex -7.69069 -29.1477 0
      vertex -7.69069 -29.1477 2
    endloop
  endfacet
  facet normal 0.987678 0.156499 0
    outer loop
      vertex -7.69069 -29.1477 0
      vertex -7.66285 -29.3234 2
      vertex -7.66285 -29.3234 0
    endloop
  endfacet
  facet normal -0.777182 -0.629276 0
    outer loop
      vertex 7.37533 -27.9708 0
      vertex 7.26335 -27.8325 2
      vertex 7.26335 -27.8325 0
    endloop
  endfacet
  facet normal -0.777182 -0.629276 0
    outer loop
      vertex 7.26335 -27.8325 2
      vertex 7.37533 -27.9708 0
      vertex 7.37533 -27.9708 2
    endloop
  endfacet
  facet normal -0.987678 -0.156499 0
    outer loop
      vertex 7.69069 -28.7923 0
      vertex 7.66285 -28.6166 2
      vertex 7.66285 -28.6166 0
    endloop
  endfacet
  facet normal -0.987678 -0.156499 0
    outer loop
      vertex 7.66285 -28.6166 2
      vertex 7.69069 -28.7923 0
      vertex 7.69069 -28.7923 2
    endloop
  endfacet
  facet normal -0.99863 -0.0523199 0
    outer loop
      vertex 7.7 -28.97 0
      vertex 7.69069 -28.7923 2
      vertex 7.69069 -28.7923 0
    endloop
  endfacet
  facet normal -0.99863 -0.0523199 0
    outer loop
      vertex 7.69069 -28.7923 2
      vertex 7.7 -28.97 0
      vertex 7.7 -28.97 2
    endloop
  endfacet
  facet normal -0.965941 -0.258764 0
    outer loop
      vertex 7.66285 -28.6166 0
      vertex 7.6168 -28.4447 2
      vertex 7.6168 -28.4447 0
    endloop
  endfacet
  facet normal -0.965941 -0.258764 0
    outer loop
      vertex 7.6168 -28.4447 2
      vertex 7.66285 -28.6166 0
      vertex 7.66285 -28.6166 2
    endloop
  endfacet
  facet normal -0.156237 -0.98772 0
    outer loop
      vertex 6.1777 -27.2793 0
      vertex 6.35345 -27.3071 2
      vertex 6.1777 -27.2793 2
    endloop
  endfacet
  facet normal -0.156237 -0.98772 -0
    outer loop
      vertex 6.35345 -27.3071 2
      vertex 6.1777 -27.2793 0
      vertex 6.35345 -27.3071 0
    endloop
  endfacet
  facet normal -0.890938 -0.454125 0
    outer loop
      vertex 7.55303 -28.2785 0
      vertex 7.47224 -28.12 2
      vertex 7.47224 -28.12 0
    endloop
  endfacet
  facet normal -0.890938 -0.454125 0
    outer loop
      vertex 7.47224 -28.12 2
      vertex 7.55303 -28.2785 0
      vertex 7.55303 -28.2785 2
    endloop
  endfacet
  facet normal -0.707022 0.707191 0
    outer loop
      vertex 7.13752 -30.2333 0
      vertex 7.26335 -30.1075 2
      vertex 7.26335 -30.1075 0
    endloop
  endfacet
  facet normal -0.707022 0.707191 0
    outer loop
      vertex 7.26335 -30.1075 2
      vertex 7.13752 -30.2333 0
      vertex 7.13752 -30.2333 2
    endloop
  endfacet
  facet normal -0.777182 0.629276 0
    outer loop
      vertex 7.26335 -30.1075 0
      vertex 7.37533 -29.9692 2
      vertex 7.37533 -29.9692 0
    endloop
  endfacet
  facet normal -0.777182 0.629276 0
    outer loop
      vertex 7.37533 -29.9692 2
      vertex 7.26335 -30.1075 0
      vertex 7.26335 -30.1075 2
    endloop
  endfacet
  facet normal 0.259054 -0.965863 0
    outer loop
      vertex 5.47467 -27.3532 0
      vertex 5.64655 -27.3071 2
      vertex 5.47467 -27.3532 2
    endloop
  endfacet
  facet normal 0.259054 -0.965863 0
    outer loop
      vertex 5.64655 -27.3071 2
      vertex 5.47467 -27.3532 0
      vertex 5.64655 -27.3071 0
    endloop
  endfacet
  facet normal -0.99863 0.0523199 0
    outer loop
      vertex 7.69069 -29.1477 0
      vertex 7.7 -28.97 2
      vertex 7.7 -28.97 0
    endloop
  endfacet
  facet normal -0.99863 0.0523199 0
    outer loop
      vertex 7.7 -28.97 2
      vertex 7.69069 -29.1477 0
      vertex 7.69069 -29.1477 2
    endloop
  endfacet
  facet normal -0.0522639 0.998633 0
    outer loop
      vertex 6.1777 -30.6607 0
      vertex 6 -30.67 2
      vertex 6.1777 -30.6607 2
    endloop
  endfacet
  facet normal -0.0522639 0.998633 0
    outer loop
      vertex 6 -30.67 2
      vertex 6.1777 -30.6607 0
      vertex 6 -30.67 0
    endloop
  endfacet
  facet normal -0.629371 -0.777105 0
    outer loop
      vertex 6.99923 -27.5947 0
      vertex 7.13752 -27.7067 2
      vertex 6.99923 -27.5947 2
    endloop
  endfacet
  facet normal -0.629371 -0.777105 -0
    outer loop
      vertex 7.13752 -27.7067 2
      vertex 6.99923 -27.5947 0
      vertex 7.13752 -27.7067 0
    endloop
  endfacet
  facet normal 0.454056 0.890973 -0
    outer loop
      vertex 5.30855 -30.523 0
      vertex 5.15 -30.4422 2
      vertex 5.30855 -30.523 2
    endloop
  endfacet
  facet normal 0.454056 0.890973 0
    outer loop
      vertex 5.15 -30.4422 2
      vertex 5.30855 -30.523 0
      vertex 5.15 -30.4422 0
    endloop
  endfacet
  facet normal 0.933633 -0.35823 0
    outer loop
      vertex 4.3832 -28.4447 2
      vertex 4.44697 -28.2785 0
      vertex 4.44697 -28.2785 2
    endloop
  endfacet
  facet normal 0.933633 -0.35823 0
    outer loop
      vertex 4.44697 -28.2785 0
      vertex 4.3832 -28.4447 2
      vertex 4.3832 -28.4447 0
    endloop
  endfacet
  facet normal -0.965941 0.258764 0
    outer loop
      vertex 7.6168 -29.4953 0
      vertex 7.66285 -29.3234 2
      vertex 7.66285 -29.3234 0
    endloop
  endfacet
  facet normal -0.965941 0.258764 0
    outer loop
      vertex 7.66285 -29.3234 2
      vertex 7.6168 -29.4953 0
      vertex 7.6168 -29.4953 2
    endloop
  endfacet
  facet normal -0.933633 -0.35823 0
    outer loop
      vertex 7.6168 -28.4447 0
      vertex 7.55303 -28.2785 2
      vertex 7.55303 -28.2785 0
    endloop
  endfacet
  facet normal -0.933633 -0.35823 0
    outer loop
      vertex 7.55303 -28.2785 2
      vertex 7.6168 -28.4447 0
      vertex 7.6168 -28.4447 2
    endloop
  endfacet
  facet normal -0.707022 -0.707191 0
    outer loop
      vertex 7.26335 -27.8325 0
      vertex 7.13752 -27.7067 2
      vertex 7.13752 -27.7067 0
    endloop
  endfacet
  facet normal -0.707022 -0.707191 0
    outer loop
      vertex 7.13752 -27.7067 2
      vertex 7.26335 -27.8325 0
      vertex 7.26335 -27.8325 2
    endloop
  endfacet
  facet normal 0.629399 -0.777083 0
    outer loop
      vertex 4.86248 -27.7067 0
      vertex 5.00076 -27.5947 2
      vertex 4.86248 -27.7067 2
    endloop
  endfacet
  facet normal 0.629399 -0.777083 0
    outer loop
      vertex 5.00076 -27.5947 2
      vertex 4.86248 -27.7067 0
      vertex 5.00076 -27.5947 0
    endloop
  endfacet
  facet normal 0.156237 0.98772 -0
    outer loop
      vertex 5.8223 -30.6607 0
      vertex 5.64655 -30.6329 2
      vertex 5.8223 -30.6607 2
    endloop
  endfacet
  facet normal 0.156237 0.98772 0
    outer loop
      vertex 5.64655 -30.6329 2
      vertex 5.8223 -30.6607 0
      vertex 5.64655 -30.6329 0
    endloop
  endfacet
  facet normal 0.454056 -0.890973 0
    outer loop
      vertex 5.15 -27.4978 0
      vertex 5.30855 -27.417 2
      vertex 5.15 -27.4978 2
    endloop
  endfacet
  facet normal 0.454056 -0.890973 0
    outer loop
      vertex 5.30855 -27.417 2
      vertex 5.15 -27.4978 0
      vertex 5.30855 -27.417 0
    endloop
  endfacet
  facet normal -0.544595 0.838699 0
    outer loop
      vertex 6.99923 -30.3453 0
      vertex 6.85 -30.4422 2
      vertex 6.99923 -30.3453 2
    endloop
  endfacet
  facet normal -0.544595 0.838699 0
    outer loop
      vertex 6.85 -30.4422 2
      vertex 6.99923 -30.3453 0
      vertex 6.85 -30.4422 0
    endloop
  endfacet
  facet normal 0.838623 -0.544712 0
    outer loop
      vertex 4.52776 -28.12 2
      vertex 4.62467 -27.9708 0
      vertex 4.62467 -27.9708 2
    endloop
  endfacet
  facet normal 0.838623 -0.544712 0
    outer loop
      vertex 4.62467 -27.9708 0
      vertex 4.52776 -28.12 2
      vertex 4.52776 -28.12 0
    endloop
  endfacet
  facet normal 0.987678 -0.156499 0
    outer loop
      vertex 4.30931 -28.7923 2
      vertex 4.33715 -28.6166 0
      vertex 4.33715 -28.6166 2
    endloop
  endfacet
  facet normal 0.987678 -0.156499 0
    outer loop
      vertex 4.33715 -28.6166 0
      vertex 4.30931 -28.7923 2
      vertex 4.30931 -28.7923 0
    endloop
  endfacet
  facet normal 0.890938 -0.454125 0
    outer loop
      vertex 4.44697 -28.2785 2
      vertex 4.52776 -28.12 0
      vertex 4.52776 -28.12 2
    endloop
  endfacet
  facet normal 0.890938 -0.454125 0
    outer loop
      vertex 4.52776 -28.12 0
      vertex 4.44697 -28.2785 2
      vertex 4.44697 -28.2785 0
    endloop
  endfacet
  facet normal 0.99863 0.0523199 0
    outer loop
      vertex 4.30931 -29.1477 2
      vertex 4.3 -28.97 0
      vertex 4.3 -28.97 2
    endloop
  endfacet
  facet normal 0.99863 0.0523199 0
    outer loop
      vertex 4.3 -28.97 0
      vertex 4.30931 -29.1477 2
      vertex 4.30931 -29.1477 0
    endloop
  endfacet
  facet normal -0.358527 -0.933519 0
    outer loop
      vertex 6.52533 -27.3532 0
      vertex 6.69145 -27.417 2
      vertex 6.52533 -27.3532 2
    endloop
  endfacet
  facet normal -0.358527 -0.933519 -0
    outer loop
      vertex 6.69145 -27.417 2
      vertex 6.52533 -27.3532 0
      vertex 6.69145 -27.417 0
    endloop
  endfacet
  facet normal 0.0522639 -0.998633 0
    outer loop
      vertex 5.8223 -27.2793 0
      vertex 6 -27.27 2
      vertex 5.8223 -27.2793 2
    endloop
  endfacet
  facet normal 0.0522639 -0.998633 0
    outer loop
      vertex 6 -27.27 2
      vertex 5.8223 -27.2793 0
      vertex 6 -27.27 0
    endloop
  endfacet
  facet normal 0.54457 -0.838716 0
    outer loop
      vertex 5.00076 -27.5947 0
      vertex 5.15 -27.4978 2
      vertex 5.00076 -27.5947 2
    endloop
  endfacet
  facet normal 0.54457 -0.838716 0
    outer loop
      vertex 5.15 -27.4978 2
      vertex 5.00076 -27.5947 0
      vertex 5.15 -27.4978 0
    endloop
  endfacet
  facet normal 0.54457 0.838716 -0
    outer loop
      vertex 5.15 -30.4422 0
      vertex 5.00076 -30.3453 2
      vertex 5.15 -30.4422 2
    endloop
  endfacet
  facet normal 0.54457 0.838716 0
    outer loop
      vertex 5.00076 -30.3453 2
      vertex 5.15 -30.4422 0
      vertex 5.00076 -30.3453 0
    endloop
  endfacet
  facet normal -0.156237 0.98772 0
    outer loop
      vertex 6.35345 -30.6329 0
      vertex 6.1777 -30.6607 2
      vertex 6.35345 -30.6329 2
    endloop
  endfacet
  facet normal -0.156237 0.98772 0
    outer loop
      vertex 6.1777 -30.6607 2
      vertex 6.35345 -30.6329 0
      vertex 6.1777 -30.6607 0
    endloop
  endfacet
  facet normal -0.544595 -0.838699 0
    outer loop
      vertex 6.85 -27.4978 0
      vertex 6.99923 -27.5947 2
      vertex 6.85 -27.4978 2
    endloop
  endfacet
  facet normal -0.544595 -0.838699 -0
    outer loop
      vertex 6.99923 -27.5947 2
      vertex 6.85 -27.4978 0
      vertex 6.99923 -27.5947 0
    endloop
  endfacet
  facet normal 0.933633 0.35823 0
    outer loop
      vertex 4.44697 -29.6615 2
      vertex 4.3832 -29.4953 0
      vertex 4.3832 -29.4953 2
    endloop
  endfacet
  facet normal 0.933633 0.35823 0
    outer loop
      vertex 4.3832 -29.4953 0
      vertex 4.44697 -29.6615 2
      vertex 4.44697 -29.6615 0
    endloop
  endfacet
  facet normal -0.629371 0.777105 0
    outer loop
      vertex 7.13752 -30.2333 0
      vertex 6.99923 -30.3453 2
      vertex 7.13752 -30.2333 2
    endloop
  endfacet
  facet normal -0.629371 0.777105 0
    outer loop
      vertex 6.99923 -30.3453 2
      vertex 7.13752 -30.2333 0
      vertex 6.99923 -30.3453 0
    endloop
  endfacet
  facet normal 0.965941 -0.258764 0
    outer loop
      vertex 4.33715 -28.6166 2
      vertex 4.3832 -28.4447 0
      vertex 4.3832 -28.4447 2
    endloop
  endfacet
  facet normal 0.965941 -0.258764 0
    outer loop
      vertex 4.3832 -28.4447 0
      vertex 4.33715 -28.6166 2
      vertex 4.33715 -28.6166 0
    endloop
  endfacet
  facet normal 0.0522639 0.998633 -0
    outer loop
      vertex 6 -30.67 0
      vertex 5.8223 -30.6607 2
      vertex 6 -30.67 2
    endloop
  endfacet
  facet normal 0.0522639 0.998633 0
    outer loop
      vertex 5.8223 -30.6607 2
      vertex 6 -30.67 0
      vertex 5.8223 -30.6607 0
    endloop
  endfacet
  facet normal 0.707022 -0.707191 0
    outer loop
      vertex 4.73665 -27.8325 2
      vertex 4.86248 -27.7067 0
      vertex 4.86248 -27.7067 2
    endloop
  endfacet
  facet normal 0.707022 -0.707191 0
    outer loop
      vertex 4.86248 -27.7067 0
      vertex 4.73665 -27.8325 2
      vertex 4.73665 -27.8325 0
    endloop
  endfacet
  facet normal -0.933633 0.35823 0
    outer loop
      vertex 7.55303 -29.6615 0
      vertex 7.6168 -29.4953 2
      vertex 7.6168 -29.4953 0
    endloop
  endfacet
  facet normal -0.933633 0.35823 0
    outer loop
      vertex 7.6168 -29.4953 2
      vertex 7.55303 -29.6615 0
      vertex 7.55303 -29.6615 2
    endloop
  endfacet
  facet normal 0.777182 -0.629276 0
    outer loop
      vertex 4.62467 -27.9708 2
      vertex 4.73665 -27.8325 0
      vertex 4.73665 -27.8325 2
    endloop
  endfacet
  facet normal 0.777182 -0.629276 0
    outer loop
      vertex 4.73665 -27.8325 0
      vertex 4.62467 -27.9708 2
      vertex 4.62467 -27.9708 0
    endloop
  endfacet
  facet normal -0.454056 0.890973 0
    outer loop
      vertex 6.85 -30.4422 0
      vertex 6.69145 -30.523 2
      vertex 6.85 -30.4422 2
    endloop
  endfacet
  facet normal -0.454056 0.890973 0
    outer loop
      vertex 6.69145 -30.523 2
      vertex 6.85 -30.4422 0
      vertex 6.69145 -30.523 0
    endloop
  endfacet
  facet normal -0.0522639 -0.998633 0
    outer loop
      vertex 6 -27.27 0
      vertex 6.1777 -27.2793 2
      vertex 6 -27.27 2
    endloop
  endfacet
  facet normal -0.0522639 -0.998633 -0
    outer loop
      vertex 6.1777 -27.2793 2
      vertex 6 -27.27 0
      vertex 6.1777 -27.2793 0
    endloop
  endfacet
  facet normal -0.454056 -0.890973 0
    outer loop
      vertex 6.69145 -27.417 0
      vertex 6.85 -27.4978 2
      vertex 6.69145 -27.417 2
    endloop
  endfacet
  facet normal -0.454056 -0.890973 -0
    outer loop
      vertex 6.85 -27.4978 2
      vertex 6.69145 -27.417 0
      vertex 6.85 -27.4978 0
    endloop
  endfacet
  facet normal -0.987678 0.156499 0
    outer loop
      vertex 7.66285 -29.3234 0
      vertex 7.69069 -29.1477 2
      vertex 7.69069 -29.1477 0
    endloop
  endfacet
  facet normal -0.987678 0.156499 0
    outer loop
      vertex 7.69069 -29.1477 2
      vertex 7.66285 -29.3234 0
      vertex 7.66285 -29.3234 2
    endloop
  endfacet
  facet normal -0.259054 -0.965863 0
    outer loop
      vertex 6.35345 -27.3071 0
      vertex 6.52533 -27.3532 2
      vertex 6.35345 -27.3071 2
    endloop
  endfacet
  facet normal -0.259054 -0.965863 -0
    outer loop
      vertex 6.52533 -27.3532 2
      vertex 6.35345 -27.3071 0
      vertex 6.52533 -27.3532 0
    endloop
  endfacet
  facet normal -0.259054 0.965863 0
    outer loop
      vertex 6.52533 -30.5868 0
      vertex 6.35345 -30.6329 2
      vertex 6.52533 -30.5868 2
    endloop
  endfacet
  facet normal -0.259054 0.965863 0
    outer loop
      vertex 6.35345 -30.6329 2
      vertex 6.52533 -30.5868 0
      vertex 6.35345 -30.6329 0
    endloop
  endfacet
  facet normal -0.358527 0.933519 0
    outer loop
      vertex 6.69145 -30.523 0
      vertex 6.52533 -30.5868 2
      vertex 6.69145 -30.523 2
    endloop
  endfacet
  facet normal -0.358527 0.933519 0
    outer loop
      vertex 6.52533 -30.5868 2
      vertex 6.69145 -30.523 0
      vertex 6.52533 -30.5868 0
    endloop
  endfacet
  facet normal 0.707022 0.707191 0
    outer loop
      vertex 4.86248 -30.2333 2
      vertex 4.73665 -30.1075 0
      vertex 4.73665 -30.1075 2
    endloop
  endfacet
  facet normal 0.707022 0.707191 0
    outer loop
      vertex 4.73665 -30.1075 0
      vertex 4.86248 -30.2333 2
      vertex 4.86248 -30.2333 0
    endloop
  endfacet
  facet normal -0.838623 -0.544712 0
    outer loop
      vertex 7.47224 -28.12 0
      vertex 7.37533 -27.9708 2
      vertex 7.37533 -27.9708 0
    endloop
  endfacet
  facet normal -0.838623 -0.544712 0
    outer loop
      vertex 7.37533 -27.9708 2
      vertex 7.47224 -28.12 0
      vertex 7.47224 -28.12 2
    endloop
  endfacet
  facet normal 0.358527 -0.933519 0
    outer loop
      vertex 5.30855 -27.417 0
      vertex 5.47467 -27.3532 2
      vertex 5.30855 -27.417 2
    endloop
  endfacet
  facet normal 0.358527 -0.933519 0
    outer loop
      vertex 5.47467 -27.3532 2
      vertex 5.30855 -27.417 0
      vertex 5.47467 -27.3532 0
    endloop
  endfacet
  facet normal 0.156237 -0.98772 0
    outer loop
      vertex 5.64655 -27.3071 0
      vertex 5.8223 -27.2793 2
      vertex 5.64655 -27.3071 2
    endloop
  endfacet
  facet normal 0.156237 -0.98772 0
    outer loop
      vertex 5.8223 -27.2793 2
      vertex 5.64655 -27.3071 0
      vertex 5.8223 -27.2793 0
    endloop
  endfacet
  facet normal 0.259054 0.965863 -0
    outer loop
      vertex 5.64655 -30.6329 0
      vertex 5.47467 -30.5868 2
      vertex 5.64655 -30.6329 2
    endloop
  endfacet
  facet normal 0.259054 0.965863 0
    outer loop
      vertex 5.47467 -30.5868 2
      vertex 5.64655 -30.6329 0
      vertex 5.47467 -30.5868 0
    endloop
  endfacet
  facet normal 0.965941 0.258764 0
    outer loop
      vertex 4.3832 -29.4953 2
      vertex 4.33715 -29.3234 0
      vertex 4.33715 -29.3234 2
    endloop
  endfacet
  facet normal 0.965941 0.258764 0
    outer loop
      vertex 4.33715 -29.3234 0
      vertex 4.3832 -29.4953 2
      vertex 4.3832 -29.4953 0
    endloop
  endfacet
  facet normal 0.777182 0.629276 0
    outer loop
      vertex 4.73665 -30.1075 2
      vertex 4.62467 -29.9692 0
      vertex 4.62467 -29.9692 2
    endloop
  endfacet
  facet normal 0.777182 0.629276 0
    outer loop
      vertex 4.62467 -29.9692 0
      vertex 4.73665 -30.1075 2
      vertex 4.73665 -30.1075 0
    endloop
  endfacet
  facet normal 0.987678 0.156499 0
    outer loop
      vertex 4.33715 -29.3234 2
      vertex 4.30931 -29.1477 0
      vertex 4.30931 -29.1477 2
    endloop
  endfacet
  facet normal 0.987678 0.156499 0
    outer loop
      vertex 4.30931 -29.1477 0
      vertex 4.33715 -29.3234 2
      vertex 4.33715 -29.3234 0
    endloop
  endfacet
  facet normal 0.629399 0.777083 -0
    outer loop
      vertex 5.00076 -30.3453 0
      vertex 4.86248 -30.2333 2
      vertex 5.00076 -30.3453 2
    endloop
  endfacet
  facet normal 0.629399 0.777083 0
    outer loop
      vertex 4.86248 -30.2333 2
      vertex 5.00076 -30.3453 0
      vertex 4.86248 -30.2333 0
    endloop
  endfacet
  facet normal -0.890938 0.454125 0
    outer loop
      vertex 7.47224 -29.82 0
      vertex 7.55303 -29.6615 2
      vertex 7.55303 -29.6615 0
    endloop
  endfacet
  facet normal -0.890938 0.454125 0
    outer loop
      vertex 7.55303 -29.6615 2
      vertex 7.47224 -29.82 0
      vertex 7.47224 -29.82 2
    endloop
  endfacet
  facet normal 0.838623 0.544712 0
    outer loop
      vertex 4.62467 -29.9692 2
      vertex 4.52776 -29.82 0
      vertex 4.52776 -29.82 2
    endloop
  endfacet
  facet normal 0.838623 0.544712 0
    outer loop
      vertex 4.52776 -29.82 0
      vertex 4.62467 -29.9692 2
      vertex 4.62467 -29.9692 0
    endloop
  endfacet
  facet normal 0.890938 0.454125 0
    outer loop
      vertex 4.52776 -29.82 2
      vertex 4.44697 -29.6615 0
      vertex 4.44697 -29.6615 2
    endloop
  endfacet
  facet normal 0.890938 0.454125 0
    outer loop
      vertex 4.44697 -29.6615 0
      vertex 4.52776 -29.82 2
      vertex 4.52776 -29.82 0
    endloop
  endfacet
  facet normal 0.99863 -0.0523199 0
    outer loop
      vertex 4.3 -28.97 2
      vertex 4.30931 -28.7923 0
      vertex 4.30931 -28.7923 2
    endloop
  endfacet
  facet normal 0.99863 -0.0523199 0
    outer loop
      vertex 4.30931 -28.7923 0
      vertex 4.3 -28.97 2
      vertex 4.3 -28.97 0
    endloop
  endfacet
  facet normal -0.838623 0.544712 0
    outer loop
      vertex 7.37533 -29.9692 0
      vertex 7.47224 -29.82 2
      vertex 7.47224 -29.82 0
    endloop
  endfacet
  facet normal -0.838623 0.544712 0
    outer loop
      vertex 7.47224 -29.82 2
      vertex 7.37533 -29.9692 0
      vertex 7.37533 -29.9692 2
    endloop
  endfacet
  facet normal 0.358527 0.933519 -0
    outer loop
      vertex 5.47467 -30.5868 0
      vertex 5.30855 -30.523 2
      vertex 5.47467 -30.5868 2
    endloop
  endfacet
  facet normal 0.358527 0.933519 0
    outer loop
      vertex 5.30855 -30.523 2
      vertex 5.47467 -30.5868 0
      vertex 5.30855 -30.523 0
    endloop
  endfacet
  facet normal -1 0 0
    outer loop
      vertex 25.04 -24.72 0
      vertex 25.04 24.72 2
      vertex 25.04 24.72 0
    endloop
  endfacet
  facet normal -1 -0 0
    outer loop
      vertex 25.04 24.72 2
      vertex 25.04 -24.72 0
      vertex 25.04 -24.72 2
    endloop
  endfacet
  facet normal 1 -0 0
    outer loop
      vertex -25.04 -24.72 2
      vertex -25.04 24.72 0
      vertex -25.04 24.72 2
    endloop
  endfacet
  facet normal 1 0 0
    outer loop
      vertex -25.04 24.72 0
      vertex -25.04 -24.72 2
      vertex -25.04 -24.72 0
    endloop
  endfacet
  facet normal 0 -1 0
    outer loop
      vertex -25.04 24.72 0
      vertex 25.04 24.72 2
      vertex -25.04 24.72 2
    endloop
  endfacet
  facet normal 0 -1 -0
    outer loop
      vertex 25.04 24.72 2
      vertex -25.04 24.72 0
      vertex 25.04 24.72 0
    endloop
  endfacet
  facet normal 0 1 -0
    outer loop
      vertex 25.04 -24.72 0
      vertex -25.04 -24.72 2
      vertex 25.04 -24.72 2
    endloop
  endfacet
  facet normal 0 1 0
    outer loop
      vertex -25.04 -24.72 2
      vertex 25.04 -24.72 0
      vertex -25.04 -24.72 0
    endloop
  endfacet
endsolid OpenSCAD_Model
