solid OpenSCAD_Model
  facet normal 1 -0 0
    outer loop
      vertex 14 -8 3
      vertex 14 8 0
      vertex 14 8 3
    endloop
  endfacet
  facet normal 1 0 0
    outer loop
      vertex 14 8 0
      vertex 14 -8 3
      vertex 14 -8 0
    endloop
  endfacet
  facet normal 0 0 1
    outer loop
      vertex 14 8 3
      vertex 11.7 0 3
      vertex 14 -8 3
    endloop
  endfacet
  facet normal 0 0 1
    outer loop
      vertex 14 8 3
      vertex 11.6907 0.177698 3
      vertex 11.7 0 3
    endloop
  endfacet
  facet normal 0 0 1
    outer loop
      vertex 14 8 3
      vertex 11.6629 0.35345 3
      vertex 11.6907 0.177698 3
    endloop
  endfacet
  facet normal 0 0 1
    outer loop
      vertex 14 8 3
      vertex 11.6168 0.525329 3
      vertex 11.6629 0.35345 3
    endloop
  endfacet
  facet normal 0 0 1
    outer loop
      vertex 14 8 3
      vertex 11.553 0.691452 3
      vertex 11.6168 0.525329 3
    endloop
  endfacet
  facet normal 0 0 1
    outer loop
      vertex 14 8 3
      vertex 11.4722 0.849999 3
      vertex 11.553 0.691452 3
    endloop
  endfacet
  facet normal 0 0 1
    outer loop
      vertex 14 8 3
      vertex 11.3753 0.999234 3
      vertex 11.4722 0.849999 3
    endloop
  endfacet
  facet normal 0 0 1
    outer loop
      vertex 14 8 3
      vertex 11.2633 1.13752 3
      vertex 11.3753 0.999234 3
    endloop
  endfacet
  facet normal 0 0 1
    outer loop
      vertex 14 8 3
      vertex 11.1375 1.26335 3
      vertex 11.2633 1.13752 3
    endloop
  endfacet
  facet normal 0 0 1
    outer loop
      vertex 14 8 3
      vertex 10.9992 1.37533 3
      vertex 11.1375 1.26335 3
    endloop
  endfacet
  facet normal 0 0 1
    outer loop
      vertex 14 8 3
      vertex 10.85 1.47224 3
      vertex 10.9992 1.37533 3
    endloop
  endfacet
  facet normal 0 0 1
    outer loop
      vertex 14 8 3
      vertex 10.6915 1.55303 3
      vertex 10.85 1.47224 3
    endloop
  endfacet
  facet normal 0 0 1
    outer loop
      vertex 14 8 3
      vertex 10.5253 1.6168 3
      vertex 10.6915 1.55303 3
    endloop
  endfacet
  facet normal 0 0 1
    outer loop
      vertex 14 8 3
      vertex 10.3534 1.66285 3
      vertex 10.5253 1.6168 3
    endloop
  endfacet
  facet normal 0 0 1
    outer loop
      vertex 14 8 3
      vertex 10.1777 1.69069 3
      vertex 10.3534 1.66285 3
    endloop
  endfacet
  facet normal 0 0 1
    outer loop
      vertex 14 8 3
      vertex 10 1.7 3
      vertex 10.1777 1.69069 3
    endloop
  endfacet
  facet normal 0 0 1
    outer loop
      vertex 14 8 3
      vertex 9.8223 1.69069 3
      vertex 10 1.7 3
    endloop
  endfacet
  facet normal -0 0 1
    outer loop
      vertex 5.37996 3.90877 3
      vertex 9.8223 1.69069 3
      vertex 14 8 3
    endloop
  endfacet
  facet normal -0 -0 1
    outer loop
      vertex 5.75907 3.325 3
      vertex 9.8223 1.69069 3
      vertex 5.37996 3.90877 3
    endloop
  endfacet
  facet normal 0 0 1
    outer loop
      vertex 9.8223 1.69069 3
      vertex 5.75907 3.325 3
      vertex 9.64655 1.66285 3
    endloop
  endfacet
  facet normal 0 0 1
    outer loop
      vertex 9.64655 1.66285 3
      vertex 5.75907 3.325 3
      vertex 9.47467 1.6168 3
    endloop
  endfacet
  facet normal 0 0 1
    outer loop
      vertex 9.47467 1.6168 3
      vertex 6.07508 2.7048 3
      vertex 9.30855 1.55303 3
    endloop
  endfacet
  facet normal 0 0 1
    outer loop
      vertex 9.30855 1.55303 3
      vertex 6.07508 2.7048 3
      vertex 9.15 1.47224 3
    endloop
  endfacet
  facet normal 0 0 1
    outer loop
      vertex 9.15 1.47224 3
      vertex 6.07508 2.7048 3
      vertex 9.00076 1.37533 3
    endloop
  endfacet
  facet normal -0 -0 1
    outer loop
      vertex 6.32453 2.05496 3
      vertex 9.00076 1.37533 3
      vertex 6.07508 2.7048 3
    endloop
  endfacet
  facet normal 0 0 1
    outer loop
      vertex 8.30931 0.177698 3
      vertex 6.65 0 3
      vertex 8.3 0 3
    endloop
  endfacet
  facet normal 0 0 1
    outer loop
      vertex 6.61357 0.695114 3
      vertex 8.30931 0.177698 3
      vertex 8.33715 0.35345 3
    endloop
  endfacet
  facet normal 0 0 1
    outer loop
      vertex 6.61357 0.695114 3
      vertex 8.33715 0.35345 3
      vertex 8.3832 0.525329 3
    endloop
  endfacet
  facet normal 0 0 1
    outer loop
      vertex 6.61357 0.695114 3
      vertex 8.3832 0.525329 3
      vertex 8.44697 0.691452 3
    endloop
  endfacet
  facet normal 0 0 1
    outer loop
      vertex 6.50468 1.38261 3
      vertex 8.44697 0.691452 3
      vertex 8.52776 0.849999 3
    endloop
  endfacet
  facet normal 0 0 1
    outer loop
      vertex 6.50468 1.38261 3
      vertex 8.52776 0.849999 3
      vertex 8.62467 0.999234 3
    endloop
  endfacet
  facet normal 0 0 1
    outer loop
      vertex 9.00076 1.37533 3
      vertex 6.32453 2.05496 3
      vertex 8.86248 1.26335 3
    endloop
  endfacet
  facet normal 0 0 1
    outer loop
      vertex 8.30931 0.177698 3
      vertex 6.61357 0.695114 3
      vertex 6.65 0 3
    endloop
  endfacet
  facet normal 0 0 1
    outer loop
      vertex 8.44697 0.691452 3
      vertex 6.50468 1.38261 3
      vertex 6.61357 0.695114 3
    endloop
  endfacet
  facet normal 0 0 1
    outer loop
      vertex 8.73665 1.13752 3
      vertex 6.50468 1.38261 3
      vertex 8.62467 0.999234 3
    endloop
  endfacet
  facet normal -0 -0 1
    outer loop
      vertex 6.50468 1.38261 3
      vertex 8.73665 1.13752 3
      vertex 6.32453 2.05496 3
    endloop
  endfacet
  facet normal 0 0 1
    outer loop
      vertex 8.86248 1.26335 3
      vertex 6.32453 2.05496 3
      vertex 8.73665 1.13752 3
    endloop
  endfacet
  facet normal -0 -0 1
    outer loop
      vertex 6.07508 2.7048 3
      vertex 9.47467 1.6168 3
      vertex 5.75907 3.325 3
    endloop
  endfacet
  facet normal 0 0 1
    outer loop
      vertex 14 8 3
      vertex 4.94191 4.44972 3
      vertex 5.37996 3.90877 3
    endloop
  endfacet
  facet normal 0 0 1
    outer loop
      vertex 14 8 3
      vertex 4.44972 4.94191 3
      vertex 4.94191 4.44972 3
    endloop
  endfacet
  facet normal 0 0 1
    outer loop
      vertex 14 8 3
      vertex 3.90877 5.37996 3
      vertex 4.44972 4.94191 3
    endloop
  endfacet
  facet normal 0 0 1
    outer loop
      vertex 14 8 3
      vertex 3.325 5.75907 3
      vertex 3.90877 5.37996 3
    endloop
  endfacet
  facet normal 0 0 1
    outer loop
      vertex 14 8 3
      vertex 2.7048 6.07508 3
      vertex 3.325 5.75907 3
    endloop
  endfacet
  facet normal 0 0 1
    outer loop
      vertex 14 8 3
      vertex 2.05496 6.32453 3
      vertex 2.7048 6.07508 3
    endloop
  endfacet
  facet normal 0 0 1
    outer loop
      vertex 14 8 3
      vertex 1.38261 6.50468 3
      vertex 2.05496 6.32453 3
    endloop
  endfacet
  facet normal 0 0 1
    outer loop
      vertex 14 8 3
      vertex 0.695114 6.61357 3
      vertex 1.38261 6.50468 3
    endloop
  endfacet
  facet normal 0 0 1
    outer loop
      vertex 14 8 3
      vertex 0 6.65 3
      vertex 0.695114 6.61357 3
    endloop
  endfacet
  facet normal -0 0 1
    outer loop
      vertex -14 8 3
      vertex 0 6.65 3
      vertex 14 8 3
    endloop
  endfacet
  facet normal -0 0 1
    outer loop
      vertex -8.30931 0.177698 3
      vertex -6.65 0 3
      vertex -6.61357 0.695114 3
    endloop
  endfacet
  facet normal 0 0 1
    outer loop
      vertex -8.44697 0.691452 3
      vertex -6.61357 0.695114 3
      vertex -6.50468 1.38261 3
    endloop
  endfacet
  facet normal 0 0 1
    outer loop
      vertex -8.73665 1.13752 3
      vertex -6.50468 1.38261 3
      vertex -6.32453 2.05496 3
    endloop
  endfacet
  facet normal 0 0 1
    outer loop
      vertex -9.00076 1.37533 3
      vertex -6.32453 2.05496 3
      vertex -6.07508 2.7048 3
    endloop
  endfacet
  facet normal 0 0 1
    outer loop
      vertex -9.47467 1.6168 3
      vertex -6.07508 2.7048 3
      vertex -5.75907 3.325 3
    endloop
  endfacet
  facet normal 0 0 1
    outer loop
      vertex -9.8223 1.69069 3
      vertex -5.75907 3.325 3
      vertex -5.37996 3.90877 3
    endloop
  endfacet
  facet normal 0 0 1
    outer loop
      vertex -6.65 0 3
      vertex -8.30931 0.177698 3
      vertex -8.3 0 3
    endloop
  endfacet
  facet normal 0 0 1
    outer loop
      vertex -6.61357 0.695114 3
      vertex -8.33715 0.35345 3
      vertex -8.30931 0.177698 3
    endloop
  endfacet
  facet normal 0 0 1
    outer loop
      vertex -14 8 3
      vertex -5.37996 3.90877 3
      vertex -4.94191 4.44972 3
    endloop
  endfacet
  facet normal 0 0 1
    outer loop
      vertex -6.61357 0.695114 3
      vertex -8.3832 0.525329 3
      vertex -8.33715 0.35345 3
    endloop
  endfacet
  facet normal 0 0 1
    outer loop
      vertex -6.61357 0.695114 3
      vertex -8.44697 0.691452 3
      vertex -8.3832 0.525329 3
    endloop
  endfacet
  facet normal 0 0 1
    outer loop
      vertex -6.50468 1.38261 3
      vertex -8.52776 0.849999 3
      vertex -8.44697 0.691452 3
    endloop
  endfacet
  facet normal 0 0 1
    outer loop
      vertex -6.50468 1.38261 3
      vertex -8.62467 0.999234 3
      vertex -8.52776 0.849999 3
    endloop
  endfacet
  facet normal 0 0 1
    outer loop
      vertex -14 8 3
      vertex -4.94191 4.44972 3
      vertex -4.44972 4.94191 3
    endloop
  endfacet
  facet normal 0 0 1
    outer loop
      vertex -6.50468 1.38261 3
      vertex -8.73665 1.13752 3
      vertex -8.62467 0.999234 3
    endloop
  endfacet
  facet normal 0 0 1
    outer loop
      vertex -6.32453 2.05496 3
      vertex -8.86248 1.26335 3
      vertex -8.73665 1.13752 3
    endloop
  endfacet
  facet normal 0 0 1
    outer loop
      vertex -6.32453 2.05496 3
      vertex -9.00076 1.37533 3
      vertex -8.86248 1.26335 3
    endloop
  endfacet
  facet normal 0 0 1
    outer loop
      vertex -14 8 3
      vertex -4.44972 4.94191 3
      vertex -3.90877 5.37996 3
    endloop
  endfacet
  facet normal 0 0 1
    outer loop
      vertex -6.07508 2.7048 3
      vertex -9.15 1.47224 3
      vertex -9.00076 1.37533 3
    endloop
  endfacet
  facet normal 0 0 1
    outer loop
      vertex -6.07508 2.7048 3
      vertex -9.30855 1.55303 3
      vertex -9.15 1.47224 3
    endloop
  endfacet
  facet normal 0 0 1
    outer loop
      vertex -6.07508 2.7048 3
      vertex -9.47467 1.6168 3
      vertex -9.30855 1.55303 3
    endloop
  endfacet
  facet normal 0 0 1
    outer loop
      vertex -5.75907 3.325 3
      vertex -9.64655 1.66285 3
      vertex -9.47467 1.6168 3
    endloop
  endfacet
  facet normal 0 0 1
    outer loop
      vertex -14 8 3
      vertex -3.90877 5.37996 3
      vertex -3.325 5.75907 3
    endloop
  endfacet
  facet normal 0 0 1
    outer loop
      vertex -5.37996 3.90877 3
      vertex -14 8 3
      vertex -9.8223 1.69069 3
    endloop
  endfacet
  facet normal 0 0 1
    outer loop
      vertex -5.75907 3.325 3
      vertex -9.8223 1.69069 3
      vertex -9.64655 1.66285 3
    endloop
  endfacet
  facet normal 0 0 1
    outer loop
      vertex -9.8223 1.69069 3
      vertex -14 8 3
      vertex -10 1.7 3
    endloop
  endfacet
  facet normal 0 0 1
    outer loop
      vertex -10 1.7 3
      vertex -14 8 3
      vertex -10.1777 1.69069 3
    endloop
  endfacet
  facet normal 0 0 1
    outer loop
      vertex -10.1777 1.69069 3
      vertex -14 8 3
      vertex -10.3534 1.66285 3
    endloop
  endfacet
  facet normal 0 0 1
    outer loop
      vertex -10.3534 1.66285 3
      vertex -14 8 3
      vertex -10.5253 1.6168 3
    endloop
  endfacet
  facet normal 0 0 1
    outer loop
      vertex -10.5253 1.6168 3
      vertex -14 8 3
      vertex -10.6915 1.55303 3
    endloop
  endfacet
  facet normal 0 0 1
    outer loop
      vertex -11.6907 0.177698 3
      vertex -14 8 3
      vertex -11.7 0 3
    endloop
  endfacet
  facet normal 0 0 1
    outer loop
      vertex -11.6629 0.35345 3
      vertex -14 8 3
      vertex -11.6907 0.177698 3
    endloop
  endfacet
  facet normal 0 0 1
    outer loop
      vertex -11.6168 0.525329 3
      vertex -14 8 3
      vertex -11.6629 0.35345 3
    endloop
  endfacet
  facet normal 0 0 1
    outer loop
      vertex -11.553 0.691452 3
      vertex -14 8 3
      vertex -11.6168 0.525329 3
    endloop
  endfacet
  facet normal 0 0 1
    outer loop
      vertex -11.4722 0.849999 3
      vertex -14 8 3
      vertex -11.553 0.691452 3
    endloop
  endfacet
  facet normal 0 0 1
    outer loop
      vertex -11.3753 0.999234 3
      vertex -14 8 3
      vertex -11.4722 0.849999 3
    endloop
  endfacet
  facet normal 0 0 1
    outer loop
      vertex -11.2633 1.13752 3
      vertex -14 8 3
      vertex -11.3753 0.999234 3
    endloop
  endfacet
  facet normal 0 0 1
    outer loop
      vertex -11.1375 1.26335 3
      vertex -14 8 3
      vertex -11.2633 1.13752 3
    endloop
  endfacet
  facet normal 0 0 1
    outer loop
      vertex -10.9992 1.37533 3
      vertex -14 8 3
      vertex -11.1375 1.26335 3
    endloop
  endfacet
  facet normal 0 0 1
    outer loop
      vertex -10.85 1.47224 3
      vertex -14 8 3
      vertex -10.9992 1.37533 3
    endloop
  endfacet
  facet normal 0 0 1
    outer loop
      vertex -10.6915 1.55303 3
      vertex -14 8 3
      vertex -10.85 1.47224 3
    endloop
  endfacet
  facet normal 0 0 1
    outer loop
      vertex -2.7048 6.07508 3
      vertex -14 8 3
      vertex -3.325 5.75907 3
    endloop
  endfacet
  facet normal 0 0 1
    outer loop
      vertex -2.05496 6.32453 3
      vertex -14 8 3
      vertex -2.7048 6.07508 3
    endloop
  endfacet
  facet normal 0 0 1
    outer loop
      vertex -1.38261 6.50468 3
      vertex -14 8 3
      vertex -2.05496 6.32453 3
    endloop
  endfacet
  facet normal 0 0 1
    outer loop
      vertex -0.695114 6.61357 3
      vertex -14 8 3
      vertex -1.38261 6.50468 3
    endloop
  endfacet
  facet normal 0 0 1
    outer loop
      vertex 0 6.65 3
      vertex -14 8 3
      vertex -0.695114 6.61357 3
    endloop
  endfacet
  facet normal -0 0 1
    outer loop
      vertex 11.6907 -0.177698 3
      vertex 14 -8 3
      vertex 11.7 0 3
    endloop
  endfacet
  facet normal -0 0 1
    outer loop
      vertex 11.6629 -0.35345 3
      vertex 14 -8 3
      vertex 11.6907 -0.177698 3
    endloop
  endfacet
  facet normal -0 0 1
    outer loop
      vertex 11.6168 -0.525329 3
      vertex 14 -8 3
      vertex 11.6629 -0.35345 3
    endloop
  endfacet
  facet normal -0 0 1
    outer loop
      vertex 11.553 -0.691452 3
      vertex 14 -8 3
      vertex 11.6168 -0.525329 3
    endloop
  endfacet
  facet normal -0 0 1
    outer loop
      vertex 11.4722 -0.849999 3
      vertex 14 -8 3
      vertex 11.553 -0.691452 3
    endloop
  endfacet
  facet normal -0 0 1
    outer loop
      vertex 11.3753 -0.999234 3
      vertex 14 -8 3
      vertex 11.4722 -0.849999 3
    endloop
  endfacet
  facet normal -0 0 1
    outer loop
      vertex 11.2633 -1.13752 3
      vertex 14 -8 3
      vertex 11.3753 -0.999234 3
    endloop
  endfacet
  facet normal -0 0 1
    outer loop
      vertex 11.1375 -1.26335 3
      vertex 14 -8 3
      vertex 11.2633 -1.13752 3
    endloop
  endfacet
  facet normal -0 0 1
    outer loop
      vertex 10.9992 -1.37533 3
      vertex 14 -8 3
      vertex 11.1375 -1.26335 3
    endloop
  endfacet
  facet normal -0 0 1
    outer loop
      vertex 10.85 -1.47224 3
      vertex 14 -8 3
      vertex 10.9992 -1.37533 3
    endloop
  endfacet
  facet normal -0 0 1
    outer loop
      vertex 10.6915 -1.55303 3
      vertex 14 -8 3
      vertex 10.85 -1.47224 3
    endloop
  endfacet
  facet normal -0 0 1
    outer loop
      vertex 10.5253 -1.6168 3
      vertex 14 -8 3
      vertex 10.6915 -1.55303 3
    endloop
  endfacet
  facet normal -0 0 1
    outer loop
      vertex 10.3534 -1.66285 3
      vertex 14 -8 3
      vertex 10.5253 -1.6168 3
    endloop
  endfacet
  facet normal -0 0 1
    outer loop
      vertex 10.1777 -1.69069 3
      vertex 14 -8 3
      vertex 10.3534 -1.66285 3
    endloop
  endfacet
  facet normal -0 0 1
    outer loop
      vertex 10 -1.7 3
      vertex 14 -8 3
      vertex 10.1777 -1.69069 3
    endloop
  endfacet
  facet normal 0 0 1
    outer loop
      vertex 9.8223 -1.69069 3
      vertex 14 -8 3
      vertex 10 -1.7 3
    endloop
  endfacet
  facet normal 0 0 1
    outer loop
      vertex 5.75907 -3.325 3
      vertex 9.8223 -1.69069 3
      vertex 9.64655 -1.66285 3
    endloop
  endfacet
  facet normal 0 0 1
    outer loop
      vertex 5.75907 -3.325 3
      vertex 9.64655 -1.66285 3
      vertex 9.47467 -1.6168 3
    endloop
  endfacet
  facet normal 0 0 1
    outer loop
      vertex 6.07508 -2.7048 3
      vertex 9.47467 -1.6168 3
      vertex 9.30855 -1.55303 3
    endloop
  endfacet
  facet normal 0 0 1
    outer loop
      vertex 6.07508 -2.7048 3
      vertex 9.30855 -1.55303 3
      vertex 9.15 -1.47224 3
    endloop
  endfacet
  facet normal 0 0 1
    outer loop
      vertex 6.07508 -2.7048 3
      vertex 9.15 -1.47224 3
      vertex 9.00076 -1.37533 3
    endloop
  endfacet
  facet normal 0 0 1
    outer loop
      vertex 6.32453 -2.05496 3
      vertex 9.00076 -1.37533 3
      vertex 8.86248 -1.26335 3
    endloop
  endfacet
  facet normal 0 0 1
    outer loop
      vertex 6.32453 -2.05496 3
      vertex 8.86248 -1.26335 3
      vertex 8.73665 -1.13752 3
    endloop
  endfacet
  facet normal 0 0 1
    outer loop
      vertex 6.50468 -1.38261 3
      vertex 8.73665 -1.13752 3
      vertex 8.62467 -0.999234 3
    endloop
  endfacet
  facet normal -0 0 1
    outer loop
      vertex 6.65 0 3
      vertex 8.30931 -0.177698 3
      vertex 8.3 0 3
    endloop
  endfacet
  facet normal 0 0 1
    outer loop
      vertex 6.61357 -0.695114 3
      vertex 8.30931 -0.177698 3
      vertex 6.65 0 3
    endloop
  endfacet
  facet normal 0 0 1
    outer loop
      vertex 8.30931 -0.177698 3
      vertex 6.61357 -0.695114 3
      vertex 8.33715 -0.35345 3
    endloop
  endfacet
  facet normal 0 0 1
    outer loop
      vertex 8.33715 -0.35345 3
      vertex 6.61357 -0.695114 3
      vertex 8.3832 -0.525329 3
    endloop
  endfacet
  facet normal 0 0 1
    outer loop
      vertex 8.3832 -0.525329 3
      vertex 6.61357 -0.695114 3
      vertex 8.44697 -0.691452 3
    endloop
  endfacet
  facet normal 0 0 1
    outer loop
      vertex 6.50468 -1.38261 3
      vertex 8.44697 -0.691452 3
      vertex 6.61357 -0.695114 3
    endloop
  endfacet
  facet normal 0 0 1
    outer loop
      vertex 8.44697 -0.691452 3
      vertex 6.50468 -1.38261 3
      vertex 8.52776 -0.849999 3
    endloop
  endfacet
  facet normal 0 0 1
    outer loop
      vertex 8.52776 -0.849999 3
      vertex 6.50468 -1.38261 3
      vertex 8.62467 -0.999234 3
    endloop
  endfacet
  facet normal 0 0 1
    outer loop
      vertex 8.73665 -1.13752 3
      vertex 6.50468 -1.38261 3
      vertex 6.32453 -2.05496 3
    endloop
  endfacet
  facet normal 0 0 1
    outer loop
      vertex 9.00076 -1.37533 3
      vertex 6.32453 -2.05496 3
      vertex 6.07508 -2.7048 3
    endloop
  endfacet
  facet normal 0 0 1
    outer loop
      vertex 9.47467 -1.6168 3
      vertex 6.07508 -2.7048 3
      vertex 5.75907 -3.325 3
    endloop
  endfacet
  facet normal 0 0 1
    outer loop
      vertex 9.8223 -1.69069 3
      vertex 5.75907 -3.325 3
      vertex 5.37996 -3.90877 3
    endloop
  endfacet
  facet normal 0 0 1
    outer loop
      vertex 9.8223 -1.69069 3
      vertex 5.37996 -3.90877 3
      vertex 14 -8 3
    endloop
  endfacet
  facet normal -0 0 1
    outer loop
      vertex 4.94191 -4.44972 3
      vertex 14 -8 3
      vertex 5.37996 -3.90877 3
    endloop
  endfacet
  facet normal -0 0 1
    outer loop
      vertex 4.44972 -4.94191 3
      vertex 14 -8 3
      vertex 4.94191 -4.44972 3
    endloop
  endfacet
  facet normal -0 0 1
    outer loop
      vertex 3.90877 -5.37996 3
      vertex 14 -8 3
      vertex 4.44972 -4.94191 3
    endloop
  endfacet
  facet normal -0 0 1
    outer loop
      vertex 3.325 -5.75907 3
      vertex 14 -8 3
      vertex 3.90877 -5.37996 3
    endloop
  endfacet
  facet normal -0 0 1
    outer loop
      vertex 2.7048 -6.07508 3
      vertex 14 -8 3
      vertex 3.325 -5.75907 3
    endloop
  endfacet
  facet normal -0 0 1
    outer loop
      vertex 2.05496 -6.32453 3
      vertex 14 -8 3
      vertex 2.7048 -6.07508 3
    endloop
  endfacet
  facet normal -0 0 1
    outer loop
      vertex 1.38261 -6.50468 3
      vertex 14 -8 3
      vertex 2.05496 -6.32453 3
    endloop
  endfacet
  facet normal -0 0 1
    outer loop
      vertex 0.695114 -6.61357 3
      vertex 14 -8 3
      vertex 1.38261 -6.50468 3
    endloop
  endfacet
  facet normal -0 0 1
    outer loop
      vertex 0 -6.65 3
      vertex 14 -8 3
      vertex 0.695114 -6.61357 3
    endloop
  endfacet
  facet normal 0 0 1
    outer loop
      vertex -14 -8 3
      vertex 0 -6.65 3
      vertex -0.695114 -6.61357 3
    endloop
  endfacet
  facet normal 0 0 1
    outer loop
      vertex -8.30931 -0.177698 3
      vertex -6.65 0 3
      vertex -8.3 0 3
    endloop
  endfacet
  facet normal 0 0 1
    outer loop
      vertex -6.65 0 3
      vertex -8.30931 -0.177698 3
      vertex -6.61357 -0.695114 3
    endloop
  endfacet
  facet normal -0 0 1
    outer loop
      vertex -8.33715 -0.35345 3
      vertex -6.61357 -0.695114 3
      vertex -8.30931 -0.177698 3
    endloop
  endfacet
  facet normal -0 0 1
    outer loop
      vertex -8.3832 -0.525329 3
      vertex -6.61357 -0.695114 3
      vertex -8.33715 -0.35345 3
    endloop
  endfacet
  facet normal -0 0 1
    outer loop
      vertex -8.44697 -0.691452 3
      vertex -6.61357 -0.695114 3
      vertex -8.3832 -0.525329 3
    endloop
  endfacet
  facet normal 0 0 1
    outer loop
      vertex -6.61357 -0.695114 3
      vertex -8.44697 -0.691452 3
      vertex -6.50468 -1.38261 3
    endloop
  endfacet
  facet normal -0 0 1
    outer loop
      vertex -8.52776 -0.849999 3
      vertex -6.50468 -1.38261 3
      vertex -8.44697 -0.691452 3
    endloop
  endfacet
  facet normal -0 0 1
    outer loop
      vertex -8.62467 -0.999234 3
      vertex -6.50468 -1.38261 3
      vertex -8.52776 -0.849999 3
    endloop
  endfacet
  facet normal -0 0 1
    outer loop
      vertex -8.73665 -1.13752 3
      vertex -6.50468 -1.38261 3
      vertex -8.62467 -0.999234 3
    endloop
  endfacet
  facet normal 0 0 1
    outer loop
      vertex -6.50468 -1.38261 3
      vertex -8.73665 -1.13752 3
      vertex -6.32453 -2.05496 3
    endloop
  endfacet
  facet normal -0 0 1
    outer loop
      vertex -8.86248 -1.26335 3
      vertex -6.32453 -2.05496 3
      vertex -8.73665 -1.13752 3
    endloop
  endfacet
  facet normal -0 0 1
    outer loop
      vertex -9.00076 -1.37533 3
      vertex -6.32453 -2.05496 3
      vertex -8.86248 -1.26335 3
    endloop
  endfacet
  facet normal 0 0 1
    outer loop
      vertex -6.32453 -2.05496 3
      vertex -9.00076 -1.37533 3
      vertex -6.07508 -2.7048 3
    endloop
  endfacet
  facet normal -0 0 1
    outer loop
      vertex -9.15 -1.47224 3
      vertex -6.07508 -2.7048 3
      vertex -9.00076 -1.37533 3
    endloop
  endfacet
  facet normal -0 0 1
    outer loop
      vertex -9.30855 -1.55303 3
      vertex -6.07508 -2.7048 3
      vertex -9.15 -1.47224 3
    endloop
  endfacet
  facet normal -0 0 1
    outer loop
      vertex -9.47467 -1.6168 3
      vertex -6.07508 -2.7048 3
      vertex -9.30855 -1.55303 3
    endloop
  endfacet
  facet normal 0 0 1
    outer loop
      vertex -6.07508 -2.7048 3
      vertex -9.47467 -1.6168 3
      vertex -5.75907 -3.325 3
    endloop
  endfacet
  facet normal -0 0 1
    outer loop
      vertex -9.64655 -1.66285 3
      vertex -5.75907 -3.325 3
      vertex -9.47467 -1.6168 3
    endloop
  endfacet
  facet normal -0 0 1
    outer loop
      vertex -9.8223 -1.69069 3
      vertex -5.75907 -3.325 3
      vertex -9.64655 -1.66285 3
    endloop
  endfacet
  facet normal 0 0 1
    outer loop
      vertex -5.75907 -3.325 3
      vertex -9.8223 -1.69069 3
      vertex -5.37996 -3.90877 3
    endloop
  endfacet
  facet normal 0 0 1
    outer loop
      vertex -14 -8 3
      vertex -5.37996 -3.90877 3
      vertex -9.8223 -1.69069 3
    endloop
  endfacet
  facet normal 0 0 1
    outer loop
      vertex -5.37996 -3.90877 3
      vertex -14 -8 3
      vertex -4.94191 -4.44972 3
    endloop
  endfacet
  facet normal 0 0 1
    outer loop
      vertex -4.44972 -4.94191 3
      vertex -14 -8 3
      vertex -3.90877 -5.37996 3
    endloop
  endfacet
  facet normal 0 0 1
    outer loop
      vertex -4.94191 -4.44972 3
      vertex -14 -8 3
      vertex -4.44972 -4.94191 3
    endloop
  endfacet
  facet normal 0 0 1
    outer loop
      vertex -14 -8 3
      vertex -9.8223 -1.69069 3
      vertex -10 -1.7 3
    endloop
  endfacet
  facet normal 0 0 1
    outer loop
      vertex -14 -8 3
      vertex -10 -1.7 3
      vertex -10.1777 -1.69069 3
    endloop
  endfacet
  facet normal 0 0 1
    outer loop
      vertex -14 -8 3
      vertex -10.1777 -1.69069 3
      vertex -10.3534 -1.66285 3
    endloop
  endfacet
  facet normal 0 0 1
    outer loop
      vertex -14 -8 3
      vertex -10.3534 -1.66285 3
      vertex -10.5253 -1.6168 3
    endloop
  endfacet
  facet normal 0 0 1
    outer loop
      vertex -14 -8 3
      vertex -10.5253 -1.6168 3
      vertex -10.6915 -1.55303 3
    endloop
  endfacet
  facet normal 0 0 1
    outer loop
      vertex -14 -8 3
      vertex -10.6915 -1.55303 3
      vertex -10.85 -1.47224 3
    endloop
  endfacet
  facet normal 0 0 1
    outer loop
      vertex -14 -8 3
      vertex -11.7 0 3
      vertex -14 8 3
    endloop
  endfacet
  facet normal 0 0 1
    outer loop
      vertex -11.7 0 3
      vertex -14 -8 3
      vertex -11.6907 -0.177698 3
    endloop
  endfacet
  facet normal 0 0 1
    outer loop
      vertex -11.6907 -0.177698 3
      vertex -14 -8 3
      vertex -11.6629 -0.35345 3
    endloop
  endfacet
  facet normal 0 0 1
    outer loop
      vertex 0 -6.65 3
      vertex -14 -8 3
      vertex 14 -8 3
    endloop
  endfacet
  facet normal 0 0 1
    outer loop
      vertex -1.38261 -6.50468 3
      vertex -14 -8 3
      vertex -0.695114 -6.61357 3
    endloop
  endfacet
  facet normal 0 0 1
    outer loop
      vertex -2.05496 -6.32453 3
      vertex -14 -8 3
      vertex -1.38261 -6.50468 3
    endloop
  endfacet
  facet normal 0 0 1
    outer loop
      vertex -2.7048 -6.07508 3
      vertex -14 -8 3
      vertex -2.05496 -6.32453 3
    endloop
  endfacet
  facet normal 0 0 1
    outer loop
      vertex -3.325 -5.75907 3
      vertex -14 -8 3
      vertex -2.7048 -6.07508 3
    endloop
  endfacet
  facet normal 0 0 1
    outer loop
      vertex -3.90877 -5.37996 3
      vertex -14 -8 3
      vertex -3.325 -5.75907 3
    endloop
  endfacet
  facet normal 0 0 1
    outer loop
      vertex -10.9992 -1.37533 3
      vertex -14 -8 3
      vertex -10.85 -1.47224 3
    endloop
  endfacet
  facet normal 0 0 1
    outer loop
      vertex -11.1375 -1.26335 3
      vertex -14 -8 3
      vertex -10.9992 -1.37533 3
    endloop
  endfacet
  facet normal 0 0 1
    outer loop
      vertex -11.2633 -1.13752 3
      vertex -14 -8 3
      vertex -11.1375 -1.26335 3
    endloop
  endfacet
  facet normal 0 0 1
    outer loop
      vertex -11.3753 -0.999234 3
      vertex -14 -8 3
      vertex -11.2633 -1.13752 3
    endloop
  endfacet
  facet normal 0 0 1
    outer loop
      vertex -11.4722 -0.849999 3
      vertex -14 -8 3
      vertex -11.3753 -0.999234 3
    endloop
  endfacet
  facet normal 0 0 1
    outer loop
      vertex -11.553 -0.691452 3
      vertex -14 -8 3
      vertex -11.4722 -0.849999 3
    endloop
  endfacet
  facet normal 0 0 1
    outer loop
      vertex -11.6168 -0.525329 3
      vertex -14 -8 3
      vertex -11.553 -0.691452 3
    endloop
  endfacet
  facet normal 0 0 1
    outer loop
      vertex -11.6629 -0.35345 3
      vertex -14 -8 3
      vertex -11.6168 -0.525329 3
    endloop
  endfacet
  facet normal 0 0 -1
    outer loop
      vertex 14 -8 0
      vertex 11.7 0 0
      vertex 14 8 0
    endloop
  endfacet
  facet normal 0 0 -1
    outer loop
      vertex 14 -8 0
      vertex 11.6907 -0.177698 0
      vertex 11.7 0 0
    endloop
  endfacet
  facet normal 0 0 -1
    outer loop
      vertex 14 -8 0
      vertex 11.6629 -0.35345 0
      vertex 11.6907 -0.177698 0
    endloop
  endfacet
  facet normal 0 0 -1
    outer loop
      vertex 14 -8 0
      vertex 11.6168 -0.525329 0
      vertex 11.6629 -0.35345 0
    endloop
  endfacet
  facet normal 0 0 -1
    outer loop
      vertex 14 -8 0
      vertex 11.553 -0.691452 0
      vertex 11.6168 -0.525329 0
    endloop
  endfacet
  facet normal 0 0 -1
    outer loop
      vertex 14 -8 0
      vertex 11.4722 -0.849999 0
      vertex 11.553 -0.691452 0
    endloop
  endfacet
  facet normal 0 0 -1
    outer loop
      vertex 14 -8 0
      vertex 11.3753 -0.999234 0
      vertex 11.4722 -0.849999 0
    endloop
  endfacet
  facet normal 0 0 -1
    outer loop
      vertex 14 -8 0
      vertex 11.2633 -1.13752 0
      vertex 11.3753 -0.999234 0
    endloop
  endfacet
  facet normal 0 0 -1
    outer loop
      vertex 14 -8 0
      vertex 11.1375 -1.26335 0
      vertex 11.2633 -1.13752 0
    endloop
  endfacet
  facet normal 0 0 -1
    outer loop
      vertex 14 -8 0
      vertex 10.9992 -1.37533 0
      vertex 11.1375 -1.26335 0
    endloop
  endfacet
  facet normal 0 0 -1
    outer loop
      vertex 14 -8 0
      vertex 10.85 -1.47224 0
      vertex 10.9992 -1.37533 0
    endloop
  endfacet
  facet normal 0 0 -1
    outer loop
      vertex 14 -8 0
      vertex 10.6915 -1.55303 0
      vertex 10.85 -1.47224 0
    endloop
  endfacet
  facet normal 0 0 -1
    outer loop
      vertex 14 -8 0
      vertex 10.5253 -1.6168 0
      vertex 10.6915 -1.55303 0
    endloop
  endfacet
  facet normal 0 0 -1
    outer loop
      vertex 14 -8 0
      vertex 10.3534 -1.66285 0
      vertex 10.5253 -1.6168 0
    endloop
  endfacet
  facet normal 0 0 -1
    outer loop
      vertex 14 -8 0
      vertex 10.1777 -1.69069 0
      vertex 10.3534 -1.66285 0
    endloop
  endfacet
  facet normal 0 0 -1
    outer loop
      vertex 14 -8 0
      vertex 10 -1.7 0
      vertex 10.1777 -1.69069 0
    endloop
  endfacet
  facet normal 0 0 -1
    outer loop
      vertex 14 -8 0
      vertex 9.8223 -1.69069 0
      vertex 10 -1.7 0
    endloop
  endfacet
  facet normal 0 0 -1
    outer loop
      vertex 14 -8 0
      vertex 9.64655 -1.66285 0
      vertex 9.8223 -1.69069 0
    endloop
  endfacet
  facet normal 0 0 -1
    outer loop
      vertex 3.75288 -3.37911 0
      vertex 9.64655 -1.66285 0
      vertex 14 -8 0
    endloop
  endfacet
  facet normal -0 0 -1
    outer loop
      vertex 9.64655 -1.66285 0
      vertex 3.75288 -3.37911 0
      vertex 9.47467 -1.6168 0
    endloop
  endfacet
  facet normal 0 -0 -1
    outer loop
      vertex 4.08554 -2.96832 0
      vertex 9.47467 -1.6168 0
      vertex 3.75288 -3.37911 0
    endloop
  endfacet
  facet normal -0 0 -1
    outer loop
      vertex 9.47467 -1.6168 0
      vertex 4.08554 -2.96832 0
      vertex 9.30855 -1.55303 0
    endloop
  endfacet
  facet normal -0 0 -1
    outer loop
      vertex 9.30855 -1.55303 0
      vertex 4.08554 -2.96832 0
      vertex 9.15 -1.47224 0
    endloop
  endfacet
  facet normal 0 -0 -1
    outer loop
      vertex 4.37343 -2.525 0
      vertex 9.15 -1.47224 0
      vertex 4.08554 -2.96832 0
    endloop
  endfacet
  facet normal -0 0 -1
    outer loop
      vertex 9.15 -1.47224 0
      vertex 4.37343 -2.525 0
      vertex 9.00076 -1.37533 0
    endloop
  endfacet
  facet normal 0 0 -1
    outer loop
      vertex 8.30931 -0.177698 0
      vertex 5.05 0 0
      vertex 8.3 0 0
    endloop
  endfacet
  facet normal 0 0 -1
    outer loop
      vertex 5.02234 -0.527868 0
      vertex 8.30931 -0.177698 0
      vertex 8.33715 -0.35345 0
    endloop
  endfacet
  facet normal 0 0 -1
    outer loop
      vertex 5.02234 -0.527868 0
      vertex 8.33715 -0.35345 0
      vertex 8.3832 -0.525329 0
    endloop
  endfacet
  facet normal 0 0 -1
    outer loop
      vertex 4.93964 -1.04995 0
      vertex 8.3832 -0.525329 0
      vertex 8.44697 -0.691452 0
    endloop
  endfacet
  facet normal 0 0 -1
    outer loop
      vertex 4.93964 -1.04995 0
      vertex 8.44697 -0.691452 0
      vertex 8.52776 -0.849999 0
    endloop
  endfacet
  facet normal 0 0 -1
    outer loop
      vertex 4.80283 -1.56054 0
      vertex 8.52776 -0.849999 0
      vertex 8.62467 -0.999234 0
    endloop
  endfacet
  facet normal 0 -0 -1
    outer loop
      vertex 4.6134 -2.05402 0
      vertex 8.86248 -1.26335 0
      vertex 4.37343 -2.525 0
    endloop
  endfacet
  facet normal -0 0 -1
    outer loop
      vertex 8.30931 -0.177698 0
      vertex 5.02234 -0.527868 0
      vertex 5.05 0 0
    endloop
  endfacet
  facet normal 0 0 -1
    outer loop
      vertex 8.3832 -0.525329 0
      vertex 4.93964 -1.04995 0
      vertex 5.02234 -0.527868 0
    endloop
  endfacet
  facet normal 0 0 -1
    outer loop
      vertex 8.52776 -0.849999 0
      vertex 4.80283 -1.56054 0
      vertex 4.93964 -1.04995 0
    endloop
  endfacet
  facet normal -0 0 -1
    outer loop
      vertex 8.73665 -1.13752 0
      vertex 4.80283 -1.56054 0
      vertex 8.62467 -0.999234 0
    endloop
  endfacet
  facet normal 0 -0 -1
    outer loop
      vertex 4.80283 -1.56054 0
      vertex 8.73665 -1.13752 0
      vertex 4.6134 -2.05402 0
    endloop
  endfacet
  facet normal -0 0 -1
    outer loop
      vertex 8.86248 -1.26335 0
      vertex 4.6134 -2.05402 0
      vertex 8.73665 -1.13752 0
    endloop
  endfacet
  facet normal -0 0 -1
    outer loop
      vertex 9.00076 -1.37533 0
      vertex 4.37343 -2.525 0
      vertex 8.86248 -1.26335 0
    endloop
  endfacet
  facet normal 0 0 -1
    outer loop
      vertex 14 -8 0
      vertex 3.37911 -3.75288 0
      vertex 3.75288 -3.37911 0
    endloop
  endfacet
  facet normal 0 0 -1
    outer loop
      vertex 14 -8 0
      vertex 2.96832 -4.08554 0
      vertex 3.37911 -3.75288 0
    endloop
  endfacet
  facet normal 0 0 -1
    outer loop
      vertex 14 -8 0
      vertex 2.525 -4.37343 0
      vertex 2.96832 -4.08554 0
    endloop
  endfacet
  facet normal 0 0 -1
    outer loop
      vertex 14 -8 0
      vertex 2.05402 -4.6134 0
      vertex 2.525 -4.37343 0
    endloop
  endfacet
  facet normal 0 0 -1
    outer loop
      vertex 14 -8 0
      vertex 1.56054 -4.80283 0
      vertex 2.05402 -4.6134 0
    endloop
  endfacet
  facet normal 0 0 -1
    outer loop
      vertex 14 -8 0
      vertex 1.04995 -4.93964 0
      vertex 1.56054 -4.80283 0
    endloop
  endfacet
  facet normal 0 0 -1
    outer loop
      vertex 14 -8 0
      vertex 0.527868 -5.02234 0
      vertex 1.04995 -4.93964 0
    endloop
  endfacet
  facet normal 0 0 -1
    outer loop
      vertex 14 -8 0
      vertex 0 -5.05 0
      vertex 0.527868 -5.02234 0
    endloop
  endfacet
  facet normal 0 0 -1
    outer loop
      vertex -14 -8 0
      vertex 0 -5.05 0
      vertex 14 -8 0
    endloop
  endfacet
  facet normal -0 0 -1
    outer loop
      vertex 0 -5.05 0
      vertex -14 -8 0
      vertex -0.527868 -5.02234 0
    endloop
  endfacet
  facet normal 0 0 -1
    outer loop
      vertex -8.30931 -0.177698 0
      vertex -5.05 0 0
      vertex -5.02234 -0.527868 0
    endloop
  endfacet
  facet normal 0 0 -1
    outer loop
      vertex -8.3832 -0.525329 0
      vertex -5.02234 -0.527868 0
      vertex -4.93964 -1.04995 0
    endloop
  endfacet
  facet normal 0 0 -1
    outer loop
      vertex -8.52776 -0.849999 0
      vertex -4.93964 -1.04995 0
      vertex -4.80283 -1.56054 0
    endloop
  endfacet
  facet normal 0 0 -1
    outer loop
      vertex -8.73665 -1.13752 0
      vertex -4.80283 -1.56054 0
      vertex -4.6134 -2.05402 0
    endloop
  endfacet
  facet normal 0 0 -1
    outer loop
      vertex -8.86248 -1.26335 0
      vertex -4.6134 -2.05402 0
      vertex -4.37343 -2.525 0
    endloop
  endfacet
  facet normal 0 0 -1
    outer loop
      vertex -9.15 -1.47224 0
      vertex -4.37343 -2.525 0
      vertex -4.08554 -2.96832 0
    endloop
  endfacet
  facet normal 0 0 -1
    outer loop
      vertex -9.47467 -1.6168 0
      vertex -4.08554 -2.96832 0
      vertex -3.75288 -3.37911 0
    endloop
  endfacet
  facet normal 0 0 -1
    outer loop
      vertex -14 -8 0
      vertex -3.75288 -3.37911 0
      vertex -3.37911 -3.75288 0
    endloop
  endfacet
  facet normal 0 0 -1
    outer loop
      vertex -14 -8 0
      vertex -3.37911 -3.75288 0
      vertex -2.96832 -4.08554 0
    endloop
  endfacet
  facet normal -0 0 -1
    outer loop
      vertex -5.05 0 0
      vertex -8.30931 -0.177698 0
      vertex -8.3 0 0
    endloop
  endfacet
  facet normal 0 0 -1
    outer loop
      vertex -5.02234 -0.527868 0
      vertex -8.33715 -0.35345 0
      vertex -8.30931 -0.177698 0
    endloop
  endfacet
  facet normal 0 0 -1
    outer loop
      vertex -5.02234 -0.527868 0
      vertex -8.3832 -0.525329 0
      vertex -8.33715 -0.35345 0
    endloop
  endfacet
  facet normal 0 0 -1
    outer loop
      vertex -4.93964 -1.04995 0
      vertex -8.44697 -0.691452 0
      vertex -8.3832 -0.525329 0
    endloop
  endfacet
  facet normal 0 0 -1
    outer loop
      vertex -14 -8 0
      vertex -2.96832 -4.08554 0
      vertex -2.525 -4.37343 0
    endloop
  endfacet
  facet normal 0 0 -1
    outer loop
      vertex -4.93964 -1.04995 0
      vertex -8.52776 -0.849999 0
      vertex -8.44697 -0.691452 0
    endloop
  endfacet
  facet normal 0 0 -1
    outer loop
      vertex -4.80283 -1.56054 0
      vertex -8.62467 -0.999234 0
      vertex -8.52776 -0.849999 0
    endloop
  endfacet
  facet normal 0 0 -1
    outer loop
      vertex -4.80283 -1.56054 0
      vertex -8.73665 -1.13752 0
      vertex -8.62467 -0.999234 0
    endloop
  endfacet
  facet normal 0 0 -1
    outer loop
      vertex -4.6134 -2.05402 0
      vertex -8.86248 -1.26335 0
      vertex -8.73665 -1.13752 0
    endloop
  endfacet
  facet normal 0 0 -1
    outer loop
      vertex -14 -8 0
      vertex -2.525 -4.37343 0
      vertex -2.05402 -4.6134 0
    endloop
  endfacet
  facet normal 0 0 -1
    outer loop
      vertex -4.37343 -2.525 0
      vertex -9.00076 -1.37533 0
      vertex -8.86248 -1.26335 0
    endloop
  endfacet
  facet normal 0 0 -1
    outer loop
      vertex -4.37343 -2.525 0
      vertex -9.15 -1.47224 0
      vertex -9.00076 -1.37533 0
    endloop
  endfacet
  facet normal 0 0 -1
    outer loop
      vertex -4.08554 -2.96832 0
      vertex -9.30855 -1.55303 0
      vertex -9.15 -1.47224 0
    endloop
  endfacet
  facet normal 0 0 -1
    outer loop
      vertex -4.08554 -2.96832 0
      vertex -9.47467 -1.6168 0
      vertex -9.30855 -1.55303 0
    endloop
  endfacet
  facet normal -0 0 -1
    outer loop
      vertex -3.75288 -3.37911 0
      vertex -14 -8 0
      vertex -9.64655 -1.66285 0
    endloop
  endfacet
  facet normal 0 0 -1
    outer loop
      vertex -3.75288 -3.37911 0
      vertex -9.64655 -1.66285 0
      vertex -9.47467 -1.6168 0
    endloop
  endfacet
  facet normal 0 0 -1
    outer loop
      vertex -14 -8 0
      vertex -2.05402 -4.6134 0
      vertex -1.56054 -4.80283 0
    endloop
  endfacet
  facet normal 0 0 -1
    outer loop
      vertex -9.64655 -1.66285 0
      vertex -14 -8 0
      vertex -9.8223 -1.69069 0
    endloop
  endfacet
  facet normal 0 0 -1
    outer loop
      vertex -9.8223 -1.69069 0
      vertex -14 -8 0
      vertex -10 -1.7 0
    endloop
  endfacet
  facet normal -0 0 -1
    outer loop
      vertex -10 -1.7 0
      vertex -14 -8 0
      vertex -10.1777 -1.69069 0
    endloop
  endfacet
  facet normal -0 0 -1
    outer loop
      vertex -10.1777 -1.69069 0
      vertex -14 -8 0
      vertex -10.3534 -1.66285 0
    endloop
  endfacet
  facet normal -0 0 -1
    outer loop
      vertex -11.6907 -0.177698 0
      vertex -14 -8 0
      vertex -11.7 0 0
    endloop
  endfacet
  facet normal -0 0 -1
    outer loop
      vertex -11.6629 -0.35345 0
      vertex -14 -8 0
      vertex -11.6907 -0.177698 0
    endloop
  endfacet
  facet normal -0 0 -1
    outer loop
      vertex -11.6168 -0.525329 0
      vertex -14 -8 0
      vertex -11.6629 -0.35345 0
    endloop
  endfacet
  facet normal -0 0 -1
    outer loop
      vertex -11.553 -0.691452 0
      vertex -14 -8 0
      vertex -11.6168 -0.525329 0
    endloop
  endfacet
  facet normal -0 0 -1
    outer loop
      vertex -11.4722 -0.849999 0
      vertex -14 -8 0
      vertex -11.553 -0.691452 0
    endloop
  endfacet
  facet normal -0 0 -1
    outer loop
      vertex -11.3753 -0.999234 0
      vertex -14 -8 0
      vertex -11.4722 -0.849999 0
    endloop
  endfacet
  facet normal -0 0 -1
    outer loop
      vertex -11.2633 -1.13752 0
      vertex -14 -8 0
      vertex -11.3753 -0.999234 0
    endloop
  endfacet
  facet normal -0 0 -1
    outer loop
      vertex -11.1375 -1.26335 0
      vertex -14 -8 0
      vertex -11.2633 -1.13752 0
    endloop
  endfacet
  facet normal -0 0 -1
    outer loop
      vertex -10.9992 -1.37533 0
      vertex -14 -8 0
      vertex -11.1375 -1.26335 0
    endloop
  endfacet
  facet normal -0 0 -1
    outer loop
      vertex -10.85 -1.47224 0
      vertex -14 -8 0
      vertex -10.9992 -1.37533 0
    endloop
  endfacet
  facet normal -0 0 -1
    outer loop
      vertex -10.6915 -1.55303 0
      vertex -14 -8 0
      vertex -10.85 -1.47224 0
    endloop
  endfacet
  facet normal -0 0 -1
    outer loop
      vertex -10.5253 -1.6168 0
      vertex -14 -8 0
      vertex -10.6915 -1.55303 0
    endloop
  endfacet
  facet normal -0 0 -1
    outer loop
      vertex -10.3534 -1.66285 0
      vertex -14 -8 0
      vertex -10.5253 -1.6168 0
    endloop
  endfacet
  facet normal -0 0 -1
    outer loop
      vertex -1.04995 -4.93964 0
      vertex -14 -8 0
      vertex -1.56054 -4.80283 0
    endloop
  endfacet
  facet normal -0 0 -1
    outer loop
      vertex -0.527868 -5.02234 0
      vertex -14 -8 0
      vertex -1.04995 -4.93964 0
    endloop
  endfacet
  facet normal 0 0 -1
    outer loop
      vertex 11.6907 0.177698 0
      vertex 14 8 0
      vertex 11.7 0 0
    endloop
  endfacet
  facet normal 0 0 -1
    outer loop
      vertex 11.6629 0.35345 0
      vertex 14 8 0
      vertex 11.6907 0.177698 0
    endloop
  endfacet
  facet normal 0 0 -1
    outer loop
      vertex 11.6168 0.525329 0
      vertex 14 8 0
      vertex 11.6629 0.35345 0
    endloop
  endfacet
  facet normal 0 0 -1
    outer loop
      vertex 11.553 0.691452 0
      vertex 14 8 0
      vertex 11.6168 0.525329 0
    endloop
  endfacet
  facet normal 0 0 -1
    outer loop
      vertex 11.4722 0.849999 0
      vertex 14 8 0
      vertex 11.553 0.691452 0
    endloop
  endfacet
  facet normal 0 0 -1
    outer loop
      vertex 11.3753 0.999234 0
      vertex 14 8 0
      vertex 11.4722 0.849999 0
    endloop
  endfacet
  facet normal 0 0 -1
    outer loop
      vertex 11.2633 1.13752 0
      vertex 14 8 0
      vertex 11.3753 0.999234 0
    endloop
  endfacet
  facet normal 0 0 -1
    outer loop
      vertex 11.1375 1.26335 0
      vertex 14 8 0
      vertex 11.2633 1.13752 0
    endloop
  endfacet
  facet normal 0 0 -1
    outer loop
      vertex 10.9992 1.37533 0
      vertex 14 8 0
      vertex 11.1375 1.26335 0
    endloop
  endfacet
  facet normal 0 0 -1
    outer loop
      vertex 10.85 1.47224 0
      vertex 14 8 0
      vertex 10.9992 1.37533 0
    endloop
  endfacet
  facet normal 0 0 -1
    outer loop
      vertex 10.6915 1.55303 0
      vertex 14 8 0
      vertex 10.85 1.47224 0
    endloop
  endfacet
  facet normal 0 0 -1
    outer loop
      vertex 10.5253 1.6168 0
      vertex 14 8 0
      vertex 10.6915 1.55303 0
    endloop
  endfacet
  facet normal 0 0 -1
    outer loop
      vertex 10.3534 1.66285 0
      vertex 14 8 0
      vertex 10.5253 1.6168 0
    endloop
  endfacet
  facet normal 0 0 -1
    outer loop
      vertex 10.1777 1.69069 0
      vertex 14 8 0
      vertex 10.3534 1.66285 0
    endloop
  endfacet
  facet normal 0 0 -1
    outer loop
      vertex 10 1.7 0
      vertex 14 8 0
      vertex 10.1777 1.69069 0
    endloop
  endfacet
  facet normal 0 0 -1
    outer loop
      vertex 9.8223 1.69069 0
      vertex 14 8 0
      vertex 10 1.7 0
    endloop
  endfacet
  facet normal 0 0 -1
    outer loop
      vertex 9.64655 1.66285 0
      vertex 14 8 0
      vertex 9.8223 1.69069 0
    endloop
  endfacet
  facet normal 0 0 -1
    outer loop
      vertex 3.75288 3.37911 0
      vertex 9.64655 1.66285 0
      vertex 9.47467 1.6168 0
    endloop
  endfacet
  facet normal 0 0 -1
    outer loop
      vertex 4.08554 2.96832 0
      vertex 9.47467 1.6168 0
      vertex 9.30855 1.55303 0
    endloop
  endfacet
  facet normal 0 0 -1
    outer loop
      vertex 4.08554 2.96832 0
      vertex 9.30855 1.55303 0
      vertex 9.15 1.47224 0
    endloop
  endfacet
  facet normal 0 0 -1
    outer loop
      vertex 4.37343 2.525 0
      vertex 9.15 1.47224 0
      vertex 9.00076 1.37533 0
    endloop
  endfacet
  facet normal 0 0 -1
    outer loop
      vertex 4.37343 2.525 0
      vertex 9.00076 1.37533 0
      vertex 8.86248 1.26335 0
    endloop
  endfacet
  facet normal 0 0 -1
    outer loop
      vertex 4.6134 2.05402 0
      vertex 8.86248 1.26335 0
      vertex 8.73665 1.13752 0
    endloop
  endfacet
  facet normal 0 0 -1
    outer loop
      vertex 4.80283 1.56054 0
      vertex 8.73665 1.13752 0
      vertex 8.62467 0.999234 0
    endloop
  endfacet
  facet normal 0 0 -1
    outer loop
      vertex 5.05 0 0
      vertex 8.30931 0.177698 0
      vertex 8.3 0 0
    endloop
  endfacet
  facet normal 0 0 -1
    outer loop
      vertex 5.02234 0.527868 0
      vertex 8.30931 0.177698 0
      vertex 5.05 0 0
    endloop
  endfacet
  facet normal 0 0 -1
    outer loop
      vertex 8.30931 0.177698 0
      vertex 5.02234 0.527868 0
      vertex 8.33715 0.35345 0
    endloop
  endfacet
  facet normal 0 0 -1
    outer loop
      vertex 8.33715 0.35345 0
      vertex 5.02234 0.527868 0
      vertex 8.3832 0.525329 0
    endloop
  endfacet
  facet normal 0 0 -1
    outer loop
      vertex 4.93964 1.04995 0
      vertex 8.3832 0.525329 0
      vertex 5.02234 0.527868 0
    endloop
  endfacet
  facet normal 0 0 -1
    outer loop
      vertex 8.3832 0.525329 0
      vertex 4.93964 1.04995 0
      vertex 8.44697 0.691452 0
    endloop
  endfacet
  facet normal 0 0 -1
    outer loop
      vertex 8.44697 0.691452 0
      vertex 4.93964 1.04995 0
      vertex 8.52776 0.849999 0
    endloop
  endfacet
  facet normal 0 0 -1
    outer loop
      vertex 4.80283 1.56054 0
      vertex 8.52776 0.849999 0
      vertex 4.93964 1.04995 0
    endloop
  endfacet
  facet normal 0 0 -1
    outer loop
      vertex 8.52776 0.849999 0
      vertex 4.80283 1.56054 0
      vertex 8.62467 0.999234 0
    endloop
  endfacet
  facet normal 0 0 -1
    outer loop
      vertex 8.73665 1.13752 0
      vertex 4.80283 1.56054 0
      vertex 4.6134 2.05402 0
    endloop
  endfacet
  facet normal 0 0 -1
    outer loop
      vertex 8.86248 1.26335 0
      vertex 4.6134 2.05402 0
      vertex 4.37343 2.525 0
    endloop
  endfacet
  facet normal 0 0 -1
    outer loop
      vertex 9.15 1.47224 0
      vertex 4.37343 2.525 0
      vertex 4.08554 2.96832 0
    endloop
  endfacet
  facet normal 0 0 -1
    outer loop
      vertex 9.47467 1.6168 0
      vertex 4.08554 2.96832 0
      vertex 3.75288 3.37911 0
    endloop
  endfacet
  facet normal 0 0 -1
    outer loop
      vertex 9.64655 1.66285 0
      vertex 3.75288 3.37911 0
      vertex 14 8 0
    endloop
  endfacet
  facet normal 0 0 -1
    outer loop
      vertex 3.37911 3.75288 0
      vertex 14 8 0
      vertex 3.75288 3.37911 0
    endloop
  endfacet
  facet normal 0 0 -1
    outer loop
      vertex 2.96832 4.08554 0
      vertex 14 8 0
      vertex 3.37911 3.75288 0
    endloop
  endfacet
  facet normal 0 0 -1
    outer loop
      vertex 2.525 4.37343 0
      vertex 14 8 0
      vertex 2.96832 4.08554 0
    endloop
  endfacet
  facet normal 0 0 -1
    outer loop
      vertex 2.05402 4.6134 0
      vertex 14 8 0
      vertex 2.525 4.37343 0
    endloop
  endfacet
  facet normal 0 0 -1
    outer loop
      vertex 1.56054 4.80283 0
      vertex 14 8 0
      vertex 2.05402 4.6134 0
    endloop
  endfacet
  facet normal 0 0 -1
    outer loop
      vertex 1.04995 4.93964 0
      vertex 14 8 0
      vertex 1.56054 4.80283 0
    endloop
  endfacet
  facet normal 0 0 -1
    outer loop
      vertex 0.527868 5.02234 0
      vertex 14 8 0
      vertex 1.04995 4.93964 0
    endloop
  endfacet
  facet normal 0 0 -1
    outer loop
      vertex 0 5.05 0
      vertex 14 8 0
      vertex 0.527868 5.02234 0
    endloop
  endfacet
  facet normal 0 0 -1
    outer loop
      vertex -14 8 0
      vertex 0 5.05 0
      vertex -0.527868 5.02234 0
    endloop
  endfacet
  facet normal 0 0 -1
    outer loop
      vertex -14 8 0
      vertex -0.527868 5.02234 0
      vertex -1.04995 4.93964 0
    endloop
  endfacet
  facet normal 0 0 -1
    outer loop
      vertex -8.30931 0.177698 0
      vertex -5.05 0 0
      vertex -8.3 0 0
    endloop
  endfacet
  facet normal 0 0 -1
    outer loop
      vertex -5.05 0 0
      vertex -8.30931 0.177698 0
      vertex -5.02234 0.527868 0
    endloop
  endfacet
  facet normal 0 0 -1
    outer loop
      vertex -8.33715 0.35345 0
      vertex -5.02234 0.527868 0
      vertex -8.30931 0.177698 0
    endloop
  endfacet
  facet normal 0 0 -1
    outer loop
      vertex -8.3832 0.525329 0
      vertex -5.02234 0.527868 0
      vertex -8.33715 0.35345 0
    endloop
  endfacet
  facet normal -0 0 -1
    outer loop
      vertex -5.02234 0.527868 0
      vertex -8.3832 0.525329 0
      vertex -4.93964 1.04995 0
    endloop
  endfacet
  facet normal 0 0 -1
    outer loop
      vertex -8.44697 0.691452 0
      vertex -4.93964 1.04995 0
      vertex -8.3832 0.525329 0
    endloop
  endfacet
  facet normal 0 0 -1
    outer loop
      vertex -8.52776 0.849999 0
      vertex -4.93964 1.04995 0
      vertex -8.44697 0.691452 0
    endloop
  endfacet
  facet normal -0 0 -1
    outer loop
      vertex -4.93964 1.04995 0
      vertex -8.52776 0.849999 0
      vertex -4.80283 1.56054 0
    endloop
  endfacet
  facet normal 0 0 -1
    outer loop
      vertex -8.62467 0.999234 0
      vertex -4.80283 1.56054 0
      vertex -8.52776 0.849999 0
    endloop
  endfacet
  facet normal 0 0 -1
    outer loop
      vertex -8.73665 1.13752 0
      vertex -4.80283 1.56054 0
      vertex -8.62467 0.999234 0
    endloop
  endfacet
  facet normal -0 0 -1
    outer loop
      vertex -4.80283 1.56054 0
      vertex -8.73665 1.13752 0
      vertex -4.6134 2.05402 0
    endloop
  endfacet
  facet normal 0 0 -1
    outer loop
      vertex -8.86248 1.26335 0
      vertex -4.6134 2.05402 0
      vertex -8.73665 1.13752 0
    endloop
  endfacet
  facet normal -0 0 -1
    outer loop
      vertex -4.6134 2.05402 0
      vertex -8.86248 1.26335 0
      vertex -4.37343 2.525 0
    endloop
  endfacet
  facet normal 0 0 -1
    outer loop
      vertex -9.00076 1.37533 0
      vertex -4.37343 2.525 0
      vertex -8.86248 1.26335 0
    endloop
  endfacet
  facet normal 0 0 -1
    outer loop
      vertex -9.15 1.47224 0
      vertex -4.37343 2.525 0
      vertex -9.00076 1.37533 0
    endloop
  endfacet
  facet normal -0 0 -1
    outer loop
      vertex -4.37343 2.525 0
      vertex -9.15 1.47224 0
      vertex -4.08554 2.96832 0
    endloop
  endfacet
  facet normal 0 0 -1
    outer loop
      vertex -9.30855 1.55303 0
      vertex -4.08554 2.96832 0
      vertex -9.15 1.47224 0
    endloop
  endfacet
  facet normal 0 0 -1
    outer loop
      vertex -9.47467 1.6168 0
      vertex -4.08554 2.96832 0
      vertex -9.30855 1.55303 0
    endloop
  endfacet
  facet normal -0 0 -1
    outer loop
      vertex -4.08554 2.96832 0
      vertex -9.47467 1.6168 0
      vertex -3.75288 3.37911 0
    endloop
  endfacet
  facet normal 0 0 -1
    outer loop
      vertex -9.64655 1.66285 0
      vertex -3.75288 3.37911 0
      vertex -9.47467 1.6168 0
    endloop
  endfacet
  facet normal 0 0 -1
    outer loop
      vertex -14 8 0
      vertex -3.75288 3.37911 0
      vertex -9.64655 1.66285 0
    endloop
  endfacet
  facet normal 0 0 -1
    outer loop
      vertex -3.37911 3.75288 0
      vertex -14 8 0
      vertex -2.96832 4.08554 0
    endloop
  endfacet
  facet normal 0 0 -1
    outer loop
      vertex -2.96832 4.08554 0
      vertex -14 8 0
      vertex -2.525 4.37343 0
    endloop
  endfacet
  facet normal 0 0 -1
    outer loop
      vertex -3.75288 3.37911 0
      vertex -14 8 0
      vertex -3.37911 3.75288 0
    endloop
  endfacet
  facet normal 0 0 -1
    outer loop
      vertex -14 8 0
      vertex -9.64655 1.66285 0
      vertex -9.8223 1.69069 0
    endloop
  endfacet
  facet normal 0 0 -1
    outer loop
      vertex -2.525 4.37343 0
      vertex -14 8 0
      vertex -2.05402 4.6134 0
    endloop
  endfacet
  facet normal 0 0 -1
    outer loop
      vertex -14 8 0
      vertex -9.8223 1.69069 0
      vertex -10 1.7 0
    endloop
  endfacet
  facet normal 0 0 -1
    outer loop
      vertex -14 8 0
      vertex -10 1.7 0
      vertex -10.1777 1.69069 0
    endloop
  endfacet
  facet normal 0 0 -1
    outer loop
      vertex -14 8 0
      vertex -10.1777 1.69069 0
      vertex -10.3534 1.66285 0
    endloop
  endfacet
  facet normal 0 0 -1
    outer loop
      vertex -14 8 0
      vertex -10.3534 1.66285 0
      vertex -10.5253 1.6168 0
    endloop
  endfacet
  facet normal 0 0 -1
    outer loop
      vertex -14 8 0
      vertex -11.7 0 0
      vertex -14 -8 0
    endloop
  endfacet
  facet normal 0 0 -1
    outer loop
      vertex -11.7 0 0
      vertex -14 8 0
      vertex -11.6907 0.177698 0
    endloop
  endfacet
  facet normal 0 0 -1
    outer loop
      vertex -11.6907 0.177698 0
      vertex -14 8 0
      vertex -11.6629 0.35345 0
    endloop
  endfacet
  facet normal 0 0 -1
    outer loop
      vertex 0 5.05 0
      vertex -14 8 0
      vertex 14 8 0
    endloop
  endfacet
  facet normal 0 0 -1
    outer loop
      vertex -1.56054 4.80283 0
      vertex -14 8 0
      vertex -1.04995 4.93964 0
    endloop
  endfacet
  facet normal 0 0 -1
    outer loop
      vertex -2.05402 4.6134 0
      vertex -14 8 0
      vertex -1.56054 4.80283 0
    endloop
  endfacet
  facet normal 0 0 -1
    outer loop
      vertex -10.6915 1.55303 0
      vertex -14 8 0
      vertex -10.5253 1.6168 0
    endloop
  endfacet
  facet normal 0 0 -1
    outer loop
      vertex -10.85 1.47224 0
      vertex -14 8 0
      vertex -10.6915 1.55303 0
    endloop
  endfacet
  facet normal 0 0 -1
    outer loop
      vertex -10.9992 1.37533 0
      vertex -14 8 0
      vertex -10.85 1.47224 0
    endloop
  endfacet
  facet normal 0 0 -1
    outer loop
      vertex -11.1375 1.26335 0
      vertex -14 8 0
      vertex -10.9992 1.37533 0
    endloop
  endfacet
  facet normal 0 0 -1
    outer loop
      vertex -11.2633 1.13752 0
      vertex -14 8 0
      vertex -11.1375 1.26335 0
    endloop
  endfacet
  facet normal 0 0 -1
    outer loop
      vertex -11.3753 0.999234 0
      vertex -14 8 0
      vertex -11.2633 1.13752 0
    endloop
  endfacet
  facet normal 0 0 -1
    outer loop
      vertex -11.4722 0.849999 0
      vertex -14 8 0
      vertex -11.3753 0.999234 0
    endloop
  endfacet
  facet normal 0 0 -1
    outer loop
      vertex -11.553 0.691452 0
      vertex -14 8 0
      vertex -11.4722 0.849999 0
    endloop
  endfacet
  facet normal 0 0 -1
    outer loop
      vertex -11.6168 0.525329 0
      vertex -14 8 0
      vertex -11.553 0.691452 0
    endloop
  endfacet
  facet normal 0 0 -1
    outer loop
      vertex -11.6629 0.35345 0
      vertex -14 8 0
      vertex -11.6168 0.525329 0
    endloop
  endfacet
  facet normal -1 0 0
    outer loop
      vertex -14 -8 0
      vertex -14 8 3
      vertex -14 8 0
    endloop
  endfacet
  facet normal -1 -0 0
    outer loop
      vertex -14 8 3
      vertex -14 -8 0
      vertex -14 -8 3
    endloop
  endfacet
  facet normal 0 1 -0
    outer loop
      vertex 14 8 0
      vertex -14 8 3
      vertex 14 8 3
    endloop
  endfacet
  facet normal 0 1 0
    outer loop
      vertex -14 8 3
      vertex 14 8 0
      vertex -14 8 0
    endloop
  endfacet
  facet normal 0 -1 0
    outer loop
      vertex -14 -8 0
      vertex 14 -8 3
      vertex -14 -8 3
    endloop
  endfacet
  facet normal 0 -1 -0
    outer loop
      vertex 14 -8 3
      vertex -14 -8 0
      vertex 14 -8 0
    endloop
  endfacet
  facet normal 0.987688 -0.156436 0
    outer loop
      vertex 6.50468 -1.38261 9.1
      vertex 6.61357 -0.695114 3
      vertex 6.61357 -0.695114 9.1
    endloop
  endfacet
  facet normal 0.987688 -0.156436 0
    outer loop
      vertex 6.61357 -0.695114 3
      vertex 6.50468 -1.38261 9.1
      vertex 6.50468 -1.38261 3
    endloop
  endfacet
  facet normal 0.987688 0.156436 0
    outer loop
      vertex 6.61357 0.695114 9.1
      vertex 6.50468 1.38261 3
      vertex 6.50468 1.38261 9.1
    endloop
  endfacet
  facet normal 0.987688 0.156436 0
    outer loop
      vertex 6.50468 1.38261 3
      vertex 6.61357 0.695114 9.1
      vertex 6.61357 0.695114 3
    endloop
  endfacet
  facet normal 0.998629 0.0523368 0
    outer loop
      vertex 6.65 0 9.1
      vertex 6.61357 0.695114 3
      vertex 6.61357 0.695114 9.1
    endloop
  endfacet
  facet normal 0.998629 0.0523368 0
    outer loop
      vertex 6.61357 0.695114 3
      vertex 6.65 0 9.1
      vertex 6.65 0 3
    endloop
  endfacet
  facet normal 0.965928 0.258811 0
    outer loop
      vertex 6.50468 1.38261 9.1
      vertex 6.32453 2.05496 3
      vertex 6.32453 2.05496 9.1
    endloop
  endfacet
  facet normal 0.965928 0.258811 0
    outer loop
      vertex 6.32453 2.05496 3
      vertex 6.50468 1.38261 9.1
      vertex 6.50468 1.38261 3
    endloop
  endfacet
  facet normal 0.838667 0.544644 0
    outer loop
      vertex 5.75907 3.325 9.1
      vertex 5.37996 3.90877 3
      vertex 5.37996 3.90877 9.1
    endloop
  endfacet
  facet normal 0.838667 0.544644 0
    outer loop
      vertex 5.37996 3.90877 3
      vertex 5.75907 3.325 9.1
      vertex 5.75907 3.325 3
    endloop
  endfacet
  facet normal -0.156436 0.987688 0
    outer loop
      vertex -0.695114 6.61357 3
      vertex -1.38261 6.50468 9.1
      vertex -0.695114 6.61357 9.1
    endloop
  endfacet
  facet normal -0.156436 0.987688 0
    outer loop
      vertex -1.38261 6.50468 9.1
      vertex -0.695114 6.61357 3
      vertex -1.38261 6.50468 3
    endloop
  endfacet
  facet normal -0.965928 -0.258811 0
    outer loop
      vertex -6.32453 -2.05496 3
      vertex -6.50468 -1.38261 9.1
      vertex -6.50468 -1.38261 3
    endloop
  endfacet
  facet normal -0.965928 -0.258811 0
    outer loop
      vertex -6.50468 -1.38261 9.1
      vertex -6.32453 -2.05496 3
      vertex -6.32453 -2.05496 9.1
    endloop
  endfacet
  facet normal -0.453993 -0.891005 0
    outer loop
      vertex -3.325 -5.75907 3
      vertex -2.7048 -6.07508 9.1
      vertex -3.325 -5.75907 9.1
    endloop
  endfacet
  facet normal -0.453993 -0.891005 -0
    outer loop
      vertex -2.7048 -6.07508 9.1
      vertex -3.325 -5.75907 3
      vertex -2.7048 -6.07508 3
    endloop
  endfacet
  facet normal 0.998629 -0.0523368 0
    outer loop
      vertex 6.61357 -0.695114 9.1
      vertex 6.65 0 3
      vertex 6.65 0 9.1
    endloop
  endfacet
  facet normal 0.998629 -0.0523368 0
    outer loop
      vertex 6.65 0 3
      vertex 6.61357 -0.695114 9.1
      vertex 6.61357 -0.695114 3
    endloop
  endfacet
  facet normal 0.258811 -0.965928 0
    outer loop
      vertex 1.38261 -6.50468 3
      vertex 2.05496 -6.32453 9.1
      vertex 1.38261 -6.50468 9.1
    endloop
  endfacet
  facet normal 0.258811 -0.965928 0
    outer loop
      vertex 2.05496 -6.32453 9.1
      vertex 1.38261 -6.50468 3
      vertex 2.05496 -6.32453 3
    endloop
  endfacet
  facet normal -0.629318 -0.777148 0
    outer loop
      vertex -4.44972 -4.94191 3
      vertex -3.90877 -5.37996 9.1
      vertex -4.44972 -4.94191 9.1
    endloop
  endfacet
  facet normal -0.629318 -0.777148 -0
    outer loop
      vertex -3.90877 -5.37996 9.1
      vertex -4.44972 -4.94191 3
      vertex -3.90877 -5.37996 3
    endloop
  endfacet
  facet normal -0.156436 -0.987688 0
    outer loop
      vertex -1.38261 -6.50468 3
      vertex -0.695114 -6.61357 9.1
      vertex -1.38261 -6.50468 9.1
    endloop
  endfacet
  facet normal -0.156436 -0.987688 -0
    outer loop
      vertex -0.695114 -6.61357 9.1
      vertex -1.38261 -6.50468 3
      vertex -0.695114 -6.61357 3
    endloop
  endfacet
  facet normal -0.707107 -0.707107 0
    outer loop
      vertex -4.44972 -4.94191 3
      vertex -4.94191 -4.44972 9.1
      vertex -4.94191 -4.44972 3
    endloop
  endfacet
  facet normal -0.707107 -0.707107 0
    outer loop
      vertex -4.94191 -4.44972 9.1
      vertex -4.44972 -4.94191 3
      vertex -4.44972 -4.94191 9.1
    endloop
  endfacet
  facet normal -0.965928 0.258811 0
    outer loop
      vertex -6.50468 1.38261 3
      vertex -6.32453 2.05496 9.1
      vertex -6.32453 2.05496 3
    endloop
  endfacet
  facet normal -0.965928 0.258811 0
    outer loop
      vertex -6.32453 2.05496 9.1
      vertex -6.50468 1.38261 3
      vertex -6.50468 1.38261 9.1
    endloop
  endfacet
  facet normal -0.544644 -0.838667 0
    outer loop
      vertex -3.90877 -5.37996 3
      vertex -3.325 -5.75907 9.1
      vertex -3.90877 -5.37996 9.1
    endloop
  endfacet
  facet normal -0.544644 -0.838667 -0
    outer loop
      vertex -3.325 -5.75907 9.1
      vertex -3.90877 -5.37996 3
      vertex -3.325 -5.75907 3
    endloop
  endfacet
  facet normal 0.629318 0.777148 -0
    outer loop
      vertex 4.44972 4.94191 3
      vertex 3.90877 5.37996 9.1
      vertex 4.44972 4.94191 9.1
    endloop
  endfacet
  facet normal 0.629318 0.777148 0
    outer loop
      vertex 3.90877 5.37996 9.1
      vertex 4.44972 4.94191 3
      vertex 3.90877 5.37996 3
    endloop
  endfacet
  facet normal 0.156436 0.987688 -0
    outer loop
      vertex 1.38261 6.50468 3
      vertex 0.695114 6.61357 9.1
      vertex 1.38261 6.50468 9.1
    endloop
  endfacet
  facet normal 0.156436 0.987688 0
    outer loop
      vertex 0.695114 6.61357 9.1
      vertex 1.38261 6.50468 3
      vertex 0.695114 6.61357 3
    endloop
  endfacet
  facet normal 0.544644 0.838667 -0
    outer loop
      vertex 3.90877 5.37996 3
      vertex 3.325 5.75907 9.1
      vertex 3.90877 5.37996 9.1
    endloop
  endfacet
  facet normal 0.544644 0.838667 0
    outer loop
      vertex 3.325 5.75907 9.1
      vertex 3.90877 5.37996 3
      vertex 3.325 5.75907 3
    endloop
  endfacet
  facet normal 0.358368 -0.933581 0
    outer loop
      vertex 2.05496 -6.32453 3
      vertex 2.7048 -6.07508 9.1
      vertex 2.05496 -6.32453 9.1
    endloop
  endfacet
  facet normal 0.358368 -0.933581 0
    outer loop
      vertex 2.7048 -6.07508 9.1
      vertex 2.05496 -6.32453 3
      vertex 2.7048 -6.07508 3
    endloop
  endfacet
  facet normal -0.258811 0.965928 0
    outer loop
      vertex -1.38261 6.50468 3
      vertex -2.05496 6.32453 9.1
      vertex -1.38261 6.50468 9.1
    endloop
  endfacet
  facet normal -0.258811 0.965928 0
    outer loop
      vertex -2.05496 6.32453 9.1
      vertex -1.38261 6.50468 3
      vertex -2.05496 6.32453 3
    endloop
  endfacet
  facet normal 0.0523368 0.998629 -0
    outer loop
      vertex 0.695114 6.61357 3
      vertex 0 6.65 9.1
      vertex 0.695114 6.61357 9.1
    endloop
  endfacet
  facet normal 0.0523368 0.998629 0
    outer loop
      vertex 0 6.65 9.1
      vertex 0.695114 6.61357 3
      vertex 0 6.65 3
    endloop
  endfacet
  facet normal 0.358368 0.933581 -0
    outer loop
      vertex 2.7048 6.07508 3
      vertex 2.05496 6.32453 9.1
      vertex 2.7048 6.07508 9.1
    endloop
  endfacet
  facet normal 0.358368 0.933581 0
    outer loop
      vertex 2.05496 6.32453 9.1
      vertex 2.7048 6.07508 3
      vertex 2.05496 6.32453 3
    endloop
  endfacet
  facet normal 0.965928 -0.258811 0
    outer loop
      vertex 6.32453 -2.05496 9.1
      vertex 6.50468 -1.38261 3
      vertex 6.50468 -1.38261 9.1
    endloop
  endfacet
  facet normal 0.965928 -0.258811 0
    outer loop
      vertex 6.50468 -1.38261 3
      vertex 6.32453 -2.05496 9.1
      vertex 6.32453 -2.05496 3
    endloop
  endfacet
  facet normal 0.453993 0.891005 -0
    outer loop
      vertex 3.325 5.75907 3
      vertex 2.7048 6.07508 9.1
      vertex 3.325 5.75907 9.1
    endloop
  endfacet
  facet normal 0.453993 0.891005 0
    outer loop
      vertex 2.7048 6.07508 9.1
      vertex 3.325 5.75907 3
      vertex 2.7048 6.07508 3
    endloop
  endfacet
  facet normal -0.453993 0.891005 0
    outer loop
      vertex -2.7048 6.07508 3
      vertex -3.325 5.75907 9.1
      vertex -2.7048 6.07508 9.1
    endloop
  endfacet
  facet normal -0.453993 0.891005 0
    outer loop
      vertex -3.325 5.75907 9.1
      vertex -2.7048 6.07508 3
      vertex -3.325 5.75907 3
    endloop
  endfacet
  facet normal 0.156436 -0.987688 0
    outer loop
      vertex 0.695114 -6.61357 3
      vertex 1.38261 -6.50468 9.1
      vertex 0.695114 -6.61357 9.1
    endloop
  endfacet
  facet normal 0.156436 -0.987688 0
    outer loop
      vertex 1.38261 -6.50468 9.1
      vertex 0.695114 -6.61357 3
      vertex 1.38261 -6.50468 3
    endloop
  endfacet
  facet normal -0.258811 -0.965928 0
    outer loop
      vertex -2.05496 -6.32453 3
      vertex -1.38261 -6.50468 9.1
      vertex -2.05496 -6.32453 9.1
    endloop
  endfacet
  facet normal -0.258811 -0.965928 -0
    outer loop
      vertex -1.38261 -6.50468 9.1
      vertex -2.05496 -6.32453 3
      vertex -1.38261 -6.50468 3
    endloop
  endfacet
  facet normal 0.777148 -0.629318 0
    outer loop
      vertex 4.94191 -4.44972 9.1
      vertex 5.37996 -3.90877 3
      vertex 5.37996 -3.90877 9.1
    endloop
  endfacet
  facet normal 0.777148 -0.629318 0
    outer loop
      vertex 5.37996 -3.90877 3
      vertex 4.94191 -4.44972 9.1
      vertex 4.94191 -4.44972 3
    endloop
  endfacet
  facet normal 0.891005 -0.453993 0
    outer loop
      vertex 5.75907 -3.325 9.1
      vertex 6.07508 -2.7048 3
      vertex 6.07508 -2.7048 9.1
    endloop
  endfacet
  facet normal 0.891005 -0.453993 0
    outer loop
      vertex 6.07508 -2.7048 3
      vertex 5.75907 -3.325 9.1
      vertex 5.75907 -3.325 3
    endloop
  endfacet
  facet normal -0.707107 0.707107 0
    outer loop
      vertex -4.94191 4.44972 3
      vertex -4.44972 4.94191 9.1
      vertex -4.44972 4.94191 3
    endloop
  endfacet
  facet normal -0.707107 0.707107 0
    outer loop
      vertex -4.44972 4.94191 9.1
      vertex -4.94191 4.44972 3
      vertex -4.94191 4.44972 9.1
    endloop
  endfacet
  facet normal 0.0523368 -0.998629 0
    outer loop
      vertex 0 -6.65 3
      vertex 0.695114 -6.61357 9.1
      vertex 0 -6.65 9.1
    endloop
  endfacet
  facet normal 0.0523368 -0.998629 0
    outer loop
      vertex 0.695114 -6.61357 9.1
      vertex 0 -6.65 3
      vertex 0.695114 -6.61357 3
    endloop
  endfacet
  facet normal -0.358368 0.933581 0
    outer loop
      vertex -2.05496 6.32453 3
      vertex -2.7048 6.07508 9.1
      vertex -2.05496 6.32453 9.1
    endloop
  endfacet
  facet normal -0.358368 0.933581 0
    outer loop
      vertex -2.7048 6.07508 9.1
      vertex -2.05496 6.32453 3
      vertex -2.7048 6.07508 3
    endloop
  endfacet
  facet normal -0.0523368 0.998629 0
    outer loop
      vertex 0 6.65 3
      vertex -0.695114 6.61357 9.1
      vertex 0 6.65 9.1
    endloop
  endfacet
  facet normal -0.0523368 0.998629 0
    outer loop
      vertex -0.695114 6.61357 9.1
      vertex 0 6.65 3
      vertex -0.695114 6.61357 3
    endloop
  endfacet
  facet normal 0.453993 -0.891005 0
    outer loop
      vertex 2.7048 -6.07508 3
      vertex 3.325 -5.75907 9.1
      vertex 2.7048 -6.07508 9.1
    endloop
  endfacet
  facet normal 0.453993 -0.891005 0
    outer loop
      vertex 3.325 -5.75907 9.1
      vertex 2.7048 -6.07508 3
      vertex 3.325 -5.75907 3
    endloop
  endfacet
  facet normal -0.933581 0.358368 0
    outer loop
      vertex -6.32453 2.05496 3
      vertex -6.07508 2.7048 9.1
      vertex -6.07508 2.7048 3
    endloop
  endfacet
  facet normal -0.933581 0.358368 0
    outer loop
      vertex -6.07508 2.7048 9.1
      vertex -6.32453 2.05496 3
      vertex -6.32453 2.05496 9.1
    endloop
  endfacet
  facet normal -0.891005 0.453993 0
    outer loop
      vertex -6.07508 2.7048 3
      vertex -5.75907 3.325 9.1
      vertex -5.75907 3.325 3
    endloop
  endfacet
  facet normal -0.891005 0.453993 0
    outer loop
      vertex -5.75907 3.325 9.1
      vertex -6.07508 2.7048 3
      vertex -6.07508 2.7048 9.1
    endloop
  endfacet
  facet normal 0.777148 0.629318 0
    outer loop
      vertex 5.37996 3.90877 9.1
      vertex 4.94191 4.44972 3
      vertex 4.94191 4.44972 9.1
    endloop
  endfacet
  facet normal 0.777148 0.629318 0
    outer loop
      vertex 4.94191 4.44972 3
      vertex 5.37996 3.90877 9.1
      vertex 5.37996 3.90877 3
    endloop
  endfacet
  facet normal 0.258811 0.965928 -0
    outer loop
      vertex 2.05496 6.32453 3
      vertex 1.38261 6.50468 9.1
      vertex 2.05496 6.32453 9.1
    endloop
  endfacet
  facet normal 0.258811 0.965928 0
    outer loop
      vertex 1.38261 6.50468 9.1
      vertex 2.05496 6.32453 3
      vertex 1.38261 6.50468 3
    endloop
  endfacet
  facet normal 0.933581 0.358368 0
    outer loop
      vertex 6.32453 2.05496 9.1
      vertex 6.07508 2.7048 3
      vertex 6.07508 2.7048 9.1
    endloop
  endfacet
  facet normal 0.933581 0.358368 0
    outer loop
      vertex 6.07508 2.7048 3
      vertex 6.32453 2.05496 9.1
      vertex 6.32453 2.05496 3
    endloop
  endfacet
  facet normal 0.838667 -0.544644 0
    outer loop
      vertex 5.37996 -3.90877 9.1
      vertex 5.75907 -3.325 3
      vertex 5.75907 -3.325 9.1
    endloop
  endfacet
  facet normal 0.838667 -0.544644 0
    outer loop
      vertex 5.75907 -3.325 3
      vertex 5.37996 -3.90877 9.1
      vertex 5.37996 -3.90877 3
    endloop
  endfacet
  facet normal -0.998629 -0.0523368 0
    outer loop
      vertex -6.61357 -0.695114 3
      vertex -6.65 0 9.1
      vertex -6.65 0 3
    endloop
  endfacet
  facet normal -0.998629 -0.0523368 0
    outer loop
      vertex -6.65 0 9.1
      vertex -6.61357 -0.695114 3
      vertex -6.61357 -0.695114 9.1
    endloop
  endfacet
  facet normal 0 0 1
    outer loop
      vertex 3.5 0 9.1
      vertex 6.65 0 9.1
      vertex 6.61357 0.695114 9.1
    endloop
  endfacet
  facet normal 0 0 1
    outer loop
      vertex 3.48083 0.365849 9.1
      vertex 6.61357 0.695114 9.1
      vertex 6.50468 1.38261 9.1
    endloop
  endfacet
  facet normal 0 0 1
    outer loop
      vertex 6.65 0 9.1
      vertex 3.5 0 9.1
      vertex 6.61357 -0.695114 9.1
    endloop
  endfacet
  facet normal 0 0 1
    outer loop
      vertex 3.42352 0.727691 9.1
      vertex 6.50468 1.38261 9.1
      vertex 6.32453 2.05496 9.1
    endloop
  endfacet
  facet normal -0 0 1
    outer loop
      vertex 3.48083 -0.365849 9.1
      vertex 6.61357 -0.695114 9.1
      vertex 3.5 0 9.1
    endloop
  endfacet
  facet normal 0 0 1
    outer loop
      vertex 3.3287 1.08156 9.1
      vertex 6.32453 2.05496 9.1
      vertex 6.07508 2.7048 9.1
    endloop
  endfacet
  facet normal 0 0 1
    outer loop
      vertex 6.61357 -0.695114 9.1
      vertex 3.48083 -0.365849 9.1
      vertex 6.50468 -1.38261 9.1
    endloop
  endfacet
  facet normal 0 0 1
    outer loop
      vertex 3.19741 1.42358 9.1
      vertex 6.07508 2.7048 9.1
      vertex 5.75907 3.325 9.1
    endloop
  endfacet
  facet normal -0 0 1
    outer loop
      vertex 3.42352 -0.727691 9.1
      vertex 6.50468 -1.38261 9.1
      vertex 3.48083 -0.365849 9.1
    endloop
  endfacet
  facet normal 0 0 1
    outer loop
      vertex 3.03109 1.75 9.1
      vertex 5.75907 3.325 9.1
      vertex 5.37996 3.90877 9.1
    endloop
  endfacet
  facet normal 0 0 1
    outer loop
      vertex 6.50468 -1.38261 9.1
      vertex 3.42352 -0.727691 9.1
      vertex 6.32453 -2.05496 9.1
    endloop
  endfacet
  facet normal 0 0 1
    outer loop
      vertex 2.83156 2.05725 9.1
      vertex 5.37996 3.90877 9.1
      vertex 4.94191 4.44972 9.1
    endloop
  endfacet
  facet normal -0 0 1
    outer loop
      vertex 3.3287 -1.08156 9.1
      vertex 6.32453 -2.05496 9.1
      vertex 3.42352 -0.727691 9.1
    endloop
  endfacet
  facet normal 0 0 1
    outer loop
      vertex 2.60101 2.34196 9.1
      vertex 4.94191 4.44972 9.1
      vertex 4.44972 4.94191 9.1
    endloop
  endfacet
  facet normal 0 0 1
    outer loop
      vertex 6.32453 -2.05496 9.1
      vertex 3.3287 -1.08156 9.1
      vertex 6.07508 -2.7048 9.1
    endloop
  endfacet
  facet normal 0 0 1
    outer loop
      vertex 2.34196 2.60101 9.1
      vertex 4.44972 4.94191 9.1
      vertex 3.90877 5.37996 9.1
    endloop
  endfacet
  facet normal -0 0 1
    outer loop
      vertex 3.19741 -1.42358 9.1
      vertex 6.07508 -2.7048 9.1
      vertex 3.3287 -1.08156 9.1
    endloop
  endfacet
  facet normal 0 0 1
    outer loop
      vertex 6.07508 -2.7048 9.1
      vertex 3.19741 -1.42358 9.1
      vertex 5.75907 -3.325 9.1
    endloop
  endfacet
  facet normal 0 0 1
    outer loop
      vertex 6.61357 0.695114 9.1
      vertex 3.48083 0.365849 9.1
      vertex 3.5 0 9.1
    endloop
  endfacet
  facet normal 0 0 1
    outer loop
      vertex 6.50468 1.38261 9.1
      vertex 3.42352 0.727691 9.1
      vertex 3.48083 0.365849 9.1
    endloop
  endfacet
  facet normal 0 0 1
    outer loop
      vertex 6.32453 2.05496 9.1
      vertex 3.3287 1.08156 9.1
      vertex 3.42352 0.727691 9.1
    endloop
  endfacet
  facet normal 0 0 1
    outer loop
      vertex 2.05725 2.83156 9.1
      vertex 3.90877 5.37996 9.1
      vertex 3.325 5.75907 9.1
    endloop
  endfacet
  facet normal 0 0 1
    outer loop
      vertex 6.07508 2.7048 9.1
      vertex 3.19741 1.42358 9.1
      vertex 3.3287 1.08156 9.1
    endloop
  endfacet
  facet normal 0 0 1
    outer loop
      vertex 5.75907 3.325 9.1
      vertex 3.03109 1.75 9.1
      vertex 3.19741 1.42358 9.1
    endloop
  endfacet
  facet normal 0 0 1
    outer loop
      vertex 5.37996 3.90877 9.1
      vertex 2.83156 2.05725 9.1
      vertex 3.03109 1.75 9.1
    endloop
  endfacet
  facet normal 0 0 1
    outer loop
      vertex 1.75 3.03109 9.1
      vertex 3.325 5.75907 9.1
      vertex 2.7048 6.07508 9.1
    endloop
  endfacet
  facet normal 0 0 1
    outer loop
      vertex 4.94191 4.44972 9.1
      vertex 2.60101 2.34196 9.1
      vertex 2.83156 2.05725 9.1
    endloop
  endfacet
  facet normal 0 0 1
    outer loop
      vertex 4.44972 4.94191 9.1
      vertex 2.34196 2.60101 9.1
      vertex 2.60101 2.34196 9.1
    endloop
  endfacet
  facet normal 0 0 1
    outer loop
      vertex 3.90877 5.37996 9.1
      vertex 2.05725 2.83156 9.1
      vertex 2.34196 2.60101 9.1
    endloop
  endfacet
  facet normal 0 0 1
    outer loop
      vertex 1.42358 3.19741 9.1
      vertex 2.7048 6.07508 9.1
      vertex 2.05496 6.32453 9.1
    endloop
  endfacet
  facet normal 0 0 1
    outer loop
      vertex 3.325 5.75907 9.1
      vertex 1.75 3.03109 9.1
      vertex 2.05725 2.83156 9.1
    endloop
  endfacet
  facet normal 0 0 1
    outer loop
      vertex 2.7048 6.07508 9.1
      vertex 1.42358 3.19741 9.1
      vertex 1.75 3.03109 9.1
    endloop
  endfacet
  facet normal 0 0 1
    outer loop
      vertex 1.08156 3.3287 9.1
      vertex 2.05496 6.32453 9.1
      vertex 1.38261 6.50468 9.1
    endloop
  endfacet
  facet normal 0 0 1
    outer loop
      vertex 2.05496 6.32453 9.1
      vertex 1.08156 3.3287 9.1
      vertex 1.42358 3.19741 9.1
    endloop
  endfacet
  facet normal 0 0 1
    outer loop
      vertex 1.38261 6.50468 9.1
      vertex 0.727691 3.42352 9.1
      vertex 1.08156 3.3287 9.1
    endloop
  endfacet
  facet normal 0 0 1
    outer loop
      vertex 0.695114 6.61357 9.1
      vertex 0.727691 3.42352 9.1
      vertex 1.38261 6.50468 9.1
    endloop
  endfacet
  facet normal 0 0 1
    outer loop
      vertex 0.695114 6.61357 9.1
      vertex 0.365849 3.48083 9.1
      vertex 0.727691 3.42352 9.1
    endloop
  endfacet
  facet normal 0 0 1
    outer loop
      vertex 0 6.65 9.1
      vertex 0.365849 3.48083 9.1
      vertex 0.695114 6.61357 9.1
    endloop
  endfacet
  facet normal 0 0 1
    outer loop
      vertex 0 6.65 9.1
      vertex 0 3.5 9.1
      vertex 0.365849 3.48083 9.1
    endloop
  endfacet
  facet normal 0 0 1
    outer loop
      vertex 0 6.65 9.1
      vertex -0.365849 3.48083 9.1
      vertex 0 3.5 9.1
    endloop
  endfacet
  facet normal -0 0 1
    outer loop
      vertex -0.695114 6.61357 9.1
      vertex -0.365849 3.48083 9.1
      vertex 0 6.65 9.1
    endloop
  endfacet
  facet normal 0 0 1
    outer loop
      vertex -0.695114 6.61357 9.1
      vertex -0.727691 3.42352 9.1
      vertex -0.365849 3.48083 9.1
    endloop
  endfacet
  facet normal -0 0 1
    outer loop
      vertex -1.38261 6.50468 9.1
      vertex -0.727691 3.42352 9.1
      vertex -0.695114 6.61357 9.1
    endloop
  endfacet
  facet normal 0 0 1
    outer loop
      vertex -0.727691 3.42352 9.1
      vertex -1.38261 6.50468 9.1
      vertex -1.08156 3.3287 9.1
    endloop
  endfacet
  facet normal -0 0 1
    outer loop
      vertex -2.05496 6.32453 9.1
      vertex -1.08156 3.3287 9.1
      vertex -1.38261 6.50468 9.1
    endloop
  endfacet
  facet normal 0 0 1
    outer loop
      vertex -1.08156 3.3287 9.1
      vertex -2.05496 6.32453 9.1
      vertex -1.42358 3.19741 9.1
    endloop
  endfacet
  facet normal -0 0 1
    outer loop
      vertex -2.7048 6.07508 9.1
      vertex -1.42358 3.19741 9.1
      vertex -2.05496 6.32453 9.1
    endloop
  endfacet
  facet normal 0 0 1
    outer loop
      vertex -1.42358 3.19741 9.1
      vertex -2.7048 6.07508 9.1
      vertex -1.75 3.03109 9.1
    endloop
  endfacet
  facet normal -0 0 1
    outer loop
      vertex -3.325 5.75907 9.1
      vertex -1.75 3.03109 9.1
      vertex -2.7048 6.07508 9.1
    endloop
  endfacet
  facet normal 0 0 1
    outer loop
      vertex -1.75 3.03109 9.1
      vertex -3.325 5.75907 9.1
      vertex -2.05725 2.83156 9.1
    endloop
  endfacet
  facet normal -0 0 1
    outer loop
      vertex -3.90877 5.37996 9.1
      vertex -2.05725 2.83156 9.1
      vertex -3.325 5.75907 9.1
    endloop
  endfacet
  facet normal 0 0 1
    outer loop
      vertex -2.05725 2.83156 9.1
      vertex -3.90877 5.37996 9.1
      vertex -2.34196 2.60101 9.1
    endloop
  endfacet
  facet normal -0 0 1
    outer loop
      vertex -4.44972 4.94191 9.1
      vertex -2.34196 2.60101 9.1
      vertex -3.90877 5.37996 9.1
    endloop
  endfacet
  facet normal 0 0 1
    outer loop
      vertex -2.34196 2.60101 9.1
      vertex -4.44972 4.94191 9.1
      vertex -2.60101 2.34196 9.1
    endloop
  endfacet
  facet normal -0 0 1
    outer loop
      vertex -4.94191 4.44972 9.1
      vertex -2.60101 2.34196 9.1
      vertex -4.44972 4.94191 9.1
    endloop
  endfacet
  facet normal 0 0 1
    outer loop
      vertex -2.60101 2.34196 9.1
      vertex -4.94191 4.44972 9.1
      vertex -2.83156 2.05725 9.1
    endloop
  endfacet
  facet normal -0 0 1
    outer loop
      vertex -5.37996 3.90877 9.1
      vertex -2.83156 2.05725 9.1
      vertex -4.94191 4.44972 9.1
    endloop
  endfacet
  facet normal 0 0 1
    outer loop
      vertex -2.83156 2.05725 9.1
      vertex -5.37996 3.90877 9.1
      vertex -3.03109 1.75 9.1
    endloop
  endfacet
  facet normal -0 0 1
    outer loop
      vertex -5.75907 3.325 9.1
      vertex -3.03109 1.75 9.1
      vertex -5.37996 3.90877 9.1
    endloop
  endfacet
  facet normal 0 0 1
    outer loop
      vertex -3.03109 1.75 9.1
      vertex -5.75907 3.325 9.1
      vertex -3.19741 1.42358 9.1
    endloop
  endfacet
  facet normal -0 0 1
    outer loop
      vertex 3.03109 -1.75 9.1
      vertex 5.75907 -3.325 9.1
      vertex 3.19741 -1.42358 9.1
    endloop
  endfacet
  facet normal 0 0 1
    outer loop
      vertex 5.75907 -3.325 9.1
      vertex 3.03109 -1.75 9.1
      vertex 5.37996 -3.90877 9.1
    endloop
  endfacet
  facet normal -0 0 1
    outer loop
      vertex 2.83156 -2.05725 9.1
      vertex 5.37996 -3.90877 9.1
      vertex 3.03109 -1.75 9.1
    endloop
  endfacet
  facet normal 0 0 1
    outer loop
      vertex 5.37996 -3.90877 9.1
      vertex 2.83156 -2.05725 9.1
      vertex 4.94191 -4.44972 9.1
    endloop
  endfacet
  facet normal -0 0 1
    outer loop
      vertex 2.60101 -2.34196 9.1
      vertex 4.94191 -4.44972 9.1
      vertex 2.83156 -2.05725 9.1
    endloop
  endfacet
  facet normal 0 0 1
    outer loop
      vertex 4.94191 -4.44972 9.1
      vertex 2.60101 -2.34196 9.1
      vertex 4.44972 -4.94191 9.1
    endloop
  endfacet
  facet normal -0 0 1
    outer loop
      vertex 2.34196 -2.60101 9.1
      vertex 4.44972 -4.94191 9.1
      vertex 2.60101 -2.34196 9.1
    endloop
  endfacet
  facet normal 0 0 1
    outer loop
      vertex 4.44972 -4.94191 9.1
      vertex 2.34196 -2.60101 9.1
      vertex 3.90877 -5.37996 9.1
    endloop
  endfacet
  facet normal -0 0 1
    outer loop
      vertex 2.05725 -2.83156 9.1
      vertex 3.90877 -5.37996 9.1
      vertex 2.34196 -2.60101 9.1
    endloop
  endfacet
  facet normal 0 0 1
    outer loop
      vertex 3.90877 -5.37996 9.1
      vertex 2.05725 -2.83156 9.1
      vertex 3.325 -5.75907 9.1
    endloop
  endfacet
  facet normal -0 0 1
    outer loop
      vertex 1.75 -3.03109 9.1
      vertex 3.325 -5.75907 9.1
      vertex 2.05725 -2.83156 9.1
    endloop
  endfacet
  facet normal 0 0 1
    outer loop
      vertex 3.325 -5.75907 9.1
      vertex 1.75 -3.03109 9.1
      vertex 2.7048 -6.07508 9.1
    endloop
  endfacet
  facet normal -0 0 1
    outer loop
      vertex 1.42358 -3.19741 9.1
      vertex 2.7048 -6.07508 9.1
      vertex 1.75 -3.03109 9.1
    endloop
  endfacet
  facet normal 0 0 1
    outer loop
      vertex 2.7048 -6.07508 9.1
      vertex 1.42358 -3.19741 9.1
      vertex 2.05496 -6.32453 9.1
    endloop
  endfacet
  facet normal -0 0 1
    outer loop
      vertex 1.08156 -3.3287 9.1
      vertex 2.05496 -6.32453 9.1
      vertex 1.42358 -3.19741 9.1
    endloop
  endfacet
  facet normal 0 0 1
    outer loop
      vertex 2.05496 -6.32453 9.1
      vertex 1.08156 -3.3287 9.1
      vertex 1.38261 -6.50468 9.1
    endloop
  endfacet
  facet normal -0 0 1
    outer loop
      vertex 0.727691 -3.42352 9.1
      vertex 1.38261 -6.50468 9.1
      vertex 1.08156 -3.3287 9.1
    endloop
  endfacet
  facet normal 0 0 1
    outer loop
      vertex 0.727691 -3.42352 9.1
      vertex 0.695114 -6.61357 9.1
      vertex 1.38261 -6.50468 9.1
    endloop
  endfacet
  facet normal -0 0 1
    outer loop
      vertex 0.365849 -3.48083 9.1
      vertex 0.695114 -6.61357 9.1
      vertex 0.727691 -3.42352 9.1
    endloop
  endfacet
  facet normal -0 0 1
    outer loop
      vertex 0 -3.5 9.1
      vertex 0.695114 -6.61357 9.1
      vertex 0.365849 -3.48083 9.1
    endloop
  endfacet
  facet normal 0 0 1
    outer loop
      vertex 0 -3.5 9.1
      vertex 0 -6.65 9.1
      vertex 0.695114 -6.61357 9.1
    endloop
  endfacet
  facet normal 0 0 1
    outer loop
      vertex -0.365849 -3.48083 9.1
      vertex 0 -6.65 9.1
      vertex 0 -3.5 9.1
    endloop
  endfacet
  facet normal 0 0 1
    outer loop
      vertex -0.365849 -3.48083 9.1
      vertex -0.695114 -6.61357 9.1
      vertex 0 -6.65 9.1
    endloop
  endfacet
  facet normal 0 0 1
    outer loop
      vertex -0.727691 -3.42352 9.1
      vertex -0.695114 -6.61357 9.1
      vertex -0.365849 -3.48083 9.1
    endloop
  endfacet
  facet normal 0 0 1
    outer loop
      vertex -1.38261 -6.50468 9.1
      vertex -0.727691 -3.42352 9.1
      vertex -1.08156 -3.3287 9.1
    endloop
  endfacet
  facet normal 0 0 1
    outer loop
      vertex -0.727691 -3.42352 9.1
      vertex -1.38261 -6.50468 9.1
      vertex -0.695114 -6.61357 9.1
    endloop
  endfacet
  facet normal 0 0 1
    outer loop
      vertex -2.05496 -6.32453 9.1
      vertex -1.08156 -3.3287 9.1
      vertex -1.42358 -3.19741 9.1
    endloop
  endfacet
  facet normal 0 0 1
    outer loop
      vertex -2.7048 -6.07508 9.1
      vertex -1.42358 -3.19741 9.1
      vertex -1.75 -3.03109 9.1
    endloop
  endfacet
  facet normal 0 0 1
    outer loop
      vertex -1.08156 -3.3287 9.1
      vertex -2.05496 -6.32453 9.1
      vertex -1.38261 -6.50468 9.1
    endloop
  endfacet
  facet normal 0 0 1
    outer loop
      vertex -3.325 -5.75907 9.1
      vertex -1.75 -3.03109 9.1
      vertex -2.05725 -2.83156 9.1
    endloop
  endfacet
  facet normal 0 0 1
    outer loop
      vertex -3.90877 -5.37996 9.1
      vertex -2.05725 -2.83156 9.1
      vertex -2.34196 -2.60101 9.1
    endloop
  endfacet
  facet normal 0 0 1
    outer loop
      vertex -4.44972 -4.94191 9.1
      vertex -2.34196 -2.60101 9.1
      vertex -2.60101 -2.34196 9.1
    endloop
  endfacet
  facet normal 0 0 1
    outer loop
      vertex -1.42358 -3.19741 9.1
      vertex -2.7048 -6.07508 9.1
      vertex -2.05496 -6.32453 9.1
    endloop
  endfacet
  facet normal 0 0 1
    outer loop
      vertex -4.94191 -4.44972 9.1
      vertex -2.60101 -2.34196 9.1
      vertex -2.83156 -2.05725 9.1
    endloop
  endfacet
  facet normal 0 0 1
    outer loop
      vertex -5.37996 -3.90877 9.1
      vertex -2.83156 -2.05725 9.1
      vertex -3.03109 -1.75 9.1
    endloop
  endfacet
  facet normal 0 0 1
    outer loop
      vertex -5.75907 -3.325 9.1
      vertex -3.03109 -1.75 9.1
      vertex -3.19741 -1.42358 9.1
    endloop
  endfacet
  facet normal 0 0 1
    outer loop
      vertex -1.75 -3.03109 9.1
      vertex -3.325 -5.75907 9.1
      vertex -2.7048 -6.07508 9.1
    endloop
  endfacet
  facet normal 0 0 1
    outer loop
      vertex -6.07508 -2.7048 9.1
      vertex -3.19741 -1.42358 9.1
      vertex -3.3287 -1.08156 9.1
    endloop
  endfacet
  facet normal 0 0 1
    outer loop
      vertex -6.32453 -2.05496 9.1
      vertex -3.3287 -1.08156 9.1
      vertex -3.42352 -0.727691 9.1
    endloop
  endfacet
  facet normal 0 0 1
    outer loop
      vertex -6.50468 -1.38261 9.1
      vertex -3.42352 -0.727691 9.1
      vertex -3.48083 -0.365849 9.1
    endloop
  endfacet
  facet normal 0 0 1
    outer loop
      vertex -6.61357 -0.695114 9.1
      vertex -3.48083 -0.365849 9.1
      vertex -3.5 0 9.1
    endloop
  endfacet
  facet normal -0 0 1
    outer loop
      vertex -6.07508 2.7048 9.1
      vertex -3.19741 1.42358 9.1
      vertex -5.75907 3.325 9.1
    endloop
  endfacet
  facet normal 0 0 1
    outer loop
      vertex -2.05725 -2.83156 9.1
      vertex -3.90877 -5.37996 9.1
      vertex -3.325 -5.75907 9.1
    endloop
  endfacet
  facet normal 0 0 1
    outer loop
      vertex -3.19741 1.42358 9.1
      vertex -6.07508 2.7048 9.1
      vertex -3.3287 1.08156 9.1
    endloop
  endfacet
  facet normal 0 0 1
    outer loop
      vertex -2.34196 -2.60101 9.1
      vertex -4.44972 -4.94191 9.1
      vertex -3.90877 -5.37996 9.1
    endloop
  endfacet
  facet normal -0 0 1
    outer loop
      vertex -6.32453 2.05496 9.1
      vertex -3.3287 1.08156 9.1
      vertex -6.07508 2.7048 9.1
    endloop
  endfacet
  facet normal 0 0 1
    outer loop
      vertex -2.60101 -2.34196 9.1
      vertex -4.94191 -4.44972 9.1
      vertex -4.44972 -4.94191 9.1
    endloop
  endfacet
  facet normal 0 0 1
    outer loop
      vertex -3.3287 1.08156 9.1
      vertex -6.32453 2.05496 9.1
      vertex -3.42352 0.727691 9.1
    endloop
  endfacet
  facet normal 0 0 1
    outer loop
      vertex -2.83156 -2.05725 9.1
      vertex -5.37996 -3.90877 9.1
      vertex -4.94191 -4.44972 9.1
    endloop
  endfacet
  facet normal -0 0 1
    outer loop
      vertex -6.50468 1.38261 9.1
      vertex -3.42352 0.727691 9.1
      vertex -6.32453 2.05496 9.1
    endloop
  endfacet
  facet normal 0 0 1
    outer loop
      vertex -3.03109 -1.75 9.1
      vertex -5.75907 -3.325 9.1
      vertex -5.37996 -3.90877 9.1
    endloop
  endfacet
  facet normal 0 0 1
    outer loop
      vertex -3.42352 0.727691 9.1
      vertex -6.50468 1.38261 9.1
      vertex -3.48083 0.365849 9.1
    endloop
  endfacet
  facet normal 0 0 1
    outer loop
      vertex -3.19741 -1.42358 9.1
      vertex -6.07508 -2.7048 9.1
      vertex -5.75907 -3.325 9.1
    endloop
  endfacet
  facet normal -0 0 1
    outer loop
      vertex -6.61357 0.695114 9.1
      vertex -3.48083 0.365849 9.1
      vertex -6.50468 1.38261 9.1
    endloop
  endfacet
  facet normal 0 0 1
    outer loop
      vertex -3.3287 -1.08156 9.1
      vertex -6.32453 -2.05496 9.1
      vertex -6.07508 -2.7048 9.1
    endloop
  endfacet
  facet normal 0 0 1
    outer loop
      vertex -3.48083 0.365849 9.1
      vertex -6.61357 0.695114 9.1
      vertex -3.5 0 9.1
    endloop
  endfacet
  facet normal 0 0 1
    outer loop
      vertex -3.42352 -0.727691 9.1
      vertex -6.50468 -1.38261 9.1
      vertex -6.32453 -2.05496 9.1
    endloop
  endfacet
  facet normal 0 0 1
    outer loop
      vertex -6.65 0 9.1
      vertex -3.5 0 9.1
      vertex -6.61357 0.695114 9.1
    endloop
  endfacet
  facet normal 0 0 1
    outer loop
      vertex -3.48083 -0.365849 9.1
      vertex -6.61357 -0.695114 9.1
      vertex -6.50468 -1.38261 9.1
    endloop
  endfacet
  facet normal 0 0 1
    outer loop
      vertex -3.5 0 9.1
      vertex -6.65 0 9.1
      vertex -6.61357 -0.695114 9.1
    endloop
  endfacet
  facet normal 0.707107 0.707107 0
    outer loop
      vertex 4.94191 4.44972 9.1
      vertex 4.44972 4.94191 3
      vertex 4.44972 4.94191 9.1
    endloop
  endfacet
  facet normal 0.707107 0.707107 0
    outer loop
      vertex 4.44972 4.94191 3
      vertex 4.94191 4.44972 9.1
      vertex 4.94191 4.44972 3
    endloop
  endfacet
  facet normal 0.891005 0.453993 0
    outer loop
      vertex 6.07508 2.7048 9.1
      vertex 5.75907 3.325 3
      vertex 5.75907 3.325 9.1
    endloop
  endfacet
  facet normal 0.891005 0.453993 0
    outer loop
      vertex 5.75907 3.325 3
      vertex 6.07508 2.7048 9.1
      vertex 6.07508 2.7048 3
    endloop
  endfacet
  facet normal -0.838667 0.544644 0
    outer loop
      vertex -5.75907 3.325 3
      vertex -5.37996 3.90877 9.1
      vertex -5.37996 3.90877 3
    endloop
  endfacet
  facet normal -0.838667 0.544644 0
    outer loop
      vertex -5.37996 3.90877 9.1
      vertex -5.75907 3.325 3
      vertex -5.75907 3.325 9.1
    endloop
  endfacet
  facet normal -0.987688 0.156436 0
    outer loop
      vertex -6.61357 0.695114 3
      vertex -6.50468 1.38261 9.1
      vertex -6.50468 1.38261 3
    endloop
  endfacet
  facet normal -0.987688 0.156436 0
    outer loop
      vertex -6.50468 1.38261 9.1
      vertex -6.61357 0.695114 3
      vertex -6.61357 0.695114 9.1
    endloop
  endfacet
  facet normal -0.777148 0.629318 0
    outer loop
      vertex -5.37996 3.90877 3
      vertex -4.94191 4.44972 9.1
      vertex -4.94191 4.44972 3
    endloop
  endfacet
  facet normal -0.777148 0.629318 0
    outer loop
      vertex -4.94191 4.44972 9.1
      vertex -5.37996 3.90877 3
      vertex -5.37996 3.90877 9.1
    endloop
  endfacet
  facet normal -0.629318 0.777148 0
    outer loop
      vertex -3.90877 5.37996 3
      vertex -4.44972 4.94191 9.1
      vertex -3.90877 5.37996 9.1
    endloop
  endfacet
  facet normal -0.629318 0.777148 0
    outer loop
      vertex -4.44972 4.94191 9.1
      vertex -3.90877 5.37996 3
      vertex -4.44972 4.94191 3
    endloop
  endfacet
  facet normal -0.544644 0.838667 0
    outer loop
      vertex -3.325 5.75907 3
      vertex -3.90877 5.37996 9.1
      vertex -3.325 5.75907 9.1
    endloop
  endfacet
  facet normal -0.544644 0.838667 0
    outer loop
      vertex -3.90877 5.37996 9.1
      vertex -3.325 5.75907 3
      vertex -3.90877 5.37996 3
    endloop
  endfacet
  facet normal -0.891005 -0.453993 0
    outer loop
      vertex -5.75907 -3.325 3
      vertex -6.07508 -2.7048 9.1
      vertex -6.07508 -2.7048 3
    endloop
  endfacet
  facet normal -0.891005 -0.453993 0
    outer loop
      vertex -6.07508 -2.7048 9.1
      vertex -5.75907 -3.325 3
      vertex -5.75907 -3.325 9.1
    endloop
  endfacet
  facet normal 0.629318 -0.777148 0
    outer loop
      vertex 3.90877 -5.37996 3
      vertex 4.44972 -4.94191 9.1
      vertex 3.90877 -5.37996 9.1
    endloop
  endfacet
  facet normal 0.629318 -0.777148 0
    outer loop
      vertex 4.44972 -4.94191 9.1
      vertex 3.90877 -5.37996 3
      vertex 4.44972 -4.94191 3
    endloop
  endfacet
  facet normal -0.358368 -0.933581 0
    outer loop
      vertex -2.7048 -6.07508 3
      vertex -2.05496 -6.32453 9.1
      vertex -2.7048 -6.07508 9.1
    endloop
  endfacet
  facet normal -0.358368 -0.933581 -0
    outer loop
      vertex -2.05496 -6.32453 9.1
      vertex -2.7048 -6.07508 3
      vertex -2.05496 -6.32453 3
    endloop
  endfacet
  facet normal -0.838667 -0.544644 0
    outer loop
      vertex -5.37996 -3.90877 3
      vertex -5.75907 -3.325 9.1
      vertex -5.75907 -3.325 3
    endloop
  endfacet
  facet normal -0.838667 -0.544644 0
    outer loop
      vertex -5.75907 -3.325 9.1
      vertex -5.37996 -3.90877 3
      vertex -5.37996 -3.90877 9.1
    endloop
  endfacet
  facet normal -0.987688 -0.156436 0
    outer loop
      vertex -6.50468 -1.38261 3
      vertex -6.61357 -0.695114 9.1
      vertex -6.61357 -0.695114 3
    endloop
  endfacet
  facet normal -0.987688 -0.156436 0
    outer loop
      vertex -6.61357 -0.695114 9.1
      vertex -6.50468 -1.38261 3
      vertex -6.50468 -1.38261 9.1
    endloop
  endfacet
  facet normal -0.933581 -0.358368 0
    outer loop
      vertex -6.07508 -2.7048 3
      vertex -6.32453 -2.05496 9.1
      vertex -6.32453 -2.05496 3
    endloop
  endfacet
  facet normal -0.933581 -0.358368 0
    outer loop
      vertex -6.32453 -2.05496 9.1
      vertex -6.07508 -2.7048 3
      vertex -6.07508 -2.7048 9.1
    endloop
  endfacet
  facet normal -0.777148 -0.629318 0
    outer loop
      vertex -4.94191 -4.44972 3
      vertex -5.37996 -3.90877 9.1
      vertex -5.37996 -3.90877 3
    endloop
  endfacet
  facet normal -0.777148 -0.629318 0
    outer loop
      vertex -5.37996 -3.90877 9.1
      vertex -4.94191 -4.44972 3
      vertex -4.94191 -4.44972 9.1
    endloop
  endfacet
  facet normal 0.544644 -0.838667 0
    outer loop
      vertex 3.325 -5.75907 3
      vertex 3.90877 -5.37996 9.1
      vertex 3.325 -5.75907 9.1
    endloop
  endfacet
  facet normal 0.544644 -0.838667 0
    outer loop
      vertex 3.90877 -5.37996 9.1
      vertex 3.325 -5.75907 3
      vertex 3.90877 -5.37996 3
    endloop
  endfacet
  facet normal 0.933581 -0.358368 0
    outer loop
      vertex 6.07508 -2.7048 9.1
      vertex 6.32453 -2.05496 3
      vertex 6.32453 -2.05496 9.1
    endloop
  endfacet
  facet normal 0.933581 -0.358368 0
    outer loop
      vertex 6.32453 -2.05496 3
      vertex 6.07508 -2.7048 9.1
      vertex 6.07508 -2.7048 3
    endloop
  endfacet
  facet normal -0.0523368 -0.998629 0
    outer loop
      vertex -0.695114 -6.61357 3
      vertex 0 -6.65 9.1
      vertex -0.695114 -6.61357 9.1
    endloop
  endfacet
  facet normal -0.0523368 -0.998629 -0
    outer loop
      vertex 0 -6.65 9.1
      vertex -0.695114 -6.61357 3
      vertex 0 -6.65 3
    endloop
  endfacet
  facet normal -0.998629 0.0523368 0
    outer loop
      vertex -6.65 0 3
      vertex -6.61357 0.695114 9.1
      vertex -6.61357 0.695114 3
    endloop
  endfacet
  facet normal -0.998629 0.0523368 0
    outer loop
      vertex -6.61357 0.695114 9.1
      vertex -6.65 0 3
      vertex -6.65 0 9.1
    endloop
  endfacet
  facet normal 0.707107 -0.707107 0
    outer loop
      vertex 4.44972 -4.94191 9.1
      vertex 4.94191 -4.44972 3
      vertex 4.94191 -4.44972 9.1
    endloop
  endfacet
  facet normal 0.707107 -0.707107 0
    outer loop
      vertex 4.94191 -4.44972 3
      vertex 4.44972 -4.94191 9.1
      vertex 4.44972 -4.94191 3
    endloop
  endfacet
  facet normal -0.156456 0.987685 0
    outer loop
      vertex -9.64655 -1.66285 0
      vertex -9.8223 -1.69069 3
      vertex -9.64655 -1.66285 3
    endloop
  endfacet
  facet normal -0.156456 0.987685 0
    outer loop
      vertex -9.8223 -1.69069 3
      vertex -9.64655 -1.66285 0
      vertex -9.8223 -1.69069 0
    endloop
  endfacet
  facet normal -0.987685 -0.156454 0
    outer loop
      vertex -8.30931 0.177698 0
      vertex -8.33715 0.35345 3
      vertex -8.33715 0.35345 0
    endloop
  endfacet
  facet normal -0.987685 -0.156454 0
    outer loop
      vertex -8.33715 0.35345 3
      vertex -8.30931 0.177698 0
      vertex -8.30931 0.177698 3
    endloop
  endfacet
  facet normal -0.99863 -0.0523205 0
    outer loop
      vertex -8.3 0 0
      vertex -8.30931 0.177698 3
      vertex -8.30931 0.177698 0
    endloop
  endfacet
  facet normal -0.99863 -0.0523205 0
    outer loop
      vertex -8.30931 0.177698 3
      vertex -8.3 0 0
      vertex -8.3 0 3
    endloop
  endfacet
  facet normal 0.998633 -0.0522645 0
    outer loop
      vertex -11.7 0 3
      vertex -11.6907 0.177698 0
      vertex -11.6907 0.177698 3
    endloop
  endfacet
  facet normal 0.998633 -0.0522645 0
    outer loop
      vertex -11.6907 0.177698 0
      vertex -11.7 0 3
      vertex -11.7 0 0
    endloop
  endfacet
  facet normal -0.987685 0.156454 0
    outer loop
      vertex -8.33715 -0.35345 0
      vertex -8.30931 -0.177698 3
      vertex -8.30931 -0.177698 0
    endloop
  endfacet
  facet normal -0.987685 0.156454 0
    outer loop
      vertex -8.30931 -0.177698 3
      vertex -8.33715 -0.35345 0
      vertex -8.33715 -0.35345 3
    endloop
  endfacet
  facet normal -0.35838 -0.933576 0
    outer loop
      vertex -9.47467 1.6168 0
      vertex -9.30855 1.55303 3
      vertex -9.47467 1.6168 3
    endloop
  endfacet
  facet normal -0.35838 -0.933576 -0
    outer loop
      vertex -9.30855 1.55303 3
      vertex -9.47467 1.6168 0
      vertex -9.30855 1.55303 0
    endloop
  endfacet
  facet normal -0.454012 0.890996 0
    outer loop
      vertex -9.15 -1.47224 0
      vertex -9.30855 -1.55303 3
      vertex -9.15 -1.47224 3
    endloop
  endfacet
  facet normal -0.454012 0.890996 0
    outer loop
      vertex -9.30855 -1.55303 3
      vertex -9.15 -1.47224 0
      vertex -9.30855 -1.55303 0
    endloop
  endfacet
  facet normal -0.454012 -0.890996 0
    outer loop
      vertex -9.30855 1.55303 0
      vertex -9.15 1.47224 3
      vertex -9.30855 1.55303 3
    endloop
  endfacet
  facet normal -0.454012 -0.890996 -0
    outer loop
      vertex -9.15 1.47224 3
      vertex -9.30855 1.55303 0
      vertex -9.15 1.47224 0
    endloop
  endfacet
  facet normal -0.258792 -0.965933 0
    outer loop
      vertex -9.64655 1.66285 0
      vertex -9.47467 1.6168 3
      vertex -9.64655 1.66285 3
    endloop
  endfacet
  facet normal -0.258792 -0.965933 -0
    outer loop
      vertex -9.47467 1.6168 3
      vertex -9.64655 1.66285 0
      vertex -9.47467 1.6168 0
    endloop
  endfacet
  facet normal 0.35823 -0.933633 0
    outer loop
      vertex -10.6915 1.55303 0
      vertex -10.5253 1.6168 3
      vertex -10.6915 1.55303 3
    endloop
  endfacet
  facet normal 0.35823 -0.933633 0
    outer loop
      vertex -10.5253 1.6168 3
      vertex -10.6915 1.55303 0
      vertex -10.5253 1.6168 0
    endloop
  endfacet
  facet normal -0.777151 0.629314 0
    outer loop
      vertex -8.73665 -1.13752 0
      vertex -8.62467 -0.999234 3
      vertex -8.62467 -0.999234 0
    endloop
  endfacet
  facet normal -0.777151 0.629314 0
    outer loop
      vertex -8.62467 -0.999234 3
      vertex -8.73665 -1.13752 0
      vertex -8.73665 -1.13752 3
    endloop
  endfacet
  facet normal -0.35838 0.933576 0
    outer loop
      vertex -9.30855 -1.55303 0
      vertex -9.47467 -1.6168 3
      vertex -9.30855 -1.55303 3
    endloop
  endfacet
  facet normal -0.35838 0.933576 0
    outer loop
      vertex -9.47467 -1.6168 3
      vertex -9.30855 -1.55303 0
      vertex -9.47467 -1.6168 0
    endloop
  endfacet
  facet normal 0.89097 -0.454063 0
    outer loop
      vertex -11.553 0.691452 3
      vertex -11.4722 0.849999 0
      vertex -11.4722 0.849999 3
    endloop
  endfacet
  facet normal 0.89097 -0.454063 0
    outer loop
      vertex -11.4722 0.849999 0
      vertex -11.553 0.691452 3
      vertex -11.553 0.691452 0
    endloop
  endfacet
  facet normal 0.629276 0.777182 -0
    outer loop
      vertex -10.9992 -1.37533 0
      vertex -11.1375 -1.26335 3
      vertex -10.9992 -1.37533 3
    endloop
  endfacet
  facet normal 0.629276 0.777182 0
    outer loop
      vertex -11.1375 -1.26335 3
      vertex -10.9992 -1.37533 0
      vertex -11.1375 -1.26335 0
    endloop
  endfacet
  facet normal -0.258792 0.965933 0
    outer loop
      vertex -9.47467 -1.6168 0
      vertex -9.64655 -1.66285 3
      vertex -9.47467 -1.6168 3
    endloop
  endfacet
  facet normal -0.258792 0.965933 0
    outer loop
      vertex -9.64655 -1.66285 3
      vertex -9.47467 -1.6168 0
      vertex -9.64655 -1.66285 0
    endloop
  endfacet
  facet normal -0.99863 0.0523205 0
    outer loop
      vertex -8.30931 -0.177698 0
      vertex -8.3 0 3
      vertex -8.3 0 0
    endloop
  endfacet
  facet normal -0.99863 0.0523205 0
    outer loop
      vertex -8.3 0 3
      vertex -8.30931 -0.177698 0
      vertex -8.30931 -0.177698 3
    endloop
  endfacet
  facet normal 0.258764 0.965941 -0
    outer loop
      vertex -10.3534 -1.66285 0
      vertex -10.5253 -1.6168 3
      vertex -10.3534 -1.66285 3
    endloop
  endfacet
  facet normal 0.258764 0.965941 0
    outer loop
      vertex -10.5253 -1.6168 3
      vertex -10.3534 -1.66285 0
      vertex -10.5253 -1.6168 0
    endloop
  endfacet
  facet normal -0.544609 -0.83869 0
    outer loop
      vertex -9.15 1.47224 0
      vertex -9.00076 1.37533 3
      vertex -9.15 1.47224 3
    endloop
  endfacet
  facet normal -0.544609 -0.83869 -0
    outer loop
      vertex -9.00076 1.37533 3
      vertex -9.15 1.47224 0
      vertex -9.00076 1.37533 0
    endloop
  endfacet
  facet normal 0.0523199 0.99863 -0
    outer loop
      vertex -10 -1.7 0
      vertex -10.1777 -1.69069 3
      vertex -10 -1.7 3
    endloop
  endfacet
  facet normal 0.0523199 0.99863 0
    outer loop
      vertex -10.1777 -1.69069 3
      vertex -10 -1.7 0
      vertex -10.1777 -1.69069 0
    endloop
  endfacet
  facet normal -0.838682 -0.544622 0
    outer loop
      vertex -8.52776 0.849999 0
      vertex -8.62467 0.999234 3
      vertex -8.62467 0.999234 0
    endloop
  endfacet
  facet normal -0.838682 -0.544622 0
    outer loop
      vertex -8.62467 0.999234 3
      vertex -8.52776 0.849999 0
      vertex -8.52776 0.849999 3
    endloop
  endfacet
  facet normal -0.0523199 0.99863 0
    outer loop
      vertex -9.8223 -1.69069 0
      vertex -10 -1.7 3
      vertex -9.8223 -1.69069 3
    endloop
  endfacet
  facet normal -0.0523199 0.99863 0
    outer loop
      vertex -10 -1.7 3
      vertex -9.8223 -1.69069 0
      vertex -10 -1.7 0
    endloop
  endfacet
  facet normal 0.454125 -0.890938 0
    outer loop
      vertex -10.85 1.47224 0
      vertex -10.6915 1.55303 3
      vertex -10.85 1.47224 3
    endloop
  endfacet
  facet normal 0.454125 -0.890938 0
    outer loop
      vertex -10.6915 1.55303 3
      vertex -10.85 1.47224 0
      vertex -10.6915 1.55303 0
    endloop
  endfacet
  facet normal -0.890992 -0.454018 0
    outer loop
      vertex -8.44697 0.691452 0
      vertex -8.52776 0.849999 3
      vertex -8.52776 0.849999 0
    endloop
  endfacet
  facet normal -0.890992 -0.454018 0
    outer loop
      vertex -8.52776 0.849999 3
      vertex -8.44697 0.691452 0
      vertex -8.44697 0.691452 3
    endloop
  endfacet
  facet normal 0.98772 -0.156235 0
    outer loop
      vertex -11.6907 0.177698 3
      vertex -11.6629 0.35345 0
      vertex -11.6629 0.35345 3
    endloop
  endfacet
  facet normal 0.98772 -0.156235 0
    outer loop
      vertex -11.6629 0.35345 0
      vertex -11.6907 0.177698 3
      vertex -11.6907 0.177698 0
    endloop
  endfacet
  facet normal 0.933521 0.358522 0
    outer loop
      vertex -11.553 -0.691452 3
      vertex -11.6168 -0.525329 0
      vertex -11.6168 -0.525329 3
    endloop
  endfacet
  facet normal 0.933521 0.358522 0
    outer loop
      vertex -11.6168 -0.525329 0
      vertex -11.553 -0.691452 3
      vertex -11.553 -0.691452 0
    endloop
  endfacet
  facet normal 0.98772 0.156235 0
    outer loop
      vertex -11.6629 -0.35345 3
      vertex -11.6907 -0.177698 0
      vertex -11.6907 -0.177698 3
    endloop
  endfacet
  facet normal 0.98772 0.156235 0
    outer loop
      vertex -11.6907 -0.177698 0
      vertex -11.6629 -0.35345 3
      vertex -11.6629 -0.35345 0
    endloop
  endfacet
  facet normal -0.707107 0.707107 0
    outer loop
      vertex -8.86248 -1.26335 0
      vertex -8.73665 -1.13752 3
      vertex -8.73665 -1.13752 0
    endloop
  endfacet
  facet normal -0.707107 0.707107 0
    outer loop
      vertex -8.73665 -1.13752 3
      vertex -8.86248 -1.26335 0
      vertex -8.86248 -1.26335 3
    endloop
  endfacet
  facet normal -0.933578 -0.358375 0
    outer loop
      vertex -8.3832 0.525329 0
      vertex -8.44697 0.691452 3
      vertex -8.44697 0.691452 0
    endloop
  endfacet
  facet normal -0.933578 -0.358375 0
    outer loop
      vertex -8.44697 0.691452 3
      vertex -8.3832 0.525329 0
      vertex -8.3832 0.525329 3
    endloop
  endfacet
  facet normal 0.777096 0.629382 0
    outer loop
      vertex -11.2633 -1.13752 3
      vertex -11.3753 -0.999234 0
      vertex -11.3753 -0.999234 3
    endloop
  endfacet
  facet normal 0.777096 0.629382 0
    outer loop
      vertex -11.3753 -0.999234 0
      vertex -11.2633 -1.13752 3
      vertex -11.2633 -1.13752 0
    endloop
  endfacet
  facet normal -0.777151 -0.629314 0
    outer loop
      vertex -8.62467 0.999234 0
      vertex -8.73665 1.13752 3
      vertex -8.73665 1.13752 0
    endloop
  endfacet
  facet normal -0.777151 -0.629314 0
    outer loop
      vertex -8.73665 1.13752 3
      vertex -8.62467 0.999234 0
      vertex -8.62467 0.999234 3
    endloop
  endfacet
  facet normal 0.35823 0.933633 -0
    outer loop
      vertex -10.5253 -1.6168 0
      vertex -10.6915 -1.55303 3
      vertex -10.5253 -1.6168 3
    endloop
  endfacet
  facet normal 0.35823 0.933633 0
    outer loop
      vertex -10.6915 -1.55303 3
      vertex -10.5253 -1.6168 0
      vertex -10.6915 -1.55303 0
    endloop
  endfacet
  facet normal 0.777096 -0.629382 0
    outer loop
      vertex -11.3753 0.999234 3
      vertex -11.2633 1.13752 0
      vertex -11.2633 1.13752 3
    endloop
  endfacet
  facet normal 0.777096 -0.629382 0
    outer loop
      vertex -11.2633 1.13752 0
      vertex -11.3753 0.999234 3
      vertex -11.3753 0.999234 0
    endloop
  endfacet
  facet normal 0.629276 -0.777182 0
    outer loop
      vertex -11.1375 1.26335 0
      vertex -10.9992 1.37533 3
      vertex -11.1375 1.26335 3
    endloop
  endfacet
  facet normal 0.629276 -0.777182 0
    outer loop
      vertex -10.9992 1.37533 3
      vertex -11.1375 1.26335 0
      vertex -10.9992 1.37533 0
    endloop
  endfacet
  facet normal 0.544712 0.838623 -0
    outer loop
      vertex -10.85 -1.47224 0
      vertex -10.9992 -1.37533 3
      vertex -10.85 -1.47224 3
    endloop
  endfacet
  facet normal 0.544712 0.838623 0
    outer loop
      vertex -10.9992 -1.37533 3
      vertex -10.85 -1.47224 0
      vertex -10.9992 -1.37533 0
    endloop
  endfacet
  facet normal -0.707107 -0.707107 0
    outer loop
      vertex -8.73665 1.13752 0
      vertex -8.86248 1.26335 3
      vertex -8.86248 1.26335 0
    endloop
  endfacet
  facet normal -0.707107 -0.707107 0
    outer loop
      vertex -8.86248 1.26335 3
      vertex -8.73665 1.13752 0
      vertex -8.73665 1.13752 3
    endloop
  endfacet
  facet normal -0.965933 0.258794 0
    outer loop
      vertex -8.3832 -0.525329 0
      vertex -8.33715 -0.35345 3
      vertex -8.33715 -0.35345 0
    endloop
  endfacet
  facet normal -0.965933 0.258794 0
    outer loop
      vertex -8.33715 -0.35345 3
      vertex -8.3832 -0.525329 0
      vertex -8.3832 -0.525329 3
    endloop
  endfacet
  facet normal 0.156499 0.987678 -0
    outer loop
      vertex -10.1777 -1.69069 0
      vertex -10.3534 -1.66285 3
      vertex -10.1777 -1.69069 3
    endloop
  endfacet
  facet normal 0.156499 0.987678 0
    outer loop
      vertex -10.3534 -1.66285 3
      vertex -10.1777 -1.69069 0
      vertex -10.3534 -1.66285 0
    endloop
  endfacet
  facet normal 0.838707 -0.544582 0
    outer loop
      vertex -11.4722 0.849999 3
      vertex -11.3753 0.999234 0
      vertex -11.3753 0.999234 3
    endloop
  endfacet
  facet normal 0.838707 -0.544582 0
    outer loop
      vertex -11.3753 0.999234 0
      vertex -11.4722 0.849999 3
      vertex -11.4722 0.849999 0
    endloop
  endfacet
  facet normal 0.156499 -0.987678 0
    outer loop
      vertex -10.3534 1.66285 0
      vertex -10.1777 1.69069 3
      vertex -10.3534 1.66285 3
    endloop
  endfacet
  facet normal 0.156499 -0.987678 0
    outer loop
      vertex -10.1777 1.69069 3
      vertex -10.3534 1.66285 0
      vertex -10.1777 1.69069 0
    endloop
  endfacet
  facet normal 0.258764 -0.965941 0
    outer loop
      vertex -10.5253 1.6168 0
      vertex -10.3534 1.66285 3
      vertex -10.5253 1.6168 3
    endloop
  endfacet
  facet normal 0.258764 -0.965941 0
    outer loop
      vertex -10.3534 1.66285 3
      vertex -10.5253 1.6168 0
      vertex -10.3534 1.66285 0
    endloop
  endfacet
  facet normal -0.629331 -0.777138 0
    outer loop
      vertex -9.00076 1.37533 0
      vertex -8.86248 1.26335 3
      vertex -9.00076 1.37533 3
    endloop
  endfacet
  facet normal -0.629331 -0.777138 -0
    outer loop
      vertex -8.86248 1.26335 3
      vertex -9.00076 1.37533 0
      vertex -8.86248 1.26335 0
    endloop
  endfacet
  facet normal 0.965862 0.259056 0
    outer loop
      vertex -11.6168 -0.525329 3
      vertex -11.6629 -0.35345 0
      vertex -11.6629 -0.35345 3
    endloop
  endfacet
  facet normal 0.965862 0.259056 0
    outer loop
      vertex -11.6629 -0.35345 0
      vertex -11.6168 -0.525329 3
      vertex -11.6168 -0.525329 0
    endloop
  endfacet
  facet normal -0.965933 -0.258794 0
    outer loop
      vertex -8.33715 0.35345 0
      vertex -8.3832 0.525329 3
      vertex -8.3832 0.525329 0
    endloop
  endfacet
  facet normal -0.965933 -0.258794 0
    outer loop
      vertex -8.3832 0.525329 3
      vertex -8.33715 0.35345 0
      vertex -8.33715 0.35345 3
    endloop
  endfacet
  facet normal -0.933578 0.358375 0
    outer loop
      vertex -8.44697 -0.691452 0
      vertex -8.3832 -0.525329 3
      vertex -8.3832 -0.525329 0
    endloop
  endfacet
  facet normal -0.933578 0.358375 0
    outer loop
      vertex -8.3832 -0.525329 3
      vertex -8.44697 -0.691452 0
      vertex -8.44697 -0.691452 3
    endloop
  endfacet
  facet normal 0.998633 0.0522645 0
    outer loop
      vertex -11.6907 -0.177698 3
      vertex -11.7 0 0
      vertex -11.7 0 3
    endloop
  endfacet
  facet normal 0.998633 0.0522645 0
    outer loop
      vertex -11.7 0 0
      vertex -11.6907 -0.177698 3
      vertex -11.6907 -0.177698 0
    endloop
  endfacet
  facet normal 0.707191 -0.707022 0
    outer loop
      vertex -11.2633 1.13752 3
      vertex -11.1375 1.26335 0
      vertex -11.1375 1.26335 3
    endloop
  endfacet
  facet normal 0.707191 -0.707022 0
    outer loop
      vertex -11.1375 1.26335 0
      vertex -11.2633 1.13752 3
      vertex -11.2633 1.13752 0
    endloop
  endfacet
  facet normal -0.544609 0.83869 0
    outer loop
      vertex -9.00076 -1.37533 0
      vertex -9.15 -1.47224 3
      vertex -9.00076 -1.37533 3
    endloop
  endfacet
  facet normal -0.544609 0.83869 0
    outer loop
      vertex -9.15 -1.47224 3
      vertex -9.00076 -1.37533 0
      vertex -9.15 -1.47224 0
    endloop
  endfacet
  facet normal 0.89097 0.454063 0
    outer loop
      vertex -11.4722 -0.849999 3
      vertex -11.553 -0.691452 0
      vertex -11.553 -0.691452 3
    endloop
  endfacet
  facet normal 0.89097 0.454063 0
    outer loop
      vertex -11.553 -0.691452 0
      vertex -11.4722 -0.849999 3
      vertex -11.4722 -0.849999 0
    endloop
  endfacet
  facet normal -0.0523199 -0.99863 0
    outer loop
      vertex -10 1.7 0
      vertex -9.8223 1.69069 3
      vertex -10 1.7 3
    endloop
  endfacet
  facet normal -0.0523199 -0.99863 -0
    outer loop
      vertex -9.8223 1.69069 3
      vertex -10 1.7 0
      vertex -9.8223 1.69069 0
    endloop
  endfacet
  facet normal -0.890992 0.454018 0
    outer loop
      vertex -8.52776 -0.849999 0
      vertex -8.44697 -0.691452 3
      vertex -8.44697 -0.691452 0
    endloop
  endfacet
  facet normal -0.890992 0.454018 0
    outer loop
      vertex -8.44697 -0.691452 3
      vertex -8.52776 -0.849999 0
      vertex -8.52776 -0.849999 3
    endloop
  endfacet
  facet normal 0.0523199 -0.99863 0
    outer loop
      vertex -10.1777 1.69069 0
      vertex -10 1.7 3
      vertex -10.1777 1.69069 3
    endloop
  endfacet
  facet normal 0.0523199 -0.99863 0
    outer loop
      vertex -10 1.7 3
      vertex -10.1777 1.69069 0
      vertex -10 1.7 0
    endloop
  endfacet
  facet normal -0.629331 0.777138 0
    outer loop
      vertex -8.86248 -1.26335 0
      vertex -9.00076 -1.37533 3
      vertex -8.86248 -1.26335 3
    endloop
  endfacet
  facet normal -0.629331 0.777138 0
    outer loop
      vertex -9.00076 -1.37533 3
      vertex -8.86248 -1.26335 0
      vertex -9.00076 -1.37533 0
    endloop
  endfacet
  facet normal -0.838682 0.544622 0
    outer loop
      vertex -8.62467 -0.999234 0
      vertex -8.52776 -0.849999 3
      vertex -8.52776 -0.849999 0
    endloop
  endfacet
  facet normal -0.838682 0.544622 0
    outer loop
      vertex -8.52776 -0.849999 3
      vertex -8.62467 -0.999234 0
      vertex -8.62467 -0.999234 3
    endloop
  endfacet
  facet normal 0.544712 -0.838623 0
    outer loop
      vertex -10.9992 1.37533 0
      vertex -10.85 1.47224 3
      vertex -10.9992 1.37533 3
    endloop
  endfacet
  facet normal 0.544712 -0.838623 0
    outer loop
      vertex -10.85 1.47224 3
      vertex -10.9992 1.37533 0
      vertex -10.85 1.47224 0
    endloop
  endfacet
  facet normal 0.838707 0.544582 0
    outer loop
      vertex -11.3753 -0.999234 3
      vertex -11.4722 -0.849999 0
      vertex -11.4722 -0.849999 3
    endloop
  endfacet
  facet normal 0.838707 0.544582 0
    outer loop
      vertex -11.4722 -0.849999 0
      vertex -11.3753 -0.999234 3
      vertex -11.3753 -0.999234 0
    endloop
  endfacet
  facet normal 0.933521 -0.358522 0
    outer loop
      vertex -11.6168 0.525329 3
      vertex -11.553 0.691452 0
      vertex -11.553 0.691452 3
    endloop
  endfacet
  facet normal 0.933521 -0.358522 0
    outer loop
      vertex -11.553 0.691452 0
      vertex -11.6168 0.525329 3
      vertex -11.6168 0.525329 0
    endloop
  endfacet
  facet normal 0.965862 -0.259056 0
    outer loop
      vertex -11.6629 0.35345 3
      vertex -11.6168 0.525329 0
      vertex -11.6168 0.525329 3
    endloop
  endfacet
  facet normal 0.965862 -0.259056 0
    outer loop
      vertex -11.6168 0.525329 0
      vertex -11.6629 0.35345 3
      vertex -11.6629 0.35345 0
    endloop
  endfacet
  facet normal 0.454125 0.890938 -0
    outer loop
      vertex -10.6915 -1.55303 0
      vertex -10.85 -1.47224 3
      vertex -10.6915 -1.55303 3
    endloop
  endfacet
  facet normal 0.454125 0.890938 0
    outer loop
      vertex -10.85 -1.47224 3
      vertex -10.6915 -1.55303 0
      vertex -10.85 -1.47224 0
    endloop
  endfacet
  facet normal 0.707191 0.707022 0
    outer loop
      vertex -11.1375 -1.26335 3
      vertex -11.2633 -1.13752 0
      vertex -11.2633 -1.13752 3
    endloop
  endfacet
  facet normal 0.707191 0.707022 0
    outer loop
      vertex -11.2633 -1.13752 0
      vertex -11.1375 -1.26335 3
      vertex -11.1375 -1.26335 0
    endloop
  endfacet
  facet normal -0.156456 -0.987685 0
    outer loop
      vertex -9.8223 1.69069 0
      vertex -9.64655 1.66285 3
      vertex -9.8223 1.69069 3
    endloop
  endfacet
  facet normal -0.156456 -0.987685 -0
    outer loop
      vertex -9.64655 1.66285 3
      vertex -9.8223 1.69069 0
      vertex -9.64655 1.66285 0
    endloop
  endfacet
  facet normal -0.98772 -0.156235 0
    outer loop
      vertex 11.6907 0.177698 0
      vertex 11.6629 0.35345 3
      vertex 11.6629 0.35345 0
    endloop
  endfacet
  facet normal -0.98772 -0.156235 0
    outer loop
      vertex 11.6629 0.35345 3
      vertex 11.6907 0.177698 0
      vertex 11.6907 0.177698 3
    endloop
  endfacet
  facet normal -0.998633 -0.0522645 0
    outer loop
      vertex 11.7 0 0
      vertex 11.6907 0.177698 3
      vertex 11.6907 0.177698 0
    endloop
  endfacet
  facet normal -0.998633 -0.0522645 0
    outer loop
      vertex 11.6907 0.177698 3
      vertex 11.7 0 0
      vertex 11.7 0 3
    endloop
  endfacet
  facet normal -0.629276 -0.777182 0
    outer loop
      vertex 10.9992 1.37533 0
      vertex 11.1375 1.26335 3
      vertex 10.9992 1.37533 3
    endloop
  endfacet
  facet normal -0.629276 -0.777182 -0
    outer loop
      vertex 11.1375 1.26335 3
      vertex 10.9992 1.37533 0
      vertex 11.1375 1.26335 0
    endloop
  endfacet
  facet normal -0.258764 0.965941 0
    outer loop
      vertex 10.5253 -1.6168 0
      vertex 10.3534 -1.66285 3
      vertex 10.5253 -1.6168 3
    endloop
  endfacet
  facet normal -0.258764 0.965941 0
    outer loop
      vertex 10.3534 -1.66285 3
      vertex 10.5253 -1.6168 0
      vertex 10.3534 -1.66285 0
    endloop
  endfacet
  facet normal 0.35838 0.933576 -0
    outer loop
      vertex 9.47467 -1.6168 0
      vertex 9.30855 -1.55303 3
      vertex 9.47467 -1.6168 3
    endloop
  endfacet
  facet normal 0.35838 0.933576 0
    outer loop
      vertex 9.30855 -1.55303 3
      vertex 9.47467 -1.6168 0
      vertex 9.30855 -1.55303 0
    endloop
  endfacet
  facet normal -0.98772 0.156235 0
    outer loop
      vertex 11.6629 -0.35345 0
      vertex 11.6907 -0.177698 3
      vertex 11.6907 -0.177698 0
    endloop
  endfacet
  facet normal -0.98772 0.156235 0
    outer loop
      vertex 11.6907 -0.177698 3
      vertex 11.6629 -0.35345 0
      vertex 11.6629 -0.35345 3
    endloop
  endfacet
  facet normal -0.777096 0.629382 0
    outer loop
      vertex 11.2633 -1.13752 0
      vertex 11.3753 -0.999234 3
      vertex 11.3753 -0.999234 0
    endloop
  endfacet
  facet normal -0.777096 0.629382 0
    outer loop
      vertex 11.3753 -0.999234 3
      vertex 11.2633 -1.13752 0
      vertex 11.2633 -1.13752 3
    endloop
  endfacet
  facet normal -0.35823 -0.933633 0
    outer loop
      vertex 10.5253 1.6168 0
      vertex 10.6915 1.55303 3
      vertex 10.5253 1.6168 3
    endloop
  endfacet
  facet normal -0.35823 -0.933633 -0
    outer loop
      vertex 10.6915 1.55303 3
      vertex 10.5253 1.6168 0
      vertex 10.6915 1.55303 0
    endloop
  endfacet
  facet normal -0.998633 0.0522645 0
    outer loop
      vertex 11.6907 -0.177698 0
      vertex 11.7 0 3
      vertex 11.7 0 0
    endloop
  endfacet
  facet normal -0.998633 0.0522645 0
    outer loop
      vertex 11.7 0 3
      vertex 11.6907 -0.177698 0
      vertex 11.6907 -0.177698 3
    endloop
  endfacet
  facet normal -0.707191 0.707022 0
    outer loop
      vertex 11.1375 -1.26335 0
      vertex 11.2633 -1.13752 3
      vertex 11.2633 -1.13752 0
    endloop
  endfacet
  facet normal -0.707191 0.707022 0
    outer loop
      vertex 11.2633 -1.13752 3
      vertex 11.1375 -1.26335 0
      vertex 11.1375 -1.26335 3
    endloop
  endfacet
  facet normal 0.544609 -0.83869 0
    outer loop
      vertex 9.00076 1.37533 0
      vertex 9.15 1.47224 3
      vertex 9.00076 1.37533 3
    endloop
  endfacet
  facet normal 0.544609 -0.83869 0
    outer loop
      vertex 9.15 1.47224 3
      vertex 9.00076 1.37533 0
      vertex 9.15 1.47224 0
    endloop
  endfacet
  facet normal -0.454125 -0.890938 0
    outer loop
      vertex 10.6915 1.55303 0
      vertex 10.85 1.47224 3
      vertex 10.6915 1.55303 3
    endloop
  endfacet
  facet normal -0.454125 -0.890938 -0
    outer loop
      vertex 10.85 1.47224 3
      vertex 10.6915 1.55303 0
      vertex 10.85 1.47224 0
    endloop
  endfacet
  facet normal 0.156456 0.987685 -0
    outer loop
      vertex 9.8223 -1.69069 0
      vertex 9.64655 -1.66285 3
      vertex 9.8223 -1.69069 3
    endloop
  endfacet
  facet normal 0.156456 0.987685 0
    outer loop
      vertex 9.64655 -1.66285 3
      vertex 9.8223 -1.69069 0
      vertex 9.64655 -1.66285 0
    endloop
  endfacet
  facet normal -0.777096 -0.629382 0
    outer loop
      vertex 11.3753 0.999234 0
      vertex 11.2633 1.13752 3
      vertex 11.2633 1.13752 0
    endloop
  endfacet
  facet normal -0.777096 -0.629382 0
    outer loop
      vertex 11.2633 1.13752 3
      vertex 11.3753 0.999234 0
      vertex 11.3753 0.999234 3
    endloop
  endfacet
  facet normal 0.99863 -0.0523205 0
    outer loop
      vertex 8.3 0 3
      vertex 8.30931 0.177698 0
      vertex 8.30931 0.177698 3
    endloop
  endfacet
  facet normal 0.99863 -0.0523205 0
    outer loop
      vertex 8.30931 0.177698 0
      vertex 8.3 0 3
      vertex 8.3 0 0
    endloop
  endfacet
  facet normal 0.933578 0.358375 0
    outer loop
      vertex 8.44697 -0.691452 3
      vertex 8.3832 -0.525329 0
      vertex 8.3832 -0.525329 3
    endloop
  endfacet
  facet normal 0.933578 0.358375 0
    outer loop
      vertex 8.3832 -0.525329 0
      vertex 8.44697 -0.691452 3
      vertex 8.44697 -0.691452 0
    endloop
  endfacet
  facet normal -0.544712 -0.838623 0
    outer loop
      vertex 10.85 1.47224 0
      vertex 10.9992 1.37533 3
      vertex 10.85 1.47224 3
    endloop
  endfacet
  facet normal -0.544712 -0.838623 -0
    outer loop
      vertex 10.9992 1.37533 3
      vertex 10.85 1.47224 0
      vertex 10.9992 1.37533 0
    endloop
  endfacet
  facet normal 0.629331 -0.777138 0
    outer loop
      vertex 8.86248 1.26335 0
      vertex 9.00076 1.37533 3
      vertex 8.86248 1.26335 3
    endloop
  endfacet
  facet normal 0.629331 -0.777138 0
    outer loop
      vertex 9.00076 1.37533 3
      vertex 8.86248 1.26335 0
      vertex 9.00076 1.37533 0
    endloop
  endfacet
  facet normal -0.629276 0.777182 0
    outer loop
      vertex 11.1375 -1.26335 0
      vertex 10.9992 -1.37533 3
      vertex 11.1375 -1.26335 3
    endloop
  endfacet
  facet normal -0.629276 0.777182 0
    outer loop
      vertex 10.9992 -1.37533 3
      vertex 11.1375 -1.26335 0
      vertex 10.9992 -1.37533 0
    endloop
  endfacet
  facet normal -0.258764 -0.965941 0
    outer loop
      vertex 10.3534 1.66285 0
      vertex 10.5253 1.6168 3
      vertex 10.3534 1.66285 3
    endloop
  endfacet
  facet normal -0.258764 -0.965941 -0
    outer loop
      vertex 10.5253 1.6168 3
      vertex 10.3534 1.66285 0
      vertex 10.5253 1.6168 0
    endloop
  endfacet
  facet normal -0.933521 -0.358522 0
    outer loop
      vertex 11.6168 0.525329 0
      vertex 11.553 0.691452 3
      vertex 11.553 0.691452 0
    endloop
  endfacet
  facet normal -0.933521 -0.358522 0
    outer loop
      vertex 11.553 0.691452 3
      vertex 11.6168 0.525329 0
      vertex 11.6168 0.525329 3
    endloop
  endfacet
  facet normal -0.156499 0.987678 0
    outer loop
      vertex 10.3534 -1.66285 0
      vertex 10.1777 -1.69069 3
      vertex 10.3534 -1.66285 3
    endloop
  endfacet
  facet normal -0.156499 0.987678 0
    outer loop
      vertex 10.1777 -1.69069 3
      vertex 10.3534 -1.66285 0
      vertex 10.1777 -1.69069 0
    endloop
  endfacet
  facet normal -0.0523199 -0.99863 0
    outer loop
      vertex 10 1.7 0
      vertex 10.1777 1.69069 3
      vertex 10 1.7 3
    endloop
  endfacet
  facet normal -0.0523199 -0.99863 -0
    outer loop
      vertex 10.1777 1.69069 3
      vertex 10 1.7 0
      vertex 10.1777 1.69069 0
    endloop
  endfacet
  facet normal 0.890992 0.454018 0
    outer loop
      vertex 8.52776 -0.849999 3
      vertex 8.44697 -0.691452 0
      vertex 8.44697 -0.691452 3
    endloop
  endfacet
  facet normal 0.890992 0.454018 0
    outer loop
      vertex 8.44697 -0.691452 0
      vertex 8.52776 -0.849999 3
      vertex 8.52776 -0.849999 0
    endloop
  endfacet
  facet normal 0.156456 -0.987685 0
    outer loop
      vertex 9.64655 1.66285 0
      vertex 9.8223 1.69069 3
      vertex 9.64655 1.66285 3
    endloop
  endfacet
  facet normal 0.156456 -0.987685 0
    outer loop
      vertex 9.8223 1.69069 3
      vertex 9.64655 1.66285 0
      vertex 9.8223 1.69069 0
    endloop
  endfacet
  facet normal 0.777151 -0.629314 0
    outer loop
      vertex 8.62467 0.999234 3
      vertex 8.73665 1.13752 0
      vertex 8.73665 1.13752 3
    endloop
  endfacet
  facet normal 0.777151 -0.629314 0
    outer loop
      vertex 8.73665 1.13752 0
      vertex 8.62467 0.999234 3
      vertex 8.62467 0.999234 0
    endloop
  endfacet
  facet normal 0.707107 0.707107 0
    outer loop
      vertex 8.86248 -1.26335 3
      vertex 8.73665 -1.13752 0
      vertex 8.73665 -1.13752 3
    endloop
  endfacet
  facet normal 0.707107 0.707107 0
    outer loop
      vertex 8.73665 -1.13752 0
      vertex 8.86248 -1.26335 3
      vertex 8.86248 -1.26335 0
    endloop
  endfacet
  facet normal -0.933521 0.358522 0
    outer loop
      vertex 11.553 -0.691452 0
      vertex 11.6168 -0.525329 3
      vertex 11.6168 -0.525329 0
    endloop
  endfacet
  facet normal -0.933521 0.358522 0
    outer loop
      vertex 11.6168 -0.525329 3
      vertex 11.553 -0.691452 0
      vertex 11.553 -0.691452 3
    endloop
  endfacet
  facet normal -0.35823 0.933633 0
    outer loop
      vertex 10.6915 -1.55303 0
      vertex 10.5253 -1.6168 3
      vertex 10.6915 -1.55303 3
    endloop
  endfacet
  facet normal -0.35823 0.933633 0
    outer loop
      vertex 10.5253 -1.6168 3
      vertex 10.6915 -1.55303 0
      vertex 10.5253 -1.6168 0
    endloop
  endfacet
  facet normal 0.838682 -0.544622 0
    outer loop
      vertex 8.52776 0.849999 3
      vertex 8.62467 0.999234 0
      vertex 8.62467 0.999234 3
    endloop
  endfacet
  facet normal 0.838682 -0.544622 0
    outer loop
      vertex 8.62467 0.999234 0
      vertex 8.52776 0.849999 3
      vertex 8.52776 0.849999 0
    endloop
  endfacet
  facet normal 0.0523199 0.99863 -0
    outer loop
      vertex 10 -1.7 0
      vertex 9.8223 -1.69069 3
      vertex 10 -1.7 3
    endloop
  endfacet
  facet normal 0.0523199 0.99863 0
    outer loop
      vertex 9.8223 -1.69069 3
      vertex 10 -1.7 0
      vertex 9.8223 -1.69069 0
    endloop
  endfacet
  facet normal 0.0523199 -0.99863 0
    outer loop
      vertex 9.8223 1.69069 0
      vertex 10 1.7 3
      vertex 9.8223 1.69069 3
    endloop
  endfacet
  facet normal 0.0523199 -0.99863 0
    outer loop
      vertex 10 1.7 3
      vertex 9.8223 1.69069 0
      vertex 10 1.7 0
    endloop
  endfacet
  facet normal -0.838707 -0.544582 0
    outer loop
      vertex 11.4722 0.849999 0
      vertex 11.3753 0.999234 3
      vertex 11.3753 0.999234 0
    endloop
  endfacet
  facet normal -0.838707 -0.544582 0
    outer loop
      vertex 11.3753 0.999234 3
      vertex 11.4722 0.849999 0
      vertex 11.4722 0.849999 3
    endloop
  endfacet
  facet normal -0.965862 0.259056 0
    outer loop
      vertex 11.6168 -0.525329 0
      vertex 11.6629 -0.35345 3
      vertex 11.6629 -0.35345 0
    endloop
  endfacet
  facet normal -0.965862 0.259056 0
    outer loop
      vertex 11.6629 -0.35345 3
      vertex 11.6168 -0.525329 0
      vertex 11.6168 -0.525329 3
    endloop
  endfacet
  facet normal 0.838682 0.544622 0
    outer loop
      vertex 8.62467 -0.999234 3
      vertex 8.52776 -0.849999 0
      vertex 8.52776 -0.849999 3
    endloop
  endfacet
  facet normal 0.838682 0.544622 0
    outer loop
      vertex 8.52776 -0.849999 0
      vertex 8.62467 -0.999234 3
      vertex 8.62467 -0.999234 0
    endloop
  endfacet
  facet normal -0.89097 -0.454063 0
    outer loop
      vertex 11.553 0.691452 0
      vertex 11.4722 0.849999 3
      vertex 11.4722 0.849999 0
    endloop
  endfacet
  facet normal -0.89097 -0.454063 0
    outer loop
      vertex 11.4722 0.849999 3
      vertex 11.553 0.691452 0
      vertex 11.553 0.691452 3
    endloop
  endfacet
  facet normal 0.258792 -0.965933 0
    outer loop
      vertex 9.47467 1.6168 0
      vertex 9.64655 1.66285 3
      vertex 9.47467 1.6168 3
    endloop
  endfacet
  facet normal 0.258792 -0.965933 0
    outer loop
      vertex 9.64655 1.66285 3
      vertex 9.47467 1.6168 0
      vertex 9.64655 1.66285 0
    endloop
  endfacet
  facet normal 0.35838 -0.933576 0
    outer loop
      vertex 9.30855 1.55303 0
      vertex 9.47467 1.6168 3
      vertex 9.30855 1.55303 3
    endloop
  endfacet
  facet normal 0.35838 -0.933576 0
    outer loop
      vertex 9.47467 1.6168 3
      vertex 9.30855 1.55303 0
      vertex 9.47467 1.6168 0
    endloop
  endfacet
  facet normal -0.965862 -0.259056 0
    outer loop
      vertex 11.6629 0.35345 0
      vertex 11.6168 0.525329 3
      vertex 11.6168 0.525329 0
    endloop
  endfacet
  facet normal -0.965862 -0.259056 0
    outer loop
      vertex 11.6168 0.525329 3
      vertex 11.6629 0.35345 0
      vertex 11.6629 0.35345 3
    endloop
  endfacet
  facet normal 0.777151 0.629314 0
    outer loop
      vertex 8.73665 -1.13752 3
      vertex 8.62467 -0.999234 0
      vertex 8.62467 -0.999234 3
    endloop
  endfacet
  facet normal 0.777151 0.629314 0
    outer loop
      vertex 8.62467 -0.999234 0
      vertex 8.73665 -1.13752 3
      vertex 8.73665 -1.13752 0
    endloop
  endfacet
  facet normal 0.99863 0.0523205 0
    outer loop
      vertex 8.30931 -0.177698 3
      vertex 8.3 0 0
      vertex 8.3 0 3
    endloop
  endfacet
  facet normal 0.99863 0.0523205 0
    outer loop
      vertex 8.3 0 0
      vertex 8.30931 -0.177698 3
      vertex 8.30931 -0.177698 0
    endloop
  endfacet
  facet normal -0.0523199 0.99863 0
    outer loop
      vertex 10.1777 -1.69069 0
      vertex 10 -1.7 3
      vertex 10.1777 -1.69069 3
    endloop
  endfacet
  facet normal -0.0523199 0.99863 0
    outer loop
      vertex 10 -1.7 3
      vertex 10.1777 -1.69069 0
      vertex 10 -1.7 0
    endloop
  endfacet
  facet normal 0.965933 0.258794 0
    outer loop
      vertex 8.3832 -0.525329 3
      vertex 8.33715 -0.35345 0
      vertex 8.33715 -0.35345 3
    endloop
  endfacet
  facet normal 0.965933 0.258794 0
    outer loop
      vertex 8.33715 -0.35345 0
      vertex 8.3832 -0.525329 3
      vertex 8.3832 -0.525329 0
    endloop
  endfacet
  facet normal 0.544609 0.83869 -0
    outer loop
      vertex 9.15 -1.47224 0
      vertex 9.00076 -1.37533 3
      vertex 9.15 -1.47224 3
    endloop
  endfacet
  facet normal 0.544609 0.83869 0
    outer loop
      vertex 9.00076 -1.37533 3
      vertex 9.15 -1.47224 0
      vertex 9.00076 -1.37533 0
    endloop
  endfacet
  facet normal 0.707107 -0.707107 0
    outer loop
      vertex 8.73665 1.13752 3
      vertex 8.86248 1.26335 0
      vertex 8.86248 1.26335 3
    endloop
  endfacet
  facet normal 0.707107 -0.707107 0
    outer loop
      vertex 8.86248 1.26335 0
      vertex 8.73665 1.13752 3
      vertex 8.73665 1.13752 0
    endloop
  endfacet
  facet normal 0.454012 0.890996 -0
    outer loop
      vertex 9.30855 -1.55303 0
      vertex 9.15 -1.47224 3
      vertex 9.30855 -1.55303 3
    endloop
  endfacet
  facet normal 0.454012 0.890996 0
    outer loop
      vertex 9.15 -1.47224 3
      vertex 9.30855 -1.55303 0
      vertex 9.15 -1.47224 0
    endloop
  endfacet
  facet normal 0.987685 0.156454 0
    outer loop
      vertex 8.33715 -0.35345 3
      vertex 8.30931 -0.177698 0
      vertex 8.30931 -0.177698 3
    endloop
  endfacet
  facet normal 0.987685 0.156454 0
    outer loop
      vertex 8.30931 -0.177698 0
      vertex 8.33715 -0.35345 3
      vertex 8.33715 -0.35345 0
    endloop
  endfacet
  facet normal 0.933578 -0.358375 0
    outer loop
      vertex 8.3832 0.525329 3
      vertex 8.44697 0.691452 0
      vertex 8.44697 0.691452 3
    endloop
  endfacet
  facet normal 0.933578 -0.358375 0
    outer loop
      vertex 8.44697 0.691452 0
      vertex 8.3832 0.525329 3
      vertex 8.3832 0.525329 0
    endloop
  endfacet
  facet normal -0.707191 -0.707022 0
    outer loop
      vertex 11.2633 1.13752 0
      vertex 11.1375 1.26335 3
      vertex 11.1375 1.26335 0
    endloop
  endfacet
  facet normal -0.707191 -0.707022 0
    outer loop
      vertex 11.1375 1.26335 3
      vertex 11.2633 1.13752 0
      vertex 11.2633 1.13752 3
    endloop
  endfacet
  facet normal -0.838707 0.544582 0
    outer loop
      vertex 11.3753 -0.999234 0
      vertex 11.4722 -0.849999 3
      vertex 11.4722 -0.849999 0
    endloop
  endfacet
  facet normal -0.838707 0.544582 0
    outer loop
      vertex 11.4722 -0.849999 3
      vertex 11.3753 -0.999234 0
      vertex 11.3753 -0.999234 3
    endloop
  endfacet
  facet normal -0.156499 -0.987678 0
    outer loop
      vertex 10.1777 1.69069 0
      vertex 10.3534 1.66285 3
      vertex 10.1777 1.69069 3
    endloop
  endfacet
  facet normal -0.156499 -0.987678 -0
    outer loop
      vertex 10.3534 1.66285 3
      vertex 10.1777 1.69069 0
      vertex 10.3534 1.66285 0
    endloop
  endfacet
  facet normal 0.987685 -0.156454 0
    outer loop
      vertex 8.30931 0.177698 3
      vertex 8.33715 0.35345 0
      vertex 8.33715 0.35345 3
    endloop
  endfacet
  facet normal 0.987685 -0.156454 0
    outer loop
      vertex 8.33715 0.35345 0
      vertex 8.30931 0.177698 3
      vertex 8.30931 0.177698 0
    endloop
  endfacet
  facet normal 0.454012 -0.890996 0
    outer loop
      vertex 9.15 1.47224 0
      vertex 9.30855 1.55303 3
      vertex 9.15 1.47224 3
    endloop
  endfacet
  facet normal 0.454012 -0.890996 0
    outer loop
      vertex 9.30855 1.55303 3
      vertex 9.15 1.47224 0
      vertex 9.30855 1.55303 0
    endloop
  endfacet
  facet normal -0.544712 0.838623 0
    outer loop
      vertex 10.9992 -1.37533 0
      vertex 10.85 -1.47224 3
      vertex 10.9992 -1.37533 3
    endloop
  endfacet
  facet normal -0.544712 0.838623 0
    outer loop
      vertex 10.85 -1.47224 3
      vertex 10.9992 -1.37533 0
      vertex 10.85 -1.47224 0
    endloop
  endfacet
  facet normal -0.454125 0.890938 0
    outer loop
      vertex 10.85 -1.47224 0
      vertex 10.6915 -1.55303 3
      vertex 10.85 -1.47224 3
    endloop
  endfacet
  facet normal -0.454125 0.890938 0
    outer loop
      vertex 10.6915 -1.55303 3
      vertex 10.85 -1.47224 0
      vertex 10.6915 -1.55303 0
    endloop
  endfacet
  facet normal -0.89097 0.454063 0
    outer loop
      vertex 11.4722 -0.849999 0
      vertex 11.553 -0.691452 3
      vertex 11.553 -0.691452 0
    endloop
  endfacet
  facet normal -0.89097 0.454063 0
    outer loop
      vertex 11.553 -0.691452 3
      vertex 11.4722 -0.849999 0
      vertex 11.4722 -0.849999 3
    endloop
  endfacet
  facet normal 0.965933 -0.258794 0
    outer loop
      vertex 8.33715 0.35345 3
      vertex 8.3832 0.525329 0
      vertex 8.3832 0.525329 3
    endloop
  endfacet
  facet normal 0.965933 -0.258794 0
    outer loop
      vertex 8.3832 0.525329 0
      vertex 8.33715 0.35345 3
      vertex 8.33715 0.35345 0
    endloop
  endfacet
  facet normal 0.890992 -0.454018 0
    outer loop
      vertex 8.44697 0.691452 3
      vertex 8.52776 0.849999 0
      vertex 8.52776 0.849999 3
    endloop
  endfacet
  facet normal 0.890992 -0.454018 0
    outer loop
      vertex 8.52776 0.849999 0
      vertex 8.44697 0.691452 3
      vertex 8.44697 0.691452 0
    endloop
  endfacet
  facet normal 0.629331 0.777138 -0
    outer loop
      vertex 9.00076 -1.37533 0
      vertex 8.86248 -1.26335 3
      vertex 9.00076 -1.37533 3
    endloop
  endfacet
  facet normal 0.629331 0.777138 0
    outer loop
      vertex 8.86248 -1.26335 3
      vertex 9.00076 -1.37533 0
      vertex 8.86248 -1.26335 0
    endloop
  endfacet
  facet normal 0.258792 0.965933 -0
    outer loop
      vertex 9.64655 -1.66285 0
      vertex 9.47467 -1.6168 3
      vertex 9.64655 -1.66285 3
    endloop
  endfacet
  facet normal 0.258792 0.965933 0
    outer loop
      vertex 9.47467 -1.6168 3
      vertex 9.64655 -1.66285 0
      vertex 9.47467 -1.6168 0
    endloop
  endfacet
  facet normal 0.891011 0.453981 0
    outer loop
      vertex -4.37343 -2.525 7.6
      vertex -4.6134 -2.05402 0
      vertex -4.6134 -2.05402 7.6
    endloop
  endfacet
  facet normal 0.891011 0.453981 0
    outer loop
      vertex -4.6134 -2.05402 0
      vertex -4.37343 -2.525 7.6
      vertex -4.37343 -2.525 0
    endloop
  endfacet
  facet normal 0.358369 0.93358 -0
    outer loop
      vertex -1.56054 -4.80283 0
      vertex -2.05402 -4.6134 7.6
      vertex -1.56054 -4.80283 7.6
    endloop
  endfacet
  facet normal 0.358369 0.93358 0
    outer loop
      vertex -2.05402 -4.6134 7.6
      vertex -1.56054 -4.80283 0
      vertex -2.05402 -4.6134 0
    endloop
  endfacet
  facet normal 0.965927 0.258815 0
    outer loop
      vertex -4.80283 -1.56054 7.6
      vertex -4.93964 -1.04995 0
      vertex -4.93964 -1.04995 7.6
    endloop
  endfacet
  facet normal 0.965927 0.258815 0
    outer loop
      vertex -4.93964 -1.04995 0
      vertex -4.80283 -1.56054 7.6
      vertex -4.80283 -1.56054 0
    endloop
  endfacet
  facet normal 0.156454 -0.987685 0
    outer loop
      vertex -1.04995 4.93964 0
      vertex -0.527868 5.02234 7.6
      vertex -1.04995 4.93964 7.6
    endloop
  endfacet
  facet normal 0.156454 -0.987685 0
    outer loop
      vertex -0.527868 5.02234 7.6
      vertex -1.04995 4.93964 0
      vertex -0.527868 5.02234 0
    endloop
  endfacet
  facet normal 0.99863 0.0523277 0
    outer loop
      vertex -5.02234 -0.527868 7.6
      vertex -5.05 0 0
      vertex -5.05 0 7.6
    endloop
  endfacet
  facet normal 0.99863 0.0523277 0
    outer loop
      vertex -5.05 0 0
      vertex -5.02234 -0.527868 7.6
      vertex -5.02234 -0.527868 0
    endloop
  endfacet
  facet normal -0.544632 -0.838675 0
    outer loop
      vertex 2.525 4.37343 0
      vertex 2.96832 4.08554 7.6
      vertex 2.525 4.37343 7.6
    endloop
  endfacet
  facet normal -0.544632 -0.838675 -0
    outer loop
      vertex 2.96832 4.08554 7.6
      vertex 2.525 4.37343 0
      vertex 2.96832 4.08554 0
    endloop
  endfacet
  facet normal -0.0523277 0.99863 0
    outer loop
      vertex 0.527868 -5.02234 0
      vertex 0 -5.05 7.6
      vertex 0.527868 -5.02234 7.6
    endloop
  endfacet
  facet normal -0.0523277 0.99863 0
    outer loop
      vertex 0 -5.05 7.6
      vertex 0.527868 -5.02234 0
      vertex 0 -5.05 0
    endloop
  endfacet
  facet normal 0.707107 0.707107 0
    outer loop
      vertex -3.37911 -3.75288 7.6
      vertex -3.75288 -3.37911 0
      vertex -3.75288 -3.37911 7.6
    endloop
  endfacet
  facet normal 0.707107 0.707107 0
    outer loop
      vertex -3.75288 -3.37911 0
      vertex -3.37911 -3.75288 7.6
      vertex -3.37911 -3.75288 0
    endloop
  endfacet
  facet normal -0.987685 -0.156454 0
    outer loop
      vertex 5.02234 0.527868 0
      vertex 4.93964 1.04995 7.6
      vertex 4.93964 1.04995 0
    endloop
  endfacet
  facet normal -0.987685 -0.156454 0
    outer loop
      vertex 4.93964 1.04995 7.6
      vertex 5.02234 0.527868 0
      vertex 5.02234 0.527868 7.6
    endloop
  endfacet
  facet normal -0.707107 0.707107 0
    outer loop
      vertex 3.37911 -3.75288 0
      vertex 3.75288 -3.37911 7.6
      vertex 3.75288 -3.37911 0
    endloop
  endfacet
  facet normal -0.707107 0.707107 0
    outer loop
      vertex 3.75288 -3.37911 7.6
      vertex 3.37911 -3.75288 0
      vertex 3.37911 -3.75288 7.6
    endloop
  endfacet
  facet normal -0.838675 0.544632 0
    outer loop
      vertex 4.08554 -2.96832 0
      vertex 4.37343 -2.525 7.6
      vertex 4.37343 -2.525 0
    endloop
  endfacet
  facet normal -0.838675 0.544632 0
    outer loop
      vertex 4.37343 -2.525 7.6
      vertex 4.08554 -2.96832 0
      vertex 4.08554 -2.96832 7.6
    endloop
  endfacet
  facet normal -0.99863 -0.0523277 0
    outer loop
      vertex 5.05 0 0
      vertex 5.02234 0.527868 7.6
      vertex 5.02234 0.527868 0
    endloop
  endfacet
  facet normal -0.99863 -0.0523277 0
    outer loop
      vertex 5.02234 0.527868 7.6
      vertex 5.05 0 0
      vertex 5.05 0 7.6
    endloop
  endfacet
  facet normal -0.358369 0.93358 0
    outer loop
      vertex 2.05402 -4.6134 0
      vertex 1.56054 -4.80283 7.6
      vertex 2.05402 -4.6134 7.6
    endloop
  endfacet
  facet normal -0.358369 0.93358 0
    outer loop
      vertex 1.56054 -4.80283 7.6
      vertex 2.05402 -4.6134 0
      vertex 1.56054 -4.80283 0
    endloop
  endfacet
  facet normal -0.0523277 -0.99863 0
    outer loop
      vertex 0 5.05 0
      vertex 0.527868 5.02234 7.6
      vertex 0 5.05 7.6
    endloop
  endfacet
  facet normal -0.0523277 -0.99863 -0
    outer loop
      vertex 0.527868 5.02234 7.6
      vertex 0 5.05 0
      vertex 0.527868 5.02234 0
    endloop
  endfacet
  facet normal -0.453981 0.891011 0
    outer loop
      vertex 2.525 -4.37343 0
      vertex 2.05402 -4.6134 7.6
      vertex 2.525 -4.37343 7.6
    endloop
  endfacet
  facet normal -0.453981 0.891011 0
    outer loop
      vertex 2.05402 -4.6134 7.6
      vertex 2.525 -4.37343 0
      vertex 2.05402 -4.6134 0
    endloop
  endfacet
  facet normal 0.258815 -0.965927 0
    outer loop
      vertex -1.56054 4.80283 0
      vertex -1.04995 4.93964 7.6
      vertex -1.56054 4.80283 7.6
    endloop
  endfacet
  facet normal 0.258815 -0.965927 0
    outer loop
      vertex -1.04995 4.93964 7.6
      vertex -1.56054 4.80283 0
      vertex -1.04995 4.93964 0
    endloop
  endfacet
  facet normal 0.62933 -0.777138 0
    outer loop
      vertex -3.37911 3.75288 0
      vertex -2.96832 4.08554 7.6
      vertex -3.37911 3.75288 7.6
    endloop
  endfacet
  facet normal 0.62933 -0.777138 0
    outer loop
      vertex -2.96832 4.08554 7.6
      vertex -3.37911 3.75288 0
      vertex -2.96832 4.08554 0
    endloop
  endfacet
  facet normal -0.965927 0.258815 0
    outer loop
      vertex 4.80283 -1.56054 0
      vertex 4.93964 -1.04995 7.6
      vertex 4.93964 -1.04995 0
    endloop
  endfacet
  facet normal -0.965927 0.258815 0
    outer loop
      vertex 4.93964 -1.04995 7.6
      vertex 4.80283 -1.56054 0
      vertex 4.80283 -1.56054 7.6
    endloop
  endfacet
  facet normal -0.62933 -0.777138 0
    outer loop
      vertex 2.96832 4.08554 0
      vertex 3.37911 3.75288 7.6
      vertex 2.96832 4.08554 7.6
    endloop
  endfacet
  facet normal -0.62933 -0.777138 -0
    outer loop
      vertex 3.37911 3.75288 7.6
      vertex 2.96832 4.08554 0
      vertex 3.37911 3.75288 0
    endloop
  endfacet
  facet normal 0.965927 -0.258815 0
    outer loop
      vertex -4.93964 1.04995 7.6
      vertex -4.80283 1.56054 0
      vertex -4.80283 1.56054 7.6
    endloop
  endfacet
  facet normal 0.965927 -0.258815 0
    outer loop
      vertex -4.80283 1.56054 0
      vertex -4.93964 1.04995 7.6
      vertex -4.93964 1.04995 0
    endloop
  endfacet
  facet normal 0.777138 -0.62933 0
    outer loop
      vertex -4.08554 2.96832 7.6
      vertex -3.75288 3.37911 0
      vertex -3.75288 3.37911 7.6
    endloop
  endfacet
  facet normal 0.777138 -0.62933 0
    outer loop
      vertex -3.75288 3.37911 0
      vertex -4.08554 2.96832 7.6
      vertex -4.08554 2.96832 0
    endloop
  endfacet
  facet normal -0.99863 0.0523277 0
    outer loop
      vertex 5.02234 -0.527868 0
      vertex 5.05 0 7.6
      vertex 5.05 0 0
    endloop
  endfacet
  facet normal -0.99863 0.0523277 0
    outer loop
      vertex 5.05 0 7.6
      vertex 5.02234 -0.527868 0
      vertex 5.02234 -0.527868 7.6
    endloop
  endfacet
  facet normal -0.777138 -0.62933 0
    outer loop
      vertex 4.08554 2.96832 0
      vertex 3.75288 3.37911 7.6
      vertex 3.75288 3.37911 0
    endloop
  endfacet
  facet normal -0.777138 -0.62933 0
    outer loop
      vertex 3.75288 3.37911 7.6
      vertex 4.08554 2.96832 0
      vertex 4.08554 2.96832 7.6
    endloop
  endfacet
  facet normal -0.358369 -0.93358 0
    outer loop
      vertex 1.56054 4.80283 0
      vertex 2.05402 4.6134 7.6
      vertex 1.56054 4.80283 7.6
    endloop
  endfacet
  facet normal -0.358369 -0.93358 -0
    outer loop
      vertex 2.05402 4.6134 7.6
      vertex 1.56054 4.80283 0
      vertex 2.05402 4.6134 0
    endloop
  endfacet
  facet normal -0.987685 0.156454 0
    outer loop
      vertex 4.93964 -1.04995 0
      vertex 5.02234 -0.527868 7.6
      vertex 5.02234 -0.527868 0
    endloop
  endfacet
  facet normal -0.987685 0.156454 0
    outer loop
      vertex 5.02234 -0.527868 7.6
      vertex 4.93964 -1.04995 0
      vertex 4.93964 -1.04995 7.6
    endloop
  endfacet
  facet normal 0.987685 -0.156454 0
    outer loop
      vertex -5.02234 0.527868 7.6
      vertex -4.93964 1.04995 0
      vertex -4.93964 1.04995 7.6
    endloop
  endfacet
  facet normal 0.987685 -0.156454 0
    outer loop
      vertex -4.93964 1.04995 0
      vertex -5.02234 0.527868 7.6
      vertex -5.02234 0.527868 0
    endloop
  endfacet
  facet normal -0.93358 -0.358369 0
    outer loop
      vertex 4.80283 1.56054 0
      vertex 4.6134 2.05402 7.6
      vertex 4.6134 2.05402 0
    endloop
  endfacet
  facet normal -0.93358 -0.358369 0
    outer loop
      vertex 4.6134 2.05402 7.6
      vertex 4.80283 1.56054 0
      vertex 4.80283 1.56054 7.6
    endloop
  endfacet
  facet normal -0.544632 0.838675 0
    outer loop
      vertex 2.96832 -4.08554 0
      vertex 2.525 -4.37343 7.6
      vertex 2.96832 -4.08554 7.6
    endloop
  endfacet
  facet normal -0.544632 0.838675 0
    outer loop
      vertex 2.525 -4.37343 7.6
      vertex 2.96832 -4.08554 0
      vertex 2.525 -4.37343 0
    endloop
  endfacet
  facet normal -0.258815 0.965927 0
    outer loop
      vertex 1.56054 -4.80283 0
      vertex 1.04995 -4.93964 7.6
      vertex 1.56054 -4.80283 7.6
    endloop
  endfacet
  facet normal -0.258815 0.965927 0
    outer loop
      vertex 1.04995 -4.93964 7.6
      vertex 1.56054 -4.80283 0
      vertex 1.04995 -4.93964 0
    endloop
  endfacet
  facet normal -0.891011 0.453981 0
    outer loop
      vertex 4.37343 -2.525 0
      vertex 4.6134 -2.05402 7.6
      vertex 4.6134 -2.05402 0
    endloop
  endfacet
  facet normal -0.891011 0.453981 0
    outer loop
      vertex 4.6134 -2.05402 7.6
      vertex 4.37343 -2.525 0
      vertex 4.37343 -2.525 7.6
    endloop
  endfacet
  facet normal 0.93358 -0.358369 0
    outer loop
      vertex -4.80283 1.56054 7.6
      vertex -4.6134 2.05402 0
      vertex -4.6134 2.05402 7.6
    endloop
  endfacet
  facet normal 0.93358 -0.358369 0
    outer loop
      vertex -4.6134 2.05402 0
      vertex -4.80283 1.56054 7.6
      vertex -4.80283 1.56054 0
    endloop
  endfacet
  facet normal -0.891011 -0.453981 0
    outer loop
      vertex 4.6134 2.05402 0
      vertex 4.37343 2.525 7.6
      vertex 4.37343 2.525 0
    endloop
  endfacet
  facet normal -0.891011 -0.453981 0
    outer loop
      vertex 4.37343 2.525 7.6
      vertex 4.6134 2.05402 0
      vertex 4.6134 2.05402 7.6
    endloop
  endfacet
  facet normal -0.707107 -0.707107 0
    outer loop
      vertex 3.75288 3.37911 0
      vertex 3.37911 3.75288 7.6
      vertex 3.37911 3.75288 0
    endloop
  endfacet
  facet normal -0.707107 -0.707107 0
    outer loop
      vertex 3.37911 3.75288 7.6
      vertex 3.75288 3.37911 0
      vertex 3.75288 3.37911 7.6
    endloop
  endfacet
  facet normal -0.777138 0.62933 0
    outer loop
      vertex 3.75288 -3.37911 0
      vertex 4.08554 -2.96832 7.6
      vertex 4.08554 -2.96832 0
    endloop
  endfacet
  facet normal -0.777138 0.62933 0
    outer loop
      vertex 4.08554 -2.96832 7.6
      vertex 3.75288 -3.37911 0
      vertex 3.75288 -3.37911 7.6
    endloop
  endfacet
  facet normal -0.156454 0.987685 0
    outer loop
      vertex 1.04995 -4.93964 0
      vertex 0.527868 -5.02234 7.6
      vertex 1.04995 -4.93964 7.6
    endloop
  endfacet
  facet normal -0.156454 0.987685 0
    outer loop
      vertex 0.527868 -5.02234 7.6
      vertex 1.04995 -4.93964 0
      vertex 0.527868 -5.02234 0
    endloop
  endfacet
  facet normal -0.453981 -0.891011 0
    outer loop
      vertex 2.05402 4.6134 0
      vertex 2.525 4.37343 7.6
      vertex 2.05402 4.6134 7.6
    endloop
  endfacet
  facet normal -0.453981 -0.891011 -0
    outer loop
      vertex 2.525 4.37343 7.6
      vertex 2.05402 4.6134 0
      vertex 2.525 4.37343 0
    endloop
  endfacet
  facet normal -0.965927 -0.258815 0
    outer loop
      vertex 4.93964 1.04995 0
      vertex 4.80283 1.56054 7.6
      vertex 4.80283 1.56054 0
    endloop
  endfacet
  facet normal -0.965927 -0.258815 0
    outer loop
      vertex 4.80283 1.56054 7.6
      vertex 4.93964 1.04995 0
      vertex 4.93964 1.04995 7.6
    endloop
  endfacet
  facet normal 0.777138 0.62933 0
    outer loop
      vertex -3.75288 -3.37911 7.6
      vertex -4.08554 -2.96832 0
      vertex -4.08554 -2.96832 7.6
    endloop
  endfacet
  facet normal 0.777138 0.62933 0
    outer loop
      vertex -4.08554 -2.96832 0
      vertex -3.75288 -3.37911 7.6
      vertex -3.75288 -3.37911 0
    endloop
  endfacet
  facet normal -0.838675 -0.544632 0
    outer loop
      vertex 4.37343 2.525 0
      vertex 4.08554 2.96832 7.6
      vertex 4.08554 2.96832 0
    endloop
  endfacet
  facet normal -0.838675 -0.544632 0
    outer loop
      vertex 4.08554 2.96832 7.6
      vertex 4.37343 2.525 0
      vertex 4.37343 2.525 7.6
    endloop
  endfacet
  facet normal 0.707107 -0.707107 0
    outer loop
      vertex -3.75288 3.37911 7.6
      vertex -3.37911 3.75288 0
      vertex -3.37911 3.75288 7.6
    endloop
  endfacet
  facet normal 0.707107 -0.707107 0
    outer loop
      vertex -3.37911 3.75288 0
      vertex -3.75288 3.37911 7.6
      vertex -3.75288 3.37911 0
    endloop
  endfacet
  facet normal 0.156454 0.987685 -0
    outer loop
      vertex -0.527868 -5.02234 0
      vertex -1.04995 -4.93964 7.6
      vertex -0.527868 -5.02234 7.6
    endloop
  endfacet
  facet normal 0.156454 0.987685 0
    outer loop
      vertex -1.04995 -4.93964 7.6
      vertex -0.527868 -5.02234 0
      vertex -1.04995 -4.93964 0
    endloop
  endfacet
  facet normal 0.93358 0.358369 0
    outer loop
      vertex -4.6134 -2.05402 7.6
      vertex -4.80283 -1.56054 0
      vertex -4.80283 -1.56054 7.6
    endloop
  endfacet
  facet normal 0.93358 0.358369 0
    outer loop
      vertex -4.80283 -1.56054 0
      vertex -4.6134 -2.05402 7.6
      vertex -4.6134 -2.05402 0
    endloop
  endfacet
  facet normal 0.258815 0.965927 -0
    outer loop
      vertex -1.04995 -4.93964 0
      vertex -1.56054 -4.80283 7.6
      vertex -1.04995 -4.93964 7.6
    endloop
  endfacet
  facet normal 0.258815 0.965927 0
    outer loop
      vertex -1.56054 -4.80283 7.6
      vertex -1.04995 -4.93964 0
      vertex -1.56054 -4.80283 0
    endloop
  endfacet
  facet normal -0.258815 -0.965927 0
    outer loop
      vertex 1.04995 4.93964 0
      vertex 1.56054 4.80283 7.6
      vertex 1.04995 4.93964 7.6
    endloop
  endfacet
  facet normal -0.258815 -0.965927 -0
    outer loop
      vertex 1.56054 4.80283 7.6
      vertex 1.04995 4.93964 0
      vertex 1.56054 4.80283 0
    endloop
  endfacet
  facet normal 0.358369 -0.93358 0
    outer loop
      vertex -2.05402 4.6134 0
      vertex -1.56054 4.80283 7.6
      vertex -2.05402 4.6134 7.6
    endloop
  endfacet
  facet normal 0.358369 -0.93358 0
    outer loop
      vertex -1.56054 4.80283 7.6
      vertex -2.05402 4.6134 0
      vertex -1.56054 4.80283 0
    endloop
  endfacet
  facet normal -0.93358 0.358369 0
    outer loop
      vertex 4.6134 -2.05402 0
      vertex 4.80283 -1.56054 7.6
      vertex 4.80283 -1.56054 0
    endloop
  endfacet
  facet normal -0.93358 0.358369 0
    outer loop
      vertex 4.80283 -1.56054 7.6
      vertex 4.6134 -2.05402 0
      vertex 4.6134 -2.05402 7.6
    endloop
  endfacet
  facet normal 0.987685 0.156454 0
    outer loop
      vertex -4.93964 -1.04995 7.6
      vertex -5.02234 -0.527868 0
      vertex -5.02234 -0.527868 7.6
    endloop
  endfacet
  facet normal 0.987685 0.156454 0
    outer loop
      vertex -5.02234 -0.527868 0
      vertex -4.93964 -1.04995 7.6
      vertex -4.93964 -1.04995 0
    endloop
  endfacet
  facet normal 0.544632 -0.838675 0
    outer loop
      vertex -2.96832 4.08554 0
      vertex -2.525 4.37343 7.6
      vertex -2.96832 4.08554 7.6
    endloop
  endfacet
  facet normal 0.544632 -0.838675 0
    outer loop
      vertex -2.525 4.37343 7.6
      vertex -2.96832 4.08554 0
      vertex -2.525 4.37343 0
    endloop
  endfacet
  facet normal 0.838675 -0.544632 0
    outer loop
      vertex -4.37343 2.525 7.6
      vertex -4.08554 2.96832 0
      vertex -4.08554 2.96832 7.6
    endloop
  endfacet
  facet normal 0.838675 -0.544632 0
    outer loop
      vertex -4.08554 2.96832 0
      vertex -4.37343 2.525 7.6
      vertex -4.37343 2.525 0
    endloop
  endfacet
  facet normal -0.62933 0.777138 0
    outer loop
      vertex 3.37911 -3.75288 0
      vertex 2.96832 -4.08554 7.6
      vertex 3.37911 -3.75288 7.6
    endloop
  endfacet
  facet normal -0.62933 0.777138 0
    outer loop
      vertex 2.96832 -4.08554 7.6
      vertex 3.37911 -3.75288 0
      vertex 2.96832 -4.08554 0
    endloop
  endfacet
  facet normal 0.544632 0.838675 -0
    outer loop
      vertex -2.525 -4.37343 0
      vertex -2.96832 -4.08554 7.6
      vertex -2.525 -4.37343 7.6
    endloop
  endfacet
  facet normal 0.544632 0.838675 0
    outer loop
      vertex -2.96832 -4.08554 7.6
      vertex -2.525 -4.37343 0
      vertex -2.96832 -4.08554 0
    endloop
  endfacet
  facet normal 0.62933 0.777138 -0
    outer loop
      vertex -2.96832 -4.08554 0
      vertex -3.37911 -3.75288 7.6
      vertex -2.96832 -4.08554 7.6
    endloop
  endfacet
  facet normal 0.62933 0.777138 0
    outer loop
      vertex -3.37911 -3.75288 7.6
      vertex -2.96832 -4.08554 0
      vertex -3.37911 -3.75288 0
    endloop
  endfacet
  facet normal 0.0523277 -0.99863 0
    outer loop
      vertex -0.527868 5.02234 0
      vertex 0 5.05 7.6
      vertex -0.527868 5.02234 7.6
    endloop
  endfacet
  facet normal 0.0523277 -0.99863 0
    outer loop
      vertex 0 5.05 7.6
      vertex -0.527868 5.02234 0
      vertex 0 5.05 0
    endloop
  endfacet
  facet normal -0.156454 -0.987685 0
    outer loop
      vertex 0.527868 5.02234 0
      vertex 1.04995 4.93964 7.6
      vertex 0.527868 5.02234 7.6
    endloop
  endfacet
  facet normal -0.156454 -0.987685 -0
    outer loop
      vertex 1.04995 4.93964 7.6
      vertex 0.527868 5.02234 0
      vertex 1.04995 4.93964 0
    endloop
  endfacet
  facet normal 0.99863 -0.0523277 0
    outer loop
      vertex -5.05 0 7.6
      vertex -5.02234 0.527868 0
      vertex -5.02234 0.527868 7.6
    endloop
  endfacet
  facet normal 0.99863 -0.0523277 0
    outer loop
      vertex -5.02234 0.527868 0
      vertex -5.05 0 7.6
      vertex -5.05 0 0
    endloop
  endfacet
  facet normal 0.453981 -0.891011 0
    outer loop
      vertex -2.525 4.37343 0
      vertex -2.05402 4.6134 7.6
      vertex -2.525 4.37343 7.6
    endloop
  endfacet
  facet normal 0.453981 -0.891011 0
    outer loop
      vertex -2.05402 4.6134 7.6
      vertex -2.525 4.37343 0
      vertex -2.05402 4.6134 0
    endloop
  endfacet
  facet normal 0.0523277 0.99863 -0
    outer loop
      vertex 0 -5.05 0
      vertex -0.527868 -5.02234 7.6
      vertex 0 -5.05 7.6
    endloop
  endfacet
  facet normal 0.0523277 0.99863 0
    outer loop
      vertex -0.527868 -5.02234 7.6
      vertex 0 -5.05 0
      vertex -0.527868 -5.02234 0
    endloop
  endfacet
  facet normal 0.838675 0.544632 0
    outer loop
      vertex -4.08554 -2.96832 7.6
      vertex -4.37343 -2.525 0
      vertex -4.37343 -2.525 7.6
    endloop
  endfacet
  facet normal 0.838675 0.544632 0
    outer loop
      vertex -4.37343 -2.525 0
      vertex -4.08554 -2.96832 7.6
      vertex -4.08554 -2.96832 0
    endloop
  endfacet
  facet normal 0.891011 -0.453981 0
    outer loop
      vertex -4.6134 2.05402 7.6
      vertex -4.37343 2.525 0
      vertex -4.37343 2.525 7.6
    endloop
  endfacet
  facet normal 0.891011 -0.453981 0
    outer loop
      vertex -4.37343 2.525 0
      vertex -4.6134 2.05402 7.6
      vertex -4.6134 2.05402 0
    endloop
  endfacet
  facet normal 0.453981 0.891011 -0
    outer loop
      vertex -2.05402 -4.6134 0
      vertex -2.525 -4.37343 7.6
      vertex -2.05402 -4.6134 7.6
    endloop
  endfacet
  facet normal 0.453981 0.891011 0
    outer loop
      vertex -2.525 -4.37343 7.6
      vertex -2.05402 -4.6134 0
      vertex -2.525 -4.37343 0
    endloop
  endfacet
  facet normal 0 0 -1
    outer loop
      vertex 3.5 0 7.6
      vertex 5.05 0 7.6
      vertex 5.02234 -0.527868 7.6
    endloop
  endfacet
  facet normal 0 0 -1
    outer loop
      vertex 3.48083 -0.365849 7.6
      vertex 5.02234 -0.527868 7.6
      vertex 4.93964 -1.04995 7.6
    endloop
  endfacet
  facet normal 0 0 -1
    outer loop
      vertex 5.05 0 7.6
      vertex 3.5 0 7.6
      vertex 5.02234 0.527868 7.6
    endloop
  endfacet
  facet normal 0 0 -1
    outer loop
      vertex 3.42352 -0.727691 7.6
      vertex 4.93964 -1.04995 7.6
      vertex 4.80283 -1.56054 7.6
    endloop
  endfacet
  facet normal 0 0 -1
    outer loop
      vertex 3.48083 0.365849 7.6
      vertex 5.02234 0.527868 7.6
      vertex 3.5 0 7.6
    endloop
  endfacet
  facet normal 0 0 -1
    outer loop
      vertex 3.3287 -1.08156 7.6
      vertex 4.80283 -1.56054 7.6
      vertex 4.6134 -2.05402 7.6
    endloop
  endfacet
  facet normal -0 0 -1
    outer loop
      vertex 5.02234 0.527868 7.6
      vertex 3.48083 0.365849 7.6
      vertex 4.93964 1.04995 7.6
    endloop
  endfacet
  facet normal 0 0 -1
    outer loop
      vertex 3.19741 -1.42358 7.6
      vertex 4.6134 -2.05402 7.6
      vertex 4.37343 -2.525 7.6
    endloop
  endfacet
  facet normal 0 0 -1
    outer loop
      vertex 3.42352 0.727691 7.6
      vertex 4.93964 1.04995 7.6
      vertex 3.48083 0.365849 7.6
    endloop
  endfacet
  facet normal 0 0 -1
    outer loop
      vertex 3.03109 -1.75 7.6
      vertex 4.37343 -2.525 7.6
      vertex 4.08554 -2.96832 7.6
    endloop
  endfacet
  facet normal -0 0 -1
    outer loop
      vertex 4.93964 1.04995 7.6
      vertex 3.42352 0.727691 7.6
      vertex 4.80283 1.56054 7.6
    endloop
  endfacet
  facet normal 0 0 -1
    outer loop
      vertex 2.83156 -2.05725 7.6
      vertex 4.08554 -2.96832 7.6
      vertex 3.75288 -3.37911 7.6
    endloop
  endfacet
  facet normal 0 0 -1
    outer loop
      vertex 3.3287 1.08156 7.6
      vertex 4.80283 1.56054 7.6
      vertex 3.42352 0.727691 7.6
    endloop
  endfacet
  facet normal -0 0 -1
    outer loop
      vertex 4.80283 1.56054 7.6
      vertex 3.3287 1.08156 7.6
      vertex 4.6134 2.05402 7.6
    endloop
  endfacet
  facet normal 0 0 -1
    outer loop
      vertex 5.02234 -0.527868 7.6
      vertex 3.48083 -0.365849 7.6
      vertex 3.5 0 7.6
    endloop
  endfacet
  facet normal 0 0 -1
    outer loop
      vertex 4.93964 -1.04995 7.6
      vertex 3.42352 -0.727691 7.6
      vertex 3.48083 -0.365849 7.6
    endloop
  endfacet
  facet normal 0 0 -1
    outer loop
      vertex 2.60101 -2.34196 7.6
      vertex 3.75288 -3.37911 7.6
      vertex 3.37911 -3.75288 7.6
    endloop
  endfacet
  facet normal 0 0 -1
    outer loop
      vertex 4.80283 -1.56054 7.6
      vertex 3.3287 -1.08156 7.6
      vertex 3.42352 -0.727691 7.6
    endloop
  endfacet
  facet normal 0 0 -1
    outer loop
      vertex 4.6134 -2.05402 7.6
      vertex 3.19741 -1.42358 7.6
      vertex 3.3287 -1.08156 7.6
    endloop
  endfacet
  facet normal 0 0 -1
    outer loop
      vertex 4.37343 -2.525 7.6
      vertex 3.03109 -1.75 7.6
      vertex 3.19741 -1.42358 7.6
    endloop
  endfacet
  facet normal 0 0 -1
    outer loop
      vertex 2.34196 -2.60101 7.6
      vertex 3.37911 -3.75288 7.6
      vertex 2.96832 -4.08554 7.6
    endloop
  endfacet
  facet normal 0 0 -1
    outer loop
      vertex 4.08554 -2.96832 7.6
      vertex 2.83156 -2.05725 7.6
      vertex 3.03109 -1.75 7.6
    endloop
  endfacet
  facet normal 0 0 -1
    outer loop
      vertex 3.75288 -3.37911 7.6
      vertex 2.60101 -2.34196 7.6
      vertex 2.83156 -2.05725 7.6
    endloop
  endfacet
  facet normal 0 0 -1
    outer loop
      vertex 2.05725 -2.83156 7.6
      vertex 2.96832 -4.08554 7.6
      vertex 2.525 -4.37343 7.6
    endloop
  endfacet
  facet normal 0 0 -1
    outer loop
      vertex 3.37911 -3.75288 7.6
      vertex 2.34196 -2.60101 7.6
      vertex 2.60101 -2.34196 7.6
    endloop
  endfacet
  facet normal 0 0 -1
    outer loop
      vertex 2.96832 -4.08554 7.6
      vertex 2.05725 -2.83156 7.6
      vertex 2.34196 -2.60101 7.6
    endloop
  endfacet
  facet normal 0 0 -1
    outer loop
      vertex 1.75 -3.03109 7.6
      vertex 2.525 -4.37343 7.6
      vertex 2.05402 -4.6134 7.6
    endloop
  endfacet
  facet normal 0 0 -1
    outer loop
      vertex 2.525 -4.37343 7.6
      vertex 1.75 -3.03109 7.6
      vertex 2.05725 -2.83156 7.6
    endloop
  endfacet
  facet normal 0 0 -1
    outer loop
      vertex 1.42358 -3.19741 7.6
      vertex 2.05402 -4.6134 7.6
      vertex 1.56054 -4.80283 7.6
    endloop
  endfacet
  facet normal 0 0 -1
    outer loop
      vertex 2.05402 -4.6134 7.6
      vertex 1.42358 -3.19741 7.6
      vertex 1.75 -3.03109 7.6
    endloop
  endfacet
  facet normal 0 0 -1
    outer loop
      vertex 1.56054 -4.80283 7.6
      vertex 1.08156 -3.3287 7.6
      vertex 1.42358 -3.19741 7.6
    endloop
  endfacet
  facet normal 0 0 -1
    outer loop
      vertex 1.04995 -4.93964 7.6
      vertex 1.08156 -3.3287 7.6
      vertex 1.56054 -4.80283 7.6
    endloop
  endfacet
  facet normal 0 0 -1
    outer loop
      vertex 1.04995 -4.93964 7.6
      vertex 0.727691 -3.42352 7.6
      vertex 1.08156 -3.3287 7.6
    endloop
  endfacet
  facet normal 0 0 -1
    outer loop
      vertex 0.527868 -5.02234 7.6
      vertex 0.727691 -3.42352 7.6
      vertex 1.04995 -4.93964 7.6
    endloop
  endfacet
  facet normal 0 0 -1
    outer loop
      vertex 0.527868 -5.02234 7.6
      vertex 0.365849 -3.48083 7.6
      vertex 0.727691 -3.42352 7.6
    endloop
  endfacet
  facet normal 0 0 -1
    outer loop
      vertex 0 -5.05 7.6
      vertex 0.365849 -3.48083 7.6
      vertex 0.527868 -5.02234 7.6
    endloop
  endfacet
  facet normal 0 0 -1
    outer loop
      vertex 0 -5.05 7.6
      vertex 0 -3.5 7.6
      vertex 0.365849 -3.48083 7.6
    endloop
  endfacet
  facet normal 0 0 -1
    outer loop
      vertex 0 -5.05 7.6
      vertex -0.365849 -3.48083 7.6
      vertex 0 -3.5 7.6
    endloop
  endfacet
  facet normal 0 0 -1
    outer loop
      vertex -0.527868 -5.02234 7.6
      vertex -0.365849 -3.48083 7.6
      vertex 0 -5.05 7.6
    endloop
  endfacet
  facet normal 0 0 -1
    outer loop
      vertex -0.527868 -5.02234 7.6
      vertex -0.727691 -3.42352 7.6
      vertex -0.365849 -3.48083 7.6
    endloop
  endfacet
  facet normal 0 0 -1
    outer loop
      vertex -1.04995 -4.93964 7.6
      vertex -0.727691 -3.42352 7.6
      vertex -0.527868 -5.02234 7.6
    endloop
  endfacet
  facet normal 0 0 -1
    outer loop
      vertex -1.04995 -4.93964 7.6
      vertex -1.08156 -3.3287 7.6
      vertex -0.727691 -3.42352 7.6
    endloop
  endfacet
  facet normal 0 0 -1
    outer loop
      vertex -1.56054 -4.80283 7.6
      vertex -1.08156 -3.3287 7.6
      vertex -1.04995 -4.93964 7.6
    endloop
  endfacet
  facet normal -0 0 -1
    outer loop
      vertex -1.08156 -3.3287 7.6
      vertex -1.56054 -4.80283 7.6
      vertex -1.42358 -3.19741 7.6
    endloop
  endfacet
  facet normal 0 0 -1
    outer loop
      vertex -2.05402 -4.6134 7.6
      vertex -1.42358 -3.19741 7.6
      vertex -1.56054 -4.80283 7.6
    endloop
  endfacet
  facet normal -0 0 -1
    outer loop
      vertex -1.42358 -3.19741 7.6
      vertex -2.05402 -4.6134 7.6
      vertex -1.75 -3.03109 7.6
    endloop
  endfacet
  facet normal 0 0 -1
    outer loop
      vertex -2.525 -4.37343 7.6
      vertex -1.75 -3.03109 7.6
      vertex -2.05402 -4.6134 7.6
    endloop
  endfacet
  facet normal -0 0 -1
    outer loop
      vertex -1.75 -3.03109 7.6
      vertex -2.525 -4.37343 7.6
      vertex -2.05725 -2.83156 7.6
    endloop
  endfacet
  facet normal 0 0 -1
    outer loop
      vertex -2.96832 -4.08554 7.6
      vertex -2.05725 -2.83156 7.6
      vertex -2.525 -4.37343 7.6
    endloop
  endfacet
  facet normal -0 0 -1
    outer loop
      vertex -2.05725 -2.83156 7.6
      vertex -2.96832 -4.08554 7.6
      vertex -2.34196 -2.60101 7.6
    endloop
  endfacet
  facet normal 0 0 -1
    outer loop
      vertex -3.37911 -3.75288 7.6
      vertex -2.34196 -2.60101 7.6
      vertex -2.96832 -4.08554 7.6
    endloop
  endfacet
  facet normal -0 0 -1
    outer loop
      vertex -2.34196 -2.60101 7.6
      vertex -3.37911 -3.75288 7.6
      vertex -2.60101 -2.34196 7.6
    endloop
  endfacet
  facet normal 0 0 -1
    outer loop
      vertex -3.75288 -3.37911 7.6
      vertex -2.60101 -2.34196 7.6
      vertex -3.37911 -3.75288 7.6
    endloop
  endfacet
  facet normal -0 0 -1
    outer loop
      vertex -2.60101 -2.34196 7.6
      vertex -3.75288 -3.37911 7.6
      vertex -2.83156 -2.05725 7.6
    endloop
  endfacet
  facet normal 0 0 -1
    outer loop
      vertex -4.08554 -2.96832 7.6
      vertex -2.83156 -2.05725 7.6
      vertex -3.75288 -3.37911 7.6
    endloop
  endfacet
  facet normal -0 0 -1
    outer loop
      vertex -2.83156 -2.05725 7.6
      vertex -4.08554 -2.96832 7.6
      vertex -3.03109 -1.75 7.6
    endloop
  endfacet
  facet normal 0 0 -1
    outer loop
      vertex -4.37343 -2.525 7.6
      vertex -3.03109 -1.75 7.6
      vertex -4.08554 -2.96832 7.6
    endloop
  endfacet
  facet normal -0 0 -1
    outer loop
      vertex -3.03109 -1.75 7.6
      vertex -4.37343 -2.525 7.6
      vertex -3.19741 -1.42358 7.6
    endloop
  endfacet
  facet normal 0 0 -1
    outer loop
      vertex -4.6134 -2.05402 7.6
      vertex -3.19741 -1.42358 7.6
      vertex -4.37343 -2.525 7.6
    endloop
  endfacet
  facet normal -0 0 -1
    outer loop
      vertex -3.19741 -1.42358 7.6
      vertex -4.6134 -2.05402 7.6
      vertex -3.3287 -1.08156 7.6
    endloop
  endfacet
  facet normal 0 0 -1
    outer loop
      vertex 3.19741 1.42358 7.6
      vertex 4.6134 2.05402 7.6
      vertex 3.3287 1.08156 7.6
    endloop
  endfacet
  facet normal -0 0 -1
    outer loop
      vertex 4.6134 2.05402 7.6
      vertex 3.19741 1.42358 7.6
      vertex 4.37343 2.525 7.6
    endloop
  endfacet
  facet normal 0 0 -1
    outer loop
      vertex 3.03109 1.75 7.6
      vertex 4.37343 2.525 7.6
      vertex 3.19741 1.42358 7.6
    endloop
  endfacet
  facet normal -0 0 -1
    outer loop
      vertex 4.37343 2.525 7.6
      vertex 3.03109 1.75 7.6
      vertex 4.08554 2.96832 7.6
    endloop
  endfacet
  facet normal 0 0 -1
    outer loop
      vertex 2.83156 2.05725 7.6
      vertex 4.08554 2.96832 7.6
      vertex 3.03109 1.75 7.6
    endloop
  endfacet
  facet normal -0 0 -1
    outer loop
      vertex 4.08554 2.96832 7.6
      vertex 2.83156 2.05725 7.6
      vertex 3.75288 3.37911 7.6
    endloop
  endfacet
  facet normal 0 0 -1
    outer loop
      vertex 2.60101 2.34196 7.6
      vertex 3.75288 3.37911 7.6
      vertex 2.83156 2.05725 7.6
    endloop
  endfacet
  facet normal -0 0 -1
    outer loop
      vertex 3.75288 3.37911 7.6
      vertex 2.60101 2.34196 7.6
      vertex 3.37911 3.75288 7.6
    endloop
  endfacet
  facet normal 0 0 -1
    outer loop
      vertex 2.34196 2.60101 7.6
      vertex 3.37911 3.75288 7.6
      vertex 2.60101 2.34196 7.6
    endloop
  endfacet
  facet normal -0 0 -1
    outer loop
      vertex 3.37911 3.75288 7.6
      vertex 2.34196 2.60101 7.6
      vertex 2.96832 4.08554 7.6
    endloop
  endfacet
  facet normal 0 0 -1
    outer loop
      vertex 2.05725 2.83156 7.6
      vertex 2.96832 4.08554 7.6
      vertex 2.34196 2.60101 7.6
    endloop
  endfacet
  facet normal -0 0 -1
    outer loop
      vertex 2.96832 4.08554 7.6
      vertex 2.05725 2.83156 7.6
      vertex 2.525 4.37343 7.6
    endloop
  endfacet
  facet normal 0 0 -1
    outer loop
      vertex 1.75 3.03109 7.6
      vertex 2.525 4.37343 7.6
      vertex 2.05725 2.83156 7.6
    endloop
  endfacet
  facet normal -0 0 -1
    outer loop
      vertex 2.525 4.37343 7.6
      vertex 1.75 3.03109 7.6
      vertex 2.05402 4.6134 7.6
    endloop
  endfacet
  facet normal 0 0 -1
    outer loop
      vertex 1.42358 3.19741 7.6
      vertex 2.05402 4.6134 7.6
      vertex 1.75 3.03109 7.6
    endloop
  endfacet
  facet normal -0 0 -1
    outer loop
      vertex 2.05402 4.6134 7.6
      vertex 1.42358 3.19741 7.6
      vertex 1.56054 4.80283 7.6
    endloop
  endfacet
  facet normal 0 0 -1
    outer loop
      vertex 1.08156 3.3287 7.6
      vertex 1.56054 4.80283 7.6
      vertex 1.42358 3.19741 7.6
    endloop
  endfacet
  facet normal 0 0 -1
    outer loop
      vertex 1.08156 3.3287 7.6
      vertex 1.04995 4.93964 7.6
      vertex 1.56054 4.80283 7.6
    endloop
  endfacet
  facet normal 0 0 -1
    outer loop
      vertex 0.727691 3.42352 7.6
      vertex 1.04995 4.93964 7.6
      vertex 1.08156 3.3287 7.6
    endloop
  endfacet
  facet normal 0 0 -1
    outer loop
      vertex 0.727691 3.42352 7.6
      vertex 0.527868 5.02234 7.6
      vertex 1.04995 4.93964 7.6
    endloop
  endfacet
  facet normal 0 0 -1
    outer loop
      vertex 0.365849 3.48083 7.6
      vertex 0.527868 5.02234 7.6
      vertex 0.727691 3.42352 7.6
    endloop
  endfacet
  facet normal 0 0 -1
    outer loop
      vertex 0 3.5 7.6
      vertex 0.527868 5.02234 7.6
      vertex 0.365849 3.48083 7.6
    endloop
  endfacet
  facet normal 0 0 -1
    outer loop
      vertex 0 3.5 7.6
      vertex 0 5.05 7.6
      vertex 0.527868 5.02234 7.6
    endloop
  endfacet
  facet normal 0 0 -1
    outer loop
      vertex -0.365849 3.48083 7.6
      vertex 0 5.05 7.6
      vertex 0 3.5 7.6
    endloop
  endfacet
  facet normal 0 0 -1
    outer loop
      vertex -0.365849 3.48083 7.6
      vertex -0.527868 5.02234 7.6
      vertex 0 5.05 7.6
    endloop
  endfacet
  facet normal 0 0 -1
    outer loop
      vertex -0.727691 3.42352 7.6
      vertex -0.527868 5.02234 7.6
      vertex -0.365849 3.48083 7.6
    endloop
  endfacet
  facet normal 0 0 -1
    outer loop
      vertex -0.727691 3.42352 7.6
      vertex -1.04995 4.93964 7.6
      vertex -0.527868 5.02234 7.6
    endloop
  endfacet
  facet normal 0 0 -1
    outer loop
      vertex -1.08156 3.3287 7.6
      vertex -1.04995 4.93964 7.6
      vertex -0.727691 3.42352 7.6
    endloop
  endfacet
  facet normal 0 0 -1
    outer loop
      vertex -1.56054 4.80283 7.6
      vertex -1.08156 3.3287 7.6
      vertex -1.42358 3.19741 7.6
    endloop
  endfacet
  facet normal 0 0 -1
    outer loop
      vertex -1.08156 3.3287 7.6
      vertex -1.56054 4.80283 7.6
      vertex -1.04995 4.93964 7.6
    endloop
  endfacet
  facet normal 0 0 -1
    outer loop
      vertex -2.05402 4.6134 7.6
      vertex -1.42358 3.19741 7.6
      vertex -1.75 3.03109 7.6
    endloop
  endfacet
  facet normal 0 0 -1
    outer loop
      vertex -1.42358 3.19741 7.6
      vertex -2.05402 4.6134 7.6
      vertex -1.56054 4.80283 7.6
    endloop
  endfacet
  facet normal 0 0 -1
    outer loop
      vertex -2.525 4.37343 7.6
      vertex -1.75 3.03109 7.6
      vertex -2.05725 2.83156 7.6
    endloop
  endfacet
  facet normal 0 0 -1
    outer loop
      vertex -2.96832 4.08554 7.6
      vertex -2.05725 2.83156 7.6
      vertex -2.34196 2.60101 7.6
    endloop
  endfacet
  facet normal 0 0 -1
    outer loop
      vertex -1.75 3.03109 7.6
      vertex -2.525 4.37343 7.6
      vertex -2.05402 4.6134 7.6
    endloop
  endfacet
  facet normal 0 0 -1
    outer loop
      vertex -3.37911 3.75288 7.6
      vertex -2.34196 2.60101 7.6
      vertex -2.60101 2.34196 7.6
    endloop
  endfacet
  facet normal 0 0 -1
    outer loop
      vertex -3.75288 3.37911 7.6
      vertex -2.60101 2.34196 7.6
      vertex -2.83156 2.05725 7.6
    endloop
  endfacet
  facet normal 0 0 -1
    outer loop
      vertex -2.05725 2.83156 7.6
      vertex -2.96832 4.08554 7.6
      vertex -2.525 4.37343 7.6
    endloop
  endfacet
  facet normal 0 0 -1
    outer loop
      vertex -4.08554 2.96832 7.6
      vertex -2.83156 2.05725 7.6
      vertex -3.03109 1.75 7.6
    endloop
  endfacet
  facet normal 0 0 -1
    outer loop
      vertex -4.37343 2.525 7.6
      vertex -3.03109 1.75 7.6
      vertex -3.19741 1.42358 7.6
    endloop
  endfacet
  facet normal 0 0 -1
    outer loop
      vertex -4.6134 2.05402 7.6
      vertex -3.19741 1.42358 7.6
      vertex -3.3287 1.08156 7.6
    endloop
  endfacet
  facet normal 0 0 -1
    outer loop
      vertex -2.34196 2.60101 7.6
      vertex -3.37911 3.75288 7.6
      vertex -2.96832 4.08554 7.6
    endloop
  endfacet
  facet normal 0 0 -1
    outer loop
      vertex -4.80283 1.56054 7.6
      vertex -3.3287 1.08156 7.6
      vertex -3.42352 0.727691 7.6
    endloop
  endfacet
  facet normal 0 0 -1
    outer loop
      vertex -4.93964 1.04995 7.6
      vertex -3.42352 0.727691 7.6
      vertex -3.48083 0.365849 7.6
    endloop
  endfacet
  facet normal 0 0 -1
    outer loop
      vertex -5.02234 0.527868 7.6
      vertex -3.48083 0.365849 7.6
      vertex -3.5 0 7.6
    endloop
  endfacet
  facet normal 0 0 -1
    outer loop
      vertex -4.80283 -1.56054 7.6
      vertex -3.3287 -1.08156 7.6
      vertex -4.6134 -2.05402 7.6
    endloop
  endfacet
  facet normal 0 0 -1
    outer loop
      vertex -2.60101 2.34196 7.6
      vertex -3.75288 3.37911 7.6
      vertex -3.37911 3.75288 7.6
    endloop
  endfacet
  facet normal -0 0 -1
    outer loop
      vertex -3.3287 -1.08156 7.6
      vertex -4.80283 -1.56054 7.6
      vertex -3.42352 -0.727691 7.6
    endloop
  endfacet
  facet normal 0 0 -1
    outer loop
      vertex -2.83156 2.05725 7.6
      vertex -4.08554 2.96832 7.6
      vertex -3.75288 3.37911 7.6
    endloop
  endfacet
  facet normal 0 0 -1
    outer loop
      vertex -4.93964 -1.04995 7.6
      vertex -3.42352 -0.727691 7.6
      vertex -4.80283 -1.56054 7.6
    endloop
  endfacet
  facet normal 0 0 -1
    outer loop
      vertex -3.03109 1.75 7.6
      vertex -4.37343 2.525 7.6
      vertex -4.08554 2.96832 7.6
    endloop
  endfacet
  facet normal -0 0 -1
    outer loop
      vertex -3.42352 -0.727691 7.6
      vertex -4.93964 -1.04995 7.6
      vertex -3.48083 -0.365849 7.6
    endloop
  endfacet
  facet normal 0 0 -1
    outer loop
      vertex -3.19741 1.42358 7.6
      vertex -4.6134 2.05402 7.6
      vertex -4.37343 2.525 7.6
    endloop
  endfacet
  facet normal 0 0 -1
    outer loop
      vertex -5.02234 -0.527868 7.6
      vertex -3.48083 -0.365849 7.6
      vertex -4.93964 -1.04995 7.6
    endloop
  endfacet
  facet normal 0 0 -1
    outer loop
      vertex -3.3287 1.08156 7.6
      vertex -4.80283 1.56054 7.6
      vertex -4.6134 2.05402 7.6
    endloop
  endfacet
  facet normal -0 0 -1
    outer loop
      vertex -3.48083 -0.365849 7.6
      vertex -5.02234 -0.527868 7.6
      vertex -3.5 0 7.6
    endloop
  endfacet
  facet normal 0 0 -1
    outer loop
      vertex -3.42352 0.727691 7.6
      vertex -4.93964 1.04995 7.6
      vertex -4.80283 1.56054 7.6
    endloop
  endfacet
  facet normal 0 0 -1
    outer loop
      vertex -5.05 0 7.6
      vertex -3.5 0 7.6
      vertex -5.02234 -0.527868 7.6
    endloop
  endfacet
  facet normal 0 0 -1
    outer loop
      vertex -3.48083 0.365849 7.6
      vertex -5.02234 0.527868 7.6
      vertex -4.93964 1.04995 7.6
    endloop
  endfacet
  facet normal 0 0 -1
    outer loop
      vertex -3.5 0 7.6
      vertex -5.05 0 7.6
      vertex -5.02234 0.527868 7.6
    endloop
  endfacet
  facet normal -0.987688 0.156434 0
    outer loop
      vertex 3.42352 -0.727691 7.6
      vertex 3.48083 -0.365849 9.1
      vertex 3.48083 -0.365849 7.6
    endloop
  endfacet
  facet normal -0.987688 0.156434 0
    outer loop
      vertex 3.48083 -0.365849 9.1
      vertex 3.42352 -0.727691 7.6
      vertex 3.42352 -0.727691 9.1
    endloop
  endfacet
  facet normal -0.258822 0.965925 0
    outer loop
      vertex 1.08156 -3.3287 7.6
      vertex 0.727691 -3.42352 9.1
      vertex 1.08156 -3.3287 9.1
    endloop
  endfacet
  facet normal -0.258822 0.965925 0
    outer loop
      vertex 0.727691 -3.42352 9.1
      vertex 1.08156 -3.3287 7.6
      vertex 0.727691 -3.42352 7.6
    endloop
  endfacet
  facet normal -0.707107 -0.707107 0
    outer loop
      vertex 2.60101 2.34196 7.6
      vertex 2.34196 2.60101 9.1
      vertex 2.34196 2.60101 7.6
    endloop
  endfacet
  facet normal -0.707107 -0.707107 0
    outer loop
      vertex 2.34196 2.60101 9.1
      vertex 2.60101 2.34196 7.6
      vertex 2.60101 2.34196 9.1
    endloop
  endfacet
  facet normal -0.0523269 0.99863 0
    outer loop
      vertex 0.365849 -3.48083 7.6
      vertex 0 -3.5 9.1
      vertex 0.365849 -3.48083 9.1
    endloop
  endfacet
  facet normal -0.0523269 0.99863 0
    outer loop
      vertex 0 -3.5 9.1
      vertex 0.365849 -3.48083 7.6
      vertex 0 -3.5 7.6
    endloop
  endfacet
  facet normal -0.0523269 -0.99863 0
    outer loop
      vertex 0 3.5 7.6
      vertex 0.365849 3.48083 9.1
      vertex 0 3.5 9.1
    endloop
  endfacet
  facet normal -0.0523269 -0.99863 -0
    outer loop
      vertex 0.365849 3.48083 9.1
      vertex 0 3.5 7.6
      vertex 0.365849 3.48083 7.6
    endloop
  endfacet
  facet normal 0.156434 -0.987688 0
    outer loop
      vertex -0.727691 3.42352 7.6
      vertex -0.365849 3.48083 9.1
      vertex -0.727691 3.42352 9.1
    endloop
  endfacet
  facet normal 0.156434 -0.987688 0
    outer loop
      vertex -0.365849 3.48083 9.1
      vertex -0.727691 3.42352 7.6
      vertex -0.365849 3.48083 7.6
    endloop
  endfacet
  facet normal -0.838671 -0.544638 0
    outer loop
      vertex 3.03109 1.75 7.6
      vertex 2.83156 2.05725 9.1
      vertex 2.83156 2.05725 7.6
    endloop
  endfacet
  facet normal -0.838671 -0.544638 0
    outer loop
      vertex 2.83156 2.05725 9.1
      vertex 3.03109 1.75 7.6
      vertex 3.03109 1.75 9.1
    endloop
  endfacet
  facet normal 0.838671 -0.544638 0
    outer loop
      vertex -3.03109 1.75 9.1
      vertex -2.83156 2.05725 7.6
      vertex -2.83156 2.05725 9.1
    endloop
  endfacet
  facet normal 0.838671 -0.544638 0
    outer loop
      vertex -2.83156 2.05725 7.6
      vertex -3.03109 1.75 9.1
      vertex -3.03109 1.75 7.6
    endloop
  endfacet
  facet normal -0.453992 0.891006 0
    outer loop
      vertex 1.75 -3.03109 7.6
      vertex 1.42358 -3.19741 9.1
      vertex 1.75 -3.03109 9.1
    endloop
  endfacet
  facet normal -0.453992 0.891006 0
    outer loop
      vertex 1.42358 -3.19741 9.1
      vertex 1.75 -3.03109 7.6
      vertex 1.42358 -3.19741 7.6
    endloop
  endfacet
  facet normal 0.965925 -0.258822 0
    outer loop
      vertex -3.42352 0.727691 9.1
      vertex -3.3287 1.08156 7.6
      vertex -3.3287 1.08156 9.1
    endloop
  endfacet
  facet normal 0.965925 -0.258822 0
    outer loop
      vertex -3.3287 1.08156 7.6
      vertex -3.42352 0.727691 9.1
      vertex -3.42352 0.727691 7.6
    endloop
  endfacet
  facet normal 0.0523269 -0.99863 0
    outer loop
      vertex -0.365849 3.48083 7.6
      vertex 0 3.5 9.1
      vertex -0.365849 3.48083 9.1
    endloop
  endfacet
  facet normal 0.0523269 -0.99863 0
    outer loop
      vertex 0 3.5 9.1
      vertex -0.365849 3.48083 7.6
      vertex 0 3.5 7.6
    endloop
  endfacet
  facet normal -0.93358 -0.35837 0
    outer loop
      vertex 3.3287 1.08156 7.6
      vertex 3.19741 1.42358 9.1
      vertex 3.19741 1.42358 7.6
    endloop
  endfacet
  facet normal -0.93358 -0.35837 0
    outer loop
      vertex 3.19741 1.42358 9.1
      vertex 3.3287 1.08156 7.6
      vertex 3.3287 1.08156 9.1
    endloop
  endfacet
  facet normal 0.544638 0.838671 -0
    outer loop
      vertex -1.75 -3.03109 7.6
      vertex -2.05725 -2.83156 9.1
      vertex -1.75 -3.03109 9.1
    endloop
  endfacet
  facet normal 0.544638 0.838671 0
    outer loop
      vertex -2.05725 -2.83156 9.1
      vertex -1.75 -3.03109 7.6
      vertex -2.05725 -2.83156 7.6
    endloop
  endfacet
  facet normal 0.965925 0.258822 0
    outer loop
      vertex -3.3287 -1.08156 9.1
      vertex -3.42352 -0.727691 7.6
      vertex -3.42352 -0.727691 9.1
    endloop
  endfacet
  facet normal 0.965925 0.258822 0
    outer loop
      vertex -3.42352 -0.727691 7.6
      vertex -3.3287 -1.08156 9.1
      vertex -3.3287 -1.08156 7.6
    endloop
  endfacet
  facet normal 0.707107 0.707107 0
    outer loop
      vertex -2.34196 -2.60101 9.1
      vertex -2.60101 -2.34196 7.6
      vertex -2.60101 -2.34196 9.1
    endloop
  endfacet
  facet normal 0.707107 0.707107 0
    outer loop
      vertex -2.60101 -2.34196 7.6
      vertex -2.34196 -2.60101 9.1
      vertex -2.34196 -2.60101 7.6
    endloop
  endfacet
  facet normal -0.453992 -0.891006 0
    outer loop
      vertex 1.42358 3.19741 7.6
      vertex 1.75 3.03109 9.1
      vertex 1.42358 3.19741 9.1
    endloop
  endfacet
  facet normal -0.453992 -0.891006 -0
    outer loop
      vertex 1.75 3.03109 9.1
      vertex 1.42358 3.19741 7.6
      vertex 1.75 3.03109 7.6
    endloop
  endfacet
  facet normal -0.987688 -0.156434 0
    outer loop
      vertex 3.48083 0.365849 7.6
      vertex 3.42352 0.727691 9.1
      vertex 3.42352 0.727691 7.6
    endloop
  endfacet
  facet normal -0.987688 -0.156434 0
    outer loop
      vertex 3.42352 0.727691 9.1
      vertex 3.48083 0.365849 7.6
      vertex 3.48083 0.365849 9.1
    endloop
  endfacet
  facet normal -0.544638 -0.838671 0
    outer loop
      vertex 1.75 3.03109 7.6
      vertex 2.05725 2.83156 9.1
      vertex 1.75 3.03109 9.1
    endloop
  endfacet
  facet normal -0.544638 -0.838671 -0
    outer loop
      vertex 2.05725 2.83156 9.1
      vertex 1.75 3.03109 7.6
      vertex 2.05725 2.83156 7.6
    endloop
  endfacet
  facet normal -0.258822 -0.965925 0
    outer loop
      vertex 0.727691 3.42352 7.6
      vertex 1.08156 3.3287 9.1
      vertex 0.727691 3.42352 9.1
    endloop
  endfacet
  facet normal -0.258822 -0.965925 -0
    outer loop
      vertex 1.08156 3.3287 9.1
      vertex 0.727691 3.42352 7.6
      vertex 1.08156 3.3287 7.6
    endloop
  endfacet
  facet normal 0.35837 0.93358 -0
    outer loop
      vertex -1.08156 -3.3287 7.6
      vertex -1.42358 -3.19741 9.1
      vertex -1.08156 -3.3287 9.1
    endloop
  endfacet
  facet normal 0.35837 0.93358 0
    outer loop
      vertex -1.42358 -3.19741 9.1
      vertex -1.08156 -3.3287 7.6
      vertex -1.42358 -3.19741 7.6
    endloop
  endfacet
  facet normal -0.99863 -0.0523269 0
    outer loop
      vertex 3.5 0 7.6
      vertex 3.48083 0.365849 9.1
      vertex 3.48083 0.365849 7.6
    endloop
  endfacet
  facet normal -0.99863 -0.0523269 0
    outer loop
      vertex 3.48083 0.365849 9.1
      vertex 3.5 0 7.6
      vertex 3.5 0 9.1
    endloop
  endfacet
  facet normal -0.544638 0.838671 0
    outer loop
      vertex 2.05725 -2.83156 7.6
      vertex 1.75 -3.03109 9.1
      vertex 2.05725 -2.83156 9.1
    endloop
  endfacet
  facet normal -0.544638 0.838671 0
    outer loop
      vertex 1.75 -3.03109 9.1
      vertex 2.05725 -2.83156 7.6
      vertex 1.75 -3.03109 7.6
    endloop
  endfacet
  facet normal 0.258822 0.965925 -0
    outer loop
      vertex -0.727691 -3.42352 7.6
      vertex -1.08156 -3.3287 9.1
      vertex -0.727691 -3.42352 9.1
    endloop
  endfacet
  facet normal 0.258822 0.965925 0
    outer loop
      vertex -1.08156 -3.3287 9.1
      vertex -0.727691 -3.42352 7.6
      vertex -1.08156 -3.3287 7.6
    endloop
  endfacet
  facet normal 0.777151 -0.629314 0
    outer loop
      vertex -2.83156 2.05725 9.1
      vertex -2.60101 2.34196 7.6
      vertex -2.60101 2.34196 9.1
    endloop
  endfacet
  facet normal 0.777151 -0.629314 0
    outer loop
      vertex -2.60101 2.34196 7.6
      vertex -2.83156 2.05725 9.1
      vertex -2.83156 2.05725 7.6
    endloop
  endfacet
  facet normal 0.707107 -0.707107 0
    outer loop
      vertex -2.60101 2.34196 9.1
      vertex -2.34196 2.60101 7.6
      vertex -2.34196 2.60101 9.1
    endloop
  endfacet
  facet normal 0.707107 -0.707107 0
    outer loop
      vertex -2.34196 2.60101 7.6
      vertex -2.60101 2.34196 9.1
      vertex -2.60101 2.34196 7.6
    endloop
  endfacet
  facet normal 0.453992 -0.891006 0
    outer loop
      vertex -1.75 3.03109 7.6
      vertex -1.42358 3.19741 9.1
      vertex -1.75 3.03109 9.1
    endloop
  endfacet
  facet normal 0.453992 -0.891006 0
    outer loop
      vertex -1.42358 3.19741 9.1
      vertex -1.75 3.03109 7.6
      vertex -1.42358 3.19741 7.6
    endloop
  endfacet
  facet normal -0.777151 0.629314 0
    outer loop
      vertex 2.60101 -2.34196 7.6
      vertex 2.83156 -2.05725 9.1
      vertex 2.83156 -2.05725 7.6
    endloop
  endfacet
  facet normal -0.777151 0.629314 0
    outer loop
      vertex 2.83156 -2.05725 9.1
      vertex 2.60101 -2.34196 7.6
      vertex 2.60101 -2.34196 9.1
    endloop
  endfacet
  facet normal 0.258822 -0.965925 0
    outer loop
      vertex -1.08156 3.3287 7.6
      vertex -0.727691 3.42352 9.1
      vertex -1.08156 3.3287 9.1
    endloop
  endfacet
  facet normal 0.258822 -0.965925 0
    outer loop
      vertex -0.727691 3.42352 9.1
      vertex -1.08156 3.3287 7.6
      vertex -0.727691 3.42352 7.6
    endloop
  endfacet
  facet normal -0.965925 0.258822 0
    outer loop
      vertex 3.3287 -1.08156 7.6
      vertex 3.42352 -0.727691 9.1
      vertex 3.42352 -0.727691 7.6
    endloop
  endfacet
  facet normal -0.965925 0.258822 0
    outer loop
      vertex 3.42352 -0.727691 9.1
      vertex 3.3287 -1.08156 7.6
      vertex 3.3287 -1.08156 9.1
    endloop
  endfacet
  facet normal -0.965925 -0.258822 0
    outer loop
      vertex 3.42352 0.727691 7.6
      vertex 3.3287 1.08156 9.1
      vertex 3.3287 1.08156 7.6
    endloop
  endfacet
  facet normal -0.965925 -0.258822 0
    outer loop
      vertex 3.3287 1.08156 9.1
      vertex 3.42352 0.727691 7.6
      vertex 3.42352 0.727691 9.1
    endloop
  endfacet
  facet normal -0.35837 -0.93358 0
    outer loop
      vertex 1.08156 3.3287 7.6
      vertex 1.42358 3.19741 9.1
      vertex 1.08156 3.3287 9.1
    endloop
  endfacet
  facet normal -0.35837 -0.93358 -0
    outer loop
      vertex 1.42358 3.19741 9.1
      vertex 1.08156 3.3287 7.6
      vertex 1.42358 3.19741 7.6
    endloop
  endfacet
  facet normal 0.891006 0.453992 0
    outer loop
      vertex -3.03109 -1.75 9.1
      vertex -3.19741 -1.42358 7.6
      vertex -3.19741 -1.42358 9.1
    endloop
  endfacet
  facet normal 0.891006 0.453992 0
    outer loop
      vertex -3.19741 -1.42358 7.6
      vertex -3.03109 -1.75 9.1
      vertex -3.03109 -1.75 7.6
    endloop
  endfacet
  facet normal 0.0523269 0.99863 -0
    outer loop
      vertex 0 -3.5 7.6
      vertex -0.365849 -3.48083 9.1
      vertex 0 -3.5 9.1
    endloop
  endfacet
  facet normal 0.0523269 0.99863 0
    outer loop
      vertex -0.365849 -3.48083 9.1
      vertex 0 -3.5 7.6
      vertex -0.365849 -3.48083 7.6
    endloop
  endfacet
  facet normal 0.453992 0.891006 -0
    outer loop
      vertex -1.42358 -3.19741 7.6
      vertex -1.75 -3.03109 9.1
      vertex -1.42358 -3.19741 9.1
    endloop
  endfacet
  facet normal 0.453992 0.891006 0
    outer loop
      vertex -1.75 -3.03109 9.1
      vertex -1.42358 -3.19741 7.6
      vertex -1.75 -3.03109 7.6
    endloop
  endfacet
  facet normal 0.35837 -0.93358 0
    outer loop
      vertex -1.42358 3.19741 7.6
      vertex -1.08156 3.3287 9.1
      vertex -1.42358 3.19741 9.1
    endloop
  endfacet
  facet normal 0.35837 -0.93358 0
    outer loop
      vertex -1.08156 3.3287 9.1
      vertex -1.42358 3.19741 7.6
      vertex -1.08156 3.3287 7.6
    endloop
  endfacet
  facet normal 0.156434 0.987688 -0
    outer loop
      vertex -0.365849 -3.48083 7.6
      vertex -0.727691 -3.42352 9.1
      vertex -0.365849 -3.48083 9.1
    endloop
  endfacet
  facet normal 0.156434 0.987688 0
    outer loop
      vertex -0.727691 -3.42352 9.1
      vertex -0.365849 -3.48083 7.6
      vertex -0.727691 -3.42352 7.6
    endloop
  endfacet
  facet normal 0.93358 -0.35837 0
    outer loop
      vertex -3.3287 1.08156 9.1
      vertex -3.19741 1.42358 7.6
      vertex -3.19741 1.42358 9.1
    endloop
  endfacet
  facet normal 0.93358 -0.35837 0
    outer loop
      vertex -3.19741 1.42358 7.6
      vertex -3.3287 1.08156 9.1
      vertex -3.3287 1.08156 7.6
    endloop
  endfacet
  facet normal 0.987688 -0.156434 0
    outer loop
      vertex -3.48083 0.365849 9.1
      vertex -3.42352 0.727691 7.6
      vertex -3.42352 0.727691 9.1
    endloop
  endfacet
  facet normal 0.987688 -0.156434 0
    outer loop
      vertex -3.42352 0.727691 7.6
      vertex -3.48083 0.365849 9.1
      vertex -3.48083 0.365849 7.6
    endloop
  endfacet
  facet normal -0.156434 -0.987688 0
    outer loop
      vertex 0.365849 3.48083 7.6
      vertex 0.727691 3.42352 9.1
      vertex 0.365849 3.48083 9.1
    endloop
  endfacet
  facet normal -0.156434 -0.987688 -0
    outer loop
      vertex 0.727691 3.42352 9.1
      vertex 0.365849 3.48083 7.6
      vertex 0.727691 3.42352 7.6
    endloop
  endfacet
  facet normal 0.544638 -0.838671 0
    outer loop
      vertex -2.05725 2.83156 7.6
      vertex -1.75 3.03109 9.1
      vertex -2.05725 2.83156 9.1
    endloop
  endfacet
  facet normal 0.544638 -0.838671 0
    outer loop
      vertex -1.75 3.03109 9.1
      vertex -2.05725 2.83156 7.6
      vertex -1.75 3.03109 7.6
    endloop
  endfacet
  facet normal -0.99863 0.0523269 0
    outer loop
      vertex 3.48083 -0.365849 7.6
      vertex 3.5 0 9.1
      vertex 3.5 0 7.6
    endloop
  endfacet
  facet normal -0.99863 0.0523269 0
    outer loop
      vertex 3.5 0 9.1
      vertex 3.48083 -0.365849 7.6
      vertex 3.48083 -0.365849 9.1
    endloop
  endfacet
  facet normal -0.156434 0.987688 0
    outer loop
      vertex 0.727691 -3.42352 7.6
      vertex 0.365849 -3.48083 9.1
      vertex 0.727691 -3.42352 9.1
    endloop
  endfacet
  facet normal -0.156434 0.987688 0
    outer loop
      vertex 0.365849 -3.48083 9.1
      vertex 0.727691 -3.42352 7.6
      vertex 0.365849 -3.48083 7.6
    endloop
  endfacet
  facet normal -0.93358 0.35837 0
    outer loop
      vertex 3.19741 -1.42358 7.6
      vertex 3.3287 -1.08156 9.1
      vertex 3.3287 -1.08156 7.6
    endloop
  endfacet
  facet normal -0.93358 0.35837 0
    outer loop
      vertex 3.3287 -1.08156 9.1
      vertex 3.19741 -1.42358 7.6
      vertex 3.19741 -1.42358 9.1
    endloop
  endfacet
  facet normal -0.891006 -0.453992 0
    outer loop
      vertex 3.19741 1.42358 7.6
      vertex 3.03109 1.75 9.1
      vertex 3.03109 1.75 7.6
    endloop
  endfacet
  facet normal -0.891006 -0.453992 0
    outer loop
      vertex 3.03109 1.75 9.1
      vertex 3.19741 1.42358 7.6
      vertex 3.19741 1.42358 9.1
    endloop
  endfacet
  facet normal -0.777151 -0.629314 0
    outer loop
      vertex 2.83156 2.05725 7.6
      vertex 2.60101 2.34196 9.1
      vertex 2.60101 2.34196 7.6
    endloop
  endfacet
  facet normal -0.777151 -0.629314 0
    outer loop
      vertex 2.60101 2.34196 9.1
      vertex 2.83156 2.05725 7.6
      vertex 2.83156 2.05725 9.1
    endloop
  endfacet
  facet normal 0.93358 0.35837 0
    outer loop
      vertex -3.19741 -1.42358 9.1
      vertex -3.3287 -1.08156 7.6
      vertex -3.3287 -1.08156 9.1
    endloop
  endfacet
  facet normal 0.93358 0.35837 0
    outer loop
      vertex -3.3287 -1.08156 7.6
      vertex -3.19741 -1.42358 9.1
      vertex -3.19741 -1.42358 7.6
    endloop
  endfacet
  facet normal 0.99863 -0.0523269 0
    outer loop
      vertex -3.5 0 9.1
      vertex -3.48083 0.365849 7.6
      vertex -3.48083 0.365849 9.1
    endloop
  endfacet
  facet normal 0.99863 -0.0523269 0
    outer loop
      vertex -3.48083 0.365849 7.6
      vertex -3.5 0 9.1
      vertex -3.5 0 7.6
    endloop
  endfacet
  facet normal 0.99863 0.0523269 0
    outer loop
      vertex -3.48083 -0.365849 9.1
      vertex -3.5 0 7.6
      vertex -3.5 0 9.1
    endloop
  endfacet
  facet normal 0.99863 0.0523269 0
    outer loop
      vertex -3.5 0 7.6
      vertex -3.48083 -0.365849 9.1
      vertex -3.48083 -0.365849 7.6
    endloop
  endfacet
  facet normal -0.629314 -0.777151 0
    outer loop
      vertex 2.05725 2.83156 7.6
      vertex 2.34196 2.60101 9.1
      vertex 2.05725 2.83156 9.1
    endloop
  endfacet
  facet normal -0.629314 -0.777151 -0
    outer loop
      vertex 2.34196 2.60101 9.1
      vertex 2.05725 2.83156 7.6
      vertex 2.34196 2.60101 7.6
    endloop
  endfacet
  facet normal 0.629314 -0.777151 0
    outer loop
      vertex -2.34196 2.60101 7.6
      vertex -2.05725 2.83156 9.1
      vertex -2.34196 2.60101 9.1
    endloop
  endfacet
  facet normal 0.629314 -0.777151 0
    outer loop
      vertex -2.05725 2.83156 9.1
      vertex -2.34196 2.60101 7.6
      vertex -2.05725 2.83156 7.6
    endloop
  endfacet
  facet normal 0.777151 0.629314 0
    outer loop
      vertex -2.60101 -2.34196 9.1
      vertex -2.83156 -2.05725 7.6
      vertex -2.83156 -2.05725 9.1
    endloop
  endfacet
  facet normal 0.777151 0.629314 0
    outer loop
      vertex -2.83156 -2.05725 7.6
      vertex -2.60101 -2.34196 9.1
      vertex -2.60101 -2.34196 7.6
    endloop
  endfacet
  facet normal 0.838671 0.544638 0
    outer loop
      vertex -2.83156 -2.05725 9.1
      vertex -3.03109 -1.75 7.6
      vertex -3.03109 -1.75 9.1
    endloop
  endfacet
  facet normal 0.838671 0.544638 0
    outer loop
      vertex -3.03109 -1.75 7.6
      vertex -2.83156 -2.05725 9.1
      vertex -2.83156 -2.05725 7.6
    endloop
  endfacet
  facet normal 0.987688 0.156434 0
    outer loop
      vertex -3.42352 -0.727691 9.1
      vertex -3.48083 -0.365849 7.6
      vertex -3.48083 -0.365849 9.1
    endloop
  endfacet
  facet normal 0.987688 0.156434 0
    outer loop
      vertex -3.48083 -0.365849 7.6
      vertex -3.42352 -0.727691 9.1
      vertex -3.42352 -0.727691 7.6
    endloop
  endfacet
  facet normal -0.838671 0.544638 0
    outer loop
      vertex 2.83156 -2.05725 7.6
      vertex 3.03109 -1.75 9.1
      vertex 3.03109 -1.75 7.6
    endloop
  endfacet
  facet normal -0.838671 0.544638 0
    outer loop
      vertex 3.03109 -1.75 9.1
      vertex 2.83156 -2.05725 7.6
      vertex 2.83156 -2.05725 9.1
    endloop
  endfacet
  facet normal -0.35837 0.93358 0
    outer loop
      vertex 1.42358 -3.19741 7.6
      vertex 1.08156 -3.3287 9.1
      vertex 1.42358 -3.19741 9.1
    endloop
  endfacet
  facet normal -0.35837 0.93358 0
    outer loop
      vertex 1.08156 -3.3287 9.1
      vertex 1.42358 -3.19741 7.6
      vertex 1.08156 -3.3287 7.6
    endloop
  endfacet
  facet normal 0.891006 -0.453992 0
    outer loop
      vertex -3.19741 1.42358 9.1
      vertex -3.03109 1.75 7.6
      vertex -3.03109 1.75 9.1
    endloop
  endfacet
  facet normal 0.891006 -0.453992 0
    outer loop
      vertex -3.03109 1.75 7.6
      vertex -3.19741 1.42358 9.1
      vertex -3.19741 1.42358 7.6
    endloop
  endfacet
  facet normal 0.629314 0.777151 -0
    outer loop
      vertex -2.05725 -2.83156 7.6
      vertex -2.34196 -2.60101 9.1
      vertex -2.05725 -2.83156 9.1
    endloop
  endfacet
  facet normal 0.629314 0.777151 0
    outer loop
      vertex -2.34196 -2.60101 9.1
      vertex -2.05725 -2.83156 7.6
      vertex -2.34196 -2.60101 7.6
    endloop
  endfacet
  facet normal -0.891006 0.453992 0
    outer loop
      vertex 3.03109 -1.75 7.6
      vertex 3.19741 -1.42358 9.1
      vertex 3.19741 -1.42358 7.6
    endloop
  endfacet
  facet normal -0.891006 0.453992 0
    outer loop
      vertex 3.19741 -1.42358 9.1
      vertex 3.03109 -1.75 7.6
      vertex 3.03109 -1.75 9.1
    endloop
  endfacet
  facet normal -0.707107 0.707107 0
    outer loop
      vertex 2.34196 -2.60101 7.6
      vertex 2.60101 -2.34196 9.1
      vertex 2.60101 -2.34196 7.6
    endloop
  endfacet
  facet normal -0.707107 0.707107 0
    outer loop
      vertex 2.60101 -2.34196 9.1
      vertex 2.34196 -2.60101 7.6
      vertex 2.34196 -2.60101 9.1
    endloop
  endfacet
  facet normal -0.629314 0.777151 0
    outer loop
      vertex 2.34196 -2.60101 7.6
      vertex 2.05725 -2.83156 9.1
      vertex 2.34196 -2.60101 9.1
    endloop
  endfacet
  facet normal -0.629314 0.777151 0
    outer loop
      vertex 2.05725 -2.83156 9.1
      vertex 2.34196 -2.60101 7.6
      vertex 2.05725 -2.83156 7.6
    endloop
  endfacet
endsolid OpenSCAD_Model
